1915  1  1    16.28290589
1915  1  2    14.21201201
1915  1  3    11.25932291
1915  1  4    10.50525628
1915  1  5     7.83447304
1915  1  6     6.52842064
1915  1  7     5.55504826
1915  1  8     5.25777541
1915  1  9     4.34663151
1915  1 10     3.73510658
1915  1 11     3.30131519
1915  1 12     2.93552642
1915  1 13     3.90012066
1915  1 14     3.74840646
1915  1 15     2.33819774
1915  1 16     1.97373937
1915  1 17     1.80964011
1915  1 18     1.65027975
1915  1 19     1.48673691
1915  1 20     1.36581824
1915  1 21     1.26845238
1915  1 22     1.17882058
1915  1 23     1.09650521
1915  1 24     1.32385972
1915  1 25     1.08177872
1915  1 26     0.93771162
1915  1 27     1.00718464
1915  1 28     1.07247450
1915  1 29     1.28632799
1915  1 30     1.81605631
1915  1 31     1.03572498
1915  2  1     0.83537569
1915  2  2     2.21068504
1915  2  3     2.08477653
1915  2  4     0.90124566
1915  2  5     0.65149075
1915  2  6     0.57137092
1915  2  7     0.54190845
1915  2  8     0.52226934
1915  2  9     1.74243035
1915  2 10     0.99860008
1915  2 11     2.87780756
1915  2 12     1.17441513
1915  2 13     0.79576042
1915  2 14     0.70644664
1915  2 15     0.65370925
1915  2 16     3.12377865
1915  2 17     1.78867076
1915  2 18     1.10486433
1915  2 19     1.29217587
1915  2 20     3.77272899
1915  2 21     1.84940866
1915  2 22     1.29389120
1915  2 23     1.17013542
1915  2 24     1.22878159
1915  2 25     1.31162925
1915  2 26     1.14960532
1915  2 27     1.03557529
1915  2 28     1.14950748
1915  3  1     1.98945265
1915  3  2     1.16792772
1915  3  3     1.00064045
1915  3  4     0.99475076
1915  3  5     0.99060508
1915  3  6     1.02901556
1915  3  7     1.02739098
1915  3  8     0.97727494
1915  3  9     0.97842084
1915  3 10     0.95818364
1915  3 11     0.91570187
1915  3 12     0.85838729
1915  3 13     0.81591079
1915  3 14     0.79248201
1915  3 15     0.77140907
1915  3 16     0.75141572
1915  3 17     0.73166859
1915  3 18     0.71129301
1915  3 19     0.68733204
1915  3 20     0.65338459
1915  3 21     0.63020667
1915  3 22     0.60944643
1915  3 23     0.59020713
1915  3 24     0.57057150
1915  3 25     0.55246735
1915  3 26     0.53674291
1915  3 27     3.78575710
1915  3 28     1.46564619
1915  3 29     0.95534540
1915  3 30     0.86587715
1915  3 31     0.80548057
1915  4  1     0.76857192
1915  4  2     0.73576914
1915  4  3     0.70617578
1915  4  4     0.75093010
1915  4  5     2.00510679
1915  4  6     1.05543989
1915  4  7     1.07220924
1915  4  8     1.44800413
1915  4  9     0.97507742
1915  4 10     0.89323451
1915  4 11     0.84893551
1915  4 12     0.80687026
1915  4 13     2.86058964
1915  4 14     2.21874587
1915  4 15     1.29593120
1915  4 16     1.14890233
1915  4 17     1.07833342
1915  4 18     1.01593979
1915  4 19     0.96352072
1915  4 20     0.91887595
1915  4 21     2.84407832
1915  4 22     4.04168858
1915  4 23     2.14261217
1915  4 24     1.63476420
1915  4 25     1.44217356
1915  4 26     1.49385624
1915  4 27     1.32918923
1915  4 28     1.89315527
1915  4 29     8.11677927
1915  4 30     6.73951622
1915  5  1    15.49520732
1915  5  2     8.65522786
1915  5  3     4.98237320
1915  5  4     8.65968925
1915  5  5     7.44306575
1915  5  6     4.87272112
1915  5  7     4.02130815
1915  5  8     3.83013770
1915  5  9     3.44189192
1915  5 10     3.24503114
1915  5 11     3.06447647
1915  5 12     3.16140158
1915  5 13     3.19779052
1915  5 14     2.78099901
1915  5 15     2.65767288
1915  5 16     2.54277109
1915  5 17    14.92874609
1915  5 18    17.72133941
1915  5 19    15.06027615
1915  5 20     7.71289841
1915  5 21     5.59442182
1915  5 22     4.93559560
1915  5 23     4.51505959
1915  5 24     4.19332678
1915  5 25     3.93643126
1915  5 26     3.72312013
1915  5 27     3.54308980
1915  5 28     3.38385074
1915  5 29     3.24426999
1915  5 30     3.11598371
1915  5 31     2.99788590
1915  6  1     2.88669327
1915  6  2     2.78509346
1915  6  3     2.68996006
1915  6  4     2.59797619
1915  6  5     2.50992113
1915  6  6     2.42560899
1915  6  7     2.34392837
1915  6  8     2.26589449
1915  6  9     2.19545197
1915  6 10     2.12796519
1915  6 11     2.06733539
1915  6 12     2.00311259
1915  6 13     1.93751359
1915  6 14     1.87523449
1915  6 15     1.81593208
1915  6 16     1.76346852
1915  6 17     1.70795393
1915  6 18     1.65890760
1915  6 19     1.60968449
1915  6 20     1.55947122
1915  6 21     1.51171026
1915  6 22     1.46592241
1915  6 23     1.42399280
1915  6 24     1.38254161
1915  6 25     1.34170654
1915  6 26     1.30065440
1915  6 27     1.25959554
1915  6 28     1.21897836
1915  6 29     1.17877747
1915  6 30     1.14254652
1915  7  1     1.10944626
1915  7  2     1.07749317
1915  7  3     1.04521767
1915  7  4     1.01562640
1915  7  5     0.98788781
1915  7  6     0.96059616
1915  7  7     0.93142626
1915  7  8     0.90288259
1915  7  9     0.87473795
1915  7 10     0.84741683
1915  7 11     0.81979414
1915  7 12     0.79505227
1915  7 13     0.77188312
1915  7 14     0.74889128
1915  7 15     0.72702200
1915  7 16     0.70387928
1915  7 17     0.68242996
1915  7 18     0.66112542
1915  7 19     0.64105407
1915  7 20     0.62148156
1915  7 21     0.60267195
1915  7 22     0.58477393
1915  7 23     0.56749333
1915  7 24     0.55074641
1915  7 25     0.53449230
1915  7 26     0.51873874
1915  7 27     0.50352687
1915  7 28     0.48892672
1915  7 29     0.47450677
1915  7 30     0.46050916
1915  7 31     0.44675015
1915  8  1     0.43348353
1915  8  2     0.42070006
1915  8  3     0.40828946
1915  8  4     0.39625557
1915  8  5     0.38457329
1915  8  6     0.37323934
1915  8  7     0.36223328
1915  8  8     0.35155259
1915  8  9     0.34118932
1915  8 10     0.33113190
1915  8 11     0.32137096
1915  8 12     0.31189774
1915  8 13     0.30270377
1915  8 14     0.29378082
1915  8 15     0.28512089
1915  8 16     0.27671623
1915  8 17     0.26855933
1915  8 18     0.26064287
1915  8 19     0.25295976
1915  8 20     0.24550314
1915  8 21     0.23826632
1915  8 22     0.23124282
1915  8 23     0.22442635
1915  8 24     0.21781082
1915  8 25     0.21139030
1915  8 26     0.20515904
1915  8 27     0.19911146
1915  8 28     0.19324215
1915  8 29     0.18754585
1915  8 30     0.18217681
1915  8 31     0.17667965
1915  9  1     0.17144478
1915  9  2     0.16639102
1915  9  3     0.16148622
1915  9  4     0.15672601
1915  9  5     0.15210612
1915  9  6     0.14762241
1915  9  7     0.14327087
1915  9  8     0.13904760
1915  9  9     0.13494882
1915  9 10     0.48193577
1915  9 11     0.16989210
1915  9 12     0.12337191
1915  9 13     0.11972683
1915  9 14     0.11619758
1915  9 15     0.11277237
1915  9 16     0.10944812
1915  9 17     0.10622186
1915  9 18     0.10309070
1915  9 19     0.10005185
1915  9 20     0.09710257
1915  9 21     0.09424022
1915  9 22     0.09146226
1915  9 23     0.08876618
1915  9 24     0.08625585
1915  9 25     0.08362854
1915  9 26     0.08114548
1915  9 27     0.07875351
1915  9 28     0.07643205
1915  9 29     0.07417903
1915  9 30     0.07199241
1915 10  1     0.06987026
1915 10  2     0.06781065
1915 10  3     0.06581176
1915 10  4     0.06387180
1915 10  5     0.06198902
1915 10  6     0.06016173
1915 10  7     0.05838832
1915 10  8     0.05666717
1915 10  9     0.05499677
1915 10 10     0.05337560
1915 10 11     0.05180222
1915 10 12     0.05027522
1915 10 13     0.04879323
1915 10 14     0.04735493
1915 10 15     0.04595902
1915 10 16     0.04460426
1915 10 17     0.04328944
1915 10 18     0.04201337
1915 10 19     0.04077492
1915 10 20     0.03957298
1915 10 21     0.03840647
1915 10 22     0.03727434
1915 10 23     0.03617559
1915 10 24     0.03510922
1915 10 25     0.03407429
1915 10 26     0.03306986
1915 10 27     0.03209504
1915 10 28     0.03114896
1915 10 29     0.03023077
1915 10 30     0.02933964
1915 10 31     0.02847478
1915 11  1     0.02763542
1915 11  2     0.02682079
1915 11  3     0.02603018
1915 11  4     0.02526288
1915 11  5     0.02451819
1915 11  6     0.02463170
1915 11  7     0.02319929
1915 11  8     0.02241327
1915 11  9     0.48453713
1915 11 10     0.36994795
1915 11 11     0.06853055
1915 11 12     0.03130032
1915 11 13     0.01978399
1915 11 14     0.01873128
1915 11 15     0.01817793
1915 11 16     0.01764209
1915 11 17     0.01712204
1915 11 18     0.01661733
1915 11 19     0.01612749
1915 11 20     0.01565209
1915 11 21     0.01519071
1915 11 22     0.01474292
1915 11 23     0.01430834
1915 11 24     0.10967019
1915 11 25     0.02546514
1915 11 26     0.01308432
1915 11 27     0.01269438
1915 11 28     0.01232019
1915 11 29     0.01195702
1915 11 30     0.01160455
1915 12  1     0.01128279
1915 12  2     0.01143408
1915 12  3     0.27348299
1915 12  4     2.14135778
1915 12  5     0.40104623
1915 12  6     0.08699985
1915 12  7     0.03150480
1915 12  8     0.00997957
1915 12  9     0.00886535
1915 12 10     0.00860368
1915 12 11     0.00835007
1915 12 12     0.00810393
1915 12 13     0.00961583
1915 12 14     2.98228684
1915 12 15     0.79804842
1915 12 16     0.15677401
1915 12 17     0.09245429
1915 12 18     0.08595963
1915 12 19     0.07808534
1915 12 20     0.07378349
1915 12 21     0.07004689
1915 12 22     0.06649999
1915 12 23     0.06344264
1915 12 24     0.06059951
1915 12 25     0.05808255
1915 12 26     0.06068513
1915 12 27     0.05449873
1915 12 28     0.49335250
1915 12 29     0.13688041
1915 12 30     0.07286996
1915 12 31     0.06743431
1916  1  1     0.23628079
1916  1  2     3.99622131
1916  1  3     1.05927714
1916  1  4     6.02579275
1916  1  5     3.07519414
1916  1  6     2.16966050
1916  1  7     1.42147791
1916  1  8     9.82367290
1916  1  9    29.06562266
1916  1 10    13.97348457
1916  1 11     6.79301240
1916  1 12     4.76977431
1916  1 13     4.07976820
1916  1 14     4.02157120
1916  1 15     5.48697282
1916  1 16     3.87453235
1916  1 17    34.74370009
1916  1 18    24.02907044
1916  1 19    13.14372561
1916  1 20     8.49976407
1916  1 21     6.38065671
1916  1 22     5.58666697
1916  1 23     6.26975189
1916  1 24     8.78038217
1916  1 25    32.72904021
1916  1 26    39.56928858
1916  1 27    22.79922194
1916  1 28    23.39931918
1916  1 29    14.72376254
1916  1 30     9.93631515
1916  1 31     8.67702854
1916  2  1     7.56235608
1916  2  2     7.03860559
1916  2  3     6.63522845
1916  2  4     6.56641069
1916  2  5    24.44628656
1916  2  6    12.99386152
1916  2  7     8.16315250
1916  2  8     7.10594934
1916  2  9     6.65143008
1916  2 10     6.30875978
1916  2 11     6.02003408
1916  2 12     5.85443678
1916  2 13     5.68514184
1916  2 14     5.49547587
1916  2 15     5.38028989
1916  2 16     5.21445149
1916  2 17     5.09900972
1916  2 18     5.16199309
1916  2 19     5.10282935
1916  2 20     4.94362434
1916  2 21     5.70286101
1916  2 22     4.81460719
1916  2 23     4.42053245
1916  2 24     4.28163384
1916  2 25     4.22064687
1916  2 26     5.78412607
1916  2 27     9.53101557
1916  2 28    12.95242203
1916  2 29    15.20533096
1916  3  1    11.76356815
1916  3  2     9.26681219
1916  3  3     6.42495119
1916  3  4     7.47441494
1916  3  5    13.83646276
1916  3  6     8.53392976
1916  3  7     6.16158745
1916  3  8     5.68237470
1916  3  9     5.55010930
1916  3 10     5.41710319
1916  3 11     5.27442866
1916  3 12     5.09887593
1916  3 13     4.86733148
1916  3 14     4.67375223
1916  3 15     4.72270592
1916  3 16     4.69997068
1916  3 17     4.63278848
1916  3 18     5.50326694
1916  3 19     5.48140689
1916  3 20    12.23190111
1916  3 21     7.12211729
1916  3 22     6.45178701
1916  3 23    10.69774936
1916  3 24     6.44311555
1916  3 25     4.96112064
1916  3 26     4.64495735
1916  3 27     4.50097380
1916  3 28     4.25522269
1916  3 29     4.05864307
1916  3 30     3.89040602
1916  3 31     3.84875277
1916  4  1     3.73038296
1916  4  2     3.57672864
1916  4  3     3.42155303
1916  4  4     3.41682002
1916  4  5     3.29275345
1916  4  6     3.29495248
1916  4  7     3.22505683
1916  4  8     3.06877180
1916  4  9     3.02366798
1916  4 10     3.98866473
1916  4 11     5.64125312
1916  4 12     4.09243820
1916  4 13     3.41178761
1916  4 14     3.28889158
1916  4 15     3.28353997
1916  4 16     3.23781699
1916  4 17     3.06008944
1916  4 18     2.92894499
1916  4 19     2.69110759
1916  4 20     2.70302029
1916  4 21     2.60948260
1916  4 22     2.51516800
1916  4 23     2.50054860
1916  4 24     2.49746151
1916  4 25     2.41715830
1916  4 26     2.46004972
1916  4 27     2.43356901
1916  4 28     2.32567913
1916  4 29     2.25551805
1916  4 30     2.19022743
1916  5  1     2.20256875
1916  5  2     2.15022142
1916  5  3     2.11774340
1916  5  4     2.09931220
1916  5  5     2.05802457
1916  5  6     1.95316698
1916  5  7     1.87690183
1916  5  8     1.78483313
1916  5  9     1.65743688
1916  5 10     1.59488142
1916  5 11     1.57006848
1916  5 12     1.53949681
1916  5 13     1.49662032
1916  5 14     1.48123325
1916  5 15     1.47693655
1916  5 16     1.44215043
1916  5 17     1.38852083
1916  5 18     1.36583806
1916  5 19     1.82501343
1916  5 20     1.37483745
1916  5 21     1.28989497
1916  5 22     1.24444576
1916  5 23     1.10333003
1916  5 24     1.25839670
1916  5 25     1.03394204
1916  5 26     1.03077637
1916  5 27     1.08656710
1916  5 28     1.11934781
1916  5 29     1.09187655
1916  5 30     1.05682299
1916  5 31     0.99534293
1916  6  1     0.98514218
1916  6  2     1.03005031
1916  6  3     0.97895528
1916  6  4     0.97560780
1916  6  5     1.02751748
1916  6  6     1.11183255
1916  6  7     1.16392764
1916  6  8     1.18465818
1916  6  9     1.11597473
1916  6 10     0.95070458
1916  6 11     0.86280647
1916  6 12     0.79275972
1916  6 13     0.68913962
1916  6 14     0.62884520
1916  6 15     0.59787183
1916  6 16     0.57311661
1916  6 17     0.55286220
1916  6 18     0.53301512
1916  6 19     0.51388477
1916  6 20     0.49772383
1916  6 21     0.48365803
1916  6 22     0.46403496
1916  6 23     0.44785024
1916  6 24     0.43270898
1916  6 25     0.41978130
1916  6 26     0.40670706
1916  6 27     0.39340800
1916  6 28     0.38192966
1916  6 29     0.36996882
1916  6 30     0.35662285
1916  7  1     0.34546570
1916  7  2     0.33756764
1916  7  3     0.32615467
1916  7  4     0.31353387
1916  7  5     0.30211078
1916  7  6     0.29195588
1916  7  7     0.28343239
1916  7  8     0.27488092
1916  7  9     0.26643452
1916  7 10     0.25771137
1916  7 11     0.25000999
1916  7 12     0.24261701
1916  7 13     0.23544566
1916  7 14     0.22851628
1916  7 15     0.22207871
1916  7 16     0.21560877
1916  7 17     0.20929749
1916  7 18     0.20274908
1916  7 19     0.19669474
1916  7 20     0.19088524
1916  7 21     0.18525266
1916  7 22     0.17978689
1916  7 23     0.17448307
1916  7 24     0.16933622
1916  7 25     0.16434158
1916  7 26     0.15949462
1916  7 27     0.15479089
1916  7 28     0.15022615
1916  7 29     0.14579623
1916  7 30     0.14149712
1916  7 31     0.13732499
1916  8  1     0.13327593
1916  8  2     0.12934641
1916  8  3     0.12553285
1916  8  4     0.12183181
1916  8  5     0.11823996
1916  8  6     0.11475407
1916  8  7     0.11137100
1916  8  8     0.10808772
1916  8  9     0.10490126
1916  8 10     0.10180878
1916  8 11     0.09880750
1916  8 12     0.09589471
1916  8 13     0.09306782
1916  8 14     0.09032427
1916  8 15     0.08766162
1916  8 16     0.08507747
1916  8 17     0.08256952
1916  8 18     0.08013550
1916  8 19     0.07777324
1916  8 20     0.07548062
1916  8 21     0.07325560
1916  8 22     0.07109617
1916  8 23     0.06900039
1916  8 24     0.06696640
1916  8 25     0.06499238
1916  8 26     1.97826728
1916  8 27     0.57506139
1916  8 28     0.09542327
1916  8 29     0.05792997
1916  8 30     0.05596158
1916  8 31     0.05431187
1916  9  1     0.05271089
1916  9  2     0.05115711
1916  9  3     0.04964912
1916  9  4     0.04818559
1916  9  5     0.04676520
1916  9  6     0.04538668
1916  9  7     0.04404879
1916  9  8     0.04275034
1916  9  9     0.04149017
1916  9 10     0.04026714
1916  9 11     0.03908017
1916  9 12     0.03792818
1916  9 13     0.03681015
1916  9 14     0.03572508
1916  9 15     0.03467199
1916  9 16     0.03364995
1916  9 17     0.03265803
1916  9 18     0.03169536
1916  9 19     0.03076105
1916  9 20     0.02985430
1916  9 21     0.17897133
1916  9 22     0.07290702
1916  9 23     0.03850598
1916  9 24     0.02750524
1916  9 25     0.02570604
1916  9 26     0.02494827
1916  9 27     0.02421286
1916  9 28     0.02349912
1916  9 29     0.02280643
1916  9 30     0.70850392
1916 10  1     1.28107291
1916 10  2     2.63951553
1916 10  3     1.23456917
1916 10  4     0.30009702
1916 10  5     0.35793700
1916 10  6     2.45601555
1916 10  7     0.68801119
1916 10  8     0.37222232
1916 10  9     0.32123778
1916 10 10     1.74154345
1916 10 11     0.68820925
1916 10 12     3.99618443
1916 10 13     1.36320914
1916 10 14     0.84352694
1916 10 15     0.73576203
1916 10 16     0.65379850
1916 10 17     0.59354378
1916 10 18     0.54764178
1916 10 19     0.51113858
1916 10 20     0.48103401
1916 10 21     0.45587426
1916 10 22     0.43510024
1916 10 23     0.41628615
1916 10 24     0.39813344
1916 10 25     0.38173513
1916 10 26     0.36684579
1916 10 27     0.35322290
1916 10 28     0.34089088
1916 10 29     0.32929823
1916 10 30     0.31796280
1916 10 31     0.30719776
1916 11  1     0.29680891
1916 11  2     0.28678798
1916 11  3     0.27756498
1916 11  4     1.22607237
1916 11  5     1.28459538
1916 11  6     0.53583974
1916 11  7     0.42409408
1916 11  8     0.37365241
1916 11  9     0.37427959
1916 11 10     0.48566027
1916 11 11     0.33356948
1916 11 12     0.31392653
1916 11 13     0.30065717
1916 11 14     0.28658152
1916 11 15     0.27432899
1916 11 16     0.26347407
1916 11 17     0.25350094
1916 11 18     0.24451478
1916 11 19     0.23676860
1916 11 20     0.22841313
1916 11 21     0.22058083
1916 11 22     0.21356677
1916 11 23     0.20699574
1916 11 24     0.20073341
1916 11 25     0.19417168
1916 11 26     0.18806096
1916 11 27     0.18228408
1916 11 28     0.19046602
1916 11 29     0.17299819
1916 11 30     0.16570665
1916 12  1     0.32240512
1916 12  2     3.55131897
1916 12  3     1.63046804
1916 12  4     1.42738025
1916 12  5     1.21478010
1916 12  6     0.75199521
1916 12  7     0.64360281
1916 12  8     0.57494395
1916 12  9     0.52085611
1916 12 10     0.47987403
1916 12 11     0.44758119
1916 12 12     0.42154186
1916 12 13     0.39973942
1916 12 14     0.38089101
1916 12 15     0.36439884
1916 12 16     0.34960547
1916 12 17     0.33595436
1916 12 18     0.32326140
1916 12 19     0.31173097
1916 12 20     0.30080962
1916 12 21     0.29040069
1916 12 22     0.40851676
1916 12 23     4.55903428
1916 12 24    11.70140174
1916 12 25    11.87355539
1916 12 26     3.91726200
1916 12 27     2.46501805
1916 12 28     2.65984004
1916 12 29     1.86148625
1916 12 30     1.61969434
1916 12 31     2.16967428
1917  1  1     2.96626375
1917  1  2     4.60298488
1917  1  3     9.19545877
1917  1  4     8.83404972
1917  1  5     3.89402020
1917  1  6     2.81267519
1917  1  7     2.49000525
1917  1  8     2.25764732
1917  1  9     2.09996420
1917  1 10     1.97866182
1917  1 11     1.88685579
1917  1 12     1.81218807
1917  1 13     1.72472728
1917  1 14     1.64234931
1917  1 15     1.63160865
1917  1 16     1.49547230
1917  1 17     1.43671307
1917  1 18     1.38550498
1917  1 19     1.42600808
1917  1 20     1.65761313
1917  1 21     1.33719922
1917  1 22     1.26784741
1917  1 23     1.22073864
1917  1 24     1.21106235
1917  1 25     1.19621983
1917  1 26     1.20744724
1917  1 27     1.19655417
1917  1 28     1.13664914
1917  1 29     1.11063626
1917  1 30     1.10701389
1917  1 31     1.02640428
1917  2  1     0.99189510
1917  2  2     1.01537311
1917  2  3     1.03772514
1917  2  4     1.05224457
1917  2  5     1.04822123
1917  2  6     1.04050886
1917  2  7     1.04725471
1917  2  8     1.03549424
1917  2  9     0.99181530
1917  2 10     0.93979649
1917  2 11     0.91176229
1917  2 12     0.88431124
1917  2 13     0.85403525
1917  2 14     0.85694553
1917  2 15     0.83814347
1917  2 16     1.00336282
1917  2 17     1.64201122
1917  2 18     1.56515101
1917  2 19     5.12728491
1917  2 20     9.19192405
1917  2 21    11.12884301
1917  2 22    15.36310672
1917  2 23     7.33190060
1917  2 24     5.25219495
1917  2 25     6.68690278
1917  2 26     4.08428020
1917  2 27     3.35811302
1917  2 28     3.02473124
1917  3  1     2.80161070
1917  3  2     2.63270211
1917  3  3     2.48843085
1917  3  4     2.40860289
1917  3  5     2.31672680
1917  3  6     2.24289552
1917  3  7     2.18450084
1917  3  8     2.70943317
1917  3  9     4.48677287
1917  3 10     3.68241145
1917  3 11     2.69211686
1917  3 12     2.48578514
1917  3 13     3.09741931
1917  3 14     4.77019081
1917  3 15     2.56275855
1917  3 16     2.23612944
1917  3 17     2.20174846
1917  3 18     2.16628034
1917  3 19     2.06328256
1917  3 20     2.05194410
1917  3 21     2.08628516
1917  3 22     1.81819112
1917  3 23     1.75252131
1917  3 24     1.75382022
1917  3 25     1.76483994
1917  3 26     1.80393885
1917  3 27     1.85021918
1917  3 28     1.93401878
1917  3 29     1.90464282
1917  3 30     2.12739229
1917  3 31     1.66553563
1917  4  1     1.55227100
1917  4  2     1.52184375
1917  4  3     1.53176188
1917  4  4     1.65567571
1917  4  5     1.79253317
1917  4  6     1.84291340
1917  4  7     2.02397887
1917  4  8     1.92401647
1917  4  9     3.40230461
1917  4 10     1.89369753
1917  4 11     1.69507783
1917  4 12     1.86512980
1917  4 13     1.68785232
1917  4 14     1.50321478
1917  4 15     1.40638241
1917  4 16     2.22175987
1917  4 17     1.49999092
1917  4 18     1.33203281
1917  4 19     1.37106721
1917  4 20     1.48300145
1917  4 21     1.55454587
1917  4 22     1.53292949
1917  4 23     1.52577039
1917  4 24     1.57962287
1917  4 25     1.63354525
1917  4 26     1.54349516
1917  4 27     1.44902812
1917  4 28     2.24011895
1917  4 29     2.39163311
1917  4 30     1.55923978
1917  5  1     1.40835380
1917  5  2     1.30925960
1917  5  3     1.25273450
1917  5  4     1.25360830
1917  5  5     1.27623544
1917  5  6     1.29534650
1917  5  7     1.25929980
1917  5  8     1.18097650
1917  5  9     1.14477754
1917  5 10     1.11872264
1917  5 11     1.12182020
1917  5 12     1.14163113
1917  5 13     1.10894609
1917  5 14     1.03383798
1917  5 15     0.93536035
1917  5 16     0.89244119
1917  5 17     5.39289800
1917  5 18     6.24424853
1917  5 19     2.39711684
1917  5 20     1.72053252
1917  5 21     1.53532287
1917  5 22     1.43394385
1917  5 23     1.58884624
1917  5 24     1.38232309
1917  5 25     1.19225439
1917  5 26     1.10543065
1917  5 27     1.05740366
1917  5 28     1.18853060
1917  5 29     1.01104554
1917  5 30     0.96679221
1917  5 31     0.92905684
1917  6  1     0.87735238
1917  6  2     0.82945839
1917  6  3     0.79779670
1917  6  4     0.77004362
1917  6  5     0.74325191
1917  6  6     0.71772043
1917  6  7     0.69301482
1917  6  8     0.66872773
1917  6  9     0.64698073
1917  6 10     0.62877039
1917  6 11     0.60911895
1917  6 12     0.58849728
1917  6 13     0.56774071
1917  6 14     0.54872250
1917  6 15     0.53097517
1917  6 16     0.51356653
1917  6 17     0.49726814
1917  6 18     0.48226749
1917  6 19     0.46678133
1917  6 20     0.45220728
1917  6 21     0.43949125
1917  6 22     0.42657839
1917  6 23     0.41379328
1917  6 24     0.40191888
1917  6 25     0.38948744
1917  6 26     0.37806291
1917  6 27     0.36523514
1917  6 28     0.35503769
1917  6 29     0.34467341
1917  6 30     0.33312741
1917  7  1     0.32253414
1917  7  2     0.31252598
1917  7  3     0.30322934
1917  7  4     0.29424978
1917  7  5     0.28554137
1917  7  6     0.27707633
1917  7  7     0.26888098
1917  7  8     0.26093944
1917  7  9     0.25323809
1917  7 10     0.24575980
1917  7 11     0.23850987
1917  7 12     0.23146717
1917  7 13     0.22463688
1917  7 14     0.21800940
1917  7 15     0.40002280
1917  7 16     0.22796489
1917  7 17     0.19928115
1917  7 18     0.19340324
1917  7 19     0.18769954
1917  7 20     0.18216436
1917  7 21     0.17679340
1917  7 22     0.17158304
1917  7 23     0.16652058
1917  7 24     0.16161019
1917  7 25     0.15684678
1917  7 26     0.15222199
1917  7 27     0.14948773
1917  7 28     0.14361044
1917  7 29     0.13915089
1917  7 30     0.13504969
1917  7 31     0.13106728
1917  8  1     1.45722924
1917  8  2     0.29491978
1917  8  3     0.12144689
1917  8  4     0.11749815
1917  8  5     0.11398694
1917  8  6     0.11058900
1917  8  7     0.10729832
1917  8  8     0.10411010
1917  8  9     0.10102004
1917  8 10     0.09802430
1917  8 11     0.09675072
1917  8 12     0.09252108
1917  8 13     0.08957124
1917  8 14     0.08692156
1917  8 15     0.08435148
1917  8 16     0.08185828
1917  8 17     0.07943974
1917  8 18     0.07709332
1917  8 19     0.07481675
1917  8 20     0.07260787
1917  8 21     0.07046459
1917  8 22     0.06838493
1917  8 23     0.06636693
1917  8 24     0.06440873
1917  8 25     0.06250852
1917  8 26     0.06066455
1917  8 27     0.05887514
1917  8 28     0.05713864
1917  8 29     0.05545347
1917  8 30     0.05381811
1917  8 31     0.05223105
1917  9  1     0.05069087
1917  9  2     0.04919617
1917  9  3     0.04774559
1917  9  4     0.04633783
1917  9  5     0.04497161
1917  9  6     0.04364571
1917  9  7     0.04235893
1917  9  8     0.04111011
1917  9  9     0.03989813
1917  9 10     0.03872190
1917  9 11     0.03758036
1917  9 12     0.03647313
1917  9 13     0.03539729
1917  9 14     0.03435369
1917  9 15     0.03334098
1917  9 16     0.03235813
1917  9 17     0.03140425
1917  9 18     0.03047850
1917  9 19     0.02958004
1917  9 20     0.02870807
1917  9 21     0.02786181
1917  9 22     0.02704050
1917  9 23     0.02624340
1917  9 24     0.02547027
1917  9 25     0.02471901
1917  9 26     0.02399026
1917  9 27     0.02328309
1917  9 28     0.02259676
1917  9 29     0.02193066
1917  9 30     0.02128420
1917 10  1     0.02065680
1917 10  2     0.02004789
1917 10  3     0.01945692
1917 10  4     0.01888338
1917 10  5     0.01832675
1917 10  6     0.01778652
1917 10  7     0.01726222
1917 10  8     0.01675337
1917 10  9     0.01625952
1917 10 10     0.01578023
1917 10 11     0.01531507
1917 10 12     0.01486362
1917 10 13     0.01442548
1917 10 14     0.01400025
1917 10 15     0.02235837
1917 10 16     0.01436192
1917 10 17     0.01279834
1917 10 18     0.01242105
1917 10 19     0.01205491
1917 10 20     0.01169956
1917 10 21     0.01135468
1917 10 22     0.01101998
1917 10 23     0.01069513
1917 10 24     0.01037987
1917 10 25     0.01007390
1917 10 26     0.00977694
1917 10 27     0.00948874
1917 10 28     0.00920904
1917 10 29     0.00893758
1917 10 30     0.00867412
1917 10 31     0.00841843
1917 11  1     0.00817027
1917 11  2     0.00792944
1917 11  3     0.00769570
1917 11  4     0.00746885
1917 11  5     0.54301877
1917 11  6     0.80826970
1917 11  7     0.30537894
1917 11  8     0.03958221
1917 11  9     0.00682996
1917 11 10     0.00624147
1917 11 11     0.00605749
1917 11 12     0.00587893
1917 11 13     0.00570563
1917 11 14     0.00553745
1917 11 15     0.00537422
1917 11 16     0.00521580
1917 11 17     0.00506205
1917 11 18     0.00491283
1917 11 19     0.00476801
1917 11 20     0.00462746
1917 11 21     0.00449106
1917 11 22     0.00435867
1917 11 23     0.00423019
1917 11 24     0.00410549
1917 11 25     0.00398448
1917 11 26     0.00386702
1917 11 27     0.00375303
1917 11 28     0.00364240
1917 11 29     0.00353503
1917 11 30     0.00343083
1917 12  1     0.00332970
1917 12  2     0.02434987
1917 12  3     0.00772074
1917 12  4     0.00328193
1917 12  5     0.00295412
1917 12  6     0.00286703
1917 12  7     0.00278252
1917 12  8     0.00270050
1917 12  9     0.00262089
1917 12 10     0.00254364
1917 12 11     0.00246866
1917 12 12     0.00239589
1917 12 13     0.00232526
1917 12 14     0.00225672
1917 12 15     0.00219020
1917 12 16     0.00212564
1917 12 17     0.00206298
1917 12 18     0.00200217
1917 12 19     0.00194315
1917 12 20     0.00188587
1917 12 21     0.00183028
1917 12 22     0.00177632
1917 12 23     0.00172396
1917 12 24     0.00167314
1917 12 25     0.04157181
1917 12 26     0.09097230
1917 12 27     0.01199310
1917 12 28     0.00148471
1917 12 29     0.00144066
1917 12 30     0.00139819
1917 12 31     0.00135698
1918  1  1     0.00131698
1918  1  2     0.00127816
1918  1  3     0.00124048
1918  1  4     0.00120391
1918  1  5     0.00116842
1918  1  6     0.00113398
1918  1  7     0.00110056
1918  1  8     0.00106811
1918  1  9     0.20732125
1918  1 10     0.02620953
1918  1 11     0.00097922
1918  1 12     0.05596069
1918  1 13     0.71440892
1918  1 14     0.26930187
1918  1 15     0.03904656
1918  1 16     0.02007344
1918  1 17     0.00308658
1918  1 18     0.00849959
1918  1 19     0.02461280
1918  1 20     0.00360455
1918  1 21     0.00072399
1918  1 22     0.00070258
1918  1 23     0.00068187
1918  1 24     0.00067162
1918  1 25     0.01133497
1918  1 26     0.06806581
1918  1 27     0.00871834
1918  1 28     0.00058731
1918  1 29     0.00056982
1918  1 30     0.00055302
1918  1 31     0.00053672
1918  2  1     0.00052090
1918  2  2     0.00050554
1918  2  3     0.00049064
1918  2  4     0.00050982
1918  2  5     0.00047741
1918  2  6     0.00050104
1918  2  7     1.93072038
1918  2  8     0.37419823
1918  2  9     0.06212543
1918  2 10     0.02143525
1918  2 11     0.01885224
1918  2 12     0.01769890
1918  2 13     0.29705090
1918  2 14     0.06868584
1918  2 15     0.02529955
1918  2 16     0.02398383
1918  2 17     1.06913251
1918  2 18     3.24713693
1918  2 19     0.66776877
1918  2 20     0.25565825
1918  2 21     0.81085329
1918  2 22     0.54302214
1918  2 23     0.39310051
1918  2 24     1.32222142
1918  2 25     1.07971612
1918  2 26     0.58169815
1918  2 27     0.62764831
1918  2 28     0.42484806
1918  3  1     0.40872514
1918  3  2     0.41544209
1918  3  3     0.42359130
1918  3  4     0.65942779
1918  3  5     0.62491439
1918  3  6     2.09710768
1918  3  7     3.09851555
1918  3  8     4.26819208
1918  3  9     1.54405560
1918  3 10     2.77984155
1918  3 11     2.55097735
1918  3 12    10.87552753
1918  3 13     6.53651874
1918  3 14     2.72304019
1918  3 15     2.06448733
1918  3 16     1.83037020
1918  3 17     1.65940989
1918  3 18     9.18496979
1918  3 19    11.08529723
1918  3 20     6.52567129
1918  3 21     3.44507748
1918  3 22     2.77372881
1918  3 23     2.44924121
1918  3 24     2.22055760
1918  3 25     2.06085008
1918  3 26     3.15182172
1918  3 27    11.02443552
1918  3 28     4.49513845
1918  3 29     3.02146249
1918  3 30     2.63654996
1918  3 31     2.37808411
1918  4  1     2.19227158
1918  4  2     2.07172459
1918  4  3     1.93560933
1918  4  4     1.83600353
1918  4  5     1.75222965
1918  4  6     1.67815314
1918  4  7     1.61119324
1918  4  8     1.54954182
1918  4  9     1.49275798
1918  4 10     1.56344143
1918  4 11     1.40559743
1918  4 12     1.35285425
1918  4 13     2.09881847
1918  4 14     1.43224854
1918  4 15     1.32124739
1918  4 16     1.27189829
1918  4 17     1.21063199
1918  4 18     1.16139276
1918  4 19     1.11883869
1918  4 20     1.08002532
1918  4 21     1.04368950
1918  4 22     1.00948929
1918  4 23     0.97750042
1918  4 24     0.94694934
1918  4 25     0.91752858
1918  4 26     0.88936134
1918  4 27     0.86210012
1918  4 28     0.83566641
1918  4 29     0.81035213
1918  4 30     0.78576450
1918  5  1     0.76128414
1918  5  2     0.73808993
1918  5  3     0.71573780
1918  5  4     0.69467391
1918  5  5     0.67471801
1918  5  6     0.65451164
1918  5  7     0.67234423
1918  5  8     1.59301152
1918  5  9     2.55889753
1918  5 10     1.46244014
1918  5 11     1.05397408
1918  5 12     0.86991881
1918  5 13     0.79969803
1918  5 14     0.74170990
1918  5 15     0.69521455
1918  5 16     0.65790617
1918  5 17     0.62693522
1918  5 18     0.60029165
1918  5 19     0.57653194
1918  5 20     0.55538232
1918  5 21     0.53587078
1918  5 22     0.51745064
1918  5 23     0.50017012
1918  5 24     0.48406831
1918  5 25     0.46922934
1918  5 26     0.45485019
1918  5 27     0.44640668
1918  5 28     0.43264722
1918  5 29     0.41400836
1918  5 30     0.39988295
1918  5 31     0.38742700
1918  6  1     0.37510834
1918  6  2     0.36366333
1918  6  3     0.35265696
1918  6  4     0.34203835
1918  6  5     0.33177384
1918  6  6     0.32185218
1918  6  7     0.31225038
1918  6  8     0.30293129
1918  6  9     0.29389223
1918  6 10     0.41170399
1918  6 11     0.29211820
1918  6 12     0.26846735
1918  6 13     0.26051146
1918  6 14     0.25279557
1918  6 15     0.24531270
1918  6 16     0.23805540
1918  6 17     0.23101493
1918  6 18     0.22418566
1918  6 19     0.84382461
1918  6 20     0.46241499
1918  6 21     0.22627437
1918  6 22     0.19886608
1918  6 23     0.19297937
1918  6 24     0.18728026
1918  6 25     0.18175321
1918  6 26     0.17638986
1918  6 27     0.17118549
1918  6 28     0.16669525
1918  6 29     0.16132074
1918  6 30     0.17903950
1918  7  1     0.29988860
1918  7  2     0.16705479
1918  7  3     0.14332650
1918  7  4     0.13882033
1918  7  5     0.13472667
1918  7  6     0.13075405
1918  7  7     0.12689930
1918  7  8     0.12315845
1918  7  9     0.11952603
1918  7 10     0.11600185
1918  7 11     0.11258298
1918  7 12     0.10926432
1918  7 13     0.10604238
1918  7 14     0.10391785
1918  7 15     0.10003285
1918  7 16     0.09693865
1918  7 17     0.09408137
1918  7 18     0.09220620
1918  7 19     0.08874824
1918  7 20     0.08600107
1918  7 21     0.08346597
1918  7 22     0.08100560
1918  7 23     0.07861775
1918  7 24     0.07630030
1918  7 25     0.07405116
1918  7 26     0.07186831
1918  7 27     0.06974981
1918  7 28     0.06769376
1918  7 29     0.06569832
1918  7 30     0.06376169
1918  7 31     0.06188296
1918  8  1     0.13636981
1918  8  2     0.06780022
1918  8  3     0.05656971
1918  8  4     0.05490196
1918  8  5     0.05328359
1918  8  6     0.05171292
1918  8  7     0.05018855
1918  8  8     0.04870912
1918  8  9     0.04727329
1918  8 10     0.04587980
1918  8 11     0.04452737
1918  8 12     0.04321482
1918  8 13     0.04376721
1918  8 14     0.04095152
1918  8 15     0.03950477
1918  8 16     0.03834026
1918  8 17     0.03721009
1918  8 18     0.03611323
1918  8 19     0.03504870
1918  8 20     0.03401555
1918  8 21     0.03301286
1918  8 22     0.03203972
1918  8 23     0.03109527
1918  8 24     0.03017866
1918  8 25     0.02928906
1918  8 26     0.02842570
1918  8 27     0.02758778
1918  8 28     0.02677456
1918  8 29     0.02598531
1918  8 30     0.05642568
1918  8 31     0.02836031
1918  9  1     0.02375453
1918  9  2     0.02305421
1918  9  3     0.02237463
1918  9  4     0.02171508
1918  9  5     0.02107498
1918  9  6     0.02045374
1918  9  7     0.01985081
1918  9  8     0.01926566
1918  9  9     0.01869776
1918  9 10     0.01814659
1918  9 11     0.01761168
1918  9 12     0.01709253
1918  9 13     0.01658868
1918  9 14     0.31836789
1918  9 15     0.05264814
1918  9 16     0.01516538
1918  9 17     0.01471751
1918  9 18     0.01428367
1918  9 19     0.01386263
1918  9 20     0.01345399
1918  9 21     0.01305740
1918  9 22     0.01967345
1918  9 23     0.01319022
1918  9 24     0.01193643
1918  9 25     0.01158455
1918  9 26     0.01124307
1918  9 27     0.84311158
1918  9 28     0.45959337
1918  9 29     0.44628487
1918  9 30     0.08886015
1918 10  1     0.29190478
1918 10  2     0.68725112
1918 10  3     0.10485515
1918 10  4     0.00967408
1918 10  5     0.00858885
1918 10  6     0.00833568
1918 10  7     0.00808996
1918 10  8     0.00785149
1918 10  9     0.00762005
1918 10 10     0.00739543
1918 10 11     0.00717743
1918 10 12     0.00696585
1918 10 13     0.00676052
1918 10 14     0.00658783
1918 10 15     0.01174060
1918 10 16     0.04394693
1918 10 17     0.01060458
1918 10 18     0.00582125
1918 10 19     0.00564955
1918 10 20     0.00548301
1918 10 21     0.00532139
1918 10 22     0.00516453
1918 10 23     0.00501229
1918 10 24     0.00486454
1918 10 25     0.00472114
1918 10 26     0.00458198
1918 10 27     0.00444691
1918 10 28     0.00431583
1918 10 29     0.00418861
1918 10 30     0.00406514
1918 10 31     0.00394531
1918 11  1     0.00382901
1918 11  2     0.00371614
1918 11  3     0.11341508
1918 11  4     1.08964584
1918 11  5     0.14013727
1918 11  6     0.00480080
1918 11  7     0.00451059
1918 11  8     0.00433910
1918 11  9     0.00417819
1918 11 10     0.00402677
1918 11 11     0.00388386
1918 11 12     0.00374864
1918 11 13     0.00362039
1918 11 14     0.00349846
1918 11 15     1.25604072
1918 11 16     0.22970291
1918 11 17     0.06190182
1918 11 18     0.60184584
1918 11 19     0.68499040
1918 11 20     0.22034109
1918 11 21     0.13832342
1918 11 22     0.12805285
1918 11 23     1.54567443
1918 11 24     5.81574987
1918 11 25     1.71093305
1918 11 26     0.91585423
1918 11 27     0.75185184
1918 11 28     0.84418309
1918 11 29     0.59420258
1918 11 30     0.53125369
1918 12  1     0.48697417
1918 12  2     0.45248114
1918 12  3     0.42889040
1918 12  4     0.40125635
1918 12  5     0.38011593
1918 12  6     0.36166164
1918 12  7     5.14481997
1918 12  8     2.85022912
1918 12  9     2.52242836
1918 12 10     1.32252416
1918 12 11     1.04291341
1918 12 12     0.91343774
1918 12 13     0.79674737
1918 12 14     0.72216016
1918 12 15     0.66750137
1918 12 16     0.62462090
1918 12 17     0.58988019
1918 12 18     0.56031882
1918 12 19     0.53482243
1918 12 20     1.92590853
1918 12 21     0.91528785
1918 12 22     0.68663272
1918 12 23     0.61976626
1918 12 24     0.57260666
1918 12 25     0.52464947
1918 12 26     0.48919186
1918 12 27     0.46516249
1918 12 28     0.44333525
1918 12 29     0.50433589
1918 12 30     0.41626608
1918 12 31     0.39617214
1919  1  1     0.38205687
1919  1  2     0.36855435
1919  1  3     0.35752551
1919  1  4     0.34590051
1919  1  5     0.33450016
1919  1  6     0.32395742
1919  1  7     0.31380252
1919  1  8     0.30449378
1919  1  9     0.29781793
1919  1 10     0.30192682
1919  1 11     0.55110514
1919  1 12     0.76541991
1919  1 13     0.42392254
1919  1 14     0.38510406
1919  1 15     0.36239886
1919  1 16     0.34067730
1919  1 17     0.32309542
1919  1 18     0.30908485
1919  1 19     0.30596685
1919  1 20     5.43215752
1919  1 21     1.75230550
1919  1 22     0.98687308
1919  1 23     0.82487161
1919  1 24     0.72758993
1919  1 25     0.66064845
1919  1 26     0.57601301
1919  1 27     0.53172519
1919  1 28     0.49809440
1919  1 29     0.47028139
1919  1 30     0.44755898
1919  1 31     0.42991703
1919  2  1     1.74527344
1919  2  2     0.86422646
1919  2  3     0.55022961
1919  2  4     0.48559200
1919  2  5     0.44522170
1919  2  6     0.41604430
1919  2  7     0.39199738
1919  2  8     0.39779152
1919  2  9     5.94636953
1919  2 10     9.02049568
1919  2 11     7.13846217
1919  2 12     4.58766282
1919  2 13     2.51624022
1919  2 14     1.97228836
1919  2 15     1.66426981
1919  2 16     1.45513204
1919  2 17     2.13716362
1919  2 18     3.35094618
1919  2 19     1.67456799
1919  2 20     2.14491228
1919  2 21     1.41356706
1919  2 22     3.36691464
1919  2 23     2.80015698
1919  2 24     2.01039015
1919  2 25     1.54520297
1919  2 26     6.82933946
1919  2 27     5.39738390
1919  2 28     3.38183827
1919  3  1     2.25346311
1919  3  2     6.62320926
1919  3  3     6.90180512
1919  3  4     6.97676147
1919  3  5     4.14982365
1919  3  6     4.58552056
1919  3  7     6.68738957
1919  3  8     3.47415828
1919  3  9     2.80105604
1919  3 10     2.55942363
1919  3 11     2.42214388
1919  3 12     2.32457959
1919  3 13     7.62253350
1919  3 14     7.34218308
1919  3 15     4.16513028
1919  3 16     3.05385495
1919  3 17     2.84014095
1919  3 18     2.66918219
1919  3 19     5.79094548
1919  3 20     4.66479549
1919  3 21     3.58910156
1919  3 22     2.81589061
1919  3 23     2.62115224
1919  3 24     2.50734186
1919  3 25     2.46574910
1919  3 26     2.42495004
1919  3 27     2.36475721
1919  3 28     2.68732596
1919  3 29     2.44216814
1919  3 30     2.36379453
1919  3 31     2.33744774
1919  4  1     2.38491641
1919  4  2     2.37358512
1919  4  3     2.36303168
1919  4  4     2.28445515
1919  4  5     2.06540213
1919  4  6     1.87814014
1919  4  7     2.18974207
1919  4  8     1.82980528
1919  4  9     1.75979451
1919  4 10     1.73878691
1919  4 11     1.71813430
1919  4 12     1.68504725
1919  4 13     1.61492732
1919  4 14     1.55290808
1919  4 15     1.60623143
1919  4 16     1.60027555
1919  4 17     1.62491812
1919  4 18     1.49865687
1919  4 19     1.45589221
1919  4 20     1.42437862
1919  4 21     1.40264514
1919  4 22     1.34644740
1919  4 23     1.30481068
1919  4 24     1.24239368
1919  4 25     1.17267830
1919  4 26     1.26287449
1919  4 27     1.20225988
1919  4 28     1.13111592
1919  4 29     1.18060446
1919  4 30     1.19537685
1919  5  1     1.19836462
1919  5  2     1.06952161
1919  5  3     0.96472323
1919  5  4     0.91491496
1919  5  5     0.87478217
1919  5  6     0.83852333
1919  5  7     0.80688062
1919  5  8     0.77956828
1919  5  9     0.75303177
1919  5 10     0.72843199
1919  5 11     0.70350774
1919  5 12     0.68086041
1919  5 13     0.65847096
1919  5 14     0.63760145
1919  5 15     0.61933563
1919  5 16     0.60075447
1919  5 17     0.58196541
1919  5 18     0.56353598
1919  5 19     0.54673523
1919  5 20     0.59632643
1919  5 21     0.74096900
1919  5 22     0.64262837
1919  5 23     0.49839245
1919  5 24     0.46859705
1919  5 25     0.45405133
1919  5 26     0.43942511
1919  5 27     0.42404903
1919  5 28     1.17358720
1919  5 29     1.68416308
1919  5 30     0.69145819
1919  5 31     0.51181784
1919  6  1     0.47880668
1919  6  2     0.45053968
1919  6  3     0.42730010
1919  6  4     0.40760665
1919  6  5     0.39068359
1919  6  6     0.37653403
1919  6  7     0.36363966
1919  6  8     0.35100295
1919  6  9     0.33986098
1919  6 10     0.33005621
1919  6 11     0.32048079
1919  6 12     0.30992885
1919  6 13     0.30014539
1919  6 14     0.29019354
1919  6 15     0.28121180
1919  6 16     0.27266310
1919  6 17     0.26336120
1919  6 18     0.25423523
1919  6 19     0.24630961
1919  6 20     0.23884759
1919  6 21     0.23172165
1919  6 22     0.22463118
1919  6 23     0.21782298
1919  6 24     0.21126849
1919  6 25     0.20497422
1919  6 26     0.19888178
1919  6 27     0.19297657
1919  6 28     0.18725074
1919  6 29     0.18171510
1919  6 30     0.17631815
1919  7  1     0.17109579
1919  7  2     0.16603247
1919  7  3     0.16112126
1919  7  4     0.15635725
1919  7  5     0.15173577
1919  7  6     0.14725230
1919  7  7     0.14290252
1919  7  8     0.13868228
1919  7  9     0.13458757
1919  7 10     0.13061452
1919  7 11     0.12675941
1919  7 12     0.12301864
1919  7 13     0.11938875
1919  7 14     0.11586638
1919  7 15     0.11244828
1919  7 16     0.10913131
1919  7 17     0.10591245
1919  7 18     0.10278875
1919  7 19     0.39057553
1919  7 20     0.21672886
1919  7 21     0.10423058
1919  7 22     0.09119024
1919  7 23     0.08850118
1919  7 24     0.08589237
1919  7 25     0.08335931
1919  7 26     0.08090149
1919  7 27     0.07851632
1919  7 28     0.07620216
1919  7 29     0.07395524
1919  7 30     0.07177470
1919  7 31     0.06965865
1919  8  1     0.06760562
1919  8  2     0.06561272
1919  8  3     0.06367919
1919  8  4     0.06180110
1919  8  5     0.05997993
1919  8  6     0.05821055
1919  8  7     0.05649435
1919  8  8     0.05482902
1919  8  9     0.05321280
1919  8 10     0.05164421
1919  8 11     0.05012187
1919  8 12     0.04864440
1919  8 13     0.04721049
1919  8 14     0.04581884
1919  8 15     0.04446821
1919  8 16     0.04315740
1919  8 17     0.04188523
1919  8 18     0.04065056
1919  8 19     0.03945228
1919  8 20     0.03828932
1919  8 21     0.03716065
1919  8 22     0.03606525
1919  8 23     0.03500213
1919  8 24     0.03397036
1919  8 25     0.03296899
1919  8 26     0.03199715
1919  8 27     0.03105395
1919  8 28     0.03013856
1919  8 29     0.02925015
1919  8 30     0.02838793
1919  8 31     0.02755112
1919  9  1     0.02673899
1919  9  2     0.02595079
1919  9  3     0.02518582
1919  9  4     0.02444341
1919  9  5     0.02372288
1919  9  6     0.02302358
1919  9  7     0.02234491
1919  9  8     0.02168623
1919  9  9     0.02104698
1919  9 10     0.02042656
1919  9 11     0.01982444
1919  9 12     0.01924007
1919  9 13     0.01867292
1919  9 14     0.01812248
1919  9 15     0.01758828
1919  9 16     0.01706982
1919  9 17     0.01656664
1919  9 18     0.01607830
1919  9 19     0.01560435
1919  9 20     0.01514438
1919  9 21     0.01469796
1919  9 22     0.01426470
1919  9 23     0.01384421
1919  9 24     0.01343612
1919  9 25     0.01304005
1919  9 26     0.01265566
1919  9 27     0.01228261
1919  9 28     0.01407934
1919  9 29     0.55012555
1919  9 30     0.82570984
1919 10  1     0.12171274
1919 10  2     0.04546794
1919 10  3     0.01445893
1919 10  4     0.00996171
1919 10  5     0.00966797
1919 10  6     0.00938298
1919 10  7     0.00910640
1919 10  8     0.00883796
1919 10  9     0.00857744
1919 10 10     0.00832460
1919 10 11     0.00807921
1919 10 12     0.00784106
1919 10 13     0.00760992
1919 10 14     0.00738560
1919 10 15     0.00716789
1919 10 16     0.00695660
1919 10 17     0.00675154
1919 10 18     0.00655253
1919 10 19     0.00635937
1919 10 20     0.00617191
1919 10 21     0.00598997
1919 10 22     0.00581341
1919 10 23     0.00768429
1919 10 24     0.84058473
1919 10 25     0.66296804
1919 10 26     0.09294154
1919 10 27     0.00601615
1919 10 28     0.00488506
1919 10 29     0.00471976
1919 10 30     0.00457589
1919 10 31     0.00444100
1919 11  1     0.00434262
1919 11  2     0.00422798
1919 11  3     0.00413070
1919 11  4     0.00395165
1919 11  5     0.00382392
1919 11  6     0.00746637
1919 11  7     0.22332506
1919 11  8     0.03448890
1919 11  9     0.00401456
1919 11 10     0.00329466
1919 11 11     0.00319553
1919 11 12     0.00310133
1919 11 13     0.00300991
1919 11 14     0.00292119
1919 11 15     0.00283508
1919 11 16     0.00275151
1919 11 17     0.00267040
1919 11 18     0.00259168
1919 11 19     0.00679179
1919 11 20     0.00297363
1919 11 21     0.00236920
1919 11 22     0.00229935
1919 11 23     0.00223157
1919 11 24     0.00216579
1919 11 25     0.00210194
1919 11 26     0.47854874
1919 11 27     0.22765193
1919 11 28     0.02986647
1919 11 29     0.00684284
1919 11 30     0.01947730
1919 12  1     0.07707374
1919 12  2     0.05455835
1919 12  3     0.03393072
1919 12  4     0.20634757
1919 12  5     0.26621000
1919 12  6     0.20059121
1919 12  7     0.30274314
1919 12  8     0.42099328
1919 12  9     0.06911396
1919 12 10     0.16476736
1919 12 11    11.76850572
1919 12 12     4.29220483
1919 12 13     1.64987393
1919 12 14     1.22642931
1919 12 15     1.00091041
1919 12 16     0.84533821
1919 12 17     0.74180627
1919 12 18     0.66733535
1919 12 19     0.61160842
1919 12 20     0.56941014
1919 12 21     0.53718174
1919 12 22     0.50816605
1919 12 23     0.48459368
1919 12 24     0.46492133
1919 12 25     0.44293853
1919 12 26     0.42820720
1919 12 27     0.40972499
1919 12 28     0.39526531
1919 12 29     0.38147051
1919 12 30     0.36751201
1919 12 31     0.35418060
1920  1  1     0.34282003
1920  1  2     0.33304050
1920  1  3     0.34630272
1920  1  4     0.35247440
1920  1  5     0.34487543
1920  1  6     0.31600144
1920  1  7     0.28766361
1920  1  8     0.27666402
1920  1  9     0.26774557
1920  1 10     0.25913144
1920  1 11     0.25093222
1920  1 12     0.24308172
1920  1 13     0.23581254
1920  1 14     0.23050757
1920  1 15     0.22629661
1920  1 16     0.22098956
1920  1 17     0.21914550
1920  1 18     0.21466082
1920  1 19     0.20750280
1920  1 20     0.20139815
1920  1 21     0.19383644
1920  1 22     2.69794708
1920  1 23     3.95610461
1920  1 24     1.41312872
1920  1 25     0.89687821
1920  1 26     0.70933777
1920  1 27     0.59493460
1920  1 28     0.52068904
1920  1 29     0.46790549
1920  1 30     0.42890823
1920  1 31     0.39901129
1920  2  1     0.38148621
1920  2  2     0.39542994
1920  2  3     0.37727474
1920  2  4     0.32849007
1920  2  5     0.31124243
1920  2  6     0.29918728
1920  2  7     0.28815072
1920  2  8     0.28261792
1920  2  9     0.61874891
1920  2 10     1.32172249
1920  2 11     0.51838186
1920  2 12     0.40277078
1920  2 13     0.37577052
1920  2 14     0.38461243
1920  2 15     0.33812333
1920  2 16     0.31193274
1920  2 17     0.29127144
1920  2 18     0.28006782
1920  2 19     2.69679707
1920  2 20     1.42986177
1920  2 21     1.06496179
1920  2 22     3.65019556
1920  2 23     2.54690814
1920  2 24     1.30538890
1920  2 25     1.01156329
1920  2 26     0.85026919
1920  2 27     2.38560432
1920  2 28     1.43453050
1920  2 29     4.04102570
1920  3  1     9.84952936
1920  3  2    12.05599349
1920  3  3     5.92750190
1920  3  4     3.42393987
1920  3  5     2.68232920
1920  3  6     2.22868225
1920  3  7     1.90929470
1920  3  8     1.68220215
1920  3  9     3.18017378
1920  3 10     6.42895510
1920  3 11     3.71129770
1920  3 12     2.48151974
1920  3 13     2.47803711
1920  3 14     3.38474545
1920  3 15     2.39906463
1920  3 16    10.29899825
1920  3 17     7.89029780
1920  3 18     3.95768933
1920  3 19     3.10139911
1920  3 20     6.29253639
1920  3 21    17.60973840
1920  3 22    17.66487534
1920  3 23    10.31032518
1920  3 24     6.73244947
1920  3 25     8.67257023
1920  3 26    11.93008796
1920  3 27     6.23028068
1920  3 28     4.80710340
1920  3 29     4.29414282
1920  3 30     3.97563157
1920  3 31     4.08486704
1920  4  1     3.43089169
1920  4  2     3.21939300
1920  4  3     3.06192598
1920  4  4     3.00893596
1920  4  5     2.92033681
1920  4  6     2.83071070
1920  4  7     2.70359105
1920  4  8     2.58299740
1920  4  9     7.47372160
1920  4 10     7.52330004
1920  4 11     4.17169285
1920  4 12     3.47576217
1920  4 13     3.10234050
1920  4 14     3.76637350
1920  4 15    22.60054190
1920  4 16    22.97962898
1920  4 17    10.04347810
1920  4 18     6.51110277
1920  4 19     5.37341719
1920  4 20     4.62061222
1920  4 21     4.08522861
1920  4 22     3.71175659
1920  4 23     3.44998902
1920  4 24     3.25650797
1920  4 25     3.11594895
1920  4 26     3.02299711
1920  4 27     2.94423359
1920  4 28     2.87618314
1920  4 29     2.80306049
1920  4 30     2.66719049
1920  5  1     2.48737344
1920  5  2     2.39201816
1920  5  3     2.28058115
1920  5  4     2.21750321
1920  5  5     2.18639699
1920  5  6     2.10535931
1920  5  7     2.02526456
1920  5  8     1.93542453
1920  5  9     1.86802334
1920  5 10     1.80776562
1920  5 11     1.74989215
1920  5 12     1.70022805
1920  5 13     1.67546819
1920  5 14     1.59472731
1920  5 15     1.53499878
1920  5 16     1.48370579
1920  5 17     1.43711903
1920  5 18     1.39125107
1920  5 19     1.34769713
1920  5 20     1.30767949
1920  5 21     1.26967023
1920  5 22     1.23447617
1920  5 23     1.19855637
1920  5 24     1.16340965
1920  5 25     1.12884564
1920  5 26     1.09230827
1920  5 27     1.05794861
1920  5 28     1.02621411
1920  5 29     0.99686884
1920  5 30     0.96748897
1920  5 31     0.93967380
1920  6  1     0.90924433
1920  6  2     0.88013322
1920  6  3     0.85112039
1920  6  4     0.82809735
1920  6  5     0.80203188
1920  6  6     0.78112127
1920  6  7     0.75739240
1920  6  8     0.73435953
1920  6  9     0.71179008
1920  6 10     0.69260125
1920  6 11     0.67119989
1920  6 12     0.64924794
1920  6 13     0.63121709
1920  6 14     0.62699351
1920  6 15     0.69651180
1920  6 16     0.63473607
1920  6 17     0.56557085
1920  6 18     0.54045354
1920  6 19     0.52055111
1920  6 20     0.50416145
1920  6 21     0.48922812
1920  6 22     0.47578935
1920  6 23     0.46279527
1920  6 24     0.44883006
1920  6 25     0.43551132
1920  6 26     0.42409046
1920  6 27     0.41691296
1920  6 28     0.63244312
1920  6 29     0.41712580
1920  6 30     0.37568698
1920  7  1     0.36286757
1920  7  2     0.35298848
1920  7  3     0.34349642
1920  7  4     0.33218610
1920  7  5     0.32179119
1920  7  6     0.31222992
1920  7  7     0.30302287
1920  7  8     0.29409042
1920  7  9     0.28542130
1920  7 10     0.27700773
1920  7 11     0.26884218
1920  7 12     0.26095125
1920  7 13     0.25332277
1920  7 14     0.24578884
1920  7 15     0.24262309
1920  7 16     0.23203047
1920  7 17     0.22466256
1920  7 18     0.21804004
1920  7 19     0.21161308
1920  7 20     0.20537512
1920  7 21     0.19932092
1920  7 22     0.19488471
1920  7 23     0.20245785
1920  7 24     0.18410683
1920  7 25     0.17683789
1920  7 26     0.17162510
1920  7 27     0.16656602
1920  7 28     0.16165607
1920  7 29     0.15689085
1920  7 30     0.15226610
1920  7 31     0.14777767
1920  8  1     0.14342155
1920  8  2     0.13919384
1920  8  3     0.13509075
1920  8  4     0.13110862
1920  8  5     0.12724386
1920  8  6     0.12349303
1920  8  7     0.11985276
1920  8  8     0.11631980
1920  8  9     0.11289098
1920  8 10     0.10956323
1920  8 11     0.10633358
1920  8 12     0.10319913
1920  8 13     0.10015708
1920  8 14     0.09720470
1920  8 15     0.09433934
1920  8 16     0.09155845
1920  8 17     0.08885954
1920  8 18     0.08624018
1920  8 19     0.08369803
1920  8 20     0.08123082
1920  8 21     0.07883634
1920  8 22     0.07651244
1920  8 23     0.07425705
1920  8 24     0.38242146
1920  8 25     0.11194115
1920  8 26     0.06803469
1920  8 27     0.06588098
1920  8 28     0.06393898
1920  8 29     0.06205421
1920  8 30     0.06022501
1920  8 31     0.05844973
1920  9  1     0.05672677
1920  9  2     0.05505461
1920  9  3     0.05343174
1920  9  4     0.05185670
1920  9  5     0.05032810
1920  9  6     0.04884455
1920  9  7     0.04740473
1920  9  8     0.04600736
1920  9  9     0.04465118
1920  9 10     0.04333497
1920  9 11     0.04205756
1920  9 12     0.04081781
1920  9 13     0.03961460
1920  9 14     0.03844686
1920  9 15     0.03731355
1920  9 16     0.05273040
1920  9 17     0.03727570
1920  9 18     0.03411018
1920  9 19     0.03310464
1920  9 20     0.03212880
1920  9 21     0.03118172
1920  9 22     0.03026256
1920  9 23     0.02937050
1920  9 24     0.02996653
1920  9 25     0.02786040
1920  9 26     0.02684901
1920  9 27     0.02605756
1920  9 28     0.02528945
1920  9 29     0.02454398
1920  9 30     0.02382048
1920 10  1     0.02311831
1920 10  2     0.02243684
1920 10  3     0.02177546
1920 10  4     0.02113357
1920 10  5     0.02051061
1920 10  6     0.07484709
1920 10  7     0.08919664
1920 10  8     0.08012114
1920 10  9     0.17489515
1920 10 10     0.03841064
1920 10 11     0.01738017
1920 10 12     0.41117742
1920 10 13     0.06471871
1920 10 14     0.01568908
1920 10 15     0.01520669
1920 10 16     0.01475843
1920 10 17     0.01432339
1920 10 18     1.38539866
1920 10 19     0.63659430
1920 10 20     0.11397587
1920 10 21     0.01711941
1920 10 22     0.01236122
1920 10 23     0.01196959
1920 10 24     0.01161676
1920 10 25     0.01127433
1920 10 26     0.01094199
1920 10 27     0.01061944
1920 10 28     0.01030641
1920 10 29     0.01000260
1920 10 30     0.00970775
1920 10 31     0.00942159
1920 11  1     0.00914387
1920 11  2     0.00887433
1920 11  3     0.00861273
1920 11  4     0.00835885
1920 11  5     0.00811245
1920 11  6     0.00794384
1920 11  7     0.09043218
1920 11  8     0.07907268
1920 11  9     0.01497065
1920 11 10     0.00702720
1920 11 11     0.09683085
1920 11 12     0.01809951
1920 11 13     0.03350041
1920 11 14     0.08070261
1920 11 15     0.60999307
1920 11 16     1.13317909
1920 11 17     0.16023573
1920 11 18     0.00738096
1920 11 19     0.02546925
1920 11 20     0.04025341
1920 11 21     0.00937376
1920 11 22     0.00574723
1920 11 23     0.00520800
1920 11 24     0.00499040
1920 11 25     0.00483577
1920 11 26     0.00468677
1920 11 27     0.00454309
1920 11 28     0.00440444
1920 11 29     0.00427056
1920 11 30     0.00414120
1920 12  1     0.00717751
1920 12  2     1.81955728
1920 12  3     0.33231397
1920 12  4     0.12800547
1920 12  5     0.08437500
1920 12  6     0.07516029
1920 12  7     0.56342621
1920 12  8     0.92554500
1920 12  9     0.41003477
1920 12 10     0.83355764
1920 12 11     2.63862174
1920 12 12     0.77949891
1920 12 13     0.44999778
1920 12 14     0.39636922
1920 12 15     0.35762544
1920 12 16     0.32854240
1920 12 17     0.30563665
1920 12 18     0.29124442
1920 12 19     3.11114638
1920 12 20     2.03070351
1920 12 21     1.24348399
1920 12 22     0.78442185
1920 12 23     0.58318254
1920 12 24     4.03345874
1920 12 25     1.74955118
1920 12 26     1.55381914
1920 12 27     1.01186065
1920 12 28     0.86758628
1920 12 29     0.75323456
1920 12 30     0.68165952
1920 12 31     0.64620535
1921  1  1     0.57987305
1921  1  2     0.55124454
1921  1  3     0.52745488
1921  1  4     0.50318713
1921  1  5     0.49645907
1921  1  6     0.95063418
1921  1  7     0.58882420
1921  1  8     0.52611116
1921  1  9     0.48676373
1921  1 10     0.45108968
1921  1 11     0.42366691
1921  1 12     0.40151463
1921  1 13     0.38343722
1921  1 14     0.37130584
1921  1 15     0.38128088
1921  1 16     0.37750383
1921  1 17     1.40334709
1921  1 18     9.06232204
1921  1 19     7.59193500
1921  1 20     4.41383033
1921  1 21     7.36919278
1921  1 22     3.39701439
1921  1 23     2.87922843
1921  1 24     1.99699065
1921  1 25     1.66507137
1921  1 26     1.49804899
1921  1 27     4.44426004
1921  1 28     4.12053219
1921  1 29     2.19697723
1921  1 30     6.90597513
1921  1 31     3.37943557
1921  2  1     2.30862988
1921  2  2     1.93523713
1921  2  3     1.66770996
1921  2  4     1.68011219
1921  2  5     7.43891615
1921  2  6     3.35136908
1921  2  7     2.30540020
1921  2  8     2.03163741
1921  2  9     1.76819404
1921  2 10     1.62813419
1921  2 11     1.55148180
1921  2 12     1.47789468
1921  2 13     1.37364581
1921  2 14     7.88841508
1921  2 15     3.73139807
1921  2 16     2.49469877
1921  2 17     2.45943036
1921  2 18     2.10151918
1921  2 19     1.78357753
1921  2 20     2.15705530
1921  2 21     5.32673140
1921  2 22     2.66100955
1921  2 23     2.11937694
1921  2 24     1.88063238
1921  2 25     1.70386736
1921  2 26     1.56752437
1921  2 27     1.45709156
1921  2 28     1.38156160
1921  3  1     1.32557791
1921  3  2     1.28944195
1921  3  3     1.28101124
1921  3  4     1.21984409
1921  3  5     1.87823441
1921  3  6     4.53295107
1921  3  7     3.50175543
1921  3  8     2.08956730
1921  3  9     1.79286039
1921  3 10     1.57831676
1921  3 11     1.40992585
1921  3 12     5.73031277
1921  3 13    11.65200767
1921  3 14     8.21246335
1921  3 15     4.14189014
1921  3 16     3.21379438
1921  3 17     2.74510025
1921  3 18     2.44094016
1921  3 19     3.69214564
1921  3 20     2.39304141
1921  3 21     2.15327048
1921  3 22     3.34598916
1921  3 23     2.92592605
1921  3 24     2.16313898
1921  3 25     2.21801585
1921  3 26     1.85164283
1921  3 27     1.75790848
1921  3 28     1.66595685
1921  3 29     1.59366854
1921  3 30     1.53270411
1921  3 31     1.46503596
1921  4  1     1.38107771
1921  4  2     1.32808761
1921  4  3     1.34251107
1921  4  4     1.28858924
1921  4  5     1.18033446
1921  4  6     1.12755485
1921  4  7     1.08811941
1921  4  8     1.05147701
1921  4  9     1.01788935
1921  4 10     0.98486317
1921  4 11     1.55005747
1921  4 12     1.15511137
1921  4 13     1.95245127
1921  4 14     3.69760239
1921  4 15     1.80799774
1921  4 16     1.58043130
1921  4 17     1.40996823
1921  4 18     1.22822983
1921  4 19     1.10881632
1921  4 20     1.01532485
1921  4 21     0.94821531
1921  4 22     0.89501384
1921  4 23     0.85094411
1921  4 24     0.81466467
1921  4 25     0.78235952
1921  4 26     0.75258896
1921  4 27     0.72532070
1921  4 28     0.70006157
1921  4 29     0.67654096
1921  4 30     0.65484548
1921  5  1     0.63425122
1921  5  2     0.61544455
1921  5  3     0.59629402
1921  5  4     0.57818554
1921  5  5     1.05717924
1921  5  6     2.86858954
1921  5  7     1.46750014
1921  5  8     0.98048185
1921  5  9     0.86773095
1921  5 10     0.75345304
1921  5 11     0.67655882
1921  5 12     0.62177549
1921  5 13     0.58062702
1921  5 14     0.54862886
1921  5 15     0.52236763
1921  5 16     0.50119231
1921  5 17     0.61431772
1921  5 18     0.69422171
1921  5 19     0.51800820
1921  5 20     5.86502777
1921  5 21    16.38629367
1921  5 22     5.85270994
1921  5 23     3.80381295
1921  5 24     3.17660503
1921  5 25     2.33915765
1921  5 26     1.98205607
1921  5 27     1.70527213
1921  5 28     1.50411987
1921  5 29     1.35943706
1921  5 30     1.25093440
1921  5 31     1.16612645
1921  6  1     1.09739197
1921  6  2     1.04074948
1921  6  3     0.99204470
1921  6  4     0.94879949
1921  6  5     0.90887895
1921  6  6     0.87229786
1921  6  7     0.83979951
1921  6  8     0.81016914
1921  6  9     0.78006977
1921  6 10     0.75190570
1921  6 11     0.72632671
1921  6 12     0.70255803
1921  6 13     0.68157870
1921  6 14     0.66096905
1921  6 15     0.64150900
1921  6 16     0.87639491
1921  6 17     0.63293394
1921  6 18     0.58180657
1921  6 19     0.56252439
1921  6 20     0.54335768
1921  6 21     0.52453642
1921  6 22     0.82729345
1921  6 23     0.53275201
1921  6 24     0.48069107
1921  6 25     0.46585204
1921  6 26     0.45146606
1921  6 27     0.43700487
1921  6 28     0.42344964
1921  6 29     0.41157357
1921  6 30     0.39806534
1921  7  1     0.38534698
1921  7  2     0.37408365
1921  7  3     0.36346960
1921  7  4     0.35198198
1921  7  5     0.34082672
1921  7  6     0.33060529
1921  7  7     0.32079983
1921  7  8     0.31130883
1921  7  9     0.30210395
1921  7 10     0.29317446
1921  7 11     0.28451166
1921  7 12     0.27610720
1921  7 13     0.26795303
1921  7 14     0.26004141
1921  7 15     0.26900950
1921  7 16     0.24697670
1921  7 17     0.23768857
1921  7 18     0.23067504
1921  7 19     0.22386931
1921  7 20     0.21726506
1921  7 21     0.31432932
1921  7 22     0.21697756
1921  7 23     0.19860179
1921  7 24     0.19274454
1921  7 25     0.18706045
1921  7 26     0.18154470
1921  7 27     0.17619648
1921  7 28     0.17099714
1921  7 29     0.16710067
1921  7 30     0.16121983
1921  7 31     0.15631323
1921  8  1     0.15170585
1921  8  2     0.14723263
1921  8  3     0.14289029
1921  8  4     0.13867968
1921  8  5     0.13459192
1921  8  6     0.13062230
1921  8  7     0.12725539
1921  8  8     0.17873243
1921  8  9     0.12630373
1921  8 10     0.11588598
1921  8 11     0.11246980
1921  8 12     0.10915447
1921  8 13     0.10593686
1921  8 14     0.10281411
1921  8 15     0.09978340
1921  8 16     0.09684204
1921  8 17     0.09398738
1921  8 18     0.09121686
1921  8 19     0.08852802
1921  8 20     0.08591843
1921  8 21     0.08338577
1921  8 22     0.08092776
1921  8 23     0.07854221
1921  8 24     0.07622698
1921  8 25     0.07398000
1921  8 26     0.07179926
1921  8 27     0.06968279
1921  8 28     0.06762872
1921  8 29     0.06563519
1921  8 30     0.06370043
1921  8 31     0.08902554
1921  9  1     0.06330994
1921  9  2     0.32943424
1921  9  3     0.08920121
1921  9  4     0.05485257
1921  9  5     0.05323239
1921  9  6     0.05166323
1921  9  7     0.05014033
1921  9  8     0.04866232
1921  9  9     0.04722787
1921  9 10     0.04583571
1921  9 11     0.04448459
1921  9 12     0.04317329
1921  9 13     0.04190065
1921  9 14     0.04066552
1921  9 15     0.03946681
1921  9 16     0.03830342
1921  9 17     0.03717433
1921  9 18     0.05082078
1921  9 19     0.03682550
1921  9 20     0.03398291
1921  9 21     0.03298113
1921  9 22     0.03200893
1921  9 23     0.03106539
1921  9 24     0.03014966
1921  9 25     0.02926092
1921  9 26     0.02839838
1921  9 27     0.02756127
1921  9 28     0.02674883
1921  9 29     0.02596034
1921  9 30     0.02519510
1921 10  1     0.02445241
1921 10  2     0.02373161
1921 10  3     0.02303206
1921 10  4     0.02235313
1921 10  5     0.14560240
1921 10  6     0.31047583
1921 10  7     0.05415082
1921 10  8     0.01983252
1921 10  9     0.01924715
1921 10 10     0.01867979
1921 10 11     0.01812916
1921 10 12     0.01759476
1921 10 13     0.01707611
1921 10 14     0.01657274
1921 10 15     0.01608422
1921 10 16     0.01561010
1921 10 17     0.01514995
1921 10 18     0.01470337
1921 10 19     0.01426995
1921 10 20     0.01384931
1921 10 21     0.01344106
1921 10 22     0.01304485
1921 10 23     0.22778730
1921 10 24     0.27352784
1921 10 25     0.04107693
1921 10 26     0.01161200
1921 10 27     0.01123226
1921 10 28     0.01090116
1921 10 29     0.01057982
1921 10 30     0.01026796
1921 10 31     0.00996528
1921 11  1     0.00967153
1921 11  2     0.00938644
1921 11  3     0.00910975
1921 11  4     0.00884122
1921 11  5     0.00858060
1921 11  6     0.00832767
1921 11  7     0.00808219
1921 11  8     0.00784394
1921 11  9     0.00761272
1921 11 10     0.00738832
1921 11 11     0.00717053
1921 11 12     0.00695916
1921 11 13     0.00675402
1921 11 14     0.00655493
1921 11 15     0.00636171
1921 11 16     0.00617418
1921 11 17     0.00611332
1921 11 18     0.00583141
1921 11 19     0.00564412
1921 11 20     0.00547774
1921 11 21     0.00531627
1921 11 22     0.01048285
1921 11 23     0.00578382
1921 11 24     0.00485988
1921 11 25     0.00471661
1921 11 26     0.06419497
1921 11 27     0.15182011
1921 11 28     1.00328757
1921 11 29     0.15130107
1921 11 30     0.00795092
1921 12  1     0.08100451
1921 12  2     0.65505587
1921 12  3     0.09358471
1921 12  4     0.00418047
1921 12  5     0.00349692
1921 12  6     0.00339384
1921 12  7     0.00329380
1921 12  8     0.00319670
1921 12  9     0.00310247
1921 12 10     0.00301102
1921 12 11     0.00292226
1921 12 12     0.00283612
1921 12 13     0.00275252
1921 12 14     0.00267138
1921 12 15     0.00259264
1921 12 16     0.00251621
1921 12 17     0.00244204
1921 12 18     2.76592052
1921 12 19     4.77257285
1921 12 20     3.57560047
1921 12 21     7.35742652
1921 12 22     5.75104799
1921 12 23     4.75416375
1921 12 24     3.67408330
1921 12 25     4.35456017
1921 12 26     3.49527995
1921 12 27     5.64417998
1921 12 28     2.84036468
1921 12 29     2.07702864
1921 12 30     1.87081276
1921 12 31     1.53588969
1922  1  1     4.38147294
1922  1  2    16.99022373
1922  1  3     6.97805382
1922  1  4     3.84670808
1922  1  5     3.00995912
1922  1  6     4.93934146
1922  1  7     3.34818475
1922  1  8     2.44457823
1922  1  9     2.12549388
1922  1 10     1.89904939
1922  1 11     1.71747040
1922  1 12     1.59369954
1922  1 13     1.49565807
1922  1 14     1.41089126
1922  1 15     1.35237736
1922  1 16     1.29066397
1922  1 17     1.23620968
1922  1 18     1.32481008
1922  1 19     1.15920157
1922  1 20     1.10254485
1922  1 21     1.07181855
1922  1 22     1.03925731
1922  1 23     0.99688794
1922  1 24     0.96319805
1922  1 25     0.93886539
1922  1 26     0.91091606
1922  1 27     1.38328789
1922  1 28     1.19165850
1922  1 29     1.05538111
1922  1 30     2.73544343
1922  1 31     5.71027565
1922  2  1     2.15624442
1922  2  2     1.58360979
1922  2  3     1.35489448
1922  2  4     1.18987905
1922  2  5     1.08902010
1922  2  6     1.09951226
1922  2  7     1.11585812
1922  2  8     5.18533616
1922  2  9     8.51866141
1922  2 10     5.72715904
1922  2 11    21.59237921
1922  2 12     8.37232920
1922  2 13     5.10524389
1922  2 14     4.04243744
1922  2 15     3.39944150
1922  2 16     2.97187692
1922  2 17     2.64930665
1922  2 18     2.40852893
1922  2 19     2.22216272
1922  2 20     5.02411132
1922  2 21     6.82674044
1922  2 22     3.44404075
1922  2 23     2.77918372
1922  2 24     5.68766291
1922  2 25     3.71172400
1922  2 26     4.04806416
1922  2 27     7.74425473
1922  2 28     3.97994246
1922  3  1     3.10779058
1922  3  2     2.72219398
1922  3  3     2.47819597
1922  3  4     2.83205206
1922  3  5     2.54760074
1922  3  6     2.18641857
1922  3  7     2.01350696
1922  3  8     1.88995205
1922  3  9     1.82047043
1922  3 10     1.79583988
1922  3 11     4.80922738
1922  3 12     2.86969223
1922  3 13     2.35211971
1922  3 14     2.26030681
1922  3 15     2.40299304
1922  3 16     5.68869406
1922  3 17     9.50897411
1922  3 18     4.27484701
1922  3 19     3.37125339
1922  3 20     2.98475068
1922  3 21     2.71997528
1922  3 22     2.57200363
1922  3 23     3.34087410
1922  3 24     5.59365357
1922  3 25     3.19232246
1922  3 26     3.77730990
1922  3 27     2.97464853
1922  3 28     3.65455010
1922  3 29     3.48516920
1922  3 30     2.78799679
1922  3 31     7.11535244
1922  4  1     6.53789337
1922  4  2     3.91230055
1922  4  3     3.37707883
1922  4  4     2.97261738
1922  4  5     5.03599646
1922  4  6     3.14243389
1922  4  7     2.82275809
1922  4  8     2.91058883
1922  4  9     2.62915815
1922  4 10     2.28385266
1922  4 11     2.21050266
1922  4 12     7.27704404
1922  4 13     6.48822837
1922  4 14     3.83551979
1922  4 15     3.15119380
1922  4 16     2.67699293
1922  4 17     2.36091733
1922  4 18     2.17499489
1922  4 19     2.23867611
1922  4 20     2.27356866
1922  4 21     2.19031671
1922  4 22     2.10889150
1922  4 23     2.08056944
1922  4 24     2.06484591
1922  4 25     2.10380592
1922  4 26     2.02171488
1922  4 27     1.90155273
1922  4 28     1.84614730
1922  4 29     1.78404831
1922  4 30     1.72522694
1922  5  1     1.72693900
1922  5  2     1.77028545
1922  5  3     1.80611999
1922  5  4     1.83301845
1922  5  5     1.85388335
1922  5  6     1.81839988
1922  5  7     1.62654366
1922  5  8     2.01338055
1922  5  9     5.13678848
1922  5 10     3.58390962
1922  5 11     2.49626631
1922  5 12     2.84215460
1922  5 13     2.70383225
1922  5 14     2.16007949
1922  5 15     2.07724854
1922  5 16     1.81424591
1922  5 17     1.70882757
1922  5 18     1.61610544
1922  5 19     2.02931850
1922  5 20     1.59859503
1922  5 21     1.45765468
1922  5 22     1.43282317
1922  5 23     1.42589098
1922  5 24     1.33758215
1922  5 25     1.22788713
1922  5 26     1.14256950
1922  5 27     1.17568632
1922  5 28     1.16826148
1922  5 29     1.01240207
1922  5 30     0.93910611
1922  5 31     0.89186087
1922  6  1     0.85055784
1922  6  2     0.81813521
1922  6  3     0.78689884
1922  6  4     0.75830047
1922  6  5     0.73165513
1922  6  6     0.70648405
1922  6  7     0.68272093
1922  6  8     0.66013749
1922  6  9     0.64010184
1922  6 10     0.62027630
1922  6 11     0.60038242
1922  6 12     0.88274363
1922  6 13     1.21873813
1922  6 14     0.66686298
1922  6 15     0.54404881
1922  6 16     0.52302819
1922  6 17     0.50555990
1922  6 18     0.48933635
1922  6 19     0.47457284
1922  6 20     0.45987900
1922  6 21     0.44638860
1922  6 22     0.43298886
1922  6 23     0.41861123
1922  6 24     0.40394844
1922  6 25     0.39013944
1922  6 26     0.37840292
1922  6 27     0.36765096
1922  6 28     0.35597459
1922  6 29     0.34560198
1922  6 30     0.33542533
1922  7  1     0.32494267
1922  7  2     0.31450098
1922  7  3     0.30488002
1922  7  4     0.29580767
1922  7  5     0.28705747
1922  7  6     0.27859702
1922  7  7     0.27035346
1922  7  8     0.26241399
1922  7  9     0.25467189
1922  7 10     0.24711210
1922  7 11     0.23987647
1922  7 12     0.23273782
1922  7 13     0.22585971
1922  7 14     0.21919560
1922  7 15     0.21273031
1922  7 16     0.20645403
1922  7 17     0.20036468
1922  7 18     0.19445545
1922  7 19     0.56324158
1922  7 20     0.23776762
1922  7 21     0.17900768
1922  7 22     0.17251291
1922  7 23     0.16742627
1922  7 24     0.16248860
1922  7 25     0.15769855
1922  7 26     0.15304809
1922  7 27     0.14853659
1922  7 28     0.14415663
1922  7 29     0.13990725
1922  7 30     0.13578207
1922  7 31     0.13179109
1922  8  1     0.12789766
1922  8  2     0.13557380
1922  8  3     0.12192863
1922  8  4     0.11691372
1922  8  5     0.11346719
1922  8  6     0.11012232
1922  8  7     0.10687698
1922  8  8     0.10372651
1922  8  9     0.10066776
1922  8 10     0.09770009
1922  8 11     0.09482139
1922  8 12     0.09202508
1922  8 13     0.08931213
1922  8 14     0.08667942
1922  8 15     0.08412433
1922  8 16     0.08164455
1922  8 17     0.07923787
1922  8 18     0.07690214
1922  8 19     0.07463525
1922  8 20     0.07243519
1922  8 21     0.07029998
1922  8 22     0.06822771
1922  8 23     0.06621653
1922  8 24     0.34585051
1922  8 25     0.09718162
1922  8 26     0.07051262
1922  8 27     0.05999302
1922  8 28     0.66435296
1922  8 29     0.36949300
1922  8 30     0.08430885
1922  8 31     0.05213008
1922  9  1     0.05059385
1922  9  2     0.04910219
1922  9  3     0.04765453
1922  9  4     0.04624958
1922  9  5     0.04488608
1922  9  6     0.04356279
1922  9  7     0.04227854
1922  9  8     0.04103216
1922  9  9     0.03982253
1922  9 10     0.03864858
1922  9 11     0.03750925
1922  9 12     0.03640351
1922  9 13     0.03533037
1922  9 14     0.03428887
1922  9 15     0.03327808
1922  9 16     0.03229710
1922  9 17     0.03134503
1922  9 18     0.03042103
1922  9 19     0.02952427
1922  9 20     0.02865395
1922  9 21     0.02780929
1922  9 22     0.02699002
1922  9 23     0.02619395
1922  9 24     0.02542172
1922  9 25     0.02467235
1922  9 26     0.02394507
1922  9 27     0.02323923
1922  9 28     0.02255420
1922  9 29     0.02188936
1922  9 30     0.02124411
1922 10  1     0.02061789
1922 10  2     0.04178533
1922 10  3     0.02208039
1922 10  4     0.01884788
1922 10  5     0.01829223
1922 10  6     0.01775302
1922 10  7     0.01722970
1922 10  8     0.01672181
1922 10  9     0.01622890
1922 10 10     0.01575051
1922 10 11     0.01528622
1922 10 12     0.02902271
1922 10 13     0.01612976
1922 10 14     0.01397392
1922 10 15     0.01356196
1922 10 16     0.01316219
1922 10 17     0.01277420
1922 10 18     0.01239765
1922 10 19     0.01203220
1922 10 20     0.01167752
1922 10 21     0.01133330
1922 10 22     0.01099922
1922 10 23     0.01067499
1922 10 24     0.01036032
1922 10 25     0.01005492
1922 10 26     0.02751775
1922 10 27     0.65702872
1922 10 28     1.27487138
1922 10 29     0.20772499
1922 10 30     0.01940756
1922 10 31     0.00875319
1922 11  1     0.00816160
1922 11  2     0.07730317
1922 11  3     0.02845827
1922 11  4     0.00897111
1922 11  5     0.00724465
1922 11  6     0.00792573
1922 11  7     0.14977804
1922 11  8     0.20443051
1922 11  9     1.62572039
1922 11 10     2.24128366
1922 11 11     0.47932617
1922 11 12     0.17730326
1922 11 13     0.14130532
1922 11 14     0.12702058
1922 11 15     0.11686343
1922 11 16     0.10876034
1922 11 17     0.10206671
1922 11 18     0.09638387
1922 11 19     0.09144758
1922 11 20     0.08708018
1922 11 21     0.08315314
1922 11 22     0.07958597
1922 11 23     0.07631607
1922 11 24     0.07329162
1922 11 25     0.07047733
1922 11 26     0.06784501
1922 11 27     0.06538024
1922 11 28     0.43885340
1922 11 29     2.38379053
1922 11 30     0.71235927
1922 12  1     0.39237818
1922 12  2     0.53173326
1922 12  3     0.61833037
1922 12  4     0.35672285
1922 12  5     0.29853961
1922 12  6     5.15841806
1922 12  7     4.68788556
1922 12  8     3.64704683
1922 12  9     1.75704672
1922 12 10     5.27079042
1922 12 11     3.54299384
1922 12 12     4.70947887
1922 12 13    15.19639940
1922 12 14     9.22359852
1922 12 15     6.39635111
1922 12 16     4.83676978
1922 12 17     7.35286129
1922 12 18     4.12224502
1922 12 19     3.14070499
1922 12 20     2.55145216
1922 12 21     2.13295584
1922 12 22     1.84777233
1922 12 23     1.64530279
1922 12 24     1.49849658
1922 12 25     1.38617957
1922 12 26     1.30026182
1922 12 27     1.24208405
1922 12 28     8.19132680
1922 12 29     3.99479854
1922 12 30     3.08346695
1922 12 31     6.55733741
1923  1  1     3.49158338
1923  1  2     2.71952692
1923  1  3     2.25306439
1923  1  4     1.91360505
1923  1  5     1.68008049
1923  1  6     1.51588382
1923  1  7     1.39607934
1923  1  8     1.30520271
1923  1  9     1.23618646
1923  1 10     1.17590395
1923  1 11     1.12239270
1923  1 12     1.07632731
1923  1 13     1.03609349
1923  1 14     0.99857590
1923  1 15     0.96739931
1923  1 16     0.93835988
1923  1 17     1.04350139
1923  1 18     1.10875946
1923  1 19     0.91259878
1923  1 20     0.92682904
1923  1 21     2.10483149
1923  1 22     2.55794773
1923  1 23     1.75770882
1923  1 24     5.26260668
1923  1 25     8.70745458
1923  1 26     5.09713549
1923  1 27     3.53522633
1923  1 28     2.64120967
1923  1 29     6.02518034
1923  1 30     7.20792140
1923  1 31     4.10120665
1923  2  1     3.00905803
1923  2  2     2.43248410
1923  2  3     2.03760715
1923  2  4     1.82154329
1923  2  5     1.81736916
1923  2  6     1.53044936
1923  2  7     1.47810572
1923  2  8     2.01164340
1923  2  9     3.07950088
1923  2 10     1.86158356
1923  2 11     2.89283287
1923  2 12     3.26596522
1923  2 13     2.03080120
1923  2 14     1.97670996
1923  2 15     1.97858292
1923  2 16     1.96076227
1923  2 17     2.03584964
1923  2 18     2.17880352
1923  2 19     2.05880779
1923  2 20     1.86706687
1923  2 21     1.73462785
1923  2 22     1.62218592
1923  2 23     1.49945691
1923  2 24     1.42942054
1923  2 25     1.33452651
1923  2 26     1.26167306
1923  2 27     1.19772225
1923  2 28     1.24338264
1923  3  1     1.21837470
1923  3  2     1.15352740
1923  3  3     1.46123088
1923  3  4     2.25989572
1923  3  5     1.38485667
1923  3  6     1.28396851
1923  3  7     1.20249037
1923  3  8     1.13382277
1923  3  9     1.29910912
1923  3 10     1.07716446
1923  3 11     0.98212880
1923  3 12     0.94261988
1923  3 13     0.90734557
1923  3 14     0.85601275
1923  3 15     0.81962681
1923  3 16     0.80834422
1923  3 17     0.79778023
1923  3 18     0.79306402
1923  3 19     0.79612786
1923  3 20     0.76532675
1923  3 21     0.72233480
1923  3 22     0.70247307
1923  3 23     0.71061115
1923  3 24     0.70609941
1923  3 25     0.69513895
1923  3 26     0.69999474
1923  3 27     0.68288381
1923  3 28     0.67757767
1923  3 29     0.66140430
1923  3 30     0.65565053
1923  3 31     0.61629835
1923  4  1     1.24029076
1923  4  2     7.76714277
1923  4  3    11.70090663
1923  4  4     6.08473869
1923  4  5    14.44600187
1923  4  6    31.99236566
1923  4  7    15.33582995
1923  4  8     8.62243897
1923  4  9     9.26613201
1923  4 10    16.96701430
1923  4 11    11.91362450
1923  4 12     7.03216707
1923  4 13     5.51032845
1923  4 14     4.60144772
1923  4 15     3.99719009
1923  4 16     3.53055444
1923  4 17     4.02495810
1923  4 18     5.76545841
1923  4 19     3.72552074
1923  4 20     3.34070444
1923  4 21     3.59067997
1923  4 22     2.95772081
1923  4 23     2.80153635
1923  4 24     2.61521124
1923  4 25     3.78876526
1923  4 26     7.31110736
1923  4 27     4.08648703
1923  4 28     3.35994578
1923  4 29     2.94733552
1923  4 30     2.57631042
1923  5  1     2.33866335
1923  5  2     2.16630080
1923  5  3     2.03391321
1923  5  4     1.92443332
1923  5  5     1.83506265
1923  5  6     1.75778319
1923  5  7     1.68915890
1923  5  8     1.62641363
1923  5  9     1.56894203
1923  5 10     1.51722164
1923  5 11     1.46795289
1923  5 12     1.41973687
1923  5 13     1.37451377
1923  5 14     1.32915571
1923  5 15     1.28479085
1923  5 16     1.24406633
1923  5 17     1.20771921
1923  5 18     1.17239971
1923  5 19     1.14442452
1923  5 20     1.71482601
1923  5 21     1.24902664
1923  5 22     1.05483579
1923  5 23     1.01166721
1923  5 24     0.98064111
1923  5 25     0.95298378
1923  5 26     0.92720669
1923  5 27     0.89907626
1923  5 28     0.87168646
1923  5 29     0.84425299
1923  5 30     0.82126518
1923  5 31     0.79748628
1923  6  1     0.77303433
1923  6  2     0.74878821
1923  6  3     0.72474890
1923  6  4     0.70170120
1923  6  5     1.52030002
1923  6  6     0.96835043
1923  6  7     0.74472947
1923  6  8     0.70473138
1923  6  9     0.66779104
1923  6 10     0.63698483
1923  6 11     0.61180484
1923  6 12     0.59590631
1923  6 13     0.57554046
1923  6 14     0.55520475
1923  6 15     0.77106970
1923  6 16     1.28077008
1923  6 17     0.73755513
1923  6 18     0.60030124
1923  6 19     0.56748422
1923  6 20     0.53340045
1923  6 21     0.50716617
1923  6 22     0.48590424
1923  6 23     0.46521435
1923  6 24     0.44740377
1923  6 25     0.43184855
1923  6 26     0.41660284
1923  6 27     0.40154029
1923  6 28     0.38737945
1923  6 29     0.37393525
1923  6 30     0.36150299
1923  7  1     0.34993972
1923  7  2     0.34032638
1923  7  3     0.32908224
1923  7  4     0.31901033
1923  7  5     0.30898965
1923  7  6     0.30004473
1923  7  7     0.29232383
1923  7  8     0.28343617
1923  7  9     0.27384214
1923  7 10     0.26526634
1923  7 11     0.25715435
1923  7 12     0.24889064
1923  7 13     0.24150777
1923  7 14     0.23428747
1923  7 15     0.22734551
1923  7 16     0.22114729
1923  7 17     0.21454976
1923  7 18     0.20776811
1923  7 19     0.20156474
1923  7 20     0.19557674
1923  7 21     0.18977106
1923  7 22     0.18416276
1923  7 23     0.22138187
1923  7 24     0.17852607
1923  7 25     0.16832747
1923  7 26     0.16335927
1923  7 27     0.15853853
1923  7 28     0.15386065
1923  7 29     0.14932132
1923  7 30     0.14491636
1923  7 31     0.14064172
1923  8  1     0.13649398
1923  8  2     0.13246792
1923  8  3     0.12856122
1923  8  4     0.12477002
1923  8  5     0.12109080
1923  8  6     0.11752022
1923  8  7     0.11405621
1923  8  8     0.11069220
1923  8  9     0.10742838
1923  8 10     0.10426164
1923  8 11     0.10118725
1923  8 12     0.11076613
1923  8 13     0.09691375
1923  8 14     0.09249901
1923  8 15     0.08977181
1923  8 16     0.08712635
1923  8 17     0.08455796
1923  8 18     0.09346361
1923  8 19     0.08106696
1923  8 20     0.07729689
1923  8 21     0.07501799
1923  8 22     0.07280665
1923  8 23     0.07066049
1923  8 24     0.06857759
1923  8 25     0.06655610
1923  8 26     0.06459419
1923  8 27     0.06269011
1923  8 28     0.06084216
1923  8 29     0.05904869
1923  8 30     0.05730808
1923  8 31     0.07625135
1923  9  1     0.05651795
1923  9  2     0.05238816
1923  9  3     0.05084385
1923  9  4     0.04934508
1923  9  5     0.04789051
1923  9  6     0.04647882
1923  9  7     0.04510874
1923  9  8     0.04377904
1923  9  9     0.04248855
1923  9 10     0.06304200
1923  9 11     0.04269645
1923  9 12     0.11183095
1923  9 13     0.04641670
1923  9 14     0.03658494
1923  9 15     0.03550631
1923  9 16     0.03445967
1923  9 17     0.03344388
1923  9 18     0.03245804
1923  9 19     0.03150126
1923  9 20     0.03057268
1923  9 21     0.02967147
1923  9 22     0.57181349
1923  9 23     1.16547715
1923  9 24     0.16291322
1923  9 25     0.40620827
1923  9 26     0.67344582
1923  9 27     0.10100296
1923  9 28     0.02419628
1923  9 29     0.02335522
1923  9 30     0.02266676
1923 10  1     0.02199860
1923 10  2     0.02135014
1923 10  3     0.02072079
1923 10  4     0.02010999
1923 10  5     0.01951720
1923 10  6     0.01894188
1923 10  7     0.64084951
1923 10  8     0.19910359
1923 10  9     0.02995762
1923 10 10     0.01680556
1923 10 11     0.01630989
1923 10 12     0.01582912
1923 10 13     0.01536252
1923 10 14     0.01490967
1923 10 15     0.01447017
1923 10 16     0.01404362
1923 10 17     0.01362965
1923 10 18     0.01322788
1923 10 19     0.01283796
1923 10 20     0.01245953
1923 10 21     0.01209225
1923 10 22     0.03923183
1923 10 23     0.01472318
1923 10 24     0.01105419
1923 10 25     0.01072827
1923 10 26     0.01041202
1923 10 27     0.01010510
1923 10 28     0.00980723
1923 10 29     0.00951814
1923 10 30     0.00923757
1923 10 31     0.60305767
1923 11  1     0.17353643
1923 11  2     0.02963057
1923 11  3     0.00869704
1923 11  4     0.00795400
1923 11  5     0.00771954
1923 11  6     0.00749198
1923 11  7     0.00727114
1923 11  8     0.00705680
1923 11  9     0.01074270
1923 11 10     0.06449063
1923 11 11     0.01385093
1923 11 12     0.00626098
1923 11 13     0.00607626
1923 11 14     0.00589714
1923 11 15     0.00581524
1923 11 16     0.00556722
1923 11 17     0.00539086
1923 11 18     0.00523196
1923 11 19     0.00507773
1923 11 20     0.00492805
1923 11 21     0.00478278
1923 11 22     0.00464180
1923 11 23     0.00450497
1923 11 24     0.00437218
1923 11 25     0.00424330
1923 11 26     0.00411821
1923 11 27     0.00399682
1923 11 28     0.00387900
1923 11 29     0.00376466
1923 11 30     0.00365369
1923 12  1     0.00354598
1923 12  2     0.00344146
1923 12  3     0.00334001
1923 12  4     0.00324156
1923 12  5     0.00314600
1923 12  6     0.00305327
1923 12  7     0.16933758
1923 12  8     0.09561335
1923 12  9     0.01137843
1923 12 10     0.00302807
1923 12 11     0.00289868
1923 12 12     0.00376063
1923 12 13     0.16075597
1923 12 14     0.02948566
1923 12 15     0.00508480
1923 12 16     0.00466319
1923 12 17     0.00485467
1923 12 18     0.00373557
1923 12 19     0.48156867
1923 12 20     0.07996047
1923 12 21     0.00654879
1923 12 22     0.00384003
1923 12 23     0.00364671
1923 12 24     0.00371979
1923 12 25     0.00370581
1923 12 26     0.00326027
1923 12 27     0.00308185
1923 12 28     0.03284199
1923 12 29     0.51144640
1923 12 30     0.09682696
1923 12 31     0.03567291
1924  1  1     0.19096957
1924  1  2     0.05831322
1924  1  3     0.03755084
1924  1  4     0.05200733
1924  1  5     0.06593305
1924  1  6     0.05888814
1924  1  7     0.07037797
1924  1  8     0.18540940
1924  1  9     0.08639735
1924  1 10     0.06693299
1924  1 11     0.06395163
1924  1 12     0.06337396
1924  1 13     0.06123670
1924  1 14     0.05307602
1924  1 15     0.03762570
1924  1 16     0.03704800
1924  1 17     0.03797007
1924  1 18     0.03375132
1924  1 19     0.03589123
1924  1 20     0.03647148
1924  1 21     0.03772934
1924  1 22     0.03717733
1924  1 23     0.03195027
1924  1 24     0.03202231
1924  1 25     0.03241046
1924  1 26     0.03794239
1924  1 27     1.78773463
1924  1 28     0.60461964
1924  1 29     0.23362886
1924  1 30     0.18045327
1924  1 31     0.16572689
1924  2  1     0.15130529
1924  2  2     0.13996806
1924  2  3     0.13139818
1924  2  4     0.12431024
1924  2  5     0.11884049
1924  2  6     0.11318966
1924  2  7     0.10933216
1924  2  8     0.10433905
1924  2  9     1.99446838
1924  2 10     1.59752755
1924  2 11     0.61682506
1924  2 12     0.42713669
1924  2 13     0.34904537
1924  2 14     0.30152786
1924  2 15     0.26874788
1924  2 16     0.24475141
1924  2 17     0.22650053
1924  2 18     0.21209142
1924  2 19     0.20030846
1924  2 20     0.19036916
1924  2 21     0.18173878
1924  2 22     0.17407324
1924  2 23     0.16713914
1924  2 24     0.16077409
1924  2 25     0.15485847
1924  2 26     0.14935398
1924  2 27     0.14415628
1924  2 28     0.13924101
1924  2 29     0.13457454
1924  3  1     0.13012661
1924  3  2     1.71331896
1924  3  3     0.60721765
1924  3  4     0.84973965
1924  3  5     0.47309974
1924  3  6     0.34300241
1924  3  7     0.29662914
1924  3  8     0.26220143
1924  3  9     0.23721115
1924  3 10     0.21863239
1924  3 11     0.20426748
1924  3 12     0.19272578
1924  3 13     0.18311523
1924  3 14     0.17485457
1924  3 15     0.16770075
1924  3 16     0.16103511
1924  3 17     0.15742731
1924  3 18     0.28711167
1924  3 19     0.16231716
1924  3 20     0.64052872
1924  3 21     2.00006748
1924  3 22     0.69314666
1924  3 23     5.13930824
1924  3 24     4.20362835
1924  3 25     1.95337971
1924  3 26     6.16680700
1924  3 27     8.34157056
1924  3 28     7.91654160
1924  3 29     4.03306654
1924  3 30     2.81038205
1924  3 31     2.20077039
1924  4  1     1.79519404
1924  4  2     4.65369083
1924  4  3     3.25595772
1924  4  4     5.37310807
1924  4  5     2.99749019
1924  4  6     2.43757233
1924  4  7     1.99022665
1924  4  8     1.66989294
1924  4  9     1.44397943
1924  4 10     1.31424958
1924  4 11     1.18950260
1924  4 12     1.10800995
1924  4 13     1.05093792
1924  4 14     2.43172331
1924  4 15     1.74243006
1924  4 16     1.33985132
1924  4 17     1.21042296
1924  4 18     1.10017396
1924  4 19     1.01987887
1924  4 20     0.94311539
1924  4 21     0.85818242
1924  4 22     0.80661890
1924  4 23     3.16487939
1924  4 24     1.82295524
1924  4 25     1.34697733
1924  4 26     1.17027340
1924  4 27     1.01510646
1924  4 28     0.90327306
1924  4 29     0.82231319
1924  4 30     0.76249924
1924  5  1     0.71638028
1924  5  2     0.67905035
1924  5  3     0.64825745
1924  5  4     0.62187455
1924  5  5     0.59835629
1924  5  6     0.57653184
1924  5  7     0.55607560
1924  5  8     0.53701468
1924  5  9     0.51913077
1924  5 10     0.50262052
1924  5 11     0.53917507
1924  5 12     0.48131587
1924  5 13     0.85182142
1924  5 14     0.49189677
1924  5 15     0.42957766
1924  5 16     0.41595174
1924  5 17     0.40299812
1924  5 18     0.39075041
1924  5 19     0.37877199
1924  5 20     0.36728687
1924  5 21     0.35636910
1924  5 22     0.34571863
1924  5 23     0.33554739
1924  5 24     0.32523710
1924  5 25     0.31549358
1924  5 26     0.30613056
1924  5 27     0.29706029
1924  5 28     0.28823097
1924  5 29     0.27967869
1924  5 30     0.27135136
1924  5 31     0.26330991
1924  6  1     0.25546196
1924  6  2     0.24790277
1924  6  3     0.24057662
1924  6  4     0.23346910
1924  6  5     0.22657337
1924  6  6     0.21988514
1924  6  7     0.21340235
1924  6  8     0.20711431
1924  6  9     0.20099411
1924  6 10     0.19505111
1924  6 11     0.18929484
1924  6 12     0.18371029
1924  6 13     0.17829103
1924  6 14     0.17303207
1924  6 15     0.16792889
1924  6 16     0.16297603
1924  6 17     0.15816974
1924  6 18     0.15350548
1924  6 19     0.14897914
1924  6 20     0.14458609
1924  6 21     0.14032460
1924  6 22     0.13618554
1924  6 23     0.13217069
1924  6 24     0.12827399
1924  6 25     0.12449155
1924  6 26     0.12082255
1924  6 27     0.11726025
1924  6 28     0.11380400
1924  6 29     0.11045084
1924  6 30     0.10719334
1924  7  1     0.10403118
1924  7  2     0.10096362
1924  7  3     0.09799733
1924  7  4     0.09510080
1924  7  5     0.09229584
1924  7  6     0.08957491
1924  7  7     0.08693443
1924  7  8     0.08437182
1924  7  9     0.08188474
1924  7 10     0.07947099
1924  7 11     0.07712838
1924  7 12     0.07485483
1924  7 13     0.07264829
1924  7 14     0.07050680
1924  7 15     0.06842844
1924  7 16     0.06641134
1924  7 17     0.06445369
1924  7 18     0.06255379
1924  7 19     0.06070983
1924  7 20     0.05892025
1924  7 21     0.05718343
1924  7 22     0.05549781
1924  7 23     0.05386187
1924  7 24     0.05227416
1924  7 25     0.05073324
1924  7 26     0.04923775
1924  7 27     0.04778635
1924  7 28     0.04637772
1924  7 29     0.04501062
1924  7 30     0.04368382
1924  7 31     0.04239621
1924  8  1     0.04114640
1924  8  2     0.03993384
1924  8  3     0.03876027
1924  8  4     0.03762128
1924  8  5     0.03650531
1924  8  6     0.03542879
1924  8  7     0.03438438
1924  8  8     0.03337090
1924  8  9     0.03238713
1924  8 10     0.03165324
1924  8 11     0.03053473
1924  8 12     0.02960665
1924  8 13     0.02873389
1924  8 14     0.02788689
1924  8 15     0.02706485
1924  8 16     0.02626705
1924  8 17     0.02549276
1924  8 18     0.02474130
1924  8 19     0.02401199
1924  8 20     0.02330417
1924  8 21     0.02261722
1924  8 22     0.02195052
1924  8 23     0.02130348
1924  8 24     0.02067550
1924  8 25     0.02006604
1924  8 26     0.01947454
1924  8 27     0.01890048
1924  8 28     0.01834334
1924  8 29     0.01780263
1924  8 30     0.01727785
1924  8 31     0.01676854
1924  9  1     0.01627425
1924  9  2     0.01579452
1924  9  3     0.01532894
1924  9  4     0.01487708
1924  9  5     0.01443854
1924  9  6     0.01401293
1924  9  7     0.01359986
1924  9  8     0.01319897
1924  9  9     0.01280990
1924  9 10     0.01243230
1924  9 11     0.01206582
1924  9 12     0.01171015
1924  9 13     0.01136497
1924  9 14     0.01102995
1924  9 15     0.01070482
1924  9 16     0.01038927
1924  9 17     0.01008302
1924  9 18     0.00978580
1924  9 19     0.00949733
1924  9 20     0.00921738
1924  9 21     0.00894567
1924  9 22     0.00868198
1924  9 23     0.00842605
1924  9 24     0.00817767
1924  9 25     0.00793662
1924  9 26     0.00770266
1924  9 27     0.00747561
1924  9 28     0.00725525
1924  9 29     0.00704138
1924  9 30     0.00683382
1924 10  1     0.00663237
1924 10  2     0.00643687
1924 10  3     0.00624712
1924 10  4     0.00606297
1924 10  5     0.00588425
1924 10  6     0.43886512
1924 10  7     0.13387293
1924 10  8     0.01399468
1924 10  9     0.00522072
1924 10 10     0.21078922
1924 10 11     0.03114263
1924 10 12     0.00487816
1924 10 13     0.00469578
1924 10 14     0.00450443
1924 10 15     0.00436262
1924 10 16     0.60684833
1924 10 17     0.10864369
1924 10 18     0.00767072
1924 10 19     0.00387061
1924 10 20     0.00375643
1924 10 21     0.00364570
1924 10 22     0.00353823
1924 10 23     0.00343394
1924 10 24     0.00333271
1924 10 25     0.00323447
1924 10 26     0.00313913
1924 10 27     0.00304659
1924 10 28     0.22112361
1924 10 29     1.76528411
1924 10 30     0.28299131
1924 10 31     0.01486976
1924 11  1     0.00288726
1924 11  2     0.00254594
1924 11  3     0.00247089
1924 11  4     0.01485420
1924 11  5     0.26406654
1924 11  6     0.05846475
1924 11  7     0.00504550
1924 11  8     0.08387062
1924 11  9    11.57153780
1924 11 10     9.62029152
1924 11 11     2.86857405
1924 11 12     1.69615321
1924 11 13     1.36574258
1924 11 14     1.13230349
1924 11 15     0.97494539
1924 11 16     0.86974921
1924 11 17     0.79191505
1924 11 18     0.73202298
1924 11 19     0.68427786
1924 11 20     0.64494757
1924 11 21     0.61158196
1924 11 22     0.58257488
1924 11 23     0.55682262
1924 11 24     0.53357421
1924 11 25     0.51231100
1924 11 26     0.49266654
1924 11 27     0.47436991
1924 11 28     0.45722382
1924 11 29     0.44109455
1924 11 30     0.42582586
1924 12  1     0.41143501
1924 12  2     0.39773022
1924 12  3     0.38463306
1924 12  4     0.37210536
1924 12  5     0.55117930
1924 12  6     6.52345645
1924 12  7     3.23336722
1924 12  8    17.48003761
1924 12  9     8.06821328
1924 12 10     4.27014973
1924 12 11     3.11483933
1924 12 12     2.38763353
1924 12 13     1.88760135
1924 12 14     1.57434413
1924 12 15     1.33664705
1924 12 16     5.76564855
1924 12 17     3.74584584
1924 12 18     2.29358759
1924 12 19     1.80748478
1924 12 20     1.48599414
1924 12 21     3.61541468
1924 12 22     8.94691038
1924 12 23     4.36702966
1924 12 24     2.95494475
1924 12 25     2.32033329
1924 12 26     1.87538109
1924 12 27     1.58389190
1924 12 28     1.43601946
1924 12 29     4.29106434
1924 12 30    14.58897802
1924 12 31     6.65934482
1925  1  1     4.14878785
1925  1  2     3.22855616
1925  1  3     2.62529104
1925  1  4     2.18436748
1925  1  5     1.91855846
1925  1  6     1.81670767
1925  1  7     1.57828007
1925  1  8     1.46475068
1925  1  9     1.36881410
1925  1 10     1.29806289
1925  1 11     1.22422269
1925  1 12     1.17756227
1925  1 13     1.13898246
1925  1 14     4.84620407
1925  1 15     3.25193547
1925  1 16     2.14036712
1925  1 17     1.78762854
1925  1 18     1.55322405
1925  1 19     1.38734069
1925  1 20     1.29969264
1925  1 21     1.24828373
1925  1 22     1.20454610
1925  1 23     1.26837359
1925  1 24     1.17494248
1925  1 25     7.82093790
1925  1 26     5.33617212
1925  1 27     3.18150873
1925  1 28     2.46391295
1925  1 29     2.18147469
1925  1 30     1.94020933
1925  1 31     1.74176884
1925  2  1     1.57054071
1925  2  2     1.52599045
1925  2  3     1.48600716
1925  2  4     1.45951711
1925  2  5     3.19893119
1925  2  6     9.59785910
1925  2  7     5.62949005
1925  2  8    17.81925132
1925  2  9    11.21041023
1925  2 10     6.18073635
1925  2 11     4.75144456
1925  2 12     8.77351752
1925  2 13    12.85567939
1925  2 14     6.59648581
1925  2 15     4.83269930
1925  2 16     3.98582215
1925  2 17     3.39748188
1925  2 18     3.01230096
1925  2 19     2.84968828
1925  2 20     6.94656159
1925  2 21     6.72398444
1925  2 22     4.15142230
1925  2 23     9.17023866
1925  2 24     7.24760037
1925  2 25     4.66717554
1925  2 26     3.90411136
1925  2 27     3.40618069
1925  2 28     3.00288268
1925  3  1     2.76163799
1925  3  2     2.60471763
1925  3  3     2.44975528
1925  3  4     2.36301156
1925  3  5     2.24553868
1925  3  6     4.38114007
1925  3  7     6.99785261
1925  3  8     5.91390147
1925  3  9     5.95697607
1925  3 10     7.94594627
1925  3 11     4.57640213
1925  3 12     3.96077268
1925  3 13     3.26192224
1925  3 14     3.11702283
1925  3 15     3.03759728
1925  3 16     2.89963814
1925  3 17     2.70318469
1925  3 18     2.67324964
1925  3 19     2.64631233
1925  3 20     2.46076189
1925  3 21     2.26961954
1925  3 22     2.18796780
1925  3 23     2.07762880
1925  3 24     1.99410209
1925  3 25     1.91022221
1925  3 26     1.84256224
1925  3 27     1.84849386
1925  3 28     2.01413128
1925  3 29    44.87765546
1925  3 30    21.60543031
1925  3 31    13.20141525
1925  4  1     9.41579497
1925  4  2     6.93991953
1925  4  3     7.00994722
1925  4  4    15.03501460
1925  4  5    11.34386513
1925  4  6     7.11038304
1925  4  7     5.68185045
1925  4  8     4.98651944
1925  4  9     4.53655365
1925  4 10     3.98921052
1925  4 11     3.66557324
1925  4 12     3.41864703
1925  4 13     3.22489040
1925  4 14     3.12364194
1925  4 15     3.05234535
1925  4 16     2.95102793
1925  4 17     2.84726755
1925  4 18     2.60852989
1925  4 19     2.47209195
1925  4 20     3.44000654
1925  4 21     6.37732221
1925  4 22     8.58287697
1925  4 23     5.87471227
1925  4 24     4.59215359
1925  4 25     4.20898301
1925  4 26     3.66699022
1925  4 27     3.25300022
1925  4 28     2.94054534
1925  4 29     5.78943993
1925  4 30     3.55393213
1925  5  1     3.11006430
1925  5  2     2.86021707
1925  5  3     2.63968026
1925  5  4     2.44006038
1925  5  5     2.31521332
1925  5  6     2.22302438
1925  5  7     2.08158128
1925  5  8     1.97687492
1925  5  9     1.88576900
1925  5 10     1.82615982
1925  5 11     1.97045209
1925  5 12     1.73380088
1925  5 13     2.68556261
1925  5 14     1.92709932
1925  5 15     1.77849654
1925  5 16     1.74456827
1925  5 17     1.65787737
1925  5 18     1.59491425
1925  5 19     1.51258530
1925  5 20     6.08808127
1925  5 21     3.82509188
1925  5 22     2.65541613
1925  5 23     2.32876344
1925  5 24     1.99433384
1925  5 25     1.69463613
1925  5 26     1.51732403
1925  5 27     1.39447862
1925  5 28     1.30066284
1925  5 29     1.22907803
1925  5 30     1.17119632
1925  5 31     1.12143853
1925  6  1     1.21057495
1925  6  2     1.05387991
1925  6  3     5.96983451
1925  6  4     3.97148106
1925  6  5     2.92189157
1925  6  6     2.11486184
1925  6  7     1.82051034
1925  6  8     1.55950458
1925  6  9     1.36805999
1925  6 10     1.23342557
1925  6 11     1.13520373
1925  6 12     1.05900952
1925  6 13     0.99909418
1925  6 14     0.95167772
1925  6 15     0.91205616
1925  6 16     0.87566263
1925  6 17     0.84095562
1925  6 18     0.81088608
1925  6 19     0.78058887
1925  6 20     0.75244897
1925  6 21     0.72768547
1925  6 22     0.70397731
1925  6 23     0.67840936
1925  6 24     0.65573187
1925  6 25     0.63420840
1925  6 26     0.61406050
1925  6 27     0.64108867
1925  6 28     0.59980371
1925  6 29     0.56230777
1925  6 30     0.59939970
1925  7  1     0.53417319
1925  7  2     0.51494946
1925  7  3     0.82018098
1925  7  4     0.54232872
1925  7  5     0.47302371
1925  7  6     0.45560079
1925  7  7     0.44150423
1925  7  8     0.42749741
1925  7  9     0.41434880
1925  7 10     0.40193202
1925  7 11     0.39023709
1925  7 12     0.37768108
1925  7 13     0.36591684
1925  7 14     0.35412901
1925  7 15     0.34818669
1925  7 16     0.33816979
1925  7 17     0.43806543
1925  7 18     0.34190370
1925  7 19     0.31607791
1925  7 20     0.29546274
1925  7 21     0.28582961
1925  7 22     0.27816306
1925  7 23     0.27008888
1925  7 24     0.26106032
1925  7 25     0.25326043
1925  7 26     0.24522912
1925  7 27     0.23789772
1925  7 28     0.23088132
1925  7 29     0.22403037
1925  7 30     0.21740549
1925  7 31     0.21099292
1925  8  1     0.20477261
1925  8  2     0.29721881
1925  8  3     0.20474939
1925  8  4     0.18718684
1925  8  5     0.18166805
1925  8  6     0.17631157
1925  8  7     0.19963000
1925  8  8     0.16959727
1925  8  9     0.21457538
1925  8 10     0.19763350
1925  8 11     0.15586770
1925  8 12     0.14733858
1925  8 13     0.14299279
1925  8 14     0.13877706
1925  8 15     0.13468400
1925  8 16     0.13071349
1925  8 17     0.12686038
1925  8 18     0.12312085
1925  8 19     0.11949155
1925  8 20     0.11596924
1925  8 21     0.11255075
1925  8 22     0.10923304
1925  8 23     0.10601312
1925  8 24     0.10288812
1925  8 25     0.09985523
1925  8 26     0.09691175
1925  8 27     0.09405503
1925  8 28     0.09128252
1925  8 29     0.08859174
1925  8 30     0.08598027
1925  8 31     0.08344579
1925  9  1     0.08098602
1925  9  2     0.07859875
1925  9  3     0.07628185
1925  9  4     0.07403325
1925  9  5     0.07185094
1925  9  6     0.06973295
1925  9  7     0.06767740
1925  9  8     0.06568244
1925  9  9     0.06374628
1925  9 10     0.06186720
1925  9 11     0.06004351
1925  9 12     0.05827357
1925  9 13     0.05655581
1925  9 14     0.05488869
1925  9 15     0.05327071
1925  9 16     0.05170042
1925  9 17     0.05017642
1925  9 18     0.04869734
1925  9 19     0.04726187
1925  9 20     0.04586870
1925  9 21     0.04451661
1925  9 22     0.04320437
1925  9 23     0.04193081
1925  9 24     0.04069480
1925  9 25     0.03949521
1925  9 26     0.03833099
1925  9 27     0.03720109
1925  9 28     0.03610450
1925  9 29     0.03504023
1925  9 30     0.03400733
1925 10  1     0.03300488
1925 10  2     0.03519353
1925 10  3     0.03153454
1925 10  4     0.03017137
1925 10  5     0.61259368
1925 10  6     0.53259686
1925 10  7     0.09881334
1925 10  8     0.02771428
1925 10  9     0.02597903
1925 10 10     0.08795698
1925 10 11     0.36278849
1925 10 12     0.41121248
1925 10 13     0.24456573
1925 10 14     0.04487091
1925 10 15     0.02177516
1925 10 16     0.02106988
1925 10 17     0.02044880
1925 10 18     0.01984602
1925 10 19     0.01926100
1925 10 20     0.01869324
1925 10 21     0.01814221
1925 10 22     0.01760742
1925 10 23     0.01708840
1925 10 24     0.01658467
1925 10 25     0.01609580
1925 10 26     0.01562133
1925 10 27     0.01516086
1925 10 28     0.01471395
1925 10 29     0.01428022
1925 10 30     0.01385928
1925 10 31     0.01345074
1925 11  1     0.04685260
1925 11  2     0.45619812
1925 11  3     0.54810961
1925 11  4     0.21667663
1925 11  5     0.03212939
1925 11  6     0.01158799
1925 11  7     0.01332845
1925 11  8     0.01332468
1925 11  9     0.01225494
1925 11 10     0.01171807
1925 11 11     0.01157585
1925 11 12     0.01428245
1925 11 13     0.01339597
1925 11 14     0.00974468
1925 11 15     0.00868146
1925 11 16     0.00833867
1925 11 17     0.00808800
1925 11 18     0.00784959
1925 11 19     0.00761820
1925 11 20     0.00739364
1925 11 21     0.00717569
1925 11 22     0.00696417
1925 11 23     0.00675888
1925 11 24     0.21672996
1925 11 25     0.03199084
1925 11 26     0.00617943
1925 11 27     0.00599649
1925 11 28     0.00581973
1925 11 29     0.00684690
1925 11 30     0.00565195
1925 12  1     0.00535354
1925 12  2     2.20816768
1925 12  3     0.41373993
1925 12  4     0.09968165
1925 12  5     0.07734345
1925 12  6     0.07181576
1925 12  7     0.06753392
1925 12  8     0.06380567
1925 12  9     0.06050613
1925 12 10     0.05754876
1925 12 11     0.05487138
1925 12 12     0.05244060
1925 12 13     0.05021033
1925 12 14     0.04813341
1925 12 15     0.04619346
1925 12 16     0.04439867
1925 12 17     0.04272300
1925 12 18     2.09958699
1925 12 19     0.59682548
1925 12 20     0.24875749
1925 12 21     0.20325487
1925 12 22     0.18333677
1925 12 23     0.16869634
1925 12 24     0.15713566
1925 12 25     0.14766150
1925 12 26     0.13966558
1925 12 27     0.13274470
1925 12 28     0.12663139
1925 12 29     0.12113947
1925 12 30     0.11614123
1925 12 31     0.11154671
1926  1  1     0.10728332
1926  1  2     0.10330803
1926  1  3     0.09958259
1926  1  4     0.09607330
1926  1  5     0.09274055
1926  1  6     0.08958509
1926  1  7     0.08658240
1926  1  8     0.08372062
1926  1  9     0.08099497
1926  1 10     0.07838768
1926  1 11     0.07589015
1926  1 12     0.07349152
1926  1 13     0.07118776
1926  1 14     0.06897231
1926  1 15     0.06684038
1926  1 16     0.06478007
1926  1 17     0.11157761
1926  1 18     0.28943292
1926  1 19     0.08597330
1926  1 20     0.05726415
1926  1 21     0.05552997
1926  1 22     0.05386538
1926  1 23     0.05230957
1926  1 24     0.05069377
1926  1 25     0.04937401
1926  1 26     0.04819369
1926  1 27     0.04752943
1926  1 28     0.33511923
1926  1 29     2.15410306
1926  1 30     0.60612140
1926  1 31     2.12169348
1926  2  1     2.66616701
1926  2  2     1.25680630
1926  2  3     4.25076537
1926  2  4     3.29174195
1926  2  5     1.57046585
1926  2  6     1.18941563
1926  2  7     0.96396271
1926  2  8     0.81191229
1926  2  9     0.70860200
1926  2 10     0.68253993
1926  2 11     0.71322251
1926  2 12    12.57860629
1926  2 13    10.83895748
1926  2 14    13.13489792
1926  2 15     6.11488295
1926  2 16     7.09184867
1926  2 17     4.31451461
1926  2 18     3.27127593
1926  2 19     2.63984076
1926  2 20     4.85175970
1926  2 21     3.08191684
1926  2 22     2.37534895
1926  2 23     2.01621441
1926  2 24     1.74826911
1926  2 25     1.56237763
1926  2 26     1.43138391
1926  2 27     1.32881287
1926  2 28     1.25041190
1926  3  1     1.18460695
1926  3  2     1.13292035
1926  3  3     1.08179188
1926  3  4     1.53764861
1926  3  5     1.52714685
1926  3  6     1.70171444
1926  3  7     2.56705499
1926  3  8     2.59903493
1926  3  9     7.60598762
1926  3 10     5.57305077
1926  3 11     3.20265376
1926  3 12     2.55195332
1926  3 13     2.07770953
1926  3 14     1.74243226
1926  3 15     1.51419786
1926  3 16     1.35202016
1926  3 17     1.27519290
1926  3 18     1.21133364
1926  3 19     1.08001486
1926  3 20     1.02166438
1926  3 21     0.99129779
1926  3 22     0.96688828
1926  3 23     0.96255524
1926  3 24     0.93956730
1926  3 25     0.90762482
1926  3 26     0.86270494
1926  3 27     0.82791535
1926  3 28     0.80477569
1926  3 29     0.78189356
1926  3 30     0.76813150
1926  3 31     0.74299025
1926  4  1     0.91970957
1926  4  2     0.69455750
1926  4  3     0.92248109
1926  4  4     1.68749099
1926  4  5    17.01989233
1926  4  6    10.25401942
1926  4  7     6.65234194
1926  4  8    16.19159671
1926  4  9     7.79589607
1926  4 10     5.03109690
1926  4 11     6.69774255
1926  4 12     4.13708383
1926  4 13     3.39900265
1926  4 14     2.85328434
1926  4 15     2.41684590
1926  4 16     2.12847011
1926  4 17     1.92339894
1926  4 18     5.31400030
1926  4 19     4.14602163
1926  4 20     2.70402168
1926  4 21     2.35045701
1926  4 22     2.05190293
1926  4 23     1.82727892
1926  4 24     1.66501138
1926  4 25     1.54335434
1926  4 26     1.44883101
1926  4 27     1.37248131
1926  4 28     1.37641129
1926  4 29     1.45121571
1926  4 30     2.02301858
1926  5  1     1.57660657
1926  5  2     1.36423225
1926  5  3     1.27435889
1926  5  4     1.34513452
1926  5  5     4.35159352
1926  5  6     2.24137974
1926  5  7     3.57298118
1926  5  8     2.18452089
1926  5  9     1.88629174
1926  5 10     1.61216351
1926  5 11     1.40043358
1926  5 12     1.25285684
1926  5 13     1.14704952
1926  5 14     1.06802586
1926  5 15     1.00632577
1926  5 16     0.95615760
1926  5 17     0.91384381
1926  5 18     0.87661755
1926  5 19     0.84371369
1926  5 20     0.81415720
1926  5 21     0.78596578
1926  5 22     0.75957729
1926  5 23     0.73988275
1926  5 24     1.07011768
1926  5 25     0.73486915
1926  5 26     0.66942024
1926  5 27     0.64792099
1926  5 28     0.62678144
1926  5 29     0.60707036
1926  5 30     0.58814677
1926  5 31     0.56931078
1926  6  1     0.55077625
1926  6  2     0.53374378
1926  6  3     0.51710342
1926  6  4     0.50154727
1926  6  5     0.48595067
1926  6  6     0.47094286
1926  6  7     0.45723579
1926  6  8     0.44435655
1926  6  9     0.43094846
1926  6 10     0.41778967
1926  6 11     0.40519860
1926  6 12     0.39313382
1926  6 13     0.38195209
1926  6 14     0.37072307
1926  6 15     0.35993081
1926  6 16     0.34891972
1926  6 17     0.33827739
1926  6 18     0.32820878
1926  6 19     0.31853975
1926  6 20     0.30911473
1926  6 21     0.29992843
1926  6 22     0.29103340
1926  6 23     0.28244078
1926  6 24     0.27426688
1926  6 25     0.26604287
1926  6 26     0.25817261
1926  6 27     0.25055735
1926  6 28     0.25945592
1926  6 29     0.23791355
1926  6 30     0.22903642
1926  7  1     0.22228223
1926  7  2     0.21572789
1926  7  3     0.20936663
1926  7  4     0.20319381
1926  7  5     0.19720232
1926  7  6     0.19138805
1926  7  7     0.18574674
1926  7  8     0.18026963
1926  7  9     0.17495503
1926  7 10     0.16979725
1926  7 11     0.16479090
1926  7 12     0.15993418
1926  7 13     0.15521879
1926  7 14     0.15064525
1926  7 15     0.14620391
1926  7 16     0.14189230
1926  7 17     0.13770741
1926  7 18     0.13364781
1926  7 19     0.12970821
1926  7 20     0.12588473
1926  7 21     0.12217396
1926  7 22     0.11857258
1926  7 23     0.11507735
1926  7 24     0.11168516
1926  7 25     0.10839296
1926  7 26     0.10519780
1926  7 27     0.10209683
1926  7 28     0.09908727
1926  7 29     0.09616643
1926  7 30     0.09333168
1926  7 31     0.09058049
1926  8  1     0.08791041
1926  8  2     0.08531903
1926  8  3     0.08280403
1926  8  4     0.08036318
1926  8  5     0.07799427
1926  8  6     0.07569519
1926  8  7     0.07346389
1926  8  8     0.07129835
1926  8  9     0.06919666
1926  8 10     0.06715691
1926  8 11     0.06517729
1926  8 12     0.06325603
1926  8 13     0.06139140
1926  8 14     0.05958173
1926  8 15     0.05782541
1926  8 16     0.05612086
1926  8 17     0.05446656
1926  8 18     0.05286102
1926  8 19     0.05130281
1926  8 20     0.04979053
1926  8 21     0.04832283
1926  8 22     0.04689839
1926  8 23     0.04551594
1926  8 24     0.04417424
1926  8 25     0.04287210
1926  8 26     0.04160833
1926  8 27     0.04038182
1926  8 28     0.03919147
1926  8 29     0.03803620
1926  8 30     0.03691499
1926  8 31     0.03582683
1926  9  1     0.03477074
1926  9  2     0.03374579
1926  9  3     0.03275104
1926  9  4     0.03178562
1926  9  5     0.03084866
1926  9  6     0.02993932
1926  9  7     0.02905678
1926  9  8     0.02820026
1926  9  9     0.02736899
1926  9 10     0.02656222
1926  9 11     0.02577923
1926  9 12     0.02501932
1926  9 13     0.02428182
1926  9 14     0.02356605
1926  9 15     0.02287138
1926  9 16     0.02219719
1926  9 17     0.02154287
1926  9 18     0.02090784
1926  9 19     0.02029153
1926  9 20     0.01969339
1926  9 21     0.01911287
1926  9 22     0.01854947
1926  9 23     0.01800268
1926  9 24     0.01747201
1926  9 25     0.01695698
1926  9 26     0.01645713
1926  9 27     0.01597201
1926  9 28     0.01550120
1926  9 29     0.01504426
1926  9 30     0.01460079
1926 10  1     0.01418987
1926 10  2     0.04704036
1926 10  3     0.01740502
1926 10  4     0.01295394
1926 10  5     0.01257200
1926 10  6     0.01220141
1926 10  7     0.01184174
1926 10  8     0.01149268
1926 10  9     0.01115390
1926 10 10     0.01082511
1926 10 11     0.01050602
1926 10 12     0.01019632
1926 10 13     0.00989576
1926 10 14     0.00960406
1926 10 15     0.00932096
1926 10 16     0.00904620
1926 10 17     0.00877954
1926 10 18     0.00852074
1926 10 19     0.00826957
1926 10 20     0.11068524
1926 10 21     0.02468106
1926 10 22     0.00797447
1926 10 23     0.00733680
1926 10 24     0.00712051
1926 10 25     0.00691061
1926 10 26     0.00670690
1926 10 27     0.00650920
1926 10 28     0.00631733
1926 10 29     0.00613111
1926 10 30     0.00595038
1926 10 31     0.00577497
1926 11  1     0.00560474
1926 11  2     0.00543953
1926 11  3     0.00527918
1926 11  4     0.00512357
1926 11  5     0.00497254
1926 11  6     0.00482596
1926 11  7     0.00468370
1926 11  8     0.00454564
1926 11  9     0.00441164
1926 11 10     0.00428160
1926 11 11     0.00415917
1926 11 12     0.57756146
1926 11 13     0.57133716
1926 11 14     0.07055750
1926 11 15     0.00405485
1926 11 16     0.00357799
1926 11 17     0.00347252
1926 11 18     0.00337016
1926 11 19     0.00327082
1926 11 20     0.00317440
1926 11 21     0.00308083
1926 11 22     0.18399323
1926 11 23     0.85969040
1926 11 24     6.75086170
1926 11 25     1.56080243
1926 11 26    14.16787977
1926 11 27    23.99932811
1926 11 28     8.70413546
1926 11 29     4.57662642
1926 11 30     3.41422489
1926 12  1     2.69893823
1926 12  2     2.22176585
1926 12  3     1.90171985
1926 12  4     1.67659298
1926 12  5     1.51278278
1926 12  6     1.95482867
1926 12  7     1.98837033
1926 12  8     1.43339035
1926 12  9     1.35207051
1926 12 10     1.24705901
1926 12 11     1.15513460
1926 12 12     1.85878534
1926 12 13     1.21137283
1926 12 14     1.18151047
1926 12 15     1.09371537
1926 12 16     1.01077733
1926 12 17     0.94738178
1926 12 18     1.32250508
1926 12 19     1.02908193
1926 12 20     0.93025006
1926 12 21     5.22323152
1926 12 22     3.03886282
1926 12 23     1.87728431
1926 12 24     1.52753258
1926 12 25     1.27390665
1926 12 26     1.10193774
1926 12 27     0.98472891
1926 12 28     0.90176454
1926 12 29     0.83916699
1926 12 30     0.80207757
1926 12 31     0.77247877
1927  1  1     0.75435028
1927  1  2     0.77491157
1927  1  3     0.78612724
1927  1  4     0.84448398
1927  1  5     0.90036993
1927  1  6     5.50683941
1927  1  7     2.68067278
1927  1  8     1.82757187
1927  1  9     1.52832292
1927  1 10     1.59005174
1927  1 11     4.15444518
1927  1 12     2.12859849
1927  1 13     1.71018062
1927  1 14     1.43215580
1927  1 15     1.24185952
1927  1 16     1.64452675
1927  1 17     1.25096325
1927  1 18     1.06173228
1927  1 19     0.98376120
1927  1 20     9.34037608
1927  1 21     7.91421602
1927  1 22     3.96238130
1927  1 23     2.93194680
1927  1 24     2.31058783
1927  1 25     1.89303769
1927  1 26     2.74533949
1927  1 27     4.59802843
1927  1 28     2.53551132
1927  1 29     2.06761498
1927  1 30     1.75174490
1927  1 31     1.51893363
1927  2  1     1.35082777
1927  2  2     1.32649608
1927  2  3     1.17131211
1927  2  4    10.35828124
1927  2  5     4.87073056
1927  2  6     3.08762055
1927  2  7     2.50159846
1927  2  8     2.07058665
1927  2  9     1.77350364
1927  2 10     1.56803075
1927  2 11     1.42001415
1927  2 12     1.32414834
1927  2 13     1.29472279
1927  2 14    16.18515900
1927  2 15    21.85565974
1927  2 16    32.34203642
1927  2 17    15.48015319
1927  2 18    37.08166653
1927  2 19    17.47020143
1927  2 20    10.53372843
1927  2 21    12.95175450
1927  2 22    11.50449881
1927  2 23     7.48190731
1927  2 24     8.26122658
1927  2 25     6.07248062
1927  2 26     5.64650146
1927  2 27     4.84199914
1927  2 28     4.30660975
1927  3  1     3.98596187
1927  3  2     3.70537979
1927  3  3     8.97864314
1927  3  4    11.68943164
1927  3  5     6.35773089
1927  3  6     5.07201651
1927  3  7     4.39747589
1927  3  8    10.12164876
1927  3  9    10.59392624
1927  3 10     6.95997928
1927  3 11     5.27800402
1927  3 12     4.59818751
1927  3 13     4.11524411
1927  3 14     6.56343520
1927  3 15     4.33495807
1927  3 16     3.84152146
1927  3 17     3.48959651
1927  3 18     3.35030869
1927  3 19     3.16491408
1927  3 20     2.89283196
1927  3 21     2.80969477
1927  3 22     2.74038092
1927  3 23     2.72725225
1927  3 24     2.64261343
1927  3 25     2.51964727
1927  3 26     2.40761376
1927  3 27     2.28383444
1927  3 28     2.19629267
1927  3 29     2.47708326
1927  3 30     4.33468840
1927  3 31     3.84781184
1927  4  1     3.29770503
1927  4  2     4.32826847
1927  4  3    13.43087635
1927  4  4     6.21909733
1927  4  5     4.41082261
1927  4  6     3.65552393
1927  4  7     3.14988623
1927  4  8     3.08925528
1927  4  9     4.44467188
1927  4 10     3.29801253
1927  4 11     3.37438867
1927  4 12     4.15362800
1927  4 13     2.93249487
1927  4 14     2.77341978
1927  4 15     3.01433218
1927  4 16     4.79486191
1927  4 17     3.08591834
1927  4 18     2.75813320
1927  4 19     2.52324470
1927  4 20     2.32316784
1927  4 21     2.23693063
1927  4 22     2.13902614
1927  4 23     2.05383817
1927  4 24     1.98778585
1927  4 25     1.92751937
1927  4 26     1.88631943
1927  4 27     1.76400910
1927  4 28     1.70242708
1927  4 29     1.67443142
1927  4 30     1.61321618
1927  5  1     1.52443740
1927  5  2     1.47200463
1927  5  3     1.44815832
1927  5  4     1.42588294
1927  5  5     1.38917460
1927  5  6     1.30387551
1927  5  7     6.00356295
1927  5  8     4.20123851
1927  5  9     2.56101836
1927  5 10     2.19934971
1927  5 11     1.94927769
1927  5 12     1.76013844
1927  5 13     1.55584054
1927  5 14     1.35403705
1927  5 15     1.24192141
1927  5 16     1.16138765
1927  5 17     1.10193577
1927  5 18     1.05034432
1927  5 19     1.00731372
1927  5 20     0.96955765
1927  5 21     0.93422389
1927  5 22     0.89875152
1927  5 23     0.86615803
1927  5 24     0.83502593
1927  5 25     0.80672750
1927  5 26     0.78443694
1927  5 27     0.76022888
1927  5 28     0.73833383
1927  5 29     0.71402818
1927  5 30     0.69077751
1927  5 31     0.66913124
1927  6  1     0.64835545
1927  6  2     0.62698654
1927  6  3     0.60538185
1927  6  4     0.58608059
1927  6  5     0.56715769
1927  6  6     0.56940377
1927  6  7     0.53666234
1927  6  8     0.52064628
1927  6  9     0.50442284
1927  6 10     0.48848703
1927  6 11     0.47352956
1927  6 12     0.45823714
1927  6 13     0.44361973
1927  6 14     0.42959161
1927  6 15     0.41542256
1927  6 16     0.40209180
1927  6 17     0.39137317
1927  6 18     0.37995022
1927  6 19     0.36856872
1927  6 20     0.35747851
1927  6 21     0.34598594
1927  6 22     0.33519692
1927  6 23     0.32481899
1927  6 24     0.31525203
1927  6 25     0.30607492
1927  6 26     0.29885578
1927  6 27     0.29184625
1927  6 28     0.28176467
1927  6 29     0.27167420
1927  6 30     0.26249323
1927  7  1     0.25458323
1927  7  2     0.24708629
1927  7  3     0.24011041
1927  7  4     0.23299625
1927  7  5     0.22588187
1927  7  6     0.21919026
1927  7  7     0.21271727
1927  7  8     0.20644265
1927  7  9     0.20034330
1927  7 10     0.19443586
1927  7 11     0.18870388
1927  7 12     0.18314158
1927  7 13     0.17774316
1927  7 14     0.17250183
1927  7 15     0.16741919
1927  7 16     0.16248197
1927  7 17     0.15769157
1927  7 18     0.15304117
1927  7 19     0.14852949
1927  7 20     0.14415117
1927  7 21     0.13990194
1927  7 22     0.13577849
1927  7 23     0.13177557
1927  7 24     0.12789105
1927  7 25     0.12412114
1927  7 26     0.12046235
1927  7 27     0.11691142
1927  7 28     0.11346517
1927  7 29     0.11012049
1927  7 30     0.10687442
1927  7 31     0.10372402
1927  8  1     0.10066650
1927  8  2     0.09769910
1927  8  3     0.09481917
1927  8  4     0.09202414
1927  8  5     0.08931150
1927  8  6     0.08667882
1927  8  7     0.08412374
1927  8  8     0.08164398
1927  8  9     0.07923732
1927  8 10     0.07690160
1927  8 11     0.07463473
1927  8 12     0.07243469
1927  8 13     0.07029949
1927  8 14     0.06822724
1927  8 15     0.06621607
1927  8 16     0.06426418
1927  8 17     0.22147599
1927  8 18     0.08010120
1927  8 19     0.05874747
1927  8 20     0.05701530
1927  8 21     0.05533463
1927  8 22     0.05370350
1927  8 23     0.05212046
1927  8 24     0.05058407
1927  8 25     0.04909298
1927  8 26     0.04764584
1927  8 27     0.04624136
1927  8 28     0.04487828
1927  8 29     0.04355538
1927  8 30     0.04227148
1927  8 31     0.04102542
1927  9  1     0.03981609
1927  9  2     0.03864241
1927  9  3     0.03750333
1927  9  4     0.03639782
1927  9  5     0.03532491
1927  9  6     0.03428362
1927  9  7     0.03327302
1927  9  8     0.03229222
1927  9  9     0.03134032
1927  9 10     0.03041649
1927  9 11     0.02951988
1927  9 12     0.02864971
1927  9 13     0.02780519
1927  9 14     0.02698556
1927  9 15     0.02619009
1927  9 16     0.12933503
1927  9 17     0.03751250
1927  9 18     0.02396555
1927  9 19     0.02323590
1927  9 20     0.02255096
1927  9 21     0.02188622
1927  9 22     0.02124106
1927  9 23     0.02061493
1927  9 24     0.02000725
1927  9 25     0.01941749
1927  9 26     0.01884511
1927  9 27     0.01828960
1927  9 28     0.01775047
1927  9 29     0.01722723
1927  9 30     0.01671942
1927 10  1     0.01622657
1927 10  2     0.01574825
1927 10  3     0.01528403
1927 10  4     0.01483349
1927 10  5     0.01439624
1927 10  6     0.01397188
1927 10  7     0.01356002
1927 10  8     0.01316030
1927 10  9     0.01277237
1927 10 10     0.01239587
1927 10 11     0.01203047
1927 10 12     0.01167584
1927 10 13     0.01133167
1927 10 14     0.01099764
1927 10 15     0.01067346
1927 10 16     0.01035883
1927 10 17     0.01005348
1927 10 18     0.00975713
1927 10 19     0.00946951
1927 10 20     0.00919037
1927 10 21     0.00891946
1927 10 22     0.00865654
1927 10 23     0.00840137
1927 10 24     0.00815372
1927 10 25     0.26175943
1927 10 26     0.23410339
1927 10 27     0.08231548
1927 10 28     0.04767132
1927 10 29     0.01128435
1927 10 30     0.00681390
1927 10 31     2.96858981
1927 11  1     0.66997297
1927 11  2     0.10849469
1927 11  3     0.01464486
1927 11  4     0.00610108
1927 11  5     0.26050489
1927 11  6     0.88237899
1927 11  7     0.13136239
1927 11  8     0.00631406
1927 11  9     0.01315684
1927 11 10     3.50886157
1927 11 11     0.69299769
1927 11 12     0.38421560
1927 11 13     3.00255369
1927 11 14     0.85436350
1927 11 15     0.47255407
1927 11 16     0.41768038
1927 11 17     0.37630341
1927 11 18     0.34501325
1927 11 19     0.37069312
1927 11 20     0.32867872
1927 11 21     1.17549629
1927 11 22     0.77502756
1927 11 23     0.43392577
1927 11 24     0.38546967
1927 11 25     0.35498043
1927 11 26     0.32852132
1927 11 27     0.30771883
1927 11 28     0.29173935
1927 11 29     0.27700554
1927 11 30     0.26392886
1927 12  1     0.25274825
1927 12  2     0.24266906
1927 12  3     0.23346648
1927 12  4     0.22491360
1927 12  5     0.21691861
1927 12  6     0.20941923
1927 12  7     0.20242022
1927 12  8     0.19564763
1927 12  9     0.26201266
1927 12 10     0.25185805
1927 12 11     0.33601564
1927 12 12     0.19341652
1927 12 13     0.58467917
1927 12 14     2.52137822
1927 12 15     0.83567634
1927 12 16     0.53017817
1927 12 17     0.43639298
1927 12 18     0.37423962
1927 12 19     0.33131561
1927 12 20     0.30043207
1927 12 21     0.27806593
1927 12 22     0.25968426
1927 12 23     0.24523162
1927 12 24     0.23320419
1927 12 25     0.22279838
1927 12 26     0.21357297
1927 12 27     0.20544523
1927 12 28     0.40487386
1927 12 29     9.28445295
1927 12 30     3.19926501
1927 12 31     1.53918208
1928  1  1     1.16421749
1928  1  2     0.91579535
1928  1  3     0.75654806
1928  1  4     0.64848246
1928  1  5     0.57325698
1928  1  6     0.51897617
1928  1  7     0.47965224
1928  1  8     0.44887001
1928  1  9     0.42603248
1928  1 10     0.40617351
1928  1 11     0.38909724
1928  1 12     0.37623511
1928  1 13     0.36737672
1928  1 14     0.41066031
1928  1 15     1.09904773
1928  1 16     0.47012389
1928  1 17     0.42447682
1928  1 18     0.39169250
1928  1 19     0.36053926
1928  1 20     0.33698356
1928  1 21     0.31999983
1928  1 22     0.30720100
1928  1 23     4.06761022
1928  1 24     1.45873111
1928  1 25     0.97475891
1928  1 26     0.78838839
1928  1 27     0.66098189
1928  1 28     0.57129463
1928  1 29     0.54456513
1928  1 30     0.46963169
1928  1 31     0.43207152
1928  2  1     0.40391068
1928  2  2     0.42537284
1928  2  3     1.80922523
1928  2  4     8.55799708
1928  2  5     3.37059245
1928  2  6     2.04069765
1928  2  7     1.54598904
1928  2  8     1.21659708
1928  2  9     0.99917665
1928  2 10     0.85246713
1928  2 11     0.75084736
1928  2 12     0.67754589
1928  2 13     0.62618413
1928  2 14     0.58199572
1928  2 15     0.54925844
1928  2 16     0.52172466
1928  2 17     0.50214233
1928  2 18     0.48560887
1928  2 19     0.47490039
1928  2 20     0.46158078
1928  2 21     0.43902476
1928  2 22     0.42194170
1928  2 23     0.40795155
1928  2 24     0.39486651
1928  2 25     0.38245228
1928  2 26     0.37787085
1928  2 27     0.36675990
1928  2 28     0.35327787
1928  2 29     0.34242977
1928  3  1     0.33490832
1928  3  2     0.36864896
1928  3  3     0.93376417
1928  3  4     0.45037538
1928  3  5     0.38719066
1928  3  6     0.40954811
1928  3  7     0.33542652
1928  3  8     0.32128249
1928  3  9     0.30568153
1928  3 10     0.29323883
1928  3 11     0.28084363
1928  3 12     0.26988877
1928  3 13     0.25990844
1928  3 14     0.30904079
1928  3 15     0.25060458
1928  3 16     0.23848495
1928  3 17     0.23253284
1928  3 18     0.22838419
1928  3 19     0.22525407
1928  3 20     0.21176151
1928  3 21     0.19973965
1928  3 22     0.30355763
1928  3 23     1.79977542
1928  3 24    21.30272485
1928  3 25    28.59283616
1928  3 26    13.86871179
1928  3 27    20.49981969
1928  3 28    11.56499730
1928  3 29     7.09022487
1928  3 30     5.36938707
1928  3 31     4.19738462
1928  4  1     3.46684675
1928  4  2     3.07255461
1928  4  3    16.94826121
1928  4  4     7.55618280
1928  4  5     4.94044809
1928  4  6     4.04268170
1928  4  7     3.49566180
1928  4  8     3.15825942
1928  4  9     2.83121029
1928  4 10     2.52325535
1928  4 11     2.30440589
1928  4 12     2.12467915
1928  4 13     2.09167054
1928  4 14     1.90743780
1928  4 15     1.80987752
1928  4 16     1.73351194
1928  4 17     1.72063713
1928  4 18     1.60944776
1928  4 19     1.54439063
1928  4 20     1.49033355
1928  4 21     1.43862887
1928  4 22     1.38952123
1928  4 23     1.42330422
1928  4 24     1.80170409
1928  4 25     1.34128610
1928  4 26     1.26658173
1928  4 27     1.22225238
1928  4 28     1.17679932
1928  4 29     1.13514767
1928  4 30     1.09674588
1928  5  1     1.06143525
1928  5  2     1.02733163
1928  5  3     0.99411235
1928  5  4     0.96190762
1928  5  5     0.93152408
1928  5  6     0.90283242
1928  5  7     0.87641837
1928  5  8     1.28308470
1928  5  9     1.83402820
1928  5 10     1.08603108
1928  5 11     0.96906804
1928  5 12     0.89140091
1928  5 13     0.82832771
1928  5 14     0.78181220
1928  5 15     0.76776374
1928  5 16     0.75409999
1928  5 17     0.68976894
1928  5 18     0.72556631
1928  5 19     0.79775836
1928  5 20     0.81798120
1928  5 21     0.62771418
1928  5 22     0.60643178
1928  5 23     0.58465210
1928  5 24     0.56162036
1928  5 25     0.54501323
1928  5 26     0.52359439
1928  5 27     0.50667597
1928  5 28     0.49064140
1928  5 29     0.47507184
1928  5 30     0.46071726
1928  5 31     0.44644829
1928  6  1     0.43158653
1928  6  2     0.41779203
1928  6  3     0.40439551
1928  6  4     0.39203648
1928  6  5     0.37982875
1928  6  6     0.36834630
1928  6  7     0.35752663
1928  6  8     0.34705168
1928  6  9     0.33674014
1928  6 10     0.32694790
1928  6 11     0.31720698
1928  6 12     0.30799534
1928  6 13     0.29933675
1928  6 14     0.28993122
1928  6 15     0.28095641
1928  6 16     0.27232876
1928  6 17     0.26428145
1928  6 18     0.25674080
1928  6 19     0.24910853
1928  6 20     0.24194168
1928  6 21     0.23462026
1928  6 22     0.22740673
1928  6 23     0.22054392
1928  6 24     0.21408382
1928  6 25     0.20772532
1928  6 26     0.20142182
1928  6 27     0.19584429
1928  6 28     0.18969894
1928  6 29     0.18403777
1928  6 30     0.17860330
1928  7  1     0.17333657
1928  7  2     0.16822712
1928  7  3     0.16326589
1928  7  4     0.15845219
1928  7  5     0.15378116
1928  7  6     0.14924702
1928  7  7     0.14484701
1928  7  8     0.14057693
1928  7  9     0.13643249
1928  7 10     0.13241045
1928  7 11     0.12850784
1928  7 12     0.12471963
1928  7 13     0.12104281
1928  7 14     0.11747371
1928  7 15     0.11401168
1928  7 16     0.11065079
1928  7 17     0.10738919
1928  7 18     0.10422222
1928  7 19     0.10114972
1928  7 20     0.09816806
1928  7 21     0.09527431
1928  7 22     0.09246586
1928  7 23     0.08974019
1928  7 24     0.08709488
1928  7 25     0.08452753
1928  7 26     0.08203587
1928  7 27     0.07961766
1928  7 28     0.07727073
1928  7 29     0.07499298
1928  7 30     0.07278237
1928  7 31     0.07063693
1928  8  1     0.06855473
1928  8  2     0.06653391
1928  8  3     0.06457265
1928  8  4     0.06266921
1928  8  5     0.06082188
1928  8  6     0.05902900
1928  8  7     0.05728897
1928  8  8     0.05560024
1928  8  9     0.05396128
1928  8 10     0.05237063
1928  8 11     0.05082688
1928  8 12     0.04932863
1928  8 13     0.04787454
1928  8 14     0.04646332
1928  8 15     0.04509370
1928  8 16     0.04376445
1928  8 17     0.04247438
1928  8 18     0.04122234
1928  8 19     0.04000721
1928  8 20     0.03882790
1928  8 21     0.03768335
1928  8 22     0.03657253
1928  8 23     0.03549447
1928  8 24     0.03444818
1928  8 25     0.03343273
1928  8 26     0.03244722
1928  8 27     0.03149075
1928  8 28     0.03056249
1928  8 29     0.02966158
1928  8 30     0.02878723
1928  8 31     0.02793865
1928  9  1     0.02711509
1928  9  2     0.02631581
1928  9  3     0.02554008
1928  9  4     0.02478722
1928  9  5     0.02405656
1928  9  6     0.02334743
1928  9  7     0.02265921
1928  9  8     0.02199127
1928  9  9     0.02134302
1928  9 10     0.02071388
1928  9 11     0.02010329
1928  9 12     0.01951069
1928  9 13     0.01893557
1928  9 14     0.01837739
1928  9 15     0.01783567
1928  9 16     0.01730992
1928  9 17     0.01679967
1928  9 18     0.01630446
1928  9 19     0.01582384
1928  9 20     0.01535739
1928  9 21     0.01490470
1928  9 22     0.01446534
1928  9 23     0.01403894
1928  9 24     0.01362511
1928  9 25     0.01322347
1928  9 26     0.01283368
1928  9 27     0.01245537
1928  9 28     0.01208822
1928  9 29     0.01173189
1928  9 30     0.01138606
1928 10  1     0.01105043
1928 10  2     0.01072469
1928 10  3     0.01040855
1928 10  4     0.01010173
1928 10  5     0.00980396
1928 10  6     0.00951496
1928 10  7     0.00923449
1928 10  8     0.00896228
1928 10  9     0.00869809
1928 10 10     0.00844169
1928 10 11     0.00819285
1928 10 12     0.00795135
1928 10 13     0.00771696
1928 10 14     0.02571757
1928 10 15     0.00950695
1928 10 16     0.00705450
1928 10 17     0.00684650
1928 10 18     0.00664468
1928 10 19     0.00644882
1928 10 20     0.00625872
1928 10 21     0.00607423
1928 10 22     0.00589518
1928 10 23     0.00572140
1928 10 24     0.00555275
1928 10 25     0.00538907
1928 10 26     0.00523021
1928 10 27     0.00507604
1928 10 28     0.00492641
1928 10 29     0.00478119
1928 10 30     0.00464025
1928 10 31     0.00450347
1928 11  1     0.00437072
1928 11  2     0.00424188
1928 11  3     0.32404621
1928 11  4     0.04519823
1928 11  5     0.00405648
1928 11  6     0.03903432
1928 11  7     0.00798124
1928 11  8     0.00354490
1928 11  9     0.00344031
1928 11 10     0.00333890
1928 11 11     0.00324048
1928 11 12     0.47004711
1928 11 13     2.31482628
1928 11 14     2.55176003
1928 11 15     0.78733701
1928 11 16     0.13549109
1928 11 17     0.04039835
1928 11 18     0.02004827
1928 11 19     0.01213937
1928 11 20     0.01163609
1928 11 21     0.01063634
1928 11 22     0.01005489
1928 11 23     0.00961531
1928 11 24     0.00920925
1928 11 25     0.00883275
1928 11 26     0.00848243
1928 11 27     0.00815535
1928 11 28     0.00784897
1928 11 29     0.00756108
1928 11 30     0.00728980
1928 12  1     0.00703346
1928 12  2     0.00679062
1928 12  3     2.45778289
1928 12  4     0.50906361
1928 12  5     0.17201718
1928 12  6     0.14540724
1928 12  7     0.13242119
1928 12  8     0.12381002
1928 12  9     0.12007340
1928 12 10     0.85871441
1928 12 11     3.39815357
1928 12 12     1.55154217
1928 12 13     5.37554352
1928 12 14     1.52685597
1928 12 15     0.85102301
1928 12 16     0.69479319
1928 12 17     0.59293896
1928 12 18     0.52139763
1928 12 19     0.47390913
1928 12 20     0.43875066
1928 12 21     0.41091568
1928 12 22     0.38785498
1928 12 23     0.36844954
1928 12 24     0.35256271
1928 12 25     0.35241403
1928 12 26     0.32787218
1928 12 27     0.31341724
1928 12 28     0.30353659
1928 12 29     0.29182310
1928 12 30     0.28092052
1928 12 31     0.27205387
1929  1  1     0.27396522
1929  1  2     0.26324257
1929  1  3     1.32067084
1929  1  4     0.53443981
1929  1  5     0.39891123
1929  1  6     0.36007450
1929  1  7     0.33687091
1929  1  8     0.32042273
1929  1  9     0.30328140
1929  1 10     0.30057858
1929  1 11     0.29157176
1929  1 12     0.29803367
1929  1 13     0.31243942
1929  1 14     0.31919241
1929  1 15     0.29622122
1929  1 16     2.75340703
1929  1 17     0.95730964
1929  1 18     0.65410990
1929  1 19     5.13586474
1929  1 20     4.39463970
1929  1 21     1.89678249
1929  1 22     2.09268463
1929  1 23     1.89462690
1929  1 24     1.12082580
1929  1 25     0.93166631
1929  1 26     0.78261272
1929  1 27     0.68323975
1929  1 28     0.61943419
1929  1 29     0.58974949
1929  1 30     0.58995296
1929  1 31     0.62036144
1929  2  1     4.14832595
1929  2  2     5.19463377
1929  2  3     3.55404029
1929  2  4     6.83867148
1929  2  5     4.78116209
1929  2  6     5.34284223
1929  2  7     3.23231533
1929  2  8     2.39531768
1929  2  9     1.88794275
1929  2 10     1.56095934
1929  2 11     1.41433535
1929  2 12     1.35219576
1929  2 13     1.24789468
1929  2 14     1.10428086
1929  2 15     1.03288874
1929  2 16     0.96162002
1929  2 17     0.87696109
1929  2 18     0.83261971
1929  2 19     0.77711930
1929  2 20     0.73725752
1929  2 21     0.73233087
1929  2 22     0.72142533
1929  2 23     0.66692304
1929  2 24     0.65104112
1929  2 25     0.62465519
1929  2 26     0.60342248
1929  2 27     0.59740081
1929  2 28     0.62186288
1929  3  1     0.71242508
1929  3  2     0.70874816
1929  3  3     0.75912151
1929  3  4     0.84222723
1929  3  5     0.84186201
1929  3  6     0.78399700
1929  3  7     0.70829056
1929  3  8     0.68387976
1929  3  9     0.71352849
1929  3 10    13.62908269
1929  3 11    15.09474812
1929  3 12     6.67203558
1929  3 13     4.70238228
1929  3 14     3.30222522
1929  3 15     2.64847321
1929  3 16     2.17810068
1929  3 17     1.86983203
1929  3 18     2.13055547
1929  3 19     3.07381470
1929  3 20     2.02610869
1929  3 21     1.82359665
1929  3 22    12.46190599
1929  3 23    11.05599120
1929  3 24     5.94063377
1929  3 25     4.09852432
1929  3 26     3.35025851
1929  3 27     3.14700169
1929  3 28     2.81952861
1929  3 29     2.38931990
1929  3 30     2.09058398
1929  3 31     1.90433249
1929  4  1     1.78726438
1929  4  2     1.70767274
1929  4  3     1.61304765
1929  4  4     4.77078465
1929  4  5    15.24197930
1929  4  6    10.45077012
1929  4  7     5.52309398
1929  4  8     4.22386886
1929  4  9     6.23391209
1929  4 10     4.13253320
1929  4 11     3.81703150
1929  4 12     3.41539527
1929  4 13     3.07966213
1929  4 14     2.84595182
1929  4 15     2.70069537
1929  4 16     2.58680324
1929  4 17     2.44490288
1929  4 18     2.25227022
1929  4 19     5.63039196
1929  4 20     3.15906772
1929  4 21     2.64918339
1929  4 22     3.23455628
1929  4 23     2.34038480
1929  4 24     2.24237063
1929  4 25     2.09486735
1929  4 26     1.93312008
1929  4 27     1.81737043
1929  4 28     1.71778321
1929  4 29     1.62807583
1929  4 30     1.56919489
1929  5  1     1.53390496
1929  5  2     1.53113144
1929  5  3     1.51875921
1929  5  4     1.47327208
1929  5  5     1.38460017
1929  5  6     1.34904817
1929  5  7     1.34056608
1929  5  8     1.34761396
1929  5  9     1.32739074
1929  5 10     1.29859815
1929  5 11     1.30115640
1929  5 12     1.30989875
1929  5 13     1.28185149
1929  5 14     1.19286476
1929  5 15     1.13982648
1929  5 16     1.07439969
1929  5 17     0.97801663
1929  5 18     0.92704158
1929  5 19     0.88650119
1929  5 20     0.84999920
1929  5 21     0.82719028
1929  5 22     0.79124893
1929  5 23     0.76159846
1929  5 24     0.73664936
1929  5 25     0.71316416
1929  5 26     0.69141538
1929  5 27     0.66978489
1929  5 28     0.64829119
1929  5 29     0.62788663
1929  5 30     0.60886883
1929  5 31     0.59115689
1929  6  1     0.57279109
1929  6  2     0.55491966
1929  6  3     0.53749594
1929  6  4     0.52161192
1929  6  5     0.50666288
1929  6  6     0.49205532
1929  6  7     0.47701300
1929  6  8     0.53330125
1929  6  9     0.50661386
1929  6 10     0.65444139
1929  6 11     0.44723509
1929  6 12     0.40676114
1929  6 13     0.39397435
1929  6 14     0.46867018
1929  6 15     0.38774622
1929  6 16     8.24884777
1929  6 17     2.74227402
1929  6 18     1.61857740
1929  6 19     1.25315548
1929  6 20     0.99100634
1929  6 21     0.81571300
1929  6 22     0.69691781
1929  6 23     0.61432476
1929  6 24     0.55530869
1929  6 25     0.51159455
1929  6 26     0.47810543
1929  6 27     0.45115495
1929  6 28     0.42827945
1929  6 29     0.40925934
1929  6 30     0.39207923
1929  7  1     0.37702258
1929  7  2     0.36333597
1929  7  3     0.35043840
1929  7  4     0.33839542
1929  7  5     0.32720149
1929  7  6     0.31655499
1929  7  7     0.30650648
1929  7  8     0.29678760
1929  7  9     0.28757158
1929  7 10     0.27874797
1929  7 11     0.27019538
1929  7 12     0.26199604
1929  7 13     0.25409949
1929  7 14     0.24641793
1929  7 15     0.23897442
1929  7 16     0.23178968
1929  7 17     0.22485039
1929  7 18     0.21813235
1929  7 19     0.21162526
1929  7 20     0.20532105
1929  7 21     0.19921214
1929  7 22     0.19329143
1929  7 23     0.18755220
1929  7 24     0.18198810
1929  7 25     0.17659311
1929  7 26     0.17136153
1929  7 27     0.16628789
1929  7 28     0.16136702
1929  7 29     0.33911245
1929  7 30     0.17414189
1929  7 31     0.14747292
1929  8  1     0.14311499
1929  8  2     0.13888751
1929  8  3     0.13478590
1929  8  4     0.13080629
1929  8  5     0.12694491
1929  8  6     0.12319815
1929  8  7     0.11956251
1929  8  8     0.11603487
1929  8  9     0.11261141
1929  8 10     0.10928914
1929  8 11     0.10606538
1929  8 12     0.10293697
1929  8 13     0.09990105
1929  8 14     0.09695484
1929  8 15     0.09409630
1929  8 16     0.09132094
1929  8 17     0.08862811
1929  8 18     0.08601485
1929  8 19     0.08347872
1929  8 20     0.08101887
1929  8 21     0.07863063
1929  8 22     0.07631049
1929  8 23     0.07406189
1929  8 24     0.07187754
1929  8 25     0.06976008
1929  8 26     0.06770307
1929  8 27     0.06570545
1929  8 28     0.06376917
1929  8 29     0.06188837
1929  8 30     0.06006384
1929  8 31     0.05829331
1929  9  1     0.05657497
1929  9  2     0.05490728
1929  9  3     0.05328875
1929  9  4     0.05171793
1929  9  5     0.05019341
1929  9  6     0.04871384
1929  9  7     0.04727787
1929  9  8     0.04588424
1929  9  9     0.04453169
1929  9 10     0.04321900
1929  9 11     0.04194501
1929  9 12     0.04070858
1929  9 13     0.03950859
1929  9 14     0.03834398
1929  9 15     0.03721369
1929  9 16     0.03611672
1929  9 17     0.03505209
1929  9 18     0.07341799
1929  9 19     0.23614902
1929  9 20     0.06663117
1929  9 21     0.03237318
1929  9 22     0.03018161
1929  9 23     0.02929190
1929  9 24     0.02842845
1929  9 25     0.02759045
1929  9 26     0.02677715
1929  9 27     0.02598783
1929  9 28     0.02522177
1929  9 29     0.02447830
1929  9 30     0.02375674
1929 10  1     0.02305645
1929 10  2     0.02237680
1929 10  3     0.02171719
1929 10  4     0.02107702
1929 10  5     0.02045572
1929 10  6     0.01985274
1929 10  7     0.01926753
1929 10  8     0.01869957
1929 10  9     0.01814835
1929 10 10     0.01761338
1929 10 11     0.01709419
1929 10 12     0.01659029
1929 10 13     0.01610125
1929 10 14     0.01562663
1929 10 15     0.01516599
1929 10 16     0.01471894
1929 10 17     0.01428506
1929 10 18     0.01386397
1929 10 19     0.01345529
1929 10 20     0.01305867
1929 10 21     0.01267373
1929 10 22     0.01230014
1929 10 23     0.01193756
1929 10 24     0.01158567
1929 10 25     0.01124416
1929 10 26     0.01091271
1929 10 27     0.01059103
1929 10 28     0.01027883
1929 10 29     0.00997583
1929 10 30     0.00968177
1929 10 31     0.00939638
1929 11  1     0.00911940
1929 11  2     0.00885058
1929 11  3     0.00858969
1929 11  4     0.00833648
1929 11  5     0.00809074
1929 11  6     0.00785225
1929 11  7     0.00762078
1929 11  8     0.00739614
1929 11  9     0.00717812
1929 11 10     0.00696653
1929 11 11     0.00676117
1929 11 12     0.00656187
1929 11 13     0.00636844
1929 11 14     0.00618072
1929 11 15     0.00599852
1929 11 16     0.00582170
1929 11 17     0.00565009
1929 11 18     0.00548354
1929 11 19     0.00532190
1929 11 20     0.00516503
1929 11 21     0.00501277
1929 11 22     0.00486501
1929 11 23     0.00472160
1929 11 24     0.00458242
1929 11 25     0.00444734
1929 11 26     0.00431625
1929 11 27     0.00418901
1929 11 28     0.00406553
1929 11 29     0.00394569
1929 11 30     0.00382938
1929 12  1     0.00371650
1929 12  2     0.00360695
1929 12  3     0.00350062
1929 12  4     0.00339743
1929 12  5     0.00329729
1929 12  6     0.00320009
1929 12  7     0.00310576
1929 12  8     0.00301421
1929 12  9     0.00292536
1929 12 10     0.03965040
1929 12 11     0.01693367
1929 12 12     0.00372451
1929 12 13     0.00259541
1929 12 14     0.00251888
1929 12 15     0.00244463
1929 12 16     0.02799367
1929 12 17     0.00528071
1929 12 18     0.00223482
1929 12 19     0.00216888
1929 12 20     0.00210494
1929 12 21     0.00204290
1929 12 22     0.00198268
1929 12 23     0.00192423
1929 12 24     0.00186751
1929 12 25     0.00181246
1929 12 26     0.00175903
1929 12 27     0.00170718
1929 12 28     0.00165686
1929 12 29     0.00160802
1929 12 30     0.00156062
1929 12 31     0.00151461
1930  1  1     0.00146997
1930  1  2     0.00142664
1930  1  3     0.00138458
1930  1  4     0.00134377
1930  1  5     2.02710100
1930  1  6     0.32918146
1930  1  7     0.65925392
1930  1  8     0.12877123
1930  1  9     0.04136562
1930  1 10     0.57994144
1930  1 11     0.13307653
1930  1 12     0.07071255
1930  1 13     0.23935484
1930  1 14     0.84966127
1930  1 15     0.43544831
1930  1 16     0.22599158
1930  1 17     0.17322643
1930  1 18     2.13175609
1930  1 19     0.31632408
1930  1 20     0.05613389
1930  1 21     0.09577430
1930  1 22     0.06617701
1930  1 23     0.06299152
1930  1 24     0.06938146
1930  1 25     0.14741356
1930  1 26     0.43132488
1930  1 27     0.11983916
1930  1 28     0.07261595
1930  1 29     0.07940237
1930  1 30     0.08097686
1930  1 31     0.06546084
1930  2  1     0.07309853
1930  2  2     0.07574810
1930  2  3     0.09180381
1930  2  4     0.13738195
1930  2  5     0.15551602
1930  2  6     0.17067128
1930  2  7     0.26997679
1930  2  8     0.17196081
1930  2  9     0.16527179
1930  2 10     0.20212286
1930  2 11     0.21358208
1930  2 12     0.25123577
1930  2 13     0.28850886
1930  2 14     0.32667788
1930  2 15     0.41301814
1930  2 16     0.44807623
1930  2 17     0.39399010
1930  2 18     0.40712410
1930  2 19     0.36895082
1930  2 20     3.53920623
1930  2 21     1.14162944
1930  2 22    19.61455307
1930  2 23    11.10391766
1930  2 24     6.69337144
1930  2 25     6.07574840
1930  2 26    10.44852463
1930  2 27     6.51683102
1930  2 28     4.17022639
1930  3  1     3.24589299
1930  3  2     4.58607092
1930  3  3     4.10389374
1930  3  4     7.42415983
1930  3  5     6.27988715
1930  3  6     9.59972667
1930  3  7     5.06075304
1930  3  8     3.72378596
1930  3  9     5.24079597
1930  3 10     3.32113359
1930  3 11     2.86573052
1930  3 12     2.50644000
1930  3 13     2.21649614
1930  3 14     6.55933253
1930  3 15     8.39667731
1930  3 16     4.34632287
1930  3 17     3.41626998
1930  3 18     3.21425025
1930  3 19     2.52020869
1930  3 20     2.31831761
1930  3 21     2.10093744
1930  3 22     1.93261400
1930  3 23     1.81942998
1930  3 24     1.75268766
1930  3 25     1.69732104
1930  3 26     1.62164294
1930  3 27     1.54380340
1930  3 28     1.48432423
1930  3 29     1.42726939
1930  3 30     1.36476561
1930  3 31     2.46361081
1930  4  1     1.96612777
1930  4  2     1.54776711
1930  4  3     1.46236474
1930  4  4     1.36356140
1930  4  5     1.29626959
1930  4  6     1.25446802
1930  4  7     1.19893890
1930  4  8     1.18022751
1930  4  9     1.13302922
1930  4 10     1.09394113
1930  4 11     1.06386802
1930  4 12     1.04398626
1930  4 13     1.01156310
1930  4 14     1.55721320
1930  4 15     1.03530879
1930  4 16     0.95250075
1930  4 17     0.92884494
1930  4 18     0.92418338
1930  4 19     0.91470961
1930  4 20     0.89738162
1930  4 21     0.82999117
1930  4 22     0.76606324
1930  4 23     0.75438349
1930  4 24     1.15431637
1930  4 25     0.74344185
1930  4 26     0.70671571
1930  4 27     0.67517187
1930  4 28     0.66347349
1930  4 29     1.07112863
1930  4 30     3.36212814
1930  5  1     2.32722417
1930  5  2     4.45633043
1930  5  3    12.66202696
1930  5  4    13.27354820
1930  5  5     8.47676987
1930  5  6     4.95439167
1930  5  7     5.51696276
1930  5  8     5.65400017
1930  5  9     3.59861834
1930  5 10     3.14632513
1930  5 11     2.59242592
1930  5 12     2.26464598
1930  5 13     1.99058285
1930  5 14     1.80941784
1930  5 15     1.64086472
1930  5 16     1.81599007
1930  5 17     1.72252685
1930  5 18     1.47552428
1930  5 19     1.36988415
1930  5 20     1.27692920
1930  5 21     1.20136086
1930  5 22     1.13885118
1930  5 23     1.08629582
1930  5 24     1.04075169
1930  5 25     1.00022344
1930  5 26     0.96313668
1930  5 27     0.92874045
1930  5 28     0.89709270
1930  5 29     0.86742544
1930  5 30     1.47413892
1930  5 31     1.02172746
1930  6  1     0.85541560
1930  6  2     0.82122601
1930  6  3     0.78423610
1930  6  4     0.75085412
1930  6  5     0.72101477
1930  6  6     0.69412406
1930  6  7     0.67034931
1930  6  8     0.64814517
1930  6  9     0.62661445
1930  6 10     0.60523097
1930  6 11     0.58573727
1930  6 12     0.56704318
1930  6 13     0.54954602
1930  6 14     0.53250301
1930  6 15     0.51595817
1930  6 16     0.50083336
1930  6 17     0.48535568
1930  6 18     0.47086352
1930  6 19     0.45777819
1930  6 20     0.44484004
1930  6 21     0.46774299
1930  6 22     0.42248268
1930  6 23     0.40561672
1930  6 24     0.39311221
1930  6 25     0.38121652
1930  6 26     0.36983232
1930  6 27     0.35868326
1930  6 28     0.34778402
1930  6 29     0.33682962
1930  6 30     0.32671336
1930  7  1     0.31711339
1930  7  2     0.30774359
1930  7  3     0.29863620
1930  7  4     0.28974298
1930  7  5     0.28118198
1930  7  6     0.27288381
1930  7  7     0.26483163
1930  7  8     0.25701887
1930  7  9     0.24943564
1930  7 10     0.24207999
1930  7 11     0.23493716
1930  7 12     0.22801106
1930  7 13     0.22128336
1930  7 14     0.21476134
1930  7 15     0.20842459
1930  7 16     0.20228032
1930  7 17     0.19631661
1930  7 18     0.19052672
1930  7 19     0.18490851
1930  7 20     0.17945805
1930  7 21     0.17416548
1930  7 22     0.16903068
1930  7 23     0.16404860
1930  7 24     0.15921103
1930  7 25     0.15451915
1930  7 26     0.14996274
1930  7 27     0.14554115
1930  7 28     0.14125129
1930  7 29     0.13708690
1930  7 30     0.13304718
1930  7 31     0.12912587
1930  8  1     0.12531700
1930  8  2     0.12162252
1930  8  3     0.11803739
1930  8  4     0.11455794
1930  8  5     0.11118106
1930  8  6     0.10790372
1930  8  7     0.10472299
1930  8  8     0.10163601
1930  8  9     0.09864004
1930  8 10     0.09573237
1930  8 11     0.09291042
1930  8 12     0.09017165
1930  8 13     0.08751362
1930  8 14     0.08493393
1930  8 15     0.08243029
1930  8 16     0.08000045
1930  8 17     0.07764224
1930  8 18     0.07535354
1930  8 19     0.07313230
1930  8 20     0.07097654
1930  8 21     0.06888433
1930  8 22     0.06685379
1930  8 23     0.06488311
1930  8 24     0.06297052
1930  8 25     0.06111430
1930  8 26     0.05931280
1930  8 27     0.05756441
1930  8 28     0.05586755
1930  8 29     0.05422072
1930  8 30     0.05262243
1930  8 31     0.05107125
1930  9  1     0.04956579
1930  9  2     0.04810472
1930  9  3     0.04668671
1930  9  4     0.04531050
1930  9  5     0.04397486
1930  9  6     0.04267859
1930  9  7     0.04142053
1930  9  8     0.04019956
1930  9  9     0.03901458
1930  9 10     0.03786452
1930  9 11     0.03674837
1930  9 12     0.03566512
1930  9 13     0.03461380
1930  9 14     0.03359347
1930  9 15     0.03260322
1930  9 16     0.03164216
1930  9 17     0.03070943
1930  9 18     0.02980419
1930  9 19     0.02892564
1930  9 20     0.02807298
1930  9 21     0.07365578
1930  9 22     0.03180384
1930  9 23     0.02566300
1930  9 24     0.02490640
1930  9 25     0.02417222
1930  9 26     0.02345968
1930  9 27     0.02276815
1930  9 28     0.02209700
1930  9 29     0.14305524
1930  9 30     0.30185233
1930 10  1     0.05476355
1930 10  2     0.01987224
1930 10  3     0.01902661
1930 10  4     0.01846575
1930 10  5     0.01792142
1930 10  6     0.01739315
1930 10  7     0.01688044
1930 10  8     0.01638285
1930 10  9     0.01589992
1930 10 10     0.01585540
1930 10 11     0.01503049
1930 10 12     0.01453637
1930 10 13     0.01410644
1930 10 14     0.01369061
1930 10 15     0.01328705
1930 10 16     0.01289538
1930 10 17     0.01251526
1930 10 18     0.01214634
1930 10 19     0.01178829
1930 10 20     0.01144080
1930 10 21     0.01110356
1930 10 22     0.01077625
1930 10 23     0.01045860
1930 10 24     0.01015030
1930 10 25     0.00985110
1930 10 26     0.00956071
1930 10 27     0.00927888
1930 10 28     0.00900537
1930 10 29     0.00873991
1930 10 30     0.00848228
1930 10 31     0.00823224
1930 11  1     0.00798958
1930 11  2     0.00775406
1930 11  3     0.00752549
1930 11  4     0.00730366
1930 11  5     0.00708837
1930 11  6     0.00687942
1930 11  7     0.00667663
1930 11  8     0.00647982
1930 11  9     0.00628881
1930 11 10     0.00610343
1930 11 11     0.00592352
1930 11 12     0.00574891
1930 11 13     0.84807686
1930 11 14     0.96670581
1930 11 15     0.25762030
1930 11 16     1.84453361
1930 11 17     7.08181778
1930 11 18     1.81549189
1930 11 19     0.63914233
1930 11 20     0.49737253
1930 11 21     0.45075692
1930 11 22     0.38806043
1930 11 23     0.36371100
1930 11 24     0.33744251
1930 11 25     0.31169073
1930 11 26     0.29856356
1930 11 27     0.75364727
1930 11 28     0.41943468
1930 11 29     0.29960327
1930 11 30     0.27900581
1930 12  1     0.26330964
1930 12  2     0.24913812
1930 12  3     0.23742894
1930 12  4     0.22701348
1930 12  5     0.21763907
1930 12  6     0.20910907
1930 12  7     0.20124652
1930 12  8     0.19393123
1930 12  9     0.18707470
1930 12 10     0.18060042
1930 12 11     0.17447728
1930 12 12     0.16866204
1930 12 13     0.16312454
1930 12 14     0.15783177
1930 12 15     0.15276775
1930 12 16     0.14791871
1930 12 17     0.14327350
1930 12 18     0.13879464
1930 12 19     0.13447501
1930 12 20     0.13032623
1930 12 21     0.12630577
1930 12 22     0.12243608
1930 12 23     0.11870699
1930 12 24     0.11509940
1930 12 25     0.11162110
1930 12 26     0.10825510
1930 12 27     0.10500238
1930 12 28     0.10184364
1930 12 29     0.09878937
1930 12 30     0.09582927
1930 12 31     0.09297109
1931  1  1     4.42695274
1931  1  2    16.27222299
1931  1  3     6.42413663
1931  1  4     3.08094346
1931  1  5     2.28447647
1931  1  6     6.43914749
1931  1  7     4.56808510
1931  1  8     3.26782572
1931  1  9     2.19375951
1931  1 10     1.75450182
1931  1 11     1.45672310
1931  1 12     1.25310343
1931  1 13     1.11031394
1931  1 14     1.00276062
1931  1 15     0.93113116
1931  1 16     0.86972569
1931  1 17     0.82225223
1931  1 18     0.78873404
1931  1 19     0.75744635
1931  1 20     0.74289674
1931  1 21     0.70405908
1931  1 22     0.69735686
1931  1 23     1.31301290
1931  1 24     0.80934788
1931  1 25     0.72940497
1931  1 26     0.69739544
1931  1 27     0.66859283
1931  1 28     0.63930874
1931  1 29     0.61940982
1931  1 30     0.61647216
1931  1 31     3.29461488
1931  2  1     2.23546590
1931  2  2     1.38184573
1931  2  3     1.15481041
1931  2  4     1.27092842
1931  2  5     1.12105595
1931  2  6     1.00894075
1931  2  7     0.89020991
1931  2  8     1.17159345
1931  2  9     0.77285417
1931  2 10     0.78916164
1931  2 11     0.71398113
1931  2 12     0.64218672
1931  2 13     0.65740823
1931  2 14     1.04564876
1931  2 15     4.39431300
1931  2 16     3.59511015
1931  2 17     1.99916825
1931  2 18     2.16828080
1931  2 19     9.97697651
1931  2 20     4.64639114
1931  2 21     2.89095622
1931  2 22     2.23655766
1931  2 23     1.79381788
1931  2 24     1.45291433
1931  2 25     1.24306257
1931  2 26     1.09222837
1931  2 27     1.00106232
1931  2 28     0.91117857
1931  3  1     0.85517445
1931  3  2     0.81595762
1931  3  3     0.78139298
1931  3  4     0.74769906
1931  3  5     0.71426341
1931  3  6     0.68404192
1931  3  7     0.66005660
1931  3  8     0.64294765
1931  3  9     0.62306216
1931  3 10     0.60435064
1931  3 11     0.81080546
1931  3 12     3.60193472
1931  3 13     1.60053227
1931  3 14     1.27529734
1931  3 15     1.07556611
1931  3 16     0.91517402
1931  3 17     0.80333488
1931  3 18     0.77432520
1931  3 19     0.67885844
1931  3 20     0.63590004
1931  3 21     0.61294330
1931  3 22     0.59097836
1931  3 23     0.57574989
1931  3 24     0.79162641
1931  3 25     1.02055596
1931  3 26     0.61290611
1931  3 27     0.59419885
1931  3 28     0.55435584
1931  3 29     0.51801213
1931  3 30     0.49302047
1931  3 31     0.49614998
1931  4  1     0.48868427
1931  4  2     0.46521897
1931  4  3     0.45943403
1931  4  4     0.46817664
1931  4  5     0.41519503
1931  4  6     0.39205347
1931  4  7     0.37392259
1931  4  8     0.35693929
1931  4  9     0.34252304
1931  4 10     0.32974303
1931  4 11     0.31844302
1931  4 12     0.30782778
1931  4 13     0.29783763
1931  4 14     0.28812721
1931  4 15     0.27874586
1931  4 16     0.26970976
1931  4 17     0.26112277
1931  4 18     0.25294462
1931  4 19     0.24515650
1931  4 20     0.23761115
1931  4 21     0.23030688
1931  4 22     0.22340465
1931  4 23     0.61745466
1931  4 24     1.13401848
1931  4 25     0.37433778
1931  4 26     2.08084350
1931  4 27     6.69436561
1931  4 28     2.82213075
1931  4 29     1.84534242
1931  4 30     1.37905153
1931  5  1     1.05391952
1931  5  2     0.83963252
1931  5  3     0.69619155
1931  5  4     0.59818851
1931  5  5     0.52943903
1931  5  6     0.47995899
1931  5  7     0.44317273
1931  5  8     0.41428667
1931  5  9     0.39097590
1931  5 10     0.37131082
1931  5 11     0.35461962
1931  5 12     0.33987308
1931  5 13     0.34027826
1931  5 14     0.35873049
1931  5 15     0.30852024
1931  5 16     0.29243182
1931  5 17     0.28240399
1931  5 18     0.27280638
1931  5 19     0.26360817
1931  5 20     0.25489692
1931  5 21     0.24661451
1931  5 22     0.23894131
1931  5 23     0.23157311
1931  5 24     0.40515898
1931  5 25     1.40414397
1931  5 26     0.53138458
1931  5 27     0.28001793
1931  5 28     0.26278684
1931  5 29     0.24795878
1931  5 30     0.23457847
1931  5 31     0.22354233
1931  6  1     0.21412533
1931  6  2     0.20579755
1931  6  3     0.19823441
1931  6  4     0.19129443
1931  6  5     0.62515132
1931  6  6     0.37813854
1931  6  7     0.72715545
1931  6  8     6.49578084
1931  6  9     2.64350385
1931  6 10     1.60193581
1931  6 11     1.20639171
1931  6 12     0.92787643
1931  6 13     0.74205860
1931  6 14     0.61739571
1931  6 15     0.53220279
1931  6 16     1.57235435
1931  6 17     0.70744610
1931  6 18     0.63090107
1931  6 19     0.55493184
1931  6 20     0.48662542
1931  6 21     0.43808916
1931  6 22     0.40233726
1931  6 23     0.37502066
1931  6 24     0.35332421
1931  6 25     0.33556886
1931  6 26     0.32006058
1931  6 27     0.30682932
1931  6 28     0.29499858
1931  6 29     0.28403407
1931  6 30     0.27374383
1931  7  1     0.26410417
1931  7  2     0.25500860
1931  7  3     0.24651496
1931  7  4     0.23851678
1931  7  5     0.23092690
1931  7  6     0.22370790
1931  7  7     0.21678798
1931  7  8     0.21011649
1931  7  9     0.20368216
1931  7 10     0.19747793
1931  7 11     0.19148630
1931  7 12     0.18569576
1931  7 13     0.18009687
1931  7 14     0.17468096
1931  7 15     0.16944008
1931  7 16     0.16436684
1931  7 17     0.15945443
1931  7 18     0.15469648
1931  7 19     0.15008706
1931  7 20     0.14562060
1931  7 21     0.14129186
1931  7 22     0.13709592
1931  7 23     0.13302811
1931  7 24     0.13094088
1931  7 25     0.12553052
1931  7 26     0.12155045
1931  7 27     0.11795315
1931  7 28     0.11446451
1931  7 29     0.11107937
1931  7 30     0.10779601
1931  7 31     0.10461077
1931  8  1     0.10152051
1931  8  2     0.09852230
1931  8  3     0.09561328
1931  8  4     0.09279070
1931  8  5     0.09005192
1931  8  6     0.08739437
1931  8  7     0.08481561
1931  8  8     0.08231323
1931  8  9     0.07988559
1931  8 10     0.07752871
1931  8 11     0.07524198
1931  8 12     0.54990218
1931  8 13     0.13098814
1931  8 14     0.06878092
1931  8 15     0.06675175
1931  8 16     0.06478295
1931  8 17     0.06287384
1931  8 18     0.06101998
1931  8 19     0.05922109
1931  8 20     0.05747524
1931  8 21     0.05577947
1931  8 22     0.05413536
1931  8 23     0.05253880
1931  8 24     0.05098859
1931  8 25     0.04948535
1931  8 26     0.04802664
1931  8 27     0.04661094
1931  8 28     0.04523696
1931  8 29     0.68836093
1931  8 30     0.12164359
1931  8 31     0.04157837
1931  9  1     0.04015919
1931  9  2     0.03895126
1931  9  3     0.03780307
1931  9  4     0.03668873
1931  9  5     0.03560724
1931  9  6     0.03455762
1931  9  7     0.03353895
1931  9  8     0.03255031
1931  9  9     0.03159080
1931  9 10     0.03065958
1931  9 11     0.02975582
1931  9 12     0.02887869
1931  9 13     0.02802742
1931  9 14     0.02720124
1931  9 15     0.02639941
1931  9 16     0.02562122
1931  9 17     0.02486597
1931  9 18     0.02413299
1931  9 19     0.02342161
1931  9 20     0.02273120
1931  9 21     0.02206114
1931  9 22     0.02141083
1931  9 23     0.02077969
1931  9 24     0.02016716
1931  9 25     0.03251208
1931  9 26     0.02058911
1931  9 27     0.01843582
1931  9 28     0.01789234
1931  9 29     0.01736492
1931  9 30     0.01685304
1931 10  1     0.01635626
1931 10  2     0.01587411
1931 10  3     0.01540619
1931 10  4     0.01495205
1931 10  5     0.01451130
1931 10  6     0.01408354
1931 10  7     0.01366840
1931 10  8     0.01326548
1931 10  9     0.01287445
1931 10 10     0.01249494
1931 10 11     0.01212662
1931 10 12     0.01176916
1931 10 13     0.01142224
1931 10 14     0.01108554
1931 10 15     0.01075876
1931 10 16     0.01044162
1931 10 17     0.01013383
1931 10 18     0.04525109
1931 10 19     0.01465359
1931 10 20     0.00943417
1931 10 21     0.00899923
1931 10 22     0.00872573
1931 10 23     0.00846851
1931 10 24     0.00821888
1931 10 25     0.00797661
1931 10 26     0.00774148
1931 10 27     0.00751328
1931 10 28     0.00729181
1931 10 29     0.00707686
1931 10 30     0.00686825
1931 10 31     0.00666580
1931 11  1     0.00646930
1931 11  2     0.00627861
1931 11  3     0.00609353
1931 11  4     0.00591391
1931 11  5     0.00573958
1931 11  6     0.00557039
1931 11  7     0.00540619
1931 11  8     0.00524683
1931 11  9     0.00509216
1931 11 10     0.00494206
1931 11 11     0.00479638
1931 11 12     0.00465499
1931 11 13     0.00451778
1931 11 14     0.00438460
1931 11 15     1.32771806
1931 11 16     0.20393244
1931 11 17     0.11306636
1931 11 18     0.04950535
1931 11 19     0.00994303
1931 11 20     0.14611370
1931 11 21     1.08743378
1931 11 22     0.13545070
1931 11 23     0.00806540
1931 11 24     0.00410626
1931 11 25     0.00354303
1931 11 26     0.07436978
1931 11 27     1.93116022
1931 11 28     0.43164463
1931 11 29     0.10715745
1931 11 30     0.04998808
1931 12  1     0.03003787
1931 12  2     0.03065952
1931 12  3     0.03076233
1931 12  4     0.02393741
1931 12  5     0.02171274
1931 12  6     0.02080349
1931 12  7     0.02033472
1931 12  8     0.32179494
1931 12  9     1.40778361
1931 12 10     0.30228324
1931 12 11     1.49989042
1931 12 12     0.48834699
1931 12 13     0.27512549
1931 12 14     0.28178447
1931 12 15     0.19714091
1931 12 16     0.16870105
1931 12 17     0.15187156
1931 12 18     0.15309142
1931 12 19     0.14322684
1931 12 20     0.13024330
1931 12 21     0.75147710
1931 12 22     0.75495634
1931 12 23     4.39933054
1931 12 24     3.69893197
1931 12 25    17.87217935
1931 12 26     6.76217389
1931 12 27    11.38443532
1931 12 28    38.77872811
1931 12 29    17.12337995
1931 12 30     9.40112647
1931 12 31    11.27355111
1932  1  1     8.29978301
1932  1  2     9.25267013
1932  1  3     6.55375346
1932  1  4     4.83154736
1932  1  5     3.96387107
1932  1  6     3.38133835
1932  1  7     2.97109067
1932  1  8     2.68744497
1932  1  9     2.46982585
1932  1 10     2.30787424
1932  1 11     2.18756626
1932  1 12     7.95622419
1932  1 13     7.91780811
1932  1 14     4.59410421
1932  1 15    10.06746401
1932  1 16     8.68679838
1932  1 17     5.15875857
1932  1 18     4.18432684
1932  1 19     4.42343501
1932  1 20     5.83668965
1932  1 21     3.76475631
1932  1 22     3.25075499
1932  1 23     2.86956600
1932  1 24     2.59308356
1932  1 25     2.38977527
1932  1 26     2.26328822
1932  1 27     5.11594572
1932  1 28     3.01136887
1932  1 29     2.65080727
1932  1 30     2.89143911
1932  1 31     6.98180221
1932  2  1    17.03835630
1932  2  2     9.90753408
1932  2  3     5.79146894
1932  2  4     4.50070631
1932  2  5     4.04026413
1932  2  6    11.07446158
1932  2  7    15.34165760
1932  2  8    14.79894537
1932  2  9    12.57882332
1932  2 10    14.11618340
1932  2 11     8.85657499
1932  2 12     6.27469738
1932  2 13     5.26271601
1932  2 14     6.16480046
1932  2 15     4.47977837
1932  2 16     4.89840471
1932  2 17     3.83328628
1932  2 18     3.51642040
1932  2 19     3.26901566
1932  2 20     3.14834983
1932  2 21     3.01034307
1932  2 22     2.98769761
1932  2 23     2.94547598
1932  2 24     2.84527995
1932  2 25     2.74369180
1932  2 26     2.74723512
1932  2 27     2.73734626
1932  2 28     2.68695426
1932  2 29     2.53137084
1932  3  1     2.43343478
1932  3  2     2.32687215
1932  3  3     2.23369482
1932  3  4     2.16466981
1932  3  5     2.17895528
1932  3  6     2.17370921
1932  3  7     2.22962982
1932  3  8     2.21383384
1932  3  9     2.14719781
1932  3 10     2.07293249
1932  3 11     2.04855246
1932  3 12     2.11634342
1932  3 13     2.20931715
1932  3 14     2.64103980
1932  3 15     3.13079730
1932  3 16     2.33922543
1932  3 17     2.09245617
1932  3 18     2.10070992
1932  3 19     2.29944551
1932  3 20     7.55760969
1932  3 21     3.81036549
1932  3 22     2.96891473
1932  3 23     2.58127358
1932  3 24     2.30069606
1932  3 25     2.10860436
1932  3 26     1.98759008
1932  3 27     1.94772668
1932  3 28     1.86749060
1932  3 29     1.73942454
1932  3 30     1.76433182
1932  3 31     1.82977332
1932  4  1     1.84973221
1932  4  2     1.63592099
1932  4  3     1.53728583
1932  4  4     1.49930808
1932  4  5     1.43666113
1932  4  6     1.38764935
1932  4  7     1.36910618
1932  4  8     1.35967849
1932  4  9     1.38154495
1932  4 10     1.44597517
1932  4 11     1.49568161
1932  4 12     1.49001903
1932  4 13     1.43333065
1932  4 14     1.28496787
1932  4 15     1.29015996
1932  4 16     1.21852375
1932  4 17     1.16242247
1932  4 18     1.15712298
1932  4 19     1.12670909
1932  4 20     2.38683854
1932  4 21     3.17052177
1932  4 22     1.76852382
1932  4 23     1.64431011
1932  4 24     1.66116408
1932  4 25     3.98859140
1932  4 26    10.15117278
1932  4 27     7.15727687
1932  4 28     4.09301383
1932  4 29     3.33522792
1932  4 30     2.80738433
1932  5  1     2.36579151
1932  5  2     1.98264877
1932  5  3     5.43207928
1932  5  4    13.35429839
1932  5  5     6.51150393
1932  5  6     4.82307071
1932  5  7     3.83541149
1932  5  8     3.52641703
1932  5  9     2.77942630
1932  5 10     2.54290729
1932  5 11     2.33211930
1932  5 12     2.16886812
1932  5 13     2.05041751
1932  5 14     1.92091397
1932  5 15     1.81550879
1932  5 16     1.75079473
1932  5 17     1.71761857
1932  5 18     1.63509077
1932  5 19     1.50166585
1932  5 20     1.46023363
1932  5 21     4.04407218
1932  5 22     2.05537057
1932  5 23     1.81325692
1932  5 24     1.70030191
1932  5 25     1.57478906
1932  5 26     1.48654527
1932  5 27     1.41427167
1932  5 28     1.27601455
1932  5 29     1.16009111
1932  5 30     1.14987824
1932  5 31     1.07068241
1932  6  1     1.08400599
1932  6  2     0.98225244
1932  6  3     0.91765720
1932  6  4     0.87735235
1932  6  5     0.84076360
1932  6  6     0.80922460
1932  6  7     0.77892701
1932  6  8     0.74898160
1932  6  9     0.72241833
1932  6 10     0.69800013
1932  6 11     0.67498167
1932  6 12     0.65362447
1932  6 13     0.63229379
1932  6 14     0.61414074
1932  6 15     0.59605451
1932  6 16     0.57648485
1932  6 17     0.55896699
1932  6 18     0.54045205
1932  6 19     0.52298468
1932  6 20     0.50546810
1932  6 21     0.48809412
1932  6 22     0.47332135
1932  6 23     0.45891421
1932  6 24     0.44471523
1932  6 25     0.43104672
1932  6 26     0.41919391
1932  6 27     0.40667912
1932  6 28     0.39374490
1932  6 29     0.38150468
1932  6 30     0.37008617
1932  7  1     0.35912424
1932  7  2     0.34851569
1932  7  3     0.33823313
1932  7  4     0.32823665
1932  7  5     0.31854394
1932  7  6     0.30914419
1932  7  7     0.30002334
1932  7  8     0.29117242
1932  7  9     0.28258781
1932  7 10     0.27432713
1932  7 11     0.26625518
1932  7 12     0.25869916
1932  7 13     0.25134824
1932  7 14     0.24338566
1932  7 15     0.23612866
1932  7 16     0.22916292
1932  7 17     0.22240592
1932  7 18     0.21584907
1932  7 19     0.20950195
1932  7 20     0.20331113
1932  7 21     0.19731502
1932  7 22     0.19149912
1932  7 23     0.18585444
1932  7 24     0.18037356
1932  7 25     0.17505850
1932  7 26     0.16989543
1932  7 27     0.16488768
1932  7 28     0.16002704
1932  7 29     0.15530766
1932  7 30     0.15072918
1932  7 31     0.14628602
1932  8  1     0.14197384
1932  8  2     0.13778878
1932  8  3     0.13372708
1932  8  4     0.12978512
1932  8  5     0.12595966
1932  8  6     0.12224639
1932  8  7     0.11864280
1932  8  8     0.11514550
1932  8  9     0.11175149
1932  8 10     0.10845714
1932  8 11     0.10526006
1932  8 12     0.10215725
1932  8 13     0.09914591
1932  8 14     0.09622333
1932  8 15     0.09338691
1932  8 16     0.09063410
1932  8 17     0.08796243
1932  8 18     0.08536951
1932  8 19     0.08285303
1932  8 20     0.08041073
1932  8 21     0.07804042
1932  8 22     0.07573999
1932  8 23     0.07350736
1932  8 24     0.07134055
1932  8 25     0.06923760
1932  8 26     0.06719665
1932  8 27     0.06521586
1932  8 28     0.06329346
1932  8 29     0.06142773
1932  8 30     0.05961699
1932  8 31     0.05785963
1932  9  1     0.05615407
1932  9  2     0.05449879
1932  9  3     0.05289230
1932  9  4     0.05133317
1932  9  5     0.04981999
1932  9  6     0.04835142
1932  9  7     0.04692614
1932  9  8     0.04554288
1932  9  9     0.04420039
1932  9 10     0.04289747
1932  9 11     0.04163296
1932  9 12     0.04040572
1932  9 13     0.03921466
1932  9 14     0.03805871
1932  9 15     0.03693683
1932  9 16     0.03584803
1932  9 17     0.03479132
1932  9 18     0.03376576
1932  9 19     0.03277043
1932  9 20     0.03180443
1932  9 21     0.03086692
1932  9 22     0.02995704
1932  9 23     0.02907398
1932  9 24     0.02821695
1932  9 25     0.02738519
1932  9 26     0.02657794
1932  9 27     0.02579449
1932  9 28     0.08184011
1932  9 29     0.04263785
1932  9 30     0.05284492
1932 10  1     0.06784023
1932 10  2     0.02730618
1932 10  3     0.02155574
1932 10  4     0.02092021
1932 10  5     0.02030354
1932 10  6     0.01970504
1932 10  7     0.01912418
1932 10  8     0.01856045
1932 10  9     0.01801333
1932 10 10     0.01748235
1932 10 11     0.01696701
1932 10 12     0.01646686
1932 10 13     0.01598146
1932 10 14     0.01551037
1932 10 15     0.01505316
1932 10 16     0.01460943
1932 10 17     0.01434603
1932 10 18     0.01378496
1932 10 19     0.01335519
1932 10 20     0.01296151
1932 10 21     0.01257944
1932 10 22     0.01220863
1932 10 23     0.01184875
1932 10 24     0.01149948
1932 10 25     0.01116050
1932 10 26     0.01083152
1932 10 27     0.01051223
1932 10 28     0.01020236
1932 10 29     0.00990162
1932 10 30     0.00960974
1932 10 31     0.00932647
1932 11  1     0.00905155
1932 11  2     0.00878473
1932 11  3     0.00852578
1932 11  4     0.00827446
1932 11  5     0.00803055
1932 11  6     0.00779383
1932 11  7     0.00756409
1932 11  8     0.00734112
1932 11  9     0.00712472
1932 11 10     0.00691470
1932 11 11     0.00671087
1932 11 12     0.00651305
1932 11 13     0.00632106
1932 11 14     0.00613473
1932 11 15     0.00595390
1932 11 16     0.00577839
1932 11 17     0.00560806
1932 11 18     0.00544275
1932 11 19     0.00528231
1932 11 20     0.00512660
1932 11 21     0.00497548
1932 11 22     0.00482882
1932 11 23     0.00468647
1932 11 24     0.00454833
1932 11 25     0.00441425
1932 11 26     0.00428413
1932 11 27     0.00415785
1932 11 28     0.00403529
1932 11 29     0.00391633
1932 11 30     0.16437286
1932 12  1     0.42357409
1932 12  2     0.07772868
1932 12  3     0.00898234
1932 12  4     0.00355602
1932 12  5     0.00327275
1932 12  6     0.00317628
1932 12  7     0.00308265
1932 12  8     0.00507617
1932 12  9     0.33690005
1932 12 10     0.06125546
1932 12 11     0.02218715
1932 12 12     0.01805954
1932 12 13     0.01937913
1932 12 14     0.00340883
1932 12 15     0.00260456
1932 12 16     0.00577673
1932 12 17     0.01732905
1932 12 18     0.01490184
1932 12 19     0.08275330
1932 12 20     0.12606470
1932 12 21     0.73503164
1932 12 22     0.21840899
1932 12 23     0.29528937
1932 12 24     0.13042147
1932 12 25     0.04213732
1932 12 26     0.01835650
1932 12 27     0.00691624
1932 12 28     0.01613554
1932 12 29     0.00491886
1932 12 30     0.00754521
1932 12 31     0.02058427
1933  1  1     0.02520560
1933  1  2     0.02940000
1933  1  3     0.03378776
1933  1  4     0.03700749
1933  1  5     0.04859988
1933  1  6     0.04727292
1933  1  7     0.06169726
1933  1  8     0.05730575
1933  1  9     0.04247011
1933  1 10     0.02836921
1933  1 11     0.02650190
1933  1 12     0.03794693
1933  1 13     0.04813341
1933  1 14     0.05467667
1933  1 15     0.02026098
1933  1 16     1.03138033
1933  1 17     1.27478347
1933  1 18     0.26381842
1933  1 19     8.28888026
1933  1 20     5.08153800
1933  1 21     1.71778921
1933  1 22     5.74497554
1933  1 23     7.96286730
1933  1 24     3.41565438
1933  1 25    10.35638891
1933  1 26     5.70776245
1933  1 27     5.09818541
1933  1 28     8.26151924
1933  1 29    13.23986643
1933  1 30    10.61364937
1933  1 31     5.39127711
1933  2  1     3.87573069
1933  2  2     2.95251639
1933  2  3     2.32950925
1933  2  4     1.92027397
1933  2  5     1.65611485
1933  2  6     1.46483320
1933  2  7     1.32456040
1933  2  8     1.21409659
1933  2  9     1.13592129
1933  2 10     1.06868443
1933  2 11     1.02977873
1933  2 12     3.53376681
1933  2 13     7.46370602
1933  2 14     3.41145857
1933  2 15     2.54341830
1933  2 16     2.05550514
1933  2 17     1.71764727
1933  2 18     1.46468861
1933  2 19     1.31484472
1933  2 20     1.26260712
1933  2 21     1.18930083
1933  2 22     1.19559484
1933  2 23     1.14900523
1933  2 24     1.02748272
1933  2 25     1.02644120
1933  2 26     1.04319421
1933  2 27     1.04012006
1933  2 28     1.10978890
1933  3  1     1.05092868
1933  3  2     1.07488519
1933  3  3     1.08115255
1933  3  4     1.07411887
1933  3  5     1.13679882
1933  3  6     1.23638428
1933  3  7     1.24992649
1933  3  8     1.28863041
1933  3  9     1.35708519
1933  3 10     1.31541832
1933  3 11     1.28797671
1933  3 12     1.31857936
1933  3 13     3.03581726
1933  3 14     1.67745059
1933  3 15     1.46012264
1933  3 16     8.89035279
1933  3 17    15.05253571
1933  3 18     6.68450436
1933  3 19     4.65052654
1933  3 20     3.75355650
1933  3 21     3.06371770
1933  3 22     2.54081090
1933  3 23     3.02538141
1933  3 24     2.24454502
1933  3 25     2.12159068
1933  3 26     1.98074064
1933  3 27     1.97673910
1933  3 28     4.60168984
1933  3 29     3.28178915
1933  3 30     2.53597898
1933  3 31     2.38940224
1933  4  1     2.29133456
1933  4  2     2.34885767
1933  4  3     2.33443225
1933  4  4     2.22711935
1933  4  5     2.08281483
1933  4  6     1.89153793
1933  4  7     1.97960501
1933  4  8     1.66299034
1933  4  9     1.48321892
1933  4 10     1.43243872
1933  4 11     1.46150428
1933  4 12     1.48316169
1933  4 13     1.57130178
1933  4 14     1.69367036
1933  4 15     1.73118335
1933  4 16     1.56409963
1933  4 17     1.40168777
1933  4 18     1.40489137
1933  4 19     1.25649044
1933  4 20     1.25630488
1933  4 21     1.25296206
1933  4 22     1.41546622
1933  4 23     1.62429419
1933  4 24     1.49943737
1933  4 25     1.21949104
1933  4 26     1.18382663
1933  4 27     1.32472654
1933  4 28     1.28484366
1933  4 29     3.54019614
1933  4 30     2.76009213
1933  5  1     1.81211403
1933  5  2     5.18561121
1933  5  3     2.82045488
1933  5  4     2.23601075
1933  5  5     1.96147346
1933  5  6     1.58256926
1933  5  7     4.79883226
1933  5  8    10.72998057
1933  5  9     7.40817680
1933  5 10     6.96766654
1933  5 11     5.20769253
1933  5 12     7.32851123
1933  5 13     4.99297119
1933  5 14     3.71105709
1933  5 15     3.11788570
1933  5 16     2.61644624
1933  5 17     2.30026620
1933  5 18     2.07933270
1933  5 19     1.96034534
1933  5 20     1.91327405
1933  5 21     2.64244440
1933  5 22     4.08121932
1933  5 23     2.59343541
1933  5 24     2.44965141
1933  5 25     2.36406470
1933  5 26     2.18273520
1933  5 27     2.12367664
1933  5 28     2.11276201
1933  5 29     2.02263807
1933  5 30     1.92064924
1933  5 31     1.79319238
1933  6  1     1.63086009
1933  6  2     1.50668024
1933  6  3     1.38943331
1933  6  4     1.41067986
1933  6  5     1.98185492
1933  6  6     1.53279741
1933  6  7     1.39451091
1933  6  8     1.27731634
1933  6  9     1.20430312
1933  6 10     1.08933515
1933  6 11     1.02036804
1933  6 12     0.97563892
1933  6 13     0.93674810
1933  6 14     0.90151261
1933  6 15     0.86931026
1933  6 16     0.84082163
1933  6 17     0.81293815
1933  6 18     0.78666733
1933  6 19     0.76088348
1933  6 20     0.73544481
1933  6 21     0.71168103
1933  6 22     0.68919330
1933  6 23     0.66755500
1933  6 24     0.64692753
1933  6 25     0.62643569
1933  6 26     0.60705666
1933  6 27     0.58859567
1933  6 28     0.57067521
1933  6 29     0.55325482
1933  6 30     0.53600044
1933  7  1     0.51949059
1933  7  2     0.50389345
1933  7  3     0.48878344
1933  7  4     0.47420172
1933  7  5     0.46007562
1933  7  6     0.44642006
1933  7  7     0.43319767
1933  7  8     0.42039305
1933  7  9     0.40795780
1933  7 10     0.39588099
1933  7 11     0.38417052
1933  7 12     0.37282055
1933  7 13     0.36180630
1933  7 14     0.35112172
1933  7 15     0.34075812
1933  7 16     0.33069651
1933  7 17     0.32093683
1933  7 18     0.31146636
1933  7 19     0.30227439
1933  7 20     0.29335856
1933  7 21     0.28470561
1933  7 22     0.27630443
1933  7 23     0.26815475
1933  7 24     0.26024707
1933  7 25     0.25257195
1933  7 26     0.24512507
1933  7 27     0.23789537
1933  7 28     0.23088193
1933  7 29     0.22407419
1933  7 30     0.21746725
1933  7 31     0.21105410
1933  8  1     0.20483089
1933  8  2     0.19879205
1933  8  3     0.19293141
1933  8  4     0.18724349
1933  8  5     0.18172487
1933  8  6     0.17636770
1933  8  7     0.17116685
1933  8  8     0.16612073
1933  8  9     0.16122367
1933  8 10     0.15647099
1933  8 11     0.15185844
1933  8 12     0.14738192
1933  8 13     0.14303730
1933  8 14     0.14309634
1933  8 15     0.69339569
1933  8 16     0.19868111
1933  8 17     0.12690404
1933  8 18     0.12316165
1933  8 19     0.11953111
1933  8 20     0.11600760
1933  8 21     0.11258796
1933  8 22     0.10926912
1933  8 23     0.10604812
1933  8 24     0.10292207
1933  8 25     0.09988870
1933  8 26     0.09694372
1933  8 27     0.09408596
1933  8 28     0.09131254
1933  8 29     0.08862087
1933  8 30     0.08600855
1933  8 31     0.08347323
1933  9  1     0.08101265
1933  9  2     0.07862459
1933  9  3     0.07630694
1933  9  4     0.07405760
1933  9  5     0.07187456
1933  9  6     0.06975588
1933  9  7     0.06769965
1933  9  8     0.06570403
1933  9  9     0.06376724
1933  9 10     0.06188754
1933  9 11     0.06006325
1933  9 12     0.05829274
1933  9 13     0.05657441
1933  9 14     0.05490674
1933  9 15     0.05328822
1933  9 16     0.05171742
1933  9 17     0.05019292
1933  9 18     0.04871336
1933  9 19     0.04727741
1933  9 20     0.04588379
1933  9 21     0.04453125
1933  9 22     0.04321858
1933  9 23     0.04194460
1933  9 24     0.04070818
1933  9 25     0.03950820
1933  9 26     0.03834360
1933  9 27     0.03721332
1933  9 28     0.03611637
1933  9 29     0.03505175
1933  9 30     0.03401851
1933 10  1     0.03301573
1933 10  2     0.03582451
1933 10  3     0.03159519
1933 10  4     0.03018129
1933 10  5     0.02929161
1933 10  6     0.02842817
1933 10  7     0.02759018
1933 10  8     0.02677689
1933 10  9     0.03344039
1933 10 10     0.13470807
1933 10 11     0.03799798
1933 10 12     0.02380266
1933 10 13     0.02305622
1933 10 14     0.02237658
1933 10 15     0.02171697
1933 10 16     0.02107681
1933 10 17     0.02045552
1933 10 18     0.01985254
1933 10 19     0.01926734
1933 10 20     0.01869938
1933 10 21     0.01814817
1933 10 22     0.01761321
1933 10 23     0.01709402
1933 10 24     0.01659013
1933 10 25     0.01610109
1933 10 26     0.01562647
1933 10 27     0.01516584
1933 10 28     0.01471879
1933 10 29     0.03512277
1933 10 30     0.19778246
1933 10 31     1.07238074
1933 11  1     0.15280696
1933 11  2     0.01329838
1933 11  3     0.01230002
1933 11  4     0.01193744
1933 11  5     0.01158556
1933 11  6     0.01124404
1933 11  7     0.01091260
1933 11  8     0.01059092
1933 11  9     0.01027873
1933 11 10     0.00997574
1933 11 11     0.00968168
1933 11 12     0.00939628
1933 11 13     0.00911931
1933 11 14     0.00885049
1933 11 15     0.00858960
1933 11 16     0.00833640
1933 11 17     0.00809066
1933 11 18     0.00785217
1933 11 19     0.00762071
1933 11 20     0.00739607
1933 11 21     0.00717805
1933 11 22     0.00696646
1933 11 23     0.00676111
1933 11 24     0.00656181
1933 11 25     0.00636838
1933 11 26     0.00618066
1933 11 27     0.00599847
1933 11 28     0.11527482
1933 11 29     0.01960913
1933 11 30     0.00553982
1933 12  1     0.00532185
1933 12  2     0.00516497
1933 12  3     0.12490708
1933 12  4     0.61476557
1933 12  5     0.07603048
1933 12  6     0.00461489
1933 12  7     0.00444730
1933 12  8     0.00431620
1933 12  9     0.00418897
1933 12 10     0.00406549
1933 12 11     0.00547597
1933 12 12     0.58343795
1933 12 13     4.33300037
1933 12 14     2.66855763
1933 12 15     2.13622626
1933 12 16     1.08370699
1933 12 17     0.52374858
1933 12 18     0.40158331
1933 12 19     0.33497310
1933 12 20     0.29360567
1933 12 21     0.26749591
1933 12 22     0.24776616
1933 12 23     0.23253699
1933 12 24     0.21992012
1933 12 25     0.20972715
1933 12 26     0.20288045
1933 12 27     0.19647002
1933 12 28     0.19167542
1933 12 29     0.18667759
1933 12 30     0.18112268
1933 12 31     0.30176994
1934  1  1    10.44303298
1934  1  2     4.22901885
1934  1  3     1.82027878
1934  1  4     1.33673648
1934  1  5     1.10355401
1934  1  6     0.94883157
1934  1  7     0.84258551
1934  1  8     0.76457806
1934  1  9     0.70531427
1934  1 10     0.65807436
1934  1 11     0.61973988
1934  1 12     0.58856647
1934  1 13     0.56146708
1934  1 14     0.53799232
1934  1 15     0.51610046
1934  1 16     0.49806100
1934  1 17     0.48044038
1934  1 18     0.46220982
1934  1 19     0.44896263
1934  1 20     0.43457055
1934  1 21     0.41827124
1934  1 22     0.40810655
1934  1 23     0.40753194
1934  1 24     1.80689406
1934  1 25     0.68803833
1934  1 26     0.51550260
1934  1 27     0.47569211
1934  1 28     0.44031862
1934  1 29     0.41294108
1934  1 30     0.38958810
1934  1 31     0.37215260
1934  2  1     0.35714337
1934  2  2     0.34277306
1934  2  3     0.32968003
1934  2  4     0.31826191
1934  2  5     0.30745507
1934  2  6     0.95638010
1934  2  7     0.43951058
1934  2  8     0.46711285
1934  2  9     0.35586913
1934  2 10     0.33707985
1934  2 11     0.31628509
1934  2 12     0.29652775
1934  2 13     0.28106381
1934  2 14     0.26954449
1934  2 15     0.27287398
1934  2 16     0.27309242
1934  2 17     0.24147925
1934  2 18     0.23069030
1934  2 19     2.63250259
1934  2 20     3.40351544
1934  2 21     1.28513275
1934  2 22     1.05981841
1934  2 23     5.43730041
1934  2 24     7.19723900
1934  2 25     3.40167790
1934  2 26     9.92480519
1934  2 27     4.48397552
1934  2 28     2.86648151
1934  3  1     2.21591195
1934  3  2     1.76425717
1934  3  3     1.45881176
1934  3  4     1.25110658
1934  3  5     1.10973046
1934  3  6     1.00373336
1934  3  7     0.91717912
1934  3  8     0.85667148
1934  3  9     0.80696389
1934  3 10     0.76531464
1934  3 11     0.72976987
1934  3 12     0.69858516
1934  3 13     0.67065620
1934  3 14     0.64510329
1934  3 15     0.62145771
1934  3 16     0.59967514
1934  3 17     0.57875701
1934  3 18     0.55905747
1934  3 19     0.54008832
1934  3 20     0.52255678
1934  3 21     0.50557732
1934  3 22     0.48946247
1934  3 23     0.59649927
1934  3 24     0.66816683
1934  3 25     0.50641055
1934  3 26     0.43551491
1934  3 27     0.41771615
1934  3 28     0.40472030
1934  3 29     0.39226512
1934  3 30     0.38023428
1934  3 31     0.36869672
1934  4  1     0.35759830
1934  4  2     0.34694054
1934  4  3     0.33646220
1934  4  4     0.32615557
1934  4  5     0.31624676
1934  4  6     0.30670920
1934  4  7     0.29752091
1934  4  8     0.28865793
1934  4  9     0.28009358
1934  4 10     0.27177104
1934  4 11     0.26369543
1934  4 12     0.25586904
1934  4 13     0.24831700
1934  4 14     0.24097664
1934  4 15     0.23384603
1934  4 16     0.22693223
1934  4 17     0.22019792
1934  4 18     0.21367727
1934  4 19     0.20735673
1934  4 20     0.20123299
1934  4 21     0.19529228
1934  4 22     0.18952787
1934  4 23     0.18394581
1934  4 24     0.17853170
1934  4 25     0.17325346
1934  4 26     0.16813068
1934  4 27     0.16316990
1934  4 28     0.15835704
1934  4 29     0.15368761
1934  4 30     0.14915399
1934  5  1     0.55972804
1934  5  2     0.22822516
1934  5  3     0.14086521
1934  5  4     0.13232387
1934  5  5     0.12842219
1934  5  6     0.12463595
1934  5  7     0.12096132
1934  5  8     0.11739659
1934  5  9     0.11393492
1934  5 10     0.11057765
1934  5 11     0.10731593
1934  5 12     0.10415598
1934  5 13     0.10108160
1934  5 14     0.09809940
1934  5 15     0.09520738
1934  5 16     0.09240090
1934  5 17     0.08967715
1934  5 18     0.08703369
1934  5 19     0.08446816
1934  5 20     0.08197824
1934  5 21     0.07956173
1934  5 22     0.07721645
1934  5 23     0.07494030
1934  5 24     0.07273125
1934  5 25     0.07432221
1934  5 26     0.79198712
1934  5 27     0.26625170
1934  5 28     0.08175308
1934  5 29     0.76668242
1934  5 30     0.18496702
1934  5 31     0.06606156
1934  6  1     0.06089934
1934  6  2     0.05899686
1934  6  3     0.05716598
1934  6  4     0.05638274
1934  6  5     2.11146844
1934  6  6     1.19248441
1934  6  7     0.43890307
1934  6  8     0.61315925
1934  6  9     0.33710382
1934  6 10     0.30445896
1934  6 11     0.26735225
1934  6 12     0.23486412
1934  6 13     0.21160002
1934  6 14     0.19406682
1934  6 15     0.18056087
1934  6 16     0.16972085
1934  6 17     0.16075519
1934  6 18     0.15315610
1934  6 19     0.14642564
1934  6 20     0.14040860
1934  6 21     0.13490367
1934  6 22     0.12981777
1934  6 23     0.12508632
1934  6 24     0.12074726
1934  6 25     0.11667266
1934  6 26     0.11275248
1934  6 27     0.10895646
1934  6 28     0.10534583
1934  6 29     0.10193354
1934  6 30     0.09869125
1934  7  1     0.09558410
1934  7  2     0.09260205
1934  7  3     0.08973525
1934  7  4     0.08697314
1934  7  5     0.08430924
1934  7  6     0.08173823
1934  7  7     0.07925532
1934  7  8     0.07685615
1934  7  9     0.07453673
1934  7 10     0.07229342
1934  7 11     0.07012342
1934  7 12     0.06802230
1934  7 13     0.06598783
1934  7 14     0.06401782
1934  7 15     0.06210946
1934  7 16     0.06026273
1934  7 17     0.05846852
1934  7 18     0.05673216
1934  7 19     0.05504783
1934  7 20     0.05341530
1934  7 21     0.05183235
1934  7 22     0.05029727
1934  7 23     0.04880847
1934  7 24     0.04736445
1934  7 25     0.04596374
1934  7 26     0.04460498
1934  7 27     0.04328812
1934  7 28     0.04200805
1934  7 29     0.04076915
1934  7 30     0.03956348
1934  7 31     0.03839536
1934  8  1     0.03726203
1934  8  2     0.03616235
1934  8  3     0.03509524
1934  8  4     0.03406235
1934  8  5     0.03305499
1934  8  6     0.03208034
1934  8  7     0.03113330
1934  8  8     0.03021539
1934  8  9     0.02932460
1934  8 10     0.02846219
1934  8 11     0.02762153
1934  8 12     0.02680605
1934  8 13     0.02601477
1934  8 14     0.02524892
1934  8 15     0.02450498
1934  8 16     0.02378203
1934  8 17     0.02307945
1934  8 18     0.02239889
1934  8 19     0.02173863
1934  8 20     0.02109782
1934  8 21     0.02047591
1934  8 22     0.01987233
1934  8 23     0.01928655
1934  8 24     0.01871803
1934  8 25     0.01816627
1934  8 26     0.01763077
1934  8 27     0.01711106
1934  8 28     0.01660667
1934  8 29     0.01611714
1934  8 30     0.01564205
1934  8 31     0.01518096
1934  9  1     0.01473347
1934  9  2     0.01429916
1934  9  3     0.01387766
1934  9  4     0.01346858
1934  9  5     0.01307156
1934  9  6     0.01268624
1934  9  7     0.01231228
1934  9  8     0.01194935
1934  9  9     0.01159711
1934  9 10     0.01125525
1934  9 11     0.01092348
1934  9 12     0.01060148
1934  9 13     0.01028898
1934  9 14     0.00998568
1934  9 15     0.00969133
1934  9 16     0.00940565
1934  9 17     0.00912957
1934  9 18     0.00885939
1934  9 19     0.00859813
1934  9 20     0.00834468
1934  9 21     0.00809870
1934  9 22     0.00785997
1934  9 23     0.16651429
1934  9 24     0.12810696
1934  9 25     0.01949660
1934  9 26     0.00697366
1934  9 27     0.00676782
1934  9 28     0.00656832
1934  9 29     0.00637470
1934  9 30     0.00618679
1934 10  1     0.00600442
1934 10  2     0.00582743
1934 10  3     0.00565565
1934 10  4     0.00548893
1934 10  5     0.00532713
1934 10  6     0.03059997
1934 10  7     0.00816036
1934 10  8     0.00486986
1934 10  9     0.00472624
1934 10 10     0.00458692
1934 10 11     0.00445171
1934 10 12     0.00432049
1934 10 13     0.00419313
1934 10 14     0.00406953
1934 10 15     0.00394957
1934 10 16     0.00383314
1934 10 17     0.05371447
1934 10 18     1.15989045
1934 10 19     0.32004824
1934 10 20     0.04714026
1934 10 21     0.00445555
1934 10 22     0.05471339
1934 10 23     0.02236850
1934 10 24     0.00454679
1934 10 25     0.00292827
1934 10 26     0.00284192
1934 10 27     0.00275814
1934 10 28     0.00267684
1934 10 29     0.00259793
1934 10 30     0.00252135
1934 10 31     0.18995481
1934 11  1     1.73007885
1934 11  2     0.24577127
1934 11  3     0.00630884
1934 11  4     0.00227150
1934 11  5     0.00210701
1934 11  6     0.00204490
1934 11  7     0.00198462
1934 11  8     0.00192612
1934 11  9     0.00186935
1934 11 10     0.00181424
1934 11 11     0.00176076
1934 11 12     0.00170886
1934 11 13     0.00165849
1934 11 14     0.00160960
1934 11 15     0.33307078
1934 11 16     1.13227325
1934 11 17     1.03432134
1934 11 18     1.10925046
1934 11 19     5.48016837
1934 11 20     1.91612982
1934 11 21     0.78149066
1934 11 22     0.61526044
1934 11 23     1.32822866
1934 11 24     0.71367615
1934 11 25     0.57848963
1934 11 26     0.51583803
1934 11 27     0.46208676
1934 11 28     0.46727197
1934 11 29     0.39726055
1934 11 30     0.36739084
1934 12  1     0.79247982
1934 12  2     0.51078235
1934 12  3     0.40696036
1934 12  4     0.38030620
1934 12  5     0.35197062
1934 12  6     0.32852915
1934 12  7     0.30999379
1934 12  8     0.31338892
1934 12  9     0.29193601
1934 12 10     0.27189303
1934 12 11     0.26049065
1934 12 12     0.25012992
1934 12 13     0.88032018
1934 12 14    12.47113045
1934 12 15     4.41009353
1934 12 16     2.17510431
1934 12 17     1.64969465
1934 12 18     1.30994142
1934 12 19     1.08747849
1934 12 20     0.93717273
1934 12 21     0.83133067
1934 12 22     0.75560888
1934 12 23     0.69655243
1934 12 24     0.65111323
1934 12 25     0.61438042
1934 12 26     0.58357086
1934 12 27     0.55829991
1934 12 28     1.99515788
1934 12 29     0.91058713
1934 12 30     0.83891724
1934 12 31     0.70592136
1935  1  1     0.63622077
1935  1  2     0.57909494
1935  1  3     0.53683218
1935  1  4     0.81922942
1935  1  5     9.27901721
1935  1  6     3.73154897
1935  1  7     2.09350732
1935  1  8     2.56566393
1935  1  9     3.60333526
1935  1 10     2.73016043
1935  1 11     1.94754713
1935  1 12     3.81924572
1935  1 13     2.08202611
1935  1 14     1.68879047
1935  1 15     6.38226657
1935  1 16     3.38955675
1935  1 17     3.32871777
1935  1 18     5.80945878
1935  1 19     8.01817023
1935  1 20     3.82255522
1935  1 21     2.72769623
1935  1 22     2.20051694
1935  1 23     1.93393085
1935  1 24     1.78668510
1935  1 25     1.73091830
1935  1 26     1.78479573
1935  1 27     1.78485654
1935  1 28     1.76452941
1935  1 29     1.82767669
1935  1 30     1.76431689
1935  1 31     1.75619945
1935  2  1     1.69887911
1935  2  2     1.62323469
1935  2  3     1.46356073
1935  2  4     2.28429324
1935  2  5     3.60744134
1935  2  6     6.43492052
1935  2  7     6.48116126
1935  2  8    10.75119828
1935  2  9     6.02016686
1935  2 10     4.66898266
1935  2 11     3.32682673
1935  2 12     4.17419333
1935  2 13     3.21829202
1935  2 14     2.94879564
1935  2 15     2.37492847
1935  2 16     2.11035938
1935  2 17     1.90293738
1935  2 18     1.73363337
1935  2 19     1.62014847
1935  2 20     1.51160618
1935  2 21     1.40841423
1935  2 22     1.33126601
1935  2 23     5.48574677
1935  2 24     5.34586863
1935  2 25     2.97830891
1935  2 26     2.48393098
1935  2 27     2.23953529
1935  2 28     2.02877747
1935  3  1     1.83468808
1935  3  2     3.35491670
1935  3  3     9.62963077
1935  3  4     6.19783858
1935  3  5     6.11093032
1935  3  6     3.77540751
1935  3  7    12.89179793
1935  3  8    13.44713268
1935  3  9     6.99779631
1935  3 10     5.15397172
1935  3 11     4.89468086
1935  3 12     4.56662987
1935  3 13     3.95514403
1935  3 14     3.76645287
1935  3 15     3.22528025
1935  3 16     2.95608484
1935  3 17     2.74654238
1935  3 18     2.41560573
1935  3 19     3.47265656
1935  3 20     2.51347669
1935  3 21     6.32432425
1935  3 22     4.42597216
1935  3 23     5.01216735
1935  3 24     8.66768141
1935  3 25     4.66659305
1935  3 26     3.72390641
1935  3 27     3.20114153
1935  3 28     2.99806950
1935  3 29     2.81357221
1935  3 30     2.57199712
1935  3 31     2.35562206
1935  4  1     2.29354310
1935  4  2     2.13090405
1935  4  3     9.17661684
1935  4  4    12.13352112
1935  4  5     6.95488913
1935  4  6     4.65891716
1935  4  7    13.03875199
1935  4  8    28.22187782
1935  4  9    17.87389764
1935  4 10     9.48810437
1935  4 11     7.52992133
1935  4 12     6.10194998
1935  4 13     5.07548343
1935  4 14     4.56413728
1935  4 15     5.68295428
1935  4 16     9.50140548
1935  4 17     6.20167705
1935  4 18     4.73026855
1935  4 19     4.31382618
1935  4 20     3.91226215
1935  4 21     3.56525795
1935  4 22     3.24677743
1935  4 23     3.11679559
1935  4 24     2.98855807
1935  4 25     2.82930961
1935  4 26     2.75278703
1935  4 27     2.64368734
1935  4 28     2.51580934
1935  4 29     5.91062377
1935  4 30    12.52697365
1935  5  1     6.13620666
1935  5  2     7.45554669
1935  5  3     4.91134503
1935  5  4     4.13809443
1935  5  5     3.66971107
1935  5  6     3.26465252
1935  5  7     2.97404356
1935  5  8     2.75964471
1935  5  9     2.59457609
1935  5 10     2.43199711
1935  5 11     2.35442247
1935  5 12     2.24921644
1935  5 13     2.37574487
1935  5 14     2.15385157
1935  5 15     2.03123676
1935  5 16     2.60370434
1935  5 17     2.32475289
1935  5 18     1.97308567
1935  5 19     1.96655147
1935  5 20     1.84594628
1935  5 21     1.75790117
1935  5 22     1.62825120
1935  5 23     1.54648435
1935  5 24     1.48921693
1935  5 25     1.43440497
1935  5 26     1.38197328
1935  5 27     1.33546666
1935  5 28     1.29360566
1935  5 29     1.25286440
1935  5 30     1.21632470
1935  5 31     1.17804507
1935  6  1     1.13565063
1935  6  2     1.09540196
1935  6  3     1.05924137
1935  6  4     1.02391790
1935  6  5     0.99256692
1935  6  6     0.96303376
1935  6  7     0.93519085
1935  6  8     0.90730292
1935  6  9     0.88293458
1935  6 10     0.85325992
1935  6 11     0.82670603
1935  6 12     0.80244650
1935  6 13     0.77917341
1935  6 14     0.75640572
1935  6 15     0.73432876
1935  6 16     0.71263262
1935  6 17     0.68865905
1935  6 18     0.66610105
1935  6 19     0.64496377
1935  6 20     0.62590049
1935  6 21     0.60628767
1935  6 22     0.58794796
1935  6 23     0.57386492
1935  6 24     0.55691719
1935  6 25     0.53874039
1935  6 26     0.52061809
1935  6 27     0.50600967
1935  6 28     0.49230284
1935  6 29     0.47916096
1935  6 30     0.46472767
1935  7  1     0.45110500
1935  7  2     0.43873695
1935  7  3     0.42357459
1935  7  4     0.40982265
1935  7  5     0.39806728
1935  7  6     0.38724884
1935  7  7     0.37555521
1935  7  8     0.36419344
1935  7  9     0.35290174
1935  7 10     0.34235576
1935  7 11     0.33191564
1935  7 12     0.32203357
1935  7 13     0.31253293
1935  7 14     0.30331861
1935  7 15     0.43650178
1935  7 16     0.30292079
1935  7 17     0.27727717
1935  7 18     0.26910200
1935  7 19     0.26117129
1935  7 20     0.25347192
1935  7 21     0.24599758
1935  7 22     0.23874562
1935  7 23     0.23170725
1935  7 24     0.22487691
1935  7 25     0.21824802
1935  7 26     0.21181455
1935  7 27     0.20557073
1935  7 28     0.19951097
1935  7 29     0.19362984
1935  7 30     0.18792208
1935  7 31     0.18238257
1935  8  1     0.17700636
1935  8  2     0.17178863
1935  8  3     0.16672471
1935  8  4     0.16181007
1935  8  5     0.15704080
1935  8  6     0.15241114
1935  8  7     0.14791834
1935  8  8     0.14355807
1935  8  9     0.13932634
1935  8 10     0.13521935
1935  8 11     0.13123341
1935  8 12     0.12736498
1935  8 13     0.12361058
1935  8 14     0.11996684
1935  8 15     0.11643052
1935  8 16     0.11299844
1935  8 17     0.10966752
1935  8 18     0.10643480
1935  8 19     0.10329737
1935  8 20     0.10025242
1935  8 21     0.09729722
1935  8 22     0.09442914
1935  8 23     0.09164561
1935  8 24     0.08894412
1935  8 25     0.13360726
1935  8 26     0.73833617
1935  8 27     0.55104098
1935  8 28     0.12781170
1935  8 29     0.07658641
1935  8 30     0.07432773
1935  8 31     0.07213673
1935  9  1     0.07001032
1935  9  2     0.06794659
1935  9  3     0.06594369
1935  9  4     0.06399984
1935  9  5     0.06211328
1935  9  6     0.06028234
1935  9  7     0.05850536
1935  9  8     0.05678077
1935  9  9     0.05510702
1935  9 10     0.05348260
1935  9 11     0.05190606
1935  9 12     0.05037600
1935  9 13     0.04889104
1935  9 14     0.04744986
1935  9 15     0.04605115
1935  9 16     0.04469368
1935  9 17     0.04337622
1935  9 18     0.04209760
1935  9 19     0.04085666
1935  9 20     0.03965231
1935  9 21     0.03848346
1935  9 22     0.03734906
1935  9 23     0.03624811
1935  9 24     0.03517960
1935  9 25     0.03414259
1935  9 26     0.03313616
1935  9 27     0.03215938
1935  9 28     0.03121141
1935  9 29     0.05891793
1935  9 30     0.03285954
1935 10  1     0.17443428
1935 10  2     0.04529892
1935 10  3     0.02687497
1935 10  4     0.02608236
1935 10  5     0.02531352
1935 10  6     0.02456734
1935 10  7     0.02384316
1935 10  8     0.02314032
1935 10  9     0.02245820
1935 10 10     0.02179619
1935 10 11     0.17045786
1935 10 12     0.16643939
1935 10 13     0.03547500
1935 10 14     0.27861250
1935 10 15     1.60910549
1935 10 16     0.23631686
1935 10 17     0.01912692
1935 10 18     0.01715643
1935 10 19     0.01665064
1935 10 20     0.01615982
1935 10 21     0.01568347
1935 10 22     0.01522116
1935 10 23     0.01477248
1935 10 24     0.01433702
1935 10 25     0.01391440
1935 10 26     0.01350424
1935 10 27     0.01310617
1935 10 28     0.01271983
1935 10 29     0.01284352
1935 10 30     0.01204335
1935 10 31     0.01162782
1935 11  1     0.01483607
1935 11  2     1.00894744
1935 11  3     0.13943767
1935 11  4     0.01555196
1935 11  5     0.01506526
1935 11  6     0.01447695
1935 11  7     0.01392667
1935 11  8     0.01341035
1935 11  9     0.01292443
1935 11 10     0.01246584
1935 11 11     0.01203191
1935 11 12     0.01162031
1935 11 13     0.01122901
1935 11 14     0.01085625
1935 11 15     0.01050047
1935 11 16     0.01016031
1935 11 17     0.44380358
1935 11 18     0.18779494
1935 11 19     0.03296642
1935 11 20     0.01915260
1935 11 21     0.01837751
1935 11 22     0.01743926
1935 11 23     0.01662034
1935 11 24     0.01588970
1935 11 25     0.01522647
1935 11 26     0.01461718
1935 11 27     0.01405261
1935 11 28     0.01352593
1935 11 29     0.01303228
1935 11 30     0.01256733
1935 12  1     0.01212819
1935 12  2     0.01171175
1935 12  3     0.02476530
1935 12  4     0.38068378
1935 12  5     0.09479882
1935 12  6     0.02110933
1935 12  7     0.01607338
1935 12  8     0.01526847
1935 12  9     0.01452053
1935 12 10     0.01386994
1935 12 11     0.01328910
1935 12 12     1.12100498
1935 12 13     0.19074222
1935 12 14     0.05533062
1935 12 15     0.04963996
1935 12 16     0.04573022
1935 12 17     0.04266628
1935 12 18     0.04012847
1935 12 19     0.03796462
1935 12 20     0.03607534
1935 12 21     0.03439580
1935 12 22     0.03288029
1935 12 23     0.03149800
1935 12 24     0.03022445
1935 12 25     0.02904462
1935 12 26     0.02794576
1935 12 27     0.22415907
1935 12 28     0.13385364
1935 12 29     7.01512322
1935 12 30     2.00143005
1935 12 31     0.96348319
1936  1  1     0.70922719
1936  1  2     0.58798888
1936  1  3     0.56382473
1936  1  4     1.92242096
1936  1  5     1.20045740
1936  1  6     0.73889965
1936  1  7     0.61750095
1936  1  8     0.55132738
1936  1  9    10.15913866
1936  1 10     3.35381945
1936  1 11     2.35854579
1936  1 12     1.70426446
1936  1 13     1.31703243
1936  1 14     1.13745385
1936  1 15     0.99460487
1936  1 16     3.83377627
1936  1 17     2.59662187
1936  1 18     1.63916996
1936  1 19     1.39416439
1936  1 20     1.18485236
1936  1 21     1.05214833
1936  1 22     0.95199439
1936  1 23     0.86014567
1936  1 24     0.79633013
1936  1 25     0.74714794
1936  1 26     0.70625868
1936  1 27     0.67280571
1936  1 28     0.69127615
1936  1 29     0.63214981
1936  1 30     0.59650086
1936  1 31     0.60352860
1936  2  1     7.80113714
1936  2  2    26.57531356
1936  2  3    10.30905653
1936  2  4     5.67684912
1936  2  5     4.21060726
1936  2  6     3.50106345
1936  2  7     3.08459021
1936  2  8     2.35481453
1936  2  9     2.00996521
1936  2 10     1.76032045
1936  2 11    21.55510500
1936  2 12    22.32333726
1936  2 13    43.91280049
1936  2 14    45.51658035
1936  2 15    28.79641750
1936  2 16    27.03110349
1936  2 17    15.13056120
1936  2 18    15.42245051
1936  2 19    11.29503809
1936  2 20     8.59943617
1936  2 21    10.55021444
1936  2 22    12.16151507
1936  2 23    26.26227820
1936  2 24    15.67158129
1936  2 25     9.51837831
1936  2 26     7.74903209
1936  2 27     6.73576550
1936  2 28     5.88469897
1936  2 29     5.31495056
1936  3  1     4.95545797
1936  3  2     4.67946049
1936  3  3     4.43115369
1936  3  4     4.23304478
1936  3  5     4.07391518
1936  3  6     3.88933523
1936  3  7     3.75823434
1936  3  8     3.65134861
1936  3  9     3.52489513
1936  3 10     3.43294990
1936  3 11     3.38836035
1936  3 12     3.28267433
1936  3 13     3.16709445
1936  3 14     3.02629246
1936  3 15     2.94354816
1936  3 16     2.91111656
1936  3 17     2.84160161
1936  3 18     2.73692379
1936  3 19     2.67784211
1936  3 20     2.63143331
1936  3 21     2.84590805
1936  3 22     2.51336469
1936  3 23     2.31308555
1936  3 24     2.51215084
1936  3 25     8.48957648
1936  3 26     4.27772615
1936  3 27     3.38551843
1936  3 28     3.08504265
1936  3 29     2.94810783
1936  3 30     7.74291879
1936  3 31    15.52307893
1936  4  1     7.07327442
1936  4  2     5.22681571
1936  4  3     7.39453220
1936  4  4    32.63128599
1936  4  5    14.08691608
1936  4  6     8.56446399
1936  4  7     6.82938055
1936  4  8     5.67841535
1936  4  9     5.09518567
1936  4 10     4.84195726
1936  4 11     4.78201918
1936  4 12     4.79092469
1936  4 13     4.50580343
1936  4 14     4.29358654
1936  4 15     4.18478171
1936  4 16     3.99049494
1936  4 17     3.73401106
1936  4 18     4.08348295
1936  4 19     3.37728978
1936  4 20     3.05182921
1936  4 21     2.90658354
1936  4 22     2.74993793
1936  4 23     2.65836699
1936  4 24     2.56774408
1936  4 25     2.49742468
1936  4 26     2.44464278
1936  4 27     2.34798651
1936  4 28     2.22500542
1936  4 29     4.52948947
1936  4 30     2.72696040
1936  5  1     2.43893653
1936  5  2     2.34245338
1936  5  3     2.23114138
1936  5  4     2.13576985
1936  5  5     2.01658494
1936  5  6     1.90441571
1936  5  7     1.84936094
1936  5  8     1.84266684
1936  5  9     1.83738361
1936  5 10     1.80942973
1936  5 11     1.59601732
1936  5 12     1.49784119
1936  5 13     1.43275054
1936  5 14     1.37831643
1936  5 15     1.32889939
1936  5 16     1.28130159
1936  5 17     1.23643860
1936  5 18     1.19545486
1936  5 19     1.16257031
1936  5 20     1.12738376
1936  5 21     1.08923253
1936  5 22     1.05134142
1936  5 23     1.01343986
1936  5 24     0.98149714
1936  5 25     0.95359454
1936  5 26     0.92725722
1936  5 27     0.90335984
1936  5 28     0.95428178
1936  5 29     1.17452557
1936  5 30     0.86753147
1936  5 31     1.14300239
1936  6  1     0.89423668
1936  6  2     0.76571501
1936  6  3     1.17679014
1936  6  4     0.77019681
1936  6  5     0.69662223
1936  6  6     0.69601152
1936  6  7     0.65788157
1936  6  8     0.63704169
1936  6  9     0.61511635
1936  6 10     0.59360197
1936  6 11     0.57355399
1936  6 12     0.55634671
1936  6 13     0.53750551
1936  6 14     0.52378116
1936  6 15     0.51049690
1936  6 16     0.49437545
1936  6 17     0.47838244
1936  6 18     0.46369839
1936  6 19     0.44832301
1936  6 20     0.43384453
1936  6 21     0.41937035
1936  6 22     0.40645248
1936  6 23     0.53254859
1936  6 24     0.40129604
1936  6 25     0.37180504
1936  6 26     0.36053741
1936  6 27     0.34995845
1936  6 28     0.33999654
1936  6 29     0.32981940
1936  6 30     0.32032214
1936  7  1     0.31045669
1936  7  2     0.30121401
1936  7  3     0.29231164
1936  7  4     0.28364491
1936  7  5     0.27527213
1936  7  6     0.26715404
1936  7  7     0.25927677
1936  7  8     0.25164215
1936  7  9     0.24500672
1936  7 10     1.00472865
1936  7 11     0.32364999
1936  7 12     0.22331636
1936  7 13     0.21666309
1936  7 14     0.21027465
1936  7 15     0.20407559
1936  7 16     0.19805943
1936  7 17     0.19222067
1936  7 18     0.18687102
1936  7 19     0.18109659
1936  7 20     0.24937055
1936  7 21     0.17947568
1936  7 22     0.16551027
1936  7 23     0.16063099
1936  7 24     0.15589585
1936  7 25     0.15130141
1936  7 26     0.14684029
1936  7 27     0.14251158
1936  7 28     0.13831058
1936  7 29     0.13423478
1936  7 30     0.13027658
1936  7 31     0.12643610
1936  8  1     0.12270907
1936  8  2     0.11909190
1936  8  3     0.11558156
1936  8  4     0.11217431
1936  8  5     0.10886766
1936  8  6     0.10565851
1936  8  7     0.10254396
1936  8  8     0.09952122
1936  8  9     0.52109634
1936  8 10     0.15408773
1936  8 11     0.09196119
1936  8 12     0.08829542
1936  8 13     0.08569267
1936  8 14     0.08316667
1936  8 15     0.08071512
1936  8 16     0.07833584
1936  8 17     0.07602669
1936  8 18     0.07378561
1936  8 19     0.07161060
1936  8 20     0.06949970
1936  8 21     0.06745102
1936  8 22     0.06546273
1936  8 23     0.06353305
1936  8 24     0.06166025
1936  8 25     0.05984266
1936  8 26     0.05807865
1936  8 27     0.05636664
1936  8 28     0.05470509
1936  8 29     0.05309252
1936  8 30     0.05152748
1936  8 31     0.05000858
1936  9  1     0.04853445
1936  9  2     0.04710378
1936  9  3     0.04571527
1936  9  4     0.04436770
1936  9  5     0.04305985
1936  9  6     0.04179055
1936  9  7     0.04055867
1936  9  8     0.03936310
1936  9  9     0.03820278
1936  9 10     0.03707665
1936  9 11     0.03598373
1936  9 12     0.03492302
1936  9 13     0.03389357
1936  9 14     0.03289447
1936  9 15     0.03192483
1936  9 16     0.03098376
1936  9 17     0.03007044
1936  9 18     0.02918404
1936  9 19     0.02832376
1936  9 20     0.02748885
1936  9 21     0.02667855
1936  9 22     0.02589213
1936  9 23     0.02512889
1936  9 24     0.02438816
1936  9 25     0.02366925
1936  9 26     0.02297154
1936  9 27     0.02229440
1936  9 28     0.02163722
1936  9 29     0.02099940
1936  9 30     0.02038039
1936 10  1     0.01977963
1936 10  2     0.09156892
1936 10  3     0.02738528
1936 10  4     0.01808173
1936 10  5     0.01754852
1936 10  6     0.01703124
1936 10  7     0.01652920
1936 10  8     0.01604196
1936 10  9     0.01556908
1936 10 10     0.01511014
1936 10 11     0.01466473
1936 10 12     0.01423245
1936 10 13     0.01959707
1936 10 14     0.01422596
1936 10 15     0.01301060
1936 10 16     0.04012414
1936 10 17     0.09644394
1936 10 18     0.65977938
1936 10 19     1.03082379
1936 10 20     0.18273065
1936 10 21     0.01632116
1936 10 22     0.01065967
1936 10 23     0.01024098
1936 10 24     0.00993910
1936 10 25     0.00964612
1936 10 26     0.00936178
1936 10 27     0.00908581
1936 10 28     0.00881799
1936 10 29     0.00855805
1936 10 30     0.02043110
1936 10 31     1.60705118
1936 11  1     0.46665590
1936 11  2     0.06848270
1936 11  3     0.01778554
1936 11  4     0.00754130
1936 11  5     0.00694088
1936 11  6     0.00673628
1936 11  7     0.00653771
1936 11  8     0.00634499
1936 11  9     0.00615796
1936 11 10     0.00597644
1936 11 11     0.00580027
1936 11 12     0.00562929
1936 11 13     0.00546335
1936 11 14     0.00530230
1936 11 15     0.00514601
1936 11 16     0.00499431
1936 11 17     0.00484709
1936 11 18     0.00470421
1936 11 19     0.00456555
1936 11 20     0.00443096
1936 11 21     0.00430035
1936 11 22     0.00417359
1936 11 23     0.00405056
1936 11 24     0.00393116
1936 11 25     0.00381528
1936 11 26     0.00370281
1936 11 27     0.00359366
1936 11 28     0.00348773
1936 11 29     0.00338492
1936 11 30     0.00328514
1936 12  1     0.00318831
1936 12  2     0.00309432
1936 12  3     0.00300311
1936 12  4     0.06355099
1936 12  5     0.01038453
1936 12  6     0.00563064
1936 12  7     0.00678706
1936 12  8     0.00506386
1936 12  9     0.00398865
1936 12 10     0.00296357
1936 12 11     0.00242508
1936 12 12     0.00229534
1936 12 13     0.00223423
1936 12 14     0.20202420
1936 12 15     1.85891965
1936 12 16     2.37795467
1936 12 17     0.53303241
1936 12 18     0.23204853
1936 12 19     0.18674521
1936 12 20     0.16799853
1936 12 21     0.16997263
1936 12 22     0.14752122
1936 12 23     0.13729886
1936 12 24     0.12996719
1936 12 25     3.33172808
1936 12 26     0.87430384
1936 12 27     8.83541985
1936 12 28     5.80424993
1936 12 29     2.43099447
1936 12 30     2.02763111
1936 12 31     8.90416436
1937  1  1     3.69655893
1937  1  2     2.09329637
1937  1  3     1.58354043
1937  1  4     1.23543152
1937  1  5     4.75072188
1937  1  6     8.22088343
1937  1  7     3.65192221
1937  1  8     2.42177062
1937  1  9     1.81251760
1937  1 10     1.39431218
1937  1 11     1.13728104
1937  1 12     1.36315417
1937  1 13     4.77732770
1937  1 14     2.19144789
1937  1 15     1.67912899
1937  1 16     5.98715622
1937  1 17     3.05184396
1937  1 18     2.07125223
1937  1 19     2.61314646
1937  1 20     1.53401090
1937  1 21     1.25356957
1937  1 22     1.08348042
1937  1 23     0.96474777
1937  1 24     0.95744607
1937  1 25     0.83422655
1937  1 26     0.79166709
1937  1 27     0.77250820
1937  1 28     0.95338347
1937  1 29    12.37836979
1937  1 30    16.10273945
1937  1 31     8.22069129
1937  2  1     4.95789880
1937  2  2     7.47301284
1937  2  3     4.43802323
1937  2  4     3.56584933
1937  2  5    22.19614833
1937  2  6    74.19409080
1937  2  7    38.80449123
1937  2  8    18.73272847
1937  2  9    12.79271776
1937  2 10     9.79668280
1937  2 11     7.90217993
1937  2 12    11.37982136
1937  2 13    14.18497714
1937  2 14    35.23979956
1937  2 15    17.07288141
1937  2 16    10.39951557
1937  2 17     8.23888808
1937  2 18     6.91552807
1937  2 19     7.43681427
1937  2 20     6.02956202
1937  2 21     5.54574914
1937  2 22     5.24360938
1937  2 23     5.07746626
1937  2 24     5.59776060
1937  2 25    18.99890825
1937  2 26     9.94379195
1937  2 27     6.85051791
1937  2 28     5.96346203
1937  3  1     5.39871331
1937  3  2     4.95677540
1937  3  3     4.76782381
1937  3  4     4.65660355
1937  3  5     4.46120459
1937  3  6     4.23512363
1937  3  7     4.12380707
1937  3  8     4.18500366
1937  3  9     4.04272379
1937  3 10     3.91769620
1937  3 11     3.92245448
1937  3 12     7.37273355
1937  3 13    13.39368265
1937  3 14     7.16108603
1937  3 15     5.62672376
1937  3 16     8.75714916
1937  3 17     7.51678408
1937  3 18    15.65169893
1937  3 19     8.06447469
1937  3 20     6.03515778
1937  3 21     5.23878704
1937  3 22    19.83662654
1937  3 23    10.68498180
1937  3 24     9.63011954
1937  3 25    17.50213817
1937  3 26     9.59262890
1937  3 27    12.19648572
1937  3 28     9.37176139
1937  3 29     6.81758895
1937  3 30     5.96089292
1937  3 31     5.30939258
1937  4  1     4.94413723
1937  4  2    13.02971724
1937  4  3     9.41010586
1937  4  4     6.26392746
1937  4  5     5.46528378
1937  4  6    12.41454369
1937  4  7     7.38907167
1937  4  8     6.03255808
1937  4  9     5.20010487
1937  4 10     4.65569518
1937  4 11     4.41100707
1937  4 12     4.27629059
1937  4 13     4.22306123
1937  4 14     4.27193444
1937  4 15     4.19025973
1937  4 16     3.78888425
1937  4 17     3.52676060
1937  4 18     3.51090535
1937  4 19     3.40444893
1937  4 20     3.54439950
1937  4 21     3.55069066
1937  4 22     3.23930582
1937  4 23     3.06686006
1937  4 24     3.20516813
1937  4 25     3.40414277
1937  4 26     3.17569477
1937  4 27     9.90474232
1937  4 28     6.66268940
1937  4 29     4.39046480
1937  4 30     3.97546444
1937  5  1     3.88836648
1937  5  2     3.84471669
1937  5  3     3.71015252
1937  5  4     3.35212349
1937  5  5     3.09605479
1937  5  6     2.91410381
1937  5  7     2.71155640
1937  5  8     2.57779723
1937  5  9     2.51331252
1937  5 10     2.35259563
1937  5 11     2.37804322
1937  5 12     2.52690737
1937  5 13     2.65146226
1937  5 14     2.67283906
1937  5 15     2.61879024
1937  5 16     2.58916961
1937  5 17     2.55015080
1937  5 18     2.23338080
1937  5 19     2.04107785
1937  5 20     1.99811089
1937  5 21     1.99403196
1937  5 22     1.98077529
1937  5 23     1.90492896
1937  5 24     1.82806357
1937  5 25     1.76634118
1937  5 26     1.72946475
1937  5 27     1.53988058
1937  5 28     1.44791746
1937  5 29     1.38607148
1937  5 30     1.32847848
1937  5 31     1.27663620
1937  6  1     1.21791335
1937  6  2     1.16875576
1937  6  3     1.12797768
1937  6  4     1.09033268
1937  6  5     1.06084265
1937  6  6     1.02892131
1937  6  7     0.99703462
1937  6  8     0.96613494
1937  6  9     0.93598325
1937  6 10     0.90780444
1937  6 11     0.88074223
1937  6 12     0.85203082
1937  6 13     0.82395701
1937  6 14     0.79888905
1937  6 15     0.77225515
1937  6 16     0.74978362
1937  6 17     0.72955567
1937  6 18     0.70535561
1937  6 19     0.68036610
1937  6 20     0.65791916
1937  6 21     0.63647827
1937  6 22     0.61786352
1937  6 23     0.60251362
1937  6 24     0.58396733
1937  6 25     0.56466370
1937  6 26     0.54450427
1937  6 27     0.52683610
1937  6 28     0.53441336
1937  6 29     0.49993158
1937  6 30     0.48234755
1937  7  1     0.46812515
1937  7  2     0.45396799
1937  7  3     0.43996888
1937  7  4     0.42693165
1937  7  5     0.41433753
1937  7  6     0.40217413
1937  7  7     0.39027387
1937  7  8     0.37875498
1937  7  9     0.36757430
1937  7 10     0.35673298
1937  7 11     0.48926921
1937  7 12     0.35351648
1937  7 13     0.32612479
1937  7 14     0.31648229
1937  7 15     0.30715111
1937  7 16     0.29809529
1937  7 17     0.28930788
1937  7 18     0.28077735
1937  7 19     0.27250007
1937  7 20     0.26446634
1937  7 21     0.25666934
1937  7 22     0.24910267
1937  7 23     0.42314800
1937  7 24     0.25679543
1937  7 25     0.22771575
1937  7 26     0.22100240
1937  7 27     0.21448749
1937  7 28     0.20816468
1937  7 29     0.20202828
1937  7 30     0.19607280
1937  7 31     0.19029290
1937  8  1     0.18468339
1937  8  2     0.17923927
1937  8  3     0.17395622
1937  8  4     0.16882784
1937  8  5     0.16385147
1937  8  6     0.15902102
1937  8  7     0.15433334
1937  8  8     0.14978395
1937  8  9     0.14536867
1937  8 10     0.14108354
1937  8 11     0.13692505
1937  8 12     0.13288852
1937  8 13     0.12897122
1937  8 14     0.12516946
1937  8 15     0.12147977
1937  8 16     0.11789903
1937  8 17     0.11442348
1937  8 18     0.11105053
1937  8 19     0.10777703
1937  8 20     0.10460003
1937  8 21     0.10151669
1937  8 22     0.09852423
1937  8 23     0.09561998
1937  8 24     0.09280134
1937  8 25     0.09006578
1937  8 26     0.08741087
1937  8 27     0.08483421
1937  8 28     0.08233351
1937  8 29     0.07990653
1937  8 30     0.07755108
1937  8 31     0.07526507
1937  9  1     0.07304644
1937  9  2     0.07089321
1937  9  3     0.06880346
1937  9  4     0.06677530
1937  9  5     0.06480693
1937  9  6     0.06289658
1937  9  7     0.06104255
1937  9  8     0.05924317
1937  9  9     0.05749683
1937  9 10     0.05580196
1937  9 11     0.05415706
1937  9 12     0.05256064
1937  9 13     0.05101129
1937  9 14     0.04950760
1937  9 15     0.04804824
1937  9 16     0.04663190
1937  9 17     0.04525730
1937  9 18     0.04392323
1937  9 19     0.04262848
1937  9 20     0.04137190
1937  9 21     0.04015236
1937  9 22     0.03896877
1937  9 23     0.03782007
1937  9 24     0.03670523
1937  9 25     0.03562325
1937  9 26     0.03457316
1937  9 27     0.03355403
1937  9 28     0.03256494
1937  9 29     0.03160501
1937  9 30     0.03067337
1937 10  1     0.02976920
1937 10  2     0.02889167
1937 10  3     0.10799401
1937 10  4     0.03700953
1937 10  5     0.02641151
1937 10  6     0.02563275
1937 10  7     0.02487716
1937 10  8     0.02414384
1937 10  9     0.02343214
1937 10 10     0.02274142
1937 10 11     0.02207106
1937 10 12     0.02142046
1937 10 13     0.10374629
1937 10 14     0.03256678
1937 10 15     0.04242645
1937 10 16     0.02175154
1937 10 17     0.01844413
1937 10 18     0.01790038
1937 10 19     0.01737273
1937 10 20     0.01686062
1937 10 21     0.01636361
1937 10 22     0.01588125
1937 10 23     0.01541311
1937 10 24     0.01495877
1937 10 25     0.01451783
1937 10 26     0.01408988
1937 10 27     0.01367454
1937 10 28     0.01327145
1937 10 29     0.01288024
1937 10 30     0.01250056
1937 10 31     0.03512176
1937 11  1     0.01456514
1937 11  2     0.01142744
1937 11  3     0.01109052
1937 11  4     0.01076360
1937 11  5     0.01044632
1937 11  6     0.01013839
1937 11  7     0.03801022
1937 11  8     0.01298074
1937 11  9     0.00926807
1937 11 10     0.00899479
1937 11 11     0.28369906
1937 11 12     0.04565362
1937 11 13     0.00855908
1937 11 14     0.00798025
1937 11 15     0.00774496
1937 11 16     0.00751666
1937 11 17     0.34305234
1937 11 18     0.04833685
1937 11 19     0.00687991
1937 11 20     0.00666879
1937 11 21     0.00647221
1937 11 22     0.00628143
1937 11 23     0.00609627
1937 11 24     0.00777273
1937 11 25     0.00596495
1937 11 26     0.00557290
1937 11 27     0.00540862
1937 11 28     0.00524919
1937 11 29     0.00509445
1937 11 30     0.00494428
1937 12  1     0.00479854
1937 12  2     0.00465709
1937 12  3     0.00451981
1937 12  4     0.00438658
1937 12  5     0.00425727
1937 12  6     0.00413178
1937 12  7     0.00400998
1937 12  8     0.00389178
1937 12  9     0.54198357
1937 12 10    17.32595580
1937 12 11    25.29753670
1937 12 12    23.99339369
1937 12 13    10.81146827
1937 12 14     6.03608820
1937 12 15     4.48759680
1937 12 16     3.54488107
1937 12 17     2.90692023
1937 12 18     2.47675457
1937 12 19     2.17818102
1937 12 20     1.96211384
1937 12 21     1.80024429
1937 12 22     1.67457738
1937 12 23     5.17678436
1937 12 24     2.66040898
1937 12 25     2.17015346
1937 12 26     1.93752246
1937 12 27     1.69462526
1937 12 28     1.54253473
1937 12 29     1.43123767
1937 12 30     1.34345476
1937 12 31     1.27351696
1938  1  1     1.21654466
1938  1  2     1.29425463
1938  1  3     1.23729582
1938  1  4     1.15298231
1938  1  5     1.08406543
1938  1  6     1.05104980
1938  1  7     1.02016845
1938  1  8     0.98676264
1938  1  9     0.95807049
1938  1 10     0.93496974
1938  1 11     0.91203953
1938  1 12     0.88708903
1938  1 13     0.86795310
1938  1 14     0.84756587
1938  1 15     5.54631652
1938  1 16     2.56635730
1938  1 17     7.79705306
1938  1 18     3.86134942
1938  1 19     8.58310294
1938  1 20     7.32349292
1938  1 21     4.04886344
1938  1 22     3.11876432
1938  1 23     2.51231188
1938  1 24     2.09494261
1938  1 25     1.81285028
1938  1 26     1.61631006
1938  1 27     1.47497663
1938  1 28     1.63492397
1938  1 29    14.72367835
1938  1 30     6.53975981
1938  1 31     4.30635792
1938  2  1    12.48272114
1938  2  2     7.90834562
1938  2  3    16.60663689
1938  2  4    16.48697065
1938  2  5    14.83815345
1938  2  6     8.05470271
1938  2  7     5.94493267
1938  2  8     4.77611787
1938  2  9     9.29199183
1938  2 10     5.99678090
1938  2 11    12.65252537
1938  2 12    13.47295046
1938  2 13     7.09699592
1938  2 14    12.16424150
1938  2 15     9.92326030
1938  2 16     7.19276340
1938  2 17     5.38267439
1938  2 18    10.42846342
1938  2 19    20.47944078
1938  2 20    10.03230825
1938  2 21     6.76916398
1938  2 22     5.52746726
1938  2 23     4.71166462
1938  2 24     4.21021020
1938  2 25     3.79219214
1938  2 26     3.51736417
1938  2 27     3.37824421
1938  2 28     6.64746616
1938  3  1    15.65842538
1938  3  2    36.79287303
1938  3  3    39.10901536
1938  3  4    31.78791825
1938  3  5    15.92200402
1938  3  6    11.18759710
1938  3  7     9.13033116
1938  3  8    12.23079804
1938  3  9     8.15378029
1938  3 10     6.85059108
1938  3 11     6.29725122
1938  3 12    20.70775521
1938  3 13    24.22055487
1938  3 14    12.22843045
1938  3 15     8.77164597
1938  3 16     7.57012855
1938  3 17    13.45657615
1938  3 18     8.33427514
1938  3 19     6.78445909
1938  3 20     9.67778906
1938  3 21     6.77090510
1938  3 22     5.81169905
1938  3 23     5.32640022
1938  3 24     9.60213915
1938  3 25     9.44327166
1938  3 26     6.32587571
1938  3 27     5.60257421
1938  3 28     5.18615829
1938  3 29     5.16844767
1938  3 30     4.40962858
1938  3 31     4.23716141
1938  4  1     4.05756292
1938  4  2     3.96937558
1938  4  3     3.85840863
1938  4  4     3.74542311
1938  4  5    19.91961230
1938  4  6     9.27678011
1938  4  7     6.46436937
1938  4  8     5.64648904
1938  4  9     4.93068354
1938  4 10     4.43501781
1938  4 11     4.08367824
1938  4 12     4.00906979
1938  4 13    20.23878830
1938  4 14    10.05545207
1938  4 15     6.72126438
1938  4 16     5.74829808
1938  4 17     5.47949702
1938  4 18     5.31552482
1938  4 19     4.95073886
1938  4 20     4.48178204
1938  4 21     4.16828012
1938  4 22     3.92060954
1938  4 23     3.73765429
1938  4 24     5.23803765
1938  4 25    12.17527633
1938  4 26     6.26943496
1938  4 27     4.96609082
1938  4 28     4.28216141
1938  4 29     5.66118725
1938  4 30    14.45099119
1938  5  1     7.24525325
1938  5  2    10.00983850
1938  5  3     6.14626690
1938  5  4     5.03485397
1938  5  5     4.37538420
1938  5  6     3.97059948
1938  5  7     3.71942784
1938  5  8     3.59541495
1938  5  9     3.44395837
1938  5 10     3.34213561
1938  5 11     3.29042056
1938  5 12     3.27482979
1938  5 13     3.26207723
1938  5 14     3.18692063
1938  5 15     2.94853843
1938  5 16     3.04804904
1938  5 17     2.61831688
1938  5 18     2.54265592
1938  5 19     2.38530454
1938  5 20     2.35929202
1938  5 21     2.25683020
1938  5 22     2.24090769
1938  5 23     2.26013684
1938  5 24     2.28970317
1938  5 25     2.26866730
1938  5 26     2.22279827
1938  5 27     2.09184680
1938  5 28     1.95826680
1938  5 29     1.88498616
1938  5 30     1.92003436
1938  5 31     1.95622575
1938  6  1     2.02615350
1938  6  2     1.77765823
1938  6  3     1.59416749
1938  6  4     1.47022804
1938  6  5     1.39871762
1938  6  6     1.34439380
1938  6  7     1.29428903
1938  6  8     1.24940204
1938  6  9     1.20949000
1938  6 10     1.17404589
1938  6 11     1.13811669
1938  6 12     1.16567820
1938  6 13     1.07473647
1938  6 14     1.02988490
1938  6 15     0.99211441
1938  6 16     0.96064070
1938  6 17     0.93645001
1938  6 18     0.91210815
1938  6 19     0.88578955
1938  6 20     0.87247648
1938  6 21     0.83079527
1938  6 22     0.79964073
1938  6 23     0.76998025
1938  6 24     0.74447778
1938  6 25     0.72284717
1938  6 26     0.70092883
1938  6 27     0.67982668
1938  6 28     0.66106549
1938  6 29     0.64383890
1938  6 30     0.62503822
1938  7  1     0.60519678
1938  7  2     0.58781662
1938  7  3     0.57177592
1938  7  4     0.55400347
1938  7  5     0.53625153
1938  7  6     0.51827791
1938  7  7     0.50072116
1938  7  8     0.48596191
1938  7  9     0.47052587
1938  7 10     0.45711726
1938  7 11     0.44392205
1938  7 12     0.42958350
1938  7 13     0.41634344
1938  7 14     0.40398327
1938  7 15     0.39208545
1938  7 16     0.38054197
1938  7 17     0.36927025
1938  7 18     0.35836265
1938  7 19     0.34779538
1938  7 20     0.33754200
1938  7 21     0.32759231
1938  7 22     0.31793258
1938  7 23     0.30855930
1938  7 24     0.29946281
1938  7 25     0.30573948
1938  7 26     0.54729498
1938  7 27     0.30562463
1938  7 28     0.26568225
1938  7 29     0.25784997
1938  7 30     0.25024848
1938  7 31     0.24287181
1938  8  1     0.23571171
1938  8  2     0.22876320
1938  8  3     0.22201965
1938  8  4     0.21547491
1938  8  5     0.20912312
1938  8  6     0.20295857
1938  8  7     0.19697577
1938  8  8     0.19116933
1938  8  9     0.18553406
1938  8 10     0.18006492
1938  8 11     0.17475700
1938  8 12     0.16960556
1938  8 13     0.16460597
1938  8 14     0.15975376
1938  8 15     0.15504459
1938  8 16     0.15047424
1938  8 17     0.14603861
1938  8 18     0.14173374
1938  8 19     0.13755608
1938  8 20     0.13350116
1938  8 21     0.12956562
1938  8 22     0.12574631
1938  8 23     0.12203962
1938  8 24     0.11844220
1938  8 25     0.11495082
1938  8 26     0.11156235
1938  8 27     0.10827377
1938  8 28     0.10508213
1938  8 29     0.12099535
1938  8 30     0.10131323
1938  8 31     0.09606074
1938  9  1     0.09322905
1938  9  2     0.09048089
1938  9  3     0.08781374
1938  9  4     0.08522521
1938  9  5     0.08271298
1938  9  6     0.08027481
1938  9  7     0.07790851
1938  9  8     0.07561196
1938  9  9     0.07338311
1938  9 10     0.07121995
1938  9 11     0.06912057
1938  9 12     0.06708306
1938  9 13     0.06510562
1938  9 14     0.06318647
1938  9 15     0.06132389
1938  9 16     0.05951621
1938  9 17     0.05776182
1938  9 18     0.05605915
1938  9 19     0.05440667
1938  9 20     0.05280289
1938  9 21     0.05124639
1938  9 22     0.04973578
1938  9 23     0.04826969
1938  9 24     0.04684682
1938  9 25     0.04546589
1938  9 26     0.04412567
1938  9 27     0.04282496
1938  9 28     0.04173977
1938  9 29     0.04036438
1938  9 30     0.24647310
1938 10  1     0.06321470
1938 10  2     0.03687498
1938 10  3     0.03578743
1938 10  4     0.03473251
1938 10  5     0.03370868
1938 10  6     0.03271503
1938 10  7     0.05561419
1938 10  8     0.05670025
1938 10  9     0.03271582
1938 10 10     0.02902490
1938 10 11     0.02816925
1938 10 12     0.02733889
1938 10 13     0.02653301
1938 10 14     0.17353651
1938 10 15     1.67614025
1938 10 16     0.27100534
1938 10 17     0.03601819
1938 10 18     0.02329072
1938 10 19     0.02217278
1938 10 20     0.02151918
1938 10 21     0.02088485
1938 10 22     0.02026922
1938 10 23     0.01967173
1938 10 24     0.01909186
1938 10 25     0.01852908
1938 10 26     0.01798289
1938 10 27     0.01745279
1938 10 28     0.01693833
1938 10 29     0.01643903
1938 10 30     0.61381206
1938 10 31     0.14174921
1938 11  1     0.88518147
1938 11  2     0.22417591
1938 11  3     0.03364713
1938 11  4     0.01410242
1938 11  5     0.01333262
1938 11  6     0.01293960
1938 11  7     0.01255818
1938 11  8     0.01218799
1938 11  9     0.01183173
1938 11 10     0.25977445
1938 11 11     0.26411187
1938 11 12     0.03857168
1938 11 13     0.01071277
1938 11 14     0.01137349
1938 11 15     0.01255868
1938 11 16     0.01204240
1938 11 17     0.01031596
1938 11 18     0.00915269
1938 11 19     0.00876989
1938 11 20     0.00851137
1938 11 21     0.00826048
1938 11 22     0.00801698
1938 11 23     0.00778066
1938 11 24     0.00755130
1938 11 25     0.00732871
1938 11 26     0.00711268
1938 11 27     0.00690301
1938 11 28     0.00669953
1938 11 29     0.03738052
1938 11 30     0.01008418
1938 12  1     0.03656567
1938 12  2     0.01485361
1938 12  3     0.00637822
1938 12  4     0.00559859
1938 12  5     0.00543355
1938 12  6     0.00527338
1938 12  7     0.00511793
1938 12  8     0.00496707
1938 12  9     0.00482065
1938 12 10     0.00467855
1938 12 11     0.00463915
1938 12 12     0.00441974
1938 12 13     0.00427689
1938 12 14     0.03235506
1938 12 15     0.32860198
1938 12 16     0.04316083
1938 12 17     0.00379994
1938 12 18     0.04021213
1938 12 19     0.91382299
1938 12 20     1.25284353
1938 12 21     1.58726926
1938 12 22     0.57347533
1938 12 23     0.21557661
1938 12 24     0.14576997
1938 12 25     0.12296511
1938 12 26     0.11297595
1938 12 27     0.10608320
1938 12 28     0.09997543
1938 12 29     0.09558336
1938 12 30     0.09942050
1938 12 31     0.08876014
1939  1  1     0.08660891
1939  1  2     0.08487090
1939  1  3     0.07969583
1939  1  4     0.07925091
1939  1  5     5.67670793
1939  1  6     2.69810486
1939  1  7     0.97058983
1939  1  8     1.05939827
1939  1  9     0.67990528
1939  1 10     0.58695581
1939  1 11     0.52908572
1939  1 12     0.48164429
1939  1 13     0.44462915
1939  1 14     0.41775340
1939  1 15     0.39228499
1939  1 16     0.37188157
1939  1 17     0.35477915
1939  1 18     0.33999482
1939  1 19     0.32699669
1939  1 20     0.32662504
1939  1 21     0.43770589
1939  1 22     0.48661100
1939  1 23     0.63572576
1939  1 24     0.34932647
1939  1 25     0.32682497
1939  1 26     0.30775196
1939  1 27     0.29699168
1939  1 28     2.80540596
1939  1 29     0.96113537
1939  1 30     1.84428040
1939  1 31     5.43195965
1939  2  1     1.91458872
1939  2  2     1.22573042
1939  2  3    11.11467150
1939  2  4     8.33352733
1939  2  5     3.68712752
1939  2  6     3.00699430
1939  2  7     3.55546204
1939  2  8     6.33608024
1939  2  9     2.94887144
1939  2 10     3.40737712
1939  2 11     2.20898412
1939  2 12     1.76714417
1939  2 13     2.47282654
1939  2 14     1.67933845
1939  2 15     1.47286752
1939  2 16     1.31463026
1939  2 17     1.32871861
1939  2 18     1.38625951
1939  2 19     1.38995880
1939  2 20     1.31719689
1939  2 21     1.37108811
1939  2 22     1.51609740
1939  2 23     1.45195963
1939  2 24     1.29487694
1939  2 25     1.15549529
1939  2 26     0.95393325
1939  2 27     0.87767509
1939  2 28     0.80307798
1939  3  1     1.00367430
1939  3  2     0.83302944
1939  3  3     1.99420449
1939  3  4     1.08855270
1939  3  5     1.06723971
1939  3  6     1.09006660
1939  3  7     0.94103508
1939  3  8     0.83012321
1939  3  9     2.09100664
1939  3 10    10.77170614
1939  3 11     4.49676507
1939  3 12     3.04167822
1939  3 13     2.38949196
1939  3 14     1.99631043
1939  3 15     1.94889799
1939  3 16     2.12731091
1939  3 17     2.31730533
1939  3 18     2.26659001
1939  3 19     2.03274835
1939  3 20     1.99047558
1939  3 21     2.19248135
1939  3 22     1.95680924
1939  3 23     1.80553766
1939  3 24     1.84547796
1939  3 25     1.89058714
1939  3 26    12.10929751
1939  3 27    17.19585596
1939  3 28     7.43058818
1939  3 29     5.04642534
1939  3 30     4.08532222
1939  3 31     3.48761820
1939  4  1     3.16930267
1939  4  2     7.62698945
1939  4  3     5.75474449
1939  4  4     3.71866777
1939  4  5     3.19895784
1939  4  6     2.88267706
1939  4  7     2.62852901
1939  4  8     2.40070477
1939  4  9     2.19841782
1939  4 10     2.05743904
1939  4 11     1.96263760
1939  4 12     1.85928227
1939  4 13     1.87092278
1939  4 14     4.85592612
1939  4 15     2.64859861
1939  4 16     2.32228166
1939  4 17     2.12689896
1939  4 18     1.95190241
1939  4 19     1.75392171
1939  4 20     1.61393947
1939  4 21     1.51297780
1939  4 22     1.40103508
1939  4 23     2.97548580
1939  4 24     1.93528838
1939  4 25     1.62060417
1939  4 26     1.48871910
1939  4 27     1.36207801
1939  4 28     1.26472749
1939  4 29     1.18971867
1939  4 30     1.12979634
1939  5  1     1.07932942
1939  5  2     1.03586292
1939  5  3     0.99708991
1939  5  4     0.96172837
1939  5  5     0.92900763
1939  5  6     0.89881461
1939  5  7     0.86935457
1939  5  8     0.84103826
1939  5  9     0.81493933
1939  5 10     0.83966825
1939  5 11     1.19303736
1939  5 12     0.79428032
1939  5 13     0.75471900
1939  5 14     1.09950109
1939  5 15     0.81648715
1939  5 16     0.72544035
1939  5 17     0.68830581
1939  5 18     0.65933463
1939  5 19     0.63430389
1939  5 20     0.61136061
1939  5 21     0.59067813
1939  5 22     0.58780478
1939  5 23     0.55544358
1939  5 24     0.53551330
1939  5 25     0.51806813
1939  5 26     0.50156596
1939  5 27     0.48560533
1939  5 28     0.47003267
1939  5 29     0.45478512
1939  5 30     0.44119242
1939  5 31     0.42894107
1939  6  1     0.41603698
1939  6  2     0.40267801
1939  6  3     0.39036884
1939  6  4     0.38039702
1939  6  5     0.37003068
1939  6  6     0.35842132
1939  6  7     0.34636785
1939  6  8     0.33556721
1939  6  9     0.32555634
1939  6 10     0.31588502
1939  6 11     0.30653207
1939  6 12     0.29745425
1939  6 13     0.28868290
1939  6 14     0.65097558
1939  6 15     0.69434708
1939  6 16     0.30980905
1939  6 17     0.25699540
1939  6 18     0.24873994
1939  6 19     0.24128121
1939  6 20     0.23410085
1939  6 21     0.22714470
1939  6 22     0.22042656
1939  6 23     0.21392378
1939  6 24     0.20761580
1939  6 25     0.20150570
1939  6 26     0.19555125
1939  6 27     0.18978497
1939  6 28     0.18418937
1939  6 29     0.17875638
1939  6 30     0.17348565
1939  7  1     0.16837073
1939  7  2     0.16340680
1939  7  3     0.15858922
1939  7  4     0.15391473
1939  7  5     0.14937623
1939  7  6     0.14497234
1939  7  7     0.14069854
1939  7  8     0.13655243
1939  7  9     0.13252757
1939  7 10     0.12861937
1939  7 11     0.12482783
1939  7 12     0.12114773
1939  7 13     0.11757753
1939  7 14     0.11411006
1939  7 15     0.11074554
1939  7 16     0.10748088
1939  7 17     0.10431259
1939  7 18     0.10123771
1939  7 19     0.09825348
1939  7 20     0.09535721
1939  7 21     0.09254631
1939  7 22     0.08981828
1939  7 23     0.08717066
1939  7 24     0.08460109
1939  7 25     0.08210726
1939  7 26     0.07969027
1939  7 27     0.12019982
1939  7 28     0.08763684
1939  7 29     0.07376961
1939  7 30     0.07069832
1939  7 31     0.06861492
1939  8  1     0.06659177
1939  8  2     0.06462873
1939  8  3     0.06272366
1939  8  4     0.06087471
1939  8  5     0.10907945
1939  8  6     0.06345231
1939  8  7     0.05564867
1939  8  8     0.05400814
1939  8  9     0.05241612
1939  8 10     0.05087102
1939  8 11     0.04937147
1939  8 12     0.04791612
1939  8 13     0.04650376
1939  8 14     0.04513287
1939  8 15     0.04380245
1939  8 16     0.04251127
1939  8 17     0.04125814
1939  8 18     0.04004195
1939  8 19     0.03886161
1939  8 20     0.03771607
1939  8 21     0.03660429
1939  8 22     0.04467950
1939  8 23     0.24475976
1939  8 24     0.05910669
1939  8 25     0.03247599
1939  8 26     0.03151810
1939  8 27     0.03058903
1939  8 28     0.02968734
1939  8 29     0.02881223
1939  8 30     0.02796292
1939  8 31     0.02713864
1939  9  1     0.02633866
1939  9  2     0.02556226
1939  9  3     0.02480875
1939  9  4     0.02407745
1939  9  5     0.02336771
1939  9  6     0.02267888
1939  9  7     0.02201037
1939  9  8     0.02136156
1939  9  9     0.02073187
1939  9 10     0.02012075
1939  9 11     0.01970742
1939  9 12     0.01897631
1939  9 13     0.01839335
1939  9 14     0.01785116
1939  9 15     0.01732495
1939  9 16     0.01681426
1939  9 17     0.01631861
1939  9 18     0.01583758
1939  9 19     0.03754010
1939  9 20     2.87672803
1939  9 21     0.44800261
1939  9 22     0.07546289
1939  9 23     0.01983224
1939  9 24     0.02151878
1939  9 25     0.26648647
1939  9 26     0.29974387
1939  9 27     0.06283629
1939  9 28     0.01552479
1939  9 29     0.01305564
1939  9 30     0.01262410
1939 10  1     0.01381524
1939 10  2     0.32780488
1939 10  3     0.45756963
1939 10  4     0.08043408
1939 10  5     0.02802253
1939 10  6     0.26954976
1939 10  7     0.63607019
1939 10  8     0.15053833
1939 10  9     0.07370509
1939 10 10     0.06935920
1939 10 11     0.06491560
1939 10 12     0.06115544
1939 10 13     0.05789862
1939 10 14     0.05502471
1939 10 15     0.05245443
1939 10 16     0.05011946
1939 10 17     0.04799088
1939 10 18     0.04603315
1939 10 19     0.04421210
1939 10 20     0.04252283
1939 10 21     0.04094319
1939 10 22     0.03945755
1939 10 23     0.03805969
1939 10 24     0.19387226
1939 10 25     0.28385370
1939 10 26     0.12028361
1939 10 27     0.04342032
1939 10 28     0.03288713
1939 10 29     0.03130178
1939 10 30     0.03028976
1939 10 31     0.02932041
1939 11  1     0.02839106
1939 11  2     0.02749824
1939 11  3     0.02663972
1939 11  4     0.02581342
1939 11  5     0.02501735
1939 11  6     0.02424951
1939 11  7     0.02350783
1939 11  8     0.02280256
1939 11  9     0.02210456
1939 11 10     0.02143590
1939 11 11     0.02079069
1939 11 12     0.02016644
1939 11 13     0.01956222
1939 11 14     0.01897721
1939 11 15     0.01841065
1939 11 16     0.01786182
1939 11 17     0.01733021
1939 11 18     0.01681471
1939 11 19     0.01631517
1939 11 20     0.01583094
1939 11 21     0.01536146
1939 11 22     0.01490622
1939 11 23     0.01446475
1939 11 24     0.01403659
1939 11 25     0.01362131
1939 11 26     0.01321848
1939 11 27     0.04312237
1939 11 28     0.01614438
1939 11 29     0.01208095
1939 11 30     0.01172405
1939 12  1     0.01137838
1939 12  2     0.01104197
1939 12  3     0.01071594
1939 12  4     0.01039970
1939 12  5     0.01009282
1939 12  6     0.02222999
1939 12  7     0.01104399
1939 12  8     0.00922612
1939 12  9     0.00895332
1939 12 10     0.01285469
1939 12 11     0.54013789
1939 12 12     0.07917663
1939 12 13     0.00848233
1939 12 14     0.00770863
1939 12 15     0.00748113
1939 12 16     0.00726060
1939 12 17     0.00704658
1939 12 18     0.00683886
1939 12 19     0.00663727
1939 12 20     0.00644162
1939 12 21     0.00625173
1939 12 22     0.00606745
1939 12 23     0.07721139
1939 12 24     0.60759881
1939 12 25     0.11597215
1939 12 26     0.01892980
1939 12 27     0.01048804
1939 12 28     0.01025305
1939 12 29     0.01025350
1939 12 30     0.01010763
1939 12 31     0.00919525
1940  1  1     0.01455230
1940  1  2     8.31601528
1940  1  3     4.88607065
1940  1  4    12.16103934
1940  1  5     5.89373960
1940  1  6     3.26279871
1940  1  7    10.54995022
1940  1  8    12.84811969
1940  1  9    10.17885265
1940  1 10    25.55671783
1940  1 11    52.01068134
1940  1 12    47.26563939
1940  1 13    22.12762072
1940  1 14    13.22426009
1940  1 15     9.66934851
1940  1 16     7.55334675
1940  1 17     6.14354950
1940  1 18     5.18773679
1940  1 19     4.52869708
1940  1 20     4.06094971
1940  1 21     3.71595708
1940  1 22     3.45146506
1940  1 23     3.31693084
1940  1 24     3.18136397
1940  1 25    13.13893661
1940  1 26    31.41454536
1940  1 27    13.58772258
1940  1 28     8.23297105
1940  1 29     6.43545284
1940  1 30     5.33872358
1940  1 31     4.62687756
1940  2  1     6.85461662
1940  2  2     8.63508454
1940  2  3    29.87317146
1940  2  4    31.23620263
1940  2  5    14.86420452
1940  2  6    10.06293578
1940  2  7     9.51886686
1940  2  8     7.10445293
1940  2  9     6.02367184
1940  2 10     5.29842921
1940  2 11     4.92964312
1940  2 12     4.43266099
1940  2 13     4.10211400
1940  2 14    20.85996485
1940  2 15    15.49453776
1940  2 16     8.35402835
1940  2 17     8.46357630
1940  2 18     9.12020582
1940  2 19     6.22228182
1940  2 20     5.38210230
1940  2 21     4.80887465
1940  2 22     5.92000408
1940  2 23    51.16735231
1940  2 24    22.82641142
1940  2 25    15.47713418
1940  2 26    32.31853318
1940  2 27    17.52836189
1940  2 28    12.24474247
1940  2 29    25.34997545
1940  3  1    14.66225658
1940  3  2     9.77255199
1940  3  3     8.05877302
1940  3  4     7.02484612
1940  3  5     6.29167758
1940  3  6     5.76963084
1940  3  7     5.41126325
1940  3  8     5.11028089
1940  3  9     4.80676338
1940  3 10     4.56756684
1940  3 11     4.97033667
1940  3 12     4.30950771
1940  3 13     4.17647242
1940  3 14     4.08560194
1940  3 15     3.95311218
1940  3 16     3.79910668
1940  3 17     3.65393627
1940  3 18     3.56340800
1940  3 19     3.47590997
1940  3 20     3.35184623
1940  3 21     3.24620993
1940  3 22     3.15474578
1940  3 23     3.07894241
1940  3 24     2.97283937
1940  3 25     3.36305969
1940  3 26     3.33887816
1940  3 27    19.10447885
1940  3 28     9.59736161
1940  3 29     5.93551242
1940  3 30     5.13322305
1940  3 31    16.58678715
1940  4  1    18.08288115
1940  4  2     8.91062150
1940  4  3     6.62273793
1940  4  4     5.55420364
1940  4  5     4.69544241
1940  4  6     4.17089663
1940  4  7     3.79994135
1940  4  8     3.53766578
1940  4  9     3.32398849
1940  4 10     3.17379568
1940  4 11     3.05718492
1940  4 12     2.96391911
1940  4 13     2.88096553
1940  4 14     2.77118187
1940  4 15     4.22109497
1940  4 16     2.97272504
1940  4 17     2.78739722
1940  4 18     2.64936963
1940  4 19     2.52368455
1940  4 20     2.38745873
1940  4 21     2.22184084
1940  4 22     2.11688835
1940  4 23     2.03180455
1940  4 24     1.95726833
1940  4 25     1.88896214
1940  4 26     5.97135894
1940  4 27     5.06228946
1940  4 28     3.22216082
1940  4 29     2.80959602
1940  4 30     2.48739626
1940  5  1     2.16265238
1940  5  2     1.96901577
1940  5  3     1.83115359
1940  5  4     1.72476726
1940  5  5     1.63956656
1940  5  6     1.56692378
1940  5  7     1.50552795
1940  5  8     1.44954984
1940  5  9     1.39678050
1940  5 10     1.34759461
1940  5 11     1.30329125
1940  5 12     1.26147109
1940  5 13     1.22030194
1940  5 14     1.18167044
1940  5 15     1.14510226
1940  5 16     1.11127716
1940  5 17     1.51414656
1940  5 18     1.09994806
1940  5 19     1.01364416
1940  5 20     0.97934817
1940  5 21     0.94949171
1940  5 22     0.92022431
1940  5 23     0.89291066
1940  5 24     0.86623926
1940  5 25     0.84181095
1940  5 26     0.81851268
1940  5 27     0.79459836
1940  5 28     0.77301666
1940  5 29     0.75011084
1940  5 30     0.72629819
1940  5 31     0.70363641
1940  6  1     0.68301154
1940  6  2     0.66319544
1940  6  3     0.64285287
1940  6  4     0.62348401
1940  6  5     0.60389854
1940  6  6     0.58315741
1940  6  7     0.56361088
1940  6  8     0.54639948
1940  6  9     0.52652038
1940  6 10     0.50923196
1940  6 11     0.49216054
1940  6 12     0.47734878
1940  6 13     0.46316129
1940  6 14     0.44884424
1940  6 15     0.43464841
1940  6 16     0.42255486
1940  6 17     0.41165629
1940  6 18     0.39997825
1940  6 19     0.39008686
1940  6 20     0.37897957
1940  6 21     0.36387391
1940  6 22     0.35138012
1940  6 23     0.34052643
1940  6 24     0.33022151
1940  6 25     0.32002462
1940  6 26     0.31002539
1940  6 27     0.30081954
1940  6 28     0.29193833
1940  6 29     0.28335102
1940  6 30     0.27559642
1940  7  1     0.26690741
1940  7  2     0.25896267
1940  7  3     0.25132522
1940  7  4     0.24391467
1940  7  5     0.23672781
1940  7  6     0.22974611
1940  7  7     0.22297343
1940  7  8     0.21639998
1940  7  9     0.21002089
1940  7 10     0.20383000
1940  7 11     0.19782160
1940  7 12     0.19199031
1940  7 13     0.18633091
1940  7 14     0.18083834
1940  7 15     0.17550767
1940  7 16     0.17033414
1940  7 17     0.16532590
1940  7 18     0.16044552
1940  7 19     0.15571118
1940  7 20     0.15112076
1940  7 21     0.14666609
1940  7 22     0.14234274
1940  7 23     0.13814683
1940  7 24     0.13407461
1940  7 25     0.13012242
1940  7 26     0.12628673
1940  7 27     0.12256412
1940  7 28     0.11895123
1940  7 29     0.11544484
1940  7 30     0.11204182
1940  7 31     0.10873910
1940  8  1     0.10553374
1940  8  2     0.10242287
1940  8  3     0.09940370
1940  8  4     0.09647353
1940  8  5     0.09362973
1940  8  6     0.09086975
1940  8  7     0.08819114
1940  8  8     0.08559148
1940  8  9     0.08306846
1940  8 10     0.08061981
1940  8 11     0.07824334
1940  8 12     0.07593692
1940  8 13     0.07369849
1940  8 14     0.07152604
1940  8 15     0.06941763
1940  8 16     0.06737137
1940  8 17     0.06538543
1940  8 18     0.06345803
1940  8 19     0.06158744
1940  8 20     0.05977200
1940  8 21     0.05801007
1940  8 22     0.05630008
1940  8 23     0.05464049
1940  8 24     0.05302982
1940  8 25     0.05146664
1940  8 26     0.04994953
1940  8 27     0.04847714
1940  8 28     0.04704816
1940  8 29     0.04566129
1940  8 30     0.04431531
1940  8 31     0.04300901
1940  9  1     0.04174121
1940  9  2     0.04051078
1940  9  3     0.03931662
1940  9  4     0.03815767
1940  9  5     0.03703287
1940  9  6     0.03594124
1940  9  7     0.03488178
1940  9  8     0.03385355
1940  9  9     0.03285563
1940  9 10     0.03188713
1940  9 11     0.03094718
1940  9 12     0.03003493
1940  9 13     0.02914958
1940  9 14     0.02829032
1940  9 15     0.02745639
1940  9 16     0.02664704
1940  9 17     0.02586156
1940  9 18     0.02509922
1940  9 19     0.02435936
1940  9 20     0.02364131
1940  9 21     0.02294442
1940  9 22     0.02226807
1940  9 23     0.02161167
1940  9 24     0.02097461
1940  9 25     0.02035633
1940  9 26     0.01975627
1940  9 27     0.01917391
1940  9 28     0.01860871
1940  9 29     0.01806017
1940  9 30     0.01752780
1940 10  1     0.01701113
1940 10  2     0.01650968
1940 10  3     0.01602302
1940 10  4     0.01555070
1940 10  5     0.01509230
1940 10  6     0.01464742
1940 10  7     0.01421565
1940 10  8     0.04224842
1940 10  9     0.01688138
1940 10 10     0.01299530
1940 10 11     0.01261215
1940 10 12     0.01224037
1940 10 13     0.01187956
1940 10 14     0.01152938
1940 10 15     0.01118952
1940 10 16     0.01085968
1940 10 17     0.01053957
1940 10 18     0.01022889
1940 10 19     0.00992736
1940 10 20     0.00963473
1940 10 21     0.00935072
1940 10 22     0.00907509
1940 10 23     0.00880757
1940 10 24     0.00854795
1940 10 25     1.74622679
1940 10 26     2.75030737
1940 10 27     0.53655267
1940 10 28     0.10459928
1940 10 29     0.02640668
1940 10 30     0.00952590
1940 10 31     0.00700732
1940 11  1     0.00672832
1940 11  2     0.00652999
1940 11  3     0.04887036
1940 11  4     0.01141431
1940 11  5     0.00596950
1940 11  6     0.00579342
1940 11  7     0.00562264
1940 11  8     0.00545690
1940 11  9     0.25121743
1940 11 10     0.03784254
1940 11 11     0.02280904
1940 11 12     0.00716010
1940 11 13     0.00471732
1940 11 14     0.00456015
1940 11 15     0.00442573
1940 11 16     0.00429527
1940 11 17     0.06301540
1940 11 18     0.18548057
1940 11 19     0.02537277
1940 11 20     0.00381609
1940 11 21     0.00372819
1940 11 22     0.00488732
1940 11 23     0.00363424
1940 11 24     0.00338093
1940 11 25     0.00328126
1940 11 26     0.00318454
1940 11 27     0.00309067
1940 11 28     0.00299956
1940 11 29     0.00291114
1940 11 30     0.00282533
1940 12  1     0.00274205
1940 12  2     0.00266122
1940 12  3     0.00258277
1940 12  4     0.00250664
1940 12  5     0.00243275
1940 12  6     0.00236104
1940 12  7     0.00229144
1940 12  8     0.00222389
1940 12  9     0.00215834
1940 12 10     0.00209472
1940 12 11     0.00275458
1940 12 12     0.18995178
1940 12 13     0.02370254
1940 12 14     0.00195573
1940 12 15     0.01134438
1940 12 16     0.66402828
1940 12 17     2.14018858
1940 12 18     2.09378187
1940 12 19     1.75622578
1940 12 20     0.51841703
1940 12 21     0.32407398
1940 12 22     2.15091744
1940 12 23     6.30698927
1940 12 24     7.47062854
1940 12 25     9.28121244
1940 12 26     3.46520939
1940 12 27    20.95637421
1940 12 28     9.80129772
1940 12 29     4.98895941
1940 12 30     6.86475958
1940 12 31     5.52201040
1941  1  1     3.56601263
1941  1  2     2.91781448
1941  1  3     2.45071760
1941  1  4     2.12006140
1941  1  5     4.10915969
1941  1  6     2.50022445
1941  1  7     7.63684326
1941  1  8     3.85638679
1941  1  9     2.95091062
1941  1 10     2.47181034
1941  1 11     2.12827250
1941  1 12     1.88957572
1941  1 13     1.75316647
1941  1 14     9.81333913
1941  1 15     4.87829245
1941  1 16     3.21958119
1941  1 17     2.67127318
1941  1 18     2.27306523
1941  1 19     1.99128308
1941  1 20     1.79271470
1941  1 21     2.56117020
1941  1 22     5.75967746
1941  1 23    12.19734681
1941  1 24    34.93675812
1941  1 25    14.88869396
1941  1 26     9.80164832
1941  1 27     6.98689475
1941  1 28     5.47739104
1941  1 29     4.50864887
1941  1 30     3.83287436
1941  1 31     3.36686602
1941  2  1     3.02489713
1941  2  2     2.77840375
1941  2  3     2.58918435
1941  2  4     2.43788484
1941  2  5     2.33048889
1941  2  6     6.55228842
1941  2  7     3.60031610
1941  2  8    19.84728040
1941  2  9    31.04212734
1941  2 10    15.38647559
1941  2 11    23.80309488
1941  2 12    36.68021596
1941  2 13    17.22178500
1941  2 14    10.74339831
1941  2 15     9.32752951
1941  2 16     7.19895716
1941  2 17     7.63547062
1941  2 18     5.79483561
1941  2 19     5.22771783
1941  2 20     5.06032532
1941  2 21     8.27975450
1941  2 22     6.51761084
1941  2 23     5.50798853
1941  2 24    16.00339676
1941  2 25     8.35936442
1941  2 26     6.05833531
1941  2 27     5.19405381
1941  2 28     8.05622769
1941  3  1    15.09566213
1941  3  2    17.31026784
1941  3  3    11.74189313
1941  3  4     9.64773445
1941  3  5     8.59782960
1941  3  6     6.32554897
1941  3  7     5.49127010
1941  3  8     4.91433634
1941  3  9     4.50211006
1941  3 10     4.18334323
1941  3 11     3.91352683
1941  3 12     3.72859977
1941  3 13     3.83656223
1941  3 14     4.90672074
1941  3 15     3.85232425
1941  3 16     3.56628371
1941  3 17     3.38475617
1941  3 18     3.18649045
1941  3 19     3.29645162
1941  3 20     3.87141359
1941  3 21     3.08568747
1941  3 22     2.99754052
1941  3 23     2.82357535
1941  3 24     2.68284779
1941  3 25     2.57460689
1941  3 26     2.49523838
1941  3 27     2.41847162
1941  3 28     2.34392062
1941  3 29     7.55328189
1941  3 30     4.01222021
1941  3 31     3.94027686
1941  4  1     6.79618039
1941  4  2    12.78656950
1941  4  3     6.22942532
1941  4  4     8.65452227
1941  4  5    20.57245864
1941  4  6     9.39824940
1941  4  7     6.41667210
1941  4  8     5.32049921
1941  4  9     4.87377863
1941  4 10    14.06956999
1941  4 11    14.35858119
1941  4 12     8.15800189
1941  4 13     6.52452160
1941  4 14     6.83649054
1941  4 15     5.31405787
1941  4 16     4.82660796
1941  4 17     3.99823704
1941  4 18     3.63590459
1941  4 19     3.56078255
1941  4 20     3.27542492
1941  4 21     3.25972359
1941  4 22     3.30443210
1941  4 23     3.25847668
1941  4 24     3.22929654
1941  4 25     3.18609945
1941  4 26     3.04032019
1941  4 27     2.81656320
1941  4 28     2.68364036
1941  4 29     2.59884793
1941  4 30     3.68122380
1941  5  1     3.17094190
1941  5  2     2.69734693
1941  5  3     5.61146003
1941  5  4     3.72144911
1941  5  5     3.08959726
1941  5  6     2.79884116
1941  5  7     2.58343621
1941  5  8     2.44349426
1941  5  9     2.33716098
1941  5 10     2.30662300
1941  5 11     2.21849926
1941  5 12     2.09751857
1941  5 13     1.98803730
1941  5 14     1.86703235
1941  5 15     1.83929864
1941  5 16     1.82554640
1941  5 17     1.81012258
1941  5 18     1.61225090
1941  5 19     1.56658276
1941  5 20     1.61949126
1941  5 21     1.66036736
1941  5 22     1.63043508
1941  5 23     1.58469000
1941  5 24     1.54265440
1941  5 25     1.45360831
1941  5 26     1.39696030
1941  5 27     1.22951856
1941  5 28     1.16147085
1941  5 29     1.11647643
1941  5 30     1.07287415
1941  5 31     1.03467689
1941  6  1     0.99731442
1941  6  2     0.96419443
1941  6  3     0.93288716
1941  6  4     0.90616989
1941  6  5     0.87422986
1941  6  6     0.84466782
1941  6  7     0.87899140
1941  6  8     0.80569584
1941  6  9     0.77092645
1941  6 10     0.74398372
1941  6 11     0.71978878
1941  6 12     0.69497899
1941  6 13     0.67428939
1941  6 14     0.65431345
1941  6 15     0.63640075
1941  6 16     0.61649109
1941  6 17     0.59855990
1941  6 18     0.57980942
1941  6 19     0.56244000
1941  6 20     0.54519496
1941  6 21     0.52800163
1941  6 22     0.51204223
1941  6 23     0.49721524
1941  6 24     0.48413236
1941  6 25     0.46776146
1941  6 26     0.45624461
1941  6 27     0.49495208
1941  6 28     0.43511771
1941  6 29     0.41407104
1941  6 30     0.40009704
1941  7  1     0.38537097
1941  7  2     0.37275676
1941  7  3     0.36176684
1941  7  4     0.35150322
1941  7  5     0.34064027
1941  7  6     0.33005520
1941  7  7     0.32020121
1941  7  8     0.31076660
1941  7  9     0.30159516
1941  7 10     0.29273992
1941  7 11     0.28411251
1941  7 12     0.27571883
1941  7 13     0.26759926
1941  7 14     0.25969837
1941  7 15     0.25202727
1941  7 16     0.24459548
1941  7 17     0.23738431
1941  7 18     0.23038643
1941  7 19     0.22359549
1941  7 20     0.21700382
1941  7 21     0.21060685
1941  7 22     0.20439856
1941  7 23     0.19837330
1941  7 24     0.19252566
1941  7 25     0.18685052
1941  7 26     0.18135355
1941  7 27     0.17601936
1941  7 28     0.17085316
1941  7 29     0.16577871
1941  7 30     0.16088718
1941  7 31     0.15614459
1941  8  1     0.15154181
1941  8  2     0.14707472
1941  8  3     0.14273930
1941  8  4     0.13853168
1941  8  5     0.13444862
1941  8  6     0.13048491
1941  8  7     0.12663844
1941  8  8     0.12290545
1941  8  9     0.11928250
1941  8 10     0.11576635
1941  8 11     0.11235385
1941  8 12     0.10904193
1941  8 13     0.10582765
1941  8 14     0.10270811
1941  8 15     0.10833559
1941  8 16     1.16796525
1941  8 17     0.22365627
1941  8 18     0.09112598
1941  8 19     0.08843675
1941  8 20     0.08582985
1941  8 21     0.08329980
1941  8 22     0.08084433
1941  8 23     0.07846124
1941  8 24     0.07614840
1941  8 25     0.07390373
1941  8 26     0.07172523
1941  8 27     0.06961095
1941  8 28     0.06755900
1941  8 29     0.06556752
1941  8 30     0.06363476
1941  8 31     0.06175896
1941  9  1     0.05993846
1941  9  2     0.05817162
1941  9  3     0.05645687
1941  9  4     0.05479266
1941  9  5     0.05317751
1941  9  6     0.05160997
1941  9  7     0.05008864
1941  9  8     0.04861215
1941  9  9     0.04717918
1941  9 10     0.04578846
1941  9 11     0.04443873
1941  9 12     0.04312878
1941  9 13     0.04185745
1941  9 14     0.04062360
1941  9 15     0.03942612
1941  9 16     0.03826393
1941  9 17     0.03713601
1941  9 18     0.03604133
1941  9 19     0.03497892
1941  9 20     0.03394783
1941  9 21     0.03294713
1941  9 22     0.03197593
1941  9 23     0.03103336
1941  9 24     0.03011858
1941  9 25     0.02923076
1941  9 26     0.02836911
1941  9 27     0.02753285
1941  9 28     0.02672125
1941  9 29     0.02593358
1941  9 30     0.02516912
1941 10  1     0.02442720
1941 10  2     0.02370714
1941 10  3     0.02300832
1941 10  4     0.02233009
1941 10  5     0.02167185
1941 10  6     0.02103302
1941 10  7     0.02041302
1941 10  8     0.01981129
1941 10  9     0.01922731
1941 10 10     0.01866053
1941 10 11     0.01811047
1941 10 12     0.01757662
1941 10 13     0.04155884
1941 10 14     0.01958986
1941 10 15     0.01606771
1941 10 16     0.01559401
1941 10 17     0.01513433
1941 10 18     0.01468821
1941 10 19     0.05863293
1941 10 20     0.56810820
1941 10 21     0.09185204
1941 10 22     0.01403663
1941 10 23     0.01267213
1941 10 24     0.16452822
1941 10 25     0.13743667
1941 10 26     0.02714370
1941 10 27     0.95963663
1941 10 28     0.25594556
1941 10 29     0.02790965
1941 10 30     0.01037804
1941 10 31     0.00995501
1941 11  1     0.01146487
1941 11  2     0.01257442
1941 11  3     0.00954537
1941 11  4     0.00883899
1941 11  5     0.00857175
1941 11  6     0.00831908
1941 11  7     0.00807385
1941 11  8     0.00783586
1941 11  9     0.00760488
1941 11 10     0.00738070
1941 11 11     0.00716314
1941 11 12     0.00695199
1941 11 13     0.00674706
1941 11 14     0.00654817
1941 11 15     0.00635515
1941 11 16     0.00719926
1941 11 17     0.66121672
1941 11 18     0.08724964
1941 11 19     0.00580171
1941 11 20     0.00547210
1941 11 21     0.00531079
1941 11 22     0.00515424
1941 11 23     0.00500231
1941 11 24     0.00523803
1941 11 25     0.00509600
1941 11 26     0.00505504
1941 11 27     0.00500068
1941 11 28     0.00495629
1941 11 29     0.63690883
1941 11 30     0.32363235
1941 12  1     0.05495184
1941 12  2     0.00528181
1941 12  3     3.63638627
1941 12  4     1.38093231
1941 12  5     0.37557318
1941 12  6     0.24553671
1941 12  7     0.20261281
1941 12  8     0.17985204
1941 12  9     0.16627789
1941 12 10     0.32736278
1941 12 11     0.35477480
1941 12 12     0.19451785
1941 12 13     0.17795525
1941 12 14     0.54137418
1941 12 15     2.70626762
1941 12 16     1.97627853
1941 12 17     1.08794704
1941 12 18     0.67049808
1941 12 19     0.55780572
1941 12 20     0.82845267
1941 12 21     1.34131352
1941 12 22     1.13474217
1941 12 23     2.22297235
1941 12 24     1.55423038
1941 12 25     0.85263829
1941 12 26     3.00846462
1941 12 27     1.61017839
1941 12 28    10.71872695
1941 12 29    15.08783366
1941 12 30    15.72340743
1941 12 31    10.72823212
1942  1  1     8.39851823
1942  1  2     4.90915453
1942  1  3     3.64269019
1942  1  4     2.83235082
1942  1  5     2.28898092
1942  1  6     1.94589761
1942  1  7     1.71928280
1942  1  8     1.56684529
1942  1  9     1.47394537
1942  1 10     1.41799089
1942  1 11     1.36585451
1942  1 12     1.32913504
1942  1 13     1.28774348
1942  1 14     1.26785691
1942  1 15     1.28429386
1942  1 16     1.15738858
1942  1 17     1.14547301
1942  1 18     1.15697581
1942  1 19     1.15979388
1942  1 20     1.20714295
1942  1 21     1.24827223
1942  1 22     7.41029203
1942  1 23     5.85485579
1942  1 24     3.34455060
1942  1 25    29.11300065
1942  1 26    12.35361767
1942  1 27    14.36170791
1942  1 28    14.40956208
1942  1 29     8.14168879
1942  1 30     5.79838292
1942  1 31     4.69194025
1942  2  1     3.91942065
1942  2  2     6.46505504
1942  2  3     6.28880422
1942  2  4     4.43633766
1942  2  5     7.75454943
1942  2  6     5.15042347
1942  2  7     7.29842630
1942  2  8     4.52871285
1942  2  9     3.80085494
1942  2 10     3.32088661
1942  2 11     2.95924726
1942  2 12     2.76427648
1942  2 13     2.50548469
1942  2 14     2.35150969
1942  2 15     2.22595659
1942  2 16     2.11966620
1942  2 17     2.02909325
1942  2 18     1.95058493
1942  2 19     1.88312980
1942  2 20     1.83348621
1942  2 21     2.96572940
1942  2 22     7.37412598
1942  2 23     3.67021327
1942  2 24     2.89651628
1942  2 25     2.97510295
1942  2 26     2.24845801
1942  2 27     2.11946259
1942  2 28     1.92852929
1942  3  1     1.89801355
1942  3  2     1.90377102
1942  3  3     1.79095298
1942  3  4     1.88574904
1942  3  5     1.96597426
1942  3  6     1.77877348
1942  3  7     1.70849920
1942  3  8     1.69909204
1942  3  9     1.65555211
1942  3 10     1.60510940
1942  3 11    15.36213720
1942  3 12    14.89548291
1942  3 13    11.12998844
1942  3 14     7.61799677
1942  3 15     6.73565544
1942  3 16     4.84566908
1942  3 17     4.60901409
1942  3 18     3.97902662
1942  3 19     3.30821997
1942  3 20     3.01619840
1942  3 21     2.73356531
1942  3 22     2.54292142
1942  3 23     2.36105452
1942  3 24     3.04211917
1942  3 25     2.28930868
1942  3 26     2.18052522
1942  3 27     2.09769539
1942  3 28     2.04058673
1942  3 29     2.04236629
1942  3 30     2.24311592
1942  3 31     2.22299430
1942  4  1     1.95687127
1942  4  2     1.91879325
1942  4  3     1.99119901
1942  4  4     6.54419634
1942  4  5     4.36821774
1942  4  6     8.71424300
1942  4  7     4.79779286
1942  4  8     3.56782828
1942  4  9     3.09166811
1942  4 10     5.84688715
1942  4 11     3.52416837
1942  4 12     3.00900860
1942  4 13     2.65616545
1942  4 14    10.69200381
1942  4 15     5.97725609
1942  4 16     3.96479603
1942  4 17    11.76434266
1942  4 18     5.71838519
1942  4 19     4.30813488
1942  4 20     3.69361978
1942  4 21     3.15082202
1942  4 22     2.85025927
1942  4 23     3.89912006
1942  4 24     2.72716553
1942  4 25     2.51316531
1942  4 26     2.28555737
1942  4 27     2.11012358
1942  4 28     4.84286395
1942  4 29     2.96892727
1942  4 30     2.49525757
1942  5  1     8.15926913
1942  5  2     5.35763068
1942  5  3     3.54778138
1942  5  4     3.02550769
1942  5  5     2.66687447
1942  5  6     2.46745998
1942  5  7     2.27657246
1942  5  8     2.11909860
1942  5  9     1.97792657
1942  5 10     1.80224309
1942  5 11     1.96828998
1942  5 12     1.68012915
1942  5 13     1.53994304
1942  5 14     1.51505417
1942  5 15     1.67158173
1942  5 16     1.44917291
1942  5 17     1.45078178
1942  5 18     1.46677831
1942  5 19     1.48748374
1942  5 20     1.55522400
1942  5 21     1.54606214
1942  5 22     1.40908982
1942  5 23     1.32309599
1942  5 24     1.29439007
1942  5 25     1.23817881
1942  5 26     1.71470848
1942  5 27     1.18320169
1942  5 28     1.08675033
1942  5 29     0.99880232
1942  5 30     0.94934771
1942  5 31     0.90947229
1942  6  1     0.87399165
1942  6  2     0.84315857
1942  6  3     0.81451805
1942  6  4     0.78505309
1942  6  5     0.75768190
1942  6  6     0.73454494
1942  6  7     0.71314050
1942  6  8     0.68869698
1942  6  9     0.66585711
1942  6 10     0.64479491
1942  6 11     0.62454844
1942  6 12     0.60526116
1942  6 13     0.58636729
1942  6 14     0.56767835
1942  6 15     0.55067636
1942  6 16     0.53396277
1942  6 17     0.51773451
1942  6 18     0.50186860
1942  6 19     0.48709109
1942  6 20     0.47255384
1942  6 21     0.45720877
1942  6 22     0.44202935
1942  6 23     0.42797575
1942  6 24     0.41611975
1942  6 25     0.40534186
1942  6 26     0.39441586
1942  6 27     0.38184021
1942  6 28     0.36830276
1942  6 29     0.35617959
1942  6 30     0.34549150
1942  7  1     0.33523709
1942  7  2     0.32531823
1942  7  3     0.31569843
1942  7  4     0.30641833
1942  7  5     0.29740266
1942  7  6     0.28859598
1942  7  7     0.28006735
1942  7  8     0.27182073
1942  7  9     0.26380996
1942  7 10     0.25601903
1942  7 11     0.24847415
1942  7 12     0.24114344
1942  7 13     0.23403176
1942  7 14     0.22713080
1942  7 15     0.22043552
1942  7 16     0.21394028
1942  7 17     0.20762904
1942  7 18     0.20150815
1942  7 19     0.19556736
1942  7 20     0.18980215
1942  7 21     0.18420740
1942  7 22     0.17877773
1942  7 23     0.17350893
1942  7 24     0.16839175
1942  7 25     0.16342744
1942  7 26     0.15860993
1942  7 27     0.15393445
1942  7 28     0.14939679
1942  7 29     0.14499290
1942  7 30     0.14071883
1942  7 31     0.13657076
1942  8  1     0.13254496
1942  8  2     0.12863784
1942  8  3     0.12484590
1942  8  4     0.12116573
1942  8  5     0.11759437
1942  8  6     0.11412788
1942  8  7     0.11076341
1942  8  8     0.10749834
1942  8  9     0.10432955
1942  8 10     0.11176330
1942  8 11     0.09958368
1942  8 12     0.09537275
1942  8 13     0.09256137
1942  8 14     0.08983289
1942  8 15     0.08718484
1942  8 16     0.08461485
1942  8 17     0.08212061
1942  8 18     0.07969990
1942  8 19     0.07735054
1942  8 20     0.07507044
1942  8 21     0.07285755
1942  8 22     0.07070989
1942  8 23     0.06862554
1942  8 24     0.06660263
1942  8 25     0.06463935
1942  8 26     0.06273394
1942  8 27     0.06088470
1942  8 28     0.05908997
1942  8 29     0.05734815
1942  8 30     0.05565767
1942  8 31     0.05401702
1942  9  1     0.05242473
1942  9  2     0.05087938
1942  9  3     0.04937958
1942  9  4     0.04792399
1942  9  5     0.04651131
1942  9  6     0.04514028
1942  9  7     0.04380965
1942  9  8     0.04251825
1942  9  9     0.04126492
1942  9 10     0.04004853
1942  9 11     0.03886800
1942  9 12     0.03772227
1942  9 13     0.03661031
1942  9 14     0.03553113
1942  9 15     0.03448376
1942  9 16     0.03346727
1942  9 17     0.03248073
1942  9 18     0.03152328
1942  9 19     0.03059405
1942  9 20     0.02969222
1942  9 21     0.02881697
1942  9 22     0.02796751
1942  9 23     0.02714310
1942  9 24     0.02634299
1942  9 25     0.02556646
1942  9 26     0.02481283
1942  9 27     0.02408141
1942  9 28     0.02337155
1942  9 29     0.02268261
1942  9 30     0.02201398
1942 10  1     0.02136507
1942 10  2     0.02073528
1942 10  3     0.02012405
1942 10  4     0.01953085
1942 10  5     0.01895513
1942 10  6     0.01839638
1942 10  7     0.01785410
1942 10  8     0.01732780
1942 10  9     0.01681702
1942 10 10     0.01632130
1942 10 11     0.01584019
1942 10 12     0.21980568
1942 10 13     0.03989935
1942 10 14     0.01448087
1942 10 15     0.01405344
1942 10 16     0.01363918
1942 10 17     0.01323713
1942 10 18     0.01284693
1942 10 19     0.01246824
1942 10 20     0.01210071
1942 10 21     0.01174401
1942 10 22     0.01139782
1942 10 23     0.01106184
1942 10 24     0.01073577
1942 10 25     0.01041930
1942 10 26     0.01011217
1942 10 27     0.00981409
1942 10 28     0.08733102
1942 10 29     0.01927187
1942 10 30     0.00903370
1942 10 31     0.00870708
1942 11  1     0.00845041
1942 11  2     0.00820132
1942 11  3     0.44865341
1942 11  4     0.13104380
1942 11  5     0.01958213
1942 11  6     0.00749995
1942 11  7     0.00706174
1942 11  8     0.00685357
1942 11  9     0.00665155
1942 11 10     0.00645548
1942 11 11     0.00626519
1942 11 12     0.00608050
1942 11 13     0.00590127
1942 11 14     0.00572731
1942 11 15     0.24879867
1942 11 16     0.06996074
1942 11 17     0.39698252
1942 11 18     1.00093089
1942 11 19     2.64210611
1942 11 20     0.36713441
1942 11 21     0.04727345
1942 11 22     0.02185604
1942 11 23     0.01632043
1942 11 24     0.01538407
1942 11 25     0.01467380
1942 11 26     0.01402133
1942 11 27     0.23006612
1942 11 28     0.11492573
1942 11 29     0.03053508
1942 11 30     0.01997087
1942 12  1     0.01892382
1942 12  2     0.01807625
1942 12  3     0.01729525
1942 12  4     0.01657290
1942 12  5     0.01590234
1942 12  6     0.01594387
1942 12  7     0.18492111
1942 12  8     0.03411599
1942 12  9     0.01430035
1942 12 10     0.01440785
1942 12 11     0.01461480
1942 12 12     0.01459997
1942 12 13     0.01359894
1942 12 14     0.01294071
1942 12 15     0.01131038
1942 12 16     0.01073662
1942 12 17     0.01038796
1942 12 18     0.08637320
1942 12 19     0.01904862
1942 12 20     0.01129419
1942 12 21     0.00936345
1942 12 22     0.00982106
1942 12 23     1.89879602
1942 12 24    14.20290068
1942 12 25    19.09942244
1942 12 26     6.40626500
1942 12 27     3.53702127
1942 12 28     2.66752738
1942 12 29     2.11634388
1942 12 30     1.74636049
1942 12 31     1.49777170
1943  1  1     1.32388823
1943  1  2     1.19721780
1943  1  3     1.10158578
1943  1  4     1.02671634
1943  1  5     0.96617287
1943  1  6     0.91542898
1943  1  7     0.87174165
1943  1  8     0.83314705
1943  1  9     0.79851898
1943  1 10     0.76694641
1943  1 11     0.73777554
1943  1 12     0.71068532
1943  1 13     0.68520589
1943  1 14     0.66114342
1943  1 15     0.63845287
1943  1 16     0.61715880
1943  1 17     0.59689067
1943  1 18     0.57759032
1943  1 19     0.55875977
1943  1 20     1.90364141
1943  1 21    26.04953221
1943  1 22    43.57561913
1943  1 23    53.33057526
1943  1 24    26.68402389
1943  1 25    14.44587976
1943  1 26    14.58987659
1943  1 27    12.52087514
1943  1 28     8.24221842
1943  1 29     9.33715419
1943  1 30    18.28879298
1943  1 31    11.16318065
1943  2  1     7.16897714
1943  2  2     5.90117452
1943  2  3     5.07282539
1943  2  4     4.47630271
1943  2  5     4.05954214
1943  2  6     3.73769479
1943  2  7     3.49242729
1943  2  8    12.92226580
1943  2  9     8.30247223
1943  2 10     5.44302526
1943  2 11     4.75354491
1943  2 12     4.51389041
1943  2 13     4.03873156
1943  2 14     3.58270563
1943  2 15     3.30820650
1943  2 16     3.10011977
1943  2 17     2.92224406
1943  2 18     2.78245907
1943  2 19     2.66625163
1943  2 20     2.57149258
1943  2 21     3.93055988
1943  2 22     7.91013793
1943  2 23     8.77686816
1943  2 24    19.70255106
1943  2 25     8.83761144
1943  2 26     6.05204338
1943  2 27     4.88313394
1943  2 28     4.11198152
1943  3  1     3.59489812
1943  3  2     3.24249762
1943  3  3     4.16220524
1943  3  4    13.85578089
1943  3  5    29.35584021
1943  3  6    19.26796579
1943  3  7    10.74138774
1943  3  8    24.54271235
1943  3  9    75.97216526
1943  3 10    34.58593893
1943  3 11    35.13471064
1943  3 12    19.58735987
1943  3 13    13.21591715
1943  3 14    16.07775032
1943  3 15    14.93273523
1943  3 16    10.10039979
1943  3 17    24.31434150
1943  3 18    54.63392541
1943  3 19    26.60774773
1943  3 20    15.05299885
1943  3 21    11.41488156
1943  3 22    17.09136836
1943  3 23    11.24455538
1943  3 24     8.92058953
1943  3 25     7.84151173
1943  3 26     7.10647579
1943  3 27     6.55885168
1943  3 28     6.13079123
1943  3 29     5.79655003
1943  3 30     9.60522784
1943  3 31     6.74552595
1943  4  1     5.95451597
1943  4  2     5.53192714
1943  4  3     5.16917367
1943  4  4     4.90961233
1943  4  5     5.40753359
1943  4  6    11.84950722
1943  4  7     6.81186890
1943  4  8    17.67216496
1943  4  9    13.48432185
1943  4 10     8.08112037
1943  4 11     6.82713140
1943  4 12     6.18157411
1943  4 13     5.39861984
1943  4 14     4.89907698
1943  4 15     4.55617491
1943  4 16     4.34493036
1943  4 17     4.08631080
1943  4 18     3.94397427
1943  4 19     3.79091983
1943  4 20     3.60293697
1943  4 21     3.42544691
1943  4 22     3.29542653
1943  4 23     3.18025402
1943  4 24     3.07263993
1943  4 25     2.97365811
1943  4 26     2.87936593
1943  4 27     2.78816732
1943  4 28     3.14037781
1943  4 29     2.67770079
1943  4 30     2.54960451
1943  5  1     2.47257016
1943  5  2     2.39669781
1943  5  3     2.55285404
1943  5  4     7.20274010
1943  5  5     3.88301687
1943  5  6     3.18093728
1943  5  7     2.82978886
1943  5  8     2.55798224
1943  5  9     2.36089349
1943  5 10     2.21300102
1943  5 11     2.09865906
1943  5 12     2.00407645
1943  5 13     1.92324259
1943  5 14     1.85419048
1943  5 15     1.79155563
1943  5 16     1.73247633
1943  5 17     1.67668101
1943  5 18     1.62226311
1943  5 19     1.56967648
1943  5 20     1.52019891
1943  5 21     1.47222140
1943  5 22     1.42436673
1943  5 23     1.37764005
1943  5 24     1.33309275
1943  5 25     1.29280995
1943  5 26     1.25480791
1943  5 27     1.22081656
1943  5 28     1.18696579
1943  5 29     1.15335358
1943  5 30     1.12325502
1943  5 31     1.08839590
1943  6  1     1.05651788
1943  6  2     1.02880277
1943  6  3     0.99750332
1943  6  4     0.96828798
1943  6  5     0.93720033
1943  6  6     0.90626999
1943  6  7     0.87518510
1943  6  8     0.84819986
1943  6  9     0.82556086
1943  6 10     0.79949062
1943  6 11     0.77901070
1943  6 12     0.75985148
1943  6 13     0.73878148
1943  6 14     0.71524968
1943  6 15     0.68894438
1943  6 16     0.66234859
1943  6 17     0.63824129
1943  6 18     0.61975416
1943  6 19     0.60585095
1943  6 20     0.59198806
1943  6 21     0.57577506
1943  6 22     0.56103681
1943  6 23     0.54383524
1943  6 24     0.52773909
1943  6 25     0.51192285
1943  6 26     0.49439811
1943  6 27     0.47639655
1943  6 28     0.45942164
1943  6 29     0.44631056
1943  6 30     0.43479537
1943  7  1     0.42136783
1943  7  2     0.40828998
1943  7  3     0.39473163
1943  7  4     0.38271063
1943  7  5     0.36954546
1943  7  6     0.35671693
1943  7  7     0.34526006
1943  7  8     0.33448341
1943  7  9     0.32511447
1943  7 10     0.31478430
1943  7 11     0.30470751
1943  7 12     0.29592399
1943  7 13     0.28685619
1943  7 14     0.27900032
1943  7 15     0.27131753
1943  7 16     0.26352732
1943  7 17     0.25493045
1943  7 18     0.24651090
1943  7 19     0.23914258
1943  7 20     0.23211872
1943  7 21     0.22557801
1943  7 22     0.21864435
1943  7 23     0.21214676
1943  7 24     0.20589069
1943  7 25     0.19982154
1943  7 26     0.19393130
1943  7 27     0.18821469
1943  7 28     0.18266659
1943  7 29     0.17728203
1943  7 30     0.17205620
1943  7 31     0.16698441
1943  8  1     0.16206212
1943  8  2     0.15728493
1943  8  3     0.15264856
1943  8  4     0.14814886
1943  8  5     0.14378180
1943  8  6     0.13954347
1943  8  7     0.13543008
1943  8  8     0.13143794
1943  8  9     0.12756347
1943  8 10     0.12380322
1943  8 11     0.12015381
1943  8 12     0.11661197
1943  8 13     0.11317454
1943  8 14     0.10983844
1943  8 15     0.10660067
1943  8 16     0.10345835
1943  8 17     0.10040866
1943  8 18     0.09744886
1943  8 19     0.09457631
1943  8 20     0.09178843
1943  8 21     0.08908274
1943  8 22     0.08645680
1943  8 23     0.08390827
1943  8 24     0.08143486
1943  8 25     0.07903436
1943  8 26     0.07670463
1943  8 27     0.07444357
1943  8 28     0.07224916
1943  8 29     0.07011943
1943  8 30     0.06805248
1943  8 31     0.06604647
1943  9  1     0.06409958
1943  9  2     0.06221008
1943  9  3     0.06037628
1943  9  4     0.05859654
1943  9  5     0.05686926
1943  9  6     0.05519290
1943  9  7     0.05356595
1943  9  8     0.05198696
1943  9  9     0.05045451
1943  9 10     0.04896724
1943  9 11     0.04752380
1943  9 12     0.04612292
1943  9 13     0.04476333
1943  9 14     0.04344382
1943  9 15     0.04216320
1943  9 16     0.04092034
1943  9 17     0.03971411
1943  9 18     0.03854343
1943  9 19     0.03740727
1943  9 20     0.03630460
1943  9 21     0.03523443
1943  9 22     0.03419580
1943  9 23     0.03318780
1943  9 24     0.03220950
1943  9 25     0.03126005
1943  9 26     0.03033858
1943  9 27     0.02944427
1943  9 28     0.02857633
1943  9 29     0.02773397
1943  9 30     0.02691644
1943 10  1     0.02612301
1943 10  2     0.02535297
1943 10  3     0.02460563
1943 10  4     0.02388031
1943 10  5     0.02317638
1943 10  6     0.02249320
1943 10  7     0.02183016
1943 10  8     0.02118666
1943 10  9     0.02056213
1943 10 10     0.01995601
1943 10 11     0.01936775
1943 10 12     0.01879684
1943 10 13     0.01824276
1943 10 14     0.01770501
1943 10 15     0.01718311
1943 10 16     0.01667659
1943 10 17     0.01618501
1943 10 18     0.98511009
1943 10 19     1.69089027
1943 10 20     0.25072861
1943 10 21     0.02220336
1943 10 22     0.01559991
1943 10 23     0.01552823
1943 10 24     0.01920603
1943 10 25     0.01937236
1943 10 26     0.01881651
1943 10 27     0.20746904
1943 10 28     0.03604833
1943 10 29     0.53709195
1943 10 30     0.07504646
1943 10 31     0.01073231
1943 11  1     0.01033230
1943 11  2     0.01002773
1943 11  3     0.00973213
1943 11  4     0.00944526
1943 11  5     0.00916683
1943 11  6     0.00889662
1943 11  7     0.00863437
1943 11  8     0.00837985
1943 11  9     0.00813283
1943 11 10     0.00789309
1943 11 11     0.00766043
1943 11 12     0.00743462
1943 11 13     0.00721546
1943 11 14     0.00700277
1943 11 15     0.00679634
1943 11 16     0.00659600
1943 11 17     0.09441342
1943 11 18     0.01698910
1943 11 19     0.22000214
1943 11 20     0.03675600
1943 11 21     1.04999069
1943 11 22     0.23402352
1943 11 23     0.02427134
1943 11 24     0.00550797
1943 11 25     0.00503885
1943 11 26     0.00489032
1943 11 27     0.00474616
1943 11 28     0.00460626
1943 11 29     0.00447048
1943 11 30     0.00433870
1943 12  1     0.00421627
1943 12  2     0.00408732
1943 12  3     0.00396621
1943 12  4     0.00384930
1943 12  5     0.13686105
1943 12  6     0.01974975
1943 12  7     0.00352075
1943 12  8     0.00341864
1943 12  9     0.00331485
1943 12 10     0.00321674
1943 12 11     0.02809696
1943 12 12     0.02130167
1943 12 13     0.00479605
1943 12 14     0.00285394
1943 12 15     0.00276977
1943 12 16     0.00268812
1943 12 17     0.00260888
1943 12 18     0.23518016
1943 12 19     0.12462038
1943 12 20     0.55287428
1943 12 21     2.41564651
1943 12 22     0.50448534
1943 12 23     0.16414623
1943 12 24     0.12751997
1943 12 25     0.13201930
1943 12 26     0.18733170
1943 12 27     0.11366518
1943 12 28     0.09756534
1943 12 29     0.13350731
1943 12 30     0.51255169
1943 12 31     0.18571283
1944  1  1     0.12312650
1944  1  2     1.19397998
1944  1  3     1.97680896
1944  1  4     0.71329251
1944  1  5     1.12758191
1944  1  6     4.80706912
1944  1  7     1.53737011
1944  1  8     0.90327284
1944  1  9     0.75279461
1944  1 10     0.64711057
1944  1 11     0.68063206
1944  1 12     0.53521626
1944  1 13     0.48986695
1944  1 14     0.45646509
1944  1 15     0.42910529
1944  1 16     0.40772758
1944  1 17     0.38866933
1944  1 18     0.37404493
1944  1 19     0.36152026
1944  1 20     0.34861447
1944  1 21     0.33572223
1944  1 22     0.32540970
1944  1 23     1.72367271
1944  1 24    13.73874442
1944  1 25     5.28106896
1944  1 26     2.54133715
1944  1 27     1.90173212
1944  1 28     1.50288757
1944  1 29     1.24300207
1944  1 30     5.85418601
1944  1 31     2.40878199
1944  2  1     1.68862473
1944  2  2     1.40712363
1944  2  3     2.61443826
1944  2  4     1.93176552
1944  2  5     1.37807757
1944  2  6     1.20790392
1944  2  7     1.06685221
1944  2  8     6.38560370
1944  2  9     8.28071609
1944  2 10     4.36037384
1944  2 11     2.78956975
1944  2 12     2.34092367
1944  2 13     1.78322108
1944  2 14     1.50858841
1944  2 15     1.37800280
1944  2 16     1.15367105
1944  2 17     1.64898596
1944  2 18     1.45801162
1944  2 19     1.16305426
1944  2 20     1.25083455
1944  2 21     5.99312267
1944  2 22    15.86906706
1944  2 23     7.90366995
1944  2 24     4.42859875
1944  2 25     4.14925236
1944  2 26     8.22562533
1944  2 27     4.22598055
1944  2 28     3.04422286
1944  2 29     6.62299509
1944  3  1     4.51572733
1944  3  2     3.29453336
1944  3  3     2.68128552
1944  3  4     9.48916651
1944  3  5    12.45060707
1944  3  6     5.87466993
1944  3  7     4.25247227
1944  3  8     3.47406840
1944  3  9     2.99076446
1944  3 10     2.66884718
1944  3 11     2.43974308
1944  3 12     2.72620774
1944  3 13     7.63233637
1944  3 14     4.32060763
1944  3 15     3.28715867
1944  3 16     3.01061190
1944  3 17     2.64745446
1944  3 18     2.50659011
1944  3 19     2.31732988
1944  3 20     2.06792107
1944  3 21     1.93430858
1944  3 22     1.92352850
1944  3 23     1.93258696
1944  3 24     1.90129277
1944  3 25     1.81230914
1944  3 26     1.72766337
1944  3 27     1.71532813
1944  3 28     1.73768138
1944  3 29     1.78501696
1944  3 30     1.84482452
1944  3 31     1.86569132
1944  4  1     1.90830058
1944  4  2     1.89426757
1944  4  3     1.83275370
1944  4  4     1.64118529
1944  4  5     1.52993834
1944  4  6     1.49104342
1944  4  7     1.46615922
1944  4  8     2.26887265
1944  4  9     1.88981037
1944  4 10     1.46161391
1944  4 11     2.51077699
1944  4 12     1.68100174
1944  4 13     1.66943235
1944  4 14     1.44831648
1944  4 15     1.40644807
1944  4 16     1.36267476
1944  4 17     1.22833413
1944  4 18     1.16406477
1944  4 19     2.42425722
1944  4 20    10.54577321
1944  4 21     5.13619082
1944  4 22     3.30648531
1944  4 23     2.73841799
1944  4 24     3.32440565
1944  4 25     2.21732622
1944  4 26     2.03341493
1944  4 27     9.56492212
1944  4 28     5.02610648
1944  4 29     3.34435097
1944  4 30     2.84800764
1944  5  1     2.42619708
1944  5  2     2.19296777
1944  5  3     2.05520259
1944  5  4     1.96229626
1944  5  5     1.89376485
1944  5  6     1.79983315
1944  5  7     1.69163995
1944  5  8     1.64148144
1944  5  9     1.57264583
1944  5 10     1.48951385
1944  5 11     1.37565366
1944  5 12     1.34056938
1944  5 13     1.31714260
1944  5 14     1.29123107
1944  5 15     1.31910751
1944  5 16    15.32608889
1944  5 17     6.10685490
1944  5 18     5.20951012
1944  5 19     3.74709643
1944  5 20     3.38558392
1944  5 21     2.67922000
1944  5 22     2.37370156
1944  5 23     2.02307334
1944  5 24     1.82236480
1944  5 25     1.73934312
1944  5 26     1.70219670
1944  5 27     1.51578595
1944  5 28     1.41806367
1944  5 29     1.41013529
1944  5 30     1.24412105
1944  5 31     1.16685750
1944  6  1     1.12606887
1944  6  2     1.25084657
1944  6  3     1.07301072
1944  6  4     0.98984719
1944  6  5     0.95054646
1944  6  6     0.91754914
1944  6  7     0.88607547
1944  6  8     0.85694944
1944  6  9     0.83047103
1944  6 10     0.80351587
1944  6 11     0.77699417
1944  6 12     0.75114207
1944  6 13     0.72865782
1944  6 14     0.70727255
1944  6 15     0.69600023
1944  6 16     0.71176965
1944  6 17     0.64945006
1944  6 18     0.62348246
1944  6 19     0.60475192
1944  6 20     0.58622000
1944  6 21     0.57698048
1944  6 22     0.55266441
1944  6 23     0.53363161
1944  6 24     0.51786557
1944  6 25     0.50261797
1944  6 26     0.48662289
1944  6 27     0.47129717
1944  6 28     0.45581892
1944  6 29     0.44116738
1944  6 30     0.42798989
1944  7  1     0.41535388
1944  7  2     0.40306193
1944  7  3     0.39111325
1944  7  4     0.37956748
1944  7  5     0.36837026
1944  7  6     0.35744179
1944  7  7     0.34683114
1944  7  8     0.33663788
1944  7  9     0.32674324
1944  7 10     0.31708955
1944  7 11     0.30767148
1944  7 12     0.29856396
1944  7 13     0.28972381
1944  7 14     0.28115604
1944  7 15     0.27286249
1944  7 16     0.26481289
1944  7 17     0.25700522
1944  7 18     0.24942429
1944  7 19     0.24207255
1944  7 20     0.23492930
1944  7 21     0.22800565
1944  7 22     0.22128273
1944  7 23     0.21475478
1944  7 24     0.20842351
1944  7 25     0.20227753
1944  7 26     0.19631509
1944  7 27     0.19052809
1944  7 28     0.18491028
1944  7 29     0.17946025
1944  7 30     0.17417014
1944  7 31     0.16903429
1944  8  1     0.16404966
1944  8  2     0.15921300
1944  8  3     0.15451961
1944  8  4     0.14996468
1944  8  5     0.14554403
1944  8  6     0.14125370
1944  8  7     0.13708984
1944  8  8     0.13304873
1944  8  9     0.12912675
1944  8 10     0.12532039
1944  8 11     0.12162623
1944  8 12     0.11804096
1944  8 13     0.11456139
1944  8 14     0.11118471
1944  8 15     0.10790695
1944  8 16     0.10472605
1944  8 17     0.10163916
1944  8 18     0.09864291
1944  8 19     0.09573513
1944  8 20     0.09291310
1944  8 21     0.09017425
1944  8 22     0.08751614
1944  8 23     0.08493638
1944  8 24     0.08243267
1944  8 25     0.08000276
1944  8 26     0.07764448
1944  8 27     0.07535571
1944  8 28     0.07313441
1944  8 29     0.07097859
1944  8 30     0.06888632
1944  8 31     0.06685572
1944  9  1     0.06488498
1944  9  2     0.06297233
1944  9  3     0.06111606
1944  9  4     0.05931451
1944  9  5     0.05756607
1944  9  6     0.05586917
1944  9  7     0.05422228
1944  9  8     0.05262394
1944  9  9     0.05107272
1944  9 10     0.04956722
1944  9 11     0.04810610
1944  9 12     0.04668806
1944  9 13     0.04531181
1944  9 14     0.04397613
1944  9 15     0.04267982
1944  9 16     0.04142173
1944  9 17     0.04020072
1944  9 18     0.03901570
1944  9 19     0.03786561
1944  9 20     0.03674943
1944  9 21     0.03751309
1944  9 22     0.03485176
1944  9 23     0.03359445
1944  9 24     0.03260416
1944  9 25     0.03164307
1944  9 26     0.03071031
1944  9 27     0.02980505
1944  9 28     0.02892647
1944  9 29     0.02807379
1944  9 30     0.02724624
1944 10  1     0.06219740
1944 10  2     0.02999042
1944 10  3     0.02490722
1944 10  4     0.02417292
1944 10  5     0.02346036
1944 10  6     0.02276881
1944 10  7     0.02209764
1944 10  8     0.02416156
1944 10  9     0.02114391
1944 10 10     0.02020053
1944 10 11     0.01960506
1944 10 12     0.01902715
1944 10 13     0.01846628
1944 10 14     0.01792194
1944 10 15     0.01739365
1944 10 16     0.01688093
1944 10 17     0.01638332
1944 10 18     0.01590038
1944 10 19     0.01543168
1944 10 20     0.01497679
1944 10 21     0.07882405
1944 10 22     0.23870019
1944 10 23     0.03994567
1944 10 24     0.01328804
1944 10 25     0.01289575
1944 10 26     0.01251562
1944 10 27     0.01214669
1944 10 28     0.01178863
1944 10 29     0.01144113
1944 10 30     0.01110388
1944 10 31     0.09010425
1944 11  1     1.17966750
1944 11  2     0.21697206
1944 11  3     0.01803336
1944 11  4     1.01013007
1944 11  5     0.68672565
1944 11  6     0.46602872
1944 11  7     0.16689987
1944 11  8     0.02234895
1944 11  9     0.01001567
1944 11 10     1.23257477
1944 11 11    10.08128034
1944 11 12    12.98112132
1944 11 13     5.09444250
1944 11 14     2.63942077
1944 11 15     1.97621059
1944 11 16     1.54805455
1944 11 17     1.25633424
1944 11 18     1.06731079
1944 11 19     0.93321730
1944 11 20     0.83981966
1944 11 21     0.77023207
1944 11 22     0.71936031
1944 11 23     0.68176206
1944 11 24     0.63774963
1944 11 25     0.60823804
1944 11 26     0.58110160
1944 11 27     0.55677042
1944 11 28     0.53724332
1944 11 29     0.51934949
1944 11 30     0.49934979
1944 12  1     0.48841232
1944 12  2     7.03778003
1944 12  3     3.62674484
1944 12  4     1.91893526
1944 12  5     1.47868858
1944 12  6     1.18903456
1944 12  7     0.98816237
1944 12  8     0.85140754
1944 12  9     0.76101280
1944 12 10     0.69480369
1944 12 11     0.64442636
1944 12 12     0.60176452
1944 12 13     0.56897613
1944 12 14     0.54354092
1944 12 15     0.51999023
1944 12 16     0.49557909
1944 12 17     0.47697260
1944 12 18     0.46177702
1944 12 19     0.45380877
1944 12 20     0.55927758
1944 12 21     0.91610029
1944 12 22     2.36390330
1944 12 23     1.92863424
1944 12 24     1.12985843
1944 12 25     0.96774727
1944 12 26     0.82054806
1944 12 27     0.70930814
1944 12 28     1.33297600
1944 12 29     2.42881840
1944 12 30     1.29188845
1944 12 31     0.98178822
1945  1  1     0.81707313
1945  1  2     0.70195870
1945  1  3     0.62217610
1945  1  4     0.58176686
1945  1  5     0.56031726
1945  1  6     0.53155954
1945  1  7     0.57514994
1945  1  8     0.60553373
1945  1  9     0.62447692
1945  1 10     0.61025046
1945  1 11     0.56318698
1945  1 12     0.57956762
1945  1 13     0.59780086
1945  1 14     0.62828543
1945  1 15     1.11217492
1945  1 16     0.94272604
1945  1 17     0.65252343
1945  1 18     0.61191633
1945  1 19     0.66043128
1945  1 20     0.53033925
1945  1 21     0.46914287
1945  1 22     0.43521927
1945  1 23     0.40682835
1945  1 24     0.38358044
1945  1 25     0.36733711
1945  1 26     0.34683379
1945  1 27     0.33747970
1945  1 28     0.33113786
1945  1 29     0.32492678
1945  1 30     0.32237122
1945  1 31     7.62694424
1945  2  1    54.84051830
1945  2  2    56.73348402
1945  2  3    36.34779649
1945  2  4    18.82644973
1945  2  5    13.51451149
1945  2  6    11.79003528
1945  2  7     8.25247245
1945  2  8     6.66735055
1945  2  9     5.58798511
1945  2 10     4.82993725
1945  2 11     4.29022470
1945  2 12     3.90497551
1945  2 13     3.61460858
1945  2 14     3.49815091
1945  2 15     3.70314526
1945  2 16     3.12003976
1945  2 17     3.01045263
1945  2 18     4.53109983
1945  2 19     3.37115919
1945  2 20     3.09849648
1945  2 21     2.88026587
1945  2 22     2.65747249
1945  2 23     2.50183827
1945  2 24     2.37548783
1945  2 25     2.31148624
1945  2 26     2.17706032
1945  2 27     2.25057647
1945  2 28     2.77015642
1945  3  1     2.24974400
1945  3  2     3.23126879
1945  3  3     3.29194305
1945  3  4    10.04621405
1945  3  5     5.81136648
1945  3  6     3.94019989
1945  3  7     3.22289943
1945  3  8     2.83853211
1945  3  9     2.64760452
1945  3 10     2.52823960
1945  3 11     2.46830087
1945  3 12     2.46917865
1945  3 13     2.75847872
1945  3 14     4.68527235
1945  3 15    31.89837739
1945  3 16    15.60497687
1945  3 17    24.52363780
1945  3 18    13.32643898
1945  3 19     8.68374466
1945  3 20     6.91372882
1945  3 21     8.28337174
1945  3 22     9.39511968
1945  3 23    21.52007480
1945  3 24    12.02335383
1945  3 25     8.59173808
1945  3 26    21.21149605
1945  3 27    11.82912743
1945  3 28     7.65446552
1945  3 29     6.35173086
1945  3 30     5.69829315
1945  3 31     5.32723490
1945  4  1     4.54599614
1945  4  2     3.98214776
1945  4  3     3.68625910
1945  4  4     3.57880173
1945  4  5     3.51319036
1945  4  6     3.55268405
1945  4  7     3.59577973
1945  4  8     3.66671418
1945  4  9     9.52784912
1945  4 10     5.31455490
1945  4 11     4.07858772
1945  4 12     3.56535300
1945  4 13     3.21210091
1945  4 14     2.98096472
1945  4 15     2.95485675
1945  4 16     3.10670920
1945  4 17     3.37501527
1945  4 18     3.52721016
1945  4 19     3.83528259
1945  4 20     4.08972853
1945  4 21     3.70320696
1945  4 22     3.35390326
1945  4 23     3.20599851
1945  4 24     3.14447520
1945  4 25     3.03953010
1945  4 26     2.76361187
1945  4 27     2.72253393
1945  4 28     2.87690140
1945  4 29     3.06526007
1945  4 30     3.15959676
1945  5  1     3.18520026
1945  5  2     3.00541643
1945  5  3     2.95544306
1945  5  4     2.99764648
1945  5  5     2.76631022
1945  5  6     2.52638373
1945  5  7     2.41329660
1945  5  8     2.40191881
1945  5  9     2.22293996
1945  5 10     2.16026389
1945  5 11     2.08962337
1945  5 12     2.00650340
1945  5 13     2.11602593
1945  5 14     1.82082868
1945  5 15     1.73508467
1945  5 16     1.76949095
1945  5 17     1.73825837
1945  5 18     1.59098184
1945  5 19     2.66300097
1945  5 20     1.71663765
1945  5 21     1.56360517
1945  5 22     1.53668359
1945  5 23     1.47891837
1945  5 24     1.42882899
1945  5 25     1.38257066
1945  5 26     1.32671381
1945  5 27     1.24718166
1945  5 28     1.18185003
1945  5 29     1.20083238
1945  5 30     2.64573152
1945  5 31     1.58863596
1945  6  1     1.32816663
1945  6  2     1.19911171
1945  6  3     1.13341755
1945  6  4    12.74639114
1945  6  5     9.24920851
1945  6  6     4.53569259
1945  6  7     3.35984485
1945  6  8     2.66545500
1945  6  9     2.18195609
1945  6 10     1.85568253
1945  6 11     1.62905893
1945  6 12     1.46800862
1945  6 13     1.35049091
1945  6 14     1.26171387
1945  6 15     1.19028870
1945  6 16     1.13008444
1945  6 17     1.07753943
1945  6 18     1.03110587
1945  6 19     0.99012841
1945  6 20     0.95318758
1945  6 21     0.91896384
1945  6 22     0.89042362
1945  6 23     0.88780326
1945  6 24     0.83722139
1945  6 25     0.80711474
1945  6 26     0.77895464
1945  6 27     0.75306002
1945  6 28     0.72816998
1945  6 29     0.70475725
1945  6 30     0.68207074
1945  7  1     0.65984468
1945  7  2     0.63848847
1945  7  3     0.61875627
1945  7  4     0.60040991
1945  7  5     0.58222687
1945  7  6     0.56387106
1945  7  7     0.54560209
1945  7  8     0.53008722
1945  7  9     0.56275099
1945  7 10     0.50459734
1945  7 11     0.48317103
1945  7 12     0.46849315
1945  7 13     0.45457292
1945  7 14     0.44110052
1945  7 15     0.42802626
1945  7 16     0.41530448
1945  7 17     0.40299364
1945  7 18     0.39108247
1945  7 19     0.37953565
1945  7 20     0.36828748
1945  7 21     0.35738291
1945  7 22     0.34681630
1945  7 23     0.33658976
1945  7 24     0.32663162
1945  7 25     0.31697624
1945  7 26     0.35195130
1945  7 27     0.30387960
1945  7 28     0.28973087
1945  7 29     0.28118314
1945  7 30     0.27288851
1945  7 31     0.26483926
1945  8  1     0.25702918
1945  8  2     0.33643581
1945  8  3     0.27448196
1945  8  4     0.23764404
1945  8  5     0.22802390
1945  8  6     0.30868191
1945  8  7     0.22546254
1945  8  8     0.20844305
1945  8  9     0.20229810
1945  8 10     0.19633265
1945  8 11     0.19054439
1945  8 12     0.18492729
1945  8 13     0.17947647
1945  8 14     0.17418459
1945  8 15     0.16905061
1945  8 16     0.16406521
1945  8 17     0.15923208
1945  8 18     0.15453624
1945  8 19     0.15425496
1945  8 20     0.14608502
1945  8 21     0.14126554
1945  8 22     0.13710137
1945  8 23     0.13305996
1945  8 24     0.12913769
1945  8 25     0.12533103
1945  8 26     0.12163658
1945  8 27     0.11805104
1945  8 28     0.11457119
1945  8 29     0.11119391
1945  8 30     0.10791619
1945  8 31     0.10473509
1945  9  1     0.10164776
1945  9  2     0.09865144
1945  9  3     0.15275401
1945  9  4     0.09985288
1945  9  5     0.09018224
1945  9  6     0.08752373
1945  9  7     0.08494375
1945  9  8     0.08243982
1945  9  9     0.08000970
1945  9 10     0.07765121
1945  9 11     0.07536225
1945  9 12     0.07314075
1945  9 13     0.07098475
1945  9 14     0.06889229
1945  9 15     0.06686152
1945  9 16     0.06489061
1945  9 17     0.06297779
1945  9 18     0.06112137
1945  9 19     0.05931966
1945  9 20     0.05757106
1945  9 21     0.20922299
1945  9 22     0.11228113
1945  9 23     0.05736735
1945  9 24     0.05107726
1945  9 25     0.04957152
1945  9 26     0.04811028
1945  9 27     0.04669211
1945  9 28     0.04531574
1945  9 29     0.04397994
1945  9 30     0.04268352
1945 10  1     0.04142532
1945 10  2     0.04020420
1945 10  3     0.03901908
1945 10  4     0.03786890
1945 10  5     0.12267540
1945 10  6     0.37268707
1945 10  7     0.33499279
1945 10  8     0.07783998
1945 10  9     0.03321502
1945 10 10     0.03164582
1945 10 11     0.40742360
1945 10 12     0.07860867
1945 10 13     0.02924035
1945 10 14     0.12564072
1945 10 15     0.19070468
1945 10 16     0.06755726
1945 10 17     0.02840631
1945 10 18     0.02490934
1945 10 19     0.02417501
1945 10 20     0.02346239
1945 10 21     0.02277078
1945 10 22     0.02209955
1945 10 23     0.02144811
1945 10 24     0.02081588
1945 10 25     0.02020228
1945 10 26     0.01960676
1945 10 27     0.01902881
1945 10 28     0.01846788
1945 10 29     0.57657375
1945 10 30     0.83117602
1945 10 31     0.17395462
1945 11  1     0.08614581
1945 11  2     0.02349607
1945 11  3     0.01543319
1945 11  4     0.01497809
1945 11  5     0.01453657
1945 11  6     0.53954389
1945 11  7     0.61180513
1945 11  8     0.08975012
1945 11  9     0.01382112
1945 11 10     0.02580026
1945 11 11     2.24549034
1945 11 12     0.45765968
1945 11 13     0.14148387
1945 11 14     0.12736447
1945 11 15     0.12252548
1945 11 16     0.67519114
1945 11 17     0.21934154
1945 11 18     0.15398256
1945 11 19     0.14465000
1945 11 20     0.13514725
1945 11 21     0.12790306
1945 11 22     0.12239008
1945 11 23     0.11787216
1945 11 24     0.12485396
1945 11 25     0.51245297
1945 11 26     0.17182256
1945 11 27     0.13113432
1945 11 28     0.12596440
1945 11 29     1.51418295
1945 11 30     0.72125533
1945 12  1     0.33618712
1945 12  2     0.27071674
1945 12  3     0.24395641
1945 12  4     1.31947059
1945 12  5     1.74641350
1945 12  6     0.71884593
1945 12  7     0.52094080
1945 12  8     0.44228143
1945 12  9     0.38602522
1945 12 10     0.34564891
1945 12 11     0.38212531
1945 12 12     0.45493990
1945 12 13     0.30708794
1945 12 14     0.26953378
1945 12 15     0.25854116
1945 12 16     0.25346777
1945 12 17     0.24301289
1945 12 18     0.23263458
1945 12 19     0.22551337
1945 12 20     1.73705700
1945 12 21     3.14054602
1945 12 22    13.79950552
1945 12 23    18.65257847
1945 12 24     8.45249482
1945 12 25    34.52530339
1945 12 26    17.10106777
1945 12 27     8.95607338
1945 12 28     6.43814000
1945 12 29     4.93913286
1945 12 30     3.93826225
1945 12 31     3.26846861
1946  1  1     2.80978531
1946  1  2     2.48643589
1946  1  3    12.97835337
1946  1  4     9.25564311
1946  1  5    18.17313884
1946  1  6    10.04032203
1946  1  7     6.13067405
1946  1  8     4.99424061
1946  1  9     4.03541316
1946  1 10     3.46654046
1946  1 11     3.05412291
1946  1 12     2.75501927
1946  1 13     2.53425705
1946  1 14     2.36570413
1946  1 15     2.23118182
1946  1 16     2.11998441
1946  1 17     2.02644328
1946  1 18     1.94288715
1946  1 19     1.86683976
1946  1 20     1.79789995
1946  1 21     1.73437465
1946  1 22     1.67680649
1946  1 23     1.62414327
1946  1 24     1.57689907
1946  1 25     1.52323790
1946  1 26     1.47524004
1946  1 27     1.42585092
1946  1 28     1.38397174
1946  1 29     1.34107755
1946  1 30     1.29792048
1946  1 31     1.25763438
1946  2  1     1.21899859
1946  2  2     1.18145586
1946  2  3     5.63254825
1946  2  4     5.05171147
1946  2  5     2.74980142
1946  2  6     2.25088896
1946  2  7     1.88574912
1946  2  8     1.66631129
1946  2  9     1.58776383
1946  2 10     1.40563505
1946  2 11     2.80238368
1946  2 12     1.69326902
1946  2 13     1.61467017
1946  2 14     1.59356109
1946  2 15     1.94746322
1946  2 16     8.10398130
1946  2 17     3.87679350
1946  2 18     2.81338704
1946  2 19     2.40620451
1946  2 20     2.08716881
1946  2 21     1.76841965
1946  2 22     1.59998889
1946  2 23     1.47678809
1946  2 24     1.37128612
1946  2 25     1.27879847
1946  2 26     1.16640886
1946  2 27     1.15142109
1946  2 28     1.18568328
1946  3  1     1.19693136
1946  3  2     1.21942076
1946  3  3     1.27661757
1946  3  4     1.05323119
1946  3  5     1.02891021
1946  3  6     1.01908833
1946  3  7     1.06019412
1946  3  8     1.14609941
1946  3  9     1.21489059
1946  3 10     1.19930443
1946  3 11     1.17928840
1946  3 12     1.04258284
1946  3 13    12.75143278
1946  3 14     7.69370482
1946  3 15     4.04037444
1946  3 16     3.21537848
1946  3 17     2.59086727
1946  3 18     2.13363503
1946  3 19     4.70322933
1946  3 20     5.08649366
1946  3 21     8.53799789
1946  3 22     4.33176311
1946  3 23     3.30488672
1946  3 24     2.76979866
1946  3 25     2.41289493
1946  3 26     2.27579659
1946  3 27     2.15172630
1946  3 28     1.94936216
1946  3 29     2.33361930
1946  3 30    15.31484869
1946  3 31     6.86088051
1946  4  1     4.74570746
1946  4  2     3.50436514
1946  4  3     2.94163834
1946  4  4     2.53970714
1946  4  5     2.25232198
1946  4  6     2.18998690
1946  4  7     3.61234081
1946  4  8     2.66776273
1946  4  9     2.22546838
1946  4 10     2.00363591
1946  4 11     1.89431699
1946  4 12     1.82006179
1946  4 13     1.70764937
1946  4 14     1.59458493
1946  4 15     1.57077859
1946  4 16     1.56995117
1946  4 17     1.54996817
1946  4 18     1.50715680
1946  4 19     1.41580331
1946  4 20     1.33397511
1946  4 21     1.29972375
1946  4 22     1.29070362
1946  4 23     1.34572028
1946  4 24     1.36622341
1946  4 25     1.33730393
1946  4 26     1.27351431
1946  4 27     1.20588477
1946  4 28     1.18622478
1946  4 29     1.13444971
1946  4 30     1.07476099
1946  5  1     1.10202117
1946  5  2     1.08372362
1946  5  3     1.04452848
1946  5  4     1.02706061
1946  5  5     1.02297453
1946  5  6     0.88304485
1946  5  7     0.81001608
1946  5  8     0.77153157
1946  5  9     0.73934198
1946  5 10     0.71024337
1946  5 11     0.68423348
1946  5 12     0.65922319
1946  5 13     0.63668508
1946  5 14     0.61610949
1946  5 15     0.59626026
1946  5 16     0.60072962
1946  5 17     0.56066527
1946  5 18     0.53907664
1946  5 19     0.52139812
1946  5 20     0.50541285
1946  5 21     0.49127548
1946  5 22     1.27816540
1946  5 23     0.57204986
1946  5 24     0.45436560
1946  5 25     0.43875343
1946  5 26     1.42686649
1946  5 27     3.07827350
1946  5 28     1.22823711
1946  5 29     0.90646609
1946  5 30     0.77154172
1946  5 31     0.66589855
1946  6  1     0.59243850
1946  6  2     0.53938736
1946  6  3     0.50010480
1946  6  4     0.46949119
1946  6  5     0.44535372
1946  6  6     0.42568691
1946  6  7     0.40788837
1946  6  8     0.39195907
1946  6  9     0.37684172
1946  6 10     0.36430582
1946  6 11     0.35177703
1946  6 12     0.33944846
1946  6 13     0.32796522
1946  6 14     0.31758420
1946  6 15     0.30725818
1946  6 16     0.29712169
1946  6 17     0.28756411
1946  6 18     0.27770445
1946  6 19     0.26897897
1946  6 20     0.26078379
1946  6 21     0.25293720
1946  6 22     0.24539411
1946  6 23     0.23808061
1946  6 24     0.23095034
1946  6 25     0.22399560
1946  6 26     0.21729439
1946  6 27     0.21083313
1946  6 28     0.20456315
1946  6 29     0.19846811
1946  6 30     0.19252719
1946  7  1     0.18679365
1946  7  2     0.18124551
1946  7  3     0.17587613
1946  7  4     0.17066987
1946  7  5     0.16562021
1946  7  6     0.16072209
1946  7  7     0.15597066
1946  7  8     0.15136126
1946  7  9     0.14688942
1946  7 10     0.14255147
1946  7 11     0.13834147
1946  7 12     0.13425710
1946  7 13     0.13029411
1946  7 14     0.12644871
1946  7 15     0.12271734
1946  7 16     0.11909653
1946  7 17     0.11558294
1946  7 18     0.11217334
1946  7 19     0.10886461
1946  7 20     0.10641352
1946  7 21     0.11450477
1946  7 22     0.10145966
1946  7 23     0.09664599
1946  7 24     0.26987328
1946  7 25     0.16441983
1946  7 26     0.09457186
1946  7 27     0.08568675
1946  7 28     0.08315589
1946  7 29     0.08070577
1946  7 30     0.07832465
1946  7 31     0.07601585
1946  8  1     0.07377513
1946  8  2     0.07160112
1946  8  3     0.06949135
1946  8  4     0.06743992
1946  8  5     0.06545177
1946  8  6     0.06352220
1946  8  7     0.06164946
1946  8  8     0.05983215
1946  8  9     0.05806845
1946  8 10     0.05635673
1946  8 11     0.05469548
1946  8 12     0.05308319
1946  8 13     0.05151843
1946  8 14     0.04999980
1946  8 15     0.04852593
1946  8 16     0.04709550
1946  8 17     0.04570724
1946  8 18     0.04435991
1946  8 19     0.04305229
1946  8 20     0.04178321
1946  8 21     0.04182742
1946  8 22     0.03949421
1946  8 23     0.03819607
1946  8 24     0.03707014
1946  8 25     0.03597741
1946  8 26     0.03491688
1946  8 27     0.03388762
1946  8 28     0.03288870
1946  8 29     0.03191922
1946  8 30     0.03097832
1946  8 31     0.03006516
1946  9  1     0.02917891
1946  9  2     0.02831879
1946  9  3     0.02748402
1946  9  4     0.02667386
1946  9  5     0.02588758
1946  9  6     0.02512448
1946  9  7     0.02438387
1946  9  8     0.02366510
1946  9  9     0.02296751
1946  9 10     0.02229048
1946  9 11     0.02163342
1946  9 12     0.02099572
1946  9 13     0.02037681
1946  9 14     0.01977616
1946  9 15     0.01919320
1946  9 16     0.01862744
1946  9 17     0.01807835
1946  9 18     0.01754544
1946  9 19     0.01702825
1946  9 20     0.01652630
1946  9 21     0.01603914
1946  9 22     0.01556635
1946  9 23     0.01510749
1946  9 24     0.01466216
1946  9 25     0.01422995
1946  9 26     0.01381049
1946  9 27     0.01340339
1946  9 28     0.01300829
1946  9 29     0.01262484
1946  9 30     0.01225269
1946 10  1     1.38432879
1946 10  2     0.22691170
1946 10  3     0.06167690
1946 10  4     0.02566726
1946 10  5     0.36305848
1946 10  6     0.05503875
1946 10  7     0.01003037
1946 10  8     0.00964442
1946 10  9     0.00936013
1946 10 10     0.00908422
1946 10 11     0.00881644
1946 10 12     0.00855655
1946 10 13     0.00830433
1946 10 14     0.00805953
1946 10 15     0.00782196
1946 10 16     0.79084219
1946 10 17     0.14055886
1946 10 18     0.01122568
1946 10 19     0.00696244
1946 10 20     0.00673509
1946 10 21     0.00653656
1946 10 22     0.00634388
1946 10 23     0.00615688
1946 10 24     0.00597539
1946 10 25     0.00579925
1946 10 26     0.00562830
1946 10 27     0.00546239
1946 10 28     0.00530137
1946 10 29     0.00514510
1946 10 30     0.00499344
1946 10 31     0.00484624
1946 11  1     0.00470339
1946 11  2     0.00456474
1946 11  3     0.00443019
1946 11  4     0.00429960
1946 11  5     0.00417285
1946 11  6     0.00404985
1946 11  7     0.00393047
1946 11  8     0.00381461
1946 11  9     0.00370216
1946 11 10     0.00359303
1946 11 11     0.00349490
1946 11 12     0.02029319
1946 11 13     0.17674874
1946 11 14     0.28036674
1946 11 15     0.10525737
1946 11 16     0.01188701
1946 11 17     0.00373675
1946 11 18     0.00434175
1946 11 19     1.05592052
1946 11 20     7.41280502
1946 11 21     1.62823824
1946 11 22     0.63304839
1946 11 23    24.43370964
1946 11 24    11.84281211
1946 11 25     5.16142677
1946 11 26     3.61922298
1946 11 27     2.78366560
1946 11 28     2.22076159
1946 11 29     1.84540080
1946 11 30     1.58820865
1946 12  1     1.40668677
1946 12  2     1.27384492
1946 12  3     1.17596087
1946 12  4     1.50216137
1946 12  5     2.61119905
1946 12  6    12.52126990
1946 12  7    10.85430544
1946 12  8     5.23633247
1946 12  9     3.74325534
1946 12 10     2.89485826
1946 12 11     2.31819633
1946 12 12     1.93878219
1946 12 13     1.68114879
1946 12 14     1.50053588
1946 12 15     1.37037330
1946 12 16     1.27215205
1946 12 17     1.19655249
1946 12 18     1.13333643
1946 12 19     1.08260536
1946 12 20     1.04216706
1946 12 21     1.00453813
1946 12 22     0.97578016
1946 12 23     0.94706594
1946 12 24     2.76939908
1946 12 25     4.30318221
1946 12 26     2.72818506
1946 12 27    16.34525982
1946 12 28     7.23377640
1946 12 29     4.35625296
1946 12 30     3.36454622
1946 12 31     2.69586222
1947  1  1     2.24743661
1947  1  2     1.94299637
1947  1  3     1.72957421
1947  1  4     1.57685975
1947  1  5     1.45927084
1947  1  6     1.36854009
1947  1  7     1.29526380
1947  1  8     1.23382283
1947  1  9     1.18065305
1947  1 10     1.13421932
1947  1 11     1.09108213
1947  1 12     1.05462192
1947  1 13     1.12706448
1947  1 14     0.99282141
1947  1 15     0.94721253
1947  1 16     0.91661681
1947  1 17     0.89037311
1947  1 18     0.86457612
1947  1 19     0.83554071
1947  1 20     0.80876115
1947  1 21     0.78162760
1947  1 22     0.75693585
1947  1 23     0.73329557
1947  1 24     0.71119024
1947  1 25     0.69039715
1947  1 26     0.66820158
1947  1 27     0.65334632
1947  1 28     1.47999595
1947  1 29     0.87619285
1947  1 30     0.75411265
1947  1 31     0.70344152
1947  2  1     0.65481142
1947  2  2     0.61662831
1947  2  3     0.58567878
1947  2  4     0.56253143
1947  2  5     0.54462985
1947  2  6     0.52919207
1947  2  7     0.52038959
1947  2  8     0.49810637
1947  2  9     1.08002843
1947  2 10     8.03218013
1947  2 11     3.22808695
1947  2 12     2.15900226
1947  2 13     1.71521555
1947  2 14     1.34531494
1947  2 15     1.10953683
1947  2 16     0.95615033
1947  2 17     7.20121944
1947  2 18     3.05280885
1947  2 19     2.15001287
1947  2 20     1.70858602
1947  2 21     1.40081503
1947  2 22     1.20980605
1947  2 23     1.08941052
1947  2 24     1.01726766
1947  2 25     0.95630217
1947  2 26     0.89169588
1947  2 27     2.07018832
1947  2 28     1.12809530
1947  3  1     1.05963720
1947  3  2    10.18633801
1947  3  3     4.87655334
1947  3  4     5.72487684
1947  3  5     3.28280560
1947  3  6     2.56857415
1947  3  7     2.09946119
1947  3  8     2.47228847
1947  3  9     1.73478199
1947  3 10     1.69813386
1947  3 11     1.98563486
1947  3 12     1.44487100
1947  3 13     1.40612047
1947  3 14     1.31049640
1947  3 15     1.23382241
1947  3 16     1.15067635
1947  3 17     1.08186715
1947  3 18     1.02770374
1947  3 19     0.97625079
1947  3 20     0.95050174
1947  3 21     0.92475424
1947  3 22     0.87690380
1947  3 23     2.50879739
1947  3 24     1.29351443
1947  3 25     1.20302705
1947  3 26     1.09708624
1947  3 27     0.98438559
1947  3 28     1.04627133
1947  3 29     0.83060277
1947  3 30     0.78056169
1947  3 31     0.71779735
1947  4  1     0.67948276
1947  4  2     0.64950230
1947  4  3    10.40657547
1947  4  4     4.69338667
1947  4  5     2.76895529
1947  4  6     2.20978722
1947  4  7     1.73637781
1947  4  8     1.44445303
1947  4  9     5.42910948
1947  4 10     2.58236703
1947  4 11     2.07054220
1947  4 12     1.77201028
1947  4 13     1.51271476
1947  4 14     1.26288125
1947  4 15     1.11916206
1947  4 16     1.01987181
1947  4 17     0.94549001
1947  4 18     0.88777859
1947  4 19     0.84055049
1947  4 20     0.80089438
1947  4 21     0.76710388
1947  4 22     0.73728823
1947  4 23     0.71139728
1947  4 24     0.68613880
1947  4 25     0.68891799
1947  4 26     0.73605648
1947  4 27     0.80803116
1947  4 28     0.75397094
1947  4 29     0.59489488
1947  4 30     0.55980140
1947  5  1     0.54087623
1947  5  2     0.52294539
1947  5  3     0.50594727
1947  5  4     0.49034466
1947  5  5     0.47487963
1947  5  6     0.46073364
1947  5  7     0.44712349
1947  5  8     0.45897848
1947  5  9     0.47569929
1947  5 10     0.42390383
1947  5 11     0.39663496
1947  5 12     0.38354822
1947  5 13     0.37190377
1947  5 14     0.36033053
1947  5 15     0.34906720
1947  5 16     0.33777675
1947  5 17     0.32718859
1947  5 18     0.31742051
1947  5 19     0.30798293
1947  5 20     0.29882522
1947  5 21     0.28997022
1947  5 22     0.28136871
1947  5 23     0.27305660
1947  5 24     0.26498636
1947  5 25     0.25713574
1947  5 26     0.24953573
1947  5 27     1.69629909
1947  5 28     0.61461547
1947  5 29     0.29710365
1947  5 30     0.27788711
1947  5 31     0.26462011
1947  6  1     0.25167521
1947  6  2     0.24113037
1947  6  3     0.23189468
1947  6  4     0.22352885
1947  6  5     0.21579546
1947  6  6     0.20854559
1947  6  7     0.20171834
1947  6  8     0.19527221
1947  6  9     0.18910654
1947  6 10     0.18316196
1947  6 11     0.17750346
1947  6 12     0.17200315
1947  6 13     0.16669950
1947  6 14     0.16161361
1947  6 15     0.15672489
1947  6 16     0.15200090
1947  6 17     0.14743208
1947  6 18     0.14301191
1947  6 19     0.13872918
1947  6 20     0.13458529
1947  6 21     0.13057191
1947  6 22     0.12668348
1947  6 23     0.12291534
1947  6 24     0.11926312
1947  6 25     0.11572273
1947  6 26     0.11229026
1947  6 27     0.10896202
1947  6 28     0.10573450
1947  6 29     0.10260435
1947  6 30     0.09956840
1947  7  1     0.09662357
1947  7  2     0.09376696
1947  7  3     0.09099576
1947  7  4     0.08830728
1947  7  5     0.08569893
1947  7  6     0.08316822
1947  7  7     0.08071276
1947  7  8     0.07833024
1947  7  9     0.07601842
1947  7 10     0.07377516
1947  7 11     0.07159837
1947  7 12     0.06948609
1947  7 13     0.06743625
1947  7 14     0.06544708
1947  7 15     0.06351674
1947  7 16     0.06164347
1947  7 17     0.05982555
1947  7 18     0.05806134
1947  7 19     0.05634973
1947  7 20     0.05468817
1947  7 21     0.05307641
1947  7 22     0.05151012
1947  7 23     0.04999198
1947  7 24     0.04851759
1947  7 25     0.04708708
1947  7 26     0.04569916
1947  7 27     0.04435211
1947  7 28     0.04304606
1947  7 29     0.04177555
1947  7 30     0.04054368
1947  7 31     0.03934791
1947  8  1     0.03818792
1947  8  2     0.03706224
1947  8  3     0.03596973
1947  8  4     0.03490944
1947  8  5     0.03388039
1947  8  6     0.03288168
1947  8  7     0.03191241
1947  8  8     0.12272451
1947  8  9     0.04660613
1947  8 10     0.02977397
1947  8 11     0.02831276
1947  8 12     0.02747816
1947  8 13     0.02666817
1947  8 14     0.02588206
1947  8 15     0.02511912
1947  8 16     0.02437867
1947  8 17     0.02366005
1947  8 18     0.02296261
1947  8 19     0.02228573
1947  8 20     0.02162880
1947  8 21     0.02099124
1947  8 22     0.02037247
1947  8 23     0.01977194
1947  8 24     0.01918911
1947  8 25     0.01862346
1947  8 26     0.01807449
1947  8 27     0.01754170
1947  8 28     0.01702461
1947  8 29     0.01652277
1947  8 30     0.01603572
1947  8 31     0.01556303
1947  9  1     0.01510427
1947  9  2     0.01465903
1947  9  3     0.01422692
1947  9  4     0.01380755
1947  9  5     0.01340053
1947  9  6     0.01300552
1947  9  7     0.01262215
1947  9  8     0.01225008
1947  9  9     0.01188898
1947  9 10     0.01153852
1947  9 11     0.01119839
1947  9 12     0.01086829
1947  9 13     0.01054792
1947  9 14     0.01023700
1947  9 15     0.00993523
1947  9 16     0.00964237
1947  9 17     0.02636541
1947  9 18     0.01245183
1947  9 19     0.00898276
1947  9 20     0.00855473
1947  9 21     0.00830255
1947  9 22     0.00805782
1947  9 23     0.00782029
1947  9 24     0.00758977
1947  9 25     0.00736604
1947  9 26     0.00714891
1947  9 27     0.00693818
1947  9 28     0.00673366
1947  9 29     0.00653516
1947  9 30     0.00634252
1947 10  1     0.00615556
1947 10  2     0.00597411
1947 10  3     0.00579801
1947 10  4     0.00562710
1947 10  5     0.00546123
1947 10  6     0.00530024
1947 10  7     0.00514400
1947 10  8     0.00499237
1947 10  9     0.00484521
1947 10 10     0.70893724
1947 10 11     1.60736254
1947 10 12     0.21200740
1947 10 13     0.10605591
1947 10 14     0.01633378
1947 10 15     0.00404927
1947 10 16     0.00392963
1947 10 17     0.02073066
1947 10 18     0.00574274
1947 10 19     0.00359231
1947 10 20     0.00348638
1947 10 21     0.08993058
1947 10 22     0.01384001
1947 10 23     0.00318731
1947 10 24     0.00309312
1947 10 25     0.00300194
1947 10 26     0.00291345
1947 10 27     0.00282757
1947 10 28     0.00274422
1947 10 29     0.28542594
1947 10 30     0.08616072
1947 10 31     0.00844149
1947 11  1     0.52350721
1947 11  2     0.72769228
1947 11  3     0.10382230
1947 11  4     0.00380963
1947 11  5     0.05883034
1947 11  6     0.00912507
1947 11  7     0.00203474
1947 11  8     0.00197928
1947 11  9     0.00191725
1947 11 10     0.00185991
1947 11 11     0.00180508
1947 11 12     0.00175187
1947 11 13     0.00170023
1947 11 14     0.00165012
1947 11 15     0.03936095
1947 11 16     0.01370210
1947 11 17     0.00290362
1947 11 18     0.00155895
1947 11 19     0.24242420
1947 11 20     0.03025543
1947 11 21     0.00133916
1947 11 22     0.00129885
1947 11 23     0.00126056
1947 11 24     0.00122340
1947 11 25     0.00135134
1947 11 26     0.00205312
1947 11 27     0.00222339
1947 11 28     0.00181262
1947 11 29     0.00118006
1947 11 30     0.00102718
1947 12  1     0.12524339
1947 12  2     0.02184311
1947 12  3     0.00164335
1947 12  4     0.53791630
1947 12  5     0.13475237
1947 12  6     0.03741439
1947 12  7     0.03869142
1947 12  8     0.26570094
1947 12  9     0.03940044
1947 12 10     0.00623315
1947 12 11     0.00574370
1947 12 12     0.00548773
1947 12 13     0.00608451
1947 12 14     0.00622621
1947 12 15     0.00593016
1947 12 16     0.00745525
1947 12 17     0.42211326
1947 12 18     0.09550692
1947 12 19     0.03603278
1947 12 20     0.02289015
1947 12 21     0.46351495
1947 12 22     0.10626726
1947 12 23     0.05305324
1947 12 24     0.05356541
1947 12 25     0.05325228
1947 12 26     0.05073528
1947 12 27     0.04909373
1947 12 28     0.04415423
1947 12 29     0.06675015
1947 12 30     0.04244778
1947 12 31     0.04019833
1948  1  1     0.04276172
1948  1  2     0.03464883
1948  1  3     0.03694514
1948  1  4     0.04224616
1948  1  5     0.03542894
1948  1  6     0.03529065
1948  1  7     0.03529763
1948  1  8     0.03277349
1948  1  9     0.03240900
1948  1 10     0.03134340
1948  1 11     0.02990765
1948  1 12     0.02992962
1948  1 13     0.02942929
1948  1 14     0.02848484
1948  1 15     0.02778953
1948  1 16     0.02788943
1948  1 17     0.02734583
1948  1 18     0.02573184
1948  1 19     0.02499156
1948  1 20     0.02424445
1948  1 21     0.02436822
1948  1 22     0.02553251
1948  1 23     0.02852984
1948  1 24     0.02877485
1948  1 25     0.02780862
1948  1 26     0.02520667
1948  1 27     0.02419945
1948  1 28     0.02352166
1948  1 29     0.02268401
1948  1 30     0.02186207
1948  1 31     0.02197327
1948  2  1     0.02051107
1948  2  2     0.03562857
1948  2  3     0.02126968
1948  2  4     0.01878801
1948  2  5     1.51242956
1948  2  6     1.92391816
1948  2  7     0.60414052
1948  2  8     0.23970934
1948  2  9     0.17405499
1948  2 10     3.22676118
1948  2 11     0.86018673
1948  2 12     0.44460245
1948  2 13     0.38353887
1948  2 14     0.45084053
1948  2 15     0.42861652
1948  2 16     0.46367513
1948  2 17     0.41285461
1948  2 18     0.37058520
1948  2 19     0.27973100
1948  2 20     0.24309950
1948  2 21     0.22076578
1948  2 22     1.41016430
1948  2 23     1.03446880
1948  2 24     0.43519745
1948  2 25     0.38029896
1948  2 26     0.34861124
1948  2 27     0.30038554
1948  2 28     2.54940082
1948  2 29     0.91545412
1948  3  1     0.62400325
1948  3  2     0.51199729
1948  3  3     0.42010454
1948  3  4     0.36797034
1948  3  5     0.34625639
1948  3  6     0.31701525
1948  3  7     0.29817643
1948  3  8     0.34752910
1948  3  9     1.84484807
1948  3 10     0.75782226
1948  3 11     0.62381073
1948  3 12     0.57064791
1948  3 13     0.59486472
1948  3 14     9.27929814
1948  3 15     8.32399632
1948  3 16     7.10762163
1948  3 17     9.35863579
1948  3 18     4.34344071
1948  3 19     6.64808689
1948  3 20     4.76718945
1948  3 21     2.95144827
1948  3 22     2.37930262
1948  3 23     2.07291488
1948  3 24    11.12745390
1948  3 25     6.32287833
1948  3 26     4.17089496
1948  3 27     3.89430711
1948  3 28     2.94302257
1948  3 29     4.52441692
1948  3 30     5.64854458
1948  3 31     3.39083681
1948  4  1     2.84414979
1948  4  2     4.35841993
1948  4  3    15.56081503
1948  4  4     7.12047407
1948  4  5     5.16605695
1948  4  6     9.16997477
1948  4  7     5.04661545
1948  4  8     5.90540254
1948  4  9     4.53722997
1948  4 10    37.74405282
1948  4 11    25.27922574
1948  4 12    12.75447990
1948  4 13     8.57816608
1948  4 14     7.12161761
1948  4 15     6.21359337
1948  4 16     5.52135283
1948  4 17     4.94177065
1948  4 18     4.28144250
1948  4 19     4.00864443
1948  4 20     3.84837789
1948  4 21     3.64041037
1948  4 22     3.46708311
1948  4 23     3.73838766
1948  4 24     3.14289290
1948  4 25     2.99411472
1948  4 26     2.86816411
1948  4 27     2.83466407
1948  4 28     2.89782842
1948  4 29     6.29350339
1948  4 30     5.52001452
1948  5  1     3.65479290
1948  5  2     3.19235813
1948  5  3     2.96319974
1948  5  4     2.81955128
1948  5  5     2.76480983
1948  5  6     2.69107984
1948  5  7     2.52658563
1948  5  8     2.22525564
1948  5  9     2.07799514
1948  5 10     2.03379424
1948  5 11     2.01025030
1948  5 12     2.01137075
1948  5 13     1.97477025
1948  5 14     1.92805924
1948  5 15     1.89879305
1948  5 16     1.88582516
1948  5 17     1.88053055
1948  5 18     2.70072162
1948  5 19     5.39332582
1948  5 20     2.84774567
1948  5 21     2.34416681
1948  5 22     2.12556454
1948  5 23     1.99695938
1948  5 24     1.91150420
1948  5 25     1.75963857
1948  5 26     1.59398531
1948  5 27     1.46935781
1948  5 28     1.43535792
1948  5 29     1.30409709
1948  5 30     1.52711824
1948  5 31     1.79124741
1948  6  1     1.33462011
1948  6  2     1.25621704
1948  6  3     1.18840921
1948  6  4     1.12436859
1948  6  5     1.07083889
1948  6  6     1.02494712
1948  6  7     0.98994435
1948  6  8     0.95111594
1948  6  9     0.91643748
1948  6 10     0.88601778
1948  6 11     0.85710161
1948  6 12     0.82919646
1948  6 13     0.80315328
1948  6 14     0.77831949
1948  6 15     0.75437672
1948  6 16     0.73088311
1948  6 17     0.70818834
1948  6 18     0.68641771
1948  6 19     0.66605777
1948  6 20     0.64524471
1948  6 21     0.62534724
1948  6 22     0.60602118
1948  6 23     0.58660400
1948  6 24     0.56856135
1948  6 25     0.55138316
1948  6 26     0.53492903
1948  6 27     0.51860752
1948  6 28     0.50312628
1948  6 29     0.48820947
1948  6 30     0.47374121
1948  7  1     0.45973152
1948  7  2     0.44619377
1948  7  3     0.43304045
1948  7  4     0.42028787
1948  7  5     0.40837027
1948  7  6     0.39588194
1948  7  7     0.38413517
1948  7  8     0.37278642
1948  7  9     0.36175273
1948  7 10     0.35105538
1948  7 11     0.34067685
1948  7 12     0.33062609
1948  7 13     0.32084732
1948  7 14     0.31135360
1948  7 15     0.30216794
1948  7 16     0.29325691
1948  7 17     0.28460912
1948  7 18     0.27621732
1948  7 19     0.26807207
1948  7 20     0.26016876
1948  7 21     0.25249723
1948  7 22     0.24505234
1948  7 23     0.23782748
1948  7 24     0.23081582
1948  7 25     0.22401204
1948  7 26     0.21740752
1948  7 27     0.21099949
1948  7 28     0.20477849
1948  7 29     0.19874218
1948  7 30     0.19288198
1948  7 31     0.18719556
1948  8  1     0.18167774
1948  8  2     0.17632272
1948  8  3     0.17112352
1948  8  4     0.16607832
1948  8  5     0.16118260
1948  8  6     0.15643131
1948  8  7     0.15182007
1948  8  8     0.14734476
1948  8  9     0.14300138
1948  8 10     0.13878604
1948  8 11     0.13469496
1948  8 12     0.13072478
1948  8 13     0.12687122
1948  8 14     0.12313113
1948  8 15     0.11950150
1948  8 16     0.11597889
1948  8 17     0.11256012
1948  8 18     0.10924213
1948  8 19     0.10602194
1948  8 20     0.10289668
1948  8 21     0.09986354
1948  8 22     0.09691981
1948  8 23     0.09406285
1948  8 24     0.09129012
1948  8 25     0.08859911
1948  8 26     0.08598743
1948  8 27     0.08345273
1948  8 28     0.08099275
1948  8 29     0.07860529
1948  8 30     0.07628820
1948  8 31     0.07403941
1948  9  1     0.07185692
1948  9  2     0.06973875
1948  9  3     0.06768303
1948  9  4     0.06568790
1948  9  5     0.06375158
1948  9  6     0.06187235
1948  9  7     0.06004850
1948  9  8     0.05827842
1948  9  9     0.05656052
1948  9 10     0.05489326
1948  9 11     0.05327514
1948  9 12     0.05170472
1948  9 13     0.05018059
1948  9 14     0.04870139
1948  9 15     0.04726580
1948  9 16     0.04587252
1948  9 17     0.04452031
1948  9 18     0.04320796
1948  9 19     0.04193430
1948  9 20     0.04069818
1948  9 21     0.03949850
1948  9 22     0.03833418
1948  9 23     0.03720419
1948  9 24     0.03610750
1948  9 25     0.03504314
1948  9 26     0.03401016
1948  9 27     0.03300762
1948  9 28     0.03203464
1948  9 29     0.03109034
1948  9 30     0.03017387
1948 10  1     0.02928442
1948 10  2     0.02842119
1948 10  3     0.02758340
1948 10  4     0.02677031
1948 10  5     0.02598119
1948 10  6     0.02521533
1948 10  7     0.02447204
1948 10  8     0.02375067
1948 10  9     0.02305056
1948 10 10     0.02237109
1948 10 11     0.02841031
1948 10 12     0.05328630
1948 10 13     0.05236360
1948 10 14     0.02341220
1948 10 15     0.01926269
1948 10 16     0.01869479
1948 10 17     0.01814372
1948 10 18     0.01760889
1948 10 19     0.01708982
1948 10 20     0.01658605
1948 10 21     0.01609714
1948 10 22     0.01562263
1948 10 23     0.01516212
1948 10 24     0.01471518
1948 10 25     0.01428141
1948 10 26     0.01386043
1948 10 27     0.01345186
1948 10 28     0.01305533
1948 10 29     0.01267049
1948 10 30     0.02263821
1948 10 31     0.01320225
1948 11  1     0.01158274
1948 11  2     0.01124128
1948 11  3     0.01138139
1948 11  4     0.01155004
1948 11  5     0.01039496
1948 11  6     0.00997329
1948 11  7     0.00967930
1948 11  8     0.00939398
1948 11  9     0.00911707
1948 11 10     0.00884832
1948 11 11     0.00858749
1948 11 12     0.00833435
1948 11 13     0.00808868
1948 11 14     0.00785024
1948 11 15     0.00761884
1948 11 16     0.00739425
1948 11 17     0.00717629
1948 11 18     0.00696475
1948 11 19     0.00675945
1948 11 20     0.00656019
1948 11 21     0.00636682
1948 11 22     0.00617914
1948 11 23     0.00599699
1948 11 24     0.00582022
1948 11 25     0.00564865
1948 11 26     0.10824623
1948 11 27     0.01809982
1948 11 28     0.00519168
1948 11 29     0.00501149
1948 11 30     0.00486377
1948 12  1     0.00472040
1948 12  2     0.00458125
1948 12  3     0.28005071
1948 12  4     0.33098958
1948 12  5     0.04053129
1948 12  6     0.06789014
1948 12  7     0.01806992
1948 12  8     0.01237738
1948 12  9     0.01796964
1948 12 10     0.01184709
1948 12 11     0.01005935
1948 12 12     0.01665316
1948 12 13     0.07580025
1948 12 14     0.81429783
1948 12 15     0.11092801
1948 12 16     0.01640410
1948 12 17     0.52413941
1948 12 18     0.07193885
1948 12 19     0.00691605
1948 12 20     0.00971333
1948 12 21     0.00614354
1948 12 22     0.00344675
1948 12 23     0.00451024
1948 12 24     0.00452711
1948 12 25     0.00369091
1948 12 26     0.11760468
1948 12 27     1.29569379
1948 12 28     0.21768993
1948 12 29     0.03608579
1948 12 30     0.01073593
1948 12 31     0.01108808
1949  1  1     0.06608347
1949  1  2     0.58135521
1949  1  3     0.07546072
1949  1  4     0.00985592
1949  1  5     0.00377805
1949  1  6     0.01389094
1949  1  7     0.02204772
1949  1  8     0.01206314
1949  1  9     0.00430065
1949  1 10     0.00372463
1949  1 11     0.00348977
1949  1 12     0.00323299
1949  1 13     0.01373040
1949  1 14     0.01497944
1949  1 15     0.00960476
1949  1 16     0.00331916
1949  1 17     0.00323125
1949  1 18     0.01481376
1949  1 19     1.57831512
1949  1 20     5.01456210
1949  1 21     0.99289872
1949  1 22     2.34279659
1949  1 23     1.43685734
1949  1 24     0.56225906
1949  1 25     0.40113053
1949  1 26     0.31426581
1949  1 27     0.26087393
1949  1 28     0.22986702
1949  1 29     0.21104815
1949  1 30     0.19613419
1949  1 31     0.18118490
1949  2  1     0.17033110
1949  2  2     0.32415456
1949  2  3     0.51367243
1949  2  4     0.21398602
1949  2  5     3.63967946
1949  2  6     0.97886541
1949  2  7     9.00407076
1949  2  8     3.03888912
1949  2  9     1.76653582
1949  2 10     1.46369839
1949  2 11     4.86998346
1949  2 12     2.12096546
1949  2 13     1.46386844
1949  2 14     1.08139372
1949  2 15     0.82742076
1949  2 16     0.79077703
1949  2 17     0.86943206
1949  2 18     0.86162835
1949  2 19     1.02214011
1949  2 20     0.89248021
1949  2 21     0.85905503
1949  2 22     0.90770052
1949  2 23     0.86058010
1949  2 24     2.00128054
1949  2 25     1.35380432
1949  2 26     2.44509492
1949  2 27     3.85917386
1949  2 28     1.99446024
1949  3  1     1.43787625
1949  3  2     2.38606171
1949  3  3     1.51478019
1949  3  4     3.78468729
1949  3  5     2.97857127
1949  3  6     1.75522185
1949  3  7     6.21470701
1949  3  8     4.67430567
1949  3  9     2.59961607
1949  3 10     3.03653588
1949  3 11     7.39216616
1949  3 12     3.45659759
1949  3 13     2.56861285
1949  3 14     2.20026909
1949  3 15     1.95951969
1949  3 16     1.74729593
1949  3 17     1.56019484
1949  3 18     1.43869938
1949  3 19     5.40298143
1949  3 20     5.78695201
1949  3 21     3.08568257
1949  3 22     8.03140226
1949  3 23     9.42078959
1949  3 24     4.82600466
1949  3 25     3.46510813
1949  3 26     2.83783134
1949  3 27     2.48221101
1949  3 28     2.74392640
1949  3 29     2.07898688
1949  3 30     2.35484744
1949  3 31     1.87817878
1949  4  1     1.84012982
1949  4  2     1.83998740
1949  4  3     1.77926958
1949  4  4     1.79431428
1949  4  5     1.89131835
1949  4  6     1.94912314
1949  4  7     1.93651804
1949  4  8     1.81036963
1949  4  9     1.82257094
1949  4 10     2.07484160
1949  4 11     2.24465945
1949  4 12     2.29499735
1949  4 13     2.33481399
1949  4 14     2.31963417
1949  4 15     2.17266495
1949  4 16     2.13565369
1949  4 17     2.25054978
1949  4 18     2.05392317
1949  4 19     1.94018080
1949  4 20     1.97261617
1949  4 21     2.06893964
1949  4 22     2.14663366
1949  4 23     2.19032870
1949  4 24     2.04158540
1949  4 25     1.92517346
1949  4 26     1.79398516
1949  4 27     1.77515488
1949  4 28     1.75543628
1949  4 29     1.57526881
1949  4 30     1.43839722
1949  5  1     1.48629826
1949  5  2     1.48140994
1949  5  3     1.40903463
1949  5  4     1.30458989
1949  5  5     1.32377615
1949  5  6     1.36534367
1949  5  7     1.35281440
1949  5  8     1.28132831
1949  5  9     1.23485689
1949  5 10     1.17988322
1949  5 11     1.19618794
1949  5 12     1.26030493
1949  5 13     1.23068135
1949  5 14     1.79208002
1949  5 15     2.61119968
1949  5 16     1.63773184
1949  5 17     1.54278853
1949  5 18     1.53419843
1949  5 19     3.62036872
1949  5 20     1.92645918
1949  5 21     1.58961403
1949  5 22     1.38264454
1949  5 23     1.20256020
1949  5 24     1.08155398
1949  5 25     0.99405688
1949  5 26     0.92749792
1949  5 27     0.87549940
1949  5 28     0.83342427
1949  5 29     0.80326755
1949  5 30     0.78850592
1949  5 31     0.73984795
1949  6  1     0.71016027
1949  6  2     0.68472360
1949  6  3     0.66089118
1949  6  4     0.63806051
1949  6  5     0.61667338
1949  6  6     0.59671362
1949  6  7     0.57763777
1949  6  8     0.55921578
1949  6  9     0.54139590
1949  6 10     0.52445701
1949  6 11     0.50839626
1949  6 12     0.49298861
1949  6 13     0.47808534
1949  6 14     0.46366304
1949  6 15     0.44976661
1949  6 16     0.43632231
1949  6 17     0.42330335
1949  6 18     0.41074035
1949  6 19     0.39860417
1949  6 20     0.38673068
1949  6 21     0.37515902
1949  6 22     0.36401424
1949  6 23     0.35322176
1949  6 24     0.34275676
1949  6 25     0.33260783
1949  6 26     0.32276457
1949  6 27     0.31321703
1949  6 28     0.30395677
1949  6 29     0.29497147
1949  6 30     0.28625593
1949  7  1     0.27779942
1949  7  2     0.26959522
1949  7  3     0.26163531
1949  7  4     0.25391154
1949  7  5     0.24641724
1949  7  6     0.23914525
1949  7  7     0.23208879
1949  7  8     0.22524136
1949  7  9     0.21859664
1949  7 10     0.21214852
1949  7 11     0.20589145
1949  7 12     0.19981871
1949  7 13     0.19392573
1949  7 14     0.18820690
1949  7 15     0.18265700
1949  7 16     0.17727098
1949  7 17     0.17204398
1949  7 18     0.16697127
1949  7 19     0.16204852
1949  7 20     0.15727064
1949  7 21     0.15263378
1949  7 22     0.14813551
1949  7 23     0.14376800
1949  7 24     0.13952991
1949  7 25     0.13541678
1949  7 26     0.13142404
1949  7 27     0.12754764
1949  7 28     0.12379003
1949  7 29     0.12013838
1949  7 30     0.11659694
1949  7 31     0.11315944
1949  8  1     0.10982366
1949  8  2     0.10658631
1949  8  3     0.10344439
1949  8  4     0.10039541
1949  8  5     0.09743591
1949  8  6     0.09456347
1949  8  7     0.09177593
1949  8  8     0.08907061
1949  8  9     0.08644503
1949  8 10     0.08389684
1949  8 11     0.08142377
1949  8 12     0.07902360
1949  8 13     0.07669418
1949  8 14     0.07443343
1949  8 15     0.07223932
1949  8 16     0.07010988
1949  8 17     0.06804322
1949  8 18     0.06603747
1949  8 19     0.06409085
1949  8 20     0.06220161
1949  8 21     0.06036806
1949  8 22     0.13360423
1949  8 23     0.06611822
1949  8 24     0.05518560
1949  8 25     0.05355865
1949  8 26     0.05197988
1949  8 27     0.05044764
1949  8 28     0.04896057
1949  8 29     0.04751733
1949  8 30     0.04611664
1949  8 31     0.04475724
1949  9  1     0.04343790
1949  9  2     0.04215746
1949  9  3     0.04091477
1949  9  4     0.03970870
1949  9  5     0.03853819
1949  9  6     0.03740218
1949  9  7     0.03629965
1949  9  8     0.03522963
1949  9  9     0.03419115
1949  9 10     0.03318328
1949  9 11     0.03220512
1949  9 12     0.03125579
1949  9 13     0.03033445
1949  9 14     0.02944026
1949  9 15     0.02857244
1949  9 16     0.02773019
1949  9 17     0.02691278
1949  9 18     0.02611945
1949  9 19     0.02534952
1949  9 20     0.02460228
1949  9 21     0.02387706
1949  9 22     0.02317323
1949  9 23     0.02249014
1949  9 24     0.02182718
1949  9 25     0.02118377
1949  9 26     0.02055933
1949  9 27     0.01995329
1949  9 28     0.01936512
1949  9 29     0.01879428
1949  9 30     0.01824027
1949 10  1     0.01770259
1949 10  2     0.01718077
1949 10  3     0.01667432
1949 10  4     0.01618280
1949 10  5     0.01570577
1949 10  6     0.01524281
1949 10  7     0.01479349
1949 10  8     0.01435741
1949 10  9     0.01393419
1949 10 10     0.01352345
1949 10 11     0.01312481
1949 10 12     0.01273792
1949 10 13     0.01236244
1949 10 14     0.01199802
1949 10 15     0.01164435
1949 10 16     0.01130111
1949 10 17     0.01096798
1949 10 18     0.01248156
1949 10 19     0.03339863
1949 10 20     0.01270183
1949 10 21     0.00973087
1949 10 22     0.00944397
1949 10 23     0.00916558
1949 10 24     0.00889541
1949 10 25     0.00863319
1949 10 26     0.00837871
1949 10 27     0.00813172
1949 10 28     0.00789202
1949 10 29     0.00765938
1949 10 30     0.00743360
1949 10 31     0.00721448
1949 11  1     0.00700181
1949 11  2     0.00679542
1949 11  3     0.00659511
1949 11  4     0.00640070
1949 11  5     0.00621202
1949 11  6     0.00602891
1949 11  7     0.00585119
1949 11  8     0.06568873
1949 11  9     0.60131648
1949 11 10     4.80706511
1949 11 11     0.74187582
1949 11 12     0.09606968
1949 11 13     0.04737518
1949 11 14     0.02938994
1949 11 15     0.02588402
1949 11 16     0.02453601
1949 11 17     0.02337310
1949 11 18     0.02231318
1949 11 19     0.02134086
1949 11 20     0.02044444
1949 11 21     0.01961360
1949 11 22     0.01884056
1949 11 23     0.01811884
1949 11 24     0.01744158
1949 11 25     0.01680481
1949 11 26     0.01620566
1949 11 27     0.01563880
1949 11 28     0.01510128
1949 11 29     0.01458997
1949 11 30     0.01410364
1949 12  1     0.01363983
1949 12  2     0.01319673
1949 12  3     0.01280217
1949 12  4     0.01237084
1949 12  5     0.01197619
1949 12  6     0.01160138
1949 12  7     0.05823129
1949 12  8     0.29718660
1949 12  9     0.08442361
1949 12 10     0.30271138
1949 12 11     0.05138736
1949 12 12     0.01054929
1949 12 13     0.00990533
1949 12 14     0.00959037
1949 12 15     0.11196020
1949 12 16     0.02436062
1949 12 17     0.78842297
1949 12 18     0.74814276
1949 12 19     3.66320299
1949 12 20     0.74738809
1949 12 21     0.30793982
1949 12 22     0.24867739
1949 12 23     0.22013466
1949 12 24     0.19095746
1949 12 25     0.17825165
1949 12 26     0.16431520
1949 12 27     0.15269369
1949 12 28     0.14317865
1949 12 29     0.13636871
1949 12 30     0.12933164
1949 12 31     0.12861259
1950  1  1     0.12783262
1950  1  2     0.85814283
1950  1  3     0.25519236
1950  1  4     0.18129836
1950  1  5     0.15836684
1950  1  6     0.14348479
1950  1  7     0.13273605
1950  1  8     2.17529840
1950  1  9     1.47930480
1950  1 10     0.51731019
1950  1 11     2.93102278
1950  1 12     2.72214884
1950  1 13     0.99113693
1950  1 14     5.77703949
1950  1 15     2.11073055
1950  1 16     1.31699683
1950  1 17     5.55793256
1950  1 18     2.36570711
1950  1 19     1.58894172
1950  1 20     1.26296235
1950  1 21     1.05844681
1950  1 22     0.89875613
1950  1 23     0.83004719
1950  1 24     3.57356220
1950  1 25     1.57000902
1950  1 26     1.16169516
1950  1 27     1.03377378
1950  1 28     9.00742323
1950  1 29     4.88462386
1950  1 30     3.31208054
1950  1 31     2.17596624
1950  2  1     1.66306328
1950  2  2     1.29363163
1950  2  3     1.11298190
1950  2  4     6.61783593
1950  2  5    14.99774597
1950  2  6    25.15002194
1950  2  7    11.18968669
1950  2  8     6.62772686
1950  2  9     4.99038070
1950  2 10    10.02182065
1950  2 11     9.08065432
1950  2 12     5.23056017
1950  2 13     4.14478325
1950  2 14     3.52140692
1950  2 15     3.15017142
1950  2 16     2.84323557
1950  2 17     2.59027421
1950  2 18     2.53834631
1950  2 19     2.46426348
1950  2 20     2.31677933
1950  2 21     2.16565463
1950  2 22     2.14396660
1950  2 23     2.06405262
1950  2 24     2.02742135
1950  2 25     2.02812641
1950  2 26     2.01730312
1950  2 27     1.96898583
1950  2 28     1.87305277
1950  3  1     1.84749832
1950  3  2     1.88141048
1950  3  3     1.77732828
1950  3  4     1.79951856
1950  3  5     1.82572140
1950  3  6     1.69402204
1950  3  7     1.63860879
1950  3  8     1.60165804
1950  3  9     1.53210427
1950  3 10     1.44630432
1950  3 11     1.46825383
1950  3 12     1.32786510
1950  3 13     1.26961193
1950  3 14     1.26559133
1950  3 15     1.24283645
1950  3 16     1.25744682
1950  3 17     1.42441998
1950  3 18     1.29415992
1950  3 19     1.26214588
1950  3 20     1.33491533
1950  3 21     1.33615213
1950  3 22     1.75882728
1950  3 23     1.37093954
1950  3 24    14.17013151
1950  3 25    10.29515990
1950  3 26     6.07430929
1950  3 27     4.08597659
1950  3 28     3.41087361
1950  3 29     3.22970471
1950  3 30     2.87389910
1950  3 31     2.51765653
1950  4  1     2.25308844
1950  4  2     2.15501844
1950  4  3     2.04441404
1950  4  4     1.97624446
1950  4  5     1.92434547
1950  4  6     1.80338831
1950  4  7     1.80114158
1950  4  8     7.33180698
1950  4  9    16.26937710
1950  4 10     6.95574422
1950  4 11     4.84271372
1950  4 12     3.98898952
1950  4 13     3.53210016
1950  4 14     2.83494141
1950  4 15     2.61875572
1950  4 16     2.70206720
1950  4 17     2.44837442
1950  4 18     2.26956244
1950  4 19     2.24815698
1950  4 20     2.19872119
1950  4 21     2.05578087
1950  4 22     1.90731185
1950  4 23     1.78260036
1950  4 24     1.67446008
1950  4 25     1.64119291
1950  4 26     1.62510707
1950  4 27     1.57228478
1950  4 28     1.46962621
1950  4 29     1.42909999
1950  4 30     1.38886351
1950  5  1     1.29257601
1950  5  2     1.25232980
1950  5  3     3.18400600
1950  5  4     1.70557488
1950  5  5     1.43420475
1950  5  6     1.32040479
1950  5  7     1.20919935
1950  5  8     1.15458733
1950  5  9     1.20940431
1950  5 10     1.18920122
1950  5 11     1.07903230
1950  5 12     1.04199031
1950  5 13     1.03694786
1950  5 14     0.95100030
1950  5 15     0.89938939
1950  5 16     0.86267705
1950  5 17     0.83292062
1950  5 18     0.80594602
1950  5 19     0.77912125
1950  5 20     0.75298472
1950  5 21     0.72776440
1950  5 22     0.70405235
1950  5 23     0.68925946
1950  5 24     0.66406897
1950  5 25     0.64218008
1950  5 26     0.62156784
1950  5 27     0.60106644
1950  5 28     0.58323810
1950  5 29     0.56476392
1950  5 30     0.54651222
1950  5 31     0.53000795
1950  6  1     0.51415217
1950  6  2     0.49886533
1950  6  3     0.48404553
1950  6  4     0.46963254
1950  6  5     0.45566511
1950  6  6     0.44215219
1950  6  7     0.43106946
1950  6  8     0.41833225
1950  6  9     0.40461201
1950  6 10     0.39215617
1950  6 11     0.38054455
1950  6 12     0.36946085
1950  6 13     0.35838953
1950  6 14     0.34776881
1950  6 15     0.33746683
1950  6 16     0.32749556
1950  6 17     0.31782682
1950  6 18     0.30840407
1950  6 19     0.29925082
1950  6 20     0.29041582
1950  6 21     0.28184682
1950  6 22     0.27353093
1950  6 23     0.26546312
1950  6 24     0.25764645
1950  6 25     0.25003497
1950  6 26     0.24265897
1950  6 27     0.23550282
1950  6 28     0.22855810
1950  6 29     0.22181848
1950  6 30     0.21527786
1950  7  1     0.20893076
1950  7  2     0.20277356
1950  7  3     0.19679164
1950  7  4     0.19098925
1950  7  5     0.18535971
1950  7  6     0.17989593
1950  7  7     0.17459129
1950  7  8     0.16944329
1950  7  9     0.17018106
1950  7 10     0.19559663
1950  7 11     0.15884253
1950  7 12     0.15032858
1950  7 13     0.14589696
1950  7 14     0.14159677
1950  7 15     0.13742268
1950  7 16     0.13337106
1950  7 17     0.12943990
1950  7 18     0.12562382
1950  7 19     0.12192061
1950  7 20     0.11832666
1950  7 21     0.11483865
1950  7 22     0.11145347
1950  7 23     0.10816808
1950  7 24     0.10497953
1950  7 25     0.10188530
1950  7 26     0.09888166
1950  7 27     0.09596680
1950  7 28     0.09313812
1950  7 29     0.09039246
1950  7 30     0.08772788
1950  7 31     0.08514188
1950  8  1     0.16430534
1950  8  2     0.09098044
1950  8  3     0.07793359
1950  8  4     0.07553803
1950  8  5     0.07331135
1950  8  6     0.07115032
1950  8  7     0.06905298
1950  8  8     0.06701747
1950  8  9     0.06504196
1950  8 10     0.06312469
1950  8 11     0.06126393
1950  8 12     0.05945802
1950  8 13     0.05770535
1950  8 14     0.05600434
1950  8 15     0.05435347
1950  8 16     0.05275126
1950  8 17     0.05119629
1950  8 18     0.04968715
1950  8 19     0.04822249
1950  8 20     0.04680102
1950  8 21     0.04542144
1950  8 22     0.04408253
1950  8 23     0.04278308
1950  8 24     0.04152194
1950  8 25     0.04029798
1950  8 26     0.03911010
1950  8 27     0.03795723
1950  8 28     0.03683834
1950  8 29     0.03575244
1950  8 30     0.03469855
1950  8 31     0.03367572
1950  9  1     0.03268304
1950  9  2     0.03171963
1950  9  3     0.03078461
1950  9  4     0.02987716
1950  9  5     0.03599901
1950  9  6     0.02902875
1950  9  7     0.05513490
1950  9  8     0.02989640
1950  9  9     0.02572579
1950  9 10     0.02496738
1950  9 11     0.02423140
1950  9 12     0.02351712
1950  9 13     0.02282389
1950  9 14     0.02215110
1950  9 15     0.02149814
1950  9 16     0.02086443
1950  9 17     0.50484194
1950  9 18     0.10918883
1950  9 19     0.02134477
1950  9 20     0.01851113
1950  9 21     0.01796530
1950  9 22     0.01743573
1950  9 23     0.01692177
1950  9 24     0.01642296
1950  9 25     0.01593885
1950  9 26     0.01546901
1950  9 27     0.01501302
1950  9 28     0.01457048
1950  9 29     0.01414098
1950  9 30     0.01372413
1950 10  1     0.01331958
1950 10  2     0.01292695
1950 10  3     0.01254590
1950 10  4     0.01217608
1950 10  5     0.01181716
1950 10  6     0.01146882
1950 10  7     0.01113074
1950 10  8     0.01080264
1950 10  9     0.01048420
1950 10 10     0.01017515
1950 10 11     0.00987522
1950 10 12     0.00958412
1950 10 13     0.00930160
1950 10 14     0.00902741
1950 10 15     0.00876131
1950 10 16     0.00850305
1950 10 17     0.00825240
1950 10 18     0.00800914
1950 10 19     0.00777305
1950 10 20     0.00754392
1950 10 21     0.00732154
1950 10 22     0.00710572
1950 10 23     0.02605773
1950 10 24     0.00902446
1950 10 25     0.00649574
1950 10 26     0.26929998
1950 10 27     1.64197132
1950 10 28     0.21947540
1950 10 29     0.00664958
1950 10 30     0.26588898
1950 10 31     0.23200180
1950 11  1     0.03682964
1950 11  2     0.00561170
1950 11  3     0.00496222
1950 11  4     0.00481594
1950 11  5     0.00467398
1950 11  6     0.00453620
1950 11  7     0.00440248
1950 11  8     0.00427271
1950 11  9     0.00414676
1950 11 10     0.00402453
1950 11 11     0.00390589
1950 11 12     0.00379076
1950 11 13     0.81955034
1950 11 14     1.80880020
1950 11 15     0.32445430
1950 11 16     0.04147909
1950 11 17     0.01325909
1950 11 18    25.71758263
1950 11 19    85.46051023
1950 11 20    41.49969148
1950 11 21    19.41468142
1950 11 22    12.55253366
1950 11 23     9.30082171
1950 11 24     7.23533921
1950 11 25     5.86645471
1950 11 26     4.94239521
1950 11 27     4.30155026
1950 11 28     3.84159155
1950 11 29     3.50239304
1950 11 30     6.28415513
1950 12  1     5.84443872
1950 12  2     4.07814205
1950 12  3    25.88086160
1950 12  4    38.96129284
1950 12  5    18.00045881
1950 12  6    10.49932119
1950 12  7     8.64006206
1950 12  8     6.67159626
1950 12  9     5.69676822
1950 12 10     4.96988173
1950 12 11     4.44153040
1950 12 12     4.05619417
1950 12 13     3.76425555
1950 12 14     8.08659311
1950 12 15     5.01077225
1950 12 16     4.20640493
1950 12 17     3.78717843
1950 12 18     3.47075368
1950 12 19     3.23280988
1950 12 20     3.04692943
1950 12 21     2.89520835
1950 12 22     2.76745014
1950 12 23     2.65442427
1950 12 24     2.55513082
1950 12 25     2.46365721
1950 12 26     2.37856445
1950 12 27     2.29971212
1950 12 28     2.22537549
1950 12 29     2.15245603
1950 12 30     2.15576868
1950 12 31     2.31259694
1951  1  1     1.99102793
1951  1  2     1.91559523
1951  1  3     1.85505028
1951  1  4     1.79874244
1951  1  5     1.73953557
1951  1  6     1.68878975
1951  1  7     1.63811843
1951  1  8     1.58620389
1951  1  9     1.53581939
1951  1 10     4.78546867
1951  1 11     8.51781553
1951  1 12     6.41231653
1951  1 13     3.80406246
1951  1 14     3.08236309
1951  1 15     2.57030966
1951  1 16     4.96707708
1951  1 17     3.16634427
1951  1 18     7.51919573
1951  1 19    15.02782293
1951  1 20     6.83801651
1951  1 21     4.76130626
1951  1 22     3.84337566
1951  1 23     3.22382906
1951  1 24     2.82828446
1951  1 25     2.54422298
1951  1 26     2.33462531
1951  1 27     2.16631960
1951  1 28     2.02176144
1951  1 29     2.34500621
1951  1 30     2.75370195
1951  1 31     2.03604664
1951  2  1     1.98204539
1951  2  2     1.83912361
1951  2  3     1.72497710
1951  2  4     1.64849951
1951  2  5     1.93422900
1951  2  6     2.08642540
1951  2  7     1.69362970
1951  2  8     1.65082955
1951  2  9     1.57086541
1951  2 10     1.49534040
1951  2 11     2.62616160
1951  2 12     9.38818788
1951  2 13     4.17314328
1951  2 14     3.04627592
1951  2 15     2.51991910
1951  2 16     2.14202671
1951  2 17     1.88330892
1951  2 18     2.13624745
1951  2 19     1.63145517
1951  2 20     1.57424753
1951  2 21     1.47250504
1951  2 22     1.70097563
1951  2 23     1.36156869
1951  2 24     1.36968037
1951  2 25     1.79951831
1951  2 26     2.60426212
1951  2 27     5.76207425
1951  2 28     3.34282650
1951  3  1     4.14738604
1951  3  2     3.56303148
1951  3  3     2.36488381
1951  3  4     2.84778410
1951  3  5     7.26856217
1951  3  6     8.43482168
1951  3  7     5.01927049
1951  3  8     3.86084530
1951  3  9     3.24153970
1951  3 10     3.03555383
1951  3 11     3.05833234
1951  3 12     3.09650849
1951  3 13     3.09734565
1951  3 14     3.04993850
1951  3 15     2.87386956
1951  3 16     2.58162060
1951  3 17     2.40039314
1951  3 18     2.26794444
1951  3 19     2.11809255
1951  3 20     2.10121987
1951  3 21     1.95517296
1951  3 22     1.75908063
1951  3 23     1.66976945
1951  3 24     1.62483746
1951  3 25     1.55840591
1951  3 26     1.47461514
1951  3 27     1.42762162
1951  3 28     1.40275901
1951  3 29     1.37125322
1951  3 30     1.39021681
1951  3 31     1.22633499
1951  4  1     1.17010590
1951  4  2     1.17038072
1951  4  3     1.14278570
1951  4  4     1.08517936
1951  4  5     1.82854708
1951  4  6     1.22777676
1951  4  7     1.13391267
1951  4  8     1.09179775
1951  4  9     1.09280355
1951  4 10     1.10638894
1951  4 11     1.09310570
1951  4 12     1.07317085
1951  4 13     1.01120842
1951  4 14     0.89369877
1951  4 15     0.83803259
1951  4 16     0.80189826
1951  4 17     0.76983738
1951  4 18     0.74107633
1951  4 19     0.96512753
1951  4 20     0.72936464
1951  4 21     0.66935060
1951  4 22     0.64596829
1951  4 23     0.64389506
1951  4 24     0.61586462
1951  4 25     1.13330026
1951  4 26     2.29462232
1951  4 27     1.13103582
1951  4 28     9.64859233
1951  4 29    18.24748980
1951  4 30     9.96692793
1951  5  1     5.52885472
1951  5  2     4.28501722
1951  5  3     3.38902948
1951  5  4     2.81294915
1951  5  5     2.41959199
1951  5  6     3.32138944
1951  5  7     2.32347667
1951  5  8     2.04913528
1951  5  9     1.81393638
1951  5 10     1.60269962
1951  5 11     1.46751334
1951  5 12     1.37042373
1951  5 13     1.33342941
1951  5 14     1.40840270
1951  5 15     1.19214477
1951  5 16     1.12478510
1951  5 17     1.07943958
1951  5 18     1.03706968
1951  5 19     0.99852378
1951  5 20     0.96248169
1951  5 21     0.92918352
1951  5 22     0.89687985
1951  5 23     0.86706086
1951  5 24     0.83808290
1951  5 25     0.80849014
1951  5 26     0.77942260
1951  5 27     0.75259055
1951  5 28     0.73076223
1951  5 29     0.70776220
1951  5 30     0.68682642
1951  5 31     0.66690826
1951  6  1     0.64591882
1951  6  2     0.62424000
1951  6  3     0.60422469
1951  6  4     0.58556131
1951  6  5     0.56826778
1951  6  6     0.55275898
1951  6  7     0.53620478
1951  6  8     0.51938577
1951  6  9     0.50298844
1951  6 10     0.48671425
1951  6 11     0.47104210
1951  6 12     0.45692325
1951  6 13     0.44249155
1951  6 14     0.42792234
1951  6 15     0.41447039
1951  6 16     0.40195984
1951  6 17     0.38991595
1951  6 18     0.37830328
1951  6 19     0.36846460
1951  6 20     0.35681866
1951  6 21     0.34629905
1951  6 22     0.33580118
1951  6 23     0.32815983
1951  6 24     0.31860459
1951  6 25     0.30674101
1951  6 26     0.29735536
1951  6 27     0.28855382
1951  6 28     0.27999767
1951  6 29     0.27173190
1951  6 30     0.26371594
1951  7  1     0.25593619
1951  7  2     0.24838692
1951  7  3     0.24106466
1951  7  4     0.23396791
1951  7  5     0.22706578
1951  7  6     0.22036048
1951  7  7     0.21385833
1951  7  8     0.20755706
1951  7  9     0.20143233
1951  7 10     0.19549438
1951  7 11     0.18973070
1951  7 12     0.18413616
1951  7 13     0.17870756
1951  7 14     0.17343923
1951  7 15     0.16832729
1951  7 16     0.16336469
1951  7 17     0.15854783
1951  7 18     0.15387220
1951  7 19     0.14933599
1951  7 20     0.14493469
1951  7 21     0.14066261
1951  7 22     0.13651666
1951  7 23     0.13249053
1951  7 24     0.12858471
1951  7 25     0.12479435
1951  7 26     0.12111572
1951  7 27     0.11754553
1951  7 28     0.11408058
1951  7 29     0.11071777
1951  7 30     0.10745408
1951  7 31     0.10428661
1951  8  1     0.10121250
1951  8  2     0.09822900
1951  8  3     0.09533346
1951  8  4     0.09252326
1951  8  5     0.08979591
1951  8  6     0.08714895
1951  8  7     0.08458001
1951  8  8     0.08208680
1951  8  9     0.07966709
1951  8 10     0.07731870
1951  8 11     0.07503954
1951  8 12     0.07282756
1951  8 13     0.07068078
1951  8 14     0.06859729
1951  8 15     0.06657521
1951  8 16     0.06461274
1951  8 17     0.06270812
1951  8 18     0.06085964
1951  8 19     0.05906565
1951  8 20     0.05732454
1951  8 21     0.05563475
1951  8 22     0.05399478
1951  8 23     0.05240315
1951  8 24     0.05085843
1951  8 25     0.04935925
1951  8 26     0.04790427
1951  8 27     0.04649217
1951  8 28     0.04512169
1951  8 29     0.04379162
1951  8 30     0.04250075
1951  8 31     0.04124793
1951  9  1     0.04003205
1951  9  2     0.03885200
1951  9  3     0.03770674
1951  9  4     0.03659524
1951  9  5     0.03551650
1951  9  6     0.03446957
1951  9  7     0.03345349
1951  9  8     0.03246736
1951  9  9     0.03151031
1951  9 10     0.03058146
1951  9 11     0.02967999
1951  9 12     0.02880510
1951  9 13     0.02795600
1951  9 14     0.02713193
1951  9 15     0.02633214
1951  9 16     0.02555594
1951  9 17     0.02480261
1951  9 18     0.02407149
1951  9 19     0.02336193
1951  9 20     0.02267327
1951  9 21     0.02200492
1951  9 22     0.02135627
1951  9 23     0.02072674
1951  9 24     0.02011577
1951  9 25     0.01952281
1951  9 26     0.01894732
1951  9 27     0.01838880
1951  9 28     0.01784675
1951  9 29     0.01732067
1951  9 30     0.01681010
1951 10  1     0.01631458
1951 10  2     0.01583367
1951 10  3     0.01536693
1951 10  4     0.01491395
1951 10  5     0.01447432
1951 10  6     0.01404766
1951 10  7     0.01363357
1951 10  8     0.01323168
1951 10  9     0.01284165
1951 10 10     0.01246311
1951 10 11     0.01209572
1951 10 12     0.01173917
1951 10 13     0.01139313
1951 10 14     0.01105729
1951 10 15     0.01073135
1951 10 16     0.01041501
1951 10 17     0.01010801
1951 10 18     0.00981005
1951 10 19     0.00952087
1951 10 20     0.00924022
1951 10 21     0.00896784
1951 10 22     0.00870349
1951 10 23     0.00844693
1951 10 24     0.14214352
1951 10 25     1.78866231
1951 10 26     0.26027469
1951 10 27     0.01151394
1951 10 28     0.00736127
1951 10 29     0.00705883
1951 10 30     0.00685075
1951 10 31     0.00664881
1951 11  1     0.00645282
1951 11  2     0.00626261
1951 11  3     0.00607800
1951 11  4     0.00589884
1951 11  5     0.00572495
1951 11  6     0.00555620
1951 11  7     0.00539241
1951 11  8     0.00523346
1951 11  9     0.00507919
1951 11 10     0.00492947
1951 11 11     0.00478416
1951 11 12     0.00464313
1951 11 13     0.00450627
1951 11 14     0.01880860
1951 11 15     0.00600922
1951 11 16     0.00411944
1951 11 17     0.00399797
1951 11 18     0.00388012
1951 11 19     0.08824901
1951 11 20     1.70091304
1951 11 21     1.60529821
1951 11 22     0.31577759
1951 11 23     0.08224958
1951 11 24     0.08306847
1951 11 25     0.01734600
1951 11 26     0.00524932
1951 11 27     0.00606425
1951 11 28     0.00585462
1951 11 29     0.00450703
1951 11 30     0.00358314
1951 12  1     1.34607968
1951 12  2     1.95698994
1951 12  3     5.37569142
1951 12  4     2.57306862
1951 12  5    16.82752693
1951 12  6     5.43096737
1951 12  7     2.82581520
1951 12  8     2.07853454
1951 12  9     1.59369629
1951 12 10     1.27678984
1951 12 11     1.07417045
1951 12 12     3.93821922
1951 12 13     3.55300081
1951 12 14     1.89915878
1951 12 15     1.48848410
1951 12 16     1.22082491
1951 12 17     1.02661523
1951 12 18     0.89350336
1951 12 19     5.64489945
1951 12 20     2.29287672
1951 12 21     1.60609058
1951 12 22     1.28419172
1951 12 23     1.05851796
1951 12 24     0.90634548
1951 12 25     0.80268073
1951 12 26     0.72791785
1951 12 27     0.67360302
1951 12 28     1.71879431
1951 12 29    32.19595282
1951 12 30    45.76578553
1951 12 31    19.45886285
1952  1  1    10.93652492
1952  1  2     7.89646744
1952  1  3     6.03338201
1952  1  4     4.80165547
1952  1  5     3.97784583
1952  1  6     3.42518547
1952  1  7     7.07278961
1952  1  8     4.46805426
1952  1  9     3.51314923
1952  1 10     3.08744423
1952  1 11     2.89257111
1952  1 12     9.02012928
1952  1 13     8.89256338
1952  1 14     5.49441323
1952  1 15    26.16060488
1952  1 16    27.77845370
1952  1 17    13.20410481
1952  1 18    12.19474503
1952  1 19     7.76920257
1952  1 20     7.32233365
1952  1 21     6.94480513
1952  1 22     5.14695343
1952  1 23     4.48412722
1952  1 24    15.13194251
1952  1 25    37.84705121
1952  1 26    16.71406070
1952  1 27    10.08458526
1952  1 28     7.69599493
1952  1 29     6.42593501
1952  1 30     5.52994790
1952  1 31     4.92242935
1952  2  1     4.53363836
1952  2  2     6.27804543
1952  2  3     4.57238436
1952  2  4     4.18563460
1952  2  5     3.90237515
1952  2  6     3.68333143
1952  2  7     3.50410416
1952  2  8     3.35526310
1952  2  9     3.22781683
1952  2 10     3.09812486
1952  2 11     3.63979672
1952  2 12     4.48799929
1952  2 13     3.35037205
1952  2 14     3.13601897
1952  2 15     2.97528250
1952  2 16     2.85243072
1952  2 17     6.40947502
1952  2 18     3.93178145
1952  2 19     3.32807846
1952  2 20     7.44721760
1952  2 21     6.35809255
1952  2 22     4.12615871
1952  2 23     3.53897759
1952  2 24     3.12492692
1952  2 25     2.83516930
1952  2 26     2.71534576
1952  2 27     2.68723280
1952  2 28     2.50743993
1952  2 29     2.85825785
1952  3  1    17.24712057
1952  3  2    10.02852256
1952  3  3     5.68608961
1952  3  4     4.82976438
1952  3  5     3.75941674
1952  3  6     3.63144798
1952  3  7    12.34224134
1952  3  8     5.85418153
1952  3  9     4.46285867
1952  3 10    13.60787293
1952  3 11    10.90720911
1952  3 12     6.85478422
1952  3 13     6.26834104
1952  3 14     4.62334160
1952  3 15    13.68895662
1952  3 16    15.00772863
1952  3 17     9.44823992
1952  3 18     6.72749566
1952  3 19     9.28862695
1952  3 20     9.43306793
1952  3 21     5.83733460
1952  3 22     4.83595481
1952  3 23     4.32662770
1952  3 24     4.14613996
1952  3 25     4.14137158
1952  3 26     4.03819830
1952  3 27     4.07539724
1952  3 28     4.05348634
1952  3 29     3.94420473
1952  3 30     3.85048104
1952  3 31     3.71311441
1952  4  1     3.63803939
1952  4  2     3.51663586
1952  4  3     3.51579165
1952  4  4     3.76840548
1952  4  5     4.03954700
1952  4  6     3.86437874
1952  4  7     4.95325339
1952  4  8     4.98872952
1952  4  9     3.75193510
1952  4 10     5.49815282
1952  4 11     4.86345244
1952  4 12     3.98548447
1952  4 13     3.67317887
1952  4 14     4.09629057
1952  4 15     3.29572233
1952  4 16     3.44773253
1952  4 17     3.65630530
1952  4 18     3.79612740
1952  4 19     3.71463415
1952  4 20     3.20280664
1952  4 21     3.28214077
1952  4 22     3.51130951
1952  4 23     3.63939697
1952  4 24     3.60604066
1952  4 25     4.15800569
1952  4 26     5.04015672
1952  4 27     4.86071421
1952  4 28     5.16365017
1952  4 29     4.59781812
1952  4 30     3.72755461
1952  5  1     3.53012377
1952  5  2     3.32363162
1952  5  3     3.16273238
1952  5  4     2.93040974
1952  5  5     2.79450035
1952  5  6     2.76793873
1952  5  7     2.74259935
1952  5  8     2.50495937
1952  5  9     2.53157207
1952  5 10     2.77276492
1952  5 11     2.87151874
1952  5 12     2.85344741
1952  5 13     2.76324643
1952  5 14     2.58072085
1952  5 15     2.50061173
1952  5 16     2.51513687
1952  5 17     2.65236547
1952  5 18     2.84049281
1952  5 19     2.95482592
1952  5 20     2.89787521
1952  5 21     2.69280388
1952  5 22     2.60028179
1952  5 23     2.68549818
1952  5 24     2.83487998
1952  5 25     2.78749850
1952  5 26     2.70237989
1952  5 27     2.69263999
1952  5 28     2.63046482
1952  5 29     2.44191115
1952  5 30     2.30551666
1952  5 31     2.17324251
1952  6  1     2.05348737
1952  6  2     2.02800267
1952  6  3     2.00484578
1952  6  4     2.00594971
1952  6  5     2.02113154
1952  6  6     1.91475534
1952  6  7     1.71764426
1952  6  8     1.64650816
1952  6  9     1.56392385
1952  6 10     1.50528554
1952  6 11     1.46691383
1952  6 12     1.35870757
1952  6 13     1.31704524
1952  6 14     1.21895282
1952  6 15     1.17480495
1952  6 16     1.08781398
1952  6 17     1.00979495
1952  6 18     0.96263416
1952  6 19     0.92731218
1952  6 20     0.89483498
1952  6 21     0.86553222
1952  6 22     0.83689898
1952  6 23     0.80917103
1952  6 24     0.78343525
1952  6 25     0.75920982
1952  6 26     0.82323439
1952  6 27     0.72111434
1952  6 28     0.68788720
1952  6 29     0.66764684
1952  6 30     0.64605160
1952  7  1     0.62498878
1952  7  2     0.60306926
1952  7  3     0.58372928
1952  7  4     0.56585587
1952  7  5     0.54864605
1952  7  6     0.53204815
1952  7  7     0.51603645
1952  7  8     0.50051195
1952  7  9     0.48563701
1952  7 10     0.47126581
1952  7 11     0.45732217
1952  7 12     0.44380043
1952  7 13     0.43067182
1952  7 14     0.41792007
1952  7 15     0.40556760
1952  7 16     0.39358623
1952  7 17     0.38196184
1952  7 18     0.37068333
1952  7 19     0.35974003
1952  7 20     0.34912175
1952  7 21     0.33881886
1952  7 22     0.32882050
1952  7 23     0.31911875
1952  7 24     0.30970434
1952  7 25     0.30056854
1952  7 26     0.29170296
1952  7 27     0.28889630
1952  7 28     0.34196480
1952  7 29     0.86329242
1952  7 30     0.61665199
1952  7 31     0.28638340
1952  8  1     0.24374902
1952  8  2     0.23656124
1952  8  3     0.22958641
1952  8  4     0.22281740
1952  8  5     0.21624813
1952  8  6     0.20987330
1952  8  7     0.20368530
1952  8  8     0.19768032
1952  8  9     0.19185258
1952  8 10     0.18619671
1952  8 11     0.18070810
1952  8 12     0.17538046
1952  8 13     0.17021041
1952  8 14     0.16519277
1952  8 15     0.16032288
1952  8 16     0.15559673
1952  8 17     0.15100995
1952  8 18     0.14655845
1952  8 19     0.14223866
1952  8 20     0.13804519
1952  8 21     0.13397577
1952  8 22     0.13002643
1952  8 23     0.12619400
1952  8 24     0.12247360
1952  8 25     0.11886326
1952  8 26     0.11535944
1952  8 27     0.11195891
1952  8 28     0.10872264
1952  8 29     0.10546532
1952  8 30     0.10234736
1952  8 31     0.09933029
1952  9  1     0.09640202
1952  9  2     0.09356029
1952  9  3     0.09093908
1952  9  4     0.08814540
1952  9  5     0.08552801
1952  9  6     0.08300685
1952  9  7     0.08056002
1952  9  8     0.07818531
1952  9  9     0.07588060
1952  9 10     0.07364383
1952  9 11     0.08706400
1952  9 12     0.07114262
1952  9 13     0.06732145
1952  9 14     0.06533694
1952  9 15     0.06341097
1952  9 16     0.06154177
1952  9 17     0.05972767
1952  9 18     0.05796705
1952  9 19     0.05625832
1952  9 20     0.43114075
1952  9 21     0.09833586
1952  9 22     0.05142959
1952  9 23     0.04991248
1952  9 24     0.04844119
1952  9 25     0.04701326
1952  9 26     0.04563260
1952  9 27     0.05529473
1952  9 28     0.04433604
1952  9 29     0.04171028
1952  9 30     0.04048074
1952 10  1     0.03928746
1952 10  2     0.03812937
1952 10  3     0.03700541
1952 10  4     0.03591458
1952 10  5     0.03485591
1952 10  6     0.03382844
1952 10  7     0.03283126
1952 10  8     0.03186348
1952 10  9     0.03092422
1952 10 10     0.03001266
1952 10 11     0.02912796
1952 10 12     0.02826934
1952 10 13     0.02743603
1952 10 14     0.02662728
1952 10 15     0.02584238
1952 10 16     0.02508061
1952 10 17     0.02434129
1952 10 18     0.02362377
1952 10 19     0.02292740
1952 10 20     0.02225156
1952 10 21     0.02159564
1952 10 22     0.02095905
1952 10 23     0.02034123
1952 10 24     0.01974162
1952 10 25     0.01915969
1952 10 26     0.01859491
1952 10 27     0.01804678
1952 10 28     0.01751480
1952 10 29     0.01699851
1952 10 30     0.01649744
1952 10 31     0.01601113
1952 11  1     0.01553916
1952 11  2     0.01508111
1952 11  3     0.01463656
1952 11  4     0.01420511
1952 11  5     0.01378637
1952 11  6     0.01337999
1952 11  7     0.05977168
1952 11  8     0.01903120
1952 11  9     0.01232867
1952 11 10     0.01187075
1952 11 11     0.01152083
1952 11 12     0.01118122
1952 11 13     0.01085163
1952 11 14     2.60191143
1952 11 15     1.71106139
1952 11 16     1.00780884
1952 11 17     0.20645730
1952 11 18     0.06743670
1952 11 19     0.03593799
1952 11 20     0.01771369
1952 11 21     0.01461095
1952 11 22     0.01067879
1952 11 23     0.04748146
1952 11 24     0.01670065
1952 11 25     0.00844190
1952 11 26     0.00834415
1952 11 27     0.00848638
1952 11 28     0.00835439
1952 11 29     0.00956287
1952 11 30     0.01663062
1952 12  1     0.04071997
1952 12  2     1.87398099
1952 12  3     0.30449961
1952 12  4     0.06462479
1952 12  5     0.61515078
1952 12  6     0.19020880
1952 12  7    13.44183271
1952 12  8     9.88465499
1952 12  9     3.48813404
1952 12 10     2.22235157
1952 12 11     1.69394624
1952 12 12     1.34178800
1952 12 13     1.11072099
1952 12 14     0.95050601
1952 12 15     0.84079977
1952 12 16     0.76100950
1952 12 17     0.69720849
1952 12 18     0.64732761
1952 12 19     0.61171658
1952 12 20     8.97029567
1952 12 21     3.97384306
1952 12 22     2.19845718
1952 12 23     1.69675279
1952 12 24     1.34748656
1952 12 25     1.14746094
1952 12 26     0.96847727
1952 12 27     1.02335541
1952 12 28     0.82554336
1952 12 29     0.77188970
1952 12 30     6.44191617
1952 12 31     6.44775251
1953  1  1     2.95899117
1953  1  2     2.13060980
1953  1  3     1.67987972
1953  1  4     1.38735737
1953  1  5     1.20848053
1953  1  6    11.85533807
1953  1  7    16.68162716
1953  1  8    15.81949717
1953  1  9     7.55342148
1953  1 10     5.14997483
1953  1 11     3.98400720
1953  1 12     3.20337508
1953  1 13    12.92748832
1953  1 14    19.96915558
1953  1 15     9.05837744
1953  1 16     5.90653133
1953  1 17     4.64111824
1953  1 18     3.83199222
1953  1 19     3.28544786
1953  1 20     2.90714563
1953  1 21     6.91957646
1953  1 22     3.90347929
1953  1 23     3.25510312
1953  1 24     2.88145780
1953  1 25     2.59552166
1953  1 26     2.37349967
1953  1 27     2.21015691
1953  1 28     2.09434757
1953  1 29     1.99548416
1953  1 30     1.91593710
1953  1 31     1.85284666
1953  2  1     1.77470350
1953  2  2     1.71779582
1953  2  3     1.66544735
1953  2  4     1.60037847
1953  2  5     1.54796176
1953  2  6     1.50041672
1953  2  7     1.46874846
1953  2  8     1.41286249
1953  2  9     1.35896082
1953  2 10     1.31685826
1953  2 11     1.27798767
1953  2 12     1.23623828
1953  2 13     1.20644433
1953  2 14     1.18698804
1953  2 15     1.14985188
1953  2 16     1.10987700
1953  2 17     1.08291807
1953  2 18     1.10830800
1953  2 19     1.01987159
1953  2 20     0.98258752
1953  2 21     0.95176318
1953  2 22     0.92205764
1953  2 23     0.90657655
1953  2 24     0.86816038
1953  2 25     0.84264937
1953  2 26     0.84148559
1953  2 27     0.84419682
1953  2 28     0.82655954
1953  3  1     4.81211935
1953  3  2     2.05497476
1953  3  3     1.57023357
1953  3  4     1.28359420
1953  3  5     1.12857645
1953  3  6     1.02709964
1953  3  7     0.97451965
1953  3  8     0.94478169
1953  3  9     0.89934777
1953  3 10     1.41578276
1953  3 11     0.91326014
1953  3 12     1.09054991
1953  3 13     0.83955057
1953  3 14     0.83831458
1953  3 15     0.79046047
1953  3 16     0.75694270
1953  3 17     0.72579482
1953  3 18     0.68878784
1953  3 19     2.48432488
1953  3 20    14.36057479
1953  3 21     5.69363693
1953  3 22     3.59725198
1953  3 23     2.81272479
1953  3 24     2.27883113
1953  3 25     1.87036933
1953  3 26     1.59802369
1953  3 27     1.44300479
1953  3 28     1.34062171
1953  3 29     2.61529187
1953  3 30     1.53714596
1953  3 31     1.45913177
1953  4  1     1.35619031
1953  4  2     1.30363503
1953  4  3     1.27920617
1953  4  4     1.26737241
1953  4  5     1.24279237
1953  4  6     1.19137591
1953  4  7     1.01136666
1953  4  8     1.12151057
1953  4  9     0.91430740
1953  4 10     0.98786049
1953  4 11     0.83130955
1953  4 12     0.79715023
1953  4 13     0.78021753
1953  4 14     0.77538464
1953  4 15     0.82199587
1953  4 16     0.85721521
1953  4 17     0.85551226
1953  4 18     0.88902051
1953  4 19     0.82570783
1953  4 20     0.81012847
1953  4 21     1.10711489
1953  4 22     1.01556514
1953  4 23     0.98776994
1953  4 24     1.02634191
1953  4 25     1.01242579
1953  4 26     1.02246603
1953  4 27    32.05280031
1953  4 28    19.40895949
1953  4 29     8.91108575
1953  4 30     8.62175397
1953  5  1     5.50055161
1953  5  2     4.35007945
1953  5  3     3.64057412
1953  5  4     3.18978653
1953  5  5     2.83494273
1953  5  6     2.57939016
1953  5  7     2.23175888
1953  5  8     1.98669646
1953  5  9     1.84401532
1953  5 10     1.73437738
1953  5 11     1.66157621
1953  5 12     1.63948929
1953  5 13     1.62579870
1953  5 14     1.58522926
1953  5 15     2.66255550
1953  5 16     1.65197074
1953  5 17     1.55207789
1953  5 18     1.54031906
1953  5 19     1.50301576
1953  5 20     1.41514704
1953  5 21     1.28439719
1953  5 22     1.21699649
1953  5 23     1.16584587
1953  5 24     1.28462770
1953  5 25     1.09079986
1953  5 26     1.05994155
1953  5 27     1.00990662
1953  5 28     2.75052035
1953  5 29     2.66841835
1953  5 30     1.77093015
1953  5 31     1.54035256
1953  6  1     2.17317316
1953  6  2     1.84445766
1953  6  3     1.38971831
1953  6  4     1.26399730
1953  6  5     1.12910329
1953  6  6     1.15545985
1953  6  7     0.96416061
1953  6  8     0.89153375
1953  6  9     0.84502519
1953  6 10     0.80556179
1953  6 11     0.77169523
1953  6 12     0.74136658
1953  6 13     0.71454939
1953  6 14     0.68939194
1953  6 15     0.66488918
1953  6 16     0.64251911
1953  6 17     0.62215450
1953  6 18     0.60211688
1953  6 19     0.58326729
1953  6 20     0.56456683
1953  6 21     0.54596957
1953  6 22     0.52852672
1953  6 23     0.51180733
1953  6 24     0.49634894
1953  6 25     0.48157790
1953  6 26     0.46768061
1953  6 27     0.45369536
1953  6 28     0.43969572
1953  6 29     0.42650816
1953  6 30     0.41369987
1953  7  1     0.40038070
1953  7  2     0.38786156
1953  7  3     0.37525175
1953  7  4     0.36396322
1953  7  5     0.35316366
1953  7  6     0.34269826
1953  7  7     0.33256815
1953  7  8     0.32272026
1953  7  9     0.31317625
1953  7 10     0.30392298
1953  7 11     0.29492698
1953  7 12     0.28619869
1953  7 13     0.27773473
1953  7 14     0.26953398
1953  7 15     0.26157827
1953  7 16     0.25385862
1953  7 17     0.24636842
1953  7 18     0.24271833
1953  7 19     0.23250174
1953  7 20     0.22520027
1953  7 21     0.21855890
1953  7 22     0.21211253
1953  7 23     0.20585592
1953  7 24     0.19978515
1953  7 25     0.19389378
1953  7 26     0.18817639
1953  7 27     0.18262780
1953  7 28     0.17724301
1953  7 29     0.17201714
1953  7 30     0.16694627
1953  7 31     0.16202348
1953  8  1     0.15724733
1953  8  2     0.15261212
1953  8  3     0.14811174
1953  8  4     0.14375036
1953  8  5     0.13950892
1953  8  6     0.13539445
1953  8  7     0.13140408
1953  8  8     0.12753050
1953  8  9     0.12376920
1953  8 10     0.12012045
1953  8 11     0.11657988
1953  8 12     0.11314628
1953  8 13     0.10980833
1953  8 14     0.10657098
1953  8 15     0.10342953
1953  8 16     0.10038068
1953  8 17     0.09742171
1953  8 18     0.09454996
1953  8 19     0.09176286
1953  8 20     0.08905792
1953  8 21     0.08643271
1953  8 22     0.08388489
1953  8 23     0.08141217
1953  8 24     0.07901235
1953  8 25     0.07668326
1953  8 26     0.07442283
1953  8 27     0.07222903
1953  8 28     0.07009990
1953  8 29     0.06803352
1953  8 30     0.06602807
1953  8 31     0.06408172
1953  9  1     0.06219275
1953  9  2     0.06035946
1953  9  3     0.05858022
1953  9  4     0.05685342
1953  9  5     0.05517752
1953  9  6     0.05355102
1953  9  7     0.05197247
1953  9  8     0.05044045
1953  9  9     0.04895360
1953  9 10     0.04751056
1953  9 11     0.04611007
1953  9 12     0.04475086
1953  9 13     0.04343172
1953  9 14     0.04215146
1953  9 15     0.04090894
1953  9 16     0.03970304
1953  9 17     0.03853270
1953  9 18     0.03739685
1953  9 19     0.03629448
1953  9 20     0.03522461
1953  9 21     0.03418628
1953  9 22     0.03317855
1953  9 23     0.03220053
1953  9 24     0.03125134
1953  9 25     0.03033013
1953  9 26     0.02943607
1953  9 27     0.02856837
1953  9 28     0.02772624
1953  9 29     0.02690894
1953  9 30     0.02611573
1953 10  1     0.02534591
1953 10  2     0.02459877
1953 10  3     0.02387366
1953 10  4     0.02316993
1953 10  5     0.02248693
1953 10  6     0.02182408
1953 10  7     0.02118076
1953 10  8     0.02055640
1953 10  9     0.01995045
1953 10 10     0.01936236
1953 10 11     0.01879160
1953 10 12     0.01823767
1953 10 13     0.01770007
1953 10 14     0.01717832
1953 10 15     0.01667194
1953 10 16     0.01618050
1953 10 17     0.01570354
1953 10 18     0.40763415
1953 10 19     0.44543987
1953 10 20     0.06236542
1953 10 21     0.01410937
1953 10 22     0.01352152
1953 10 23     0.01312294
1953 10 24     0.01273611
1953 10 25     0.01236068
1953 10 26     0.01199632
1953 10 27     0.01164269
1953 10 28     0.01129950
1953 10 29     0.01096642
1953 10 30     0.01064315
1953 10 31     0.01032942
1953 11  1     0.01002493
1953 11  2     0.00972942
1953 11  3     0.00944262
1953 11  4     0.00916428
1953 11  5     0.06535993
1953 11  6     0.05097709
1953 11  7     0.01244001
1953 11  8     0.00813066
1953 11  9     0.00789090
1953 11 10     0.00765829
1953 11 11     0.00743254
1953 11 12     0.00721345
1953 11 13     0.00700082
1953 11 14     1.01451329
1953 11 15     0.98473681
1953 11 16     0.15888682
1953 11 17     0.17407360
1953 11 18     0.14047930
1953 11 19     0.02787832
1953 11 20     1.03059607
1953 11 21     0.20147878
1953 11 22     0.02689774
1953 11 23     0.00771462
1953 11 24     0.00620137
1953 11 25     0.00883947
1953 11 26     0.01062464
1953 11 27     0.01182756
1953 11 28     0.01019408
1953 11 29     0.00894050
1953 11 30     0.00772035
1953 12  1     0.00567730
1953 12  2     0.00521969
1953 12  3     0.00504492
1953 12  4     3.62444247
1953 12  5     0.62791901
1953 12  6     0.16612959
1953 12  7     0.21172523
1953 12  8     0.13408358
1953 12  9     0.11445496
1953 12 10     0.10672539
1953 12 11     0.10051207
1953 12 12     0.09638731
1953 12 13     0.09342752
1953 12 14     0.09533225
1953 12 15     0.09529909
1953 12 16     0.09332508
1953 12 17     0.08882199
1953 12 18     0.08147170
1953 12 19     0.08007931
1953 12 20     0.07750026
1953 12 21     0.07156276
1953 12 22     0.06882412
1953 12 23     0.06592965
1953 12 24     0.06331371
1953 12 25     0.06110824
1953 12 26     0.05926160
1953 12 27     0.05743488
1953 12 28     0.05564518
1953 12 29     0.05361890
1953 12 30     0.05234688
1953 12 31     0.05080391
1954  1  1     0.04966985
1954  1  2     0.04791316
1954  1  3     0.04602789
1954  1  4     0.04633019
1954  1  5     0.05009941
1954  1  6     0.04843837
1954  1  7     0.32501264
1954  1  8     0.15642153
1954  1  9     0.07765529
1954  1 10     0.06883501
1954  1 11     0.06502059
1954  1 12     0.06158820
1954  1 13     0.05864683
1954  1 14     0.05606542
1954  1 15     0.05375810
1954  1 16     0.05189538
1954  1 17     0.57555828
1954  1 18     0.38429034
1954  1 19     0.46237716
1954  1 20     0.73154926
1954  1 21     0.27036384
1954  1 22     0.19145461
1954  1 23     1.66077989
1954  1 24    23.38816758
1954  1 25    21.63234607
1954  1 26     8.72379566
1954  1 27     5.33724307
1954  1 28     3.92840221
1954  1 29     3.02143027
1954  1 30     2.42079522
1954  1 31     2.02536875
1954  2  1     1.75760083
1954  2  2     1.56697653
1954  2  3     1.42576569
1954  2  4     1.32234426
1954  2  5     1.24144886
1954  2  6     1.17677522
1954  2  7     1.12117051
1954  2  8     1.07388754
1954  2  9     1.03092245
1954  2 10     0.98936826
1954  2 11     0.95527108
1954  2 12     0.92582570
1954  2 13    18.57321006
1954  2 14    20.82222105
1954  2 15    11.97459659
1954  2 16     6.66923443
1954  2 17     5.01895495
1954  2 18    16.36618764
1954  2 19     7.58741139
1954  2 20     5.18829608
1954  2 21     4.16011923
1954  2 22     3.46937730
1954  2 23     3.00816496
1954  2 24     2.68680389
1954  2 25     2.44734885
1954  2 26     2.26258049
1954  2 27     2.12104155
1954  2 28     2.01048061
1954  3  1     1.91314420
1954  3  2     1.82862274
1954  3  3     1.75187955
1954  3  4     1.68465863
1954  3  5     1.62708741
1954  3  6     1.58358715
1954  3  7     1.53932145
1954  3  8     1.50338713
1954  3  9     8.20632903
1954  3 10     7.81883506
1954  3 11     5.70108179
1954  3 12     3.61921807
1954  3 13     3.07078887
1954  3 14     2.90496724
1954  3 15     2.63956281
1954  3 16     5.67362597
1954  3 17    17.94117518
1954  3 18     7.71238463
1954  3 19     5.14372525
1954  3 20     9.87585306
1954  3 21    13.92607452
1954  3 22     6.97769545
1954  3 23     7.83556696
1954  3 24    13.33464524
1954  3 25    14.38012606
1954  3 26     7.42498901
1954  3 27     5.65770441
1954  3 28     4.78928700
1954  3 29     4.54275945
1954  3 30    14.14242399
1954  3 31     6.94268114
1954  4  1     5.32657207
1954  4  2     4.73795578
1954  4  3     4.38593889
1954  4  4     4.26666661
1954  4  5     4.11417076
1954  4  6     5.37484134
1954  4  7     4.07131488
1954  4  8     3.75507783
1954  4  9     3.51967250
1954  4 10     3.32844612
1954  4 11     3.28169759
1954  4 12     3.31281393
1954  4 13     3.24214907
1954  4 14     3.13563543
1954  4 15     3.11679106
1954  4 16     3.10789695
1954  4 17     3.07624289
1954  4 18     2.83704270
1954  4 19     2.64814849
1954  4 20     2.49495792
1954  4 21     2.42418293
1954  4 22     2.37103566
1954  4 23     2.31755764
1954  4 24     2.20990196
1954  4 25     2.08348888
1954  4 26     1.99386848
1954  4 27     6.05602687
1954  4 28    11.44306840
1954  4 29     5.44633473
1954  4 30     3.89132359
1954  5  1     3.20137989
1954  5  2     2.79028909
1954  5  3     2.46932193
1954  5  4     2.25700663
1954  5  5     2.07775746
1954  5  6     1.91603645
1954  5  7     1.80225267
1954  5  8     1.71506722
1954  5  9     1.78972774
1954  5 10     2.34239274
1954  5 11     1.69499325
1954  5 12     1.59586419
1954  5 13     1.52128864
1954  5 14     1.44919522
1954  5 15     1.38800933
1954  5 16     1.33524931
1954  5 17     1.28474445
1954  5 18     1.23919247
1954  5 19     1.19617739
1954  5 20     1.15730255
1954  5 21     1.12224567
1954  5 22     1.08733961
1954  5 23     1.05159421
1954  5 24     1.01824169
1954  5 25     0.98877904
1954  5 26     0.95988873
1954  5 27     0.93007775
1954  5 28     0.90067010
1954  5 29     0.87314552
1954  5 30     0.84797866
1954  5 31     0.82264625
1954  6  1     0.79713143
1954  6  2     0.77193552
1954  6  3     0.74760598
1954  6  4     0.72743754
1954  6  5     0.70772687
1954  6  6     0.68802689
1954  6  7     0.66639230
1954  6  8     0.64569155
1954  6  9     1.47801751
1954  6 10     0.91829121
1954  6 11     0.61879321
1954  6 12     0.57922098
1954  6 13     0.57581947
1954  6 14     0.54709666
1954  6 15     0.52748563
1954  6 16     0.51126442
1954  6 17     0.49667059
1954  6 18     0.48148389
1954  6 19     0.46621390
1954  6 20     0.45076097
1954  6 21     0.43487942
1954  6 22     0.42007152
1954  6 23     0.40680209
1954  6 24     0.39538584
1954  6 25     0.38443427
1954  6 26     0.37467412
1954  6 27     0.36516308
1954  6 28     0.35332663
1954  6 29     0.34087181
1954  6 30     0.33050166
1954  7  1     0.32068253
1954  7  2     0.31053999
1954  7  3     0.30046803
1954  7  4     0.29147873
1954  7  5     0.28289666
1954  7  6     0.27454236
1954  7  7     0.26643780
1954  7  8     0.25860325
1954  7  9     0.25097814
1954  7 10     0.24353305
1954  7 11     0.23631812
1954  7 12     0.22933629
1954  7 13     0.22257624
1954  7 14     0.21601137
1954  7 15     0.20964276
1954  7 16     0.20346081
1954  7 17     0.19980969
1954  7 18     0.19196550
1954  7 19     0.18599118
1954  7 20     0.18050811
1954  7 21     0.17518705
1954  7 22     0.17002251
1954  7 23     0.16501011
1954  7 24     0.16014572
1954  7 25     0.15542480
1954  7 26     0.15084307
1954  7 27     0.14639642
1954  7 28     0.14208088
1954  7 29     0.13789256
1954  7 30     0.13382818
1954  7 31     0.12988275
1954  8  1     0.12605397
1954  8  2     0.12233815
1954  8  3     0.11873188
1954  8  4     0.11523192
1954  8  5     0.11183649
1954  8  6     0.10853850
1954  8  7     0.10533881
1954  8  8     0.10223368
1954  8  9     0.09922009
1954  8 10     0.09629532
1954  8 11     0.09345678
1954  8 12     0.09070190
1954  8 13     0.08802824
1954  8 14     0.08543338
1954  8 15     0.08291502
1954  8 16     0.08047089
1954  8 17     0.07809881
1954  8 18     0.07579665
1954  8 19     0.07356235
1954  8 20     0.07139392
1954  8 21     0.06928940
1954  8 22     0.06724692
1954  8 23     0.06526465
1954  8 24     0.06334081
1954  8 25     0.06147368
1954  8 26     0.05966159
1954  8 27     0.05790292
1954  8 28     0.05619608
1954  8 29     0.05453956
1954  8 30     0.05293187
1954  8 31     0.05137157
1954  9  1     0.04985726
1954  9  2     0.04838760
1954  9  3     0.04696125
1954  9  4     0.04557695
1954  9  5     0.04423345
1954  9  6     0.04292956
1954  9  7     0.04166411
1954  9  8     0.04043595
1954  9  9     0.03924400
1954  9 10     0.03808718
1954  9 11     0.03696447
1954  9 12     0.03587485
1954  9 13     0.03481735
1954  9 14     0.03379102
1954  9 15     0.03279494
1954  9 16     0.03182823
1954  9 17     0.03089001
1954  9 18     0.02997945
1954  9 19     0.02909573
1954  9 20     0.02823806
1954  9 21     0.02740567
1954  9 22     0.02659782
1954  9 23     0.02581379
1954  9 24     0.02505286
1954  9 25     0.02431436
1954  9 26     0.02359764
1954  9 27     0.02290204
1954  9 28     0.02222694
1954  9 29     0.02157175
1954  9 30     0.02093586
1954 10  1     0.02031873
1954 10  2     0.01971978
1954 10  3     0.01913849
1954 10  4     0.01857434
1954 10  5     0.01802681
1954 10  6     0.01749543
1954 10  7     0.01697970
1954 10  8     0.01647918
1954 10  9     0.01599342
1954 10 10     0.01552197
1954 10 11     0.01506442
1954 10 12     0.01462036
1954 10 13     0.01418939
1954 10 14     0.01377112
1954 10 15     0.01336518
1954 10 16     0.01297121
1954 10 17     0.01258885
1954 10 18     0.01221776
1954 10 19     0.01185761
1954 10 20     0.01150808
1954 10 21     0.01116885
1954 10 22     0.01083962
1954 10 23     0.01052010
1954 10 24     0.01020999
1954 10 25     0.00990903
1954 10 26     0.00961693
1954 10 27     0.00933345
1954 10 28     0.00905832
1954 10 29     0.00879131
1954 10 30     0.00853216
1954 10 31     0.00828065
1954 11  1     0.00803656
1954 11  2     0.00779966
1954 11  3     0.00756975
1954 11  4     0.00734661
1954 11  5     0.00713005
1954 11  6     0.00691987
1954 11  7     0.00671589
1954 11  8     0.00651793
1954 11  9     0.00632579
1954 11 10     0.00613932
1954 11 11     0.14679706
1954 11 12     1.10961276
1954 11 13     0.15775042
1954 11 14     0.00645757
1954 11 15     0.49859098
1954 11 16     2.77357239
1954 11 17     0.39533180
1954 11 18     0.03266257
1954 11 19     0.01156289
1954 11 20     0.00504776
1954 11 21     0.00447877
1954 11 22     0.00433742
1954 11 23     0.00420842
1954 11 24     0.00408339
1954 11 25     0.00396218
1954 11 26     0.00384466
1954 11 27     0.00373072
1954 11 28     0.00362022
1954 11 29     0.10261664
1954 11 30     0.01512910
1954 12  1     0.00331129
1954 12  2     0.00342430
1954 12  3     0.15763125
1954 12  4     3.35162888
1954 12  5     0.65460647
1954 12  6     0.20523559
1954 12  7     0.30201776
1954 12  8     0.17976404
1954 12  9     0.15854208
1954 12 10     8.43472723
1954 12 11     2.58875451
1954 12 12     1.18177300
1954 12 13     0.93261068
1954 12 14     0.78349093
1954 12 15     0.69475540
1954 12 16     0.61287378
1954 12 17     0.55936111
1954 12 18     0.51778022
1954 12 19     0.48455850
1954 12 20     0.45730412
1954 12 21     0.43419389
1954 12 22     0.41421773
1954 12 23     0.39598624
1954 12 24     0.37999242
1954 12 25     0.36526244
1954 12 26     0.35396631
1954 12 27     0.33945731
1954 12 28     0.32641753
1954 12 29     0.31506132
1954 12 30     0.30420200
1954 12 31     0.29359790
1955  1  1     7.99523912
1955  1  2    11.74480086
1955  1  3     3.91718556
1955  1  4     2.36464379
1955  1  5     1.80442021
1955  1  6     1.43453666
1955  1  7     1.16737910
1955  1  8     0.98421709
1955  1  9     0.86572441
1955  1 10     4.70887438
1955  1 11     2.80580787
1955  1 12     1.74243229
1955  1 13     1.40965988
1955  1 14     1.15108713
1955  1 15     0.97585087
1955  1 16    14.98192840
1955  1 17     6.77318686
1955  1 18     8.06458672
1955  1 19    12.65067316
1955  1 20     5.82834833
1955  1 21     4.06185656
1955  1 22     3.13162395
1955  1 23     2.51410237
1955  1 24     2.10847049
1955  1 25     1.83186045
1955  1 26     1.64147944
1955  1 27     1.50951220
1955  1 28     1.42461747
1955  1 29     1.34582952
1955  1 30     1.29900238
1955  1 31     1.42104517
1955  2  1     1.28632775
1955  2  2     1.16012967
1955  2  3     1.08750142
1955  2  4     1.03093713
1955  2  5     0.98840782
1955  2  6     0.94584541
1955  2  7     0.91889616
1955  2  8     0.91052189
1955  2  9     0.88925318
1955  2 10     0.89393597
1955  2 11     0.90789189
1955  2 12     0.92954398
1955  2 13     0.97575304
1955  2 14     0.99913371
1955  2 15     1.02841666
1955  2 16     2.38939637
1955  2 17    25.38685770
1955  2 18    17.29295596
1955  2 19     7.87354108
1955  2 20     5.58145405
1955  2 21     4.30736800
1955  2 22     3.44280166
1955  2 23     2.86962693
1955  2 24     2.48302129
1955  2 25     2.21136763
1955  2 26     6.12812305
1955  2 27     6.41743131
1955  2 28     8.07564814
1955  3  1     4.40874885
1955  3  2     3.49462663
1955  3  3     2.95050144
1955  3  4     2.56698224
1955  3  5     2.30261281
1955  3  6     2.18614097
1955  3  7     2.11088948
1955  3  8     2.10980692
1955  3  9     2.09611599
1955  3 10     1.93950106
1955  3 11     3.18303816
1955  3 12     2.21702265
1955  3 13     2.04203160
1955  3 14     1.83353086
1955  3 15     1.70381617
1955  3 16     1.60581651
1955  3 17     1.54729058
1955  3 18     1.50803769
1955  3 19     1.46008856
1955  3 20     1.39226210
1955  3 21     1.33301383
1955  3 22     1.32139291
1955  3 23     1.29649495
1955  3 24     1.30447179
1955  3 25     1.32605719
1955  3 26     1.34151335
1955  3 27     1.36809704
1955  3 28     1.37395105
1955  3 29     1.30456922
1955  3 30     1.22623137
1955  3 31     1.21848246
1955  4  1     1.26230109
1955  4  2     1.17180266
1955  4  3     1.09022511
1955  4  4     1.04670342
1955  4  5     1.00736426
1955  4  6     0.99109806
1955  4  7     1.00147665
1955  4  8     1.02244329
1955  4  9     1.03384154
1955  4 10     1.02057420
1955  4 11     0.92662747
1955  4 12     0.91645373
1955  4 13     0.93707549
1955  4 14     0.92085685
1955  4 15     0.87880941
1955  4 16     0.86864862
1955  4 17     0.83716992
1955  4 18     2.07617284
1955  4 19     1.76688332
1955  4 20     1.12504059
1955  4 21     1.21610698
1955  4 22    11.69061270
1955  4 23     5.09261621
1955  4 24     3.20800666
1955  4 25     2.48467157
1955  4 26     7.98912568
1955  4 27     3.73144004
1955  4 28     2.77076771
1955  4 29     2.27010960
1955  4 30     1.92974374
1955  5  1     6.04736667
1955  5  2     3.96478962
1955  5  3     2.64962554
1955  5  4     2.36258371
1955  5  5     2.06166064
1955  5  6     1.79627056
1955  5  7     5.27471173
1955  5  8     7.90489256
1955  5  9     3.89862854
1955  5 10     3.07151597
1955  5 11     2.57230341
1955  5 12     2.27627085
1955  5 13     2.02177981
1955  5 14     1.75501595
1955  5 15     1.55759822
1955  5 16     1.44569048
1955  5 17     1.39005286
1955  5 18     1.38326748
1955  5 19     1.38977104
1955  5 20     1.24802498
1955  5 21     1.15799878
1955  5 22     1.09774205
1955  5 23     1.04955908
1955  5 24     1.00800617
1955  5 25     0.97059894
1955  5 26     0.93541919
1955  5 27     0.90216674
1955  5 28     0.86991528
1955  5 29     0.83843931
1955  5 30     0.81072950
1955  5 31     0.79777470
1955  6  1     1.05605947
1955  6  2     0.77519350
1955  6  3     0.71442330
1955  6  4     0.68934467
1955  6  5     0.66626936
1955  6  6     0.64468982
1955  6  7     0.62404957
1955  6  8     0.60493582
1955  6  9     0.58456823
1955  6 10     0.56874149
1955  6 11     0.55388810
1955  6 12     0.53775891
1955  6 13     0.52162579
1955  6 14     0.50608213
1955  6 15     0.49130006
1955  6 16     0.47688465
1955  6 17     0.46116620
1955  6 18     0.44659517
1955  6 19     0.43273603
1955  6 20     0.41900021
1955  6 21     0.40615818
1955  6 22     0.39338181
1955  6 23     0.38368073
1955  6 24     0.37318882
1955  6 25     0.36166892
1955  6 26     0.35096059
1955  6 27     0.34034940
1955  6 28     0.32960769
1955  6 29     0.31964882
1955  6 30     0.30974600
1955  7  1     0.29973050
1955  7  2     0.29068250
1955  7  3     0.28205514
1955  7  4     0.27465009
1955  7  5     0.26628340
1955  7  6     0.25804417
1955  7  7     0.24991843
1955  7  8     0.24228371
1955  7  9     0.23513618
1955  7 10     0.22832888
1955  7 11     0.22142475
1955  7 12     0.21487161
1955  7 13     0.20853642
1955  7 14     0.20238710
1955  7 15     0.19642001
1955  7 16     0.19062880
1955  7 17     0.18500768
1955  7 18     0.17955521
1955  7 19     0.17425973
1955  7 20     0.16912205
1955  7 21     0.16413444
1955  7 22     0.15929580
1955  7 23     0.15460007
1955  7 24     0.15004281
1955  7 25     0.14561990
1955  7 26     0.14132737
1955  7 27     0.13716137
1955  7 28     0.13311850
1955  7 29     0.12919437
1955  7 30     0.12538580
1955  7 31     0.12168970
1955  8  1     0.11810259
1955  8  2     0.11462122
1955  8  3     0.11124247
1955  8  4     0.10796332
1955  8  5     0.10478083
1955  8  6     0.10169215
1955  8  7     0.09869452
1955  8  8     0.09578525
1955  8  9     0.09296174
1955  8 10     0.09022146
1955  8 11     0.08756195
1955  8 12     0.08498085
1955  8 13     0.08247582
1955  8 14     0.08004464
1955  8 15     0.07768512
1955  8 16     0.07539516
1955  8 17     0.07317270
1955  8 18     0.07101575
1955  8 19     0.06892238
1955  8 20     0.06689072
1955  8 21     0.06491895
1955  8 22     0.06300530
1955  8 23     0.06114806
1955  8 24     0.05934557
1955  8 25     0.05759621
1955  8 26     0.05589841
1955  8 27     0.05425067
1955  8 28     0.05265149
1955  8 29     0.05109946
1955  8 30     0.04959317
1955  8 31     0.04813129
1955  9  1     0.04671250
1955  9  2     0.04533553
1955  9  3     0.04399915
1955  9  4     0.04270216
1955  9  5     0.04144341
1955  9  6     0.04022176
1955  9  7     0.03903612
1955  9  8     0.03788544
1955  9  9     0.03676867
1955  9 10     0.03568482
1955  9 11     0.03463292
1955  9 12     0.03361203
1955  9 13     0.03262123
1955  9 14     0.03165964
1955  9 15     0.03072639
1955  9 16     0.02982065
1955  9 17     0.02894161
1955  9 18     0.12167269
1955  9 19     0.03870952
1955  9 20     0.02645720
1955  9 21     0.02567705
1955  9 22     0.02492015
1955  9 23     0.02418557
1955  9 24     0.02347264
1955  9 25     0.02278072
1955  9 26     0.02210921
1955  9 27     0.02145748
1955  9 28     0.02082497
1955  9 29     0.02021110
1955  9 30     0.01961533
1955 10  1     0.01903712
1955 10  2     0.01847595
1955 10  3     0.01793132
1955 10  4     0.01740275
1955 10  5     0.01688976
1955 10  6     0.01639189
1955 10  7     0.01590870
1955 10  8     0.01543975
1955 10  9     0.01498463
1955 10 10     0.01454292
1955 10 11     0.01411423
1955 10 12     0.01369818
1955 10 13     0.01329439
1955 10 14     0.01290250
1955 10 15     0.01252217
1955 10 16     0.01215305
1955 10 17     0.01179481
1955 10 18     0.01144712
1955 10 19     0.01110969
1955 10 20     0.01078220
1955 10 21     0.01046437
1955 10 22     0.01015591
1955 10 23     0.00985654
1955 10 24     0.00956599
1955 10 25     0.00928401
1955 10 26     0.00901034
1955 10 27     0.00874474
1955 10 28     0.00848696
1955 10 29     0.00823679
1955 10 30     0.00799399
1955 10 31     0.00775835
1955 11  1     0.00752965
1955 11  2     0.00730769
1955 11  3     0.00709228
1955 11  4     0.00688322
1955 11  5     0.00668032
1955 11  6     0.00648340
1955 11  7     0.00629229
1955 11  8     0.00610680
1955 11  9     0.00592679
1955 11 10     0.00575208
1955 11 11     0.00558253
1955 11 12     0.00541797
1955 11 13     0.02835268
1955 11 14     2.26213638
1955 11 15     0.40235586
1955 11 16     0.08644604
1955 11 17     0.28526085
1955 11 18     0.09229318
1955 11 19     0.17348761
1955 11 20     0.02910935
1955 11 21     0.73093944
1955 11 22     0.38368401
1955 11 23     0.06439944
1955 11 24     0.00539774
1955 11 25     0.00387178
1955 11 26     0.00381080
1955 11 27     0.00395789
1955 11 28     0.00405295
1955 11 29     0.00384250
1955 11 30     0.00361907
1955 12  1     0.46084223
1955 12  2     4.06000780
1955 12  3     1.44044243
1955 12  4     0.30169492
1955 12  5     0.17748771
1955 12  6     3.96814128
1955 12  7     2.67697612
1955 12  8     0.92999418
1955 12  9     7.46976651
1955 12 10     2.75717812
1955 12 11     1.42540044
1955 12 12     1.12542892
1955 12 13     0.92566965
1955 12 14     0.78670311
1955 12 15     0.68892917
1955 12 16     0.61812350
1955 12 17     0.56592566
1955 12 18     0.52606139
1955 12 19     0.51071668
1955 12 20     0.48539026
1955 12 21     0.69102119
1955 12 22     2.82853431
1955 12 23    45.66972342
1955 12 24    33.56506772
1955 12 25    17.10464297
1955 12 26    11.21080473
1955 12 27    16.61949424
1955 12 28    10.41516053
1955 12 29     7.48403953
1955 12 30     5.66213132
1955 12 31    14.54027639
1956  1  1     7.64458816
1956  1  2     5.48767469
1956  1  3     4.58368472
1956  1  4     3.97116171
1956  1  5     3.53782429
1956  1  6     3.22516141
1956  1  7     2.98868762
1956  1  8     2.80387490
1956  1  9     2.65604523
1956  1 10     2.53035222
1956  1 11     2.42197375
1956  1 12     2.34660479
1956  1 13     2.23703142
1956  1 14     2.15529138
1956  1 15     2.10101537
1956  1 16     2.61776564
1956  1 17     4.67935164
1956  1 18     3.42926548
1956  1 19     2.64778070
1956  1 20     2.48786287
1956  1 21     2.69367097
1956  1 22     2.98200010
1956  1 23     4.65507675
1956  1 24     8.69183910
1956  1 25    15.74776731
1956  1 26    32.00968096
1956  1 27    35.33603019
1956  1 28    29.33336200
1956  1 29    14.63664208
1956  1 30    10.07750611
1956  1 31     7.88382102
1956  2  1     6.45066076
1956  2  2     5.48173678
1956  2  3     4.81173499
1956  2  4     4.33495892
1956  2  5     3.98294406
1956  2  6     3.71318271
1956  2  7     3.49819024
1956  2  8     3.32066280
1956  2  9     3.16945817
1956  2 10     3.03682376
1956  2 11     2.91803625
1956  2 12     2.80990807
1956  2 13     2.70985330
1956  2 14     2.61554353
1956  2 15     2.52836735
1956  2 16     2.44455153
1956  2 17     2.36523681
1956  2 18     2.35214386
1956  2 19     2.22684737
1956  2 20     2.16085796
1956  2 21     2.08709729
1956  2 22     2.02384103
1956  2 23     2.94440988
1956  2 24     6.89794867
1956  2 25     4.46074330
1956  2 26     5.55256657
1956  2 27     3.49127242
1956  2 28     2.99497878
1956  2 29     2.63105144
1956  3  1     2.37951611
1956  3  2     2.22437004
1956  3  3     2.13012903
1956  3  4     2.03044041
1956  3  5     1.88418051
1956  3  6     1.76951228
1956  3  7     1.69653977
1956  3  8     1.63277152
1956  3  9     1.61597197
1956  3 10     1.62169561
1956  3 11     1.60085542
1956  3 12     1.51965589
1956  3 13     1.47326449
1956  3 14     1.45304671
1956  3 15     1.40821159
1956  3 16     1.40231560
1956  3 17     1.40561263
1956  3 18     1.37660759
1956  3 19     1.32838842
1956  3 20     1.26917647
1956  3 21     1.26531670
1956  3 22     1.22427415
1956  3 23     1.20256696
1956  3 24     1.19041819
1956  3 25     1.16645771
1956  3 26     1.11337631
1956  3 27     1.04262708
1956  3 28     1.02487798
1956  3 29     1.01158513
1956  3 30     0.98695614
1956  3 31     3.95060678
1956  4  1     3.29477758
1956  4  2     2.10159706
1956  4  3     1.62324821
1956  4  4     1.46586116
1956  4  5     1.30915509
1956  4  6     1.24811767
1956  4  7     1.12595862
1956  4  8     1.04241712
1956  4  9     1.00228154
1956  4 10     0.93192451
1956  4 11     2.60796671
1956  4 12     8.69239611
1956  4 13    12.29123502
1956  4 14     5.80941859
1956  4 15     3.88241920
1956  4 16     3.22745823
1956  4 17     2.84482147
1956  4 18     2.59006291
1956  4 19     2.39376937
1956  4 20     2.22851529
1956  4 21     2.03958095
1956  4 22     1.84264082
1956  4 23     1.65414661
1956  4 24     1.52171385
1956  4 25     1.87457321
1956  4 26    10.98758937
1956  4 27     6.44441432
1956  4 28     3.76436491
1956  4 29     3.00653453
1956  4 30     2.51379775
1956  5  1     2.26879555
1956  5  2     1.97716846
1956  5  3     1.82655251
1956  5  4     1.99670741
1956  5  5     1.60029640
1956  5  6     3.87291315
1956  5  7     2.31211900
1956  5  8     1.92166126
1956  5  9     2.06394213
1956  5 10     6.10935786
1956  5 11     8.52829874
1956  5 12     4.51186250
1956  5 13     4.41313597
1956  5 14     2.98127910
1956  5 15     2.56745997
1956  5 16     2.18986485
1956  5 17     1.90772052
1956  5 18     1.71282810
1956  5 19     1.56502588
1956  5 20     1.45585602
1956  5 21     1.36988169
1956  5 22     1.29866429
1956  5 23     1.23922550
1956  5 24     1.18914756
1956  5 25     1.14279786
1956  5 26     1.09986050
1956  5 27     1.06210164
1956  5 28     1.02541591
1956  5 29     0.98988532
1956  5 30     0.95727856
1956  5 31     0.92637000
1956  6  1     0.89496384
1956  6  2     0.86558935
1956  6  3     0.83659519
1956  6  4     0.81174808
1956  6  5     0.78918878
1956  6  6     0.76403899
1956  6  7     0.73919949
1956  6  8     0.71415779
1956  6  9     0.69088289
1956  6 10     0.67027516
1956  6 11     0.65005430
1956  6 12     0.63003580
1956  6 13     0.61007932
1956  6 14     0.59327332
1956  6 15     0.57894991
1956  6 16     0.56134384
1956  6 17     0.54197890
1956  6 18     0.52186978
1956  6 19     0.50691123
1956  6 20     0.49398006
1956  6 21     0.47857281
1956  6 22     0.46203436
1956  6 23     0.44746150
1956  6 24     0.43445677
1956  6 25     0.42155517
1956  6 26     0.40683605
1956  6 27     0.39264811
1956  6 28     0.38022408
1956  6 29     0.36890036
1956  6 30     0.35856714
1956  7  1     0.35040894
1956  7  2     0.34195975
1956  7  3     0.33165863
1956  7  4     0.32059444
1956  7  5     0.31061766
1956  7  6     0.30115392
1956  7  7     0.29101301
1956  7  8     0.28146057
1956  7  9     0.27269477
1956  7 10     0.26495033
1956  7 11     0.25689172
1956  7 12     0.24980257
1956  7 13     0.24275377
1956  7 14     0.23535935
1956  7 15     0.22809813
1956  7 16     0.22114101
1956  7 17     0.21460234
1956  7 18     0.26860960
1956  7 19     0.52772663
1956  7 20     0.23340888
1956  7 21     0.19039177
1956  7 22     0.36834554
1956  7 23     0.20178254
1956  7 24     0.17404168
1956  7 25     0.16904153
1956  7 26     0.16395155
1956  7 27     0.15909875
1956  7 28     0.15440891
1956  7 29     0.14985732
1956  7 30     0.14543990
1956  7 31     0.14115269
1956  8  1     0.13699186
1956  8  2     0.13295368
1956  8  3     0.12903454
1956  8  4     0.12523092
1956  8  5     0.12153942
1956  8  6     0.11795674
1956  8  7     0.11447967
1956  8  8     0.11110510
1956  8  9     0.10782999
1956  8 10     0.10465143
1956  8 11     0.10156657
1956  8 12     0.09857264
1956  8 13     0.09566696
1956  8 14     0.09284694
1956  8 15     0.09011004
1956  8 16     0.08745382
1956  8 17     0.08487590
1956  8 18     0.08237397
1956  8 19     0.07994579
1956  8 20     0.07758919
1956  8 21     0.07530205
1956  8 22     0.07308233
1956  8 23     0.07092805
1956  8 24     0.06883727
1956  8 25     0.06680811
1956  8 26     0.06483878
1956  8 27     0.06292749
1956  8 28     0.06107255
1956  8 29     0.05927228
1956  8 30     0.05752508
1956  8 31     0.05582938
1956  9  1     0.05418367
1956  9  2     0.05258647
1956  9  3     0.05103635
1956  9  4     0.04953193
1956  9  5     0.04807185
1956  9  6     0.04665481
1956  9  7     0.04527954
1956  9  8     0.04394481
1956  9  9     0.04264943
1956  9 10     0.04139223
1956  9 11     0.04017209
1956  9 12     0.03898792
1956  9 13     0.03783865
1956  9 14     0.03672326
1956  9 15     0.03564075
1956  9 16     0.03459015
1956  9 17     0.03357052
1956  9 18     0.03258094
1956  9 19     0.03162054
1956  9 20     0.03068844
1956  9 21     0.02978382
1956  9 22     0.02890587
1956  9 23     0.02805380
1956  9 24     0.02722684
1956  9 25     0.02642426
1956  9 26     0.02564534
1956  9 27     0.02488938
1956  9 28     0.02415570
1956  9 29     0.02344365
1956  9 30     0.02275259
1956 10  1     0.02208190
1956 10  2     0.02143098
1956 10  3     0.02192142
1956 10  4     0.09186734
1956 10  5     0.55881395
1956 10  6     0.17736461
1956 10  7     0.07396035
1956 10  8     0.06649249
1956 10  9     0.02068425
1956 10 10     0.01686896
1956 10 11     0.01654521
1956 10 12     0.07090729
1956 10 13     0.02190684
1956 10 14     0.01496627
1956 10 15     0.01452496
1956 10 16     0.01409680
1956 10 17     0.01368126
1956 10 18     0.01327797
1956 10 19     0.01288657
1956 10 20     0.01250671
1956 10 21     0.01213804
1956 10 22     0.01178024
1956 10 23     0.01320260
1956 10 24     0.04159792
1956 10 25     0.01471708
1956 10 26     0.01050102
1956 10 27     0.01234860
1956 10 28     0.01012637
1956 10 29     0.01025192
1956 10 30     0.00935546
1956 10 31     0.41185806
1956 11  1     0.09225420
1956 11  2     0.01276328
1956 11  3     0.00822672
1956 11  4     0.00798412
1956 11  5     0.00774877
1956 11  6     0.00752035
1956 11  7     0.00729867
1956 11  8     0.00708352
1956 11  9     0.00687472
1956 11 10     0.00667207
1956 11 11     0.00647539
1956 11 12     0.00628452
1956 11 13     0.00609926
1956 11 14     0.00591947
1956 11 15     0.00574498
1956 11 16     0.00557563
1956 11 17     0.00541128
1956 11 18     0.00525177
1956 11 19     0.00509696
1956 11 20     0.00494671
1956 11 21     0.00480089
1956 11 22     0.00465938
1956 11 23     0.00452203
1956 11 24     0.00438873
1956 11 25     0.00425936
1956 11 26     0.00413381
1956 11 27     0.00401195
1956 11 28     0.00389369
1956 11 29     0.00377891
1956 11 30     0.00366752
1956 12  1     0.00355941
1956 12  2     0.00345449
1956 12  3     0.00335266
1956 12  4     0.00325383
1956 12  5     0.14799532
1956 12  6     1.73490999
1956 12  7     0.23754526
1956 12  8     0.01642092
1956 12  9     0.00592155
1956 12 10     0.00283446
1956 12 11     0.00263897
1956 12 12     0.00256118
1956 12 13     0.00248568
1956 12 14     0.00241241
1956 12 15     0.00234130
1956 12 16     0.00227228
1956 12 17     0.00220530
1956 12 18     0.00214029
1956 12 19     0.00207720
1956 12 20     0.00201597
1956 12 21     0.00195655
1956 12 22     0.00189887
1956 12 23     0.00184290
1956 12 24     0.00178857
1956 12 25     0.00173585
1956 12 26     0.00168468
1956 12 27     0.00163502
1956 12 28     0.00158683
1956 12 29     0.00154005
1956 12 30     0.00149465
1956 12 31     0.00145060
1957  1  1     0.00140784
1957  1  2     0.00136634
1957  1  3     0.00132606
1957  1  4     0.00128697
1957  1  5     0.00293942
1957  1  6     0.00171577
1957  1  7     0.00121357
1957  1  8     0.02066834
1957  1  9     0.00354911
1957  1 10     0.00149985
1957  1 11     0.00704082
1957  1 12     0.00809775
1957  1 13     0.74376293
1957  1 14     1.63242499
1957  1 15     0.47012267
1957  1 16     0.06529210
1957  1 17     0.01052600
1957  1 18     0.00572411
1957  1 19     0.00465224
1957  1 20     0.14334961
1957  1 21     0.79311397
1957  1 22     1.02837967
1957  1 23     0.16678560
1957  1 24     0.03368159
1957  1 25     0.01670376
1957  1 26     0.26768447
1957  1 27     0.27243697
1957  1 28     0.07370814
1957  1 29     0.12538921
1957  1 30     0.04084577
1957  1 31     0.02712936
1957  2  1     0.03684532
1957  2  2     0.03054038
1957  2  3     0.04201745
1957  2  4     0.03868642
1957  2  5     0.06778995
1957  2  6     0.12438269
1957  2  7     0.14730591
1957  2  8     3.45829959
1957  2  9     2.32730978
1957  2 10     1.01022459
1957  2 11     0.77554621
1957  2 12     0.70796875
1957  2 13     0.58577263
1957  2 14     0.51924555
1957  2 15     0.51635502
1957  2 16     0.52514307
1957  2 17     0.51693466
1957  2 18     0.51044069
1957  2 19     0.48528720
1957  2 20     0.45834475
1957  2 21     0.44124361
1957  2 22     0.41742277
1957  2 23     2.26462542
1957  2 24     0.93760487
1957  2 25     4.93799708
1957  2 26     1.79125181
1957  2 27     1.18618782
1957  2 28     5.09366783
1957  3  1     3.24433190
1957  3  2     2.51370455
1957  3  3     1.72444060
1957  3  4     2.41751733
1957  3  5     1.41406194
1957  3  6     1.19407195
1957  3  7     1.04147146
1957  3  8     0.92683179
1957  3  9     1.14226150
1957  3 10     1.35209433
1957  3 11     3.61284504
1957  3 12     1.59508047
1957  3 13     1.23241761
1957  3 14     1.05771018
1957  3 15     0.92301886
1957  3 16     5.74333617
1957  3 17     2.31523078
1957  3 18     1.64202379
1957  3 19     1.35338508
1957  3 20     1.13914887
1957  3 21     1.02433844
1957  3 22     0.88979714
1957  3 23     0.80994902
1957  3 24     0.75411215
1957  3 25     0.71294572
1957  3 26     0.67640078
1957  3 27     0.64901289
1957  3 28     0.62730930
1957  3 29     0.60330446
1957  3 30     0.62242991
1957  3 31     0.55945373
1957  4  1     0.55326907
1957  4  2     0.51647784
1957  4  3     0.50260987
1957  4  4     0.48078617
1957  4  5     0.46409179
1957  4  6     0.44935065
1957  4  7     0.43549174
1957  4  8     0.42159239
1957  4  9     0.40866968
1957  4 10     0.39609332
1957  4 11     0.38393573
1957  4 12     0.37219501
1957  4 13     0.36074528
1957  4 14     0.44637176
1957  4 15     0.37003037
1957  4 16     0.52634881
1957  4 17     0.38346816
1957  4 18    13.66177504
1957  4 19     5.70698971
1957  4 20     6.18909934
1957  4 21     4.24196256
1957  4 22     4.58499671
1957  4 23     2.81250722
1957  4 24     2.18924078
1957  4 25     1.76910860
1957  4 26     1.45518136
1957  4 27     1.25022876
1957  4 28     1.11231152
1957  4 29     1.02715940
1957  4 30     0.93624983
1957  5  1     0.84581936
1957  5  2     0.79256739
1957  5  3     0.75061964
1957  5  4     0.71474006
1957  5  5     0.68341384
1957  5  6     0.65566836
1957  5  7     0.63307941
1957  5  8     0.62679609
1957  5  9     0.58952650
1957  5 10     0.56737239
1957  5 11     1.07165555
1957  5 12     2.41045651
1957  5 13     1.18304791
1957  5 14     1.15084660
1957  5 15     0.95574746
1957  5 16     0.80550852
1957  5 17     0.71522381
1957  5 18     1.73200993
1957  5 19    44.48371274
1957  5 20    17.86603449
1957  5 21    14.80446235
1957  5 22     8.43112316
1957  5 23     6.23209265
1957  5 24     4.76550672
1957  5 25     3.84047125
1957  5 26     3.20999349
1957  5 27     2.77237496
1957  5 28     2.46360192
1957  5 29     2.23959094
1957  5 30     2.06872984
1957  5 31     1.93470272
1957  6  1     1.82515888
1957  6  2     1.73324749
1957  6  3     1.65355411
1957  6  4     1.58198852
1957  6  5     1.51815869
1957  6  6     1.46248320
1957  6  7     1.40894417
1957  6  8     1.35901928
1957  6  9     1.31835560
1957  6 10     2.04693376
1957  6 11     1.34745022
1957  6 12     1.19508783
1957  6 13     1.15343214
1957  6 14     1.11769218
1957  6 15     1.08211530
1957  6 16     1.04726685
1957  6 17     1.01207651
1957  6 18     0.97754891
1957  6 19     0.94641143
1957  6 20     0.91769310
1957  6 21     0.88943580
1957  6 22     0.86132468
1957  6 23     0.83342360
1957  6 24     0.80626586
1957  6 25     0.78073588
1957  6 26     0.75747399
1957  6 27     0.73534281
1957  6 28     0.71281729
1957  6 29     0.69196470
1957  6 30     0.67161797
1957  7  1     0.65115616
1957  7  2     0.63021843
1957  7  3     0.61168186
1957  7  4     0.59276380
1957  7  5     0.57489015
1957  7  6     0.55777667
1957  7  7     0.54133192
1957  7  8     0.52499575
1957  7  9     0.50914408
1957  7 10     0.49367738
1957  7 11     0.47900907
1957  7 12     0.46454055
1957  7 13     0.45115741
1957  7 14     0.43841993
1957  7 15     0.42501634
1957  7 16     0.41186968
1957  7 17     0.39961799
1957  7 18     0.38782937
1957  7 19     0.37641626
1957  7 20     0.36530406
1957  7 21     0.35477966
1957  7 22     0.34437774
1957  7 23     0.33396543
1957  7 24     0.32404721
1957  7 25     0.31448596
1957  7 26     0.30521282
1957  7 27     0.29621246
1957  7 28     0.28747841
1957  7 29     0.27900214
1957  7 30     0.27077594
1957  7 31     0.26279476
1957  8  1     0.25504783
1957  8  2     0.24753067
1957  8  3     0.24022859
1957  8  4     0.23314776
1957  8  5     0.22627581
1957  8  6     0.21960464
1957  8  7     0.21312891
1957  8  8     0.20684372
1957  8  9     0.20074581
1957  8 10     0.19482771
1957  8 11     0.18908575
1957  8 12     0.18351081
1957  8 13     0.17810115
1957  8 14     0.17285117
1957  8 15     0.16775595
1957  8 16     0.16281092
1957  8 17     0.15801166
1957  8 18     0.15335387
1957  8 19     0.14883338
1957  8 20     0.14444614
1957  8 21     0.14018822
1957  8 22     0.13605582
1957  8 23     0.13204524
1957  8 24     0.12815287
1957  8 25     0.12437524
1957  8 26     0.12070897
1957  8 27     0.11715077
1957  8 28     0.11369746
1957  8 29     0.11034594
1957  8 30     0.10709321
1957  8 31     0.10393637
1957  9  1     0.10087259
1957  9  2     0.09789911
1957  9  3     0.09501329
1957  9  4     0.09221254
1957  9  5     0.08949434
1957  9  6     0.08685627
1957  9  7     0.08429596
1957  9  8     0.08181113
1957  9  9     0.07939954
1957  9 10     0.07705904
1957  9 11     0.07478753
1957  9 12     0.07258298
1957  9 13     0.07044341
1957  9 14     0.06836692
1957  9 15     0.06635163
1957  9 16     0.06527677
1957  9 17     0.30567413
1957  9 18     0.12492219
1957  9 19     0.06310243
1957  9 20     0.05713212
1957  9 21     0.05544791
1957  9 22     0.05381345
1957  9 23     0.05222716
1957  9 24     0.05068763
1957  9 25     0.04919349
1957  9 26     0.04774339
1957  9 27     0.04633603
1957  9 28     0.04497016
1957  9 29     0.04477890
1957  9 30     0.04269524
1957 10  1     0.04113483
1957 10  2     0.03989760
1957 10  3     0.03872152
1957 10  4     0.03759206
1957 10  5     0.03647380
1957 10  6     0.03539723
1957 10  7     0.03435380
1957 10  8     0.03334114
1957 10  9     0.03235833
1957 10 10     0.03140448
1957 10 11     0.51191235
1957 10 12     0.17876714
1957 10 13     1.45114780
1957 10 14     0.76154799
1957 10 15     0.12911619
1957 10 16     0.02904467
1957 10 17     0.02547016
1957 10 18     0.02471932
1957 10 19     0.02399187
1957 10 20     0.14048733
1957 10 21     0.74852966
1957 10 22     0.11069184
1957 10 23     0.02153745
1957 10 24     0.02072162
1957 10 25     0.02014636
1957 10 26     0.01960080
1957 10 27     0.03127307
1957 10 28     0.02119342
1957 10 29     0.01803534
1957 10 30     0.01726251
1957 10 31     0.01675364
1957 11  1     0.01625979
1957 11  2     0.05763105
1957 11  3     1.43527367
1957 11  4     0.23435228
1957 11  5     0.02958415
1957 11  6     0.03047725
1957 11  7     0.01570644
1957 11  8     0.01353742
1957 11  9     0.01347505
1957 11 10     0.01362037
1957 11 11     0.01326401
1957 11 12     0.01224227
1957 11 13     0.01201269
1957 11 14     0.36372497
1957 11 15     0.40669721
1957 11 16     0.10766512
1957 11 17     0.04151227
1957 11 18     0.02500738
1957 11 19     0.02348401
1957 11 20     0.02244911
1957 11 21     0.02192458
1957 11 22     0.02018070
1957 11 23     0.01935211
1957 11 24     0.01889651
1957 11 25     0.01858645
1957 11 26     0.01759211
1957 11 27     0.01685674
1957 11 28     0.01611402
1957 11 29     0.01574342
1957 11 30     0.01527300
1957 12  1     0.01491425
1957 12  2     0.01450820
1957 12  3     0.01437276
1957 12  4     2.00527960
1957 12  5     1.90645338
1957 12  6     0.56295390
1957 12  7     0.30444689
1957 12  8     0.25756911
1957 12  9     0.23022712
1957 12 10     0.20973349
1957 12 11     0.19381377
1957 12 12     0.18096373
1957 12 13     0.17042654
1957 12 14     0.16140668
1957 12 15     0.31995356
1957 12 16     1.14078807
1957 12 17    10.69675204
1957 12 18     5.79851522
1957 12 19     3.80969944
1957 12 20     2.11130076
1957 12 21     1.61192824
1957 12 22     1.35754884
1957 12 23     1.10025177
1957 12 24     0.94035081
1957 12 25     0.83403618
1957 12 26     0.75741931
1957 12 27     0.69935122
1957 12 28     0.65271533
1957 12 29     0.61534249
1957 12 30     0.58403077
1957 12 31     0.55693406
1958  1  1     0.53311713
1958  1  2     0.51331136
1958  1  3     0.49259315
1958  1  4     0.47346055
1958  1  5     0.45631894
1958  1  6     0.44042557
1958  1  7     0.42524615
1958  1  8     0.41128109
1958  1  9     1.07785996
1958  1 10     0.93965787
1958  1 11     0.59129776
1958  1 12     0.52954747
1958  1 13     0.49044556
1958  1 14     0.44576661
1958  1 15     0.40833604
1958  1 16     0.38322037
1958  1 17     0.36355334
1958  1 18     0.34722522
1958  1 19     0.33278861
1958  1 20     0.32020471
1958  1 21     0.30895950
1958  1 22     0.29842291
1958  1 23     0.95023714
1958  1 24    15.68034819
1958  1 25    17.24802381
1958  1 26    17.90049108
1958  1 27    14.55067618
1958  1 28     7.38250423
1958  1 29     5.21533351
1958  1 30     9.04671029
1958  1 31     5.24042589
1958  2  1     3.82130810
1958  2  2     7.30607826
1958  2  3     8.43069319
1958  2  4     6.05567759
1958  2  5    11.37605877
1958  2  6     5.75175197
1958  2  7     4.33830395
1958  2  8     4.19732403
1958  2  9     4.03776781
1958  2 10     3.06878651
1958  2 11     2.78349214
1958  2 12     2.57916217
1958  2 13     9.57566920
1958  2 14     4.55503383
1958  2 15     3.52087708
1958  2 16     3.00448417
1958  2 17     2.62821847
1958  2 18     2.36950127
1958  2 19     5.55378605
1958  2 20     9.18867044
1958  2 21     4.61577307
1958  2 22     3.59429441
1958  2 23     3.04993319
1958  2 24     2.65292683
1958  2 25    22.59964802
1958  2 26    21.73645908
1958  2 27     9.76603113
1958  2 28     6.78444367
1958  3  1     5.97975322
1958  3  2     6.12875785
1958  3  3     4.37259437
1958  3  4     3.80172056
1958  3  5     3.40017568
1958  3  6     7.42519457
1958  3  7     6.28527234
1958  3  8     4.19878336
1958  3  9     4.06356535
1958  3 10     3.31604447
1958  3 11     3.16196686
1958  3 12     5.15677844
1958  3 13     6.48413483
1958  3 14     4.53071644
1958  3 15    15.13099027
1958  3 16    19.61211028
1958  3 17    21.08823361
1958  3 18    13.72489029
1958  3 19     8.41075757
1958  3 20     6.72507153
1958  3 21    14.35519369
1958  3 22    24.51789759
1958  3 23    11.53583266
1958  3 24    10.43616976
1958  3 25    10.87874668
1958  3 26     7.18096847
1958  3 27     6.08652098
1958  3 28     8.83685136
1958  3 29     5.82217920
1958  3 30     5.13685258
1958  3 31    12.71719284
1958  4  1    12.16509674
1958  4  2    17.35362560
1958  4  3    26.47553334
1958  4  4    26.11782735
1958  4  5    13.73431709
1958  4  6     9.70695195
1958  4  7    11.51853242
1958  4  8     9.74099350
1958  4  9     7.34691968
1958  4 10     6.56912387
1958  4 11     6.13089542
1958  4 12     5.79510742
1958  4 13     5.43272483
1958  4 14     5.20527767
1958  4 15     4.95772368
1958  4 16     4.77503260
1958  4 17     4.63395882
1958  4 18     4.47252560
1958  4 19     4.31786291
1958  4 20     4.31247721
1958  4 21     4.23325717
1958  4 22     4.09778706
1958  4 23     3.67738019
1958  4 24     3.46501393
1958  4 25     3.34548883
1958  4 26     3.30749358
1958  4 27     3.27719729
1958  4 28     3.23196126
1958  4 29     3.17354374
1958  4 30     3.15447645
1958  5  1     3.10856551
1958  5  2     3.11998703
1958  5  3     2.95778492
1958  5  4     2.90506281
1958  5  5     2.86040568
1958  5  6     2.80147061
1958  5  7     2.71429684
1958  5  8     2.65747330
1958  5  9     2.58312088
1958  5 10     2.45714031
1958  5 11     2.70152046
1958  5 12     4.92902117
1958  5 13     2.83474197
1958  5 14     2.49762088
1958  5 15     2.41964837
1958  5 16     2.33164857
1958  5 17     2.25994071
1958  5 18     2.17169186
1958  5 19     2.08104073
1958  5 20     1.98232063
1958  5 21     1.80705605
1958  5 22     1.73623448
1958  5 23     1.81451220
1958  5 24     1.60336348
1958  5 25     1.52503598
1958  5 26     1.47188588
1958  5 27     1.42408792
1958  5 28     1.37850985
1958  5 29     1.33304286
1958  5 30     1.28975588
1958  5 31     1.24942981
1958  6  1     1.21316084
1958  6  2     1.17699110
1958  6  3     1.17840074
1958  6  4     1.11218872
1958  6  5     1.06833804
1958  6  6     1.03834923
1958  6  7     1.00787871
1958  6  8     0.97870824
1958  6  9     0.94882461
1958  6 10     0.91923123
1958  6 11     0.89070541
1958  6 12     0.87234961
1958  6 13     0.84342794
1958  6 14     0.81316054
1958  6 15     0.78434112
1958  6 16     0.75693372
1958  6 17     0.73579383
1958  6 18     0.71577847
1958  6 19     0.69586472
1958  6 20     0.67558948
1958  6 21     0.65319658
1958  6 22     0.63043096
1958  6 23     0.61284661
1958  6 24     0.59802983
1958  6 25     0.57908240
1958  6 26     0.55803195
1958  6 27     0.53981488
1958  6 28     0.52474012
1958  6 29     0.51118850
1958  6 30     0.49948409
1958  7  1     0.48337223
1958  7  2     0.46840604
1958  7  3     0.45250622
1958  7  4     0.43740023
1958  7  5     0.42303754
1958  7  6     0.40868659
1958  7  7     0.39554437
1958  7  8     0.38349810
1958  7  9     0.37135901
1958  7 10     0.35936204
1958  7 11     0.34870716
1958  7 12     0.33836537
1958  7 13     0.32815643
1958  7 14     0.31944216
1958  7 15     0.31207360
1958  7 16     0.30516237
1958  7 17     0.29632745
1958  7 18     0.28724125
1958  7 19     0.27616532
1958  7 20     0.26648605
1958  7 21     0.25860314
1958  7 22     0.25087574
1958  7 23     0.24393864
1958  7 24     0.23675462
1958  7 25     0.22934220
1958  7 26     0.22161394
1958  7 27     0.21499158
1958  7 28     0.23379503
1958  7 29     0.36276190
1958  7 30     0.21581999
1958  7 31     0.19074099
1958  8  1     0.18511812
1958  8  2     0.17966109
1958  8  3     0.17436509
1958  8  4     0.16922524
1958  8  5     0.16423690
1958  8  6     0.15939561
1958  8  7     0.15470502
1958  8  8     0.15013816
1958  8  9     0.14571128
1958  8 10     0.14141607
1958  8 11     0.13724748
1958  8 12     0.13320176
1958  8 13     0.12927530
1958  8 14     0.12546459
1958  8 15     0.12176621
1958  8 16     0.11819638
1958  8 17     0.44406966
1958  8 18     0.15209310
1958  8 19     0.10803214
1958  8 20     0.10484670
1958  8 21     0.10175608
1958  8 22     0.09875657
1958  8 23     0.09584547
1958  8 24     0.09302018
1958  8 25     0.09027818
1958  8 26     0.08761700
1958  8 27     0.08503427
1958  8 28     0.08252767
1958  8 29     0.08009496
1958  8 30     0.07773396
1958  8 31     0.07544256
1958  9  1     0.07321870
1958  9  2     0.07106039
1958  9  3     0.06896571
1958  9  4     0.06693277
1958  9  5     0.06495976
1958  9  6     0.06304491
1958  9  7     0.30279679
1958  9  8     0.14758778
1958  9  9     0.06470790
1958  9 10     0.05593372
1958  9 11     0.05428477
1958  9 12     0.05268459
1958  9 13     0.05113158
1958  9 14     0.04962435
1958  9 15     0.04816155
1958  9 16     0.04674186
1958  9 17     0.04536403
1958  9 18     0.04402681
1958  9 19     0.04272901
1958  9 20     0.04146947
1958  9 21     0.04024705
1958  9 22     0.29384363
1958  9 23     1.00114424
1958  9 24     0.36764124
1958  9 25     0.08020180
1958  9 26     0.03553541
1958  9 27     0.03363316
1958  9 28     0.03264174
1958  9 29     0.03167954
1958  9 30     0.03074571
1958 10  1     0.02983940
1958 10  2     0.02895981
1958 10  3     0.02810614
1958 10  4     0.02727764
1958 10  5     0.02647357
1958 10  6     0.02569319
1958 10  7     0.02493582
1958 10  8     0.02420078
1958 10  9     0.02348740
1958 10 10     0.02279505
1958 10 11     0.02212311
1958 10 12     0.02147097
1958 10 13     0.02083806
1958 10 14     0.02022381
1958 10 15     0.01962766
1958 10 16     0.01904908
1958 10 17     0.01848756
1958 10 18     0.01794260
1958 10 19     0.01741369
1958 10 20     0.01690038
1958 10 21     0.01640220
1958 10 22     0.01591870
1958 10 23     0.01544946
1958 10 24     0.01499405
1958 10 25     0.01455206
1958 10 26     0.01426421
1958 10 27     0.01372884
1958 10 28     0.01330275
1958 10 29     0.01291061
1958 10 30     0.01253004
1958 10 31     0.01216069
1958 11  1     0.01180222
1958 11  2     0.01145432
1958 11  3     0.01111668
1958 11  4     0.01078898
1958 11  5     0.01047095
1958 11  6     0.01016229
1958 11  7     0.00986273
1958 11  8     0.00957201
1958 11  9     0.00928985
1958 11 10     0.02070978
1958 11 11     0.16578397
1958 11 12     0.02715009
1958 11 13     0.00824267
1958 11 14     0.00799902
1958 11 15     0.70120409
1958 11 16     0.14917544
1958 11 17     0.02168966
1958 11 18     0.02481506
1958 11 19     0.04632973
1958 11 20     0.04632199
1958 11 21     0.02355125
1958 11 22     0.01286193
1958 11 23     0.00744900
1958 11 24     0.00620863
1958 11 25     0.00636082
1958 11 26     0.00646753
1958 11 27     0.00556528
1958 11 28     0.00526157
1958 11 29     0.00511939
1958 11 30     0.00495864
1958 12  1     0.00480985
1958 12  2     0.00466807
1958 12  3     0.00459191
1958 12  4     0.00463029
1958 12  5     0.00447788
1958 12  6     0.00419237
1958 12  7     0.00402306
1958 12  8     0.00390096
1958 12  9     0.00378597
1958 12 10     0.00367436
1958 12 11     0.00356605
1958 12 12     0.00346093
1958 12 13     0.00335891
1958 12 14     0.00325990
1958 12 15     0.00316381
1958 12 16     0.00307055
1958 12 17     0.00298004
1958 12 18     0.00289219
1958 12 19     0.00280694
1958 12 20     0.00272420
1958 12 21     0.00264389
1958 12 22     0.00591968
1958 12 23     0.00294641
1958 12 24     0.00241692
1958 12 25     0.00448520
1958 12 26     0.00253506
1958 12 27     0.01795925
1958 12 28     0.04607932
1958 12 29     0.00719270
1958 12 30     0.00201985
1958 12 31     0.00196020
1959  1  1     0.00190242
1959  1  2     0.00184634
1959  1  3     0.00179191
1959  1  4     0.00173909
1959  1  5     0.00219285
1959  1  6     1.81165190
1959  1  7     0.42683832
1959  1  8     0.06258448
1959  1  9     0.00342704
1959  1 10     0.06638936
1959  1 11     0.02468263
1959  1 12     0.00322284
1959  1 13     0.07127634
1959  1 14     0.01210206
1959  1 15     0.00135521
1959  1 16     0.00121448
1959  1 17     0.00117868
1959  1 18     0.00114393
1959  1 19     0.00111021
1959  1 20     0.00107749
1959  1 21     0.00104573
1959  1 22     0.00101490
1959  1 23     0.00098498
1959  1 24     0.00095595
1959  1 25     0.00204886
1959  1 26     0.01433106
1959  1 27     0.00272677
1959  1 28     0.00084816
1959  1 29     0.00082312
1959  1 30     0.00079885
1959  1 31     0.00077531
1959  2  1     0.00075245
1959  2  2     0.00073027
1959  2  3     0.00070875
1959  2  4     0.00068785
1959  2  5     0.00066758
1959  2  6     0.00064790
1959  2  7     0.00111894
1959  2  8     0.62722709
1959  2  9     0.09366466
1959  2 10     0.08263010
1959  2 11     2.75556452
1959  2 12     2.36907272
1959  2 13     0.51017119
1959  2 14     0.21169640
1959  2 15     0.15025909
1959  2 16     2.52180647
1959  2 17     3.82143911
1959  2 18     1.30070753
1959  2 19     3.32621419
1959  2 20     1.21279272
1959  2 21     0.81871124
1959  2 22     3.05347187
1959  2 23     1.08001491
1959  2 24     0.74757624
1959  2 25     0.63626515
1959  2 26     0.58514877
1959  2 27     0.56603321
1959  2 28     0.58778184
1959  3  1     0.63680908
1959  3  2     0.68938280
1959  3  3     0.74228336
1959  3  4     0.80152554
1959  3  5     0.85510694
1959  3  6     0.89384295
1959  3  7     0.90865713
1959  3  8     0.95301462
1959  3  9     0.93857420
1959  3 10     0.85233356
1959  3 11     0.84316370
1959  3 12     0.87706921
1959  3 13     0.88083734
1959  3 14     0.78791499
1959  3 15     0.75745725
1959  3 16     0.79518372
1959  3 17     0.77562863
1959  3 18     0.73000850
1959  3 19     0.66614570
1959  3 20     0.63632698
1959  3 21     0.60816422
1959  3 22     0.57510553
1959  3 23     1.38514182
1959  3 24     1.06939708
1959  3 25     0.68582204
1959  3 26     0.61617800
1959  3 27     0.58116689
1959  3 28     0.54087683
1959  3 29     0.51370258
1959  3 30     0.49437478
1959  3 31     0.47576455
1959  4  1     0.46771299
1959  4  2     0.46495119
1959  4  3     0.44491721
1959  4  4     0.42835595
1959  4  5     0.41263376
1959  4  6     0.39755821
1959  4  7     0.37532255
1959  4  8     0.35762878
1959  4  9     0.34529712
1959  4 10     0.33416546
1959  4 11     0.32350241
1959  4 12     0.31327176
1959  4 13     0.30344233
1959  4 14     0.29400796
1959  4 15     0.28495399
1959  4 16     0.27619407
1959  4 17     0.26772797
1959  4 18     0.25957629
1959  4 19     0.25168347
1959  4 20     0.24404686
1959  4 21     0.23667227
1959  4 22     0.22954691
1959  4 23     0.22264600
1959  4 24     0.21598271
1959  4 25     0.21905694
1959  4 26     1.11933590
1959  4 27     2.71005273
1959  4 28     0.91592354
1959  4 29     0.59427410
1959  4 30     0.49154966
1959  5  1     0.41324038
1959  5  2     0.97391931
1959  5  3     0.44307066
1959  5  4     0.41207282
1959  5  5     0.37139411
1959  5  6     0.34325734
1959  5  7     0.30293941
1959  5  8     0.27748749
1959  5  9     0.26042707
1959  5 10     0.24671861
1959  5 11     0.23512945
1959  5 12     0.22507794
1959  5 13     0.21636488
1959  5 14     0.20832297
1959  5 15     0.20095431
1959  5 16     0.19404061
1959  5 17     0.18752631
1959  5 18     0.18139170
1959  5 19     0.17554278
1959  5 20     0.16991766
1959  5 21     0.16449488
1959  5 22     0.15931815
1959  5 23     0.15438815
1959  5 24     0.14959668
1959  5 25     0.22029105
1959  5 26     0.14970033
1959  5 27     0.13625516
1959  5 28     0.13213278
1959  5 29     0.12813583
1959  5 30     0.12427888
1959  5 31     0.12055568
1959  6  1     0.11695319
1959  6  2     0.11346363
1959  6  3     0.11008315
1959  6  4     0.10680748
1959  6  5     0.10363277
1959  6  6     0.10055542
1959  6  7     0.09757201
1959  6  8     0.09467931
1959  6  9     0.09187425
1959  6 10     0.08915391
1959  6 11     0.08651550
1959  6 12     0.08395635
1959  6 13     0.08147427
1959  6 14     0.07906576
1959  6 15     0.07672949
1959  6 16     0.07446292
1959  6 17     0.07226384
1959  6 18     0.07013035
1959  6 19     0.06805989
1959  6 20     0.06605107
1959  6 21     0.06410185
1959  6 22     0.06221040
1959  6 23     0.06037498
1959  6 24     0.05859389
1959  6 25     0.05686550
1959  6 26     0.05518949
1959  6 27     0.05356157
1959  6 28     0.05198097
1959  6 29     0.05044777
1959  6 30     0.04896016
1959  7  1     0.04751812
1959  7  2     0.04611614
1959  7  3     0.04475880
1959  7  4     0.04343776
1959  7  5     0.04215598
1959  7  6     0.04091404
1959  7  7     0.03970570
1959  7  8     0.03853654
1959  7  9     0.03739897
1959  7 10     0.03629647
1959  7 11     0.03522654
1959  7 12     0.03418815
1959  7 13     0.03318037
1959  7 14     0.03220229
1959  7 15     0.03125305
1959  7 16     0.03033179
1959  7 17     0.02943768
1959  7 18     0.02856993
1959  7 19     0.02772776
1959  7 20     0.02691042
1959  7 21     0.02611933
1959  7 22     0.02534744
1959  7 23     0.02460005
1959  7 24     0.02387490
1959  7 25     0.02317113
1959  7 26     0.02248810
1959  7 27     0.02182521
1959  7 28     0.02118186
1959  7 29     0.02055747
1959  7 30     0.01995256
1959  7 31     0.01936563
1959  8  1     0.01879321
1959  8  2     0.01823858
1959  8  3     0.01770088
1959  8  4     0.01717910
1959  8  5     0.01667273
1959  8  6     0.01618123
1959  8  7     0.01570425
1959  8  8     0.01524133
1959  8  9     0.01479500
1959  8 10     0.01435649
1959  8 11     0.01393284
1959  8 12     0.01352213
1959  8 13     0.01312353
1959  8 14     0.01273668
1959  8 15     0.01236127
1959  8 16     0.01199686
1959  8 17     0.01164322
1959  8 18     0.01130001
1959  8 19     0.01096691
1959  8 20     0.01064372
1959  8 21     0.01033777
1959  8 22     0.01002858
1959  8 23     0.00973051
1959  8 24     0.00944989
1959  8 25     0.00916559
1959  8 26     0.00889421
1959  8 27     0.00863411
1959  8 28     0.00837769
1959  8 29     0.00813059
1959  8 30     0.00789209
1959  8 31     0.00765841
1959  9  1     0.00743248
1959  9  2     0.00721339
1959  9  3     0.00700076
1959  9  4     0.00679440
1959  9  5     0.00659411
1959  9  6     0.00639974
1959  9  7     0.00621109
1959  9  8     0.00602800
1959  9  9     0.00585031
1959  9 10     0.00567786
1959  9 11     0.00551049
1959  9 12     0.29442905
1959  9 13     0.11484372
1959  9 14     0.01396966
1959  9 15     0.00488912
1959  9 16     0.00474480
1959  9 17     0.00460494
1959  9 18     0.00446919
1959  9 19     0.12548876
1959  9 20     0.24797395
1959  9 21     0.03114377
1959  9 22     0.00396571
1959  9 23     0.00384820
1959  9 24     0.00373476
1959  9 25     0.00362467
1959  9 26     0.00351782
1959  9 27     0.00341413
1959  9 28     0.00331349
1959  9 29     0.00321581
1959  9 30     0.00312102
1959 10  1     0.00302902
1959 10  2     0.00293973
1959 10  3     0.00285308
1959 10  4     0.00276897
1959 10  5     0.00268735
1959 10  6     0.00260813
1959 10  7     0.00253125
1959 10  8     0.00245664
1959 10  9     0.00238422
1959 10 10     0.00231394
1959 10 11     0.00224573
1959 10 12     0.00217953
1959 10 13     0.00211529
1959 10 14     0.00205293
1959 10 15     0.00199242
1959 10 16     0.00193369
1959 10 17     0.00187669
1959 10 18     0.00182137
1959 10 19     0.00176768
1959 10 20     0.00171557
1959 10 21     0.00166500
1959 10 22     0.00161592
1959 10 23     0.00156829
1959 10 24     0.00152206
1959 10 25     0.00147719
1959 10 26     0.00143365
1959 10 27     0.00139139
1959 10 28     0.00135037
1959 10 29     0.00131057
1959 10 30     0.05626939
1959 10 31     0.00781877
1959 11  1     0.00119821
1959 11  2     0.00116274
1959 11  3     0.00112846
1959 11  4     0.00109520
1959 11  5     0.00106291
1959 11  6     0.00103158
1959 11  7     0.00100117
1959 11  8     0.00097166
1959 11  9     0.00094302
1959 11 10     0.00091522
1959 11 11     0.00088824
1959 11 12     0.00086206
1959 11 13     0.00083665
1959 11 14     0.00081199
1959 11 15     0.00078805
1959 11 16     0.00076482
1959 11 17     0.00074228
1959 11 18     0.00072040
1959 11 19     0.00069916
1959 11 20     0.00067855
1959 11 21     0.00065855
1959 11 22     0.00063914
1959 11 23     0.00062030
1959 11 24     0.00060201
1959 11 25     0.00058427
1959 11 26     0.00056704
1959 11 27     0.00055033
1959 11 28     0.00053411
1959 11 29     0.00051836
1959 11 30     0.00050308
1959 12  1     0.00048825
1959 12  2     0.00047386
1959 12  3     0.00045989
1959 12  4     0.00044633
1959 12  5     0.00043318
1959 12  6     0.00042041
1959 12  7     0.00040802
1959 12  8     0.00039599
1959 12  9     0.00038432
1959 12 10     0.00037299
1959 12 11     0.00036199
1959 12 12     0.00035132
1959 12 13     0.03776178
1959 12 14     0.02270901
1959 12 15     0.00475641
1959 12 16     0.00159191
1959 12 17     0.00052875
1959 12 18     0.00030653
1959 12 19     0.00028493
1959 12 20     0.00027654
1959 12 21     0.18643383
1959 12 22     0.05774608
1959 12 23     0.00434319
1959 12 24     0.21777429
1959 12 25     1.58069315
1959 12 26     0.28953735
1959 12 27     0.03243460
1959 12 28     0.00274449
1959 12 29     0.00042126
1959 12 30     0.00037938
1959 12 31     0.26504605
1960  1  1     0.03379989
1960  1  2     0.00027422
1960  1  3     0.00019326
1960  1  4     0.00018784
1960  1  5     0.00017998
1960  1  6     0.00017365
1960  1  7     0.00016954
1960  1  8     0.00022512
1960  1  9     0.00036184
1960  1 10     0.02879518
1960  1 11     0.47686322
1960  1 12     1.35817547
1960  1 13     0.18376515
1960  1 14     0.11727843
1960  1 15     0.75892982
1960  1 16     0.13429856
1960  1 17     0.03432366
1960  1 18     0.01410799
1960  1 19     0.01170079
1960  1 20     0.01182458
1960  1 21     0.05938431
1960  1 22     0.20417836
1960  1 23     0.04797509
1960  1 24     0.02973997
1960  1 25     0.63495375
1960  1 26     0.60599399
1960  1 27     0.10965382
1960  1 28     0.01809721
1960  1 29     0.01972627
1960  1 30     0.01782801
1960  1 31     0.01678498
1960  2  1     0.06414398
1960  2  2    12.84322513
1960  2  3     3.04699560
1960  2  4     4.18000735
1960  2  5     1.86986910
1960  2  6     1.31869161
1960  2  7     1.06995336
1960  2  8     0.97913733
1960  2  9    19.11668379
1960  2 10    14.87207416
1960  2 11     6.79886070
1960  2 12     4.01378587
1960  2 13     3.04374604
1960  2 14     2.38651712
1960  2 15     1.94791076
1960  2 16     1.65804855
1960  2 17     1.47058564
1960  2 18     1.35950897
1960  2 19     6.41320026
1960  2 20     2.82744733
1960  2 21     2.09171282
1960  2 22     1.73801746
1960  2 23     1.47617105
1960  2 24     1.29601686
1960  2 25     1.17439070
1960  2 26     1.08211058
1960  2 27     1.02951724
1960  2 28     0.98385984
1960  2 29     1.81640028
1960  3  1     1.57730799
1960  3  2     3.44781209
1960  3  3     1.86351016
1960  3  4     1.57554948
1960  3  5     1.39436035
1960  3  6     1.30979628
1960  3  7     1.27825637
1960  3  8     1.20738340
1960  3  9     1.09330295
1960  3 10     1.03813036
1960  3 11     1.02351457
1960  3 12     1.00189761
1960  3 13     2.89079397
1960  3 14     1.49331443
1960  3 15     1.30061871
1960  3 16     1.18159343
1960  3 17     1.10569465
1960  3 18     1.07724790
1960  3 19     1.08267119
1960  3 20     1.08707660
1960  3 21     1.11535604
1960  3 22     1.11829483
1960  3 23     1.05191363
1960  3 24     0.99780663
1960  3 25     0.99462257
1960  3 26     0.98166377
1960  3 27     0.98870173
1960  3 28    16.63020231
1960  3 29     6.24307299
1960  3 30     3.77724060
1960  3 31     2.98290674
1960  4  1     2.32925483
1960  4  2     1.98576502
1960  4  3     1.80686496
1960  4  4     1.69062757
1960  4  5     1.58884923
1960  4  6     1.44719110
1960  4  7     1.30937063
1960  4  8     1.20498001
1960  4  9     1.15019834
1960  4 10     1.09689489
1960  4 11     1.04553914
1960  4 12     1.62836219
1960  4 13     1.07465195
1960  4 14     1.02081692
1960  4 15     0.96725234
1960  4 16     0.91974558
1960  4 17     0.89445342
1960  4 18     0.87450229
1960  4 19     0.83174940
1960  4 20     0.79806723
1960  4 21     0.77200733
1960  4 22     0.73865443
1960  4 23     1.01892731
1960  4 24     2.40821675
1960  4 25     1.24172802
1960  4 26     1.11469449
1960  4 27     4.94514762
1960  4 28    14.21716127
1960  4 29     6.43281207
1960  4 30     3.87873391
1960  5  1     3.03654878
1960  5  2     2.46714893
1960  5  3     2.00690716
1960  5  4     1.70250887
1960  5  5     1.91697724
1960  5  6     1.45762593
1960  5  7     1.40728780
1960  5  8     1.32725956
1960  5  9     1.18110994
1960  5 10     1.08948310
1960  5 11     1.02293419
1960  5 12     0.96886203
1960  5 13     0.92459235
1960  5 14     0.88558565
1960  5 15     0.85065239
1960  5 16     0.81898801
1960  5 17     0.78931468
1960  5 18     0.76202241
1960  5 19     0.73593108
1960  5 20     0.71045447
1960  5 21     0.68690632
1960  5 22     0.67354427
1960  5 23     0.64680014
1960  5 24     0.62512726
1960  5 25     0.60470669
1960  5 26     0.58423464
1960  5 27     0.56549882
1960  5 28     0.54729583
1960  5 29     0.52974629
1960  5 30     0.51339395
1960  5 31     0.49686892
1960  6  1     0.48049274
1960  6  2     0.46472827
1960  6  3     0.44999504
1960  6  4     0.43614824
1960  6  5     0.42353859
1960  6  6     0.41156324
1960  6  7     0.39985468
1960  6  8     0.38831455
1960  6  9     0.37698664
1960  6 10     0.36474562
1960  6 11     0.35285880
1960  6 12     0.34175549
1960  6 13     0.33088912
1960  6 14     0.32095116
1960  6 15     0.31140470
1960  6 16     0.30201304
1960  6 17     0.29305862
1960  6 18     0.28445658
1960  6 19     0.27614964
1960  6 20     0.26818175
1960  6 21     0.25998484
1960  6 22     0.25223982
1960  6 23     0.24478761
1960  6 24     0.23756461
1960  6 25     0.23055585
1960  6 26     0.22375450
1960  6 27     0.21715443
1960  6 28     0.21074984
1960  6 29     0.20453395
1960  6 30     0.19850206
1960  7  1     0.19264849
1960  7  2     0.18697167
1960  7  3     0.18145945
1960  7  4     0.17610533
1960  7  5     0.17091053
1960  7  6     0.16587240
1960  7  7     0.16098538
1960  7  8     0.15623633
1960  7  9     0.15162967
1960  7 10     0.14716127
1960  7 11     0.14282405
1960  7 12     0.13861002
1960  7 13     0.13452388
1960  7 14     0.13055711
1960  7 15     0.12670895
1960  7 16     0.12297330
1960  7 17     0.11934875
1960  7 18     0.11583013
1960  7 19     0.11241564
1960  7 20     0.10910190
1960  7 21     0.10588585
1960  7 22     0.10276460
1960  7 23     0.09973535
1960  7 24     0.09679540
1960  7 25     0.09394211
1960  7 26     0.09117293
1960  7 27     0.08848538
1960  7 28     0.08587705
1960  7 29     0.08339549
1960  7 30     0.08455761
1960  7 31     0.18418818
1960  8  1     0.08847661
1960  8  2     0.07394466
1960  8  3     0.07176468
1960  8  4     0.06964924
1960  8  5     0.06759615
1960  8  6     0.06560358
1960  8  7     0.06366975
1960  8  8     0.06179293
1960  8  9     0.05997142
1960  8 10     0.05820362
1960  8 11     0.05648792
1960  8 12     0.05482279
1960  8 13     0.05320675
1960  8 14     0.05163835
1960  8 15     0.05011618
1960  8 16     0.04863888
1960  8 17     0.04720513
1960  8 18     0.04581364
1960  8 19     0.04446317
1960  8 20     0.04315250
1960  8 21     0.04188047
1960  8 22     0.04064594
1960  8 23     0.03944780
1960  8 24     0.03828498
1960  8 25     0.03715643
1960  8 26     0.03606115
1960  8 27     0.03499816
1960  8 28     0.03396650
1960  8 29     0.03296525
1960  8 30     0.03199352
1960  8 31     0.03105043
1960  9  1     0.03013514
1960  9  2     0.02924683
1960  9  3     0.32745463
1960  9  4     0.06312165
1960  9  5     0.02673678
1960  9  6     0.02594784
1960  9  7     0.02518296
1960  9  8     0.02444063
1960  9  9     0.02372018
1960  9 10     0.09120921
1960  9 11     0.03711757
1960  9 12     0.02248378
1960  9 13     0.02104461
1960  9 14     0.02042425
1960  9 15     0.01982219
1960  9 16     0.01923788
1960  9 17     0.01867080
1960  9 18     0.01812043
1960  9 19     0.01758628
1960  9 20     0.01706788
1960  9 21     0.01656476
1960  9 22     0.01607648
1960  9 23     0.01560258
1960  9 24     0.01514266
1960  9 25     0.01469629
1960  9 26     0.01426308
1960  9 27     0.01384264
1960  9 28     0.01343459
1960  9 29     0.01303857
1960  9 30     0.01265423
1960 10  1     0.01228121
1960 10  2     0.01191919
1960 10  3     0.01156785
1960 10  4     0.01122685
1960 10  5     0.01089591
1960 10  6     0.52888685
1960 10  7     0.16749067
1960 10  8     0.04018030
1960 10  9     0.08753789
1960 10 10     0.01842927
1960 10 11     0.00910557
1960 10 12     0.00883696
1960 10 13     0.00857647
1960 10 14     0.00832366
1960 10 15     0.00807829
1960 10 16     0.00784017
1960 10 17     0.00760906
1960 10 18     0.00738476
1960 10 19     0.00716708
1960 10 20     0.00695581
1960 10 21     0.00675077
1960 10 22     0.00655177
1960 10 23     0.00635864
1960 10 24     0.00617121
1960 10 25     0.00598930
1960 10 26     0.00581275
1960 10 27     0.00572192
1960 10 28     0.00548685
1960 10 29     0.00531371
1960 10 30     0.00515708
1960 10 31     0.00500506
1960 11  1     0.00485752
1960 11  2     0.00471434
1960 11  3     0.03394517
1960 11  4     0.71598990
1960 11  5     0.22888936
1960 11  6     1.09879002
1960 11  7     0.61445509
1960 11  8     0.11514148
1960 11  9     0.01354143
1960 11 10     0.00403211
1960 11 11     0.00361434
1960 11 12     0.09058038
1960 11 13     1.15699897
1960 11 14     0.54827119
1960 11 15     0.08274253
1960 11 16     0.00624213
1960 11 17     0.00306194
1960 11 18     0.00293970
1960 11 19     0.09231533
1960 11 20     0.01639565
1960 11 21     0.00279761
1960 11 22     0.00259139
1960 11 23     0.00251500
1960 11 24     0.00244087
1960 11 25     0.01452195
1960 11 26     0.05290480
1960 11 27     1.23144364
1960 11 28     0.20014854
1960 11 29     0.03091157
1960 11 30     0.01055413
1960 12  1     0.01895325
1960 12  2     2.66609372
1960 12  3     0.75462370
1960 12  4     0.23891373
1960 12  5     0.18107228
1960 12  6     0.16476918
1960 12  7     0.15312231
1960 12  8     0.14351658
1960 12  9     0.13530088
1960 12 10     0.12817297
1960 12 11     0.12195575
1960 12 12     0.11628149
1960 12 13     0.11117090
1960 12 14     0.10662746
1960 12 15     0.10249313
1960 12 16     0.09819188
1960 12 17     0.09441523
1960 12 18     0.09101300
1960 12 19     0.08788207
1960 12 20     0.08450346
1960 12 21     0.08164459
1960 12 22     0.07872075
1960 12 23     0.07613907
1960 12 24     0.07398326
1960 12 25     0.07146500
1960 12 26     0.06893612
1960 12 27     0.06655617
1960 12 28     0.06439506
1960 12 29     0.06235647
1960 12 30     0.06039868
1960 12 31     0.05851789
1961  1  1     0.05670538
1961  1  2     0.05495888
1961  1  3     0.05327663
1961  1  4     0.05165215
1961  1  5     0.05008244
1961  1  6     0.04856623
1961  1  7     0.04711101
1961  1  8     0.04594184
1961  1  9     0.04436926
1961  1 10     0.04303097
1961  1 11     0.04218685
1961  1 12     0.04093129
1961  1 13     0.03931709
1961  1 14     0.03807792
1961  1 15     0.03694672
1961  1 16     0.03584870
1961  1 17     0.03478489
1961  1 18     0.03375357
1961  1 19     0.03299162
1961  1 20     0.03246475
1961  1 21     0.03161315
1961  1 22     0.03138761
1961  1 23     0.03074467
1961  1 24     0.02953956
1961  1 25     0.02903605
1961  1 26     0.61748625
1961  1 27     2.75238573
1961  1 28     0.66129157
1961  1 29     0.29988985
1961  1 30     0.29005741
1961  1 31     0.22401192
1961  2  1     0.20119983
1961  2  2     0.19072615
1961  2  3     0.22358757
1961  2  4     0.17104011
1961  2  5     0.15385985
1961  2  6     0.14626369
1961  2  7     0.14900323
1961  2  8     0.16357391
1961  2  9     0.13137571
1961  2 10     0.12285976
1961  2 11     0.12063123
1961  2 12     1.13397744
1961  2 13     0.32964484
1961  2 14     0.22217206
1961  2 15     0.20141891
1961  2 16     0.35333704
1961  2 17     0.21202731
1961  2 18     0.17559049
1961  2 19     0.16430900
1961  2 20     0.15362923
1961  2 21     0.14634108
1961  2 22     0.14167916
1961  2 23     0.13227083
1961  2 24     0.12786512
1961  2 25     0.12904947
1961  2 26     0.11963331
1961  2 27     0.11489524
1961  2 28     0.11115070
1961  3  1     0.10784770
1961  3  2     0.10716855
1961  3  3     0.54888059
1961  3  4     0.16630280
1961  3  5     0.14739932
1961  3  6     3.58356360
1961  3  7     0.98081442
1961  3  8     0.52766312
1961  3  9     0.45838245
1961  3 10     0.38746977
1961  3 11     0.34113550
1961  3 12     0.31210868
1961  3 13     0.29864759
1961  3 14     0.30997196
1961  3 15     2.02818904
1961  3 16     4.97715608
1961  3 17     4.17744819
1961  3 18     1.91638803
1961  3 19     1.26328803
1961  3 20     1.04093154
1961  3 21     0.89018861
1961  3 22     0.79459818
1961  3 23     0.74286024
1961  3 24     0.70808128
1961  3 25     5.56898559
1961  3 26     1.99423212
1961  3 27     1.74659115
1961  3 28     2.97807739
1961  3 29     1.52575141
1961  3 30     1.26851154
1961  3 31     1.12861631
1961  4  1     0.97544021
1961  4  2     0.87316263
1961  4  3     0.81533926
1961  4  4     0.76196942
1961  4  5     0.70305388
1961  4  6     0.65280405
1961  4  7     0.94748119
1961  4  8     0.62650787
1961  4  9     0.56658756
1961  4 10     0.54393770
1961  4 11     0.52234588
1961  4 12     0.50270290
1961  4 13     0.61178883
1961  4 14     0.57922493
1961  4 15     0.47629024
1961  4 16     0.45372998
1961  4 17     0.43614285
1961  4 18     0.41937044
1961  4 19     0.40430514
1961  4 20     0.39035159
1961  4 21     0.37724630
1961  4 22     2.15967686
1961  4 23     1.05380840
1961  4 24     0.93342239
1961  4 25     0.66698958
1961  4 26     0.58605529
1961  4 27     0.51171326
1961  4 28     0.46026205
1961  4 29     0.42217805
1961  4 30     0.39349444
1961  5  1     0.37110665
1961  5  2     0.35287736
1961  5  3     0.33744039
1961  5  4     0.32399955
1961  5  5     0.31196606
1961  5  6     0.31962256
1961  5  7     3.17849970
1961  5  8     1.16080972
1961  5  9     0.85704387
1961  5 10     0.68419088
1961  5 11     0.56092840
1961  5 12     0.48806569
1961  5 13     0.43263978
1961  5 14     0.38503008
1961  5 15     0.35469940
1961  5 16     0.33218399
1961  5 17     0.31421053
1961  5 18     0.29928414
1961  5 19     0.29173193
1961  5 20     0.75974149
1961  5 21     0.32799992
1961  5 22     0.27246193
1961  5 23     0.26332713
1961  5 24     0.25285850
1961  5 25     0.24343813
1961  5 26     0.23483721
1961  5 27     0.22685561
1961  5 28     0.21932040
1961  5 29     0.21230247
1961  5 30     0.20538481
1961  5 31     0.19884987
1961  6  1     0.24435438
1961  6  2     0.21361772
1961  6  3     0.18906327
1961  6  4     0.17587735
1961  6  5     0.16982895
1961  6  6     0.16467475
1961  6  7     0.15969416
1961  6  8     0.15487848
1961  6  9     0.15023300
1961  6 10     0.14571578
1961  6 11     0.14136038
1961  6 12     0.13714722
1961  6 13     0.13306531
1961  6 14     0.12910935
1961  6 15     0.12527481
1961  6 16     0.12155743
1961  6 17     0.11795315
1961  6 18     0.11445815
1961  6 19     0.11106875
1961  6 20     0.10778149
1961  6 21     0.10459314
1961  6 22     0.10150018
1961  6 23     0.09849988
1961  6 24     0.09558923
1961  6 25     0.09276772
1961  6 26     0.09002807
1961  6 27     0.08736751
1961  6 28     0.08478808
1961  6 29     0.08228573
1961  6 30     0.07986014
1961  7  1     0.07750218
1961  7  2     0.07521404
1961  7  3     0.08327624
1961  7  4     0.07204611
1961  7  5     0.06875252
1961  7  6     0.06672519
1961  7  7     0.06475860
1961  7  8     0.06284824
1961  7  9     0.06099364
1961  7 10     0.05919726
1961  7 11     0.05745106
1961  7 12     0.05575634
1961  7 13     0.05411300
1961  7 14     0.05251694
1961  7 15     0.05096914
1961  7 16     0.04946568
1961  7 17     0.04800735
1961  7 18     0.04659124
1961  7 19     0.04521788
1961  7 20     0.04388437
1961  7 21     0.04259074
1961  7 22     0.04133527
1961  7 23     0.04011681
1961  7 24     0.03893427
1961  7 25     0.03778658
1961  7 26     0.03667273
1961  7 27     0.03559171
1961  7 28     0.03454255
1961  7 29     0.03352432
1961  7 30     0.03253729
1961  7 31     0.03157800
1961  8  1     0.03064623
1961  8  2     0.02974277
1961  8  3     0.02886603
1961  8  4     0.02801513
1961  8  5     0.09260750
1961  8  6     0.32499602
1961  8  7     0.06105302
1961  8  8     0.02485625
1961  8  9     0.02412241
1961  8 10     0.02380477
1961  8 11     0.47495190
1961  8 12     0.10440748
1961  8 13     0.02481306
1961  8 14     0.02077066
1961  8 15     0.02015832
1961  8 16     0.01956410
1961  8 17     0.01898740
1961  8 18     0.01842770
1961  8 19     0.01788450
1961  8 20     0.02749546
1961  8 21     0.01818299
1961  8 22     0.02732006
1961  8 23     0.10664676
1961  8 24     0.02647007
1961  8 25     0.01494575
1961  8 26     0.01450494
1961  8 27     0.01407737
1961  8 28     0.01366240
1961  8 29     0.01325967
1961  8 30     0.01286881
1961  8 31     0.01248947
1961  9  1     0.01212131
1961  9  2     0.01176400
1961  9  3     0.01141723
1961  9  4     0.01108068
1961  9  5     0.01075405
1961  9  6     0.01043704
1961  9  7     0.01012939
1961  9  8     0.00983080
1961  9  9     0.00985361
1961  9 10     0.00930194
1961  9 11     0.00898681
1961  9 12     0.00872190
1961  9 13     0.00846480
1961  9 14     0.00821528
1961  9 15     0.00797311
1961  9 16     0.00773809
1961  9 17     0.01530553
1961  9 18     0.00837833
1961  9 19     0.00707379
1961  9 20     0.00686524
1961  9 21     0.00666287
1961  9 22     0.00646647
1961  9 23     0.00627585
1961  9 24     0.00609086
1961  9 25     0.00591131
1961  9 26     0.00573706
1961  9 27     0.00556795
1961  9 28     0.00540382
1961  9 29     0.00524453
1961  9 30     0.00508993
1961 10  1     0.00493989
1961 10  2     0.00479428
1961 10  3     0.00465295
1961 10  4     0.00451580
1961 10  5     0.00438268
1961 10  6     0.00425349
1961 10  7     0.00412811
1961 10  8     0.00400642
1961 10  9     0.00388832
1961 10 10     0.00377371
1961 10 11     0.00366247
1961 10 12     0.00355451
1961 10 13     0.00344973
1961 10 14     0.00334804
1961 10 15     0.00324935
1961 10 16     0.00315356
1961 10 17     0.00306060
1961 10 18     0.00297039
1961 10 19     0.00288283
1961 10 20     0.00279785
1961 10 21     0.00388657
1961 10 22     0.04935508
1961 10 23     0.00815926
1961 10 24     0.00248239
1961 10 25     0.00240908
1961 10 26     0.00233807
1961 10 27     0.00226915
1961 10 28     0.00220226
1961 10 29     0.00213734
1961 10 30     0.00207434
1961 10 31     0.00201319
1961 11  1     0.00195385
1961 11  2     0.00189626
1961 11  3     0.00184036
1961 11  4     0.00178611
1961 11  5     0.00173346
1961 11  6     0.00168236
1961 11  7     0.00163277
1961 11  8     0.00158464
1961 11  9     0.00153793
1961 11 10     0.00149259
1961 11 11     0.00144860
1961 11 12     0.00140589
1961 11 13     0.00136445
1961 11 14     0.00132423
1961 11 15     0.00128520
1961 11 16     0.00124731
1961 11 17     0.00121054
1961 11 18     0.00117486
1961 11 19     0.00114023
1961 11 20     0.52025345
1961 11 21     2.22608074
1961 11 22     0.32657078
1961 11 23     0.03885761
1961 11 24     0.01019987
1961 11 25     0.42057488
1961 11 26     0.62519909
1961 11 27     0.09779666
1961 11 28     0.00506956
1961 11 29     0.01296688
1961 11 30     0.24493481
1961 12  1     0.05134428
1961 12  2     1.02788903
1961 12  3     0.89056275
1961 12  4     0.23480384
1961 12  5     0.08141612
1961 12  6     0.05734070
1961 12  7     0.05265483
1961 12  8     0.04933110
1961 12  9     0.04650903
1961 12 10     0.04404207
1961 12 11     0.04184843
1961 12 12     0.03986203
1961 12 13     0.03805283
1961 12 14     0.03639341
1961 12 15     0.03486716
1961 12 16     0.03345339
1961 12 17     0.03318200
1961 12 18     0.03102322
1961 12 19     0.03427575
1961 12 20     0.02948211
1961 12 21     0.02799384
1961 12 22     0.02701280
1961 12 23     0.02606887
1961 12 24     0.02521671
1961 12 25     0.02431881
1961 12 26     0.02341647
1961 12 27     0.02254390
1961 12 28     0.02180575
1961 12 29     0.02111313
1961 12 30     0.02044644
1961 12 31     0.01980526
1962  1  1     0.01970468
1962  1  2     0.01896086
1962  1  3     0.01837358
1962  1  4     0.01772749
1962  1  5     0.01721333
1962  1  6     0.01673240
1962  1  7     0.01596345
1962  1  8     0.01543522
1962  1  9     0.01497067
1962  1 10     0.01475017
1962  1 11     0.01452346
1962  1 12     0.02003770
1962  1 13     1.85518033
1962  1 14     0.57552304
1962  1 15     0.19860822
1962  1 16     0.14433433
1962  1 17     0.12869744
1962  1 18     0.12026886
1962  1 19     0.11552548
1962  1 20    11.47857097
1962  1 21     6.11548925
1962  1 22     2.93228577
1962  1 23     1.72324844
1962  1 24     1.34964320
1962  1 25     1.09904146
1962  1 26     0.94530166
1962  1 27     0.86754556
1962  1 28     0.81805655
1962  1 29     0.79289713
1962  1 30     0.76565449
1962  1 31     0.74138249
1962  2  1     0.68481129
1962  2  2     0.65435578
1962  2  3     0.61381430
1962  2  4     0.57748694
1962  2  5     0.54306953
1962  2  6     0.51812545
1962  2  7     2.64449856
1962  2  8     9.71057830
1962  2  9    12.18792152
1962  2 10    17.61586571
1962  2 11    20.75601721
1962  2 12    19.49796592
1962  2 13     9.45842513
1962  2 14     9.36958505
1962  2 15    10.03700851
1962  2 16    14.65699594
1962  2 17    14.71327077
1962  2 18     8.20059052
1962  2 19    16.41347648
1962  2 20    12.26911939
1962  2 21     7.83799332
1962  2 22     5.95444989
1962  2 23     4.88125863
1962  2 24     4.99025615
1962  2 25     5.54752194
1962  2 26     5.45400216
1962  2 27     4.12929322
1962  2 28     3.62018454
1962  3  1     3.30050558
1962  3  2     3.15414777
1962  3  3     3.59959243
1962  3  4     3.02905733
1962  3  5     3.15917817
1962  3  6    10.50508667
1962  3  7    14.37939800
1962  3  8     7.81384515
1962  3  9     6.08533619
1962  3 10     6.79433979
1962  3 11     5.19539428
1962  3 12     4.05544436
1962  3 13     3.55929608
1962  3 14     3.25468780
1962  3 15     3.08629165
1962  3 16     2.91772661
1962  3 17     2.70022961
1962  3 18     2.54774270
1962  3 19     2.48927694
1962  3 20     2.62610503
1962  3 21     2.39259634
1962  3 22     2.36371444
1962  3 23     7.33066541
1962  3 24     3.85672544
1962  3 25     3.23213199
1962  3 26     3.06041487
1962  3 27     2.89185763
1962  3 28     2.76321798
1962  3 29     2.49645914
1962  3 30     2.27555777
1962  3 31     2.19917338
1962  4  1     2.23261063
1962  4  2     2.19293168
1962  4  3     2.18770279
1962  4  4     2.23939322
1962  4  5     2.29008298
1962  4  6     2.28133533
1962  4  7     2.27820751
1962  4  8     2.18866930
1962  4  9     2.10423108
1962  4 10     2.00527650
1962  4 11     2.00616840
1962  4 12     2.09126480
1962  4 13     2.10921238
1962  4 14     2.07150105
1962  4 15     1.90052398
1962  4 16     1.76493792
1962  4 17     1.70294160
1962  4 18     1.68674889
1962  4 19     1.61868477
1962  4 20     1.52994200
1962  4 21     1.43286966
1962  4 22     1.42407515
1962  4 23     1.41831700
1962  4 24     1.37849936
1962  4 25     1.31019128
1962  4 26     1.24766167
1962  4 27     1.21242667
1962  4 28     1.27152112
1962  4 29     1.21426740
1962  4 30     1.07549164
1962  5  1     1.05138840
1962  5  2     1.04440814
1962  5  3     1.04155745
1962  5  4     1.03713762
1962  5  5     1.01263064
1962  5  6     0.91409188
1962  5  7     0.86254540
1962  5  8     0.82628626
1962  5  9     0.79441414
1962  5 10     0.76720332
1962  5 11     0.74205331
1962  5 12     0.82270750
1962  5 13     0.71035356
1962  5 14     0.79284935
1962  5 15     0.82043112
1962  5 16     0.82231084
1962  5 17     0.66263126
1962  5 18     0.60823326
1962  5 19     0.57886827
1962  5 20     0.56147753
1962  5 21     0.54476875
1962  5 22     0.52580544
1962  5 23     0.50910241
1962  5 24     0.49625169
1962  5 25     0.48157472
1962  5 26     0.46683102
1962  5 27     0.49829245
1962  5 28     0.52079875
1962  5 29     0.43320055
1962  5 30     0.41016628
1962  5 31     0.39814061
1962  6  1     0.38529980
1962  6  2     0.37258056
1962  6  3     0.36212501
1962  6  4     0.35355374
1962  6  5     0.34250144
1962  6  6     0.33132033
1962  6  7     0.32048470
1962  6  8     0.30979754
1962  6  9     0.29948797
1962  6 10     0.29085697
1962  6 11     0.28310895
1962  6 12     0.27469836
1962  6 13     0.26684530
1962  6 14     0.27668534
1962  6 15     0.27947849
1962  6 16     0.24799157
1962  6 17     0.23595529
1962  6 18     0.22736529
1962  6 19     0.21993624
1962  6 20     0.21337091
1962  6 21     0.20709427
1962  6 22     0.20097018
1962  6 23     0.19507115
1962  6 24     0.18932153
1962  6 25     0.18375079
1962  6 26     0.17833741
1962  6 27     0.17306106
1962  6 28     0.16790546
1962  6 29     0.16294777
1962  6 30     0.15814445
1962  7  1     0.15348215
1962  7  2     0.14895769
1962  7  3     0.14456669
1962  7  4     0.14030515
1962  7  5     0.13616924
1962  7  6     0.13215525
1962  7  7     0.12825959
1962  7  8     0.12447878
1962  7  9     0.12080942
1962  7 10     0.11724855
1962  7 11     0.11379222
1962  7 12     0.11246992
1962  7 13     0.10742498
1962  7 14     0.10402288
1962  7 15     0.10095635
1962  7 16     0.09798036
1962  7 17     0.09509214
1962  7 18     0.09228906
1962  7 19     0.08956861
1962  7 20     0.08692835
1962  7 21     0.08436592
1962  7 22     0.08187902
1962  7 23     0.07946543
1962  7 24     0.07712299
1962  7 25     0.07484960
1962  7 26     0.07264322
1962  7 27     0.07050187
1962  7 28     0.06842365
1962  7 29     0.06640670
1962  7 30     0.06444919
1962  7 31     0.06254939
1962  8  1     0.06070559
1962  8  2     0.05891614
1962  8  3     0.05717944
1962  8  4     0.05549393
1962  8  5     0.05385811
1962  8  6     0.05227050
1962  8  7     0.05072970
1962  8  8     0.04923431
1962  8  9     0.04778301
1962  8 10     0.04637448
1962  8 11     0.04500748
1962  8 12     0.04368077
1962  8 13     0.04239317
1962  8 14     0.04114353
1962  8 15     0.03993072
1962  8 16     0.03875366
1962  8 17     0.03761130
1962  8 18     0.03650261
1962  8 19     0.03542660
1962  8 20     0.03438231
1962  8 21     0.03336881
1962  8 22     0.03238518
1962  8 23     0.03143055
1962  8 24     0.03050405
1962  8 25     0.02960487
1962  8 26     0.02873219
1962  8 27     0.02788524
1962  8 28     0.02706325
1962  8 29     0.02626549
1962  8 30     0.02549125
1962  8 31     0.02473983
1962  9  1     0.02401056
1962  9  2     0.02330279
1962  9  3     0.02261588
1962  9  4     0.02194922
1962  9  5     0.02130221
1962  9  6     0.02067428
1962  9  7     0.02006485
1962  9  8     0.01947339
1962  9  9     0.01889936
1962  9 10     0.01834226
1962  9 11     0.01780157
1962  9 12     0.01727683
1962  9 13     0.01676755
1962  9 14     0.01627328
1962  9 15     0.01579359
1962  9 16     0.01532803
1962  9 17     0.01487620
1962  9 18     0.01443769
1962  9 19     0.01401210
1962  9 20     0.01359906
1962  9 21     0.01319819
1962  9 22     0.01280914
1962  9 23     0.01243156
1962  9 24     0.01206511
1962  9 25     0.01170946
1962  9 26     0.12826379
1962  9 27     0.02512909
1962  9 28     0.01070452
1962  9 29     0.01038865
1962  9 30     0.01008242
1962 10  1     0.00978522
1962 10  2     0.00949677
1962 10  3     0.00921683
1962 10  4     0.00894514
1962 10  5     0.00877595
1962 10  6     0.00844180
1962 10  7     0.00817719
1962 10  8     0.00793615
1962 10  9     0.00770221
1962 10 10     0.00747517
1962 10 11     0.00725482
1962 10 12     0.00704096
1962 10 13     0.00683341
1962 10 14     0.89261426
1962 10 15     0.22192716
1962 10 16     0.02048344
1962 10 17     0.00617972
1962 10 18     0.00588390
1962 10 19     0.00571046
1962 10 20     0.00554213
1962 10 21     0.00537876
1962 10 22     0.00522021
1962 10 23     0.00506633
1962 10 24     0.00491699
1962 10 25     0.00477205
1962 10 26     0.00463138
1962 10 27     0.00449486
1962 10 28     0.00436236
1962 10 29     0.00423377
1962 10 30     0.00410897
1962 10 31     0.00398785
1962 11  1     0.00387029
1962 11  2     0.00375621
1962 11  3     0.00364548
1962 11  4     0.00353802
1962 11  5     0.00343373
1962 11  6     0.00333251
1962 11  7     0.00323428
1962 11  8     0.00313894
1962 11  9     0.00304641
1962 11 10     0.00295661
1962 11 11     0.13300778
1962 11 12     0.01834657
1962 11 13     0.00270315
1962 11 14     0.00262311
1962 11 15     0.00266992
1962 11 16     0.00248705
1962 11 17     0.00239791
1962 11 18     0.00232723
1962 11 19     0.00225863
1962 11 20     0.00219205
1962 11 21     0.00212743
1962 11 22     0.00206472
1962 11 23     0.00200386
1962 11 24     0.00194479
1962 11 25     0.00188746
1962 11 26     0.00183183
1962 11 27     0.00177783
1962 11 28     0.00172542
1962 11 29     0.00321659
1962 11 30     0.00185240
1962 12  1     0.00157730
1962 12  2     0.00153080
1962 12  3     0.00148567
1962 12  4     0.00144188
1962 12  5     0.00139938
1962 12  6     0.00135983
1962 12  7     0.00131812
1962 12  8     0.00127919
1962 12  9     0.00124148
1962 12 10     0.00120488
1962 12 11     0.00116937
1962 12 12     0.00113490
1962 12 13     0.00110144
1962 12 14     0.00106898
1962 12 15     0.00103746
1962 12 16     0.00100688
1962 12 17     0.00113752
1962 12 18     0.01185130
1962 12 19     0.00222227
1962 12 20     0.00089334
1962 12 21     0.00086698
1962 12 22     0.00084142
1962 12 23     0.00081662
1962 12 24     0.00079254
1962 12 25     0.00076918
1962 12 26     0.00074651
1962 12 27     0.00072450
1962 12 28     0.00070315
1962 12 29     0.00068242
1962 12 30     0.00066230
1962 12 31     0.00064278
1963  1  1     0.00062383
1963  1  2     0.00060544
1963  1  3     0.00058760
1963  1  4     0.00057028
1963  1  5     0.00055347
1963  1  6     0.00053715
1963  1  7     0.00052132
1963  1  8     0.00050595
1963  1  9     0.00049104
1963  1 10     0.00047656
1963  1 11     0.00046251
1963  1 12     0.00044888
1963  1 13     0.00043565
1963  1 14     0.00042281
1963  1 15     0.00041034
1963  1 16     0.00039825
1963  1 17     0.00038651
1963  1 18     0.00037511
1963  1 19     0.00036406
1963  1 20     0.00035333
1963  1 21     0.00034291
1963  1 22     0.00033280
1963  1 23     0.00032299
1963  1 24     0.00031347
1963  1 25     0.00030423
1963  1 26     0.00029526
1963  1 27     0.00028656
1963  1 28     0.00027811
1963  1 29     0.00026991
1963  1 30     3.86071421
1963  1 31     5.83636254
1963  2  1    39.93288757
1963  2  2    18.82886950
1963  2  3     7.64075801
1963  2  4     5.16620139
1963  2  5     3.94903678
1963  2  6     3.14208329
1963  2  7     2.60186771
1963  2  8     2.23584715
1963  2  9     1.98975195
1963  2 10    14.07573571
1963  2 11    12.84788919
1963  2 12     7.43696609
1963  2 13     6.03285129
1963  2 14     6.61696957
1963  2 15     5.17649923
1963  2 16     3.74880675
1963  2 17     3.18522779
1963  2 18     2.74726392
1963  2 19     2.43036534
1963  2 20     2.20021474
1963  2 21     2.02971966
1963  2 22     1.89825755
1963  2 23     1.79256906
1963  2 24     1.70447153
1963  2 25     1.62853132
1963  2 26     1.56177289
1963  2 27     1.50172104
1963  2 28     1.44648102
1963  3  1     1.39525164
1963  3  2     1.34752840
1963  3  3     1.30409573
1963  3  4     1.26563553
1963  3  5     1.21974907
1963  3  6     1.17990490
1963  3  7     1.14238918
1963  3  8     1.10617330
1963  3  9     1.38445821
1963  3 10     1.20036345
1963  3 11     1.02371994
1963  3 12     0.98328777
1963  3 13     0.95264197
1963  3 14     0.92311045
1963  3 15     2.97485927
1963  3 16     1.62286818
1963  3 17     8.74744166
1963  3 18     3.71609534
1963  3 19     2.64230092
1963  3 20     2.32050913
1963  3 21     2.31384024
1963  3 22     2.44438088
1963  3 23     2.63388075
1963  3 24     2.09337340
1963  3 25     1.75171015
1963  3 26     1.66850103
1963  3 27     1.68398134
1963  3 28    15.73707302
1963  3 29     6.82099272
1963  3 30     4.12340460
1963  3 31     3.26866379
1963  4  1     4.54117716
1963  4  2     5.18550434
1963  4  3     3.32463306
1963  4  4     2.98973280
1963  4  5     2.60084574
1963  4  6     2.30369510
1963  4  7     9.90646109
1963  4  8    11.93264919
1963  4  9     8.75724036
1963  4 10     5.22781374
1963  4 11     4.09611827
1963  4 12     3.40978230
1963  4 13     2.93462274
1963  4 14     2.76094634
1963  4 15    18.28868950
1963  4 16     8.96401660
1963  4 17     8.58874705
1963  4 18     5.48676272
1963  4 19     5.04429301
1963  4 20     4.86409382
1963  4 21    12.92008353
1963  4 22     6.22630075
1963  4 23     4.84386676
1963  4 24     4.34376479
1963  4 25     3.88088708
1963  4 26     8.07634904
1963  4 27     5.55629273
1963  4 28     4.14617221
1963  4 29     3.86033300
1963  4 30     3.58361250
1963  5  1     3.24632823
1963  5  2     2.94280149
1963  5  3     2.70882566
1963  5  4     2.57441695
1963  5  5     2.45124764
1963  5  6     2.35581404
1963  5  7     2.27154125
1963  5  8     2.18439734
1963  5  9     5.74514197
1963  5 10     3.19186145
1963  5 11     5.02145137
1963  5 12     3.56924475
1963  5 13     2.86974011
1963  5 14     2.58130302
1963  5 15     2.29765102
1963  5 16     2.07586763
1963  5 17     1.92007470
1963  5 18     1.80111235
1963  5 19     1.70582364
1963  5 20     1.62723472
1963  5 21     1.56033374
1963  5 22     1.50134529
1963  5 23     1.44718153
1963  5 24     1.39770210
1963  5 25     1.35010727
1963  5 26     1.30559046
1963  5 27     1.26303607
1963  5 28     1.26563171
1963  5 29     1.28491400
1963  5 30     1.15901093
1963  5 31     1.11163392
1963  6  1     1.07720663
1963  6  2     1.04209806
1963  6  3     1.01765959
1963  6  4     0.98927347
1963  6  5     0.95277110
1963  6  6     0.94241442
1963  6  7     0.91644071
1963  6  8     0.87035372
1963  6  9     0.84132510
1963  6 10     0.81632147
1963  6 11     0.87354198
1963  6 12     1.01641155
1963  6 13     0.97654656
1963  6 14     0.75158362
1963  6 15     0.70578312
1963  6 16     0.68228808
1963  6 17     0.66065286
1963  6 18     0.63992868
1963  6 19     0.62097143
1963  6 20     0.60319324
1963  6 21     0.58782084
1963  6 22     0.57257402
1963  6 23     0.55630480
1963  6 24     0.54019989
1963  6 25     0.52093759
1963  6 26     0.50359638
1963  6 27     0.48880468
1963  6 28     0.47628569
1963  6 29     0.46407214
1963  6 30     0.44874168
1963  7  1     0.43283576
1963  7  2     0.42006485
1963  7  3     0.40809301
1963  7  4     0.39595101
1963  7  5     0.38396652
1963  7  6     0.37206864
1963  7  7     0.36086185
1963  7  8     0.34994882
1963  7  9     0.33912456
1963  7 10     0.32782975
1963  7 11     0.31658189
1963  7 12     0.30634936
1963  7 13     0.29684234
1963  7 14     0.28775816
1963  7 15     0.27929463
1963  7 16     0.27167935
1963  7 17     0.26382702
1963  7 18     0.25570128
1963  7 19     0.24775992
1963  7 20     0.24006070
1963  7 21     0.23259001
1963  7 22     0.22569386
1963  7 23     0.21880220
1963  7 24     0.21232520
1963  7 25     0.20625133
1963  7 26     0.20004376
1963  7 27     0.19406283
1963  7 28     0.18833365
1963  7 29     0.18278190
1963  7 30     0.17739390
1963  7 31     0.17216591
1963  8  1     0.16708973
1963  8  2     0.16216412
1963  8  3     0.15738392
1963  8  4     0.15274469
1963  8  5     0.14824210
1963  8  6     0.14387232
1963  8  7     0.15128008
1963  8  8     1.09389462
1963  8  9     0.35468929
1963  8 10     0.14014239
1963  8 11     0.12388139
1963  8 12     0.12022940
1963  8 13     0.11668534
1963  8 14     0.11324574
1963  8 15     0.10990754
1963  8 16     0.10666774
1963  8 17     0.10352344
1963  8 18     0.10047183
1963  8 19     0.09751017
1963  8 20     0.09463581
1963  8 21     0.09184618
1963  8 22     0.08913878
1963  8 23     0.08651119
1963  8 24     0.08396106
1963  8 25     0.08148610
1963  8 26     0.07908409
1963  8 27     0.07675289
1963  8 28     0.07449040
1963  8 29     0.07229461
1963  8 30     0.07016354
1963  8 31     0.06809530
1963  9  1     0.06608802
1963  9  2     0.06413991
1963  9  3     0.06224922
1963  9  4     0.06115232
1963  9  5     0.12306774
1963  9  6     0.06459185
1963  9  7     0.05522851
1963  9  8     0.05359965
1963  9  9     0.05201966
1963  9 10     0.05048625
1963  9 11     0.04899804
1963  9 12     0.04755370
1963  9 13     0.04615194
1963  9 14     0.04479149
1963  9 15     0.04347115
1963  9 16     0.04218973
1963  9 17     0.04094608
1963  9 18     0.49201553
1963  9 19     0.68150068
1963  9 20     0.27460810
1963  9 21     0.05532764
1963  9 22     0.03525702
1963  9 23     0.03421732
1963  9 24     0.03320868
1963  9 25     0.03222977
1963  9 26     0.03127971
1963  9 27     0.03035767
1963  9 28     0.02946280
1963  9 29     0.02859431
1963  9 30     0.02775142
1963 10  1     0.02693338
1963 10  2     0.02613945
1963 10  3     0.02536892
1963 10  4     0.02475339
1963 10  5     0.02391353
1963 10  6     0.02319096
1963 10  7     0.02250735
1963 10  8     0.02184389
1963 10  9     0.02119999
1963 10 10     0.02057506
1963 10 11     0.15435455
1963 10 12     0.62097960
1963 10 13     0.10444647
1963 10 14     0.01910807
1963 10 15     0.01771614
1963 10 16     0.55774820
1963 10 17     0.47562837
1963 10 18     0.27756758
1963 10 19     0.07268728
1963 10 20     0.01683670
1963 10 21     0.01758819
1963 10 22     0.01473843
1963 10 23     0.01416365
1963 10 24     0.01493718
1963 10 25     0.01332205
1963 10 26     0.01276167
1963 10 27     0.01238522
1963 10 28     0.01201992
1963 10 29     0.01166542
1963 10 30     0.01132139
1963 10 31     0.01098752
1963 11  1     0.01066352
1963 11  2     0.01171449
1963 11  3     0.01072358
1963 11  4     0.00981766
1963 11  5     0.00952460
1963 11  6     1.22498084
1963 11  7     1.18883647
1963 11  8     0.22222957
1963 11  9     0.07879432
1963 11 10     0.07382715
1963 11 11     0.06918171
1963 11 12     0.06526874
1963 11 13     0.06170721
1963 11 14     0.05879568
1963 11 15     2.47065575
1963 11 16     3.20619754
1963 11 17     0.96584803
1963 11 18     0.57334493
1963 11 19     0.47277080
1963 11 20     3.79728208
1963 11 21     8.83477502
1963 11 22     2.97700974
1963 11 23     1.95433149
1963 11 24     3.16043394
1963 11 25     1.66025278
1963 11 26     1.30889247
1963 11 27     1.09162320
1963 11 28     0.92845743
1963 11 29     0.81495204
1963 11 30     0.73363863
1963 12  1     0.67409763
1963 12  2     0.62766810
1963 12  3     0.59048415
1963 12  4     0.55985056
1963 12  5     0.53359466
1963 12  6     0.51079172
1963 12  7     0.49019377
1963 12  8     0.47164561
1963 12  9     2.00159425
1963 12 10     1.91982901
1963 12 11     0.99768623
1963 12 12     0.84443794
1963 12 13     0.72518510
1963 12 14     0.63226382
1963 12 15     0.56711579
1963 12 16     0.51995874
1963 12 17     0.48457313
1963 12 18     0.45670231
1963 12 19     0.43410442
1963 12 20     0.41500838
1963 12 21     0.40073962
1963 12 22     0.38335277
1963 12 23     0.36964524
1963 12 24     0.35739419
1963 12 25     0.34524583
1963 12 26     0.33366526
1963 12 27     0.32308825
1963 12 28     0.31292681
1963 12 29     0.30351007
1963 12 30     0.29475573
1963 12 31     0.28630710
1964  1  1     0.27742025
1964  1  2     0.27501007
1964  1  3     0.26218153
1964  1  4     0.25299257
1964  1  5     0.24533308
1964  1  6     0.23782210
1964  1  7     0.23062394
1964  1  8     0.22387342
1964  1  9     0.21695449
1964  1 10     0.21051981
1964  1 11     0.20420838
1964  1 12     0.19801677
1964  1 13     0.19215183
1964  1 14     0.19721344
1964  1 15     0.18553653
1964  1 16     0.17585520
1964  1 17     0.17037027
1964  1 18     0.26426032
1964  1 19     0.31205245
1964  1 20     0.17529826
1964  1 21     1.80628077
1964  1 22     7.62675842
1964  1 23     4.15445842
1964  1 24     2.24052923
1964  1 25     1.63498002
1964  1 26     1.21924617
1964  1 27     0.94121760
1964  1 28     0.75589435
1964  1 29     0.63572851
1964  1 30     0.55111739
1964  1 31     0.49272469
1964  2  1     0.44730741
1964  2  2     0.41545976
1964  2  3     0.38850991
1964  2  4     0.37104069
1964  2  5     0.35431538
1964  2  6     0.33640920
1964  2  7     0.32222023
1964  2  8     0.31157198
1964  2  9     0.30477310
1964  2 10     0.30184978
1964  2 11     0.28990429
1964  2 12     0.27285876
1964  2 13     0.26395812
1964  2 14     0.25461144
1964  2 15     0.24984213
1964  2 16     0.26773647
1964  2 17     0.23360965
1964  2 18     0.22393141
1964  2 19     0.22979980
1964  2 20     0.23053079
1964  2 21     0.22666728
1964  2 22     0.22495080
1964  2 23     0.20996624
1964  2 24     0.20263845
1964  2 25     0.19582377
1964  2 26     0.18658056
1964  2 27     0.18056653
1964  2 28     0.17634158
1964  2 29     1.13049279
1964  3  1     0.33779602
1964  3  2     4.74605732
1964  3  3     2.40889356
1964  3  4     1.42579608
1964  3  5     1.08480245
1964  3  6     0.76035131
1964  3  7     1.48596774
1964  3  8     1.00365478
1964  3  9     0.71204005
1964  3 10     0.67107505
1964  3 11     0.69074035
1964  3 12     1.95484765
1964  3 13     3.64724244
1964  3 14     1.77268407
1964  3 15     1.39367101
1964  3 16     1.19502276
1964  3 17     1.19211259
1964  3 18     1.10870384
1964  3 19     0.95635228
1964  3 20     0.91264985
1964  3 21     0.82158609
1964  3 22     3.33993334
1964  3 23     6.05610645
1964  3 24     5.94533625
1964  3 25     3.71535843
1964  3 26     2.40902431
1964  3 27     2.12357028
1964  3 28     2.07143785
1964  3 29     2.22630638
1964  3 30     2.25922314
1964  3 31     1.89590222
1964  4  1     9.37339559
1964  4  2    11.81936020
1964  4  3     5.33531522
1964  4  4     3.74675931
1964  4  5     3.33476442
1964  4  6     2.45302673
1964  4  7     2.13235176
1964  4  8     2.00868537
1964  4  9     1.93695587
1964  4 10     1.82165416
1964  4 11     1.74702857
1964  4 12     1.65978089
1964  4 13     1.57287167
1964  4 14     1.55426071
1964  4 15     1.54356180
1964  4 16     1.36885415
1964  4 17     1.30210329
1964  4 18     1.23357160
1964  4 19     1.55567357
1964  4 20     1.36733485
1964  4 21     1.13422569
1964  4 22     1.10801763
1964  4 23     1.04660028
1964  4 24     1.01040063
1964  4 25     0.95679819
1964  4 26     0.92846720
1964  4 27     0.92878508
1964  4 28     0.94822112
1964  4 29     0.94578432
1964  4 30     0.88079685
1964  5  1     0.81589749
1964  5  2     0.80175825
1964  5  3     0.75851667
1964  5  4     0.78316727
1964  5  5     7.89942332
1964  5  6     7.96428369
1964  5  7     3.85935860
1964  5  8     2.86048001
1964  5  9     2.44376822
1964  5 10     2.20805042
1964  5 11     2.04542291
1964  5 12     1.69986366
1964  5 13     1.40363204
1964  5 14     1.22906182
1964  5 15     1.11998011
1964  5 16     1.03912850
1964  5 17     0.97593012
1964  5 18     0.92436427
1964  5 19     0.88025717
1964  5 20     0.84236518
1964  5 21     0.80879879
1964  5 22     0.77751956
1964  5 23     0.74842201
1964  5 24     0.72094893
1964  5 25     0.70653338
1964  5 26     0.84873782
1964  5 27     0.71831377
1964  5 28     0.71668552
1964  5 29     0.62029878
1964  5 30     0.59002730
1964  5 31     0.57029675
1964  6  1     0.55179275
1964  6  2     0.53504740
1964  6  3     0.51861014
1964  6  4     0.50200725
1964  6  5     0.48611182
1964  6  6     0.47081220
1964  6  7     0.45719701
1964  6  8     0.45466260
1964  6  9     0.98649617
1964  6 10     0.48748512
1964  6 11     0.40961357
1964  6 12     0.39681347
1964  6 13     0.38423663
1964  6 14     0.37183218
1964  6 15     0.36032702
1964  6 16     0.35063592
1964  6 17     0.34063392
1964  6 18     0.33040569
1964  6 19     0.32046817
1964  6 20     0.31042832
1964  6 21     0.30057885
1964  6 22     0.29028029
1964  6 23     0.28078039
1964  6 24     0.27175871
1964  6 25     0.26324827
1964  6 26     0.25527361
1964  6 27     0.24855238
1964  6 28     0.24139298
1964  6 29     0.23433480
1964  6 30     0.22710292
1964  7  1     0.22039929
1964  7  2     0.21394967
1964  7  3     0.20747513
1964  7  4     0.20136608
1964  7  5     0.19544134
1964  7  6     0.18906264
1964  7  7     0.18339241
1964  7  8     0.17798045
1964  7  9     0.17273055
1964  7 10     0.16763707
1964  7 11     0.16269180
1964  7 12     0.15789190
1964  7 13     0.15323586
1964  7 14     0.14872050
1964  7 15     0.14433288
1964  7 16     0.14007911
1964  7 17     0.13594787
1964  7 18     0.13193846
1964  7 19     0.12804884
1964  7 20     0.12427277
1964  7 21     0.12060964
1964  7 22     0.11705341
1964  7 23     0.11360256
1964  7 24     0.11025305
1964  7 25     0.10700282
1964  7 26     0.10384857
1964  7 27     0.10088270
1964  7 28     0.09783124
1964  7 29     0.09493272
1964  7 30     0.09213427
1964  7 31     0.08941832
1964  8  1     0.08678245
1964  8  2     0.08422428
1964  8  3     0.08174279
1964  8  4     0.12203174
1964  8  5     0.12396847
1964  8  6     0.07976829
1964  8  7     0.07252112
1964  8  8     0.07038326
1964  8  9     0.06830854
1964  8 10     0.06629497
1964  8 11     0.06434076
1964  8 12     0.06244415
1964  8 13     0.06060345
1964  8 14     0.05881702
1964  8 15     0.05708324
1964  8 16     0.05540056
1964  8 17     0.05376749
1964  8 18     0.05305271
1964  8 19     0.05076826
1964  8 20     0.04915148
1964  8 21     0.04770262
1964  8 22     0.04629646
1964  8 23     0.04493176
1964  8 24     0.04360728
1964  8 25     0.04232185
1964  8 26     0.04107430
1964  8 27     0.03986354
1964  8 28     0.03868846
1964  8 29     0.03754802
1964  8 30     0.03644120
1964  8 31     0.13122718
1964  9  1     0.57503829
1964  9  2     0.11160865
1964  9  3     0.03307156
1964  9  4     0.03137767
1964  9  5     0.03045273
1964  9  6     0.02955506
1964  9  7     0.02868385
1964  9  8     0.02783832
1964  9  9     0.02701772
1964  9 10     0.02622130
1964  9 11     0.02544836
1964  9 12     0.02469821
1964  9 13     0.02397017
1964  9 14     0.02326359
1964  9 15     0.02257783
1964  9 16     0.02191229
1964  9 17     0.02126637
1964  9 18     0.02063949
1964  9 19     0.02003109
1964  9 20     0.01944063
1964  9 21     0.01886757
1964  9 22     0.01831140
1964  9 23     0.01777162
1964  9 24     0.01724776
1964  9 25     0.01673934
1964  9 26     0.01624590
1964  9 27     0.01576701
1964  9 28     0.01530224
1964  9 29     0.01485117
1964  9 30     0.01441339
1964 10  1     0.01398852
1964 10  2     0.01357618
1964 10  3     0.01317598
1964 10  4     0.01278759
1964 10  5     0.01241064
1964 10  6     0.01204481
1964 10  7     0.01168976
1964 10  8     0.01134517
1964 10  9     0.01101074
1964 10 10     0.01068618
1964 10 11     0.01037117
1964 10 12     0.01006546
1964 10 13     0.00976875
1964 10 14     0.00948079
1964 10 15     0.00920132
1964 10 16     0.00893009
1964 10 17     0.00866685
1964 10 18     0.00841138
1964 10 19     0.00816343
1964 10 20     0.00792279
1964 10 21     0.00768925
1964 10 22     0.00746259
1964 10 23     0.00724261
1964 10 24     0.00702912
1964 10 25     0.00682192
1964 10 26     0.00662082
1964 10 27     0.00642566
1964 10 28     0.79801441
1964 10 29     1.23540444
1964 10 30     0.19877069
1964 10 31     0.01579973
1964 11  1     0.01884425
1964 11  2     0.42163810
1964 11  3     0.06523430
1964 11  4     0.00550224
1964 11  5     0.00490872
1964 11  6     0.00476402
1964 11  7     0.00462359
1964 11  8     0.00448730
1964 11  9     0.40250951
1964 11 10     1.76121842
1964 11 11     1.48235480
1964 11 12     8.14609716
1964 11 13    10.76499203
1964 11 14     3.91578949
1964 11 15     2.09147840
1964 11 16     1.58839519
1964 11 17     1.29242601
1964 11 18     1.06932220
1964 11 19     0.91596466
1964 11 20     0.83277802
1964 11 21     0.79066558
1964 11 22     0.76376905
1964 11 23     0.72887113
1964 11 24     0.71100014
1964 11 25     0.66956812
1964 11 26     0.68078195
1964 11 27     0.60979725
1964 11 28     0.57282222
1964 11 29     0.54467390
1964 11 30     0.51217116
1964 12  1     0.48564728
1964 12  2     0.56389265
1964 12  3     1.32263710
1964 12  4     0.75693258
1964 12  5     0.61662314
1964 12  6     0.55725062
1964 12  7     0.49979468
1964 12  8     0.45605033
1964 12  9     0.42375261
1964 12 10     0.39874079
1964 12 11     0.42043381
1964 12 12     2.80058537
1964 12 13     1.06434428
1964 12 14     0.79772037
1964 12 15     0.67125942
1964 12 16     0.57161997
1964 12 17     0.50314309
1964 12 18     0.45464934
1964 12 19     1.82150822
1964 12 20     2.33468435
1964 12 21     1.12525520
1964 12 22     1.31160651
1964 12 23     5.45271476
1964 12 24    12.08435222
1964 12 25    11.26456968
1964 12 26    13.28344429
1964 12 27    23.88148104
1964 12 28    23.20650722
1964 12 29    11.22951179
1964 12 30     7.53295587
1964 12 31     6.09291621
1965  1  1     4.61833231
1965  1  2     5.24608060
1965  1  3     3.81101933
1965  1  4     8.81839540
1965  1  5     9.23252820
1965  1  6     6.10331775
1965  1  7    16.40252507
1965  1  8     7.82284043
1965  1  9     5.52431797
1965  1 10     4.52237889
1965  1 11     3.84163446
1965  1 12     3.37943887
1965  1 13     3.05381695
1965  1 14     2.81683723
1965  1 15     2.63686643
1965  1 16     2.50317554
1965  1 17     2.38142515
1965  1 18     2.28152187
1965  1 19     2.19392797
1965  1 20     3.81691980
1965  1 21     2.57094369
1965  1 22     2.38549840
1965  1 23     2.23433574
1965  1 24    25.68683607
1965  1 25    10.65338245
1965  1 26     6.22546682
1965  1 27     4.86393155
1965  1 28     4.01848009
1965  1 29     3.42428477
1965  1 30     3.03273035
1965  1 31     2.75189600
1965  2  1     2.53389021
1965  2  2     2.37069637
1965  2  3     2.24296437
1965  2  4     2.14916761
1965  2  5     5.28918507
1965  2  6     3.77244300
1965  2  7     4.62127405
1965  2  8     3.12184402
1965  2  9     2.79113881
1965  2 10     2.48557139
1965  2 11     2.24722937
1965  2 12     2.07324178
1965  2 13     1.94117578
1965  2 14     1.83679231
1965  2 15     1.75074723
1965  2 16     1.67735320
1965  2 17     1.61437002
1965  2 18     1.56393373
1965  2 19     1.51847746
1965  2 20     1.47510590
1965  2 21     1.43774580
1965  2 22     1.39678162
1965  2 23     1.34036940
1965  2 24     1.30211463
1965  2 25     1.27024990
1965  2 26     1.24336155
1965  2 27     1.26310555
1965  2 28     1.34840331
1965  3  1     1.15584560
1965  3  2     1.10082872
1965  3  3     1.06716991
1965  3  4     1.03820123
1965  3  5     1.00439963
1965  3  6     0.97381024
1965  3  7     0.95538442
1965  3  8     0.96292582
1965  3  9     0.89303742
1965  3 10     0.86151248
1965  3 11     0.96313368
1965  3 12     1.23807302
1965  3 13     8.31650527
1965  3 14     3.43915943
1965  3 15     2.37698813
1965  3 16     1.88139001
1965  3 17     1.55447464
1965  3 18     1.34135537
1965  3 19     1.23629106
1965  3 20     1.18346079
1965  3 21     1.20078336
1965  3 22     1.18890183
1965  3 23     1.12007961
1965  3 24     1.00359849
1965  3 25     0.96477540
1965  3 26     0.87443903
1965  3 27     1.05292510
1965  3 28     2.31574015
1965  3 29     1.27741819
1965  3 30     1.17482967
1965  3 31     1.08252924
1965  4  1     3.16362848
1965  4  2     6.09933480
1965  4  3     3.77915314
1965  4  4     6.41593445
1965  4  5     4.40022681
1965  4  6     3.14655549
1965  4  7     6.14716065
1965  4  8     4.09801125
1965  4  9     8.94340739
1965  4 10    14.26341383
1965  4 11     8.36776716
1965  4 12     5.58248963
1965  4 13     4.55400148
1965  4 14     4.14864731
1965  4 15     3.68908854
1965  4 16     3.59864666
1965  4 17     3.40179468
1965  4 18     3.32275396
1965  4 19     3.46821861
1965  4 20     3.30539390
1965  4 21     3.12575000
1965  4 22     2.76543579
1965  4 23     2.36254173
1965  4 24     2.23289561
1965  4 25     2.22688725
1965  4 26     2.22416154
1965  4 27     2.09899504
1965  4 28     1.99306509
1965  4 29     1.91757776
1965  4 30     1.85536933
1965  5  1     1.73568004
1965  5  2     1.58328502
1965  5  3     1.48858035
1965  5  4     1.42281424
1965  5  5     1.36637271
1965  5  6     1.31163117
1965  5  7     1.26339220
1965  5  8     1.21863971
1965  5  9     1.19637929
1965  5 10     1.19436145
1965  5 11     1.19957783
1965  5 12     1.25003471
1965  5 13     1.17381336
1965  5 14     1.11456083
1965  5 15     1.07645818
1965  5 16     0.98646313
1965  5 17     0.93975365
1965  5 18     0.90283004
1965  5 19     0.86936699
1965  5 20     0.83735886
1965  5 21     0.81475104
1965  5 22     0.80737032
1965  5 23     0.76298837
1965  5 24     0.73527496
1965  5 25     0.71017543
1965  5 26     0.68677744
1965  5 27     0.66341261
1965  5 28     0.64068365
1965  5 29     0.61907202
1965  5 30     0.60033923
1965  5 31     0.58490842
1965  6  1     0.57009546
1965  6  2     0.55438986
1965  6  3     0.53680508
1965  6  4     0.51702392
1965  6  5     0.49949504
1965  6  6     0.48920356
1965  6  7     0.47310329
1965  6  8     0.46005515
1965  6  9     0.44720575
1965  6 10     0.42959143
1965  6 11     0.41527311
1965  6 12     0.40336432
1965  6 13     0.39303508
1965  6 14     0.38172463
1965  6 15     0.37157245
1965  6 16     0.36041413
1965  6 17     0.34871558
1965  6 18     0.33763969
1965  6 19     0.32617186
1965  6 20     0.31476050
1965  6 21     0.30479201
1965  6 22     0.29582856
1965  6 23     0.28745905
1965  6 24     0.27953317
1965  6 25     0.27248721
1965  6 26     0.26639496
1965  6 27     0.25709390
1965  6 28     0.24751769
1965  6 29     0.23886257
1965  6 30     0.23163181
1965  7  1     0.22491318
1965  7  2     0.21775230
1965  7  3     0.21074509
1965  7  4     0.20444546
1965  7  5     0.19841480
1965  7  6     0.19256418
1965  7  7     0.18688724
1965  7  8     0.18137856
1965  7  9     0.17603157
1965  7 10     0.17084362
1965  7 11     0.16580666
1965  7 12     0.16091826
1965  7 13     0.15617464
1965  7 14     0.15157098
1965  7 15     0.14710306
1965  7 16     0.14276676
1965  7 17     0.14106163
1965  7 18     0.13478019
1965  7 19     0.13051019
1965  7 20     0.12666283
1965  7 21     0.12292909
1965  7 22     0.11930545
1965  7 23     0.11578862
1965  7 24     0.11237546
1965  7 25     0.10906291
1965  7 26     0.10584800
1965  7 27     0.10272787
1965  7 28     0.09969971
1965  7 29     0.09676081
1965  7 30     0.42163215
1965  7 31     0.15339311
1965  8  1     0.09116424
1965  8  2     0.08584642
1965  8  3     0.08331582
1965  8  4     0.08085988
1965  8  5     0.07847633
1965  8  6     0.07616304
1965  8  7     0.07391795
1965  8  8     0.07173903
1965  8  9     0.06962434
1965  8 10     0.06757199
1965  8 11     0.15748305
1965  8 12     0.53520373
1965  8 13     0.11988009
1965  8 14     0.05995134
1965  8 15     0.05818281
1965  8 16     0.05646773
1965  8 17     0.05480320
1965  8 18     0.06199480
1965  8 19     0.05325886
1965  8 20     0.05009831
1965  8 21     0.04862150
1965  8 22     0.04718826
1965  8 23     0.04579726
1965  8 24     0.04444727
1965  8 25     0.04313708
1965  8 26     0.04186551
1965  8 27     0.04063141
1965  8 28     0.03943370
1965  8 29     0.03827129
1965  8 30     0.03714315
1965  8 31     0.03604826
1965  9  1     0.03498565
1965  9  2     0.03395436
1965  9  3     0.03295347
1965  9  4     0.03198208
1965  9  5     0.03103933
1965  9  6     0.03012437
1965  9  7     0.02923638
1965  9  8     0.02837456
1965  9  9     0.02753815
1965  9 10     0.02672639
1965  9 11     0.02593857
1965  9 12     0.02517396
1965  9 13     0.02443190
1965  9 14     0.02371170
1965  9 15     0.02301274
1965  9 16     0.02233438
1965  9 17     0.02167602
1965  9 18     0.73654569
1965  9 19     0.16534177
1965  9 20     0.02686276
1965  9 21     0.01923116
1965  9 22     0.01866412
1965  9 23     0.01811395
1965  9 24     0.01758000
1965  9 25     0.01706178
1965  9 26     0.01655884
1965  9 27     0.01607073
1965  9 28     0.01559700
1965  9 29     0.01513724
1965  9 30     0.01469104
1965 10  1     0.01425798
1965 10  2     0.01383769
1965 10  3     0.01342979
1965 10  4     0.01303391
1965 10  5     0.01264971
1965 10  6     0.01227682
1965 10  7     0.01191493
1965 10  8     0.01156371
1965 10  9     0.01122284
1965 10 10     0.01089202
1965 10 11     0.01057095
1965 10 12     0.01025934
1965 10 13     0.00995692
1965 10 14     0.00966342
1965 10 15     0.07274533
1965 10 16     0.01940294
1965 10 17     0.00915845
1965 10 18     0.00857341
1965 10 19     0.00832068
1965 10 20     0.00807541
1965 10 21     0.00783736
1965 10 22     0.00760634
1965 10 23     0.00738212
1965 10 24     0.00716452
1965 10 25     0.00695332
1965 10 26     0.00674836
1965 10 27     0.00654943
1965 10 28     0.00635637
1965 10 29     0.00616900
1965 10 30     0.00598715
1965 10 31     0.00581067
1965 11  1     0.00563938
1965 11  2     0.00547315
1965 11  3     0.00531181
1965 11  4     0.00515524
1965 11  5     0.00500327
1965 11  6     0.00485579
1965 11  7     0.00471265
1965 11  8     0.00457373
1965 11  9     0.00443891
1965 11 10     0.00430806
1965 11 11     0.00418107
1965 11 12     0.00405782
1965 11 13     0.00399572
1965 11 14     0.42622950
1965 11 15     0.16151440
1965 11 16     0.08561486
1965 11 17     1.05053945
1965 11 18     0.19871078
1965 11 19     0.04576316
1965 11 20     0.00735540
1965 11 21     0.00309997
1965 11 22     0.04819956
1965 11 23     0.62193992
1965 11 24     1.24582466
1965 11 25     1.32142483
1965 11 26     0.81804686
1965 11 27     0.17046594
1965 11 28     0.06705528
1965 11 29     0.05166061
1965 11 30     0.04725792
1965 12  1     0.04475175
1965 12  2     0.04228673
1965 12  3     0.04026153
1965 12  4     0.03935481
1965 12  5     0.03759367
1965 12  6     0.03570403
1965 12  7     0.03415372
1965 12  8     0.03287558
1965 12  9     0.03481718
1965 12 10     0.17339886
1965 12 11     0.14638574
1965 12 12     1.39126933
1965 12 13     0.42999441
1965 12 14     0.19142584
1965 12 15     0.29368370
1965 12 16     0.15828416
1965 12 17     0.13778964
1965 12 18     0.13052292
1965 12 19     0.12345628
1965 12 20     0.11611747
1965 12 21     0.11069328
1965 12 22     0.11164717
1965 12 23     0.11829419
1965 12 24     0.09918170
1965 12 25     0.17331237
1965 12 26     0.36903753
1965 12 27     0.13280333
1965 12 28     0.39565526
1965 12 29     3.64357786
1965 12 30    11.96518382
1965 12 31     6.79482120
1966  1  1     7.08723373
1966  1  2     3.09076488
1966  1  3     2.13136855
1966  1  4     1.66213610
1966  1  5     1.34350188
1966  1  6     1.13784622
1966  1  7     1.00102277
1966  1  8     0.92296267
1966  1  9     0.84796519
1966  1 10     0.78839279
1966  1 11     0.74728481
1966  1 12     0.71335920
1966  1 13     0.68341822
1966  1 14     0.65953049
1966  1 15     0.64260527
1966  1 16     0.60415014
1966  1 17     0.57948747
1966  1 18     0.56814359
1966  1 19     0.53616636
1966  1 20     0.51790363
1966  1 21     0.50117421
1966  1 22     0.48235527
1966  1 23     0.46813046
1966  1 24     0.44690226
1966  1 25     0.44509497
1966  1 26     0.44255238
1966  1 27     0.44094471
1966  1 28     0.44549973
1966  1 29     0.45918147
1966  1 30     3.67766288
1966  1 31     4.89326899
1966  2  1     2.72414047
1966  2  2     3.19383311
1966  2  3     1.85827741
1966  2  4     1.50699727
1966  2  5     2.07879094
1966  2  6     9.34631144
1966  2  7     4.61251146
1966  2  8     2.81603326
1966  2  9     2.13191474
1966  2 10     2.40724919
1966  2 11     1.92100200
1966  2 12     1.46322930
1966  2 13     1.27736524
1966  2 14     1.11031391
1966  2 15     0.98689841
1966  2 16     0.92927625
1966  2 17     0.93415266
1966  2 18     0.93797581
1966  2 19     0.91865288
1966  2 20     0.86792447
1966  2 21     0.81784720
1966  2 22     0.83825695
1966  2 23     0.83722084
1966  2 24     0.81639096
1966  2 25     1.65880580
1966  2 26     2.43547356
1966  2 27     1.33977505
1966  2 28     1.15678255
1966  3  1     0.99209130
1966  3  2     2.14050936
1966  3  3     1.41821524
1966  3  4     1.05827030
1966  3  5     1.24373361
1966  3  6     1.59217787
1966  3  7     1.68791542
1966  3  8     1.36102033
1966  3  9     1.12496765
1966  3 10     1.00845993
1966  3 11     0.92461041
1966  3 12     0.88596834
1966  3 13     0.85944567
1966  3 14     0.81761843
1966  3 15     0.77833265
1966  3 16     0.75038145
1966  3 17     0.67292398
1966  3 18     0.66872330
1966  3 19     0.67613811
1966  3 20     0.64963387
1966  3 21     0.60727355
1966  3 22     0.59569406
1966  3 23     0.59923323
1966  3 24     0.61365235
1966  3 25     0.59270704
1966  3 26     0.59253747
1966  3 27     0.57058913
1966  3 28     0.54883761
1966  3 29     0.54782105
1966  3 30     0.55587912
1966  3 31     0.57473813
1966  4  1     0.57624456
1966  4  2     0.56056444
1966  4  3     0.52555163
1966  4  4     0.51498758
1966  4  5     0.50069541
1966  4  6     0.51212066
1966  4  7     0.51840073
1966  4  8     0.50184572
1966  4  9     0.49298352
1966  4 10     1.25876288
1966  4 11     0.60391692
1966  4 12     0.45225692
1966  4 13     0.41810095
1966  4 14     0.39530724
1966  4 15     0.37594980
1966  4 16     0.36003960
1966  4 17     0.36692392
1966  4 18     0.43048525
1966  4 19     0.74164541
1966  4 20     0.37839004
1966  4 21     0.34372259
1966  4 22     0.32437541
1966  4 23     0.30709290
1966  4 24     0.29472136
1966  4 25     0.28366686
1966  4 26     0.27379821
1966  4 27     0.26489581
1966  4 28     0.25610962
1966  4 29     0.24775213
1966  4 30     0.23951619
1966  5  1     0.23124281
1966  5  2     0.22357805
1966  5  3     0.21611217
1966  5  4     0.20942794
1966  5  5     0.20317399
1966  5  6     0.19739386
1966  5  7     0.19108437
1966  5  8     0.18524521
1966  5  9     0.17995651
1966  5 10     0.68298133
1966  5 11     0.32510821
1966  5 12     0.17554269
1966  5 13     0.15936233
1966  5 14     0.15463659
1966  5 15     0.14999649
1966  5 16     0.14533128
1966  5 17     0.14080097
1966  5 18     0.13656225
1966  5 19     0.13247951
1966  5 20     0.12854775
1966  5 21     0.12474078
1966  5 22     0.12106136
1966  5 23     0.11747888
1966  5 24     0.11399881
1966  5 25     0.11062922
1966  5 26     0.10736096
1966  5 27     0.10419008
1966  5 28     0.10111354
1966  5 29     0.09812846
1966  5 30     0.09523356
1966  5 31     0.09242168
1966  6  1     0.08969430
1966  6  2     0.08705337
1966  6  3     0.08448051
1966  6  4     0.08198784
1966  6  5     0.07956952
1966  6  6     0.07722270
1966  6  7     0.55012234
1966  6  8     0.13044746
1966  6  9     0.07581559
1966  6 10     0.06914169
1966  6 11     0.06648868
1966  6 12     0.06452901
1966  6 13     0.06262640
1966  6 14     0.06077908
1966  6 15     0.05898703
1966  6 16     0.08719222
1966  6 17     0.05915024
1966  6 18     0.05392281
1966  6 19     0.05233391
1966  6 20     0.05079000
1966  6 21     0.04929223
1966  6 22     0.04783965
1966  6 23     0.04642890
1966  6 24     0.04506015
1966  6 25     0.04373191
1966  6 26     0.04244274
1966  6 27     0.04119161
1966  6 28     0.03997767
1966  6 29     0.03879912
1966  6 30     0.03765517
1966  7  1     0.03654516
1966  7  2     0.03546790
1966  7  3     0.03442239
1966  7  4     0.03340770
1966  7  5     0.03242293
1966  7  6     0.03146718
1966  7  7     0.03053961
1966  7  8     0.02963938
1966  7  9     0.02876568
1966  7 10     0.02791774
1966  7 11     0.02709479
1966  7 12     0.02629611
1966  7 13     0.02552096
1966  7 14     0.02476867
1966  7 15     0.02403855
1966  7 16     0.02332995
1966  7 17     0.02264224
1966  7 18     0.02197481
1966  7 19     0.02132704
1966  7 20     0.02069838
1966  7 21     0.02008827
1966  7 22     0.01949609
1966  7 23     0.01892139
1966  7 24     0.01836364
1966  7 25     0.01782293
1966  7 26     0.01729700
1966  7 27     0.01678715
1966  7 28     0.01629421
1966  7 29     0.01581201
1966  7 30     0.05762003
1966  7 31     0.02752985
1966  8  1     0.01537101
1966  8  2     0.04714229
1966  8  3     0.03214032
1966  8  4     0.01510694
1966  8  5     0.01282405
1966  8  6     0.01244598
1966  8  7     0.01207911
1966  8  8     0.01172305
1966  8  9     0.01137748
1966  8 10     0.01104210
1966  8 11     0.01071661
1966  8 12     0.01040071
1966  8 13     0.01009412
1966  8 14     0.00979657
1966  8 15     0.00950779
1966  8 16     0.00922753
1966  8 17     0.00895552
1966  8 18     0.00869153
1966  8 19     0.00843533
1966  8 20     0.00818668
1966  8 21     0.00794535
1966  8 22     0.00771114
1966  8 23     0.00748384
1966  8 24     0.00726323
1966  8 25     0.00704913
1966  8 26     0.00684134
1966  8 27     0.00663968
1966  8 28     0.00644395
1966  8 29     0.00625400
1966  8 30     0.00606965
1966  8 31     0.00589073
1966  9  1     0.00571709
1966  9  2     0.00554856
1966  9  3     0.00538500
1966  9  4     0.00522627
1966  9  5     0.00507221
1966  9  6     0.00492269
1966  9  7     0.00477759
1966  9  8     0.00463675
1966  9  9     0.00450007
1966  9 10     0.00436742
1966  9 11     0.00423868
1966  9 12     0.00411374
1966  9 13     0.00399247
1966  9 14     0.00387479
1966  9 15     0.00376057
1966  9 16     0.00364971
1966  9 17     0.00354213
1966  9 18     0.00343772
1966  9 19     0.09809294
1966  9 20     0.01433099
1966  9 21     0.00314284
1966  9 22     0.00304995
1966  9 23     0.00296004
1966  9 24     0.00287279
1966  9 25     0.00278811
1966  9 26     0.00270592
1966  9 27     0.00262616
1966  9 28     0.00254874
1966  9 29     0.00247361
1966  9 30     0.00240070
1966 10  1     0.00232993
1966 10  2     0.00226125
1966 10  3     0.00219459
1966 10  4     0.00212990
1966 10  5     0.00206712
1966 10  6     0.00200618
1966 10  7     0.00194705
1966 10  8     0.00188965
1966 10  9     0.00183395
1966 10 10     0.00177989
1966 10 11     0.00172742
1966 10 12     0.00167650
1966 10 13     0.00162708
1966 10 14     0.00157912
1966 10 15     0.00153257
1966 10 16     0.00148740
1966 10 17     0.00144355
1966 10 18     0.00140100
1966 10 19     0.00135970
1966 10 20     0.00131962
1966 10 21     0.00128072
1966 10 22     0.00124297
1966 10 23     0.00120633
1966 10 24     0.00117077
1966 10 25     0.00113626
1966 10 26     0.00110277
1966 10 27     0.00107026
1966 10 28     0.00103871
1966 10 29     0.00100809
1966 10 30     0.00097838
1966 10 31     0.00094954
1966 11  1     0.00092155
1966 11  2     0.00089438
1966 11  3     0.00086802
1966 11  4     0.00084243
1966 11  5     0.00081760
1966 11  6     0.00079350
1966 11  7     0.14268886
1966 11  8     0.58237208
1966 11  9     2.16548244
1966 11 10     0.66543209
1966 11 11     0.06999470
1966 11 12     0.00167428
1966 11 13     0.00064355
1966 11 14     0.00062458
1966 11 15     0.00060617
1966 11 16     0.00122680
1966 11 17     0.00066317
1966 11 18     0.00055413
1966 11 19     0.00053780
1966 11 20     0.37073302
1966 11 21     1.06503075
1966 11 22     0.39019289
1966 11 23     0.12529768
1966 11 24     0.02788268
1966 11 25     0.00303846
1966 11 26     0.00123560
1966 11 27     0.00119718
1966 11 28     0.10546379
1966 11 29     0.51854341
1966 11 30     0.95530359
1966 12  1     0.17035031
1966 12  2     0.08519231
1966 12  3     6.91082123
1966 12  4     2.30264515
1966 12  5    33.81028869
1966 12  6    91.56733951
1966 12  7    89.54653082
1966 12  8    40.09925312
1966 12  9    22.16461686
1966 12 10    15.36432676
1966 12 11    11.71053356
1966 12 12     9.35085121
1966 12 13     7.76240964
1966 12 14     6.67237172
1966 12 15     5.90791251
1966 12 16     5.35329618
1966 12 17     4.93489473
1966 12 18     4.60771662
1966 12 19     4.34251488
1966 12 20     4.12047872
1966 12 21     3.93092998
1966 12 22     3.76024973
1966 12 23     3.60803251
1966 12 24     3.46932221
1966 12 25     3.34085310
1966 12 26     3.48417847
1966 12 27     3.14020618
1966 12 28     3.00418228
1966 12 29     2.90352562
1966 12 30     2.80781602
1966 12 31     2.71630262
1967  1  1     2.62897886
1967  1  2     2.54577992
1967  1  3     2.46564590
1967  1  4     2.38909427
1967  1  5     2.31623546
1967  1  6     2.24899853
1967  1  7     2.17582700
1967  1  8     2.10922418
1967  1  9     2.04570005
1967  1 10     1.98488975
1967  1 11     1.92563265
1967  1 12     1.86764548
1967  1 13     1.81126123
1967  1 14     1.75615604
1967  1 15     1.70329786
1967  1 16     1.65305929
1967  1 17     1.60456989
1967  1 18     1.55738297
1967  1 19     1.51163666
1967  1 20     1.46708471
1967  1 21     2.09202660
1967  1 22     5.98609468
1967  1 23     6.83265439
1967  1 24     7.15056655
1967  1 25    24.96549030
1967  1 26    10.30673105
1967  1 27     6.45474365
1967  1 28     4.98865808
1967  1 29     4.05350632
1967  1 30     3.57099198
1967  1 31    12.28249177
1967  2  1     5.87014906
1967  2  2     4.38802631
1967  2  3     3.66159604
1967  2  4     3.16539066
1967  2  5     2.82256698
1967  2  6     2.57473146
1967  2  7     2.38969174
1967  2  8     2.24579414
1967  2  9     2.12885143
1967  2 10     2.02941599
1967  2 11     1.94532286
1967  2 12     1.87683356
1967  2 13     1.82208072
1967  2 14     2.40315574
1967  2 15     1.91441864
1967  2 16     1.75539053
1967  2 17     1.69496074
1967  2 18     1.61428378
1967  2 19     1.54361482
1967  2 20     1.48046238
1967  2 21     1.42724968
1967  2 22     1.38592827
1967  2 23     1.34875508
1967  2 24     1.31552827
1967  2 25     1.55576556
1967  2 26     7.12002931
1967  2 27     3.27945968
1967  2 28     2.51962381
1967  3  1     2.11601316
1967  3  2     1.82036013
1967  3  3     1.60574719
1967  3  4     2.26372646
1967  3  5     1.57036940
1967  3  6     1.49336362
1967  3  7     1.37246465
1967  3  8     1.26864294
1967  3  9     1.19282263
1967  3 10     1.13231086
1967  3 11     1.07748978
1967  3 12     3.76720796
1967  3 13    13.74705682
1967  3 14    15.48968085
1967  3 15     6.95364302
1967  3 16     6.05900276
1967  3 17     8.40752578
1967  3 18     4.84652113
1967  3 19     3.80634125
1967  3 20     3.17613995
1967  3 21     2.73054368
1967  3 22     2.43009034
1967  3 23     2.21151125
1967  3 24     2.03256350
1967  3 25     1.88931841
1967  3 26     1.78080472
1967  3 27     1.69125057
1967  3 28     1.63006927
1967  3 29     4.28435500
1967  3 30     2.43617092
1967  3 31     7.23948520
1967  4  1     7.44772374
1967  4  2     5.20964941
1967  4  3     3.51305604
1967  4  4     3.02265281
1967  4  5    12.87555639
1967  4  6     5.70281285
1967  4  7     9.04644674
1967  4  8    12.05443112
1967  4  9     6.19809754
1967  4 10     4.71380478
1967  4 11    14.87890047
1967  4 12    12.68950573
1967  4 13     6.76384076
1967  4 14     5.38374045
1967  4 15     4.72044265
1967  4 16     6.46842288
1967  4 17     4.35323742
1967  4 18     4.24375969
1967  4 19    17.04881377
1967  4 20    11.09766558
1967  4 21     7.56075282
1967  4 22    16.05748206
1967  4 23     9.33450110
1967  4 24    12.79355179
1967  4 25     9.39039236
1967  4 26     6.48655425
1967  4 27     5.63220562
1967  4 28     4.92897271
1967  4 29     7.32677302
1967  4 30     5.01376564
1967  5  1     4.31764827
1967  5  2     4.14097154
1967  5  3     3.95640317
1967  5  4     3.95072542
1967  5  5     4.20134502
1967  5  6     3.62559129
1967  5  7     3.81270549
1967  5  8     4.23772200
1967  5  9     4.27352222
1967  5 10    10.27496858
1967  5 11     5.60639699
1967  5 12     4.37734665
1967  5 13     3.96044526
1967  5 14     3.93008766
1967  5 15     4.17256566
1967  5 16     4.41758973
1967  5 17     4.40133540
1967  5 18     4.34205359
1967  5 19     4.18926665
1967  5 20     4.17209978
1967  5 21     4.06418014
1967  5 22     3.88699519
1967  5 23     3.47090711
1967  5 24     3.24773079
1967  5 25     2.97565319
1967  5 26     2.79970756
1967  5 27     2.64637272
1967  5 28     2.52997181
1967  5 29     2.40906706
1967  5 30     2.30240224
1967  5 31     2.23626342
1967  6  1     2.16276887
1967  6  2     2.01206277
1967  6  3     1.97065029
1967  6  4     1.95543006
1967  6  5     1.93104188
1967  6  6     1.76836112
1967  6  7     1.69186861
1967  6  8     1.63110017
1967  6  9     1.57470079
1967  6 10     1.52412556
1967  6 11     1.47382656
1967  6 12     1.42678989
1967  6 13     1.38353966
1967  6 14     1.33817300
1967  6 15     1.29418936
1967  6 16     1.25028749
1967  6 17     1.21085956
1967  6 18     1.17987333
1967  6 19     1.14991875
1967  6 20     1.10558263
1967  6 21     1.06963105
1967  6 22     1.03788939
1967  6 23     1.00783630
1967  6 24     0.97655270
1967  6 25     0.94588434
1967  6 26     0.91594918
1967  6 27     0.88737898
1967  6 28     0.85960746
1967  6 29     0.83015655
1967  6 30     0.80308196
1967  7  1     0.77778838
1967  7  2     0.75472462
1967  7  3     0.73211434
1967  7  4     0.71000942
1967  7  5     0.68955091
1967  7  6     0.67971431
1967  7  7     0.65176314
1967  7  8     0.63158315
1967  7  9     0.61310653
1967  7 10     0.59395061
1967  7 11     0.57488640
1967  7 12     0.55450321
1967  7 13     0.55347929
1967  7 14     0.52421038
1967  7 15     0.50671821
1967  7 16     0.49826079
1967  7 17     0.47784371
1967  7 18     0.46377757
1967  7 19     0.45078759
1967  7 20     0.43636204
1967  7 21     0.42231122
1967  7 22     0.40943683
1967  7 23     0.39732640
1967  7 24     0.38560549
1967  7 25     0.37423613
1967  7 26     0.36317537
1967  7 27     0.35245899
1967  7 28     0.34206572
1967  7 29     0.33198147
1967  7 30     0.32219595
1967  7 31     0.31269691
1967  8  1     0.30347877
1967  8  2     0.29453327
1967  8  3     0.28585049
1967  8  4     0.27742373
1967  8  5     0.26924571
1967  8  6     0.26130937
1967  8  7     0.25360673
1967  8  8     0.24613161
1967  8  9     0.23887566
1967  8 10     0.23183292
1967  8 11     0.22499878
1967  8 12     0.21836687
1967  8 13     0.21192946
1967  8 14     0.20568221
1967  8 15     0.24194474
1967  8 16     0.19900875
1967  8 17     0.18802423
1967  8 18     0.18292259
1967  8 19     0.17716721
1967  8 20     0.17188198
1967  8 21     0.16681532
1967  8 22     0.16189802
1967  8 23     0.15712567
1967  8 24     0.15838048
1967  8 25     0.20819917
1967  8 26     0.17076227
1967  8 27     0.14179354
1967  8 28     0.13529300
1967  8 29     0.13130485
1967  8 30     0.12743431
1967  8 31     0.12367786
1967  9  1     0.13558789
1967  9  2     0.15213635
1967  9  3     0.11796311
1967  9  4     0.10984349
1967  9  5     0.10649273
1967  9  6     0.10335359
1967  9  7     0.10030698
1967  9  8     0.09735018
1967  9  9     0.09448054
1967  9 10     0.09169549
1967  9 11     0.08899254
1967  9 12     0.08636926
1967  9 13     0.08382331
1967  9 14     0.08135240
1967  9 15     0.07895434
1967  9 16     0.07662696
1967  9 17     0.07436819
1967  9 18     0.21418167
1967  9 19     1.18784755
1967  9 20     0.22727228
1967  9 21     0.06740750
1967  9 22     0.08193834
1967  9 23     0.06428161
1967  9 24     0.18254305
1967  9 25     0.50580334
1967  9 26     0.10777009
1967  9 27     0.05727542
1967  9 28     0.05380480
1967  9 29     0.08347951
1967  9 30     0.06120948
1967 10  1     0.04979830
1967 10  2     0.04747570
1967 10  3     0.04607622
1967 10  4     0.04471801
1967 10  5     0.04339983
1967 10  6     0.04212051
1967 10  7     0.04087890
1967 10  8     0.03967389
1967 10  9     0.03850441
1967 10 10     0.03736939
1967 10 11     0.03626784
1967 10 12     0.03519875
1967 10 13     0.03416118
1967 10 14     0.03315419
1967 10 15     0.03217689
1967 10 16     0.03122839
1967 10 17     0.03030786
1967 10 18     0.02941446
1967 10 19     0.02854739
1967 10 20     0.02770589
1967 10 21     0.02688919
1967 10 22     0.02609656
1967 10 23     0.02532730
1967 10 24     0.02458071
1967 10 25     0.02385613
1967 10 26     0.02315291
1967 10 27     0.02247042
1967 10 28     0.02180805
1967 10 29     0.02116520
1967 10 30     0.02054131
1967 10 31     0.01993580
1967 11  1     0.01934814
1967 11  2     0.01877781
1967 11  3     0.01822428
1967 11  4     0.01768708
1967 11  5     0.01716571
1967 11  6     0.01665970
1967 11  7     0.01616862
1967 11  8     0.01569201
1967 11  9     0.01522945
1967 11 10     0.01478052
1967 11 11     0.01434483
1967 11 12     0.01392198
1967 11 13     0.01351159
1967 11 14     0.01437965
1967 11 15     0.01289771
1967 11 16     0.01280264
1967 11 17     0.02269823
1967 11 18     0.01290778
1967 11 19     2.00479389
1967 11 20     0.84493133
1967 11 21     0.19321883
1967 11 22     0.06104976
1967 11 23     0.02225955
1967 11 24     0.01017979
1967 11 25     0.00944383
1967 11 26     0.00915929
1967 11 27     0.00889133
1967 11 28     0.57808567
1967 11 29     0.10289800
1967 11 30     2.22192170
1967 12  1     1.07208734
1967 12  2     0.24734271
1967 12  3     0.12990921
1967 12  4     0.11205518
1967 12  5     1.04569105
1967 12  6     0.79159834
1967 12  7     0.32631394
1967 12  8     0.68461909
1967 12  9     0.30484136
1967 12 10     0.24004013
1967 12 11     0.22500868
1967 12 12     0.21216855
1967 12 13     0.21558756
1967 12 14     0.19514465
1967 12 15     0.18387043
1967 12 16     0.17549412
1967 12 17     0.16798959
1967 12 18     1.20789474
1967 12 19     1.47262350
1967 12 20     0.52734239
1967 12 21     0.29768862
1967 12 22     0.24384914
1967 12 23     0.21889713
1967 12 24     0.20989021
1967 12 25     0.21889270
1967 12 26     0.22156351
1967 12 27     0.22289027
1967 12 28     0.21877541
1967 12 29     0.20648633
1967 12 30     0.18262332
1967 12 31     0.18337967
1968  1  1     0.18538909
1968  1  2     0.17616572
1968  1  3     0.16362097
1968  1  4     0.16128040
1968  1  5     0.15080682
1968  1  6     0.15716730
1968  1  7     0.14358626
1968  1  8     0.12709612
1968  1  9     0.14072597
1968  1 10     0.19563577
1968  1 11     8.19239908
1968  1 12     2.22094854
1968  1 13     1.14179841
1968  1 14     0.93020916
1968  1 15     1.25515872
1968  1 16     0.93203804
1968  1 17     0.76877888
1968  1 18     0.70245039
1968  1 19     0.65845495
1968  1 20     0.64171319
1968  1 21     0.63863989
1968  1 22     0.63926951
1968  1 23     0.66889658
1968  1 24     0.68419604
1968  1 25     0.67298459
1968  1 26     0.61060046
1968  1 27     0.88266998
1968  1 28     5.24804983
1968  1 29     1.72769516
1968  1 30     1.06850931
1968  1 31     3.64229139
1968  2  1     1.59893249
1968  2  2     1.24442449
1968  2  3     1.05896556
1968  2  4     0.91261902
1968  2  5     0.84379459
1968  2  6     0.81002902
1968  2  7     0.77821599
1968  2  8     0.72283500
1968  2  9     0.69687237
1968  2 10     2.71857445
1968  2 11     1.23062169
1968  2 12     1.01575656
1968  2 13     0.99867110
1968  2 14     1.02315055
1968  2 15     0.77903942
1968  2 16     0.77941792
1968  2 17     6.88644936
1968  2 18     5.41282173
1968  2 19     2.75535448
1968  2 20     2.14194238
1968  2 21     3.00128024
1968  2 22     1.82468458
1968  2 23     1.59236447
1968  2 24     1.36340078
1968  2 25     1.19278563
1968  2 26     1.06666005
1968  2 27     0.97894726
1968  2 28     0.91312477
1968  2 29     0.86126617
1968  3  1     0.81878573
1968  3  2     0.77997125
1968  3  3     0.74877167
1968  3  4     0.72571291
1968  3  5     0.70602426
1968  3  6     0.67298030
1968  3  7     0.77591608
1968  3  8    12.55229967
1968  3  9     8.68820801
1968  3 10     7.26706792
1968  3 11     4.04691447
1968  3 12     3.04730355
1968  3 13     2.75099249
1968  3 14     2.91030917
1968  3 15     1.97616329
1968  3 16     1.95612898
1968  3 17     7.38766954
1968  3 18     3.82558477
1968  3 19     2.63635769
1968  3 20     2.16864726
1968  3 21     1.85910574
1968  3 22     1.67258110
1968  3 23     1.50701636
1968  3 24     1.38586873
1968  3 25     1.32147051
1968  3 26     1.26035216
1968  3 27     1.19032126
1968  3 28     1.13213126
1968  3 29     1.08927192
1968  3 30     1.05654566
1968  3 31     1.02247388
1968  4  1     1.96200417
1968  4  2     7.97538300
1968  4  3     3.61857355
1968  4  4     2.42876308
1968  4  5     2.00194693
1968  4  6     1.65957292
1968  4  7     1.43460512
1968  4  8     1.28652323
1968  4  9     1.18850428
1968  4 10     1.11934310
1968  4 11     1.06121675
1968  4 12     1.00672140
1968  4 13     0.95160179
1968  4 14     0.91155616
1968  4 15     0.88270870
1968  4 16     0.86542526
1968  4 17     0.81143941
1968  4 18     0.78800743
1968  4 19     0.75860197
1968  4 20     0.73429768
1968  4 21     0.70448010
1968  4 22     0.68126804
1968  4 23     0.67108071
1968  4 24     0.66704980
1968  4 25     0.66721450
1968  4 26     0.67998768
1968  4 27     0.69265760
1968  4 28     0.69774315
1968  4 29     0.62931857
1968  4 30     0.56970707
1968  5  1     0.53818519
1968  5  2     0.51399641
1968  5  3     0.49302101
1968  5  4     0.47500598
1968  5  5     0.45927135
1968  5  6     0.44438173
1968  5  7     0.42973341
1968  5  8     0.41573556
1968  5  9     0.40265279
1968  5 10     0.39009946
1968  5 11     0.37848061
1968  5 12     0.46567382
1968  5 13     0.37541299
1968  5 14     0.59074265
1968  5 15     0.36980332
1968  5 16     0.33274757
1968  5 17     0.31576913
1968  5 18     0.30464021
1968  5 19     0.29505728
1968  5 20     0.28603053
1968  5 21     0.27795523
1968  5 22     0.27047251
1968  5 23     0.26311841
1968  5 24     0.25498802
1968  5 25     0.24675302
1968  5 26     0.23878893
1968  5 27     0.23084058
1968  5 28     0.22318084
1968  5 29     0.21648080
1968  5 30     0.21032221
1968  5 31     0.20416290
1968  6  1     0.19706540
1968  6  2     0.19063785
1968  6  3     0.18531583
1968  6  4     0.18016269
1968  6  5     0.17529217
1968  6  6     0.17089665
1968  6  7     0.17231014
1968  6  8     0.21826266
1968  6  9     0.16240719
1968  6 10     0.15013794
1968  6 11     0.14522931
1968  6 12     0.14071901
1968  6 13     0.13656321
1968  6 14     0.13251259
1968  6 15     0.12858304
1968  6 16     0.12479019
1968  6 17     0.12111143
1968  6 18     0.11754127
1968  6 19     0.11407639
1968  6 20     0.11071365
1968  6 21     0.10745005
1968  6 22     0.10428270
1968  6 23     0.10120863
1968  6 24     0.09822522
1968  6 25     0.09532977
1968  6 26     0.09251966
1968  6 27     0.08979274
1968  6 28     0.08714574
1968  6 29     0.08457664
1968  6 30     0.08208349
1968  7  1     0.07966387
1968  7  2     0.07731558
1968  7  3     0.07503651
1968  7  4     0.07282462
1968  7  5     0.07067966
1968  7  6     0.06859455
1968  7  7     0.08802593
1968  7  8     0.09732962
1968  7  9     0.15201260
1968  7 10     0.07117847
1968  7 11     0.05906346
1968  7 12     0.05732218
1968  7 13     0.05563247
1968  7 14     0.05399256
1968  7 15     0.05240099
1968  7 16     0.05085634
1968  7 17     0.04935722
1968  7 18     0.04790230
1968  7 19     0.04649025
1968  7 20     0.04511984
1968  7 21     0.04378982
1968  7 22     0.04249900
1968  7 23     0.04124624
1968  7 24     0.04003040
1968  7 25     0.03885040
1968  7 26     0.03770519
1968  7 27     0.03659591
1968  7 28     0.05606739
1968  7 29     0.03824931
1968  7 30     0.03362530
1968  7 31     0.03246597
1968  8  1     0.03150895
1968  8  2     0.03058014
1968  8  3     0.02967871
1968  8  4     0.02880386
1968  8  5     0.02795479
1968  8  6     0.02713076
1968  8  7     0.02633101
1968  8  8     0.02555484
1968  8  9     0.02480154
1968  8 10     0.02407046
1968  8 11     0.02336092
1968  8 12     0.02267230
1968  8 13     0.02200400
1968  8 14     0.02135868
1968  8 15     0.02072653
1968  8 16     0.02011486
1968  8 17     0.01952185
1968  8 18     0.01894639
1968  8 19     0.01850664
1968  8 20     0.01786626
1968  8 21     0.01731982
1968  8 22     0.01683486
1968  8 23     0.01631811
1968  8 24     0.01583289
1968  8 25     0.01536617
1968  8 26     0.01491322
1968  8 27     0.01447361
1968  8 28     0.01404697
1968  8 29     0.01363290
1968  8 30     0.01323103
1968  8 31     0.01284101
1968  9  1     0.01246249
1968  9  2     0.01209513
1968  9  3     0.01173860
1968  9  4     0.01139257
1968  9  5     0.01105675
1968  9  6     0.01073082
1968  9  7     0.01041450
1968  9  8     0.01010751
1968  9  9     0.00980956
1968  9 10     0.00952040
1968  9 11     0.00923977
1968  9 12     0.00896740
1968  9 13     0.00870306
1968  9 14     0.00844652
1968  9 15     0.00819754
1968  9 16     0.00795589
1968  9 17     0.00772137
1968  9 18     0.00749377
1968  9 19     0.00727287
1968  9 20     0.00705848
1968  9 21     0.00685042
1968  9 22     0.00664848
1968  9 23     0.00645250
1968  9 24     0.00626230
1968  9 25     0.00607770
1968  9 26     0.00589855
1968  9 27     0.00572467
1968  9 28     0.00555592
1968  9 29     0.00539215
1968  9 30     0.00523320
1968 10  1     0.00507894
1968 10  2     0.00492922
1968 10  3     0.00478392
1968 10  4     0.00464291
1968 10  5     0.00450604
1968 10  6     0.00437322
1968 10  7     0.00424431
1968 10  8     0.00411919
1968 10  9     0.00399777
1968 10 10     0.00387993
1968 10 11     0.00376556
1968 10 12     0.00365456
1968 10 13     0.00604226
1968 10 14     1.67498878
1968 10 15     0.45455339
1968 10 16     0.06692441
1968 10 17     0.00482017
1968 10 18     0.00305399
1968 10 19     0.00296397
1968 10 20     0.00287660
1968 10 21     0.00279180
1968 10 22     0.00270951
1968 10 23     0.00262964
1968 10 24     0.00255212
1968 10 25     0.00247689
1968 10 26     0.00240388
1968 10 27     0.00233302
1968 10 28     0.00226425
1968 10 29     0.00219750
1968 10 30     0.71408639
1968 10 31     0.11597504
1968 11  1     0.00337703
1968 11  2     0.00195169
1968 11  3     0.07285561
1968 11  4     0.08010126
1968 11  5     0.01000639
1968 11  6     0.00172990
1968 11  7     0.00167873
1968 11  8     0.00162924
1968 11  9     0.00158122
1968 11 10     0.00153461
1968 11 11     0.24432945
1968 11 12     0.36164471
1968 11 13     0.08802714
1968 11 14     0.14463532
1968 11 15     2.81506001
1968 11 16     0.78413547
1968 11 17     0.11935705
1968 11 18     0.03236598
1968 11 19     0.02463648
1968 11 20     0.02306144
1968 11 21     0.02184030
1968 11 22     0.02073286
1968 11 23     0.01972461
1968 11 24     0.02277211
1968 11 25     0.10532926
1968 11 26     0.02785571
1968 11 27     0.01646921
1968 11 28     0.01579047
1968 11 29     0.01516827
1968 11 30     0.01458691
1968 12  1     0.20693786
1968 12  2     0.33364544
1968 12  3     0.05505691
1968 12  4     0.01724007
1968 12  5     0.01643593
1968 12  6     0.01578905
1968 12  7     0.01538520
1968 12  8     0.01516857
1968 12  9     0.01454940
1968 12 10     0.01407605
1968 12 11     1.06432654
1968 12 12     0.22709619
1968 12 13     0.09426167
1968 12 14     0.33181553
1968 12 15     1.91517049
1968 12 16     3.13748845
1968 12 17     1.14008823
1968 12 18     0.59422204
1968 12 19     0.48824631
1968 12 20     0.43388507
1968 12 21     0.40264392
1968 12 22     0.36508257
1968 12 23     0.35138907
1968 12 24     1.13321376
1968 12 25     1.71366299
1968 12 26     7.58322281
1968 12 27     2.67390914
1968 12 28     1.44192050
1968 12 29     5.73566504
1968 12 30     2.18311123
1968 12 31     1.45113025
1969  1  1     1.16304594
1969  1  2     0.95164657
1969  1  3     0.81136081
1969  1  4     0.71455317
1969  1  5     0.64532205
1969  1  6     0.59458416
1969  1  7     0.55536226
1969  1  8     0.52439236
1969  1  9     0.49628252
1969  1 10     0.47382475
1969  1 11     0.45532255
1969  1 12     0.43979368
1969  1 13     0.54476025
1969  1 14     7.96730490
1969  1 15     4.04312307
1969  1 16     2.00620691
1969  1 17     1.54733563
1969  1 18     1.29990483
1969  1 19    33.19256355
1969  1 20    43.84253819
1969  1 21    34.65996593
1969  1 22    32.54292861
1969  1 23    16.70369775
1969  1 24    18.71516879
1969  1 25    57.59358046
1969  1 26    46.62246941
1969  1 27    32.28950822
1969  1 28    23.96926047
1969  1 29    18.11520182
1969  1 30    11.94962695
1969  1 31     9.62903827
1969  2  1     8.16066662
1969  2  2     7.15179146
1969  2  3     6.46261925
1969  2  4     5.96156531
1969  2  5     7.26280013
1969  2  6    19.98182379
1969  2  7    19.93802729
1969  2  8    10.57759352
1969  2  9     8.13816538
1969  2 10     7.00949832
1969  2 11     6.29368968
1969  2 12     7.54361455
1969  2 13     7.98546581
1969  2 14     5.93000524
1969  2 15     9.42867180
1969  2 16    14.12910883
1969  2 17     8.06926200
1969  2 18     9.37807129
1969  2 19    17.99378281
1969  2 20    10.49334276
1969  2 21     8.80108669
1969  2 22    11.08716032
1969  2 23     8.85789771
1969  2 24    17.31949924
1969  2 25    59.20451863
1969  2 26    29.01591016
1969  2 27    15.38502961
1969  2 28    11.99522477
1969  3  1    24.76562224
1969  3  2    15.59834056
1969  3  3    13.41915449
1969  3  4    13.49507165
1969  3  5     9.20819439
1969  3  6     7.83272702
1969  3  7     6.84822478
1969  3  8     6.33126051
1969  3  9     5.77975804
1969  3 10     8.84924817
1969  3 11     6.47165968
1969  3 12     5.67819373
1969  3 13    11.29669000
1969  3 14     6.88291613
1969  3 15     5.94078040
1969  3 16     5.53520980
1969  3 17     5.31302461
1969  3 18     5.11998706
1969  3 19     4.83383810
1969  3 20     4.73004478
1969  3 21     5.76217664
1969  3 22     4.75934158
1969  3 23     4.58310503
1969  3 24     4.57708026
1969  3 25     4.55868502
1969  3 26     4.59226075
1969  3 27     4.67704669
1969  3 28     4.70879065
1969  3 29     4.86436368
1969  3 30     4.96825730
1969  3 31     4.93719369
1969  4  1     4.68219244
1969  4  2     4.37537187
1969  4  3    17.08679795
1969  4  4     8.51193650
1969  4  5     7.57150005
1969  4  6    24.36034515
1969  4  7    11.23325579
1969  4  8     7.72490121
1969  4  9     6.63836440
1969  4 10     7.25077047
1969  4 11     5.90525707
1969  4 12     5.57443441
1969  4 13     5.13550693
1969  4 14     4.59722409
1969  4 15     4.29411896
1969  4 16     4.22550533
1969  4 17     4.43891641
1969  4 18     4.61243837
1969  4 19     4.21536132
1969  4 20     4.29876469
1969  4 21     4.66069762
1969  4 22     4.71520485
1969  4 23     4.30138720
1969  4 24     3.77754890
1969  4 25     3.48463258
1969  4 26     3.56663796
1969  4 27     3.79013968
1969  4 28     4.05300577
1969  4 29     4.18177944
1969  4 30     4.16066012
1969  5  1     3.77118107
1969  5  2     3.52015652
1969  5  3     3.33994324
1969  5  4     3.43604502
1969  5  5     3.11143436
1969  5  6     3.56428588
1969  5  7     3.57363305
1969  5  8     3.51148167
1969  5  9     3.69073781
1969  5 10     3.62466945
1969  5 11     3.62403758
1969  5 12     3.53083593
1969  5 13     3.24731566
1969  5 14     2.95290099
1969  5 15     2.79857901
1969  5 16     2.80118743
1969  5 17     2.75709721
1969  5 18     2.71256746
1969  5 19     2.47087854
1969  5 20     2.23385486
1969  5 21     2.13199129
1969  5 22     2.06453646
1969  5 23     1.99931387
1969  5 24     1.93018740
1969  5 25     1.85247168
1969  5 26     1.74252719
1969  5 27     1.67232153
1969  5 28     1.61786274
1969  5 29     1.55950355
1969  5 30     1.50603485
1969  5 31     1.45477625
1969  6  1     1.40886791
1969  6  2     1.36585497
1969  6  3     1.32539787
1969  6  4     1.28375546
1969  6  5     1.24531464
1969  6  6     1.20705813
1969  6  7     1.17176558
1969  6  8     1.13777321
1969  6  9     1.57866115
1969  6 10     2.02934311
1969  6 11     1.17734898
1969  6 12     1.04153327
1969  6 13     1.00578607
1969  6 14     0.97424253
1969  6 15     0.94262106
1969  6 16     1.08689894
1969  6 17     6.83952453
1969  6 18     2.70835462
1969  6 19     1.79916766
1969  6 20     1.53765506
1969  6 21     1.34388477
1969  6 22     1.20541262
1969  6 23     1.10437200
1969  6 24     1.02999496
1969  6 25     0.97313481
1969  6 26     0.92575840
1969  6 27     0.88517942
1969  6 28     0.85049747
1969  6 29     0.81800889
1969  6 30     0.78715009
1969  7  1     0.75791714
1969  7  2     0.73153687
1969  7  3     0.70831294
1969  7  4     0.68632298
1969  7  5     0.66419663
1969  7  6     0.64383287
1969  7  7     0.62349981
1969  7  8     0.68331666
1969  7  9     0.59222424
1969  7 10     0.56317474
1969  7 11     0.54455307
1969  7 12     0.52757893
1969  7 13     0.51138083
1969  7 14     0.49991091
1969  7 15     0.48125402
1969  7 16     0.46599051
1969  7 17     0.45091685
1969  7 18     0.43626035
1969  7 19     0.42267954
1969  7 20     0.41133312
1969  7 21     0.39602041
1969  7 22     0.41194363
1969  7 23     0.39441590
1969  7 24     0.37357252
1969  7 25     0.35278494
1969  7 26     0.34054818
1969  7 27     0.35630239
1969  7 28     0.66465311
1969  7 29     0.35108364
1969  7 30     0.30128125
1969  7 31     0.29238531
1969  8  1     0.28347301
1969  8  2     0.27452290
1969  8  3     0.26621534
1969  8  4     0.25832659
1969  8  5     0.25071056
1969  8  6     0.24331348
1969  8  7     0.23612733
1969  8  8     0.22915017
1969  8  9     0.22238999
1969  8 10     0.21583095
1969  8 11     0.22677397
1969  8 12     0.20544589
1969  8 13     0.19729428
1969  8 14     0.19147752
1969  8 15     0.18583060
1969  8 16     0.18035106
1969  8 17     0.17503357
1969  8 18     0.16987351
1969  8 19     0.16486473
1969  8 20     0.16000437
1969  8 21     0.15528758
1969  8 22     0.15071140
1969  8 23     0.14626728
1969  8 24     0.14195533
1969  8 25     0.13776960
1969  8 26     0.13370711
1969  8 27     0.12976681
1969  8 28     0.12594144
1969  8 29     0.12222930
1969  8 30     0.11862430
1969  8 31     0.11512722
1969  9  1     0.11173355
1969  9  2     0.10843992
1969  9  3     0.10524339
1969  9  4     0.10214107
1969  9  5     0.09913021
1969  9  6     0.09620810
1969  9  7     0.10510713
1969  9  8     0.09199229
1969  9  9     0.08794853
1969  9 10     0.08535599
1969  9 11     0.08283991
1969  9 12     0.08039800
1969  9 13     0.07802806
1969  9 14     0.07572799
1969  9 15     0.07349572
1969  9 16     0.07132925
1969  9 17     0.06922664
1969  9 18     0.06718601
1969  9 19     0.06520553
1969  9 20     0.06328343
1969  9 21     0.06141800
1969  9 22     0.05960755
1969  9 23     0.05785046
1969  9 24     0.05614518
1969  9 25     0.05449016
1969  9 26     0.05288392
1969  9 27     0.05132504
1969  9 28     0.04981210
1969  9 29     0.06122031
1969  9 30     0.04858957
1969 10  1     0.04553570
1969 10  2     0.04419339
1969 10  3     0.04289067
1969 10  4     0.04162636
1969 10  5     0.04039932
1969 10  6     0.03920845
1969 10  7     0.03805268
1969 10  8     0.03693098
1969 10  9     0.03584235
1969 10 10     0.03478581
1969 10 11     0.03797923
1969 10 12     0.03333169
1969 10 13     0.03179941
1969 10 14     0.03086203
1969 10 15     0.14833978
1969 10 16     0.08255099
1969 10 17     0.56548071
1969 10 18     0.10638493
1969 10 19     0.02829409
1969 10 20     0.02579044
1969 10 21     0.02503016
1969 10 22     0.02429234
1969 10 23     0.02357626
1969 10 24     0.02288129
1969 10 25     0.02220681
1969 10 26     0.02155221
1969 10 27     0.02091690
1969 10 28     0.02030032
1969 10 29     0.01970192
1969 10 30     0.01912116
1969 10 31     0.01855751
1969 11  1     0.01801048
1969 11  2     0.01747958
1969 11  3     0.01696432
1969 11  4     0.01646426
1969 11  5     0.01597893
1969 11  6     0.21897857
1969 11  7     1.11671787
1969 11  8     0.18156798
1969 11  9     0.01858475
1969 11 10     0.01386830
1969 11 11     0.01335308
1969 11 12     0.01295946
1969 11 13     0.01257745
1969 11 14     0.01220670
1969 11 15     0.03935189
1969 11 16     0.36923180
1969 11 17     0.05593054
1969 11 18     0.01111971
1969 11 19     0.01051057
1969 11 20     0.01020074
1969 11 21     0.00990005
1969 11 22     0.00960822
1969 11 23     0.00932499
1969 11 24     0.00905012
1969 11 25     0.00878334
1969 11 26     0.00852443
1969 11 27     0.00827315
1969 11 28     0.00802928
1969 11 29     0.00779260
1969 11 30     0.00756289
1969 12  1     0.00733995
1969 12  2     0.00712359
1969 12  3     0.00691361
1969 12  4     0.00670981
1969 12  5     0.00651202
1969 12  6     0.00632006
1969 12  7     0.00613376
1969 12  8     0.03500213
1969 12  9     0.13201326
1969 12 10     0.01980111
1969 12 11     0.00559736
1969 12 12     0.00569623
1969 12 13     0.00563786
1969 12 14     0.00551952
1969 12 15     0.00491517
1969 12 16     0.00469220
1969 12 17     0.00455471
1969 12 18     0.00441665
1969 12 19     0.05404513
1969 12 20     1.46839257
1969 12 21     0.20937544
1969 12 22     1.07358601
1969 12 23     0.16940451
1969 12 24     0.02018451
1969 12 25     0.29482550
1969 12 26     1.72161005
1969 12 27     0.41105414
1969 12 28     0.16444615
1969 12 29     0.13876423
1969 12 30     0.12665674
1969 12 31     0.11803728
1970  1  1     0.11088071
1970  1  2     0.10466081
1970  1  3     0.09934712
1970  1  4     0.09467517
1970  1  5     0.09035603
1970  1  6     0.08631555
1970  1  7     0.08275454
1970  1  8     0.07934689
1970  1  9     0.08219124
1970  1 10     6.19114704
1970  1 11     1.79184636
1970  1 12     1.83687854
1970  1 13     1.10040189
1970  1 14     1.17237828
1970  1 15     9.11554842
1970  1 16    30.20365173
1970  1 17    33.47335187
1970  1 18    15.21987320
1970  1 19     8.73427149
1970  1 20     6.37702172
1970  1 21     4.87134748
1970  1 22     3.86955533
1970  1 23     3.48592258
1970  1 24     9.58133172
1970  1 25     4.84466874
1970  1 26     3.66913295
1970  1 27     3.60749818
1970  1 28     3.62115120
1970  1 29     2.73424726
1970  1 30     2.49575699
1970  1 31     2.25210102
1970  2  1     2.05884454
1970  2  2     1.91293570
1970  2  3     1.79907032
1970  2  4     1.70561440
1970  2  5     1.62675929
1970  2  6     1.55782415
1970  2  7     1.49700201
1970  2  8     1.44132087
1970  2  9     1.39182236
1970  2 10     1.34826596
1970  2 11     1.97281819
1970  2 12     1.38516073
1970  2 13     1.34470183
1970  2 14     9.83981561
1970  2 15     4.17010786
1970  2 16     2.97263066
1970  2 17     8.22710000
1970  2 18     4.04921014
1970  2 19     3.09111071
1970  2 20     2.56495997
1970  2 21     2.79893571
1970  2 22     2.08409214
1970  2 23     1.92566162
1970  2 24     1.75114903
1970  2 25     1.61453781
1970  2 26     1.50803688
1970  2 27     1.42483406
1970  2 28     1.76722958
1970  3  1    11.59529675
1970  3  2    17.58441894
1970  3  3     8.63933143
1970  3  4     5.35414360
1970  3  5    12.47486365
1970  3  6     6.11803973
1970  3  7     4.53336921
1970  3  8     3.74912758
1970  3  9     8.05282292
1970  3 10     6.69764534
1970  3 11     4.30587523
1970  3 12     3.57011196
1970  3 13     3.20939945
1970  3 14     2.94678313
1970  3 15     2.68543013
1970  3 16     2.42430186
1970  3 17     2.27103626
1970  3 18     2.12923944
1970  3 19     2.00504933
1970  3 20     1.91022363
1970  3 21     1.83717537
1970  3 22     1.77715893
1970  3 23     1.74376479
1970  3 24     1.71727450
1970  3 25     1.69011189
1970  3 26     1.63323003
1970  3 27     1.55576888
1970  3 28     1.50050442
1970  3 29     1.44922920
1970  3 30     1.38703705
1970  3 31     1.33743582
1970  4  1     1.29101208
1970  4  2     1.25100310
1970  4  3     1.21986718
1970  4  4     1.20408205
1970  4  5     1.18974187
1970  4  6     1.17402681
1970  4  7     1.12843960
1970  4  8     1.07509792
1970  4  9     1.05644430
1970  4 10     1.04358618
1970  4 11     1.01115532
1970  4 12     0.97008636
1970  4 13     0.93720461
1970  4 14     1.06036590
1970  4 15     0.90023193
1970  4 16     0.84467088
1970  4 17     0.81007574
1970  4 18     0.78649389
1970  4 19     0.76245335
1970  4 20     0.73441895
1970  4 21     0.75602963
1970  4 22     0.78252598
1970  4 23     0.68491577
1970  4 24     0.65372640
1970  4 25     0.63591385
1970  4 26     0.61953763
1970  4 27     1.74519087
1970  4 28     2.06431755
1970  4 29     1.08392546
1970  4 30     1.11077850
1970  5  1     1.04760862
1970  5  2     0.97434117
1970  5  3     0.79734701
1970  5  4     0.70296895
1970  5  5     0.64658699
1970  5  6     0.60428991
1970  5  7     0.57170119
1970  5  8     0.54373820
1970  5  9     0.51985186
1970  5 10     0.49988492
1970  5 11     0.48212446
1970  5 12     0.46500847
1970  5 13     0.44852628
1970  5 14     0.43249982
1970  5 15     0.41632493
1970  5 16     0.40121762
1970  5 17     0.38751485
1970  5 18     0.37557996
1970  5 19     0.36456749
1970  5 20     0.35522274
1970  5 21     0.34447606
1970  5 22     0.33212253
1970  5 23     0.32154796
1970  5 24     0.31154260
1970  5 25     0.30184679
1970  5 26     0.29311093
1970  5 27     0.28468533
1970  5 28     0.27640427
1970  5 29     0.26785472
1970  5 30     0.25909726
1970  5 31     0.25028744
1970  6  1     0.24147958
1970  6  2     0.23376811
1970  6  3     0.22670135
1970  6  4     0.21986233
1970  6  5     0.21334389
1970  6  6     0.20721164
1970  6  7     0.20108666
1970  6  8     0.19887845
1970  6  9     0.21426797
1970  6 10     0.18824189
1970  6 11     0.17975654
1970  6 12     0.17395045
1970  6 13     0.20981923
1970  6 14     0.16861620
1970  6 15     0.15857893
1970  6 16     0.15359344
1970  6 17     0.14880592
1970  6 18     0.14408435
1970  6 19     0.13927263
1970  6 20     0.13506553
1970  6 21     0.13107772
1970  6 22     0.12721078
1970  6 23     0.12346035
1970  6 24     0.11982053
1970  6 25     0.11628552
1970  6 26     0.11285712
1970  6 27     0.10953019
1970  6 28     0.10630053
1970  6 29     0.10316603
1970  6 30     0.10012471
1970  7  1     0.09717377
1970  7  2     0.09430834
1970  7  3     0.09152777
1970  7  4     0.08882972
1970  7  5     0.08621032
1970  7  6     0.08366975
1970  7  7     0.08120306
1970  7  8     0.07880969
1970  7  9     0.07648468
1970  7 10     0.07423053
1970  7 11     0.07204190
1970  7 12     0.06991818
1970  7 13     0.06785716
1970  7 14     0.06585909
1970  7 15     0.06391576
1970  7 16     0.06203146
1970  7 17     0.06020293
1970  7 18     0.05842830
1970  7 19     0.05670598
1970  7 20     0.05503442
1970  7 21     0.05341215
1970  7 22     0.05183769
1970  7 23     0.05031071
1970  7 24     0.04882666
1970  7 25     0.04738732
1970  7 26     0.04599046
1970  7 27     0.04463478
1970  7 28     0.04332630
1970  7 29     0.04204321
1970  7 30     0.04080282
1970  7 31     0.03960005
1970  8  1     0.03843274
1970  8  2     0.03729984
1970  8  3     0.03620033
1970  8  4     0.03513324
1970  8  5     0.03409760
1970  8  6     0.03309248
1970  8  7     0.03211700
1970  8  8     0.03117027
1970  8  9     0.03025145
1970  8 10     0.02935971
1970  8 11     0.02849426
1970  8 12     0.02765432
1970  8 13     0.02683914
1970  8 14     0.02604799
1970  8 15     0.02528016
1970  8 16     0.02453496
1970  8 17     0.02381173
1970  8 18     0.02310982
1970  8 19     0.02242860
1970  8 20     0.02176746
1970  8 21     0.02112581
1970  8 22     0.02050308
1970  8 23     0.01989870
1970  8 24     0.01931213
1970  8 25     0.01874286
1970  8 26     0.01819036
1970  8 27     0.01765416
1970  8 28     0.01713376
1970  8 29     0.01662870
1970  8 30     0.01613852
1970  8 31     0.01566280
1970  9  1     0.01520110
1970  9  2     0.01475301
1970  9  3     0.01431813
1970  9  4     0.01389606
1970  9  5     0.01348644
1970  9  6     0.01308890
1970  9  7     0.01270307
1970  9  8     0.01232861
1970  9  9     0.01196520
1970  9 10     0.01161249
1970  9 11     0.01127018
1970  9 12     0.01093797
1970  9 13     0.01061554
1970  9 14     0.01030262
1970  9 15     0.00999893
1970  9 16     0.00970418
1970  9 17     0.00941813
1970  9 18     0.00914051
1970  9 19     0.00887107
1970  9 20     0.00860957
1970  9 21     0.00835578
1970  9 22     0.00810947
1970  9 23     0.00787043
1970  9 24     0.00763843
1970  9 25     0.00741326
1970  9 26     0.00719474
1970  9 27     0.00698266
1970  9 28     0.00677683
1970  9 29     0.00657706
1970  9 30     0.00638319
1970 10  1     0.00619503
1970 10  2     0.00601241
1970 10  3     0.00583518
1970 10  4     0.00566358
1970 10  5     0.00549630
1970 10  6     0.00533422
1970 10  7     0.00517698
1970 10  8     0.00502438
1970 10  9     0.00487627
1970 10 10     0.01020533
1970 10 11     0.00525143
1970 10 12     0.00445765
1970 10 13     0.00432624
1970 10 14     0.00419871
1970 10 15     0.00407494
1970 10 16     0.00395482
1970 10 17     0.00383825
1970 10 18     0.00372510
1970 10 19     0.00361753
1970 10 20     0.00350876
1970 10 21     0.00340523
1970 10 22     0.00330485
1970 10 23     0.00320743
1970 10 24     0.00460232
1970 10 25     0.00321504
1970 10 26     0.00293208
1970 10 27     0.00284564
1970 10 28     0.00276176
1970 10 29     0.00268035
1970 10 30     0.00260134
1970 10 31     0.00252466
1970 11  1     0.00245024
1970 11  2     0.00237801
1970 11  3     0.00230791
1970 11  4     0.00223988
1970 11  5     0.05436237
1970 11  6     0.00853360
1970 11  7     0.44976665
1970 11  8     0.06813876
1970 11  9     0.05200308
1970 11 10     0.00788348
1970 11 11     0.00181676
1970 11 12     0.00220290
1970 11 13     0.00176971
1970 11 14     0.00166066
1970 11 15     0.00161171
1970 11 16     0.00156420
1970 11 17     0.00151809
1970 11 18     0.00147334
1970 11 19     0.00142991
1970 11 20     0.00138776
1970 11 21     0.00134685
1970 11 22     0.00130715
1970 11 23     0.00126862
1970 11 24     0.00123122
1970 11 25     0.05733153
1970 11 26     5.32433279
1970 11 27     1.69123357
1970 11 28     0.96390884
1970 11 29     1.22652611
1970 11 30     5.29444524
1970 12  1     1.35521683
1970 12  2     2.75833616
1970 12  3     2.55074880
1970 12  4     1.06056262
1970 12  5     0.77347331
1970 12  6     0.66982817
1970 12  7     0.59646149
1970 12  8     0.54365518
1970 12  9     1.50448333
1970 12 10     1.00173594
1970 12 11     0.66671376
1970 12 12     0.60084627
1970 12 13     0.54831185
1970 12 14     0.50661201
1970 12 15     0.47252195
1970 12 16     1.22717608
1970 12 17     6.06016205
1970 12 18     2.94868877
1970 12 19     1.83034000
1970 12 20     1.15211814
1970 12 21     4.69969758
1970 12 22     7.21104074
1970 12 23     2.76340363
1970 12 24     1.86976715
1970 12 25     1.43616680
1970 12 26     1.13541618
1970 12 27     3.80321023
1970 12 28     4.03103028
1970 12 29     2.07598246
1970 12 30     1.60262907
1970 12 31     1.27783190
1971  1  1     1.07114912
1971  1  2     2.23927833
1971  1  3     1.61079645
1971  1  4     1.17015134
1971  1  5     1.00764876
1971  1  6     0.85907353
1971  1  7     0.75520547
1971  1  8     0.68739466
1971  1  9     0.64600365
1971  1 10     0.61358962
1971  1 11     0.59576287
1971  1 12     3.38419759
1971  1 13     8.36178617
1971  1 14     6.12279067
1971  1 15     3.23317658
1971  1 16     2.45557159
1971  1 17     1.97848576
1971  1 18     1.67049571
1971  1 19     1.46998177
1971  1 20     1.33141119
1971  1 21     1.20993593
1971  1 22     1.12746004
1971  1 23     1.06247454
1971  1 24     1.00483679
1971  1 25     0.97137884
1971  1 26     0.96588504
1971  1 27     0.95351706
1971  1 28     0.94312706
1971  1 29     0.91667655
1971  1 30     0.91300614
1971  1 31     0.87459885
1971  2  1     0.82704467
1971  2  2     0.78112551
1971  2  3     0.73988655
1971  2  4     0.70413037
1971  2  5     0.67287011
1971  2  6     0.64760887
1971  2  7     0.63764876
1971  2  8     0.63710332
1971  2  9     0.63896435
1971  2 10     0.64187562
1971  2 11     0.66717197
1971  2 12     0.76333697
1971  2 13     0.83795969
1971  2 14     0.86720328
1971  2 15     0.89936723
1971  2 16     0.79033315
1971  2 17     1.45940047
1971  2 18     1.37270506
1971  2 19     1.71521954
1971  2 20     1.32496363
1971  2 21     0.98511113
1971  2 22     0.89761653
1971  2 23     1.14368278
1971  2 24     0.82036898
1971  2 25     0.78238462
1971  2 26     0.69436144
1971  2 27     0.65019737
1971  2 28     0.60820335
1971  3  1     0.70628653
1971  3  2     0.54281516
1971  3  3     0.56439882
1971  3  4     0.56435722
1971  3  5     0.49977804
1971  3  6     0.47402167
1971  3  7     0.47720075
1971  3  8     0.50824973
1971  3  9     0.52847025
1971  3 10     0.52393129
1971  3 11     0.52384661
1971  3 12     0.55887554
1971  3 13     9.59684074
1971  3 14     3.97168616
1971  3 15     2.42924011
1971  3 16     1.92632893
1971  3 17     1.54400922
1971  3 18     1.27972395
1971  3 19     1.12765134
1971  3 20     1.03292984
1971  3 21     0.96815122
1971  3 22     0.91695840
1971  3 23     0.88923876
1971  3 24     0.84328388
1971  3 25     0.83514226
1971  3 26     0.83010571
1971  3 27     1.16277507
1971  3 28     0.85685955
1971  3 29     0.81353072
1971  3 30     0.81359164
1971  3 31     0.75413627
1971  4  1     0.70913879
1971  4  2     0.69478678
1971  4  3     0.67914922
1971  4  4     0.66800806
1971  4  5     0.67714221
1971  4  6     0.66903106
1971  4  7     0.61428962
1971  4  8     0.58083138
1971  4  9     0.57057380
1971  4 10     0.56231700
1971  4 11     0.54187599
1971  4 12     0.52740603
1971  4 13     0.51752165
1971  4 14     0.51001123
1971  4 15     0.65654555
1971  4 16     0.49914751
1971  4 17     0.84642603
1971  4 18     6.94087342
1971  4 19     2.65128843
1971  4 20     1.79002073
1971  4 21     1.89970804
1971  4 22     1.15545570
1971  4 23     1.07416490
1971  4 24     0.91631807
1971  4 25     0.77202539
1971  4 26     0.79753208
1971  4 27     0.83371294
1971  4 28     0.89029857
1971  4 29     0.79632767
1971  4 30     0.76601037
1971  5  1     0.71959883
1971  5  2     0.62834494
1971  5  3     0.78339651
1971  5  4     2.83227103
1971  5  5     1.87166406
1971  5  6     3.64453545
1971  5  7     4.34686274
1971  5  8     2.67712385
1971  5  9     1.87781324
1971  5 10     1.56960061
1971  5 11     1.29980605
1971  5 12     1.19323333
1971  5 13     0.96502787
1971  5 14     0.86236042
1971  5 15     0.78515475
1971  5 16     0.72615501
1971  5 17     0.68068303
1971  5 18     0.64350631
1971  5 19     0.61226932
1971  5 20     0.58530834
1971  5 21     0.56184861
1971  5 22     0.54047297
1971  5 23     0.51999677
1971  5 24     0.50077210
1971  5 25     0.48333023
1971  5 26     0.46709370
1971  5 27     2.46610038
1971  5 28     3.58987546
1971  5 29     1.83865327
1971  5 30     1.32698022
1971  5 31     1.07200514
1971  6  1     0.87974024
1971  6  2     0.74682590
1971  6  3     0.65500543
1971  6  4     0.59008169
1971  6  5     0.54258914
1971  6  6     0.50638297
1971  6  7     0.47741946
1971  6  8     0.45350084
1971  6  9     0.43357399
1971  6 10     0.41650983
1971  6 11     0.40039925
1971  6 12     0.38551808
1971  6 13     0.37196265
1971  6 14     0.35938544
1971  6 15     0.34686780
1971  6 16     0.33466856
1971  6 17     0.32349946
1971  6 18     0.31348752
1971  6 19     0.30351085
1971  6 20     0.29372442
1971  6 21     0.28426119
1971  6 22     0.27551011
1971  6 23     0.26710388
1971  6 24     0.25900133
1971  6 25     0.25101186
1971  6 26     0.24343189
1971  6 27     0.23627548
1971  6 28     0.22935832
1971  6 29     0.22243763
1971  6 30     0.21553624
1971  7  1     0.20879504
1971  7  2     0.20236474
1971  7  3     0.19625472
1971  7  4     0.19020179
1971  7  5     0.18440671
1971  7  6     0.17890387
1971  7  7     0.17360798
1971  7  8     0.16847036
1971  7  9     0.16348859
1971  7 10     0.15865720
1971  7 11     0.15396783
1971  7 12     0.14941951
1971  7 13     0.14500642
1971  7 14     0.14072481
1971  7 15     0.13657256
1971  7 16     0.13253926
1971  7 17     0.90363073
1971  7 18     0.21922148
1971  7 19     0.12146291
1971  7 20     0.11757533
1971  7 21     0.11410709
1971  7 22     0.11074322
1971  7 23     0.10747514
1971  7 24     0.10430858
1971  7 25     0.10122989
1971  7 26     0.09824517
1971  7 27     0.09534784
1971  7 28     0.09253555
1971  7 29     0.08980906
1971  7 30     0.08716158
1971  7 31     0.08459366
1971  8  1     0.08209659
1971  8  2     0.07967686
1971  8  3     0.07732737
1971  8  4     0.07504631
1971  8  5     0.07283310
1971  8  6     0.07068605
1971  8  7     0.06860240
1971  8  8     0.06658017
1971  8  9     0.06461756
1971  8 10     0.06271279
1971  8 11     0.06086417
1971  8 12     0.05907005
1971  8 13     0.05732881
1971  8 14     0.11975183
1971  8 15     0.06190562
1971  8 16     0.05240724
1971  8 17     0.05086222
1971  8 18     0.04936293
1971  8 19     0.04790784
1971  8 20     0.04649563
1971  8 21     0.04512506
1971  8 22     0.04379488
1971  8 23     0.04250392
1971  8 24     0.04125101
1971  8 25     0.04003503
1971  8 26     0.03885490
1971  8 27     0.03770955
1971  8 28     0.03659797
1971  8 29     0.03551915
1971  8 30     0.03447213
1971  8 31     0.03345598
1971  9  1     0.03246978
1971  9  2     0.03151265
1971  9  3     0.03058374
1971  9  4     0.02968221
1971  9  5     0.02880725
1971  9  6     0.02952483
1971  9  7     0.02743003
1971  9  8     0.02634575
1971  9  9     0.02555784
1971  9 10     0.02480446
1971  9 11     0.02407329
1971  9 12     0.02336367
1971  9 13     0.02267496
1971  9 14     0.02200656
1971  9 15     0.02135786
1971  9 16     0.02072829
1971  9 17     0.02011727
1971  9 18     0.01952426
1971  9 19     0.01894873
1971  9 20     0.01839017
1971  9 21     0.01784808
1971  9 22     0.01732196
1971  9 23     0.01681135
1971  9 24     0.01631579
1971  9 25     0.01583485
1971  9 26     0.01536807
1971  9 27     0.01491506
1971  9 28     0.01447540
1971  9 29     0.01404870
1971  9 30     0.15780608
1971 10  1     0.03087634
1971 10  2     0.01285972
1971 10  3     0.01246403
1971 10  4     0.01209663
1971 10  5     0.01174005
1971 10  6     0.01139398
1971 10  7     0.01105811
1971 10  8     0.01073215
1971 10  9     0.01041579
1971 10 10     0.01010876
1971 10 11     0.00981078
1971 10 12     0.00952158
1971 10 13     0.00924091
1971 10 14     0.00896851
1971 10 15     0.00870414
1971 10 16     0.46025622
1971 10 17     0.22731708
1971 10 18     0.03114222
1971 10 19     0.00820124
1971 10 20     0.00893186
1971 10 21     0.00756176
1971 10 22     0.00714855
1971 10 23     0.00696642
1971 10 24     0.00889989
1971 10 25     0.00672143
1971 10 26     0.00626308
1971 10 27     0.00607845
1971 10 28     0.00589928
1971 10 29     0.00572538
1971 10 30     0.00555661
1971 10 31     0.00539281
1971 11  1     0.00523385
1971 11  2     0.00507957
1971 11  3     0.00492983
1971 11  4     0.00478451
1971 11  5     0.00464348
1971 11  6     0.00450660
1971 11  7     0.00437376
1971 11  8     0.00424483
1971 11  9     0.00411970
1971 11 10     0.00399826
1971 11 11     0.00445116
1971 11 12     2.04399872
1971 11 13     0.71930101
1971 11 14     0.26739821
1971 11 15     0.04401812
1971 11 16     0.00517408
1971 11 17     0.00329022
1971 11 18     0.00315802
1971 11 19     0.00306282
1971 11 20     0.00297653
1971 11 21     0.00289390
1971 11 22     0.00280624
1971 11 23     0.00272185
1971 11 24     0.00263817
1971 11 25     0.00255356
1971 11 26     0.00247720
1971 11 27     0.00240418
1971 11 28     0.02581857
1971 11 29     0.15266814
1971 11 30     0.15871912
1971 12  1     0.01878608
1971 12  2     0.00473583
1971 12  3     0.07281724
1971 12  4     0.35398301
1971 12  5     0.04763481
1971 12  6     0.00629444
1971 12  7     0.01955916
1971 12  8     0.00500324
1971 12  9     0.00359629
1971 12 10     0.02002005
1971 12 11     0.06701425
1971 12 12     0.76974679
1971 12 13     0.25920858
1971 12 14     0.04218993
1971 12 15     0.08907498
1971 12 16     0.02058723
1971 12 17     0.00349924
1971 12 18     0.00362248
1971 12 19     0.00364352
1971 12 20     0.00342913
1971 12 21     0.00359220
1971 12 22     0.91413055
1971 12 23     3.12913366
1971 12 24     3.39579209
1971 12 25     3.27766955
1971 12 26     9.23013686
1971 12 27     6.15177082
1971 12 28     4.67956941
1971 12 29     2.46838733
1971 12 30     1.77676647
1971 12 31     1.34239724
1972  1  1     1.04856628
1972  1  2     0.85792889
1972  1  3     0.73081757
1972  1  4     0.64105567
1972  1  5     0.57941019
1972  1  6     0.53735720
1972  1  7     0.51411702
1972  1  8     0.48547856
1972  1  9     0.45795570
1972  1 10     0.44345689
1972  1 11     0.42608482
1972  1 12     0.40574945
1972  1 13     0.40473701
1972  1 14     0.41257333
1972  1 15     0.41315122
1972  1 16     0.41263934
1972  1 17     0.40066177
1972  1 18     0.39489336
1972  1 19     0.37693281
1972  1 20     0.36747093
1972  1 21     0.36049262
1972  1 22     0.35558252
1972  1 23     0.35968697
1972  1 24     0.38610645
1972  1 25     0.35913342
1972  1 26     0.41988335
1972  1 27     0.76366947
1972  1 28     3.10916280
1972  1 29     1.37507204
1972  1 30     1.01339973
1972  1 31     0.80356727
1972  2  1     0.62661067
1972  2  2     0.52142828
1972  2  3     0.45284313
1972  2  4     0.42800329
1972  2  5     4.38897508
1972  2  6     7.11380895
1972  2  7     3.14840500
1972  2  8     2.16484458
1972  2  9     1.61584811
1972  2 10     1.27904429
1972  2 11     1.05545204
1972  2 12     0.89635255
1972  2 13     0.78625329
1972  2 14     0.72091720
1972  2 15     0.67588222
1972  2 16     0.63333303
1972  2 17     0.62915855
1972  2 18     0.65582364
1972  2 19     0.67292519
1972  2 20     0.66078835
1972  2 21     0.65303608
1972  2 22     0.76175492
1972  2 23     0.64881150
1972  2 24     0.59676705
1972  2 25     0.58467860
1972  2 26     0.59529070
1972  2 27     0.60040241
1972  2 28     0.60761924
1972  2 29     0.60508229
1972  3  1     0.54328587
1972  3  2     0.54614056
1972  3  3     0.56987716
1972  3  4     0.59970342
1972  3  5     0.64514441
1972  3  6     0.66875226
1972  3  7     0.68434122
1972  3  8     0.67104130
1972  3  9     0.66359592
1972  3 10     0.62525800
1972  3 11     0.59449891
1972  3 12     0.57818149
1972  3 13     0.56986034
1972  3 14     0.55674216
1972  3 15     0.55621849
1972  3 16     0.55252098
1972  3 17     0.54413335
1972  3 18     0.52852252
1972  3 19     0.50208094
1972  3 20     0.48293545
1972  3 21     0.46948880
1972  3 22     0.44571873
1972  3 23     0.42741164
1972  3 24     0.41208911
1972  3 25     0.39961460
1972  3 26     0.38530275
1972  3 27     0.37254669
1972  3 28     0.36018005
1972  3 29     0.34823494
1972  3 30     0.33814710
1972  3 31     0.33138544
1972  4  1     0.32141530
1972  4  2     0.30969437
1972  4  3     0.29947053
1972  4  4     0.29000132
1972  4  5     0.28094873
1972  4  6     0.27803844
1972  4  7     0.26479976
1972  4  8     0.25607838
1972  4  9     0.25225874
1972  4 10     0.27178013
1972  4 11     0.47709309
1972  4 12     1.07344969
1972  4 13     1.32690300
1972  4 14     0.49485836
1972  4 15     0.38815161
1972  4 16     0.38703322
1972  4 17     0.34859259
1972  4 18     0.31131999
1972  4 19     0.28445779
1972  4 20     0.27094491
1972  4 21     0.27175966
1972  4 22     0.25232325
1972  4 23     0.23972752
1972  4 24     0.23081642
1972  4 25     0.22253669
1972  4 26     0.21457456
1972  4 27     0.20708187
1972  4 28     0.20005603
1972  4 29     0.19354149
1972  4 30     0.18726987
1972  5  1     0.18109370
1972  5  2     0.17510973
1972  5  3     0.16944689
1972  5  4     0.16417713
1972  5  5     0.15918491
1972  5  6     0.15433866
1972  5  7     0.14966686
1972  5  8     0.14510830
1972  5  9     0.14071527
1972  5 10     0.13629141
1972  5 11     0.13214300
1972  5 12     0.12814733
1972  5 13     0.12429430
1972  5 14     0.12057569
1972  5 15     0.11697581
1972  5 16     0.11348869
1972  5 17     0.11010998
1972  5 18     0.10684595
1972  5 19     0.10368963
1972  5 20     0.57143938
1972  5 21     0.15492201
1972  5 22     0.10480320
1972  5 23     0.10496937
1972  5 24     0.09124830
1972  5 25     0.08654629
1972  5 26     0.08398649
1972  5 27     0.08150369
1972  5 28     0.07909510
1972  5 29     0.07675837
1972  5 30     0.07449128
1972  5 31     0.07229165
1972  6  1     0.07015741
1972  6  2     0.06870779
1972  6  3     0.11033646
1972  6  4     0.06954215
1972  6  5     0.06223526
1972  6  6     0.06441605
1972  6  7     0.40096043
1972  6  8     0.21931136
1972  6  9     0.07143311
1972  6 10     0.05358312
1972  6 11     0.05200211
1972  6 12     0.05046855
1972  6 13     0.04898037
1972  6 14     0.04753637
1972  6 15     0.04613462
1972  6 16     0.04477482
1972  6 17     0.04345413
1972  6 18     0.04217331
1972  6 19     0.04092972
1972  6 20     0.03972599
1972  6 21     0.03855188
1972  6 22     0.03741532
1972  6 23     0.03631191
1972  6 24     0.03524135
1972  6 25     0.03420437
1972  6 26     0.03319485
1972  6 27     0.03221575
1972  6 28     0.03126599
1972  6 29     0.03034435
1972  6 30     0.02944987
1972  7  1     0.02858177
1972  7  2     0.02773925
1972  7  3     0.02692156
1972  7  4     0.02612798
1972  7  5     0.02535779
1972  7  6     0.02461031
1972  7  7     0.02388486
1972  7  8     0.02318079
1972  7  9     0.02249748
1972  7 10     0.02183431
1972  7 11     0.02119069
1972  7 12     0.02056604
1972  7 13     0.01995980
1972  7 14     0.01937144
1972  7 15     0.01880042
1972  7 16     0.01824623
1972  7 17     0.01770837
1972  7 18     0.01718638
1972  7 19     0.01667976
1972  7 20     0.01618809
1972  7 21     0.01571090
1972  7 22     0.01524778
1972  7 23     0.01479832
1972  7 24     0.01436210
1972  7 25     0.01393874
1972  7 26     0.01352786
1972  7 27     0.01312909
1972  7 28     0.01274208
1972  7 29     0.01236647
1972  7 30     0.01200194
1972  7 31     0.01164815
1972  8  1     0.01130480
1972  8  2     0.01097156
1972  8  3     0.01064814
1972  8  4     0.01033426
1972  8  5     0.01002963
1972  8  6     0.01312736
1972  8  7     0.00990188
1972  8  8     0.00916859
1972  8  9     0.00889831
1972  8 10     0.00863601
1972  8 11     0.00838144
1972  8 12     0.00813438
1972  8 13     0.00789460
1972  8 14     0.00766188
1972  8 15     0.00743603
1972  8 16     0.00721683
1972  8 17     0.00700410
1972  8 18     0.00679764
1972  8 19     0.00659726
1972  8 20     0.00640279
1972  8 21     0.00621405
1972  8 22     0.00603088
1972  8 23     0.00585310
1972  8 24     0.00568057
1972  8 25     0.00551312
1972  8 26     0.00535060
1972  8 27     0.00662430
1972  8 28     0.04969605
1972  8 29     0.18498394
1972  8 30     0.02618089
1972  8 31     0.00460763
1972  9  1     0.00447133
1972  9  2     0.00433952
1972  9  3     0.00421160
1972  9  4     0.00408746
1972  9  5     0.00396697
1972  9  6     0.03684894
1972  9  7     0.01734740
1972  9  8     0.00469847
1972  9  9     0.00631514
1972  9 10     0.00379366
1972  9 11     0.00331508
1972  9 12     0.00321735
1972  9 13     0.00312251
1972  9 14     0.00303046
1972  9 15     0.00294113
1972  9 16     0.00285444
1972  9 17     0.00277029
1972  9 18     0.00268863
1972  9 19     0.00260938
1972  9 20     0.00253246
1972  9 21     0.00245781
1972  9 22     0.00238536
1972  9 23     0.00231505
1972  9 24     0.00224680
1972  9 25     0.00218057
1972  9 26     0.00211630
1972  9 27     0.00205391
1972  9 28     0.00199337
1972  9 29     0.00193461
1972  9 30     0.00187758
1972 10  1     0.00447267
1972 10  2     0.02199730
1972 10  3     0.03068132
1972 10  4     0.00630761
1972 10  5     0.05455092
1972 10  6     0.00781583
1972 10  7     0.00152293
1972 10  8     0.00147790
1972 10  9     0.00143433
1972 10 10     0.00139205
1972 10 11     0.00135102
1972 10 12     0.00131119
1972 10 13     0.00127254
1972 10 14     0.00123503
1972 10 15     0.00219682
1972 10 16     0.00129840
1972 10 17     0.00112900
1972 10 18     0.00109572
1972 10 19     1.11728223
1972 10 20     0.73749438
1972 10 21     0.47511517
1972 10 22     0.08172730
1972 10 23     0.00261467
1972 10 24     0.00091566
1972 10 25     0.00088867
1972 10 26     0.00086247
1972 10 27     0.00083705
1972 10 28     0.00081237
1972 10 29     0.00078843
1972 10 30     0.00076519
1972 10 31     0.00074263
1972 11  1     0.00072074
1972 11  2     0.00069949
1972 11  3     0.00067887
1972 11  4     0.24325837
1972 11  5     1.12427684
1972 11  6     0.16833450
1972 11  7     0.00703866
1972 11  8     0.63735712
1972 11  9     0.09183819
1972 11 10     0.00209248
1972 11 11     1.53238004
1972 11 12     0.45131768
1972 11 13     0.49981125
1972 11 14     1.26261356
1972 11 15     4.60644950
1972 11 16     2.33039601
1972 11 17     3.15176833
1972 11 18     1.39216932
1972 11 19     0.91710583
1972 11 20     0.74199910
1972 11 21     0.63237542
1972 11 22     0.56535182
1972 11 23     0.51365084
1972 11 24     0.47365695
1972 11 25     0.44200775
1972 11 26     0.41611162
1972 11 27     0.39427284
1972 11 28     0.37535119
1972 11 29     0.35861855
1972 11 30     0.34355586
1972 12  1     0.32981256
1972 12  2     0.31713818
1972 12  3     0.30555129
1972 12  4    10.62694018
1972 12  5     4.46907276
1972 12  6     1.98454516
1972 12  7     6.12763173
1972 12  8     3.63494997
1972 12  9     1.87710253
1972 12 10     1.43806500
1972 12 11     1.16027834
1972 12 12     0.96939591
1972 12 13     0.84229422
1972 12 14     0.75480081
1972 12 15     0.69112197
1972 12 16     0.64391917
1972 12 17     0.64195064
1972 12 18     0.61677876
1972 12 19     0.61309240
1972 12 20     0.58605310
1972 12 21     0.56183030
1972 12 22     0.55338264
1972 12 23     0.53764339
1972 12 24     0.55143983
1972 12 25     0.51430342
1972 12 26     0.50487387
1972 12 27     0.49423217
1972 12 28     4.53613455
1972 12 29     2.19902003
1972 12 30     1.38326412
1972 12 31     1.10459558
1973  1  1     0.88829116
1973  1  2     0.74045023
1973  1  3     0.68322376
1973  1  4     0.59337376
1973  1  5     0.52627637
1973  1  6     0.48497373
1973  1  7     0.45403636
1973  1  8     0.43828171
1973  1  9    19.53838965
1973  1 10    11.64341227
1973  1 11     5.56103442
1973  1 12     3.92715479
1973  1 13     2.96540947
1973  1 14     2.33663048
1973  1 15     1.93142332
1973  1 16     5.33483311
1973  1 17    36.33222042
1973  1 18    20.21293403
1973  1 19    35.49354019
1973  1 20    16.95745675
1973  1 21    10.30448846
1973  1 22     8.13393661
1973  1 23     6.20934540
1973  1 24     5.14269262
1973  1 25     4.36792480
1973  1 26     5.62678914
1973  1 27     4.00191862
1973  1 28     3.64005445
1973  1 29     3.31345530
1973  1 30     3.04467061
1973  1 31     2.93108572
1973  2  1     2.66744156
1973  2  2     2.55226290
1973  2  3     2.43960650
1973  2  4     2.43288331
1973  2  5     2.26644528
1973  2  6     3.25733167
1973  2  7     6.44726617
1973  2  8     3.64355778
1973  2  9     3.05898008
1973  2 10     3.68675440
1973  2 11    23.71841210
1973  2 12    23.93304127
1973  2 13    15.02756810
1973  2 14     8.68219549
1973  2 15     9.67897326
1973  2 16     6.31770391
1973  2 17     5.18374397
1973  2 18     4.37913482
1973  2 19     3.81713592
1973  2 20     3.43235747
1973  2 21     3.16732316
1973  2 22     2.95004630
1973  2 23     2.80075111
1973  2 24     2.72377157
1973  2 25     2.66617159
1973  2 26     2.69075351
1973  2 27     2.84424208
1973  2 28    13.30774689
1973  3  1     6.04840008
1973  3  2     4.41466547
1973  3  3     3.72190870
1973  3  4    13.38752655
1973  3  5     7.64322903
1973  3  6     5.47338945
1973  3  7    10.70026074
1973  3  8     6.53948658
1973  3  9     4.90008654
1973  3 10     4.11364875
1973  3 11    12.27969813
1973  3 12     7.63320822
1973  3 13     5.14154512
1973  3 14     6.38122125
1973  3 15     4.46668845
1973  3 16     4.07063482
1973  3 17     3.72471421
1973  3 18     3.80227575
1973  3 19     3.14571959
1973  3 20     8.03706616
1973  3 21     8.47690974
1973  3 22    11.87532795
1973  3 23     6.14509821
1973  3 24     5.08901904
1973  3 25     4.78415770
1973  3 26     6.88152103
1973  3 27     4.95100704
1973  3 28     8.18550601
1973  3 29     6.43359873
1973  3 30     4.71160291
1973  3 31     4.35261263
1973  4  1     4.23053575
1973  4  2     4.04714337
1973  4  3     3.70625110
1973  4  4     3.81382138
1973  4  5     3.86472059
1973  4  6     3.73205981
1973  4  7     3.52922471
1973  4  8     3.37914783
1973  4  9     3.18791523
1973  4 10     3.02296828
1973  4 11     2.97352458
1973  4 12     2.93884978
1973  4 13     2.80090950
1973  4 14     4.71344779
1973  4 15     3.75653621
1973  4 16     3.04520880
1973  4 17     2.94290295
1973  4 18     2.67152098
1973  4 19     2.39058326
1973  4 20     2.27150797
1973  4 21     2.25542405
1973  4 22     2.33325889
1973  4 23     2.41432591
1973  4 24     2.46000020
1973  4 25     2.58450340
1973  4 26     2.76904024
1973  4 27     2.94184111
1973  4 28     2.89404773
1973  4 29     2.63056687
1973  4 30     2.98453389
1973  5  1     2.31852534
1973  5  2     2.29671682
1973  5  3     2.35580294
1973  5  4     2.26391510
1973  5  5     2.12518418
1973  5  6     1.94710547
1973  5  7     1.97735512
1973  5  8     1.99695941
1973  5  9     2.10399736
1973  5 10     2.24185454
1973  5 11     2.36764583
1973  5 12     2.46779900
1973  5 13     2.55737703
1973  5 14     2.62844496
1973  5 15     2.57368745
1973  5 16     2.52690978
1973  5 17     2.73885367
1973  5 18     2.67633756
1973  5 19     2.41754188
1973  5 20     2.20517205
1973  5 21     2.03850158
1973  5 22     1.96686113
1973  5 23     1.98356415
1973  5 24     1.91737500
1973  5 25     1.85743259
1973  5 26     1.77625032
1973  5 27     1.72630203
1973  5 28     1.77736139
1973  5 29     1.73295298
1973  5 30     1.60036471
1973  5 31     1.55013140
1973  6  1     1.38166866
1973  6  2     1.30659882
1973  6  3     1.26262628
1973  6  4     1.16919343
1973  6  5     1.09464525
1973  6  6     1.04797347
1973  6  7     1.00921828
1973  6  8     0.97383837
1973  6  9     0.94037587
1973  6 10     0.91019518
1973  6 11     0.88279456
1973  6 12     0.85711568
1973  6 13     0.82963255
1973  6 14     0.80745174
1973  6 15     0.78489845
1973  6 16     0.75858701
1973  6 17     0.73348529
1973  6 18     0.71035902
1973  6 19     0.68480144
1973  6 20     0.66152485
1973  6 21     0.63888031
1973  6 22     0.61855969
1973  6 23     0.60142625
1973  6 24     0.58287271
1973  6 25     0.56501442
1973  6 26     0.54664668
1973  6 27     0.52932028
1973  6 28     0.51316773
1973  6 29     0.49799224
1973  6 30     0.48412265
1973  7  1     0.46983768
1973  7  2     0.45586012
1973  7  3     0.44174657
1973  7  4     0.42848784
1973  7  5     0.41577969
1973  7  6     0.40348955
1973  7  7     0.39168147
1973  7  8     0.38001704
1973  7  9     0.36878377
1973  7 10     0.35789636
1973  7 11     0.34733235
1973  7 12     0.33708177
1973  7 13     0.32713508
1973  7 14     0.31748308
1973  7 15     0.30811688
1973  7 16     0.29902785
1973  7 17     0.29020769
1973  7 18     0.28164831
1973  7 19     0.27334242
1973  7 20     0.26528100
1973  7 21     0.25745810
1973  7 22     0.24986632
1973  7 23     0.24249869
1973  7 24     0.23534855
1973  7 25     0.22840945
1973  7 26     0.22167538
1973  7 27     0.21513953
1973  7 28     0.20879670
1973  7 29     0.20264103
1973  7 30     0.19666712
1973  7 31     0.19086967
1973  8  1     0.18524230
1973  8  2     0.17978133
1973  8  3     0.17448122
1973  8  4     0.16934465
1973  8  5     0.16905352
1973  8  6     0.16009732
1973  8  7     0.15479885
1973  8  8     0.15023560
1973  8  9     0.14580690
1973  8 10     0.14150876
1973  8 11     0.13733734
1973  8 12     0.13328944
1973  8 13     0.12935981
1973  8 14     0.12554699
1973  8 15     0.12184564
1973  8 16     0.11825383
1973  8 17     0.11476794
1973  8 18     0.11138485
1973  8 19     0.10810148
1973  8 20     0.10491539
1973  8 21     0.10182227
1973  8 22     0.09882071
1973  8 23     0.09590772
1973  8 24     0.09308060
1973  8 25     0.09033682
1973  8 26     0.08836919
1973  8 27     0.08523443
1973  8 28     0.08258128
1973  8 29     0.08014698
1973  8 30     0.07778445
1973  8 31     0.07549156
1973  9  1     0.07326625
1973  9  2     0.07110655
1973  9  3     0.06901050
1973  9  4     0.06697625
1973  9  5     0.06500195
1973  9  6     0.06308586
1973  9  7     0.06122624
1973  9  8     0.05942144
1973  9  9     0.05766985
1973  9 10     0.05596988
1973  9 11     0.05432003
1973  9 12     0.05271881
1973  9 13     0.05116479
1973  9 14     0.04965658
1973  9 15     0.04819283
1973  9 16     0.04677222
1973  9 17     0.04539350
1973  9 18     0.04405541
1973  9 19     0.04275676
1973  9 20     0.04149640
1973  9 21     0.04027319
1973  9 22     0.03908604
1973  9 23     0.03793388
1973  9 24     0.03681568
1973  9 25     0.03573045
1973  9 26     0.03467720
1973  9 27     0.03365500
1973  9 28     0.03266294
1973  9 29     0.03170012
1973  9 30     0.03076568
1973 10  1     0.02985878
1973 10  2     0.02897862
1973 10  3     0.02812440
1973 10  4     0.02729536
1973 10  5     0.02649076
1973 10  6     0.02570988
1973 10  7     0.02547153
1973 10  8     1.31420936
1973 10  9     0.30617909
1973 10 10     0.05588795
1973 10 11     0.02306118
1973 10 12     0.02148492
1973 10 13     0.02085159
1973 10 14     0.02023694
1973 10 15     0.01964041
1973 10 16     0.01906146
1973 10 17     0.01849957
1973 10 18     0.01795425
1973 10 19     0.01742500
1973 10 20     0.01691136
1973 10 21     0.01641285
1973 10 22     0.01592904
1973 10 23     0.53860832
1973 10 24     0.24039395
1973 10 25     0.03811160
1973 10 26     0.01434455
1973 10 27     0.01371569
1973 10 28     0.01331139
1973 10 29     0.01291900
1973 10 30     0.01253818
1973 10 31     0.01216859
1973 11  1     0.01180989
1973 11  2     0.01146176
1973 11  3     0.01112390
1973 11  4     0.01079599
1973 11  5     0.01047775
1973 11  6     0.01016889
1973 11  7     0.00986914
1973 11  8     0.00957822
1973 11  9     0.00929588
1973 11 10     0.00921736
1973 11 11     0.01033253
1973 11 12     1.03377706
1973 11 13     0.47067210
1973 11 14     0.16617784
1973 11 15     0.02833707
1973 11 16     0.00931773
1973 11 17     0.07365929
1973 11 18     2.66771481
1973 11 19     0.52039136
1973 11 20     0.10086363
1973 11 21     0.12330047
1973 11 22     0.07414909
1973 11 23     0.16407368
1973 11 24     0.08070046
1973 11 25     0.06729304
1973 11 26     0.11441674
1973 11 27     0.04432222
1973 11 28     0.03575177
1973 11 29     0.03572137
1973 11 30     0.03439802
1973 12  1     2.78895815
1973 12  2     3.04029273
1973 12  3     0.82001488
1973 12  4     0.47845888
1973 12  5     0.41254374
1973 12  6     0.36549128
1973 12  7     0.33515182
1973 12  8     0.31144140
1973 12  9     0.29220739
1973 12 10     0.27611105
1973 12 11     0.26230451
1973 12 12     0.25013219
1973 12 13     0.32833339
1973 12 14     3.80510463
1973 12 15     1.23152959
1973 12 16     0.68262476
1973 12 17     0.58689762
1973 12 18     0.51975428
1973 12 19     0.46690508
1973 12 20     0.42979389
1973 12 21     0.40094975
1973 12 22     6.92396505
1973 12 23     2.10244276
1973 12 24     1.20778719
1973 12 25     0.99309010
1973 12 26     0.84033420
1973 12 27     3.04867588
1973 12 28     1.63446160
1973 12 29     1.05994245
1973 12 30     0.91946679
1973 12 31     0.80859313
1974  1  1     9.12346666
1974  1  2     3.01444064
1974  1  3     1.82939396
1974  1  4     1.65120597
1974  1  5     2.70187027
1974  1  6     2.91709989
1974  1  7     5.11442052
1974  1  8     3.17930812
1974  1  9     2.01132888
1974  1 10     1.58237059
1974  1 11     1.25444796
1974  1 12     8.31094955
1974  1 13     3.93662130
1974  1 14     2.50883697
1974  1 15     1.99972675
1974  1 16     1.69311820
1974  1 17    14.68529047
1974  1 18     6.00144352
1974  1 19     3.70726757
1974  1 20     4.04184519
1974  1 21    13.53527689
1974  1 22     5.94520401
1974  1 23     4.06500848
1974  1 24     3.24398849
1974  1 25     2.68518772
1974  1 26     2.30066288
1974  1 27     2.03222487
1974  1 28     1.83708454
1974  1 29     1.69352896
1974  1 30     1.58738993
1974  1 31     1.50479422
1974  2  1     1.44314857
1974  2  2     1.39458799
1974  2  3     1.33085264
1974  2  4     1.29450288
1974  2  5     1.24562776
1974  2  6     1.20377549
1974  2  7     1.15834080
1974  2  8     1.12163680
1974  2  9     1.10548865
1974  2 10     1.08161793
1974  2 11     1.07219635
1974  2 12     1.04950900
1974  2 13     2.34032612
1974  2 14     1.32687485
1974  2 15     1.24327404
1974  2 16     1.14446206
1974  2 17     1.18783511
1974  2 18     1.08867460
1974  2 19     0.99695558
1974  2 20     2.73950877
1974  2 21     1.51352091
1974  2 22     1.41345299
1974  2 23     1.22357046
1974  2 24     1.10218074
1974  2 25     1.04764701
1974  2 26     1.00556960
1974  2 27     0.97954323
1974  2 28     0.96925764
1974  3  1     1.30411969
1974  3  2    23.24081960
1974  3  3    19.77604886
1974  3  4     9.44452418
1974  3  5     6.10261051
1974  3  6     4.69341443
1974  3  7     3.73026743
1974  3  8     4.63827143
1974  3  9     3.83136718
1974  3 10     3.03389535
1974  3 11     2.74610166
1974  3 12     2.40979718
1974  3 13     2.20938043
1974  3 14     2.06040173
1974  3 15     1.99125112
1974  3 16     1.96788136
1974  3 17     1.88950833
1974  3 18     1.79476284
1974  3 19     1.71574049
1974  3 20     1.66913557
1974  3 21     1.61327209
1974  3 22     1.55985138
1974  3 23     1.48390783
1974  3 24     1.44906517
1974  3 25     1.42699415
1974  3 26     1.47828848
1974  3 27     1.80260299
1974  3 28     2.65023161
1974  3 29     2.95885449
1974  3 30     4.53315864
1974  3 31     3.48172512
1974  4  1    10.37866421
1974  4  2    29.22699584
1974  4  3    11.77110123
1974  4  4     7.12062578
1974  4  5     5.43776422
1974  4  6     4.38338292
1974  4  7     3.65874491
1974  4  8     3.22565450
1974  4  9     4.02182617
1974  4 10     5.76781795
1974  4 11     3.52260003
1974  4 12     3.09912273
1974  4 13     2.80889604
1974  4 14     2.61917197
1974  4 15     2.44219040
1974  4 16     2.30698580
1974  4 17     2.20235936
1974  4 18     2.15282598
1974  4 19     1.97433287
1974  4 20     1.82768534
1974  4 21     1.75801364
1974  4 22     1.76185688
1974  4 23     1.69387052
1974  4 24     1.66853459
1974  4 25     1.58266905
1974  4 26     1.48211497
1974  4 27     1.42903372
1974  4 28     1.40880744
1974  4 29     1.41236770
1974  4 30     1.42349463
1974  5  1     1.42229380
1974  5  2     1.38447019
1974  5  3     1.30304004
1974  5  4     1.22410034
1974  5  5     1.21343752
1974  5  6     1.18160690
1974  5  7     1.10610938
1974  5  8     1.04157922
1974  5  9     1.00434326
1974  5 10     0.97339270
1974  5 11     0.94126827
1974  5 12     0.91108109
1974  5 13     0.88336851
1974  5 14     0.85619924
1974  5 15     0.82986354
1974  5 16     0.80604177
1974  5 17     0.78293723
1974  5 18     0.76067688
1974  5 19     0.98762174
1974  5 20     0.75789120
1974  5 21     0.69574299
1974  5 22     0.67012625
1974  5 23     0.64858355
1974  5 24     0.62828112
1974  5 25     0.60744262
1974  5 26     0.58683653
1974  5 27     0.56760222
1974  5 28     0.55151352
1974  5 29     0.53846185
1974  5 30     0.52300949
1974  5 31     0.50611988
1974  6  1     0.48982169
1974  6  2     0.47471319
1974  6  3     0.46013003
1974  6  4     0.44595623
1974  6  5     0.43267584
1974  6  6     0.41946579
1974  6  7     0.40691535
1974  6  8     0.39465960
1974  6  9     0.38231080
1974  6 10     0.36985560
1974  6 11     0.35792708
1974  6 12     0.34679164
1974  6 13     0.33616235
1974  6 14     0.32640616
1974  6 15     0.31718089
1974  6 16     0.30875450
1974  6 17     0.30074132
1974  6 18     0.29213580
1974  6 19     0.28376123
1974  6 20     0.27467953
1974  6 21     0.26506636
1974  6 22     0.25652255
1974  6 23     0.24858950
1974  6 24     0.24108265
1974  6 25     0.23402450
1974  6 26     0.22754422
1974  6 27     0.22049265
1974  6 28     0.21353167
1974  6 29     0.20719578
1974  6 30     0.20108764
1974  7  1     0.19515973
1974  7  2     0.18940881
1974  7  3     0.18382388
1974  7  4     0.17840475
1974  7  5     0.17314507
1974  7  6     0.16804097
1974  7  7     0.16308743
1974  7  8     0.15827992
1974  7  9     0.15361414
1974  7 10     0.14933762
1974  7 11     0.14473531
1974  7 12     0.14042689
1974  7 13     0.13628653
1974  7 14     0.13284804
1974  7 15     0.12845235
1974  7 16     0.12458605
1974  7 17     0.12091354
1974  7 18     0.11734929
1974  7 19     0.11389011
1974  7 20     0.11053322
1974  7 21     0.10727485
1974  7 22     0.10411240
1974  7 23     0.10175267
1974  7 24     0.09817563
1974  7 25     0.09633090
1974  7 26     0.17062247
1974  7 27     0.09924714
1974  7 28     0.08700357
1974  7 29     0.08443870
1974  7 30     0.08194966
1974  7 31     0.07953399
1974  8  1     0.07718952
1974  8  2     0.07491417
1974  8  3     0.07270588
1974  8  4     0.07223642
1974  8  5     0.06870347
1974  8  6     0.06646399
1974  8  7     0.06450479
1974  8  8     0.06260335
1974  8  9     0.06075796
1974  8 10     0.05896696
1974  8 11     0.05722876
1974  8 12     0.05554180
1974  8 13     0.05390457
1974  8 14     0.05231560
1974  8 15     0.05077346
1974  8 16     0.04927679
1974  8 17     0.04782423
1974  8 18     0.04641449
1974  8 19     0.04504631
1974  8 20     0.04371845
1974  8 21     0.04242974
1974  8 22     0.04117902
1974  8 23     0.03996516
1974  8 24     0.03878709
1974  8 25     0.03764374
1974  8 26     0.03653410
1974  8 27     0.03545716
1974  8 28     0.03441198
1974  8 29     0.03339760
1974  8 30     0.03241312
1974  8 31     0.03145766
1974  9  1     0.03053037
1974  9  2     0.02963041
1974  9  3     0.02875698
1974  9  4     0.02790929
1974  9  5     0.02708660
1974  9  6     0.02628815
1974  9  7     0.02551324
1974  9  8     0.02476117
1974  9  9     0.02403128
1974  9 10     0.02332289
1974  9 11     0.02263539
1974  9 12     0.02196816
1974  9 13     0.02132059
1974  9 14     0.02069211
1974  9 15     0.02008216
1974  9 16     0.01949019
1974  9 17     0.01891567
1974  9 18     0.01835808
1974  9 19     0.01781693
1974  9 20     0.01729173
1974  9 21     0.01678201
1974  9 22     0.01628732
1974  9 23     0.01580721
1974  9 24     0.01534125
1974  9 25     0.01488903
1974  9 26     0.01445014
1974  9 27     0.01402419
1974  9 28     0.01361079
1974  9 29     0.01320958
1974  9 30     0.01282019
1974 10  1     0.01244228
1974 10  2     0.17957618
1974 10  3     0.04152823
1974 10  4     0.01252514
1974 10  5     0.01103884
1974 10  6     0.01071342
1974 10  7     0.01887938
1974 10  8     0.12802315
1974 10  9     0.02381020
1974 10 10     0.00950529
1974 10 11     0.00922478
1974 10 12     0.00895286
1974 10 13     0.00868895
1974 10 14     0.00843282
1974 10 15     0.00818424
1974 10 16     0.00794299
1974 10 17     0.00770885
1974 10 18     0.00748161
1974 10 19     0.00726107
1974 10 20     0.00704704
1974 10 21     0.00683931
1974 10 22     0.00663770
1974 10 23     0.00644204
1974 10 24     0.00625214
1974 10 25     0.00606785
1974 10 26     0.00589222
1974 10 27     0.00575057
1974 10 28     1.15269134
1974 10 29     1.82697771
1974 10 30     0.33743608
1974 10 31     0.10336087
1974 11  1     0.13354851
1974 11  2     0.13063702
1974 11  3     0.03085689
1974 11  4     0.00682136
1974 11  5     0.00576145
1974 11  6     0.00665685
1974 11  7     0.00814219
1974 11  8     0.01110867
1974 11  9     0.00639749
1974 11 10     0.00601431
1974 11 11     0.00521386
1974 11 12     0.00547697
1974 11 13     0.00585987
1974 11 14     0.00549762
1974 11 15     0.00494729
1974 11 16     0.00339261
1974 11 17     0.00304905
1974 11 18     0.00295916
1974 11 19     0.00287193
1974 11 20     0.00278728
1974 11 21     0.00270512
1974 11 22     0.83266890
1974 11 23     0.12561209
1974 11 24     0.00366458
1974 11 25     0.00241129
1974 11 26     0.00232924
1974 11 27     0.00226058
1974 11 28     0.00219394
1974 11 29     0.00212927
1974 11 30     0.00206650
1974 12  1     0.00200559
1974 12  2     0.00194647
1974 12  3     0.00580901
1974 12  4     4.23517725
1974 12  5     1.00979562
1974 12  6     0.28254440
1974 12  7     0.19971569
1974 12  8     0.17148831
1974 12  9     0.15269808
1974 12 10     0.14328777
1974 12 11     0.13538780
1974 12 12     0.12840181
1974 12 13     0.12214911
1974 12 14     0.11658755
1974 12 15     0.11142328
1974 12 16     0.10664067
1974 12 17     0.10241011
1974 12 18     0.09831438
1974 12 19     0.09454832
1974 12 20     0.09105508
1974 12 21     0.08774367
1974 12 22     0.12190522
1974 12 23     0.08912418
1974 12 24     0.08001665
1974 12 25     0.07672593
1974 12 26     0.07390828
1974 12 27     0.07137674
1974 12 28     0.63112729
1974 12 29     0.18370262
1974 12 30     0.10788123
1974 12 31     0.11365597
1975  1  1     0.09875366
1975  1  2     0.09175716
1975  1  3     0.08681269
1975  1  4     0.08301621
1975  1  5     0.07937311
1975  1  6     0.19723487
1975  1  7     0.89278395
1975  1  8     0.72826158
1975  1  9     2.71882366
1975  1 10     0.81392825
1975  1 11     0.47402415
1975  1 12     0.40597088
1975  1 13     0.35401416
1975  1 14     0.31723697
1975  1 15     0.28994093
1975  1 16     0.26824385
1975  1 17     0.25145015
1975  1 18     0.24200061
1975  1 19     0.22636127
1975  1 20     0.21553271
1975  1 21     0.20660263
1975  1 22     0.19806888
1975  1 23     0.19043329
1975  1 24     0.18337758
1975  1 25     0.17683918
1975  1 26     0.17066291
1975  1 27     0.16473324
1975  1 28     0.15941541
1975  1 29     0.15413013
1975  1 30     0.14901942
1975  1 31     0.14413142
1975  2  1     0.44076306
1975  2  2     0.80872626
1975  2  3     3.48727097
1975  2  4     1.74875492
1975  2  5     7.40485355
1975  2  6     2.47176463
1975  2  7     1.52590721
1975  2  8     1.21446181
1975  2  9     5.81201638
1975  2 10     7.62603949
1975  2 11     3.12341414
1975  2 12     2.09784685
1975  2 13     2.35495490
1975  2 14     3.12009207
1975  2 15     1.87937611
1975  2 16     1.43459315
1975  2 17     1.35974306
1975  2 18     1.07563428
1975  2 19     0.99334894
1975  2 20     1.15642219
1975  2 21     0.85583725
1975  2 22     0.81793013
1975  2 23     0.77332205
1975  2 24     0.73306825
1975  2 25     0.71881841
1975  2 26     0.71659704
1975  2 27     0.69809139
1975  2 28     0.71143792
1975  3  1     0.69345054
1975  3  2     0.66884795
1975  3  3     0.64208099
1975  3  4     0.63376670
1975  3  5     0.91013645
1975  3  6     2.79117943
1975  3  7     1.63658054
1975  3  8     5.45346016
1975  3  9     3.53826889
1975  3 10     2.86866269
1975  3 11     2.32205419
1975  3 12     1.87933760
1975  3 13     1.52390639
1975  3 14     4.91573328
1975  3 15     2.34813297
1975  3 16     3.52323833
1975  3 17     3.33926617
1975  3 18     2.15928502
1975  3 19     1.86920110
1975  3 20     1.66396387
1975  3 21     1.37616925
1975  3 22     8.41871709
1975  3 23     3.66124252
1975  3 24     2.46848472
1975  3 25     6.30509847
1975  3 26     5.53085696
1975  3 27     3.04702606
1975  3 28     2.39815970
1975  3 29     1.96003208
1975  3 30     1.76640370
1975  3 31     1.76143581
1975  4  1     1.43960132
1975  4  2     1.30382769
1975  4  3     1.21022593
1975  4  4     1.14211288
1975  4  5     3.33163105
1975  4  6     4.76987607
1975  4  7     3.35837110
1975  4  8     2.15038489
1975  4  9     1.86359812
1975  4 10     1.75514657
1975  4 11     1.66125691
1975  4 12     1.68334028
1975  4 13     1.59219183
1975  4 14     1.77222569
1975  4 15     2.09621740
1975  4 16     1.42331431
1975  4 17     1.59774293
1975  4 18     1.24365703
1975  4 19     1.17556880
1975  4 20     1.15353472
1975  4 21     1.18875445
1975  4 22     1.20683341
1975  4 23     1.03805447
1975  4 24     0.99648808
1975  4 25     3.06149133
1975  4 26     2.45560333
1975  4 27     1.59656107
1975  4 28     1.48341314
1975  4 29     1.33895670
1975  4 30     1.24049663
1975  5  1     1.17403336
1975  5  2     1.12700358
1975  5  3     1.10420654
1975  5  4     1.09644103
1975  5  5     0.93165873
1975  5  6     0.87995476
1975  5  7     0.87488865
1975  5  8     0.92048800
1975  5  9     0.92024636
1975  5 10     0.95740358
1975  5 11     0.99118781
1975  5 12     0.98907235
1975  5 13     1.05921993
1975  5 14     1.04621155
1975  5 15     0.93416987
1975  5 16     0.85687498
1975  5 17     0.86269568
1975  5 18     0.86328901
1975  5 19     0.85428651
1975  5 20     0.76320176
1975  5 21     0.68330675
1975  5 22     0.67613103
1975  5 23     0.62119379
1975  5 24     0.58969220
1975  5 25     0.56085601
1975  5 26     0.53594167
1975  5 27     0.51478544
1975  5 28     0.49533660
1975  5 29     0.47693829
1975  5 30     0.46008077
1975  5 31     0.44414454
1975  6  1     0.42891140
1975  6  2     0.41515090
1975  6  3     0.40186794
1975  6  4     0.38823055
1975  6  5     0.37494665
1975  6  6     0.36265686
1975  6  7     0.35141864
1975  6  8     0.34058277
1975  6  9     0.32967321
1975  6 10     0.31919520
1975  6 11     0.30906588
1975  6 12     0.29957987
1975  6 13     0.30871764
1975  6 14     0.28338860
1975  6 15     0.27272085
1975  6 16     0.26531255
1975  6 17     0.25795870
1975  6 18     0.25111094
1975  6 19     0.33323939
1975  6 20     0.32266491
1975  6 21     0.23905804
1975  6 22     0.22143593
1975  6 23     0.21461729
1975  6 24     0.20878559
1975  6 25     0.20314794
1975  6 26     0.19668329
1975  6 27     0.19038701
1975  6 28     0.18454405
1975  6 29     0.17905221
1975  6 30     0.17376044
1975  7  1     0.16865411
1975  7  2     0.16364945
1975  7  3     0.15878356
1975  7  4     0.15407408
1975  7  5     0.14952908
1975  7  6     0.14511806
1975  7  7     0.14083988
1975  7  8     0.13668601
1975  7  9     0.13265507
1975  7 10     0.13313193
1975  7 11     0.12541289
1975  7 12     0.12126400
1975  7 13     0.11768890
1975  7 14     0.11421916
1975  7 15     0.11085312
1975  7 16     0.10758383
1975  7 17     0.10441199
1975  7 18     0.10133394
1975  7 19     0.09834710
1975  7 20     0.09544746
1975  7 21     0.09263430
1975  7 22     0.08990432
1975  7 23     0.08725532
1975  7 24     0.08468364
1975  7 25     0.08218450
1975  7 26     0.07976219
1975  7 27     0.07741023
1975  7 28     0.07512818
1975  7 29     0.07291356
1975  7 30     0.07076423
1975  7 31     0.06867880
1975  8  1     0.06665380
1975  8  2     0.06468891
1975  8  3     0.06278204
1975  8  4     0.06093142
1975  8  5     0.05913527
1975  8  6     0.05739210
1975  8  7     0.05570033
1975  8  8     0.05405842
1975  8  9     0.05246491
1975  8 10     0.05091838
1975  8 11     0.04941743
1975  8 12     0.04796073
1975  8 13     0.04654696
1975  8 14     0.04517487
1975  8 15     0.04384323
1975  8 16     0.04255084
1975  8 17     0.04129655
1975  8 18     0.04007923
1975  8 19     0.65579634
1975  8 20     0.11566838
1975  8 21     0.63799166
1975  8 22     0.11379480
1975  8 23     0.03451201
1975  8 24     0.03349292
1975  8 25     0.03250563
1975  8 26     0.03154744
1975  8 27     0.03061750
1975  8 28     0.02971498
1975  8 29     0.02883905
1975  8 30     0.02798895
1975  8 31     0.02716390
1975  9  1     0.02636318
1975  9  2     0.02558606
1975  9  3     0.02483185
1975  9  4     0.02409986
1975  9  5     0.02338946
1975  9  6     0.02270000
1975  9  7     0.02203086
1975  9  8     0.02323182
1975  9  9     0.02127343
1975  9 10     0.02149423
1975  9 11     0.02007443
1975  9 12     0.01926893
1975  9 13     0.01845135
1975  9 14     0.01786778
1975  9 15     0.01734108
1975  9 16     0.01827997
1975  9 17     0.04015370
1975  9 18     0.01874220
1975  9 19     0.01538511
1975  9 20     0.01493153
1975  9 21     0.01449138
1975  9 22     0.01406421
1975  9 23     0.01364963
1975  9 24     0.01324728
1975  9 25     0.01285678
1975  9 26     0.01247779
1975  9 27     0.01210998
1975  9 28     0.01175301
1975  9 29     0.01140656
1975  9 30     0.01107032
1975 10  1     0.01074400
1975 10  2     0.01042729
1975 10  3     0.01011992
1975 10  4     0.00982161
1975 10  5     0.12886163
1975 10  6     0.06662994
1975 10  7     0.27688196
1975 10  8     0.05193388
1975 10  9     0.00890770
1975 10 10     0.00820848
1975 10 11     0.61494066
1975 10 12     0.22386677
1975 10 13     0.04102305
1975 10 14     0.00966649
1975 10 15     0.00706720
1975 10 16     0.00685883
1975 10 17     0.00665665
1975 10 18     0.00646042
1975 10 19     0.00626999
1975 10 20     0.00608516
1975 10 21     0.00590579
1975 10 22     0.14956896
1975 10 23     0.02289544
1975 10 24     0.00539917
1975 10 25     0.00523963
1975 10 26     0.00508517
1975 10 27     0.15912052
1975 10 28     0.02383897
1975 10 29     0.00464912
1975 10 30     0.38877552
1975 10 31     0.35443502
1975 11  1     0.05733968
1975 11  2     0.00800344
1975 11  3     0.00584575
1975 11  4     0.00412536
1975 11  5     0.00377018
1975 11  6     0.00365904
1975 11  7     0.00355118
1975 11  8     0.00910056
1975 11  9     0.00405038
1975 11 10     0.03226695
1975 11 11     0.00666660
1975 11 12     0.00305783
1975 11 13     0.00296761
1975 11 14     0.00288013
1975 11 15     0.00279523
1975 11 16     0.00271284
1975 11 17     0.00263401
1975 11 18     0.00255538
1975 11 19     0.00247994
1975 11 20     0.00240683
1975 11 21     0.00233589
1975 11 22     0.00226703
1975 11 23     0.00220020
1975 11 24     0.00213535
1975 11 25     0.00207240
1975 11 26     0.00201131
1975 11 27     0.02935946
1975 11 28     1.71125074
1975 11 29     0.31788709
1975 11 30     0.06567074
1975 12  1     0.05117148
1975 12  2     0.05558936
1975 12  3     0.04166993
1975 12  4     0.03466979
1975 12  5     0.02454893
1975 12  6     0.02171437
1975 12  7     0.02060305
1975 12  8     0.01975351
1975 12  9     0.01897252
1975 12 10     0.01854374
1975 12 11     0.04466913
1975 12 12     0.21186316
1975 12 13     0.50518111
1975 12 14     0.14025692
1975 12 15     0.04371482
1975 12 16     0.03915457
1975 12 17     0.03699987
1975 12 18     0.03477563
1975 12 19     0.03288004
1975 12 20     0.03122347
1975 12 21     0.02979167
1975 12 22     0.05428787
1975 12 23     0.05914560
1975 12 24     0.02948427
1975 12 25     0.02527362
1975 12 26     0.02438972
1975 12 27     0.02352011
1975 12 28     0.02272562
1975 12 29     0.02202082
1975 12 30     0.02145220
1975 12 31     0.02012679
1976  1  1     0.01933375
1976  1  2     0.01869369
1976  1  3     0.01808418
1976  1  4     0.01753159
1976  1  5     0.01715578
1976  1  6     0.01667134
1976  1  7     0.01618966
1976  1  8     0.01576346
1976  1  9     0.01554874
1976  1 10     0.01933230
1976  1 11     0.01488763
1976  1 12     0.01399021
1976  1 13     0.01357923
1976  1 14     0.01322501
1976  1 15     0.01322749
1976  1 16     0.01405369
1976  1 17     0.01519321
1976  1 18     0.01502928
1976  1 19     0.01425561
1976  1 20     0.01390780
1976  1 21     0.01385985
1976  1 22     0.01371883
1976  1 23     0.01329802
1976  1 24     0.01370621
1976  1 25     0.01241977
1976  1 26     0.01204310
1976  1 27     0.01295309
1976  1 28     0.01397997
1976  1 29     0.01407875
1976  1 30     0.01355648
1976  1 31     0.01228971
1976  2  1     0.01011238
1976  2  2     0.00941091
1976  2  3     0.00918582
1976  2  4     0.03692039
1976  2  5     0.34653133
1976  2  6     1.59807473
1976  2  7     0.44198673
1976  2  8     0.22946704
1976  2  9     0.88928535
1976  2 10     1.63254945
1976  2 11     0.47787061
1976  2 12     0.25620574
1976  2 13     0.19867766
1976  2 14     0.22170744
1976  2 15     0.35041676
1976  2 16     0.20970716
1976  2 17     0.14993583
1976  2 18     0.14575209
1976  2 19     0.89786679
1976  2 20     0.42119951
1976  2 21     0.25002629
1976  2 22     0.23866001
1976  2 23     0.24088099
1976  2 24     0.23021415
1976  2 25     0.21855330
1976  2 26     0.22518797
1976  2 27     0.21178237
1976  2 28     0.21221306
1976  2 29     0.22428490
1976  3  1     5.58241512
1976  3  2     1.78456087
1976  3  3     1.14301601
1976  3  4     0.77998717
1976  3  5     0.63910231
1976  3  6     0.63535582
1976  3  7     0.67707675
1976  3  8     0.81241517
1976  3  9     0.79894681
1976  3 10     0.97757646
1976  3 11     0.88343793
1976  3 12     0.85092496
1976  3 13     0.77067329
1976  3 14     0.70841279
1976  3 15     0.63497516
1976  3 16     0.59105674
1976  3 17     0.56186126
1976  3 18     0.50226604
1976  3 19     0.44480083
1976  3 20     0.41381386
1976  3 21     0.39664839
1976  3 22     0.39171261
1976  3 23     0.37680912
1976  3 24     0.35720585
1976  3 25     0.34438294
1976  3 26     0.32890783
1976  3 27     0.31769518
1976  3 28     0.30468783
1976  3 29     0.29623995
1976  3 30     0.29982277
1976  3 31     0.30071403
1976  4  1     0.28389823
1976  4  2     0.27209698
1976  4  3     0.28451904
1976  4  4     0.50037106
1976  4  5     0.34282839
1976  4  6     0.25206430
1976  4  7     0.25339223
1976  4  8     0.44810286
1976  4  9     0.83631633
1976  4 10     0.37410929
1976  4 11     0.36822776
1976  4 12     0.43325897
1976  4 13     1.13674368
1976  4 14     1.13118275
1976  4 15     0.70877721
1976  4 16     2.59512646
1976  4 17     0.91529589
1976  4 18     0.83855238
1976  4 19     1.03528881
1976  4 20     0.92573286
1976  4 21     0.70006760
1976  4 22     0.57916706
1976  4 23     0.50405714
1976  4 24     0.45946235
1976  4 25     0.42457636
1976  4 26     0.37630135
1976  4 27     0.35540688
1976  4 28     0.34334623
1976  4 29     0.33415085
1976  4 30     0.33381502
1976  5  1     0.34409419
1976  5  2     0.30709835
1976  5  3     0.28304183
1976  5  4     0.27207118
1976  5  5     0.26172072
1976  5  6     0.25546164
1976  5  7     0.38510599
1976  5  8     0.25307195
1976  5  9     0.22764519
1976  5 10     0.22003522
1976  5 11     0.21273195
1976  5 12     0.22112133
1976  5 13     0.20065955
1976  5 14     0.19257616
1976  5 15     0.18659015
1976  5 16     0.18080445
1976  5 17     0.17523972
1976  5 18     0.16988162
1976  5 19     0.16471095
1976  5 20     0.15972069
1976  5 21     0.15489408
1976  5 22     0.15022308
1976  5 23     0.14571220
1976  5 24     0.14134461
1976  5 25     0.13710862
1976  5 26     0.13301317
1976  5 27     0.12904695
1976  5 28     0.12520416
1976  5 29     0.12148021
1976  5 30     0.11787080
1976  5 31     0.11437188
1976  6  1     0.11097960
1976  6  2     0.10769031
1976  6  3     0.10450339
1976  6  4     0.10140703
1976  6  5     0.09840635
1976  6  6     0.09549597
1976  6  7     0.09267276
1976  6  8     0.08993395
1976  6  9     0.08727688
1976  6 10     0.12866806
1976  6 11     0.08880414
1976  6 12     0.07988754
1976  6 13     0.07741652
1976  6 14     0.07513146
1976  6 15     0.07291439
1976  6 16     0.07076325
1976  6 17     0.06867692
1976  6 18     0.06664959
1976  6 19     0.06468503
1976  6 20     0.06277555
1976  6 21     0.06092546
1976  6 22     0.05912793
1976  6 23     0.05738505
1976  6 24     0.05569194
1976  6 25     0.05404978
1976  6 26     0.05245538
1976  6 27     0.05090879
1976  6 28     0.04941064
1976  6 29     0.04795122
1976  6 30     0.04653771
1976  7  1     0.04516524
1976  7  2     0.04383367
1976  7  3     0.04254150
1976  7  4     0.04128743
1976  7  5     0.04007033
1976  7  6     0.03888912
1976  7  7     0.03774278
1976  7  8     0.03663014
1976  7  9     0.03555034
1976  7 10     0.03450239
1976  7 11     0.03348650
1976  7 12     0.03249871
1976  7 13     0.03154044
1976  7 14     0.03061044
1976  7 15     0.11461870
1976  7 16     0.08721474
1976  7 17     0.03639967
1976  7 18     0.02741668
1976  7 19     0.02635706
1976  7 20     0.02558011
1976  7 21     0.02482607
1976  7 22     0.02409426
1976  7 23     0.06541991
1976  7 24     0.02780795
1976  7 25     0.02202597
1976  7 26     0.02137640
1976  7 27     0.02074628
1976  7 28     0.84586810
1976  7 29     0.11888094
1976  7 30     0.01896749
1976  7 31     0.27335415
1976  8  1     0.06896002
1976  8  2     0.02008610
1976  8  3     0.01682601
1976  8  4     0.01632995
1976  8  5     0.01584859
1976  8  6     0.01538141
1976  8  7     0.01492801
1976  8  8     0.01448796
1976  8  9     0.01406090
1976  8 10     0.01364642
1976  8 11     0.01324415
1976  8 12     0.01285375
1976  8 13     0.01247485
1976  8 14     0.01210712
1976  8 15     0.05835061
1976  8 16     0.03480265
1976  8 17     0.01351084
1976  8 18     0.01074152
1976  8 19     0.02799574
1976  8 20     0.02066023
1976  8 21     0.01111867
1976  8 22     0.00952987
1976  8 23     0.00924893
1976  8 24     0.00897629
1976  8 25     0.00871169
1976  8 26     0.00845489
1976  8 27     0.00820567
1976  8 28     0.00796378
1976  8 29     0.00772903
1976  8 30     0.00750120
1976  8 31     0.00728008
1976  9  1     0.00706548
1976  9  2     0.00685721
1976  9  3     0.00665508
1976  9  4     0.00645890
1976  9  5     0.00649409
1976  9  6     0.03549664
1976  9  7     0.01101437
1976  9  8     0.00596160
1976  9  9     0.00556322
1976  9 10     0.15843957
1976  9 11     1.96976254
1976  9 12     0.57414586
1976  9 13     0.06985045
1976  9 14     0.01291178
1976  9 15     0.01164541
1976  9 16     0.01110542
1976  9 17     0.01060959
1976  9 18     0.01015255
1976  9 19     0.00972969
1976  9 20     0.00933703
1976  9 21     0.01617783
1976  9 22     0.00956279
1976  9 23     0.00830822
1976  9 24     0.05968323
1976  9 25     0.01559486
1976  9 26     0.00767056
1976  9 27     0.00719671
1976  9 28     0.00695392
1976  9 29     0.77753938
1976  9 30     2.11669661
1976 10  1     0.49656225
1976 10  2     0.63737623
1976 10  3     0.25200157
1976 10  4     0.14989084
1976 10  5     0.13686608
1976 10  6     0.12560831
1976 10  7     0.11670537
1976 10  8     0.10943474
1976 10  9     0.10332157
1976 10 10     0.09805153
1976 10 11     0.09341410
1976 10 12     0.10495444
1976 10 13     0.08743104
1976 10 14     0.08205148
1976 10 15     0.07886207
1976 10 16     0.07589190
1976 10 17     0.07311202
1976 10 18     0.07050059
1976 10 19     0.06803560
1976 10 20     0.06570033
1976 10 21     0.08604688
1976 10 22     0.10531197
1976 10 23     0.12570109
1976 10 24     0.06581845
1976 10 25     0.05559862
1976 10 26     0.05383103
1976 10 27     0.05213366
1976 10 28     0.05050296
1976 10 29     0.04893388
1976 10 30     0.04742426
1976 10 31     0.04596781
1976 11  1     0.06388704
1976 11  2     0.04543658
1976 11  3     0.04189854
1976 11  4     0.04063272
1976 11  5     0.03940868
1976 11  6     0.03822449
1976 11  7     0.03707844
1976 11  8     0.03596894
1976 11  9     0.03489451
1976 11 10     0.03385379
1976 11 11     0.03284549
1976 11 12     0.12003827
1976 11 13     0.05631111
1976 11 14     0.27594958
1976 11 15     0.09730309
1976 11 16     0.03324940
1976 11 17     0.02749649
1976 11 18     0.02663879
1976 11 19     0.02582058
1976 11 20     0.02505131
1976 11 21     0.02431068
1976 11 22     0.02364817
1976 11 23     0.02290318
1976 11 24     0.02221876
1976 11 25     0.02156262
1976 11 26     0.02092599
1976 11 27     0.02030828
1976 11 28     0.01970890
1976 11 29     0.01912729
1976 11 30     0.01856292
1976 12  1     0.01801608
1976 12  2     0.01748384
1976 12  3     0.01696797
1976 12  4     0.01646752
1976 12  5     0.01598301
1976 12  6     0.01551120
1976 12  7     0.01505300
1976 12  8     0.01460904
1976 12  9     0.01417973
1976 12 10     0.01376087
1976 12 11     0.01335566
1976 12 12     0.01296062
1976 12 13     0.01257834
1976 12 14     0.01220756
1976 12 15     0.01184771
1976 12 16     0.01149847
1976 12 17     0.01115952
1976 12 18     0.01083057
1976 12 19     0.01051131
1976 12 20     0.01020146
1976 12 21     0.00990075
1976 12 22     0.00960890
1976 12 23     0.00932565
1976 12 24     0.00905075
1976 12 25     0.00878396
1976 12 26     0.00852503
1976 12 27     0.00827373
1976 12 28     0.00802985
1976 12 29     0.00779315
1976 12 30     0.21673422
1976 12 31     0.42424338
1977  1  1     0.10220762
1977  1  2     0.12460653
1977  1  3     2.65285009
1977  1  4     0.63468764
1977  1  5     0.31364945
1977  1  6     0.38393265
1977  1  7     0.22093514
1977  1  8     0.18350041
1977  1  9     0.15964868
1977  1 10     0.14019262
1977  1 11     0.12610828
1977  1 12     0.11557278
1977  1 13     0.10740799
1977  1 14     0.10085140
1977  1 15     0.09551023
1977  1 16     0.09423637
1977  1 17     0.08731232
1977  1 18     0.08304658
1977  1 19     0.07969237
1977  1 20     0.07664289
1977  1 21     0.07734230
1977  1 22     0.07211460
1977  1 23     0.06874890
1977  1 24     0.06631624
1977  1 25     0.06433312
1977  1 26     0.06199328
1977  1 27     0.05993002
1977  1 28     0.05799081
1977  1 29     0.05613520
1977  1 30     0.05435347
1977  1 31     0.05264354
1977  2  1     0.05100182
1977  2  2     0.04941733
1977  2  3     0.04788946
1977  2  4     0.04641721
1977  2  5     0.04499885
1977  2  6     0.04362698
1977  2  7     0.04229937
1977  2  8     0.04395473
1977  2  9     0.04108246
1977  2 10     0.03935128
1977  2 11     0.03926762
1977  2 12     0.03984939
1977  2 13     0.04037861
1977  2 14     0.04137366
1977  2 15     0.04362670
1977  2 16     0.04496302
1977  2 17     0.04331858
1977  2 18     0.04057840
1977  2 19     0.03947167
1977  2 20     0.03814424
1977  2 21     0.05827477
1977  2 22     1.63379032
1977  2 23     0.98860136
1977  2 24     1.46175652
1977  2 25     1.00304738
1977  2 26     0.46748630
1977  2 27     0.37099541
1977  2 28     0.31276178
1977  3  1     0.25212139
1977  3  2     0.21706406
1977  3  3     0.19397171
1977  3  4     0.17522003
1977  3  5     0.16070930
1977  3  6     0.15453680
1977  3  7     0.15160948
1977  3  8     0.14479611
1977  3  9     0.14511550
1977  3 10     0.51166480
1977  3 11     0.20071709
1977  3 12     0.18685370
1977  3 13     0.17801490
1977  3 14     0.14896562
1977  3 15     0.13483710
1977  3 16     0.20052135
1977  3 17     0.33861376
1977  3 18     0.36199341
1977  3 19     0.20202599
1977  3 20     0.17976585
1977  3 21     0.20503870
1977  3 22     0.21059153
1977  3 23     0.18373157
1977  3 24     0.18078633
1977  3 25     0.30395049
1977  3 26     0.14806434
1977  3 27     0.15987378
1977  3 28     0.13974064
1977  3 29     0.12750423
1977  3 30     0.11980505
1977  3 31     0.11299087
1977  4  1     0.10733900
1977  4  2     0.10391676
1977  4  3     0.10221817
1977  4  4     0.10797120
1977  4  5     0.11683924
1977  4  6     0.10075641
1977  4  7     0.09333345
1977  4  8     0.08953322
1977  4  9     0.09473748
1977  4 10     0.08455801
1977  4 11     0.08063484
1977  4 12     0.07791923
1977  4 13     0.07535933
1977  4 14     0.07292843
1977  4 15     0.07059047
1977  4 16     0.06835023
1977  4 17     0.06620374
1977  4 18     0.06414403
1977  4 19     0.06216048
1977  4 20     0.06024962
1977  4 21     0.05840642
1977  4 22     0.05662809
1977  4 23     0.05491068
1977  4 24     0.05325034
1977  4 25     0.05164509
1977  4 26     0.05009231
1977  4 27     0.04858967
1977  4 28     0.04713506
1977  4 29     0.04572653
1977  4 30     0.04490845
1977  5  1     0.19436511
1977  5  2     0.06291008
1977  5  3     0.04071211
1977  5  4     0.03931538
1977  5  5     0.03814892
1977  5  6     0.03735967
1977  5  7     0.22320813
1977  5  8     0.10834539
1977  5  9     1.51968626
1977  5 10     2.91787176
1977  5 11     1.01012228
1977  5 12     2.82997598
1977  5 13     1.23643952
1977  5 14     0.75654918
1977  5 15     0.63835558
1977  5 16     0.51615685
1977  5 17     0.40350941
1977  5 18     0.37800826
1977  5 19     0.35466997
1977  5 20     0.33073337
1977  5 21     0.31423815
1977  5 22     0.29248689
1977  5 23     0.27863705
1977  5 24     0.26637727
1977  5 25     0.22587992
1977  5 26     0.21236318
1977  5 27     0.20314474
1977  5 28     0.19477447
1977  5 29     0.18706653
1977  5 30     0.17989208
1977  5 31     0.17320308
1977  6  1     0.16688501
1977  6  2     0.16102283
1977  6  3     0.15547258
1977  6  4     0.15012690
1977  6  5     0.14501426
1977  6  6     0.14054966
1977  6  7     0.13555472
1977  6  8     0.57203302
1977  6  9     0.59022033
1977  6 10     0.27096782
1977  6 11     0.19865459
1977  6 12     0.17806750
1977  6 13     0.16368673
1977  6 14     0.15278269
1977  6 15     0.14414018
1977  6 16     0.13705702
1977  6 17     0.13105405
1977  6 18     0.12580404
1977  6 19     0.12108271
1977  6 20     0.11675590
1977  6 21     0.11273119
1977  6 22     0.10894988
1977  6 23     0.10538485
1977  6 24     0.10199140
1977  6 25     0.09874637
1977  6 26     0.09564164
1977  6 27     0.09267086
1977  6 28     0.08982260
1977  6 29     0.08707679
1977  6 30     0.08442599
1977  7  1     0.08186539
1977  7  2     0.07939187
1977  7  3     0.07699756
1977  7  4     0.07468253
1977  7  5     0.07244239
1977  7  6     0.07027383
1977  7  7     0.06817396
1977  7  8     0.06614005
1977  7  9     0.06416987
1977  7 10     0.06226022
1977  7 11     0.06040962
1977  7 12     0.05861626
1977  7 13     0.05687678
1977  7 14     0.05519053
1977  7 15     0.05355545
1977  7 16     0.05196974
1977  7 17     0.05091376
1977  7 18     0.04902598
1977  7 19     0.04749320
1977  7 20     0.04609070
1977  7 21     0.04472718
1977  7 22     0.04340557
1977  7 23     0.04212423
1977  7 24     0.04088060
1977  7 25     0.03967328
1977  7 26     0.03850229
1977  7 27     0.03736611
1977  7 28     0.03626360
1977  7 29     0.03519405
1977  7 30     0.03415556
1977  7 31     0.03314802
1977  8  1     0.03217034
1977  8  2     0.03122206
1977  8  3     0.03030083
1977  8  4     0.02940719
1977  8  5     0.02854005
1977  8  6     0.02769868
1977  8  7     0.02688182
1977  8  8     0.02608919
1977  8  9     0.02531999
1977  8 10     0.02457417
1977  8 11     0.02384994
1977  8 12     0.02314627
1977  8 13     0.02246339
1977  8 14     0.02180240
1977  8 15     0.02115840
1977  8 16     0.02053444
1977  8 17     0.38510943
1977  8 18     1.15063850
1977  8 19     0.16596436
1977  8 20     0.02430350
1977  8 21     0.02313327
1977  8 22     0.02229524
1977  8 23     0.02150432
1977  8 24     0.02075591
1977  8 25     0.02004599
1977  8 26     0.01937108
1977  8 27     0.01872812
1977  8 28     0.01811444
1977  8 29     0.01752769
1977  8 30     0.01696582
1977  8 31     0.01642699
1977  9  1     0.01590961
1977  9  2     0.01541292
1977  9  3     0.01493371
1977  9  4     0.01447256
1977  9  5     0.01402811
1977  9  6     0.01359931
1977  9  7     0.01318535
1977  9  8     0.01278547
1977  9  9     0.01239898
1977  9 10     0.01202527
1977  9 11     0.01166375
1977  9 12     0.01131390
1977  9 13     0.01097523
1977  9 14     0.01064729
1977  9 15     0.01032964
1977  9 16     0.01002190
1977  9 17     0.00972370
1977  9 18     0.00943469
1977  9 19     0.00915454
1977  9 20     0.00888294
1977  9 21     0.00861960
1977  9 22     0.00836423
1977  9 23     0.00811658
1977  9 24     0.00787638
1977  9 25     0.00764340
1977  9 26     0.00741740
1977  9 27     0.00719817
1977  9 28     0.00698548
1977  9 29     0.00677913
1977  9 30     0.00657893
1977 10  1     0.00638468
1977 10  2     0.00619620
1977 10  3     0.00601332
1977 10  4     0.00583586
1977 10  5     0.00566367
1977 10  6     0.42555973
1977 10  7     0.05897817
1977 10  8     0.00527858
1977 10  9     0.00502437
1977 10 10     0.00487618
1977 10 11     0.00473238
1977 10 12     0.00459282
1977 10 13     0.00445739
1977 10 14     0.00432653
1977 10 15     0.00419841
1977 10 16     0.00407452
1977 10 17     0.00395440
1977 10 18     0.00383836
1977 10 19     0.00372469
1977 10 20     0.00361479
1977 10 21     0.00350824
1977 10 22     0.00340482
1977 10 23     0.00330446
1977 10 24     0.00320705
1977 10 25     0.00311251
1977 10 26     0.00302076
1977 10 27     0.00293172
1977 10 28     0.00284530
1977 10 29     0.00276143
1977 10 30     0.00268003
1977 10 31     0.00260103
1977 11  1     0.00252436
1977 11  2     0.00244994
1977 11  3     0.00237773
1977 11  4     0.00230764
1977 11  5     0.94609275
1977 11  6     0.27880362
1977 11  7     0.04592976
1977 11  8     0.00320421
1977 11  9     0.00198699
1977 11 10     0.00192842
1977 11 11     0.00187157
1977 11 12     0.00181640
1977 11 13     0.00176286
1977 11 14     0.00171089
1977 11 15     0.00166046
1977 11 16     0.00161152
1977 11 17     0.00156401
1977 11 18     0.00151791
1977 11 19     0.00147316
1977 11 20     0.00142974
1977 11 21     0.00169578
1977 11 22     0.11625954
1977 11 23     0.01572675
1977 11 24     0.00126884
1977 11 25     0.00123108
1977 11 26     0.00119479
1977 11 27     0.00115957
1977 11 28     0.00112539
1977 11 29     0.00109221
1977 11 30     0.00106002
1977 12  1     0.00102877
1977 12  2     0.00099844
1977 12  3     0.00096901
1977 12  4     0.00094045
1977 12  5     0.00091273
1977 12  6     0.00088582
1977 12  7     0.00085971
1977 12  8     0.00293247
1977 12  9     0.00106182
1977 12 10     0.00078591
1977 12 11     0.00076274
1977 12 12     0.00074025
1977 12 13     0.00071843
1977 12 14     0.00069725
1977 12 15     0.53522937
1977 12 16     0.63478557
1977 12 17     2.82862301
1977 12 18     3.98018875
1977 12 19     1.09123645
1977 12 20     0.51419312
1977 12 21     0.42885683
1977 12 22     1.45833806
1977 12 23     4.12282546
1977 12 24     2.35482799
1977 12 25     1.41491582
1977 12 26     1.39493646
1977 12 27    10.34926728
1977 12 28    13.11454380
1977 12 29     5.99076648
1977 12 30     3.66371380
1977 12 31     2.67096244
1978  1  1     2.11591675
1978  1  2     1.74888202
1978  1  3     1.61940234
1978  1  4     4.83396869
1978  1  5     2.85450705
1978  1  6     7.28811377
1978  1  7     3.34137834
1978  1  8     2.36157221
1978  1  9     2.37737232
1978  1 10     5.80127258
1978  1 11     4.92825797
1978  1 12     2.71236801
1978  1 13     2.55328938
1978  1 14     4.22684790
1978  1 15    15.74060353
1978  1 16     9.55993504
1978  1 17    14.47764615
1978  1 18     7.19853848
1978  1 19     9.73989389
1978  1 20     6.99559389
1978  1 21     4.41718502
1978  1 22     3.58556618
1978  1 23     3.04695350
1978  1 24     2.66310544
1978  1 25     2.39080896
1978  1 26     2.19096670
1978  1 27     2.03879419
1978  1 28     1.91834373
1978  1 29     1.81939362
1978  1 30     1.73909339
1978  1 31     1.66258423
1978  2  1     1.59660661
1978  2  2     1.53674872
1978  2  3     1.48137745
1978  2  4     1.43040535
1978  2  5     1.60027464
1978  2  6     6.64061292
1978  2  7     8.83631645
1978  2  8    15.32453912
1978  2  9    34.20542221
1978  2 10    33.90650909
1978  2 11    16.32979480
1978  2 12    12.69441991
1978  2 13    12.25098814
1978  2 14     8.40037183
1978  2 15     6.13988342
1978  2 16     5.06340304
1978  2 17     4.32664796
1978  2 18     3.85773699
1978  2 19     3.56547923
1978  2 20     3.41071692
1978  2 21     3.35029622
1978  2 22     3.30355836
1978  2 23     3.20714324
1978  2 24     3.08714201
1978  2 25     2.89917283
1978  2 26     2.79310733
1978  2 27     2.70249107
1978  2 28     2.55073754
1978  3  1     4.58541464
1978  3  2    12.22487407
1978  3  3    13.91163203
1978  3  4    27.41143646
1978  3  5    26.14392374
1978  3  6    13.42448069
1978  3  7     8.88509252
1978  3  8     7.09992700
1978  3  9     5.99434459
1978  3 10     5.11453034
1978  3 11     6.97805124
1978  3 12     7.67902192
1978  3 13     5.50566708
1978  3 14     4.59354712
1978  3 15     4.19048226
1978  3 16     3.88766790
1978  3 17     3.67729283
1978  3 18     3.53664414
1978  3 19     3.33802618
1978  3 20     3.21641454
1978  3 21     5.38625459
1978  3 22    10.83115376
1978  3 23     5.72744861
1978  3 24     4.45592834
1978  3 25     3.89308177
1978  3 26     3.52674018
1978  3 27     3.24708870
1978  3 28     3.04366115
1978  3 29     2.90542168
1978  3 30     2.83515397
1978  3 31    12.24740507
1978  4  1     8.10206943
1978  4  2     7.39136902
1978  4  3     4.86989544
1978  4  4     5.23884437
1978  4  5     5.84274874
1978  4  6     5.21141736
1978  4  7    10.46113137
1978  4  8     5.60378449
1978  4  9     4.53794562
1978  4 10     4.02868333
1978  4 11     3.76449980
1978  4 12     3.44061050
1978  4 13     3.13252623
1978  4 14     2.89537092
1978  4 15     2.83203086
1978  4 16    12.06011892
1978  4 17     5.69414075
1978  4 18     4.25454009
1978  4 19     3.68013329
1978  4 20     3.28630687
1978  4 21     2.92626691
1978  4 22     2.68447445
1978  4 23     2.55527118
1978  4 24     2.54886104
1978  4 25     3.19965029
1978  4 26     4.92732802
1978  4 27     3.25704515
1978  4 28     2.85158576
1978  4 29     2.60444715
1978  4 30     2.41481138
1978  5  1     2.50551154
1978  5  2     2.14111594
1978  5  3     2.14061657
1978  5  4     2.08458115
1978  5  5     1.96251300
1978  5  6     1.84447834
1978  5  7     1.79241766
1978  5  8     1.77464765
1978  5  9     1.75867814
1978  5 10     1.72653710
1978  5 11     1.65442752
1978  5 12     1.61142009
1978  5 13     1.60134728
1978  5 14     1.58756995
1978  5 15     1.52269526
1978  5 16     1.39545793
1978  5 17     1.32899794
1978  5 18     1.26158477
1978  5 19     1.21245735
1978  5 20     1.16796002
1978  5 21     1.12670462
1978  5 22     1.08800309
1978  5 23     1.05430277
1978  5 24     1.02462247
1978  5 25     0.99254440
1978  5 26     0.96047112
1978  5 27     0.92784887
1978  5 28     0.89418416
1978  5 29     0.86393512
1978  5 30     0.83680276
1978  5 31     0.81313794
1978  6  1     0.78803977
1978  6  2     0.76591310
1978  6  3     0.74146497
1978  6  4     0.71682129
1978  6  5     0.69298919
1978  6  6     0.66891081
1978  6  7     0.64695755
1978  6  8     0.62875179
1978  6  9     0.61087098
1978  6 10     0.59417239
1978  6 11     0.57922384
1978  6 12     0.56018998
1978  6 13     0.54277685
1978  6 14     0.52700212
1978  6 15     0.51303063
1978  6 16     0.49838692
1978  6 17     0.48168356
1978  6 18     0.46517211
1978  6 19     0.45276718
1978  6 20     0.43817327
1978  6 21     0.42386361
1978  6 22     0.41084141
1978  6 23     0.39865036
1978  6 24     0.38794074
1978  6 25     0.37761201
1978  6 26     0.36617903
1978  6 27     0.35566809
1978  6 28     0.34503035
1978  6 29     0.33426723
1978  6 30     0.32430158
1978  7  1     0.31464124
1978  7  2     0.30585647
1978  7  3     0.29718512
1978  7  4     0.28753373
1978  7  5     0.27798204
1978  7  6     0.26794601
1978  7  7     0.25856004
1978  7  8     0.25015856
1978  7  9     0.24250711
1978  7 10     0.23492074
1978  7 11     0.22848566
1978  7 12     0.22200976
1978  7 13     0.21485057
1978  7 14     0.20764915
1978  7 15     0.20139832
1978  7 16     0.19561588
1978  7 17     0.18962311
1978  7 18     0.18349493
1978  7 19     0.17787384
1978  7 20     0.17261473
1978  7 21     0.16752328
1978  7 22     0.16258475
1978  7 23     0.15779209
1978  7 24     0.15314074
1978  7 25     0.33308148
1978  7 26     0.17224343
1978  7 27     0.14086104
1978  7 28     0.13586687
1978  7 29     0.13186163
1978  7 30     0.12797464
1978  7 31     0.12420227
1978  8  1     0.12054109
1978  8  2     0.11698784
1978  8  3     0.11353933
1978  8  4     0.11039301
1978  8  5     0.13616211
1978  8  6     0.10741942
1978  8  7     0.10127263
1978  8  8     0.09854952
1978  8  9     0.10240428
1978  8 10     0.22818395
1978  8 11     0.10844164
1978  8 12     0.08704361
1978  8 13     0.08417873
1978  8 14     0.08169735
1978  8 15     0.07928911
1978  8 16     0.07695187
1978  8 17     0.07468352
1978  8 18     0.07248203
1978  8 19     0.07034544
1978  8 20     0.06827183
1978  8 21     0.06625935
1978  8 22     0.06430619
1978  8 23     0.06241060
1978  8 24     0.06057089
1978  8 25     0.05878541
1978  8 26     0.05705257
1978  8 27     0.05537080
1978  8 28     0.05373860
1978  8 29     0.05215452
1978  8 30     0.05061714
1978  8 31     0.04912507
1978  9  1     0.04767699
1978  9  2     0.04627159
1978  9  3     0.04490762
1978  9  4     0.17368751
1978  9  5     2.21897727
1978  9  6     1.49267964
1978  9  7     0.40752123
1978  9  8     0.07930478
1978  9  9     0.03873963
1978  9 10     0.03740598
1978  9 11     0.03574634
1978  9 12     0.03433305
1978  9 13     0.03329477
1978  9 14     0.03633899
1978  9 15     0.04220295
1978  9 16     0.03190676
1978  9 17     0.02953921
1978  9 18     0.02907202
1978  9 19     0.02834240
1978  9 20     0.02705203
1978  9 21     0.02620754
1978  9 22     0.02543469
1978  9 23     0.02468494
1978  9 24     0.02395729
1978  9 25     0.02325109
1978  9 26     0.02256570
1978  9 27     0.02190052
1978  9 28     0.02125495
1978  9 29     0.02062840
1978  9 30     0.02002033
1978 10  1     0.01943018
1978 10  2     0.01885743
1978 10  3     0.01830156
1978 10  4     0.01776207
1978 10  5     0.01723849
1978 10  6     0.01673034
1978 10  7     0.01623717
1978 10  8     0.01575854
1978 10  9     0.01529402
1978 10 10     0.01484319
1978 10 11     0.01440565
1978 10 12     0.01398101
1978 10 13     0.01356888
1978 10 14     0.01316891
1978 10 15     0.01278072
1978 10 16     0.01240398
1978 10 17     0.01203834
1978 10 18     0.01168348
1978 10 19     0.01133908
1978 10 20     0.01100483
1978 10 21     0.01068043
1978 10 22     0.01036560
1978 10 23     0.01006005
1978 10 24     0.00976350
1978 10 25     0.00947570
1978 10 26     0.00919638
1978 10 27     0.00892529
1978 10 28     0.00866220
1978 10 29     0.00840686
1978 10 30     0.00815904
1978 10 31     0.00791854
1978 11  1     0.05796169
1978 11  2     0.02191784
1978 11  3     0.00840511
1978 11  4     0.00702537
1978 11  5     0.00681825
1978 11  6     0.00661726
1978 11  7     0.00642220
1978 11  8     0.00623289
1978 11  9     0.00604916
1978 11 10     0.00587085
1978 11 11     0.12412796
1978 11 12     0.37263423
1978 11 13     0.24144764
1978 11 14     0.03738244
1978 11 15     0.00573060
1978 11 16     0.00494552
1978 11 17     0.00503011
1978 11 18     0.00503092
1978 11 19     0.00517311
1978 11 20     0.00507088
1978 11 21     0.07094747
1978 11 22     0.24391374
1978 11 23     0.06415927
1978 11 24     0.00806001
1978 11 25     0.00385692
1978 11 26     0.00377204
1978 11 27     0.00356228
1978 11 28     0.00348717
1978 11 29     0.00358059
1978 11 30     0.00357734
1978 12  1     0.11106589
1978 12  2     0.67734275
1978 12  3     0.09980978
1978 12  4     0.00497229
1978 12  5     0.02181915
1978 12  6     0.03645119
1978 12  7     0.01171643
1978 12  8     0.00478665
1978 12  9     0.00421221
1978 12 10     0.00694141
1978 12 11     0.01250319
1978 12 12     0.00944119
1978 12 13     0.00543039
1978 12 14     0.00294167
1978 12 15     0.00246965
1978 12 16     0.00226336
1978 12 17     0.25274840
1978 12 18     0.91572426
1978 12 19     1.45058421
1978 12 20     0.24593660
1978 12 21     0.07119183
1978 12 22     0.03727660
1978 12 23     0.03026215
1978 12 24     0.02809618
1978 12 25     0.02657362
1978 12 26     0.02527195
1978 12 27     0.02413938
1978 12 28     0.02301730
1978 12 29     0.02430990
1978 12 30     0.02147016
1978 12 31     0.02031726
1979  1  1     0.01956035
1979  1  2     0.01868428
1979  1  3     0.01785867
1979  1  4     0.34654507
1979  1  5     0.51808476
1979  1  6     0.35764646
1979  1  7     0.13203403
1979  1  8     0.10608908
1979  1  9     1.53626437
1979  1 10     0.45846780
1979  1 11     0.43114167
1979  1 12     1.21178389
1979  1 13     0.50923433
1979  1 14     0.55583529
1979  1 15     4.29456226
1979  1 16     1.70013850
1979  1 17     0.87699793
1979  1 18     1.63702266
1979  1 19     0.78689012
1979  1 20     0.61596554
1979  1 21     0.52550460
1979  1 22     0.45664869
1979  1 23     0.40748973
1979  1 24     0.37169506
1979  1 25     0.49323881
1979  1 26     0.64961635
1979  1 27     0.36043715
1979  1 28     0.83318426
1979  1 29     0.38722562
1979  1 30     0.46451035
1979  1 31     2.32255474
1979  2  1     2.86433737
1979  2  2     1.38379510
1979  2  3     0.81087269
1979  2  4     0.63529449
1979  2  5     0.55160364
1979  2  6     0.51771759
1979  2  7     0.53322632
1979  2  8     0.55238410
1979  2  9     0.51938137
1979  2 10     0.55600014
1979  2 11     0.59662637
1979  2 12     0.72010408
1979  2 13     0.86632763
1979  2 14     9.72254799
1979  2 15     4.02445983
1979  2 16     2.65084001
1979  2 17     2.25123572
1979  2 18     1.59445411
1979  2 19     2.16131917
1979  2 20     1.36936826
1979  2 21     9.95015449
1979  2 22     9.18360741
1979  2 23     8.12475207
1979  2 24     4.30414727
1979  2 25     3.13001710
1979  2 26     2.62646800
1979  2 27     2.01421809
1979  2 28     1.63624850
1979  3  1    10.77406638
1979  3  2     4.82261609
1979  3  3     3.06218375
1979  3  4     2.42913433
1979  3  5     1.95977779
1979  3  6     1.70883349
1979  3  7     1.58248805
1979  3  8     1.49417494
1979  3  9     1.44587979
1979  3 10     1.42140501
1979  3 11     1.38997506
1979  3 12     1.37092496
1979  3 13     1.32886204
1979  3 14     1.39283190
1979  3 15     1.33413673
1979  3 16     7.87377016
1979  3 17     5.24140108
1979  3 18     3.55681556
1979  3 19     4.43553448
1979  3 20     2.88388084
1979  3 21     3.01143698
1979  3 22     2.37775061
1979  3 23     1.94766613
1979  3 24     1.74873796
1979  3 25     1.58608394
1979  3 26     1.49052811
1979  3 27     7.71002909
1979  3 28    13.03333572
1979  3 29     7.68617863
1979  3 30     4.48448756
1979  3 31     3.54534765
1979  4  1     2.86765979
1979  4  2     2.43897713
1979  4  3     2.15341879
1979  4  4     2.13837603
1979  4  5     2.04575426
1979  4  6     1.94687897
1979  4  7     1.71870909
1979  4  8     1.64086010
1979  4  9     1.60107936
1979  4 10     1.49310243
1979  4 11     1.42943628
1979  4 12     1.42388434
1979  4 13     1.43222402
1979  4 14     1.48409397
1979  4 15     1.53055251
1979  4 16     1.54393942
1979  4 17     1.48355692
1979  4 18     1.32295900
1979  4 19     1.25391059
1979  4 20     1.24568378
1979  4 21     1.26930275
1979  4 22     1.28822331
1979  4 23     1.26604667
1979  4 24     1.21713388
1979  4 25     1.22223527
1979  4 26     1.30977326
1979  4 27     1.40233289
1979  4 28     1.29667299
1979  4 29     1.20750789
1979  4 30     1.21839853
1979  5  1     1.14220879
1979  5  2     1.09678322
1979  5  3     1.08353061
1979  5  4     1.13867311
1979  5  5     1.13821885
1979  5  6     1.06985612
1979  5  7     0.98718649
1979  5  8     1.07097294
1979  5  9     0.98932339
1979  5 10     0.87138725
1979  5 11     0.91193708
1979  5 12     0.94445481
1979  5 13     0.99813118
1979  5 14     1.03718767
1979  5 15     0.95597829
1979  5 16     0.80511303
1979  5 17     0.74213611
1979  5 18     0.70154548
1979  5 19     0.66551005
1979  5 20     0.63700581
1979  5 21     0.61238955
1979  5 22     0.58985469
1979  5 23     0.56836269
1979  5 24     0.55735934
1979  5 25     0.53127431
1979  5 26     0.51179461
1979  5 27     0.49523134
1979  5 28     0.48017615
1979  5 29     0.46557705
1979  5 30     0.45050070
1979  5 31     0.43529183
1979  6  1     0.42026377
1979  6  2     0.40672964
1979  6  3     0.39389035
1979  6  4     0.38172923
1979  6  5     0.36991101
1979  6  6     0.35827755
1979  6  7     0.34776665
1979  6  8     0.33743833
1979  6  9     0.32685249
1979  6 10     0.31653660
1979  6 11     0.30673134
1979  6 12     0.29760185
1979  6 13     0.28883248
1979  6 14     0.28097491
1979  6 15     0.27347871
1979  6 16     0.26551703
1979  6 17     0.25776165
1979  6 18     0.25056331
1979  6 19     0.24238524
1979  6 20     0.23444206
1979  6 21     0.22727058
1979  6 22     0.22053875
1979  6 23     0.21397217
1979  6 24     0.20764200
1979  6 25     0.20151568
1979  6 26     0.19557264
1979  6 27     0.18980244
1979  6 28     0.18420446
1979  6 29     0.17877291
1979  6 30     0.17350005
1979  7  1     0.16839315
1979  7  2     0.16341984
1979  7  3     0.15861132
1979  7  4     0.15392503
1979  7  5     0.14938537
1979  7  6     0.14498128
1979  7  7     0.14070660
1979  7  8     0.13655826
1979  7  9     0.13253286
1979  7 10     0.12862513
1979  7 11     0.12483444
1979  7 12     0.12115310
1979  7 13     0.11758124
1979  7 14     0.11411515
1979  7 15     0.11075116
1979  7 16     0.10748616
1979  7 17     0.10431757
1979  7 18     0.10124244
1979  7 19     0.09825797
1979  7 20     0.09539441
1979  7 21     0.14690900
1979  7 22     0.09640826
1979  7 23     0.08717510
1979  7 24     0.08460467
1979  7 25     0.08211059
1979  7 26     0.07969015
1979  7 27     0.07734106
1979  7 28     0.07506217
1979  7 29     0.07284884
1979  7 30     0.07070113
1979  7 31     0.06861704
1979  8  1     0.06659433
1979  8  2     0.06463129
1979  8  3     0.06272612
1979  8  4     0.06087711
1979  8  5     0.05908260
1979  8  6     0.05734100
1979  8  7     0.05565073
1979  8  8     0.05401028
1979  8  9     0.05241819
1979  8 10     0.05087303
1979  8 11     0.06699709
1979  8 12     0.05410594
1979  8 13     0.04723503
1979  8 14     0.04513466
1979  8 15     0.04380419
1979  8 16     0.04251295
1979  8 17     0.04125977
1979  8 18     0.04004354
1979  8 19     0.03886315
1979  8 20     0.03771757
1979  8 21     0.03660575
1979  8 22     0.03552670
1979  8 23     0.03447946
1979  8 24     0.03346309
1979  8 25     0.03247668
1979  8 26     0.03151935
1979  8 27     0.03059024
1979  8 28     0.02968851
1979  8 29     0.02881337
1979  8 30     0.02796402
1979  8 31     0.02713971
1979  9  1     0.02633970
1979  9  2     0.02556327
1979  9  3     0.02480973
1979  9  4     0.02407840
1979  9  5     0.02336863
1979  9  6     0.02267978
1979  9  7     0.02201124
1979  9  8     0.02136240
1979  9  9     0.02073269
1979  9 10     0.02012154
1979  9 11     0.01952841
1979  9 12     0.01895276
1979  9 13     0.01839408
1979  9 14     0.01785187
1979  9 15     0.01732564
1979  9 16     0.01681492
1979  9 17     0.01631926
1979  9 18     0.01583821
1979  9 19     0.01537134
1979  9 20     0.01491823
1979  9 21     0.01447848
1979  9 22     0.01405169
1979  9 23     0.01363748
1979  9 24     0.01965189
1979  9 25     0.42996160
1979  9 26     0.06225656
1979  9 27     0.01210036
1979  9 28     0.01174254
1979  9 29     0.02065202
1979  9 30     0.38908599
1979 10  1     0.07571590
1979 10  2     0.01258235
1979 10  3     0.01011096
1979 10  4     0.00981286
1979 10  5     0.00952360
1979 10  6     0.00924287
1979 10  7     0.00897042
1979 10  8     0.00870599
1979 10  9     0.00844936
1979 10 10     0.00820029
1979 10 11     0.00795857
1979 10 12     0.00772397
1979 10 13     0.00749629
1979 10 14     0.00727531
1979 10 15     0.00706086
1979 10 16     0.00685272
1979 10 17     0.00665072
1979 10 18     0.00645467
1979 10 19     0.02730818
1979 10 20     1.06761285
1979 10 21     0.18112228
1979 10 22     0.01088459
1979 10 23     0.00555790
1979 10 24     0.00539396
1979 10 25     0.00523496
1979 10 26     0.06871553
1979 10 27     0.01322154
1979 10 28     0.00478572
1979 10 29     0.00464447
1979 10 30     0.00450756
1979 10 31     0.00437469
1979 11  1     0.00424573
1979 11  2     0.00412058
1979 11  3     0.04972794
1979 11  4     0.86627180
1979 11  5     0.13034918
1979 11  6     0.00453645
1979 11  7     0.00354802
1979 11  8     0.02453909
1979 11  9     0.00594292
1979 11 10     0.00324348
1979 11 11     0.00314781
1979 11 12     0.00305502
1979 11 13     0.00296497
1979 11 14     0.00287757
1979 11 15     0.00279274
1979 11 16     0.00271042
1979 11 17     0.88957660
1979 11 18     0.28715083
1979 11 19     0.04377805
1979 11 20     0.00367622
1979 11 21     0.00247484
1979 11 22     0.00241254
1979 11 23     0.01983115
1979 11 24     0.00439332
1979 11 25     0.00217391
1979 11 26     0.03990949
1979 11 27     0.02280848
1979 11 28     0.00395825
1979 11 29     0.00192260
1979 11 30     0.00186481
1979 12  1     0.00180893
1979 12  2     0.00175482
1979 12  3     0.00170242
1979 12  4     0.00165166
1979 12  5     0.00160248
1979 12  6     0.00155482
1979 12  7     0.00150862
1979 12  8     0.00146384
1979 12  9     0.00142043
1979 12 10     0.00137833
1979 12 11     0.03369627
1979 12 12     0.00972845
1979 12 13     0.00186908
1979 12 14     0.00126590
1979 12 15     0.00119149
1979 12 16     0.00115107
1979 12 17     0.00111706
1979 12 18     0.00108407
1979 12 19     0.00105691
1979 12 20     0.00891195
1979 12 21     0.10091783
1979 12 22     0.23581184
1979 12 23     0.03430138
1979 12 24     0.03384290
1979 12 25     0.36237537
1979 12 26     0.05076424
1979 12 27     0.17588143
1979 12 28     0.02626264
1979 12 29     0.00137190
1979 12 30     0.01423045
1979 12 31     0.20407565
1980  1  1     0.08072526
1980  1  2     0.01011333
1980  1  3     0.00233844
1980  1  4     0.00227319
1980  1  5     0.00216386
1980  1  6     0.01029960
1980  1  7     0.00445235
1980  1  8     0.00208933
1980  1  9     1.36973366
1980  1 10     4.58131154
1980  1 11     6.46202843
1980  1 12     9.25432563
1980  1 13    16.11423203
1980  1 14    17.55124246
1980  1 15     9.51768862
1980  1 16     5.83762352
1980  1 17     7.25482424
1980  1 18     9.91637124
1980  1 19     6.70732740
1980  1 20     4.18896338
1980  1 21     3.35799129
1980  1 22     2.79207777
1980  1 23     2.40062588
1980  1 24     2.12555831
1980  1 25     1.92510849
1980  1 26     1.77517031
1980  1 27     1.65676291
1980  1 28     1.56396675
1980  1 29     2.69823332
1980  1 30     1.81047919
1980  1 31     1.63549337
1980  2  1     1.50669872
1980  2  2     1.40329312
1980  2  3     1.32108227
1980  2  4     1.25091712
1980  2  5     1.19567478
1980  2  6     1.14699543
1980  2  7     1.10635251
1980  2  8     1.06179693
1980  2  9     1.02472472
1980  2 10     0.99034371
1980  2 11     0.95750669
1980  2 12     0.92726025
1980  2 13     0.92179278
1980  2 14     1.59125292
1980  2 15     4.63726672
1980  2 16     6.39064501
1980  2 17    11.81687628
1980  2 18    14.05500261
1980  2 19    13.20406655
1980  2 20    15.44152530
1980  2 21    12.16941992
1980  2 22     6.97793838
1980  2 23     5.08169451
1980  2 24     4.06529120
1980  2 25     3.37765745
1980  2 26     2.91629078
1980  2 27     2.59479483
1980  2 28     2.39728658
1980  2 29     2.17812839
1980  3  1     2.02313881
1980  3  2     1.94140845
1980  3  3     9.47171069
1980  3  4     5.23669784
1980  3  5     5.12968986
1980  3  6    12.84233238
1980  3  7     8.92524933
1980  3  8     5.18881528
1980  3  9     4.10429500
1980  3 10     3.41140398
1980  3 11     3.84949260
1980  3 12     3.10651713
1980  3 13     2.60281207
1980  3 14     2.41710294
1980  3 15     2.22869611
1980  3 16     2.05761669
1980  3 17     1.94881711
1980  3 18     2.12276764
1980  3 19     1.89994608
1980  3 20     1.76568298
1980  3 21     1.73529138
1980  3 22     1.69716147
1980  3 23     1.58698534
1980  3 24     1.54413613
1980  3 25     1.50234688
1980  3 26     1.77793387
1980  3 27     1.44882560
1980  3 28     1.46446658
1980  3 29     1.41067125
1980  3 30     1.37617811
1980  3 31     1.30236139
1980  4  1     1.25202879
1980  4  2     1.28002185
1980  4  3     1.17195689
1980  4  4     1.16091155
1980  4  5     1.74865367
1980  4  6     2.41495066
1980  4  7     1.53820329
1980  4  8     1.43988021
1980  4  9     1.35152735
1980  4 10     1.25825058
1980  4 11     1.19596469
1980  4 12     1.17643466
1980  4 13     1.13482421
1980  4 14     1.09945988
1980  4 15     1.03942092
1980  4 16     1.02291153
1980  4 17     1.03505739
1980  4 18     1.01091505
1980  4 19     0.97777995
1980  4 20     0.90071057
1980  4 21     0.92161302
1980  4 22     0.83152506
1980  4 23     0.84070653
1980  4 24     0.74211466
1980  4 25     0.70399653
1980  4 26     0.67678213
1980  4 27     0.65126415
1980  4 28     0.63546724
1980  4 29     3.46026990
1980  4 30     1.52098653
1980  5  1     1.17681444
1980  5  2     0.99913458
1980  5  3     0.84940229
1980  5  4     0.75125158
1980  5  5     0.68372416
1980  5  6     0.63109788
1980  5  7     0.59213949
1980  5  8     0.56138932
1980  5  9     0.53688822
1980  5 10     3.45568948
1980  5 11     1.83658370
1980  5 12     1.25129639
1980  5 13     1.12864312
1980  5 14     0.94388430
1980  5 15     0.80655844
1980  5 16     0.74182734
1980  5 17     0.71322485
1980  5 18     0.61201319
1980  5 19     0.56348609
1980  5 20     0.52901410
1980  5 21     0.50160962
1980  5 22     0.47972986
1980  5 23     0.46123353
1980  5 24     0.47428713
1980  5 25     0.55211983
1980  5 26     0.43486144
1980  5 27     0.40749960
1980  5 28     0.38834749
1980  5 29     0.37386272
1980  5 30     0.36070364
1980  5 31     0.34943534
1980  6  1     0.33783883
1980  6  2     0.32700762
1980  6  3     0.31729537
1980  6  4     0.30731254
1980  6  5     0.29765772
1980  6  6     0.28856535
1980  6  7     0.27971969
1980  6  8     0.27107651
1980  6  9     0.26263910
1980  6 10     0.25458486
1980  6 11     0.24714612
1980  6 12     0.24008117
1980  6 13     0.23317781
1980  6 14     0.22602986
1980  6 15     0.21885946
1980  6 16     0.21175930
1980  6 17     0.20490267
1980  6 18     0.19849120
1980  6 19     0.19242898
1980  6 20     0.18657746
1980  6 21     0.18128696
1980  6 22     0.17600427
1980  6 23     0.17066061
1980  6 24     0.16550724
1980  6 25     0.16002144
1980  6 26     0.15484444
1980  6 27     0.14984125
1980  6 28     0.14496163
1980  6 29     0.14039039
1980  6 30     0.13582175
1980  7  1     0.13253702
1980  7  2     0.12987581
1980  7  3     0.12489467
1980  7  4     0.12079485
1980  7  5     0.11706692
1980  7  6     0.11351072
1980  7  7     0.10990934
1980  7  8     0.10683611
1980  7  9     0.10352029
1980  7 10     0.10044659
1980  7 11     0.09703885
1980  7 12     0.09412279
1980  7 13     0.09134894
1980  7 14     0.08865177
1980  7 15     0.08601874
1980  7 16     0.08348393
1980  7 17     0.08101909
1980  7 18     0.07862874
1980  7 19     0.07631069
1980  7 20     0.07406122
1980  7 21     0.07187925
1980  7 22     0.06975939
1980  7 23     0.06770266
1980  7 24     0.06570693
1980  7 25     0.06377005
1980  7 26     0.06189027
1980  7 27     0.06584910
1980  7 28     0.05904346
1980  7 29     0.05657692
1980  7 30     0.05490916
1980  7 31     0.05329057
1980  8  1     0.05171970
1980  8  2     0.05019513
1980  8  3     0.04871550
1980  8  4     0.04727949
1980  8  5     0.04588581
1980  8  6     0.04453321
1980  8  7     0.04322048
1980  8  8     0.04194645
1980  8  9     0.04070997
1980  8 10     0.03950994
1980  8 11     0.03834529
1980  8 12     0.03721496
1980  8 13     0.03611796
1980  8 14     0.03505329
1980  8 15     0.03402001
1980  8 16     0.03301718
1980  8 17     0.03204392
1980  8 18     0.03112956
1980  8 19     0.03018772
1980  8 20     0.02929290
1980  8 21     0.02842942
1980  8 22     0.02759139
1980  8 23     0.02677807
1980  8 24     0.02598872
1980  8 25     0.02522263
1980  8 26     0.02447913
1980  8 27     0.02375755
1980  8 28     0.02305724
1980  8 29     0.02237757
1980  8 30     0.02171793
1980  8 31     0.02107774
1980  9  1     0.02045642
1980  9  2     0.01985342
1980  9  3     0.01926819
1980  9  4     0.01870021
1980  9  5     0.01814897
1980  9  6     0.01761399
1980  9  7     0.01709477
1980  9  8     0.04492335
1980  9  9     0.01930946
1980  9 10     0.01923518
1980  9 11     0.01563070
1980  9 12     0.01471945
1980  9 13     0.01428555
1980  9 14     0.01386444
1980  9 15     0.01345575
1980  9 16     0.01305911
1980  9 17     0.01267416
1980  9 18     0.01230056
1980  9 19     0.01193797
1980  9 20     0.01158607
1980  9 21     0.01124454
1980  9 22     0.01091308
1980  9 23     0.01059139
1980  9 24     0.01027918
1980  9 25     0.00997618
1980  9 26     0.00968210
1980  9 27     0.00939670
1980  9 28     0.00911971
1980  9 29     0.00885088
1980  9 30     0.00858998
1980 10  1     0.00833677
1980 10  2     0.00809102
1980 10  3     0.00785252
1980 10  4     0.00762104
1980 10  5     0.00739640
1980 10  6     0.00717837
1980 10  7     0.00696677
1980 10  8     0.00676140
1980 10  9     0.00656209
1980 10 10     0.00636866
1980 10 11     0.00618093
1980 10 12     0.00599873
1980 10 13     0.00582190
1980 10 14     0.00565029
1980 10 15     0.17725908
1980 10 16     0.04306950
1980 10 17     0.00777590
1980 10 18     0.00506579
1980 10 19     0.00488472
1980 10 20     0.00472357
1980 10 21     0.00458258
1980 10 22     0.00444749
1980 10 23     0.00431639
1980 10 24     0.00418916
1980 10 25     0.00406567
1980 10 26     0.03720168
1980 10 27     0.00794293
1980 10 28     0.00371672
1980 10 29     0.00360707
1980 10 30     0.00350074
1980 10 31     0.00339755
1980 11  1     0.00329740
1980 11  2     0.00320020
1980 11  3     0.00310586
1980 11  4     0.00301431
1980 11  5     0.00292546
1980 11  6     0.00283922
1980 11  7     0.00275553
1980 11  8     0.00267430
1980 11  9     0.00259547
1980 11 10     0.00251896
1980 11 11     0.00360333
1980 11 12     0.04101483
1980 11 13     0.00769954
1980 11 14     0.00223495
1980 11 15     0.00216895
1980 11 16     0.00210502
1980 11 17     0.00204297
1980 11 18     0.00198274
1980 11 19     0.00192430
1980 11 20     0.00186757
1980 11 21     0.00181252
1980 11 22     0.00175909
1980 11 23     0.00170724
1980 11 24     0.00181739
1980 11 25     0.00163025
1980 11 26     0.00156067
1980 11 27     0.00151467
1980 11 28     0.00147002
1980 11 29     0.00142669
1980 11 30     0.00138463
1980 12  1     0.00134381
1980 12  2     0.00130420
1980 12  3     0.00126576
1980 12  4     0.98987837
1980 12  5     0.62947765
1980 12  6     0.09239454
1980 12  7     0.00665328
1980 12  8     0.00132964
1980 12  9     0.00105775
1980 12 10     0.00102657
1980 12 11     0.00099631
1980 12 12     0.00096694
1980 12 13     0.00093844
1980 12 14     0.00091078
1980 12 15     0.00088393
1980 12 16     0.00085787
1980 12 17     0.00083259
1980 12 18     0.00080804
1980 12 19     0.00078422
1980 12 20     0.00076111
1980 12 21     0.00073867
1980 12 22     0.00071690
1980 12 23     0.00069577
1980 12 24     0.00067526
1980 12 25     0.00065535
1980 12 26     0.00063603
1980 12 27     0.00061728
1980 12 28     0.00059909
1980 12 29     0.00058143
1980 12 30     0.00056429
1980 12 31     0.00054766
1981  1  1     0.00053151
1981  1  2     0.00051584
1981  1  3     0.00201516
1981  1  4     0.00067906
1981  1  5     0.00047156
1981  1  6     0.00045766
1981  1  7     0.00044417
1981  1  8     0.00043107
1981  1  9     0.00041837
1981  1 10     0.00040604
1981  1 11     0.00039407
1981  1 12     0.00375357
1981  1 13     0.00076677
1981  1 14     0.00036024
1981  1 15     0.00034962
1981  1 16     0.00033931
1981  1 17     0.00032931
1981  1 18     0.00031960
1981  1 19     0.00031018
1981  1 20     0.00030104
1981  1 21     0.00029216
1981  1 22     0.00228109
1981  1 23     0.73457747
1981  1 24     0.37303736
1981  1 25     0.06859369
1981  1 26     0.00432111
1981  1 27     0.14694850
1981  1 28     1.28173828
1981  1 29     2.05485975
1981  1 30     1.65207019
1981  1 31     0.39479661
1981  2  1     0.14682068
1981  2  2     0.09134688
1981  2  3     0.06829198
1981  2  4     0.06232220
1981  2  5     0.06039874
1981  2  6     0.05734377
1981  2  7     0.05296184
1981  2  8     0.15438521
1981  2  9     3.45783133
1981  2 10     1.06420459
1981  2 11     0.48098681
1981  2 12     0.41118702
1981  2 13     0.42972229
1981  2 14     0.49906024
1981  2 15     0.52015210
1981  2 16     0.46043123
1981  2 17     0.45050150
1981  2 18     0.42579761
1981  2 19     0.41007653
1981  2 20     0.38954840
1981  2 21     0.35036921
1981  2 22     0.33562901
1981  2 23     0.32560043
1981  2 24     0.31077254
1981  2 25     0.45491763
1981  2 26     1.59281543
1981  2 27     0.59839268
1981  2 28     0.43652168
1981  3  1     1.03786559
1981  3  2     1.70631735
1981  3  3     0.69915566
1981  3  4     0.51283258
1981  3  5     0.51947232
1981  3  6     0.67542735
1981  3  7     0.44617950
1981  3  8     0.42031000
1981  3  9     0.40967212
1981  3 10     0.40573764
1981  3 11     0.39866477
1981  3 12     0.43572442
1981  3 13     2.17470865
1981  3 14     0.97504068
1981  3 15     0.62203678
1981  3 16     0.55925717
1981  3 17     0.50843702
1981  3 18     0.47166974
1981  3 19     1.16536681
1981  3 20     9.82832919
1981  3 21     4.48681557
1981  3 22     3.54404464
1981  3 23     2.02027125
1981  3 24     1.59201825
1981  3 25     1.34240188
1981  3 26     2.57308524
1981  3 27     3.84471540
1981  3 28     1.86406245
1981  3 29     1.50391227
1981  3 30     1.27702989
1981  3 31     1.11728969
1981  4  1     1.03239254
1981  4  2     1.18754977
1981  4  3     1.11051628
1981  4  4     0.90367538
1981  4  5     0.88057964
1981  4  6     0.84423542
1981  4  7     0.80079910
1981  4  8     0.75862982
1981  4  9     0.73042423
1981  4 10     0.70613599
1981  4 11     0.67462100
1981  4 12     0.64848260
1981  4 13     0.62933552
1981  4 14     0.61859004
1981  4 15     0.61086460
1981  4 16     0.60123190
1981  4 17     0.59625706
1981  4 18     0.75175934
1981  4 19     7.78206580
1981  4 20     3.32063528
1981  4 21     1.92587230
1981  4 22     1.52050968
1981  4 23     1.27104018
1981  4 24     1.11585274
1981  4 25     1.00787959
1981  4 26     0.92757343
1981  4 27     0.81695578
1981  4 28     0.78051381
1981  4 29     0.79411506
1981  4 30     0.81925297
1981  5  1     0.67326183
1981  5  2     0.61162662
1981  5  3     0.57495250
1981  5  4     0.54484833
1981  5  5     0.51978918
1981  5  6     0.49812471
1981  5  7     0.47853322
1981  5  8     0.46049252
1981  5  9     0.44380808
1981  5 10     0.42829215
1981  5 11     0.41370951
1981  5 12     0.39987751
1981  5 13     0.38672109
1981  5 14     0.37432780
1981  5 15     0.36283396
1981  5 16     0.35250440
1981  5 17     0.34038098
1981  5 18     0.32938962
1981  5 19     0.39353559
1981  5 20     1.31444014
1981  5 21     0.49561736
1981  5 22     0.32403385
1981  5 23     0.30915064
1981  5 24     0.29599687
1981  5 25     0.28773565
1981  5 26     0.28480436
1981  5 27     0.47918929
1981  5 28     0.28657747
1981  5 29     0.25761594
1981  5 30     0.24850659
1981  5 31     0.23932171
1981  6  1     0.23085671
1981  6  2     0.22300073
1981  6  3     0.21586422
1981  6  4     0.20865694
1981  6  5     0.20208837
1981  6  6     0.19589725
1981  6  7     0.18995977
1981  6  8     0.18421963
1981  6  9     0.17867405
1981  6 10     0.17332375
1981  6 11     0.16813857
1981  6 12     0.16312831
1981  6 13     0.15832584
1981  6 14     0.15362628
1981  6 15     0.14899737
1981  6 16     0.14456841
1981  6 17     0.14028144
1981  6 18     0.13612638
1981  6 19     0.13209792
1981  6 20     0.12818847
1981  6 21     0.12439723
1981  6 22     0.12072020
1981  6 23     0.11715224
1981  6 24     0.11369325
1981  6 25     0.11033725
1981  6 26     0.10707548
1981  6 27     0.10391321
1981  6 28     0.10084620
1981  6 29     0.09787054
1981  6 30     0.09498135
1981  7  1     0.09217882
1981  7  2     0.08945954
1981  7  3     0.08682062
1981  7  4     0.08425974
1981  7  5     0.08177461
1981  7  6     0.07936356
1981  7  7     0.07702255
1981  7  8     0.07475117
1981  7  9     0.07254697
1981  7 10     0.07040785
1981  7 11     0.06833241
1981  7 12     0.06631719
1981  7 13     0.06436185
1981  7 14     0.06246495
1981  7 15     0.06062292
1981  7 16     0.05883540
1981  7 17     0.05710086
1981  7 18     0.05541751
1981  7 19     0.05378435
1981  7 20     0.05219829
1981  7 21     0.05065941
1981  7 22     0.04916653
1981  7 23     0.04771712
1981  7 24     0.04631134
1981  7 25     0.04494478
1981  7 26     0.04361967
1981  7 27     0.04233387
1981  7 28     0.04108597
1981  7 29     0.03987486
1981  7 30     0.03869945
1981  7 31     0.03755868
1981  8  1     0.03645155
1981  8  2     0.03537705
1981  8  3     0.03433422
1981  8  4     0.03332213
1981  8  5     0.03233988
1981  8  6     0.03138658
1981  8  7     0.03046138
1981  8  8     0.02956345
1981  8  9     0.02869200
1981  8 10     0.02784623
1981  8 11     0.02702539
1981  8 12     0.02622875
1981  8 13     0.02545559
1981  8 14     0.05920347
1981  8 15     0.02831207
1981  8 16     0.02482173
1981  8 17     0.02286362
1981  8 18     0.02191927
1981  8 19     0.02127242
1981  8 20     0.02064536
1981  8 21     0.02003678
1981  8 22     0.01944615
1981  8 23     0.01887292
1981  8 24     0.01831660
1981  8 25     0.01777667
1981  8 26     0.01725266
1981  8 27     0.01674409
1981  8 28     0.01625052
1981  8 29     0.01577149
1981  8 30     0.01530659
1981  8 31     0.01485539
1981  9  1     0.01441749
1981  9  2     0.01399250
1981  9  3     0.01358003
1981  9  4     0.01317973
1981  9  5     0.01279122
1981  9  6     0.01241417
1981  9  7     0.04332566
1981  9  8     0.01561460
1981  9  9     0.01134849
1981  9 10     0.01101387
1981  9 11     0.04809465
1981  9 12     0.01485564
1981  9 13     0.01006842
1981  9 14     0.00977153
1981  9 15     0.00948349
1981  9 16     0.00920394
1981  9 17     0.00893263
1981  9 18     0.00866932
1981  9 19     0.00841377
1981  9 20     0.00816575
1981  9 21     0.00792504
1981  9 22     0.00769143
1981  9 23     0.00746471
1981  9 24     0.00724467
1981  9 25     0.00703111
1981  9 26     0.00682385
1981  9 27     0.00662270
1981  9 28     0.00642748
1981  9 29     0.00623802
1981  9 30     0.00605413
1981 10  1     0.04152893
1981 10  2     0.22845248
1981 10  3     0.03119745
1981 10  4     0.00537184
1981 10  5     0.00521291
1981 10  6     0.00505924
1981 10  7     0.00491011
1981 10  8     0.00476537
1981 10  9     0.00462490
1981 10 10     0.00448857
1981 10 11     0.48973093
1981 10 12     0.08644287
1981 10 13     0.00559824
1981 10 14     0.00991582
1981 10 15     0.00464373
1981 10 16     0.00375097
1981 10 17     0.00364039
1981 10 18     0.00353308
1981 10 19     0.00342893
1981 10 20     0.00332785
1981 10 21     0.00322976
1981 10 22     0.00313455
1981 10 23     0.00304215
1981 10 24     0.00295248
1981 10 25     0.00286545
1981 10 26     0.00278098
1981 10 27     0.00269900
1981 10 28     0.20940342
1981 10 29     1.34021229
1981 10 30     0.21061108
1981 10 31     0.01148906
1981 11  1     0.00374329
1981 11  2     0.00526052
1981 11  3     0.00586061
1981 11  4     0.00541030
1981 11  5     0.00523800
1981 11  6     0.00460055
1981 11  7     0.00518134
1981 11  8     0.00395900
1981 11  9     0.00388521
1981 11 10     0.00294447
1981 11 11     0.00187639
1981 11 12     0.00167222
1981 11 13     0.01433498
1981 11 14     0.44401018
1981 11 15     0.08605848
1981 11 16     0.00460178
1981 11 17     0.13466372
1981 11 18     0.08148826
1981 11 19     0.00926406
1981 11 20     0.00131643
1981 11 21     0.00127745
1981 11 22     0.00123979
1981 11 23     0.00120325
1981 11 24     0.03302755
1981 11 25     0.03449376
1981 11 26     0.05228517
1981 11 27     0.51549173
1981 11 28     0.84122436
1981 11 29     0.38189863
1981 11 30     0.06902554
1981 12  1     0.00967848
1981 12  2     0.00267787
1981 12  3     0.00245905
1981 12  4     0.00270820
1981 12  5     0.00301221
1981 12  6     0.00292907
1981 12  7     0.00260363
1981 12  8     0.00203637
1981 12  9     0.00257661
1981 12 10     0.00304917
1981 12 11     0.01008538
1981 12 12     0.00319039
1981 12 13     0.00312213
1981 12 14     0.00157167
1981 12 15     0.00136402
1981 12 16     0.00137343
1981 12 17     0.00127868
1981 12 18     0.00136598
1981 12 19     0.00152264
1981 12 20     0.13549221
1981 12 21     0.66676161
1981 12 22     0.15028593
1981 12 23     0.02112054
1981 12 24     0.00245666
1981 12 25     0.00192007
1981 12 26     0.00182314
1981 12 27     0.00695541
1981 12 28     0.01298519
1981 12 29     0.02000346
1981 12 30     2.15286985
1981 12 31     0.63299837
1982  1  1     2.08158298
1982  1  2     2.12614221
1982  1  3     0.73529369
1982  1  4     0.91238957
1982  1  5     9.44300825
1982  1  6     4.50486954
1982  1  7     1.94681311
1982  1  8     1.47454322
1982  1  9     1.23863826
1982  1 10     1.07389197
1982  1 11     0.95744401
1982  1 12     0.87032963
1982  1 13     0.80331605
1982  1 14     0.75129833
1982  1 15     0.70809356
1982  1 16     0.67184585
1982  1 17     0.64081966
1982  1 18     0.61313342
1982  1 19     0.69412539
1982  1 20     3.22141001
1982  1 21     7.12728638
1982  1 22     3.74523565
1982  1 23     2.06561167
1982  1 24     1.58837352
1982  1 25     1.29572371
1982  1 26     1.08078611
1982  1 27     1.43509030
1982  1 28     1.35495464
1982  1 29     1.98984863
1982  1 30     1.16947470
1982  1 31     1.01998944
1982  2  1     0.88346044
1982  2  2     0.78157902
1982  2  3     0.70955686
1982  2  4     0.65469900
1982  2  5     0.61211519
1982  2  6     0.57917151
1982  2  7     0.55179719
1982  2  8     0.52900973
1982  2  9     0.50777456
1982  2 10     0.70377176
1982  2 11     2.70704622
1982  2 12     1.19424751
1982  2 13     1.09385185
1982  2 14     1.84356758
1982  2 15     5.28517332
1982  2 16     9.03959762
1982  2 17     3.87123910
1982  2 18     2.55519451
1982  2 19     2.04760830
1982  2 20     1.72608664
1982  2 21     1.50478971
1982  2 22     1.34904536
1982  2 23     1.20719733
1982  2 24     1.08022491
1982  2 25     1.00424875
1982  2 26     0.94503303
1982  2 27     0.89930040
1982  2 28     0.85634081
1982  3  1     0.84600253
1982  3  2     3.23520314
1982  3  3     3.62069596
1982  3  4     1.91439095
1982  3  5     1.54852770
1982  3  6     1.31136495
1982  3  7     1.15590686
1982  3  8     1.05934169
1982  3  9     0.96430324
1982  3 10     1.59985384
1982  3 11     3.50954410
1982  3 12     6.10107589
1982  3 13     2.90271870
1982  3 14     6.54352727
1982  3 15     7.00199836
1982  3 16     4.07723738
1982  3 17     7.44461900
1982  3 18     6.75052700
1982  3 19     8.26992152
1982  3 20     4.38196229
1982  3 21     3.32888703
1982  3 22     2.84450733
1982  3 23     2.56988019
1982  3 24     2.39660488
1982  3 25     2.23281885
1982  3 26     3.81103038
1982  3 27     2.56263952
1982  3 28     2.88229205
1982  3 29     6.97399144
1982  3 30     6.74638430
1982  3 31     3.73570121
1982  4  1    13.87784475
1982  4  2     8.70534706
1982  4  3     5.03847751
1982  4  4     4.39027283
1982  4  5     3.33490689
1982  4  6     2.83421095
1982  4  7     2.42571767
1982  4  8     2.17686311
1982  4  9     2.08508592
1982  4 10     3.32959156
1982  4 11    19.28554874
1982  4 12    13.99198116
1982  4 13     7.07543655
1982  4 14     5.33144459
1982  4 15     4.41954727
1982  4 16     3.75274385
1982  4 17     3.38346603
1982  4 18     3.24761026
1982  4 19     3.16727215
1982  4 20     3.06289958
1982  4 21     2.98819586
1982  4 22     2.83904849
1982  4 23     2.81079257
1982  4 24     2.74171365
1982  4 25     2.64118777
1982  4 26     2.55635699
1982  4 27     2.38130144
1982  4 28     2.27658471
1982  4 29     2.18946428
1982  4 30     2.11323367
1982  5  1     2.02274403
1982  5  2     1.94141407
1982  5  3     1.90938377
1982  5  4     1.87095633
1982  5  5     1.81201216
1982  5  6     1.73325016
1982  5  7     1.69120677
1982  5  8     1.63236909
1982  5  9     1.52718167
1982  5 10     1.43597976
1982  5 11     1.38189996
1982  5 12     1.32789183
1982  5 13     1.32655711
1982  5 14     1.25775835
1982  5 15     1.19558548
1982  5 16     1.15063888
1982  5 17     1.10806904
1982  5 18     1.07117539
1982  5 19     1.03663882
1982  5 20     1.00111879
1982  5 21     0.96807093
1982  5 22     0.93764830
1982  5 23     0.90721351
1982  5 24     0.87813226
1982  5 25     0.85061356
1982  5 26     0.82522983
1982  5 27     0.80156217
1982  5 28     0.77808429
1982  5 29     0.75507946
1982  5 30     0.73291671
1982  5 31     0.71092821
1982  6  1     0.68976365
1982  6  2     0.66955525
1982  6  3     0.64932054
1982  6  4     0.63021383
1982  6  5     0.61206130
1982  6  6     0.59375065
1982  6  7     0.57573970
1982  6  8     0.55816136
1982  6  9     0.54059795
1982  6 10     0.52391997
1982  6 11     0.50863594
1982  6 12     0.49347472
1982  6 13     0.47949255
1982  6 14     0.46471053
1982  6 15     0.44865122
1982  6 16     0.43421191
1982  6 17     0.42136427
1982  6 18     0.40944750
1982  6 19     0.39757843
1982  6 20     0.39143234
1982  6 21     0.37443788
1982  6 22     0.36205075
1982  6 23     0.35130091
1982  6 24     0.34085868
1982  6 25     0.33138421
1982  6 26     0.32170195
1982  6 27     0.31180649
1982  6 28     0.30256632
1982  6 29     0.31689697
1982  6 30     1.98172297
1982  7  1     0.63795343
1982  7  2     0.29722808
1982  7  3     0.26367476
1982  7  4     0.25539809
1982  7  5     0.24758483
1982  7  6     0.23978428
1982  7  7     0.23231085
1982  7  8     0.22528745
1982  7  9     0.21850569
1982  7 10     0.21182238
1982  7 11     0.20545674
1982  7 12     0.19876476
1982  7 13     0.19250631
1982  7 14     0.18670145
1982  7 15     0.18117402
1982  7 16     0.17582841
1982  7 17     0.17064029
1982  7 18     0.16560059
1982  7 19     0.16070724
1982  7 20     0.15596709
1982  7 21     0.15136918
1982  7 22     0.14690691
1982  7 23     0.14257625
1982  7 24     0.13837329
1982  7 25     0.13429424
1982  7 26     0.13033546
1982  7 27     0.12723638
1982  7 28     0.12289289
1982  7 29     0.11914571
1982  7 30     0.11584317
1982  7 31     0.11226105
1982  8  1     0.10891671
1982  8  2     0.10570608
1982  8  3     0.10259039
1982  8  4     0.09956597
1982  8  5     0.09663093
1982  8  6     0.09378247
1982  8  7     0.09640944
1982  8  8     0.08907434
1982  8  9     0.08573109
1982  8 10     0.08320393
1982  8 11     0.08075128
1982  8 12     0.07837092
1982  8 13     0.07606074
1982  8 14     0.07381884
1982  8 15     0.07164266
1982  8 16     0.06953078
1982  8 17     0.06748118
1982  8 18     0.06549200
1982  8 19     0.06356146
1982  8 20     0.06168816
1982  8 21     0.05986948
1982  8 22     0.06288763
1982  8 23     0.05702464
1982  8 24     0.05950897
1982  8 25     0.05398363
1982  8 26     0.05155054
1982  8 27     0.05003094
1982  8 28     0.05335438
1982  8 29     0.04799688
1982  8 30     0.04573574
1982  8 31     0.04438754
1982  9  1     0.04307911
1982  9  2     0.04180924
1982  9  3     0.04057681
1982  9  4     0.03938071
1982  9  5     0.03821986
1982  9  6     0.03709324
1982  9  7     0.03599982
1982  9  8     0.03493863
1982  9  9     0.03390873
1982  9 10     0.03290918
1982  9 11     0.03193910
1982  9 12     0.03099762
1982  9 13     0.03008389
1982  9 14     0.02919709
1982  9 15     0.02833643
1982  9 16     0.02750114
1982  9 17     0.02669048
1982  9 18     0.10244413
1982  9 19     0.10680869
1982  9 20     0.03378944
1982  9 21     0.02368006
1982  9 22     0.02298182
1982  9 23     0.02230437
1982  9 24     0.56555170
1982  9 25     0.54937553
1982  9 26     2.06606297
1982  9 27     0.70498839
1982  9 28     0.13863936
1982  9 29     0.05186215
1982  9 30     0.08220527
1982 10  1     0.04944806
1982 10  2     0.04465868
1982 10  3     0.04263254
1982 10  4     0.04043227
1982 10  5     0.03853670
1982 10  6     0.03685715
1982 10  7     0.03558845
1982 10  8     0.03398445
1982 10  9     0.03265888
1982 10 10     0.03145444
1982 10 11     0.03032333
1982 10 12     0.02925654
1982 10 13     0.02824601
1982 10 14     0.02728864
1982 10 15     0.02637593
1982 10 16     0.02550734
1982 10 17     0.02467767
1982 10 18     0.02388659
1982 10 19     0.02312269
1982 10 20     0.02239081
1982 10 21     0.02168901
1982 10 22     0.02111669
1982 10 23     0.02038315
1982 10 24     0.03260104
1982 10 25     0.08437035
1982 10 26     0.94198777
1982 10 27     0.93341140
1982 10 28     0.21518392
1982 10 29     0.09944204
1982 10 30     1.37010755
1982 10 31     1.60717705
1982 11  1     0.52484347
1982 11  2     0.34611404
1982 11  3     0.31178643
1982 11  4     0.28272172
1982 11  5     0.26038012
1982 11  6     0.24255967
1982 11  7     0.22786809
1982 11  8     0.21539431
1982 11  9     0.45239124
1982 11 10     0.73927341
1982 11 11     0.34692730
1982 11 12     0.26883290
1982 11 13     0.25197387
1982 11 14     0.23458712
1982 11 15     0.22017172
1982 11 16     0.20859341
1982 11 17     0.19837375
1982 11 18     1.47769989
1982 11 19     6.73217609
1982 11 20     3.62729759
1982 11 21     1.69383073
1982 11 22     1.27211723
1982 11 23     1.07592195
1982 11 24     0.88944105
1982 11 25     0.77850548
1982 11 26     0.69863528
1982 11 27     0.63925100
1982 11 28     0.65792482
1982 11 29     4.49089009
1982 11 30    18.61216404
1982 12  1    15.44973800
1982 12  2     7.33537679
1982 12  3     4.63559837
1982 12  4     3.51810405
1982 12  5     2.75373301
1982 12  6     2.24368648
1982 12  7     1.90976781
1982 12  8     1.66536262
1982 12  9     1.49462404
1982 12 10     1.36900772
1982 12 11     1.27392639
1982 12 12     1.19696843
1982 12 13     1.16914930
1982 12 14     1.08176608
1982 12 15     1.03583031
1982 12 16     0.99442573
1982 12 17     0.95124344
1982 12 18     0.91392514
1982 12 19     0.87976560
1982 12 20     0.84874665
1982 12 21     0.82856538
1982 12 22    13.15522338
1982 12 23    17.24094996
1982 12 24     8.10139646
1982 12 25     4.97596068
1982 12 26     3.77232351
1982 12 27     2.97274257
1982 12 28     2.44208961
1982 12 29     2.11459380
1982 12 30     1.83967825
1982 12 31     1.66924124
1983  1  1     1.54180905
1983  1  2     1.43545295
1983  1  3     1.35851060
1983  1  4     1.30321272
1983  1  5     1.26139003
1983  1  6     1.22943667
1983  1  7     1.18967703
1983  1  8     1.14986488
1983  1  9     1.10398652
1983  1 10     1.06432312
1983  1 11     1.02995863
1983  1 12     0.98567139
1983  1 13     0.94089707
1983  1 14     0.90702975
1983  1 15     0.87925010
1983  1 16     0.88722049
1983  1 17     0.83875543
1983  1 18     0.82877807
1983  1 19     6.13515858
1983  1 20     2.77697507
1983  1 21     1.96538798
1983  1 22     8.09224026
1983  1 23    20.63158440
1983  1 24    12.65341142
1983  1 25     9.45932321
1983  1 26     8.16548266
1983  1 27    18.30012581
1983  1 28    10.61086659
1983  1 29    12.04734385
1983  1 30     6.90479756
1983  1 31     5.28760764
1983  2  1     4.35865962
1983  2  2     3.71052635
1983  2  3     3.26420943
1983  2  4     2.94143996
1983  2  5     2.81167132
1983  2  6     7.66396715
1983  2  7    22.98831244
1983  2  8    15.48744577
1983  2  9     8.13262122
1983  2 10     6.11102459
1983  2 11     4.98372161
1983  2 12     4.27380648
1983  2 13    10.80326017
1983  2 14     6.22165561
1983  2 15     4.63841331
1983  2 16     4.03111682
1983  2 17     3.55979042
1983  2 18     3.49260466
1983  2 19     3.71847453
1983  2 20     3.06555715
1983  2 21     2.89813762
1983  2 22     2.74051542
1983  2 23     2.59799270
1983  2 24     2.46364527
1983  2 25     3.31232529
1983  2 26    14.30470732
1983  2 27    14.22082573
1983  2 28     9.11565612
1983  3  1    15.63198595
1983  3  2     9.45947928
1983  3  3     8.20490299
1983  3  4     7.77029169
1983  3  5    12.29053784
1983  3  6     8.31981388
1983  3  7     7.55775309
1983  3  8     5.38380819
1983  3  9     4.63101821
1983  3 10     4.12511936
1983  3 11     3.71803360
1983  3 12     3.39179766
1983  3 13     7.72459161
1983  3 14    13.71386534
1983  3 15     6.73747514
1983  3 16     5.01770200
1983  3 17     9.06384400
1983  3 18    12.07945547
1983  3 19     7.51882070
1983  3 20     5.43471721
1983  3 21    10.61248128
1983  3 22     7.50608581
1983  3 23     9.03419881
1983  3 24    11.46263666
1983  3 25     9.72580355
1983  3 26     6.40596464
1983  3 27     5.29442117
1983  3 28     5.65189863
1983  3 29     4.63837044
1983  3 30     4.21743760
1983  3 31     4.03146838
1983  4  1     3.64505776
1983  4  2     3.43298913
1983  4  3     3.14232903
1983  4  4     2.97392418
1983  4  5     2.83591410
1983  4  6     2.69908944
1983  4  7     2.60848546
1983  4  8     2.55568724
1983  4  9     2.52417096
1983  4 10     2.41100892
1983  4 11     2.36854986
1983  4 12     4.82404567
1983  4 13     2.96951835
1983  4 14     2.63315746
1983  4 15     2.45960725
1983  4 16     2.51457474
1983  4 17     2.56888325
1983  4 18     2.75692587
1983  4 19     2.35349495
1983  4 20     2.41605359
1983  4 21     4.91470703
1983  4 22     2.99635945
1983  4 23     2.59314913
1983  4 24     3.23649790
1983  4 25     2.39642264
1983  4 26     2.22509281
1983  4 27     2.06139301
1983  4 28     2.59029535
1983  4 29     2.58152672
1983  4 30     6.85276225
1983  5  1     9.79302371
1983  5  2     5.70317040
1983  5  3     3.88415811
1983  5  4     3.29238643
1983  5  5     2.76508414
1983  5  6     3.50485456
1983  5  7     2.50152846
1983  5  8     2.33122664
1983  5  9     2.10046769
1983  5 10     1.92316822
1983  5 11     1.79468858
1983  5 12     1.71985531
1983  5 13     1.69125223
1983  5 14     1.64914036
1983  5 15     1.63816648
1983  5 16     1.57426694
1983  5 17     1.53360671
1983  5 18     1.51376580
1983  5 19     1.51892836
1983  5 20     1.53371339
1983  5 21     1.54493324
1983  5 22     1.54788484
1983  5 23     1.53877350
1983  5 24     1.52883922
1983  5 25     1.47362505
1983  5 26     1.41443595
1983  5 27     1.39559869
1983  5 28     1.32794385
1983  5 29     1.13761292
1983  5 30     1.05741255
1983  5 31     1.00249047
1983  6  1     0.95798782
1983  6  2     0.91899802
1983  6  3     0.88415915
1983  6  4     0.85532514
1983  6  5     0.81769094
1983  6  6     0.78567902
1983  6  7     0.75804331
1983  6  8     0.73350213
1983  6  9     0.71146646
1983  6 10     0.68870781
1983  6 11     0.66703246
1983  6 12     0.64921075
1983  6 13     0.62645996
1983  6 14     0.60485318
1983  6 15     0.58474378
1983  6 16     0.56770076
1983  6 17     0.54889889
1983  6 18     0.53258594
1983  6 19     0.52065247
1983  6 20     0.50425189
1983  6 21     0.48785002
1983  6 22     0.47152521
1983  6 23     0.45651993
1983  6 24     0.44396225
1983  6 25     0.43117372
1983  6 26     0.41609788
1983  6 27     0.40457344
1983  6 28     0.39492233
1983  6 29     0.38245311
1983  6 30     0.37066233
1983  7  1     0.35920087
1983  7  2     0.34855881
1983  7  3     0.33806575
1983  7  4     0.32560120
1983  7  5     0.31366008
1983  7  6     0.30437527
1983  7  7     0.29733876
1983  7  8     0.28954821
1983  7  9     0.28171506
1983  7 10     0.27226200
1983  7 11     0.26148594
1983  7 12     0.25197546
1983  7 13     0.24381657
1983  7 14     0.23651549
1983  7 15     0.23036960
1983  7 16     0.22427548
1983  7 17     0.21880704
1983  7 18     0.21254630
1983  7 19     0.20612407
1983  7 20     0.20074288
1983  7 21     0.19341567
1983  7 22     0.18693400
1983  7 23     0.18113533
1983  7 24     0.17575663
1983  7 25     0.17101555
1983  7 26     0.16639485
1983  7 27     0.16090110
1983  7 28     0.15563701
1983  7 29     0.15029202
1983  7 30     0.14551128
1983  7 31     0.14119509
1983  8  1     0.13703295
1983  8  2     0.13299352
1983  8  3     0.12907315
1983  8  4     0.12526836
1983  8  5     0.12157573
1983  8  6     0.11799195
1983  8  7     0.11451481
1983  8  8     0.14110402
1983  8  9     0.19083854
1983  8 10     0.16441963
1983  8 11     0.10828611
1983  8 12     0.09860205
1983  8 13     0.09569536
1983  8 14     0.12070003
1983  8 15     0.16843672
1983  8 16     0.13378642
1983  8 17     0.17629906
1983  8 18     0.11545458
1983  8 19     0.72657626
1983  8 20     0.23509525
1983  8 21     0.09291830
1983  8 22     0.07492692
1983  8 23     0.07169087
1983  8 24     0.06924603
1983  8 25     0.06685850
1983  8 26     0.06485802
1983  8 27     0.06294617
1983  8 28     0.06109067
1983  8 29     0.05928987
1983  8 30     0.05754215
1983  8 31     0.05584595
1983  9  1     0.05419975
1983  9  2     0.05260208
1983  9  3     0.05105150
1983  9  4     0.04954663
1983  9  5     0.04808612
1983  9  6     0.04666866
1983  9  7     0.04529298
1983  9  8     0.04395786
1983  9  9     0.04266209
1983  9 10     0.04140452
1983  9 11     0.04018402
1983  9 12     0.03899949
1983  9 13     0.03784988
1983  9 14     0.03673416
1983  9 15     0.03565133
1983  9 16     0.03460042
1983  9 17     0.03358048
1983  9 18     0.03259061
1983  9 19     0.03162992
1983  9 20     0.03069755
1983  9 21     0.05723778
1983  9 22     0.16848396
1983  9 23     0.04484161
1983  9 24     0.02725626
1983  9 25     0.02643211
1983  9 26     0.02565295
1983  9 27     0.02489677
1983  9 28     0.02416287
1983  9 29     0.30872770
1983  9 30     0.98554465
1983 10  1     0.66455233
1983 10  2     0.54573480
1983 10  3     0.09276812
1983 10  4     0.02171309
1983 10  5     0.01992052
1983 10  6     0.01911792
1983 10  7     0.01847498
1983 10  8     0.01797242
1983 10  9     0.01748895
1983 10 10     0.01738764
1983 10 11     0.01661540
1983 10 12     0.01591718
1983 10 13     0.01543708
1983 10 14     0.01557519
1983 10 15     0.01506528
1983 10 16     0.01431752
1983 10 17     0.01370280
1983 10 18     0.01385301
1983 10 19     0.01296891
1983 10 20     0.01251042
1983 10 21     0.01214164
1983 10 22     0.01178374
1983 10 23     0.01143638
1983 10 24     0.01109926
1983 10 25     0.01077209
1983 10 26     0.01045455
1983 10 27     0.01014638
1983 10 28     0.00984729
1983 10 29     0.00955701
1983 10 30     0.01590687
1983 10 31     0.00978227
1983 11  1     0.01746681
1983 11  2     0.29737275
1983 11  3     0.04253002
1983 11  4     0.00803224
1983 11  5     0.00788988
1983 11  6     0.00769043
1983 11  7     0.00749839
1983 11  8     0.00754211
1983 11  9     0.00728597
1983 11 10     0.00674168
1983 11 11     0.66862135
1983 11 12     0.32017561
1983 11 13     0.13686654
1983 11 14     0.03951368
1983 11 15     0.01081200
1983 11 16     0.00848980
1983 11 17     0.12789410
1983 11 18     0.94677530
1983 11 19     0.17685808
1983 11 20     3.30805998
1983 11 21     4.13597955
1983 11 22     1.20646547
1983 11 23     0.68033466
1983 11 24     4.13836441
1983 11 25    10.83690032
1983 11 26     4.30638104
1983 11 27     2.28378250
1983 11 28     1.73190233
1983 11 29     1.34484449
1983 11 30     1.08721682
1983 12  1     0.91892289
1983 12  2     0.80262338
1983 12  3     1.18506671
1983 12  4     4.99206220
1983 12  5     2.13097988
1983 12  6     1.53523112
1983 12  7     1.23941524
1983 12  8     1.02397699
1983 12  9     1.09138536
1983 12 10     4.58430448
1983 12 11     2.44111819
1983 12 12     2.14623348
1983 12 13     1.46905463
1983 12 14     1.25046673
1983 12 15     1.07273102
1983 12 16     0.94070721
1983 12 17     1.26375430
1983 12 18     0.87402609
1983 12 19     0.84675758
1983 12 20     0.80194865
1983 12 21     0.72569336
1983 12 22     0.69211582
1983 12 23     0.69343493
1983 12 24     1.50489378
1983 12 25    14.20501624
1983 12 26    11.82316897
1983 12 27    11.86603426
1983 12 28     6.35891250
1983 12 29     4.21638117
1983 12 30     3.29172427
1983 12 31     2.66406775
1984  1  1     2.22375670
1984  1  2     1.91925721
1984  1  3     1.70919769
1984  1  4     1.55787582
1984  1  5     1.44669895
1984  1  6     1.35845973
1984  1  7     1.28955053
1984  1  8     1.22414697
1984  1  9     1.17134879
1984  1 10     1.12141589
1984  1 11     1.08406503
1984  1 12     1.03860407
1984  1 13     1.00497068
1984  1 14     0.96827245
1984  1 15     0.93618721
1984  1 16     0.93955508
1984  1 17     0.95119756
1984  1 18     0.86603785
1984  1 19     0.83495963
1984  1 20     0.80885222
1984  1 21     0.78757857
1984  1 22     0.76576814
1984  1 23     0.74618031
1984  1 24     0.72607296
1984  1 25     0.71214605
1984  1 26     0.70025908
1984  1 27     0.67885893
1984  1 28     0.66604885
1984  1 29     0.66013344
1984  1 30     0.66083080
1984  1 31     0.66311452
1984  2  1     0.62986554
1984  2  2     0.59693857
1984  2  3     0.58653509
1984  2  4     0.57280148
1984  2  5     0.56088353
1984  2  6     0.54288468
1984  2  7     0.52538273
1984  2  8     0.51476945
1984  2  9     0.82178789
1984  2 10     1.94182516
1984  2 11     0.82231955
1984  2 12     0.67719049
1984  2 13     0.62416633
1984  2 14     3.82919701
1984  2 15     2.72112037
1984  2 16     5.95924693
1984  2 17     3.10638583
1984  2 18     2.09981113
1984  2 19     1.66574815
1984  2 20     1.35043029
1984  2 21     1.13257912
1984  2 22     0.98057724
1984  2 23     0.87330105
1984  2 24     0.79815205
1984  2 25     0.74095690
1984  2 26     0.69451791
1984  2 27     0.66297799
1984  2 28     0.64501701
1984  2 29     0.62326289
1984  3  1     0.59980539
1984  3  2     0.58454137
1984  3  3     0.57228094
1984  3  4     0.55623937
1984  3  5     0.54492839
1984  3  6     0.53342500
1984  3  7     0.53425456
1984  3  8     0.53391369
1984  3  9     0.52635369
1984  3 10     0.52489194
1984  3 11     0.50400417
1984  3 12     0.49206697
1984  3 13     0.48291810
1984  3 14     4.64402722
1984  3 15     1.96175005
1984  3 16     1.34757112
1984  3 17     1.94846476
1984  3 18     1.19103749
1984  3 19     1.06560993
1984  3 20     0.95349328
1984  3 21     0.85372734
1984  3 22     0.74925099
1984  3 23     0.68135576
1984  3 24     0.64706237
1984  3 25     0.61122360
1984  3 26     0.58679581
1984  3 27     0.55457257
1984  3 28     0.52487953
1984  3 29     0.51175524
1984  3 30     0.46743529
1984  3 31     0.52295227
1984  4  1     0.66727450
1984  4  2     0.44378348
1984  4  3     0.40829627
1984  4  4     0.40373678
1984  4  5     0.39090803
1984  4  6     0.84488419
1984  4  7     0.48226332
1984  4  8     0.45722411
1984  4  9     0.41790040
1984  4 10     0.40049213
1984  4 11     0.38246573
1984  4 12     0.35319757
1984  4 13     0.36399944
1984  4 14     0.39323210
1984  4 15     0.42980348
1984  4 16     0.42380994
1984  4 17     0.35747956
1984  4 18     0.30641887
1984  4 19     3.53975315
1984  4 20     1.68942643
1984  4 21     1.02391321
1984  4 22     0.83941134
1984  4 23     0.66583536
1984  4 24     0.55308678
1984  4 25     0.47368563
1984  4 26     0.41880065
1984  4 27     0.37951921
1984  4 28     0.35094481
1984  4 29     0.32951262
1984  4 30     0.31045958
1984  5  1     0.29557104
1984  5  2     0.28187228
1984  5  3     0.27020522
1984  5  4     0.25978156
1984  5  5     0.25036971
1984  5  6     0.24154548
1984  5  7     0.23280235
1984  5  8     0.22434741
1984  5  9     0.21657512
1984  5 10     0.20944136
1984  5 11     0.20289639
1984  5 12     0.19604189
1984  5 13     0.18941628
1984  5 14     0.18364819
1984  5 15     0.17913823
1984  5 16     0.17364976
1984  5 17     0.16778379
1984  5 18     0.16220250
1984  5 19     0.15663528
1984  5 20     0.15143239
1984  5 21     0.14673464
1984  5 22     0.14218290
1984  5 23     0.13794002
1984  5 24     0.13390715
1984  5 25     0.13001854
1984  5 26     0.12573330
1984  5 27     0.12141051
1984  5 28     0.11731302
1984  5 29     0.11356634
1984  5 30     0.11017509
1984  5 31     0.10882942
1984  6  1     0.10413375
1984  6  2     0.10090844
1984  6  3     0.09792971
1984  6  4     0.09525260
1984  6  5     0.29125809
1984  6  6     0.11492786
1984  6  7     0.08764126
1984  6  8     0.08509955
1984  6  9     0.08234900
1984  6 10     0.07985561
1984  6 11     0.07731476
1984  6 12     0.07466813
1984  6 13     0.07242640
1984  6 14     0.07027811
1984  6 15     0.06819915
1984  6 16     0.06618822
1984  6 17     0.06423753
1984  6 18     0.06234323
1984  6 19     0.06050396
1984  6 20     0.05871852
1984  6 21     0.05698666
1984  6 22     0.05530753
1984  6 23     0.05367819
1984  6 24     0.05209464
1984  6 25     0.05055780
1984  6 26     0.04906956
1984  6 27     0.04761984
1984  6 28     0.04621549
1984  6 29     0.04485316
1984  6 30     0.04353100
1984  7  1     0.04224782
1984  7  2     0.04100246
1984  7  3     0.03979381
1984  7  4     0.07894504
1984  7  5     0.04260389
1984  7  6     0.03637757
1984  7  7     0.03530514
1984  7  8     0.03426443
1984  7  9     0.03325440
1984  7 10     0.03227414
1984  7 11     0.03132278
1984  7 12     0.03040077
1984  7 13     0.04879326
1984  7 14     0.03153908
1984  7 15     0.12318845
1984  7 16     0.09908545
1984  7 17     0.09744376
1984  7 18     0.03405922
1984  7 19     0.05120872
1984  7 20     0.02737796
1984  7 21     0.02344631
1984  7 22     0.03277076
1984  7 23     0.24531378
1984  7 24     0.04990299
1984  7 25     0.02064096
1984  7 26     0.01999648
1984  7 27     0.01940643
1984  7 28     0.01883668
1984  7 29     0.01827921
1984  7 30     0.22285636
1984  7 31     0.04567368
1984  8  1     0.01705361
1984  8  2     0.01621725
1984  8  3     0.01573920
1984  8  4     0.01527525
1984  8  5     0.01482497
1984  8  6     0.01438797
1984  8  7     0.01396385
1984  8  8     0.01355223
1984  8  9     0.01315274
1984  8 10     0.01297882
1984  8 11     0.02694426
1984  8 12     0.01384604
1984  8 13     0.01166918
1984  8 14     0.01132516
1984  8 15     0.07931210
1984  8 16     0.14242621
1984  8 17     0.02592051
1984  8 18     0.01004806
1984  8 19     0.00975152
1984  8 20     0.00946407
1984  8 21     0.00918509
1984  8 22     0.01496123
1984  8 23     0.05087424
1984  8 24     0.01356502
1984  8 25     0.00814915
1984  8 26     0.00790882
1984  8 27     0.00767568
1984  8 28     0.00744942
1984  8 29     0.00722983
1984  8 30     0.00701672
1984  8 31     0.00680988
1984  9  1     0.00660914
1984  9  2     0.00641432
1984  9  3     0.00622524
1984  9  4     0.00604174
1984  9  5     0.00586364
1984  9  6     0.00569080
1984  9  7     0.00552305
1984  9  8     0.00536024
1984  9  9     0.00520223
1984  9 10     0.00504889
1984  9 11     0.00490006
1984  9 12     0.00475562
1984  9 13     0.00461543
1984  9 14     0.00447938
1984  9 15     0.00434734
1984  9 16     0.00421919
1984  9 17     0.00418114
1984  9 18     0.00399503
1984  9 19     0.00385791
1984  9 20     0.00374327
1984  9 21     0.00363293
1984  9 22     0.00352584
1984  9 23     0.00342191
1984  9 24     0.00332104
1984  9 25     0.00322314
1984  9 26     0.00312813
1984  9 27     0.00303592
1984  9 28     0.00294643
1984  9 29     0.00285958
1984  9 30     0.00277529
1984 10  1     0.02765576
1984 10  2     0.00590059
1984 10  3     0.00253710
1984 10  4     0.00246224
1984 10  5     0.00238966
1984 10  6     0.00231922
1984 10  7     0.00225085
1984 10  8     0.00218450
1984 10  9     0.00212011
1984 10 10     0.00205761
1984 10 11     0.02901926
1984 10 12     0.06623559
1984 10 13     0.00907676
1984 10 14     0.00182569
1984 10 15     0.00177171
1984 10 16     0.00668430
1984 10 17     1.01560826
1984 10 18     0.14564588
1984 10 19     0.00237599
1984 10 20     0.00152556
1984 10 21     0.00148056
1984 10 22     0.00143691
1984 10 23     0.00139456
1984 10 24     0.00135345
1984 10 25     0.00131355
1984 10 26     0.00127483
1984 10 27     0.00123725
1984 10 28     0.00120078
1984 10 29     0.00116539
1984 10 30     0.00113103
1984 10 31     0.00109769
1984 11  1     0.00106534
1984 11  2     0.00103393
1984 11  3     0.00100346
1984 11  4     0.00097388
1984 11  5     0.00094517
1984 11  6     0.00091731
1984 11  7     0.00089027
1984 11  8     0.60490121
1984 11  9     0.28351170
1984 11 10     0.03414920
1984 11 11     0.00263132
1984 11 12     0.00361071
1984 11 13     0.55171674
1984 11 14     0.09817945
1984 11 15     0.00329872
1984 11 16     0.01119726
1984 11 17     0.06481401
1984 11 18     0.01863009
1984 11 19     0.01942059
1984 11 20     0.00282933
1984 11 21     0.39648012
1984 11 22     0.50688221
1984 11 23     0.10962066
1984 11 24     0.80360091
1984 11 25     0.87984852
1984 11 26     0.13381158
1984 11 27     0.10035600
1984 11 28     1.65982149
1984 11 29     0.34300333
1984 11 30     0.11151944
1984 12  1     0.10504877
1984 12  2     0.09528340
1984 12  3     0.10969814
1984 12  4     0.08633124
1984 12  5     0.08653235
1984 12  6     0.08540498
1984 12  7     0.08167414
1984 12  8     0.09115395
1984 12  9     0.07872781
1984 12 10     0.22890085
1984 12 11     0.32269836
1984 12 12     0.15124095
1984 12 13     0.47332263
1984 12 14     0.16810626
1984 12 15     0.12789049
1984 12 16     2.33614873
1984 12 17     0.59075746
1984 12 18     0.38977845
1984 12 19     0.36558754
1984 12 20     1.53561189
1984 12 21     0.48492056
1984 12 22     0.29661489
1984 12 23     0.24345955
1984 12 24     0.21432674
1984 12 25     0.20009578
1984 12 26     0.18985374
1984 12 27     0.19592518
1984 12 28     0.17508049
1984 12 29     0.16948659
1984 12 30     0.16068139
1984 12 31     0.15383387
1985  1  1     0.15540926
1985  1  2     0.15334745
1985  1  3     0.15756551
1985  1  4     0.15775112
1985  1  5     0.16285286
1985  1  6     0.15975095
1985  1  7     3.09725328
1985  1  8     5.05353308
1985  1  9     2.37469826
1985  1 10     1.20697205
1985  1 11     0.92266617
1985  1 12     0.76330009
1985  1 13     0.65926798
1985  1 14     0.58050150
1985  1 15     0.52246656
1985  1 16     0.48508000
1985  1 17     0.45804389
1985  1 18     0.45880500
1985  1 19     0.43231566
1985  1 20     0.40059250
1985  1 21     0.38200796
1985  1 22     0.36870893
1985  1 23     0.35457408
1985  1 24     0.35152157
1985  1 25     0.33994053
1985  1 26     0.34485351
1985  1 27     0.34883719
1985  1 28     0.31546750
1985  1 29     0.32923524
1985  1 30     0.29891111
1985  1 31     0.28466398
1985  2  1     0.27366993
1985  2  2     0.49756219
1985  2  3     0.29542952
1985  2  4     0.26810088
1985  2  5     0.24771890
1985  2  6     0.24246256
1985  2  7     0.23527828
1985  2  8     2.05936839
1985  2  9     8.13812795
1985  2 10     2.65007846
1985  2 11     1.50033790
1985  2 12     1.13414683
1985  2 13     0.91204165
1985  2 14     0.79782256
1985  2 15     0.73094954
1985  2 16     0.68290894
1985  2 17     0.65583212
1985  2 18     0.64673425
1985  2 19     0.64283924
1985  2 20     0.62151258
1985  2 21     0.52722291
1985  2 22     0.52880982
1985  2 23     0.55498209
1985  2 24     0.57833660
1985  2 25     0.59696659
1985  2 26     0.62224575
1985  2 27     0.64346641
1985  2 28     0.65383087
1985  3  1     0.62816464
1985  3  2     1.14354102
1985  3  3     0.69696466
1985  3  4     0.58589715
1985  3  5     0.52793250
1985  3  6     0.65585209
1985  3  7     2.23737881
1985  3  8     1.02856638
1985  3  9     0.84954575
1985  3 10     0.87857301
1985  3 11     0.75496206
1985  3 12     0.64988968
1985  3 13     0.60414686
1985  3 14     0.60030417
1985  3 15     0.62844225
1985  3 16     0.61086047
1985  3 17     0.62060121
1985  3 18     1.09483309
1985  3 19     1.29636139
1985  3 20     0.78053035
1985  3 21     0.73004944
1985  3 22     0.63782233
1985  3 23     0.59595169
1985  3 24     0.59667017
1985  3 25     0.59206396
1985  3 26     1.73521576
1985  3 27    10.99831533
1985  3 28     9.37384453
1985  3 29     4.36058935
1985  3 30     3.01338000
1985  3 31     2.42367879
1985  4  1     2.05860829
1985  4  2     1.86104058
1985  4  3     1.68057018
1985  4  4     1.53227810
1985  4  5     1.44287850
1985  4  6     1.42466028
1985  4  7     1.33943894
1985  4  8     1.31203125
1985  4  9     1.34543675
1985  4 10     1.35527619
1985  4 11     1.28070468
1985  4 12     1.20745104
1985  4 13     1.16524783
1985  4 14     1.19303690
1985  4 15     1.19455792
1985  4 16     1.08158415
1985  4 17     1.10208025
1985  4 18     1.04825769
1985  4 19     0.85830353
1985  4 20     0.79363701
1985  4 21     0.75685036
1985  4 22     0.72823779
1985  4 23     0.72546552
1985  4 24     0.73485924
1985  4 25     0.69433624
1985  4 26     0.64614546
1985  4 27     0.65935483
1985  4 28     0.69826453
1985  4 29     0.69086702
1985  4 30     0.68839868
1985  5  1     0.66631342
1985  5  2     0.57825681
1985  5  3     0.53630071
1985  5  4     0.50891578
1985  5  5     0.48579764
1985  5  6     0.46596478
1985  5  7     0.44865503
1985  5  8     0.43271816
1985  5  9     0.41790978
1985  5 10     0.52632173
1985  5 11     0.40609156
1985  5 12     0.37826799
1985  5 13     0.36578574
1985  5 14     0.35397507
1985  5 15     0.34272283
1985  5 16     0.33217155
1985  5 17     0.32219491
1985  5 18     0.31234180
1985  5 19     0.30268277
1985  5 20     0.29328224
1985  5 21     0.28424116
1985  5 22     0.27528521
1985  5 23     0.26665554
1985  5 24     0.25852720
1985  5 25     0.25077953
1985  5 26     0.24349949
1985  5 27     0.23651003
1985  5 28     0.22947434
1985  5 29     0.22252582
1985  5 30     0.21605787
1985  5 31     0.20970521
1985  6  1     0.20353609
1985  6  2     0.19771239
1985  6  3     0.55779743
1985  6  4     0.23013460
1985  6  5     0.18035582
1985  6  6     0.17491512
1985  6  7     0.16974044
1985  6  8     0.16472117
1985  6  9     0.15985838
1985  6 10     0.15514382
1985  6 11     0.15056683
1985  6 12     0.14612605
1985  6 13     0.14181915
1985  6 14     0.13763585
1985  6 15     0.13357807
1985  6 16     0.12963966
1985  6 17     0.12581707
1985  6 18     0.12210817
1985  6 19     0.11850781
1985  6 20     0.11501541
1985  6 21     0.11162340
1985  6 22     0.10833252
1985  6 23     0.10513893
1985  6 24     0.10203952
1985  6 25     0.09903149
1985  6 26     0.09611364
1985  6 27     0.09327893
1985  6 28     0.09052897
1985  6 29     0.08786047
1985  6 30     0.08527057
1985  7  1     0.08275675
1985  7  2     0.08031721
1985  7  3     0.07794963
1985  7  4     0.07565185
1985  7  5     0.07342180
1985  7  6     0.07125750
1985  7  7     0.06915729
1985  7  8     0.06711859
1985  7  9     0.06513986
1985  7 10     0.06321967
1985  7 11     0.06135611
1985  7 12     0.05954749
1985  7 13     0.05779217
1985  7 14     0.05608860
1985  7 15     0.05443525
1985  7 16     0.05283064
1985  7 17     0.05127332
1985  7 18     0.04976191
1985  7 19     0.05643470
1985  7 20     0.07715147
1985  7 21     0.04952296
1985  7 22     0.04414895
1985  7 23     0.04284746
1985  7 24     0.04158442
1985  7 25     0.04111756
1985  7 26     0.05836359
1985  7 27     0.04055125
1985  7 28     0.03744043
1985  7 29     0.03590053
1985  7 30     0.03475076
1985  7 31     0.03372639
1985  8  1     0.03273222
1985  8  2     0.03176736
1985  8  3     0.03083093
1985  8  4     0.02992211
1985  8  5     0.02904008
1985  8  6     0.02818405
1985  8  7     0.02735326
1985  8  8     0.02654695
1985  8  9     0.02576441
1985  8 10     0.02500494
1985  8 11     0.02426786
1985  8 12     0.02355250
1985  8 13     0.02285823
1985  8 14     0.02218443
1985  8 15     0.02153049
1985  8 16     0.02089582
1985  8 17     0.02027987
1985  8 18     0.01968207
1985  8 19     0.01910189
1985  8 20     0.01853881
1985  8 21     0.01799233
1985  8 22     0.01746196
1985  8 23     0.01694723
1985  8 24     0.01644767
1985  8 25     0.01596283
1985  8 26     0.01549229
1985  8 27     0.01503561
1985  8 28     0.01459240
1985  8 29     0.01416225
1985  8 30     0.01374478
1985  8 31     0.01333962
1985  9  1     0.01294640
1985  9  2     0.01256478
1985  9  3     0.01219440
1985  9  4     0.02082711
1985  9  5     0.01337847
1985  9  6     0.01122224
1985  9  7     0.01081889
1985  9  8     0.01049998
1985  9  9     0.01019046
1985  9 10     0.02407804
1985  9 11     1.20569115
1985  9 12     0.18866741
1985  9 13     0.01059845
1985  9 14     0.00877449
1985  9 15     0.00851584
1985  9 16     0.00826482
1985  9 17     0.00802119
1985  9 18     0.00778474
1985  9 19     0.00826950
1985  9 20     0.00745200
1985  9 21     0.00711642
1985  9 22     0.00690664
1985  9 23     0.00670305
1985  9 24     0.00650546
1985  9 25     0.00631369
1985  9 26     0.00612758
1985  9 27     0.00594696
1985  9 28     0.00599360
1985  9 29     0.00563979
1985  9 30     0.00543640
1985 10  1     0.00527615
1985 10  2     0.00512062
1985 10  3     0.00496968
1985 10  4     0.00482319
1985 10  5     0.00468101
1985 10  6     0.00454303
1985 10  7     0.05088248
1985 10  8     0.10102894
1985 10  9     0.07140823
1985 10 10     0.01147550
1985 10 11     0.00391194
1985 10 12     0.00379646
1985 10 13     0.00368455
1985 10 14     0.00357594
1985 10 15     0.00347053
1985 10 16     0.00336823
1985 10 17     0.00326894
1985 10 18     0.00317258
1985 10 19     0.00307906
1985 10 20     0.00298830
1985 10 21     0.17744237
1985 10 22     0.25207819
1985 10 23     0.03224687
1985 10 24     0.00558776
1985 10 25     0.00717139
1985 10 26     0.00323624
1985 10 27     0.00242363
1985 10 28     0.00235217
1985 10 29     0.00228283
1985 10 30     0.00221554
1985 10 31     0.00215023
1985 11  1     0.00208685
1985 11  2     0.00202533
1985 11  3     0.00196563
1985 11  4     0.00190769
1985 11  5     0.00185146
1985 11  6     0.00179688
1985 11  7     0.00174391
1985 11  8     0.00169251
1985 11  9     0.00164261
1985 11 10     0.06739670
1985 11 11     2.47271426
1985 11 12     1.44893416
1985 11 13     0.25099686
1985 11 14     0.07614889
1985 11 15     0.03903746
1985 11 16     0.01684979
1985 11 17     0.09511742
1985 11 18     0.06080804
1985 11 19     0.01133903
1985 11 20     0.00751032
1985 11 21     0.04266019
1985 11 22     0.01277926
1985 11 23     0.00828313
1985 11 24     0.36382001
1985 11 25     1.07334938
1985 11 26     0.44463791
1985 11 27     0.14264426
1985 11 28     0.51054990
1985 11 29     1.83818744
1985 11 30     2.24868042
1985 12  1     0.71176721
1985 12  2     3.97240686
1985 12  3     2.04673028
1985 12  4     1.02651734
1985 12  5     1.16521232
1985 12  6     1.04914710
1985 12  7     0.77487947
1985 12  8     0.70281655
1985 12  9     0.65079150
1985 12 10     0.59309825
1985 12 11     0.57608039
1985 12 12     0.52248757
1985 12 13     0.49291829
1985 12 14     0.47129567
1985 12 15     0.45426411
1985 12 16     0.42987996
1985 12 17     0.41314990
1985 12 18     0.39999804
1985 12 19     0.38469241
1985 12 20     0.37047753
1985 12 21     0.35760441
1985 12 22     0.34623391
1985 12 23     0.33644674
1985 12 24     0.32331561
1985 12 25     0.31178059
1985 12 26     0.30612325
1985 12 27     0.29480330
1985 12 28     0.28581737
1985 12 29     0.42257215
1985 12 30     0.56670365
1985 12 31     0.34400667
1986  1  1     0.29263410
1986  1  2     0.27825123
1986  1  3     0.26747360
1986  1  4     1.81948764
1986  1  5     4.72367760
1986  1  6     2.70016319
1986  1  7     1.31294278
1986  1  8     1.02142195
1986  1  9     0.85348100
1986  1 10     0.73528287
1986  1 11     0.64915406
1986  1 12     0.58776830
1986  1 13     0.54378104
1986  1 14     0.50894218
1986  1 15     0.47862825
1986  1 16     0.45455626
1986  1 17     0.43457203
1986  1 18     0.41705645
1986  1 19     0.40179525
1986  1 20     0.38991503
1986  1 21     0.37151669
1986  1 22     0.35846656
1986  1 23     0.34656808
1986  1 24     0.33395448
1986  1 25     0.32204055
1986  1 26     0.31127403
1986  1 27     0.30110308
1986  1 28     0.29140119
1986  1 29     0.28213185
1986  1 30     5.47219950
1986  1 31     3.82034690
1986  2  1     2.39525211
1986  2  2     1.80642370
1986  2  3     1.51667949
1986  2  4     1.17500212
1986  2  5     0.92844650
1986  2  6     0.81866175
1986  2  7     0.72878692
1986  2  8     0.65418860
1986  2  9     0.60302702
1986  2 10     0.56046241
1986  2 11     0.52765231
1986  2 12     4.33513778
1986  2 13    20.80071167
1986  2 14     9.92693798
1986  2 15    13.03315732
1986  2 16    11.99106323
1986  2 17    11.28098014
1986  2 18    10.76325609
1986  2 19    13.82551969
1986  2 20     7.85193723
1986  2 21     5.65039820
1986  2 22     4.30041370
1986  2 23     3.57854537
1986  2 24     3.06546362
1986  2 25     2.70465681
1986  2 26     2.44450619
1986  2 27     2.24753176
1986  2 28     2.07454886
1986  3  1     1.94666706
1986  3  2     1.84183342
1986  3  3     1.75224811
1986  3  4     1.67408841
1986  3  5     1.60435767
1986  3  6     1.54108995
1986  3  7     1.48315191
1986  3  8     9.18240914
1986  3  9    12.88646660
1986  3 10    13.93173455
1986  3 11    17.98528542
1986  3 12    11.54805182
1986  3 13     7.37081094
1986  3 14     8.62849463
1986  3 15     6.49712404
1986  3 16    10.14334317
1986  3 17     7.23355064
1986  3 18     6.09087922
1986  3 19     4.52284491
1986  3 20     3.94451956
1986  3 21     3.52159836
1986  3 22     3.19289825
1986  3 23     2.97459278
1986  3 24     2.82605430
1986  3 25     2.64017370
1986  3 26     2.50918641
1986  3 27     2.46678757
1986  3 28     2.42767130
1986  3 29     2.37284390
1986  3 30     2.25511246
1986  3 31     2.15591471
1986  4  1     2.69186940
1986  4  2     2.11541257
1986  4  3     1.92348046
1986  4  4     1.84286613
1986  4  5     1.79463062
1986  4  6     3.76725296
1986  4  7     2.88163584
1986  4  8     3.14108792
1986  4  9     2.31883555
1986  4 10     2.15386325
1986  4 11     1.97672031
1986  4 12     1.81935477
1986  4 13     1.65702448
1986  4 14     1.56330956
1986  4 15     1.50104362
1986  4 16     1.60262288
1986  4 17     1.39080630
1986  4 18     1.31187894
1986  4 19     1.28820545
1986  4 20     1.22115573
1986  4 21     1.17510944
1986  4 22     1.13442068
1986  4 23     1.11155669
1986  4 24     1.06459834
1986  4 25     1.02887886
1986  4 26     0.99690877
1986  4 27     0.96515540
1986  4 28     0.93426724
1986  4 29     0.90558231
1986  4 30     0.87829236
1986  5  1     0.85106954
1986  5  2     0.82561052
1986  5  3     0.80081508
1986  5  4     0.82031207
1986  5  5     0.76109539
1986  5  6     0.87319885
1986  5  7     0.73045650
1986  5  8     0.69115253
1986  5  9     0.66888098
1986  5 10     0.64803881
1986  5 11     0.62937844
1986  5 12     0.61095396
1986  5 13     0.59210814
1986  5 14     0.57386033
1986  5 15     0.55683062
1986  5 16     0.54007149
1986  5 17     0.52313099
1986  5 18     0.50709320
1986  5 19     0.49164303
1986  5 20     0.47756090
1986  5 21     0.46408292
1986  5 22     0.45178111
1986  5 23     0.43833499
1986  5 24     0.42503666
1986  5 25     0.41143564
1986  5 26     0.39875125
1986  5 27     0.38660769
1986  5 28     0.37483784
1986  5 29     0.36331560
1986  5 30     0.35200801
1986  5 31     0.34120883
1986  6  1     0.33137639
1986  6  2     0.32137866
1986  6  3     0.31229651
1986  6  4     0.30341891
1986  6  5     0.29448758
1986  6  6     0.28636010
1986  6  7     0.27779271
1986  6  8     0.26893998
1986  6  9     0.25975277
1986  6 10     0.25117029
1986  6 11     0.24350840
1986  6 12     0.23674309
1986  6 13     0.22970911
1986  6 14     0.22291210
1986  6 15     0.21642806
1986  6 16     0.21026797
1986  6 17     0.20385714
1986  6 18     0.19762636
1986  6 19     0.19260172
1986  6 20     0.18664334
1986  6 21     0.18023098
1986  6 22     0.17408582
1986  6 23     0.16883113
1986  6 24     0.16384826
1986  6 25     0.15901842
1986  6 26     0.15433095
1986  6 27     0.14978166
1986  6 28     0.14536647
1986  6 29     0.14108142
1986  6 30     0.13692270
1986  7  1     0.13288655
1986  7  2     0.12896939
1986  7  3     0.12516769
1986  7  4     0.12147806
1986  7  5     0.11789719
1986  7  6     0.11442187
1986  7  7     0.11104900
1986  7  8     0.10777555
1986  7  9     0.10459860
1986  7 10     0.10151529
1986  7 11     0.09852287
1986  7 12     0.09561866
1986  7 13     0.09280006
1986  7 14     0.09006455
1986  7 15     0.08740967
1986  7 16     0.08483305
1986  7 17     0.08233238
1986  7 18     0.07990543
1986  7 19     0.07755001
1986  7 20     0.07526403
1986  7 21     0.07304544
1986  7 22     0.09905121
1986  7 23     0.11353616
1986  7 24     0.07214844
1986  7 25     0.06480617
1986  7 26     0.06289572
1986  7 27     0.06104171
1986  7 28     0.05924235
1986  7 29     0.05749604
1986  7 30     0.05580119
1986  7 31     0.05415631
1986  8  1     0.05255992
1986  8  2     0.05101059
1986  8  3     0.04950692
1986  8  4     0.04804758
1986  8  5     0.04663126
1986  8  6     0.04525668
1986  8  7     0.04392263
1986  8  8     0.04262790
1986  8  9     0.04137133
1986  8 10     0.04015181
1986  8 11     0.03896823
1986  8 12     0.03781955
1986  8 13     0.03670472
1986  8 14     0.03562276
1986  8 15     0.03457269
1986  8 16     0.03355357
1986  8 17     0.03256449
1986  8 18     0.03160457
1986  8 19     0.03067295
1986  8 20     0.02976879
1986  8 21     0.02924061
1986  8 22     0.02809983
1986  8 23     0.02721310
1986  8 24     0.02641092
1986  8 25     0.02563239
1986  8 26     0.02487681
1986  8 27     0.02414351
1986  8 28     0.02343182
1986  8 29     0.02274110
1986  8 30     0.02207075
1986  8 31     0.02142016
1986  9  1     0.02078875
1986  9  2     0.02017595
1986  9  3     0.01958121
1986  9  4     0.01900401
1986  9  5     0.01844382
1986  9  6     0.01790014
1986  9  7     0.01737249
1986  9  8     0.01686039
1986  9  9     0.01636339
1986  9 10     0.01588103
1986  9 11     0.01541290
1986  9 12     0.01495857
1986  9 13     0.01451763
1986  9 14     0.01408968
1986  9 15     0.01367435
1986  9 16     0.01327127
1986  9 17     0.01288006
1986  9 18     0.03552209
1986  9 19     0.01517641
1986  9 20     0.01177436
1986  9 21     0.01142722
1986  9 22     0.01109037
1986  9 23     0.01475724
1986  9 24     0.54696729
1986  9 25     0.50694428
1986  9 26     0.07150110
1986  9 27     0.00987609
1986  9 28     0.00926786
1986  9 29     0.00899467
1986  9 30     0.00872953
1986 10  1     0.01417521
1986 10  2     0.07599968
1986 10  3     0.01823185
1986 10  4     0.00785932
1986 10  5     0.00751656
1986 10  6     0.00729499
1986 10  7     0.00707995
1986 10  8     0.00687125
1986 10  9     0.00897047
1986 10 10     0.00677219
1986 10 11     0.00628135
1986 10 12     0.00609618
1986 10 13     0.00591648
1986 10 14     0.00574208
1986 10 15     0.00557282
1986 10 16     0.00540855
1986 10 17     0.00524911
1986 10 18     0.00509438
1986 10 19     0.00494421
1986 10 20     0.00479847
1986 10 21     0.00465702
1986 10 22     0.00451975
1986 10 23     0.00438652
1986 10 24     0.00557460
1986 10 25     0.00430571
1986 10 26     0.00400993
1986 10 27     0.00389172
1986 10 28     0.00377701
1986 10 29     0.00366567
1986 10 30     0.00355761
1986 10 31     0.00345274
1986 11  1     0.00335097
1986 11  2     0.00325219
1986 11  3     0.00315632
1986 11  4     0.00306328
1986 11  5     0.00297298
1986 11  6     0.00288535
1986 11  7     0.00280029
1986 11  8     0.00271775
1986 11  9     0.00263764
1986 11 10     0.00255989
1986 11 11     0.00248443
1986 11 12     0.00241119
1986 11 13     0.00234012
1986 11 14     0.00227113
1986 11 15     0.00220419
1986 11 16     0.00213921
1986 11 17     0.05707999
1986 11 18     0.54155898
1986 11 19     0.40937826
1986 11 20     0.06592306
1986 11 21     0.00663555
1986 11 22     0.00875707
1986 11 23     0.00247630
1986 11 24     0.00168385
1986 11 25     0.00163420
1986 11 26     0.00158603
1986 11 27     0.00153927
1986 11 28     0.00149390
1986 11 29     0.01090406
1986 11 30     0.00250765
1986 12  1     0.00136567
1986 12  2     0.00132539
1986 12  3     0.00128632
1986 12  4     0.00124840
1986 12  5     0.01361492
1986 12  6     0.26211881
1986 12  7     0.55385581
1986 12  8     0.07891585
1986 12  9     0.00222976
1986 12 10     0.00106041
1986 12 11     0.00101250
1986 12 12     0.00098265
1986 12 13     0.00095369
1986 12 14     0.00092557
1986 12 15     0.00089829
1986 12 16     0.00087181
1986 12 17     0.00084611
1986 12 18     0.00082117
1986 12 19     0.00079696
1986 12 20     0.39707945
1986 12 21     0.06106519
1986 12 22     0.00224174
1986 12 23     0.01361910
1986 12 24     0.00214526
1986 12 25     0.00066603
1986 12 26     0.00064637
1986 12 27     0.00062731
1986 12 28     0.00060882
1986 12 29     0.00059087
1986 12 30     0.00057752
1986 12 31     0.00055719
1987  1  1     0.00054015
1987  1  2     0.00059665
1987  1  3     0.00052125
1987  1  4     1.03802643
1987  1  5     1.26312014
1987  1  6     0.47892131
1987  1  7     0.86844296
1987  1  8     0.17386284
1987  1  9     0.04703691
1987  1 10     0.02221952
1987  1 11     0.01187582
1987  1 12     0.00930612
1987  1 13     0.00890938
1987  1 14     0.00824217
1987  1 15     0.01071317
1987  1 16     0.00910918
1987  1 17     0.00851638
1987  1 18     0.00832504
1987  1 19     0.00704018
1987  1 20     0.00665188
1987  1 21     0.00628638
1987  1 22     0.00678124
1987  1 23     0.00917362
1987  1 24     0.01416719
1987  1 25     0.01154676
1987  1 26     0.01156185
1987  1 27     0.02312584
1987  1 28     0.83503285
1987  1 29     0.16316954
1987  1 30     0.04632503
1987  1 31     0.05201873
1987  2  1     0.04118770
1987  2  2     0.04053235
1987  2  3     0.10105664
1987  2  4     0.07416267
1987  2  5     0.04802830
1987  2  6     0.04760911
1987  2  7     0.05225648
1987  2  8     0.05421752
1987  2  9     0.05234759
1987  2 10     0.19200913
1987  2 11     0.17447540
1987  2 12     0.08827684
1987  2 13     3.48878720
1987  2 14     2.63844283
1987  2 15     1.31658573
1987  2 16     0.81118193
1987  2 17     0.56400128
1987  2 18     0.48486318
1987  2 19     0.43978438
1987  2 20     0.40289564
1987  2 21     0.37466422
1987  2 22     0.35107782
1987  2 23     0.39202434
1987  2 24     0.43909937
1987  2 25     0.32048327
1987  2 26     0.33623937
1987  2 27     0.34150051
1987  2 28     0.37124380
1987  3  1     0.38722922
1987  3  2     0.39880181
1987  3  3     0.42926437
1987  3  4     0.41358573
1987  3  5     0.99067707
1987  3  6     3.36176787
1987  3  7     2.46370351
1987  3  8     1.12851745
1987  3  9     0.86553702
1987  3 10     0.73451833
1987  3 11     0.64643813
1987  3 12     0.58985362
1987  3 13     1.19899136
1987  3 14     0.65021017
1987  3 15     5.01749567
1987  3 16     2.83202055
1987  3 17     1.35636214
1987  3 18     1.04365977
1987  3 19     0.87415071
1987  3 20     0.75327985
1987  3 21     1.59371065
1987  3 22     3.19080358
1987  3 23     1.33839680
1987  3 24     1.12184255
1987  3 25     0.99218097
1987  3 26     0.93971952
1987  3 27     1.00377330
1987  3 28     1.00565448
1987  3 29     0.93921546
1987  3 30     0.89959832
1987  3 31     0.89482570
1987  4  1     0.85851276
1987  4  2     0.82997395
1987  4  3     2.38034830
1987  4  4     1.38889233
1987  4  5     0.99063018
1987  4  6     0.90571290
1987  4  7     0.82134118
1987  4  8     0.76039403
1987  4  9     0.71681865
1987  4 10     0.72998955
1987  4 11     0.66921015
1987  4 12     0.61914926
1987  4 13     0.59041037
1987  4 14     0.56086775
1987  4 15     0.53681296
1987  4 16     0.51568958
1987  4 17     0.49630661
1987  4 18     0.47850441
1987  4 19     0.46216876
1987  4 20     0.44632463
1987  4 21     0.43110438
1987  4 22     0.41664496
1987  4 23     0.40293065
1987  4 24     0.39006310
1987  4 25     0.37753177
1987  4 26     0.36523870
1987  4 27     0.37115998
1987  4 28     0.34539618
1987  4 29     0.34365461
1987  4 30     0.34577139
1987  5  1     0.31565175
1987  5  2     0.30331628
1987  5  3     0.29390418
1987  5  4     0.28459018
1987  5  5     0.27562269
1987  5  6     0.26700825
1987  5  7     0.25893725
1987  5  8     0.25980909
1987  5  9     0.36678867
1987  5 10     0.25209761
1987  5 11     0.23637669
1987  5 12     0.22350832
1987  5 13     0.22008551
1987  5 14     0.21235461
1987  5 15     0.26209883
1987  5 16     0.26775351
1987  5 17     0.19969339
1987  5 18     0.18594856
1987  5 19     0.18048609
1987  5 20     0.17534499
1987  5 21     0.17225789
1987  5 22     0.16709259
1987  5 23     0.17951845
1987  5 24     0.16157940
1987  5 25     0.15134274
1987  5 26     0.14671837
1987  5 27     0.14203748
1987  5 28     0.13775691
1987  5 29     0.13367399
1987  5 30     0.12971987
1987  5 31     0.12588998
1987  6  1     0.12215521
1987  6  2     0.11854983
1987  6  3     0.11505348
1987  6  4     0.11166068
1987  6  5     0.10836931
1987  6  6     0.25689607
1987  6  7     0.12094072
1987  6  8     0.09920618
1987  6  9     0.09779415
1987  6 10     0.09359445
1987  6 11     0.09055509
1987  6 12     0.08789061
1987  6 13     0.08529505
1987  6 14     0.08278192
1987  6 15     0.08034176
1987  6 16     0.07797071
1987  6 17     0.07567182
1987  6 18     0.07344117
1987  6 19     0.07127627
1987  6 20     0.06917520
1987  6 21     0.06713606
1987  6 22     0.06515893
1987  6 23     0.06323672
1987  6 24     0.06137245
1987  6 25     0.05956308
1987  6 26     0.05780731
1987  6 27     0.05610325
1987  6 28     0.05444946
1987  6 29     0.05284442
1987  6 30     0.05128670
1987  7  1     0.04977490
1987  7  2     0.04830787
1987  7  3     0.04688368
1987  7  4     0.04550465
1987  7  5     0.04416056
1987  7  6     0.04285916
1987  7  7     0.04159523
1987  7  8     0.04036903
1987  7  9     0.03917906
1987  7 10     0.03802472
1987  7 11     0.03690331
1987  7 12     0.03581546
1987  7 13     0.03475971
1987  7 14     0.03373508
1987  7 15     0.03276327
1987  7 16     0.03328363
1987  7 17     0.03098150
1987  7 18     0.02993006
1987  7 19     0.02904759
1987  7 20     0.02819131
1987  7 21     0.02736030
1987  7 22     0.02655379
1987  7 23     0.02577105
1987  7 24     0.02501138
1987  7 25     0.02427411
1987  7 26     0.02355857
1987  7 27     0.02286412
1987  7 28     0.02219014
1987  7 29     0.02153610
1987  7 30     0.02090121
1987  7 31     0.02028509
1987  8  1     0.01968713
1987  8  2     0.01910680
1987  8  3     0.01854358
1987  8  4     0.01799696
1987  8  5     0.01746646
1987  8  6     0.01695159
1987  8  7     0.01645190
1987  8  8     0.01596694
1987  8  9     0.01549627
1987  8 10     0.01503948
1987  8 11     0.01459615
1987  8 12     0.01416590
1987  8 13     0.01374832
1987  8 14     0.01334305
1987  8 15     0.01294973
1987  8 16     0.01256801
1987  8 17     0.01219753
1987  8 18     0.01183798
1987  8 19     0.01148903
1987  8 20     0.01115036
1987  8 21     0.01082167
1987  8 22     0.01050268
1987  8 23     0.01019309
1987  8 24     0.00989262
1987  8 25     0.00961150
1987  8 26     0.00931970
1987  8 27     0.00904332
1987  8 28     0.00877675
1987  8 29     0.00851803
1987  8 30     0.00826694
1987  8 31     0.00802325
1987  9  1     0.00778675
1987  9  2     0.00755721
1987  9  3     0.00765266
1987  9  4     0.00717304
1987  9  5     0.00690842
1987  9  6     0.00670477
1987  9  7     0.00650713
1987  9  8     0.00631532
1987  9  9     0.00612916
1987  9 10     0.00594849
1987  9 11     0.00577314
1987  9 12     0.00560689
1987  9 13     0.00544334
1987  9 14     0.00527829
1987  9 15     0.00512194
1987  9 16     0.00497096
1987  9 17     0.00482443
1987  9 18     0.00468221
1987  9 19     0.00454419
1987  9 20     0.00441024
1987  9 21     0.00428024
1987  9 22     0.00415407
1987  9 23     0.00403162
1987  9 24     0.00391278
1987  9 25     0.00379744
1987  9 26     0.00368550
1987  9 27     0.00357686
1987  9 28     0.00347142
1987  9 29     0.00336909
1987  9 30     0.00326978
1987 10  1     0.00317340
1987 10  2     0.00307985
1987 10  3     0.00298907
1987 10  4     0.00290095
1987 10  5     0.00281544
1987 10  6     0.00273245
1987 10  7     0.00265190
1987 10  8     0.00257373
1987 10  9     0.00249787
1987 10 10     0.00242423
1987 10 11     0.00235277
1987 10 12     0.00232957
1987 10 13     0.00222398
1987 10 14     0.00215079
1987 10 15     0.00208739
1987 10 16     0.00202585
1987 10 17     0.00196614
1987 10 18     0.00190818
1987 10 19     0.00185193
1987 10 20     0.00179734
1987 10 21     0.00174436
1987 10 22     0.17425391
1987 10 23     0.12971086
1987 10 24     0.01499646
1987 10 25     0.02317415
1987 10 26     0.00404458
1987 10 27     0.01652933
1987 10 28     0.06477191
1987 10 29     0.59804879
1987 10 30     0.15462775
1987 10 31     0.03152756
1987 11  1     0.08937523
1987 11  2     0.14835769
1987 11  3     0.02032656
1987 11  4     0.06218335
1987 11  5     0.38063997
1987 11  6     0.16651237
1987 11  7     0.04764775
1987 11  8     0.00414252
1987 11  9     0.00098803
1987 11 10     0.00095884
1987 11 11     0.00093058
1987 11 12     0.00090315
1987 11 13     0.00087653
1987 11 14     0.14456777
1987 11 15     0.01868672
1987 11 16     0.00081228
1987 11 17     0.00634330
1987 11 18     0.01760922
1987 11 19     0.00274529
1987 11 20     0.00071094
1987 11 21     0.44390954
1987 11 22     0.07305980
1987 11 23     0.00149019
1987 11 24     0.00063077
1987 11 25     0.00061211
1987 11 26     0.00059407
1987 11 27     0.00057656
1987 11 28     0.00055956
1987 11 29     0.00054307
1987 11 30     0.00052706
1987 12  1     0.00051152
1987 12  2     0.00049645
1987 12  3     0.00048181
1987 12  4     0.00046761
1987 12  5     1.05116473
1987 12  6     0.17224618
1987 12  7     0.29525083
1987 12  8     0.05479515
1987 12  9     0.03274778
1987 12 10     0.00421435
1987 12 11     0.00041501
1987 12 12     0.12846077
1987 12 13     0.02139130
1987 12 14     0.00195778
1987 12 15     0.00161506
1987 12 16     0.01291939
1987 12 17     0.01212854
1987 12 18     0.00754173
1987 12 19     0.02254013
1987 12 20     0.00642122
1987 12 21     0.00506592
1987 12 22     0.01412763
1987 12 23     0.08106614
1987 12 24     0.01138862
1987 12 25     0.00257832
1987 12 26     0.00157478
1987 12 27     0.00154071
1987 12 28     0.09376690
1987 12 29     0.25233564
1987 12 30     0.14933033
1987 12 31     0.02916045
1988  1  1     0.00215883
1988  1  2     0.00275113
1988  1  3     0.04833601
1988  1  4     0.06483147
1988  1  5     3.45650912
1988  1  6     1.04543594
1988  1  7     0.31963298
1988  1  8     0.23411020
1988  1  9     0.20603832
1988  1 10     0.19496445
1988  1 11     0.58224461
1988  1 12     0.39747590
1988  1 13     0.24902571
1988  1 14     0.23304518
1988  1 15     0.44378070
1988  1 16     0.61700745
1988  1 17     3.75892458
1988  1 18     2.03496638
1988  1 19     0.85366593
1988  1 20     0.64569168
1988  1 21     0.56232915
1988  1 22     0.50701058
1988  1 23     0.46982303
1988  1 24     0.44810369
1988  1 25     0.43848670
1988  1 26     0.43892444
1988  1 27     0.44926406
1988  1 28     0.45854902
1988  1 29     0.44730156
1988  1 30     0.40608871
1988  1 31     0.38357477
1988  2  1     0.36061299
1988  2  2     0.34458581
1988  2  3     0.32888151
1988  2  4     0.31492811
1988  2  5     0.30314337
1988  2  6     0.29339254
1988  2  7     0.28672132
1988  2  8     0.28433695
1988  2  9     0.28334378
1988  2 10     0.28239910
1988  2 11     0.28341578
1988  2 12     0.28647722
1988  2 13     0.28749413
1988  2 14     0.28128391
1988  2 15     0.27874013
1988  2 16     0.27527300
1988  2 17     0.25966435
1988  2 18     0.25044691
1988  2 19     0.23801962
1988  2 20     0.24482005
1988  2 21     0.25304649
1988  2 22     0.24145270
1988  2 23     0.23321208
1988  2 24     0.23157322
1988  2 25     0.22633942
1988  2 26     0.22511073
1988  2 27     0.23390461
1988  2 28     0.73687160
1988  2 29     0.73663260
1988  3  1     1.93919249
1988  3  2     2.54636436
1988  3  3     0.99501735
1988  3  4     0.69877066
1988  3  5     0.61563987
1988  3  6     0.56072527
1988  3  7     0.50501329
1988  3  8     0.46370441
1988  3  9     0.43549415
1988  3 10     0.40126266
1988  3 11     0.37933652
1988  3 12     0.36131976
1988  3 13     0.34534947
1988  3 14     0.33184507
1988  3 15     0.32018682
1988  3 16     0.30876959
1988  3 17     0.29855493
1988  3 18     0.29509512
1988  3 19     0.29221855
1988  3 20     0.28118880
1988  3 21     0.27449689
1988  3 22     0.26195394
1988  3 23     0.25123804
1988  3 24     0.24372544
1988  3 25     0.23767040
1988  3 26     0.23429356
1988  3 27     0.22892946
1988  3 28     0.21332940
1988  3 29     0.20626232
1988  3 30     0.20064094
1988  3 31     0.19310690
1988  4  1     0.18930478
1988  4  2     0.17861091
1988  4  3     0.17225465
1988  4  4     0.16704311
1988  4  5     0.16181847
1988  4  6     0.15678467
1988  4  7     0.15205554
1988  4  8     0.14750858
1988  4  9     0.14310609
1988  4 10     0.13884115
1988  4 11     0.13470868
1988  4 12     0.13070374
1988  4 13     0.12682175
1988  4 14     0.58096254
1988  4 15     1.05180117
1988  4 16     0.39224016
1988  4 17     0.17726233
1988  4 18     0.17329854
1988  4 19     0.18209658
1988  4 20     6.17445285
1988  4 21     2.01191401
1988  4 22     2.39712123
1988  4 23     2.28041460
1988  4 24     1.46524851
1988  4 25     1.02181669
1988  4 26     0.86759369
1988  4 27     0.78232455
1988  4 28     0.70533384
1988  4 29     0.62958855
1988  4 30     0.57938224
1988  5  1     0.52277586
1988  5  2     0.48757524
1988  5  3     0.47377579
1988  5  4     0.47461996
1988  5  5     0.43380123
1988  5  6     1.37230861
1988  5  7     0.58816801
1988  5  8     0.52300104
1988  5  9     0.49905115
1988  5 10     0.43780056
1988  5 11     0.40425570
1988  5 12     0.38022547
1988  5 13     0.35949002
1988  5 14     0.34215121
1988  5 15     0.32721816
1988  5 16     0.31404740
1988  5 17     0.30674785
1988  5 18     0.30683486
1988  5 19     0.28306738
1988  5 20     0.27154442
1988  5 21     0.26242755
1988  5 22     0.25383021
1988  5 23     0.24563515
1988  5 24     0.23779998
1988  5 25     0.23027001
1988  5 26     0.22307948
1988  5 27     0.21618441
1988  5 28     0.20951623
1988  5 29     0.87936255
1988  5 30     0.34370248
1988  5 31     0.21723180
1988  6  1     0.19606137
1988  6  2     0.19012747
1988  6  3     0.18388575
1988  6  4     0.17766747
1988  6  5     0.17188697
1988  6  6     0.16642103
1988  6  7     0.16120271
1988  6  8     0.15620747
1988  6  9     0.15140359
1988  6 10     0.14677735
1988  6 11     0.14231650
1988  6 12     0.13801085
1988  6 13     0.13384459
1988  6 14     0.12980731
1988  6 15     0.12590507
1988  6 16     0.12213495
1988  6 17     0.11848787
1988  6 18     0.11495401
1988  6 19     0.11159402
1988  6 20     0.40681042
1988  6 21     0.14310605
1988  6 22     0.10190202
1988  6 23     0.09917691
1988  6 24     0.09617672
1988  6 25     0.09314615
1988  6 26     0.09036180
1988  6 27     0.08769052
1988  6 28     0.08509908
1988  6 29     0.08258423
1988  6 30     0.08014483
1988  7  1     0.07777836
1988  7  2     0.07548306
1988  7  3     0.07325359
1988  7  4     0.07109438
1988  7  5     0.06899414
1988  7  6     0.06695818
1988  7  7     0.06498222
1988  7  8     0.06306508
1988  7  9     0.06120493
1988  7 10     0.05939992
1988  7 11     0.05764920
1988  7 12     0.05594913
1988  7 13     0.05429788
1988  7 14     0.05269653
1988  7 15     0.05114274
1988  7 16     0.04963483
1988  7 17     0.04817146
1988  7 18     0.04675119
1988  7 19     0.04537341
1988  7 20     0.04403565
1988  7 21     0.04585243
1988  7 22     0.04187496
1988  7 23     0.06135457
1988  7 24     0.04351789
1988  7 25     0.03820784
1988  7 26     0.03679815
1988  7 27     0.03571296
1988  7 28     0.03466017
1988  7 29     0.03363847
1988  7 30     0.03265051
1988  7 31     0.03168512
1988  8  1     0.03075056
1988  8  2     0.02984411
1988  8  3     0.02896438
1988  8  4     0.02811058
1988  8  5     0.02728195
1988  8  6     0.02647775
1988  8  7     0.02569725
1988  8  8     0.02493976
1988  8  9     0.02420460
1988  8 10     0.02349111
1988  8 11     0.02279865
1988  8 12     0.02212660
1988  8 13     0.02147436
1988  8 14     0.02084135
1988  8 15     0.02022700
1988  8 16     0.01963076
1988  8 17     0.01905209
1988  8 18     0.01849048
1988  8 19     0.01794543
1988  8 20     0.01741644
1988  8 21     0.01690305
1988  8 22     0.01640479
1988  8 23     0.01592122
1988  8 24     0.01947855
1988  8 25     0.01554324
1988  8 26     0.07847361
1988  8 27     0.02378517
1988  8 28     0.03952621
1988  8 29     0.01742032
1988  8 30     0.01304138
1988  8 31     0.01264147
1988  9  1     0.01218140
1988  9  2     0.01180408
1988  9  3     0.01145613
1988  9  4     0.01111843
1988  9  5     0.01079069
1988  9  6     0.01047260
1988  9  7     0.01016390
1988  9  8     0.00986429
1988  9  9     0.00957352
1988  9 10     0.00929131
1988  9 11     0.00901743
1988  9 12     0.00875162
1988  9 13     0.00849364
1988  9 14     0.00824327
1988  9 15     0.00800028
1988  9 16     0.00776445
1988  9 17     0.00753557
1988  9 18     0.00731344
1988  9 19     0.00709786
1988  9 20     0.00688863
1988  9 21     0.04732120
1988  9 22     0.01180445
1988  9 23     0.00629736
1988  9 24     0.00611161
1988  9 25     0.00593145
1988  9 26     0.00575661
1988  9 27     0.00558692
1988  9 28     0.00542223
1988  9 29     0.00526240
1988  9 30     0.00510727
1988 10  1     0.00495672
1988 10  2     0.00481061
1988 10  3     0.00466881
1988 10  4     0.00453118
1988 10  5     0.00439761
1988 10  6     0.00426798
1988 10  7     0.00414217
1988 10  8     0.00402007
1988 10  9     0.00390157
1988 10 10     0.00378656
1988 10 11     0.00367494
1988 10 12     0.00356662
1988 10 13     0.00346148
1988 10 14     0.00335945
1988 10 15     0.00326042
1988 10 16     0.00316431
1988 10 17     0.00307103
1988 10 18     0.00298051
1988 10 19     0.00289265
1988 10 20     0.00280738
1988 10 21     0.00272463
1988 10 22     0.00264431
1988 10 23     0.00256636
1988 10 24     0.00249071
1988 10 25     0.00241729
1988 10 26     0.00234604
1988 10 27     0.00227688
1988 10 28     0.00220976
1988 10 29     0.00214463
1988 10 30     0.00208141
1988 10 31     0.00202005
1988 11  1     0.00226514
1988 11  2     0.00194285
1988 11  3     0.00184663
1988 11  4     0.00179219
1988 11  5     0.00173937
1988 11  6     0.00168809
1988 11  7     0.00163833
1988 11  8     0.00159004
1988 11  9     0.00154317
1988 11 10     0.00149768
1988 11 11     0.00145353
1988 11 12     0.22627053
1988 11 13     0.06558896
1988 11 14     0.98922668
1988 11 15     0.27744860
1988 11 16     0.02739812
1988 11 17     0.18459786
1988 11 18     0.06583963
1988 11 19     0.00573258
1988 11 20     0.00126966
1988 11 21     0.00134281
1988 11 22     0.00179363
1988 11 23     0.17047008
1988 11 24     0.29533657
1988 11 25     0.71551510
1988 11 26     0.36750606
1988 11 27     0.05536534
1988 11 28     0.00197365
1988 11 29     0.00097488
1988 11 30     0.00109851
1988 12  1     0.00147605
1988 12  2     0.00163260
1988 12  3     0.00167922
1988 12  4     0.00152156
1988 12  5     0.00135190
1988 12  6     0.00122416
1988 12  7     0.00108138
1988 12  8     0.00093027
1988 12  9     0.00092388
1988 12 10     0.00108660
1988 12 11     0.00092833
1988 12 12     0.00063223
1988 12 13     0.00057018
1988 12 14     0.00054327
1988 12 15     0.00052555
1988 12 16     0.03475611
1988 12 17     0.25812084
1988 12 18     0.03378926
1988 12 19     0.00910334
1988 12 20     0.00520928
1988 12 21     0.87779517
1988 12 22     0.16098993
1988 12 23     0.25228172
1988 12 24     0.93703208
1988 12 25     1.37122120
1988 12 26     0.31974019
1988 12 27     0.14492100
1988 12 28     0.15552952
1988 12 29     0.11169456
1988 12 30     0.08909964
1988 12 31     0.28481917
1989  1  1     0.11249249
1989  1  2     0.08690023
1989  1  3     0.08351139
1989  1  4     0.08416591
1989  1  5     0.41763136
1989  1  6     0.40746413
1989  1  7     0.15668523
1989  1  8     0.11052667
1989  1  9     0.10108879
1989  1 10     0.09614759
1989  1 11     0.13118150
1989  1 12     0.09101401
1989  1 13     0.08426238
1989  1 14     0.08172164
1989  1 15     0.07783301
1989  1 16     0.07506314
1989  1 17     0.07282834
1989  1 18     0.07335842
1989  1 19     0.07627413
1989  1 20     0.09879961
1989  1 21     0.09603071
1989  1 22     0.10074086
1989  1 23     0.09737619
1989  1 24     0.10270839
1989  1 25     0.07805120
1989  1 26     0.07830636
1989  1 27     0.08179844
1989  1 28     0.08130245
1989  1 29     0.07655824
1989  1 30     0.08352317
1989  1 31     0.09385091
1989  2  1     0.08042416
1989  2  2     0.12567667
1989  2  3     0.17689447
1989  2  4     0.46678748
1989  2  5     0.22799579
1989  2  6     0.16226694
1989  2  7     0.12194885
1989  2  8     0.11915226
1989  2  9     0.87448886
1989  2 10     0.29697954
1989  2 11     0.16159182
1989  2 12     0.21058265
1989  2 13     0.11918973
1989  2 14     0.12059391
1989  2 15     0.14561596
1989  2 16     0.18239468
1989  2 17     0.24006992
1989  2 18     0.29064794
1989  2 19     0.30235293
1989  2 20     0.31847795
1989  2 21     0.51316899
1989  2 22     0.65375916
1989  2 23     0.72071926
1989  2 24     0.59016271
1989  2 25     0.63712007
1989  2 26     0.62642332
1989  2 27     0.54011204
1989  2 28     0.48071243
1989  3  1     0.46198476
1989  3  2     9.93603593
1989  3  3     4.73626185
1989  3  4     2.07488362
1989  3  5     1.53521298
1989  3  6     1.32390940
1989  3  7     1.24956832
1989  3  8     1.33131154
1989  3  9     1.12124349
1989  3 10     1.02036823
1989  3 11     0.98489176
1989  3 12     0.92181256
1989  3 13     0.86915586
1989  3 14     0.80529312
1989  3 15     0.76748366
1989  3 16     0.86545340
1989  3 17     0.76718823
1989  3 18     0.69731615
1989  3 19     0.70386835
1989  3 20     0.72506888
1989  3 21     0.69603442
1989  3 22     0.69695676
1989  3 23     0.70079652
1989  3 24     0.74833062
1989  3 25     1.32019199
1989  3 26     3.92957917
1989  3 27     1.58651497
1989  3 28     1.16689259
1989  3 29     1.05949859
1989  3 30     0.95480644
1989  3 31     0.89773647
1989  4  1     0.89174756
1989  4  2     0.77698694
1989  4  3     0.72013067
1989  4  4     0.68738500
1989  4  5     0.68060389
1989  4  6     0.68132809
1989  4  7     0.67144464
1989  4  8     0.65238998
1989  4  9     0.65883511
1989  4 10     0.66427315
1989  4 11     0.65315374
1989  4 12     0.63657676
1989  4 13     0.55510198
1989  4 14     0.51450244
1989  4 15     0.48633215
1989  4 16     0.46302460
1989  4 17     0.44325009
1989  4 18     0.42583471
1989  4 19     0.41006436
1989  4 20     0.39551366
1989  4 21     0.38193976
1989  4 22     0.36924468
1989  4 23     0.35720521
1989  4 24     0.39493427
1989  4 25     0.43063163
1989  4 26     1.25256371
1989  4 27     0.48956767
1989  4 28     0.37932216
1989  4 29     0.34871158
1989  4 30     0.33012631
1989  5  1     0.31556238
1989  5  2     0.30282244
1989  5  3     0.29144986
1989  5  4     0.28106413
1989  5  5     0.27143153
1989  5  6     0.26236135
1989  5  7     0.25379724
1989  5  8     0.24564640
1989  5  9     0.23839149
1989  5 10     1.47638680
1989  5 11     0.75489298
1989  5 12     0.44704034
1989  5 13     0.40290560
1989  5 14     0.36438890
1989  5 15     0.51791450
1989  5 16     0.32924564
1989  5 17     0.32201642
1989  5 18     0.30078698
1989  5 19     0.27878394
1989  5 20     0.26180371
1989  5 21     0.24814249
1989  5 22     0.23671053
1989  5 23     0.22681679
1989  5 24     0.21804032
1989  5 25     0.21003135
1989  5 26     0.20259605
1989  5 27     0.19561849
1989  5 28     0.18909235
1989  5 29     0.18294917
1989  5 30     0.17706749
1989  5 31     0.17138564
1989  6  1     0.16594475
1989  6  2     0.16075600
1989  6  3     0.15593186
1989  6  4     0.15105416
1989  6  5     0.14643780
1989  6  6     0.14198383
1989  6  7     0.13767568
1989  6  8     0.13656471
1989  6  9     0.13005641
1989  6 10     0.12562975
1989  6 11     0.12187741
1989  6 12     0.11824274
1989  6 13     0.11472124
1989  6 14     0.11130871
1989  6 15     0.10800120
1989  6 16     0.10479498
1989  6 17     0.10168651
1989  6 18     0.09867245
1989  6 19     0.09574963
1989  6 20     0.09291500
1989  6 21     0.09016567
1989  6 22     0.08749888
1989  6 23     0.08491199
1989  6 24     0.08240245
1989  6 25     0.07996782
1989  6 26     0.07760576
1989  6 27     0.07531402
1989  6 28     0.07309043
1989  6 29     0.07093289
1989  6 30     0.06883938
1989  7  1     0.06680795
1989  7  2     0.06483672
1989  7  3     0.06292387
1989  7  4     0.06106764
1989  7  5     0.05926638
1989  7  6     0.05751829
1989  7  7     0.05582191
1989  7  8     0.05417593
1989  7  9     0.05257807
1989  7 10     0.05102761
1989  7 11     0.04952298
1989  7 12     0.04806276
1989  7 13     0.04664795
1989  7 14     0.04527180
1989  7 15     0.04393612
1989  7 16     0.04264202
1989  7 17     0.04138508
1989  7 18     0.04016245
1989  7 19     0.03897812
1989  7 20     0.03782914
1989  7 21     0.03671403
1989  7 22     0.03563180
1989  7 23     0.03458146
1989  7 24     0.03356208
1989  7 25     0.03257276
1989  7 26     0.03161259
1989  7 27     0.03068073
1989  7 28     0.02977634
1989  7 29     0.02889861
1989  7 30     0.02804675
1989  7 31     0.02722000
1989  8  1     0.02641762
1989  8  2     0.02563890
1989  8  3     0.02488313
1989  8  4     0.02414963
1989  8  5     0.02343776
1989  8  6     0.02274687
1989  8  7     0.02207635
1989  8  8     0.02142560
1989  8  9     0.02079402
1989  8 10     0.02018107
1989  8 11     0.01958618
1989  8 12     0.01900883
1989  8 13     0.01844850
1989  8 14     0.01790468
1989  8 15     0.01737689
1989  8 16     0.01686467
1989  8 17     0.01636754
1989  8 18     0.01588506
1989  8 19     0.01541681
1989  8 20     0.01496236
1989  8 21     0.01452131
1989  8 22     0.01409326
1989  8 23     0.01367782
1989  8 24     0.01327463
1989  8 25     0.01288333
1989  8 26     0.01250356
1989  8 27     0.01213499
1989  8 28     0.01177728
1989  8 29     0.01143011
1989  8 30     0.01109318
1989  8 31     0.01076618
1989  9  1     0.01044882
1989  9  2     0.01014082
1989  9  3     0.00984189
1989  9  4     0.00955178
1989  9  5     0.00927021
1989  9  6     0.00899695
1989  9  7     0.00873174
1989  9  8     0.00847435
1989  9  9     0.00822455
1989  9 10     0.00798211
1989  9 11     0.00774682
1989  9 12     0.00751846
1989  9 13     0.00729684
1989  9 14     0.00708174
1989  9 15     0.00687299
1989  9 16     0.03130607
1989  9 17     0.72356226
1989  9 18     0.10182497
1989  9 19     0.16127693
1989  9 20     0.02495893
1989  9 21     0.00574439
1989  9 22     0.00557423
1989  9 23     0.00540992
1989  9 24     0.00525045
1989  9 25     0.01683789
1989  9 26     0.00680970
1989  9 27     0.00485540
1989  9 28     0.00465821
1989  9 29     0.00452089
1989  9 30     0.00438763
1989 10  1     0.00425829
1989 10  2     0.00413277
1989 10  3     0.00401094
1989 10  4     0.00389271
1989 10  5     0.00377796
1989 10  6     0.00366660
1989 10  7     0.00355852
1989 10  8     0.00345362
1989 10  9     0.00335182
1989 10 10     0.00325301
1989 10 11     0.00315712
1989 10 12     0.00306406
1989 10 13     0.00297374
1989 10 14     0.00288608
1989 10 15     0.00280100
1989 10 16     0.00271844
1989 10 17     0.00263831
1989 10 18     0.00256053
1989 10 19     0.00248506
1989 10 20     0.00241180
1989 10 21     0.00234071
1989 10 22     0.05355253
1989 10 23     0.00875675
1989 10 24     0.02670966
1989 10 25     0.18287904
1989 10 26     0.08807663
1989 10 27     0.00980252
1989 10 28     0.00194155
1989 10 29     0.00185139
1989 10 30     0.00196774
1989 10 31     0.00177871
1989 11  1     0.00170637
1989 11  2     0.00163831
1989 11  3     0.00158643
1989 11  4     0.00153966
1989 11  5     0.00149428
1989 11  6     0.00145023
1989 11  7     0.00140748
1989 11  8     0.00136599
1989 11  9     0.00132573
1989 11 10     0.00128665
1989 11 11     0.00124872
1989 11 12     0.00121191
1989 11 13     0.00117619
1989 11 14     0.00114152
1989 11 15     0.00110787
1989 11 16     0.00107521
1989 11 17     0.00104352
1989 11 18     0.00101275
1989 11 19     0.00098290
1989 11 20     0.00095393
1989 11 21     0.00092581
1989 11 22     0.00089852
1989 11 23     0.00087203
1989 11 24     0.00084633
1989 11 25     0.07097731
1989 11 26     0.84085744
1989 11 27     0.12527440
1989 11 28     0.00446667
1989 11 29     0.00084629
1989 11 30     0.00070725
1989 12  1     0.00068640
1989 12  2     0.00066617
1989 12  3     0.00064653
1989 12  4     0.00062747
1989 12  5     0.00060898
1989 12  6     0.00059102
1989 12  7     0.00057360
1989 12  8     0.00055669
1989 12  9     0.00054028
1989 12 10     0.00052436
1989 12 11     0.00050890
1989 12 12     0.00049390
1989 12 13     0.00047934
1989 12 14     0.00046521
1989 12 15     0.00045150
1989 12 16     0.00043819
1989 12 17     0.00042527
1989 12 18     0.00041274
1989 12 19     0.00040057
1989 12 20     0.00038876
1989 12 21     0.00037730
1989 12 22     0.00036618
1989 12 23     0.00035539
1989 12 24     0.00034491
1989 12 25     0.00033474
1989 12 26     0.00032488
1989 12 27     0.00031530
1989 12 28     0.00030600
1989 12 29     0.00029698
1989 12 30     0.00028823
1989 12 31     0.00027973
1990  1  1     0.00198695
1990  1  2     0.95886521
1990  1  3     0.18433369
1990  1  4     0.03081217
1990  1  5     0.00493380
1990  1  6     0.00047393
1990  1  7     0.00038218
1990  1  8     0.00030949
1990  1  9     0.00022398
1990  1 10     0.00020740
1990  1 11     0.00021040
1990  1 12     0.00021996
1990  1 13     0.66307860
1990  1 14     0.52719253
1990  1 15     0.58237748
1990  1 16     0.32891077
1990  1 17     0.50063007
1990  1 18     0.09804581
1990  1 19     0.01233255
1990  1 20     0.00078231
1990  1 21     0.00034142
1990  1 22     0.00048983
1990  1 23     0.00038662
1990  1 24     0.00313606
1990  1 25     0.00146105
1990  1 26     0.00186621
1990  1 27     0.00128774
1990  1 28     0.00072693
1990  1 29     0.00083753
1990  1 30     0.03311577
1990  1 31     0.11369770
1990  2  1     0.23884457
1990  2  2     0.02953503
1990  2  3     0.00267991
1990  2  4     0.63427217
1990  2  5     0.19309427
1990  2  6     0.06172575
1990  2  7     0.35576573
1990  2  8     0.07075451
1990  2  9     0.01250538
1990  2 10     0.01228324
1990  2 11     0.02027041
1990  2 12     0.03266344
1990  2 13     0.01773145
1990  2 14     0.00894152
1990  2 15     0.00824165
1990  2 16     0.00959492
1990  2 17     0.81310614
1990  2 18     0.54694775
1990  2 19     0.14234059
1990  2 20     0.09661192
1990  2 21     0.11504289
1990  2 22     0.09905115
1990  2 23     0.10500780
1990  2 24     0.13436654
1990  2 25     0.13154817
1990  2 26     0.14434462
1990  2 27     0.17067474
1990  2 28     0.21003839
1990  3  1     0.22630369
1990  3  2     0.23370171
1990  3  3     0.92823907
1990  3  4     0.37872539
1990  3  5     1.54547613
1990  3  6     0.57016487
1990  3  7     0.41672506
1990  3  8     0.40157214
1990  3  9     0.36217373
1990  3 10     0.33234773
1990  3 11     1.57351696
1990  3 12     0.64839999
1990  3 13     0.47747602
1990  3 14     0.44127103
1990  3 15     0.40035326
1990  3 16     0.39567651
1990  3 17     0.43343913
1990  3 18     0.42409786
1990  3 19     0.41214523
1990  3 20     0.39588839
1990  3 21     0.37544299
1990  3 22     0.36571633
1990  3 23     0.34959211
1990  3 24     0.33924697
1990  3 25     0.32543692
1990  3 26     0.30991743
1990  3 27     0.29748253
1990  3 28     0.31179065
1990  3 29     0.36390635
1990  3 30     0.27900236
1990  3 31     0.26042817
1990  4  1     0.25337852
1990  4  2     0.24615474
1990  4  3     0.24079755
1990  4  4     0.23418537
1990  4  5     0.22406682
1990  4  6     0.21340911
1990  4  7     0.20090561
1990  4  8     0.33928171
1990  4  9     0.20626455
1990  4 10     0.18130857
1990  4 11     0.17554356
1990  4 12     0.17006528
1990  4 13     0.16478833
1990  4 14     0.15970121
1990  4 15     0.15480169
1990  4 16     0.15422549
1990  4 17     0.38464386
1990  4 18     0.17239589
1990  4 19     0.13737379
1990  4 20     0.13292582
1990  4 21     0.12938362
1990  4 22     0.12513676
1990  4 23     0.73624474
1990  4 24     0.49589137
1990  4 25     0.19394478
1990  4 26     0.16232962
1990  4 27     0.15422705
1990  4 28     0.14589066
1990  4 29     0.13895090
1990  4 30     0.13298135
1990  5  1     0.12769206
1990  5  2     0.12290463
1990  5  3     0.11849760
1990  5  4     0.11438796
1990  5  5     0.11052498
1990  5  6     0.10687221
1990  5  7     0.10340784
1990  5  8     0.10010980
1990  5  9     0.09694799
1990  5 10     0.09391614
1990  5 11     0.09100050
1990  5 12     0.08818901
1990  5 13     0.08548334
1990  5 14     0.08287318
1990  5 15     0.08035342
1990  5 16     0.07792078
1990  5 17     0.07556881
1990  5 18     0.07329250
1990  5 19     0.07109064
1990  5 20     0.06896026
1990  5 21     0.06689822
1990  5 22     0.06490137
1990  5 23     0.06321998
1990  5 24     0.58919769
1990  5 25     0.12909678
1990  5 26     0.05768807
1990  5 27     0.08196618
1990  5 28     3.17834659
1990  5 29     1.26748272
1990  5 30     0.53893805
1990  5 31     0.43934005
1990  6  1     0.37740756
1990  6  2     0.33051754
1990  6  3     0.29668942
1990  6  4     0.27142111
1990  6  5     0.25184908
1990  6  6     0.23613620
1990  6  7     0.22308644
1990  6  8     0.21191168
1990  6  9     0.20958221
1990  6 10     0.19519810
1990  6 11     0.18566841
1990  6 12     0.17830195
1990  6 13     0.17158567
1990  6 14     0.16534222
1990  6 15     0.15946380
1990  6 16     0.15390992
1990  6 17     0.14862337
1990  6 18     0.14361768
1990  6 19     0.13884385
1990  6 20     0.13428502
1990  6 21     0.12991235
1990  6 22     0.12575197
1990  6 23     0.12179124
1990  6 24     0.11795168
1990  6 25     0.11427436
1990  6 26     0.11074188
1990  6 27     0.10733971
1990  6 28     0.10406793
1990  6 29     0.10090979
1990  6 30     0.09785773
1990  7  1     0.09490675
1990  7  2     0.09205229
1990  7  3     0.08929013
1990  7  4     0.08661638
1990  7  5     0.08402744
1990  7  6     0.08152001
1990  7  7     0.07909073
1990  7  8     0.07673688
1990  7  9     0.07445565
1990  7 10     0.07224443
1990  7 11     0.07010074
1990  7 12     0.06802228
1990  7 13     0.06600681
1990  7 14     0.06405224
1990  7 15     0.06215655
1990  7 16     0.06031784
1990  7 17     0.05853425
1990  7 18     0.05680404
1990  7 19     0.05512552
1990  7 20     0.05349810
1990  7 21     0.05191710
1990  7 22     0.05038401
1990  7 23     0.04889663
1990  7 24     0.04745342
1990  7 25     0.04605301
1990  7 26     0.04469453
1990  7 27     0.04337638
1990  7 28     0.04209719
1990  7 29     0.04085406
1990  7 30     0.03964876
1990  7 31     0.03847940
1990  8  1     0.03734462
1990  8  2     0.03624359
1990  8  3     0.03517476
1990  8  4     0.03413907
1990  8  5     0.03313270
1990  8  6     0.03215618
1990  8  7     0.03120842
1990  8  8     0.03067660
1990  8  9     0.03040968
1990  8 10     0.02895848
1990  8 11     0.02772990
1990  8 12     0.02686864
1990  8 13     0.02608366
1990  8 14     0.02530906
1990  8 15     0.02456193
1990  8 16     0.02383790
1990  8 17     0.02313522
1990  8 18     0.02245325
1990  8 19     0.02179139
1990  8 20     0.02114903
1990  8 21     0.02052561
1990  8 22     0.01992057
1990  8 23     0.01933336
1990  8 24     0.01876346
1990  8 25     0.01821036
1990  8 26     0.01767356
1990  8 27     0.01715259
1990  8 28     0.01664697
1990  8 29     0.01615626
1990  8 30     0.01568001
1990  8 31     0.01521781
1990  9  1     0.01476922
1990  9  2     0.01433386
1990  9  3     0.01391134
1990  9  4     0.01350127
1990  9  5     0.01310328
1990  9  6     0.01271703
1990  9  7     0.01234216
1990  9  8     0.01197835
1990  9  9     0.01162526
1990  9 10     0.01128257
1990  9 11     0.01094999
1990  9 12     0.01062721
1990  9 13     0.01031395
1990  9 14     0.01000992
1990  9 15     0.00971485
1990  9 16     0.00942848
1990  9 17     0.00915055
1990  9 18     0.00888082
1990  9 19     0.01250852
1990  9 20     0.00958114
1990  9 21     0.04653162
1990  9 22     0.03585572
1990  9 23     0.01038322
1990  9 24     0.00742700
1990  9 25     0.00720352
1990  9 26     0.00699033
1990  9 27     0.00678427
1990  9 28     0.07748363
1990  9 29     0.01574011
1990  9 30     0.00620205
1990 10  1     0.00601902
1990 10  2     0.00584159
1990 10  3     0.00566940
1990 10  4     0.00550228
1990 10  5     0.00534008
1990 10  6     0.00518267
1990 10  7     0.00502990
1990 10  8     0.00488163
1990 10  9     0.00473773
1990 10 10     0.00459808
1990 10 11     0.00446254
1990 10 12     0.00433099
1990 10 13     0.00420332
1990 10 14     0.00407942
1990 10 15     0.00395917
1990 10 16     0.00384246
1990 10 17     0.00372920
1990 10 18     0.00361927
1990 10 19     0.00688727
1990 10 20     0.00387099
1990 10 21     0.00330856
1990 10 22     0.00321102
1990 10 23     0.00311637
1990 10 24     0.00302451
1990 10 25     0.00293535
1990 10 26     0.00284883
1990 10 27     0.00276485
1990 10 28     0.00268335
1990 10 29     0.00260425
1990 10 30     0.00252748
1990 10 31     0.00245298
1990 11  1     0.17024675
1990 11  2     0.02556799
1990 11  3     0.00234024
1990 11  4     0.00217629
1990 11  5     0.00211214
1990 11  6     0.00204988
1990 11  7     0.00198945
1990 11  8     0.00193081
1990 11  9     0.00187389
1990 11 10     0.00181865
1990 11 11     0.00176504
1990 11 12     0.00171301
1990 11 13     0.00166252
1990 11 14     0.00161351
1990 11 15     0.00156595
1990 11 16     0.00151979
1990 11 17     0.00147499
1990 11 18     0.00143151
1990 11 19     0.00138931
1990 11 20     0.14748399
1990 11 21     0.02087682
1990 11 22     0.00127050
1990 11 23     0.00123260
1990 11 24     0.00119627
1990 11 25     0.00116100
1990 11 26     0.48751141
1990 11 27     0.07855421
1990 11 28     0.00301785
1990 11 29     0.00108204
1990 11 30     0.00099968
1990 12  1     0.00097021
1990 12  2     0.00094161
1990 12  3     0.00091386
1990 12  4     0.00088692
1990 12  5     0.00086078
1990 12  6     0.00083540
1990 12  7     0.00081078
1990 12  8     0.00078688
1990 12  9     0.00076368
1990 12 10     0.00074117
1990 12 11     0.00071932
1990 12 12     0.03554141
1990 12 13     0.01673228
1990 12 14     0.00211526
1990 12 15     0.01017111
1990 12 16     0.06200947
1990 12 17     0.00806185
1990 12 18     0.00134097
1990 12 19     0.22191975
1990 12 20     0.10690218
1990 12 21     0.01547441
1990 12 22     0.00176793
1990 12 23     0.00123788
1990 12 24     0.00102063
1990 12 25     0.00084654
1990 12 26     0.00114679
1990 12 27     0.00396569
1990 12 28     0.00551180
1990 12 29     0.00423056
1990 12 30     0.00175057
1990 12 31     0.00319689
1991  1  1     0.00709803
1991  1  2     0.00793939
1991  1  3     0.20834869
1991  1  4     0.68540709
1991  1  5     0.12563936
1991  1  6     0.00492716
1991  1  7     0.00064028
1991  1  8     0.00061697
1991  1  9     0.00062530
1991  1 10     0.00137523
1991  1 11     0.00086279
1991  1 12     0.00086761
1991  1 13     0.00080831
1991  1 14     0.00100878
1991  1 15     0.00112065
1991  1 16     0.03335795
1991  1 17     0.00464376
1991  1 18     0.00044720
1991  1 19     0.00078763
1991  1 20     0.00031786
1991  1 21     0.00021094
1991  1 22     0.00020472
1991  1 23     0.00019868
1991  1 24     0.00019283
1991  1 25     0.00018714
1991  1 26     0.00018163
1991  1 27     0.00017627
1991  1 28     0.00017108
1991  1 29     0.00016603
1991  1 30     0.00016114
1991  1 31     0.00064165
1991  2  1     0.00023949
1991  2  2     0.00061235
1991  2  3     0.00586056
1991  2  4     0.00110366
1991  2  5     0.00126913
1991  2  6     0.00036222
1991  2  7     0.00014070
1991  2  8     0.00014281
1991  2  9     0.00015815
1991  2 10     0.00015854
1991  2 11     0.00013186
1991  2 12     0.00011153
1991  2 13     0.00011811
1991  2 14     0.00015173
1991  2 15     0.00020432
1991  2 16     0.00022320
1991  2 17     0.00017035
1991  2 18     0.00719551
1991  2 19     0.00102242
1991  2 20     0.00015707
1991  2 21     0.00021889
1991  2 22     0.00010319
1991  2 23     0.00007859
1991  2 24     0.00007627
1991  2 25     0.00007402
1991  2 26     0.00007184
1991  2 27     0.03786616
1991  2 28     0.48308069
1991  3  1     1.45481852
1991  3  2     1.20774435
1991  3  3     0.48222479
1991  3  4     2.91190405
1991  3  5     4.09732316
1991  3  6     1.12919611
1991  3  7     0.59374881
1991  3  8     0.50386324
1991  3  9     0.45143556
1991  3 10     0.41801646
1991  3 11     1.68758803
1991  3 12     0.67509224
1991  3 13     1.53141183
1991  3 14     0.95864435
1991  3 15     0.94107290
1991  3 16     0.62746019
1991  3 17     0.65601270
1991  3 18     3.44371292
1991  3 19     4.28420744
1991  3 20     3.41605509
1991  3 21     2.06015691
1991  3 22     1.27769394
1991  3 23     1.12352506
1991  3 24     1.41008574
1991  3 25     6.61255656
1991  3 26     3.10946298
1991  3 27     3.42072593
1991  3 28     1.86646461
1991  3 29     1.61339176
1991  3 30     1.90238725
1991  3 31     2.15933087
1991  4  1     2.44247700
1991  4  2     1.72022097
1991  4  3     1.66176087
1991  4  4     1.85486792
1991  4  5     1.95592205
1991  4  6     1.87296216
1991  4  7     1.57307894
1991  4  8     1.40093829
1991  4  9     1.35662624
1991  4 10     1.35550899
1991  4 11     1.13703207
1991  4 12     1.06896648
1991  4 13     1.08036631
1991  4 14     1.08760566
1991  4 15     1.08886028
1991  4 16     0.99674385
1991  4 17     0.93560078
1991  4 18     0.91905915
1991  4 19     0.94892770
1991  4 20     1.00791536
1991  4 21     1.01789248
1991  4 22     0.96810573
1991  4 23     0.99239496
1991  4 24     0.95041285
1991  4 25     0.97561216
1991  4 26     0.85323539
1991  4 27     0.84014193
1991  4 28     0.81990648
1991  4 29     0.82470010
1991  4 30     0.84714040
1991  5  1     0.82437937
1991  5  2     0.75208184
1991  5  3     0.69869306
1991  5  4     0.69139853
1991  5  5     0.71476181
1991  5  6     0.74064273
1991  5  7     0.70220345
1991  5  8     0.69330615
1991  5  9     0.64532138
1991  5 10     0.61365371
1991  5 11     0.59071265
1991  5 12     0.57819396
1991  5 13     0.58912499
1991  5 14     0.60316433
1991  5 15     0.54953980
1991  5 16     0.56002731
1991  5 17     0.54636075
1991  5 18     0.62563656
1991  5 19     0.49245819
1991  5 20     0.47350651
1991  5 21     0.48234710
1991  5 22     0.48781382
1991  5 23     0.50611680
1991  5 24     0.49295481
1991  5 25     0.46531638
1991  5 26     0.47528963
1991  5 27     0.46097489
1991  5 28     0.46259822
1991  5 29     0.46870122
1991  5 30     0.46346432
1991  5 31     0.42750988
1991  6  1     0.43552464
1991  6  2     0.45518699
1991  6  3     0.38228213
1991  6  4     0.34845785
1991  6  5     0.32621343
1991  6  6     0.30831663
1991  6  7     0.29375610
1991  6  8     0.28133141
1991  6  9     0.27034565
1991  6 10     0.26036296
1991  6 11     0.25112120
1991  6 12     0.24249421
1991  6 13     0.23440448
1991  6 14     0.22675234
1991  6 15     0.21939633
1991  6 16     0.21234822
1991  6 17     0.20558725
1991  6 18     0.19906852
1991  6 19     0.19288174
1991  6 20     0.18698528
1991  6 21     0.18119235
1991  6 22     0.17563086
1991  6 23     0.17026648
1991  6 24     0.16504620
1991  6 25     0.16007883
1991  6 26     0.15522112
1991  6 27     0.15398877
1991  6 28     0.14666283
1991  6 29     0.14252076
1991  6 30     0.13767897
1991  7  1     0.13347721
1991  7  2     0.12953828
1991  7  3     0.12571609
1991  7  4     0.12200710
1991  7  5     0.11840920
1991  7  6     0.11491522
1991  7  7     0.11152617
1991  7  8     0.10832579
1991  7  9     0.10505808
1991  7 10     0.10194664
1991  7 11     0.09894045
1991  7 12     0.09602303
1991  7 13     0.09319174
1991  7 14     0.09044503
1991  7 15     0.08777739
1991  7 16     0.08518928
1991  7 17     0.08267831
1991  7 18     0.08024026
1991  7 19     0.07787457
1991  7 20     0.07557879
1991  7 21     0.07335070
1991  7 22     0.07118832
1991  7 23     0.06908972
1991  7 24     0.06705299
1991  7 25     0.06507633
1991  7 26     0.06315794
1991  7 27     0.06129630
1991  7 28     0.05948920
1991  7 29     0.05773552
1991  7 30     0.05603357
1991  7 31     0.05438180
1991  8  1     0.06381186
1991  8  2     0.05323641
1991  8  3     0.04971300
1991  8  4     0.04824768
1991  8  5     0.04682529
1991  8  6     0.04544544
1991  8  7     0.04410535
1991  8  8     0.04280514
1991  8  9     0.04154335
1991  8 10     0.04031875
1991  8 11     0.03913026
1991  8 12     0.03800181
1991  8 13     0.03686115
1991  8 14     0.03577087
1991  8 15     0.03471644
1991  8 16     0.03369308
1991  8 17     0.03269989
1991  8 18     0.03173598
1991  8 19     0.03080048
1991  8 20     0.02989256
1991  8 21     0.02901140
1991  8 22     0.02815622
1991  8 23     0.02732624
1991  8 24     0.02652073
1991  8 25     0.02573897
1991  8 26     0.02498025
1991  8 27     0.02424389
1991  8 28     0.02352924
1991  8 29     0.02283566
1991  8 30     0.02216252
1991  8 31     0.02150922
1991  9  1     0.02087519
1991  9  2     0.02025984
1991  9  3     0.01966263
1991  9  4     0.01908302
1991  9  5     0.01852050
1991  9  6     0.08753458
1991  9  7     0.02564358
1991  9  8     0.01693068
1991  9  9     0.01643142
1991  9 10     0.01594707
1991  9 11     0.01547699
1991  9 12     0.01502076
1991  9 13     0.01457799
1991  9 14     0.01414826
1991  9 15     0.01373121
1991  9 16     0.01332645
1991  9 17     0.01293362
1991  9 18     0.01255237
1991  9 19     0.01218235
1991  9 20     0.01182325
1991  9 21     0.01147473
1991  9 22     0.01113648
1991  9 23     0.01080821
1991  9 24     0.01048961
1991  9 25     0.01854321
1991  9 26     0.01777980
1991  9 27     0.01051455
1991  9 28     0.00930642
1991  9 29     0.00903207
1991  9 30     0.00876583
1991 10  1     0.00850743
1991 10  2     0.00825665
1991 10  3     0.00801327
1991 10  4     0.00777706
1991 10  5     0.00754781
1991 10  6     0.00732532
1991 10  7     0.00710938
1991 10  8     0.00689982
1991 10  9     0.00669643
1991 10 10     0.00649903
1991 10 11     0.00630746
1991 10 12     0.00612153
1991 10 13     0.00594108
1991 10 14     0.00576595
1991 10 15     0.00559599
1991 10 16     0.00543103
1991 10 17     0.00527094
1991 10 18     0.00511557
1991 10 19     0.00496477
1991 10 20     0.00481842
1991 10 21     0.00467639
1991 10 22     0.00453854
1991 10 23     0.00452636
1991 10 24     0.00429055
1991 10 25     0.00414890
1991 10 26     0.20120903
1991 10 27     0.99153532
1991 10 28     0.16228449
1991 10 29     0.01230946
1991 10 30     0.00384882
1991 10 31     0.03962980
1991 11  1     0.01021207
1991 11  2     0.00624755
1991 11  3     0.00719285
1991 11  4     0.00382192
1991 11  5     0.00311621
1991 11  6     0.00303851
1991 11  7     0.00296665
1991 11  8     0.00290938
1991 11  9     0.00305744
1991 11 10     0.00347226
1991 11 11     0.00264083
1991 11 12     0.00242122
1991 11 13     0.00234985
1991 11 14     0.00230531
1991 11 15     0.00236332
1991 11 16     0.00217325
1991 11 17     0.08195761
1991 11 18     0.58868838
1991 11 19     0.07505911
1991 11 20     0.00194278
1991 11 21     0.00184963
1991 11 22     0.00179510
1991 11 23     0.00174219
1991 11 24     0.00169083
1991 11 25     0.00164215
1991 11 26     0.00159269
1991 11 27     0.00218580
1991 11 28     0.00744062
1991 11 29     0.00226876
1991 11 30     0.00365688
1991 12  1     0.00169129
1991 12  2     0.00133675
1991 12  3     0.00129164
1991 12  4     0.00125356
1991 12  5     0.00121661
1991 12  6     0.00118075
1991 12  7     0.00656058
1991 12  8     0.25091754
1991 12  9     0.04144640
1991 12 10     0.00156050
1991 12 11     0.00101668
1991 12 12     0.00098671
1991 12 13     0.00095763
1991 12 14     0.00092940
1991 12 15     0.00090200
1991 12 16     0.00087541
1991 12 17     0.00084961
1991 12 18     0.05775836
1991 12 19     0.04433952
1991 12 20     0.00587523
1991 12 21     0.00075389
1991 12 22     0.00073156
1991 12 23     0.00070999
1991 12 24     0.00068906
1991 12 25     0.00066875
1991 12 26     0.00064904
1991 12 27     0.00062991
1991 12 28     0.60960142
1991 12 29     0.16267380
1991 12 30     0.68643374
1991 12 31     0.10531741
1992  1  1     0.00592977
1992  1  2     0.00071355
1992  1  3     0.00248102
1992  1  4     0.09966310
1992  1  5     1.06871562
1992  1  6     0.96488464
1992  1  7     0.32494182
1992  1  8     0.15327511
1992  1  9     0.04713215
1992  1 10     0.01123471
1992  1 11     0.00909348
1992  1 12     0.00288360
1992  1 13     0.00134104
1992  1 14     0.00122303
1992  1 15     0.00116931
1992  1 16     0.00141607
1992  1 17     0.00126448
1992  1 18     0.00105100
1992  1 19     0.00099132
1992  1 20     0.00095706
1992  1 21     0.00109093
1992  1 22     0.00091686
1992  1 23     0.00085460
1992  1 24     0.00082505
1992  1 25     0.00096411
1992  1 26     0.00117218
1992  1 27     0.00081204
1992  1 28     0.00133187
1992  1 29     0.00083465
1992  1 30     0.00071852
1992  1 31     0.00073888
1992  2  1     0.00065859
1992  2  2     0.00061543
1992  2  3     0.00059438
1992  2  4     0.00057606
1992  2  5     0.00055840
1992  2  6     0.00652133
1992  2  7     0.06464889
1992  2  8     0.01649418
1992  2  9     0.00157171
1992  2 10     0.56148600
1992  2 11     0.76671145
1992  2 12     1.23761223
1992  2 13     2.63808430
1992  2 14     0.81904463
1992  2 15     3.43982767
1992  2 16     2.09738479
1992  2 17     1.59054084
1992  2 18     0.80795285
1992  2 19     0.64832408
1992  2 20     0.68994715
1992  2 21     0.62207139
1992  2 22     0.57666548
1992  2 23     0.55287011
1992  2 24     0.50855878
1992  2 25     0.49890366
1992  2 26     0.50409491
1992  2 27     0.50511621
1992  2 28     0.50793309
1992  2 29     0.49982496
1992  3  1     0.48327724
1992  3  2     0.47562673
1992  3  3     0.55756054
1992  3  4     0.59021267
1992  3  5     0.43020457
1992  3  6     1.79736445
1992  3  7     0.81674413
1992  3  8     1.24153861
1992  3  9     0.76244930
1992  3 10     0.61288661
1992  3 11     0.57110661
1992  3 12     0.52427776
1992  3 13     0.50226642
1992  3 14     0.47584713
1992  3 15     0.44598828
1992  3 16     0.43801701
1992  3 17     0.44117224
1992  3 18     0.39261127
1992  3 19     0.39433839
1992  3 20     0.44905653
1992  3 21     0.73469551
1992  3 22     1.40915660
1992  3 23     3.89228861
1992  3 24     1.51597520
1992  3 25     1.03094074
1992  3 26     0.88666245
1992  3 27     0.76050396
1992  3 28     0.69184354
1992  3 29     0.63044154
1992  3 30     0.77813466
1992  3 31     1.53188608
1992  4  1     0.84182284
1992  4  2     0.72530419
1992  4  3     0.65931833
1992  4  4     0.60067372
1992  4  5     0.55060281
1992  4  6     0.51453657
1992  4  7     0.48816721
1992  4  8     0.46850865
1992  4  9     0.45074442
1992  4 10     0.43507231
1992  4 11     0.41735915
1992  4 12     0.40204529
1992  4 13     0.39035268
1992  4 14     0.37594994
1992  4 15     0.36753122
1992  4 16     0.36668260
1992  4 17     0.35077789
1992  4 18     0.33008550
1992  4 19     0.31669933
1992  4 20     0.30408720
1992  4 21     0.29271259
1992  4 22     0.28261272
1992  4 23     0.27323731
1992  4 24     0.26434621
1992  4 25     0.25589843
1992  4 26     0.24782219
1992  4 27     0.24011731
1992  4 28     0.23271588
1992  4 29     0.22556003
1992  4 30     0.21868625
1992  5  1     0.21214385
1992  5  2     0.20573175
1992  5  3     0.19948282
1992  5  4     0.19347433
1992  5  5     0.19067974
1992  5  6     0.23622457
1992  5  7     0.22869531
1992  5  8     0.17795528
1992  5  9     0.16650333
1992  5 10     0.16150147
1992  5 11     0.15672346
1992  5 12     0.15208880
1992  5 13     0.14759288
1992  5 14     0.14323132
1992  5 15     0.13900013
1992  5 16     0.13489456
1992  5 17     0.13091129
1992  5 18     0.12704649
1992  5 19     0.12329646
1992  5 20     0.11965769
1992  5 21     0.11612680
1992  5 22     0.11270052
1992  5 23     0.10937569
1992  5 24     0.10615046
1992  5 25     0.10301826
1992  5 26     0.09997967
1992  5 27     0.09703128
1992  5 28     0.09417055
1992  5 29     0.09139334
1992  5 30     0.08869778
1992  5 31     0.08608249
1992  6  1     0.08354684
1992  6  2     0.08108202
1992  6  3     0.07868995
1992  6  4     0.07637073
1992  6  5     0.07412190
1992  6  6     0.07193446
1992  6  7     0.06981460
1992  6  8     0.06775410
1992  6  9     0.06575637
1992  6 10     0.06381817
1992  6 11     0.06193681
1992  6 12     0.06011081
1992  6 13     0.05833886
1992  6 14     0.05661975
1992  6 15     0.06163562
1992  6 16     0.05419233
1992  6 17     0.05175843
1992  6 18     0.05023264
1992  6 19     0.04875190
1992  6 20     0.04731482
1992  6 21     0.04592009
1992  6 22     0.04456648
1992  6 23     0.04325277
1992  6 24     0.05213256
1992  6 25     0.04205447
1992  6 26     0.03953949
1992  6 27     0.03837394
1992  6 28     0.03724277
1992  6 29     0.03614495
1992  6 30     0.03507948
1992  7  1     0.03404543
1992  7  2     0.03304185
1992  7  3     0.03206786
1992  7  4     0.03112258
1992  7  5     0.03020516
1992  7  6     0.02931479
1992  7  7     0.02845066
1992  7  8     0.02761201
1992  7  9     0.02684415
1992  7 10     0.03415917
1992  7 11     0.02622760
1992  7 12     0.26452176
1992  7 13     1.01621254
1992  7 14     0.14819475
1992  7 15     0.02699989
1992  7 16     0.03550364
1992  7 17     0.02354168
1992  7 18     0.02055177
1992  7 19     0.01994389
1992  7 20     0.01935426
1992  7 21     0.01878227
1992  7 22     0.01822734
1992  7 23     0.01768896
1992  7 24     0.01716660
1992  7 25     0.01665978
1992  7 26     0.01616801
1992  7 27     0.01569083
1992  7 28     0.01522780
1992  7 29     0.01477850
1992  7 30     0.01434250
1992  7 31     0.01391940
1992  8  1     0.01350882
1992  8  2     0.01311039
1992  8  3     0.01272373
1992  8  4     0.01234849
1992  8  5     0.01198435
1992  8  6     0.01163095
1992  8  7     0.01128800
1992  8  8     0.01095516
1992  8  9     0.01063215
1992  8 10     0.01031868
1992  8 11     0.01001445
1992  8 12     0.01062902
1992  8 13     0.00958971
1992  8 14     0.00915458
1992  8 15     0.00888469
1992  8 16     0.00862276
1992  8 17     0.00836856
1992  8 18     0.00812186
1992  8 19     0.00788243
1992  8 20     0.00765060
1992  8 21     0.00742456
1992  8 22     0.00720560
1992  8 23     0.00699320
1992  8 24     0.00678705
1992  8 25     0.00658699
1992  8 26     0.00639282
1992  8 27     0.00620438
1992  8 28     0.00602149
1992  8 29     0.00584399
1992  8 30     0.00567172
1992  8 31     0.00550453
1992  9  1     0.00534227
1992  9  2     0.00518480
1992  9  3     0.00503196
1992  9  4     0.00488363
1992  9  5     0.00473968
1992  9  6     0.00459996
1992  9  7     0.00446437
1992  9  8     0.00433277
1992  9  9     0.00420505
1992  9 10     0.00408109
1992  9 11     0.00396079
1992  9 12     0.00384404
1992  9 13     0.00373073
1992  9 14     0.00362075
1992  9 15     0.00351402
1992  9 16     0.00341044
1992  9 17     0.00330991
1992  9 18     0.00321234
1992  9 19     0.00311765
1992  9 20     0.00302575
1992  9 21     0.00293656
1992  9 22     0.00284999
1992  9 23     0.00276598
1992  9 24     0.00268445
1992  9 25     0.00260532
1992  9 26     0.00252852
1992  9 27     0.00245398
1992  9 28     0.00238165
1992  9 29     0.00231144
1992  9 30     0.00224331
1992 10  1     0.00217718
1992 10  2     0.00211300
1992 10  3     0.00205072
1992 10  4     0.00199027
1992 10  5     0.00193160
1992 10  6     0.00187466
1992 10  7     0.00181940
1992 10  8     0.00176577
1992 10  9     0.00171372
1992 10 10     0.00166320
1992 10 11     0.00161417
1992 10 12     0.00156659
1992 10 13     0.00152041
1992 10 14     0.00147559
1992 10 15     0.00143210
1992 10 16     0.00138988
1992 10 17     0.00134891
1992 10 18     0.00130915
1992 10 19     0.00127056
1992 10 20     0.00123311
1992 10 21     0.00292528
1992 10 22     0.00462065
1992 10 23     0.00156175
1992 10 24     0.01534359
1992 10 25     0.03181696
1992 10 26     0.00462062
1992 10 27     0.04549466
1992 10 28     0.09179670
1992 10 29     0.08496524
1992 10 30     1.44775180
1992 10 31     0.68243816
1992 11  1     0.09308948
1992 11  2     0.00249332
1992 11  3     0.00081111
1992 11  4     0.00078720
1992 11  5     0.00076399
1992 11  6     0.00074147
1992 11  7     0.00071962
1992 11  8     0.00069840
1992 11  9     0.00067782
1992 11 10     0.00065784
1992 11 11     0.00063845
1992 11 12     0.00061963
1992 11 13     0.00060136
1992 11 14     0.00058363
1992 11 15     0.00056643
1992 11 16     0.00054973
1992 11 17     0.00053353
1992 11 18     0.00051780
1992 11 19     0.00050254
1992 11 20     0.00048772
1992 11 21     0.00047335
1992 11 22     0.00045939
1992 11 23     0.00044585
1992 11 24     0.00043271
1992 11 25     0.00041995
1992 11 26     0.00040758
1992 11 27     0.00039556
1992 11 28     0.00038390
1992 11 29     0.00037258
1992 11 30     0.00036160
1992 12  1     0.00035094
1992 12  2     0.00034060
1992 12  3     0.05047751
1992 12  4     0.02575933
1992 12  5     0.01012334
1992 12  6     0.00724028
1992 12  7     1.72353141
1992 12  8     0.81703407
1992 12  9     0.12686596
1992 12 10     0.02334468
1992 12 11     0.82490389
1992 12 12     0.54952700
1992 12 13     0.12386304
1992 12 14     0.05661670
1992 12 15     0.04267468
1992 12 16     0.03950755
1992 12 17     0.08993643
1992 12 18     0.72249240
1992 12 19     0.14452609
1992 12 20     0.05857527
1992 12 21     0.04947210
1992 12 22     0.04674184
1992 12 23     0.04453480
1992 12 24     0.04252327
1992 12 25     0.04067714
1992 12 26     0.03897491
1992 12 27     0.03739828
1992 12 28     0.06230623
1992 12 29     1.29657090
1992 12 30     1.72402235
1992 12 31     0.48277179
1993  1  1     0.42739518
1993  1  2     3.19438283
1993  1  3     0.98899772
1993  1  4     0.57696026
1993  1  5     0.48270192
1993  1  6     0.47788762
1993  1  7     6.36250331
1993  1  8     5.78901587
1993  1  9     2.59071956
1993  1 10     2.73194185
1993  1 11     2.78603337
1993  1 12     2.06938988
1993  1 13     4.39839880
1993  1 14     4.78815906
1993  1 15     2.56531660
1993  1 16     2.19187475
1993  1 17     2.35987763
1993  1 18     5.32758718
1993  1 19     2.86124217
1993  1 20     1.94080277
1993  1 21     1.68261280
1993  1 22     1.88774981
1993  1 23     1.46121357
1993  1 24     1.34503875
1993  1 25     1.25125543
1993  1 26     1.17211105
1993  1 27     1.10809872
1993  1 28     1.05456645
1993  1 29     1.00091324
1993  1 30     0.95877160
1993  1 31     0.92089193
1993  2  1     0.88509645
1993  2  2     0.85262958
1993  2  3     0.82237636
1993  2  4     0.79482393
1993  2  5     0.78540703
1993  2  6     0.75877837
1993  2  7     0.73790464
1993  2  8     1.51948787
1993  2  9     5.61468669
1993  2 10     3.44261106
1993  2 11     1.79171164
1993  2 12     1.42685861
1993  2 13     1.22213968
1993  2 14     1.08002437
1993  2 15     0.97886618
1993  2 16     0.90652505
1993  2 17     0.85123485
1993  2 18     1.34694391
1993  2 19     4.29395015
1993  2 20     5.71234474
1993  2 21     3.54313529
1993  2 22     2.10574761
1993  2 23     6.59379032
1993  2 24     4.49109338
1993  2 25     2.42783994
1993  2 26     2.57868777
1993  2 27     2.28913948
1993  2 28     1.72590594
1993  3  1     1.46137327
1993  3  2     1.32693242
1993  3  3     1.26947944
1993  3  4     1.19167457
1993  3  5     1.19992164
1993  3  6     1.23563323
1993  3  7     1.25242792
1993  3  8     1.30240802
1993  3  9     1.30243077
1993  3 10     1.23948783
1993  3 11     1.18835677
1993  3 12     1.19711314
1993  3 13     1.23310313
1993  3 14     2.23520997
1993  3 15     1.40278285
1993  3 16     1.22106667
1993  3 17     2.00776444
1993  3 18     1.89898065
1993  3 19     1.40000192
1993  3 20     1.31252591
1993  3 21     1.23864442
1993  3 22     1.17866785
1993  3 23     1.15345359
1993  3 24     1.79836057
1993  3 25     4.08127667
1993  3 26     9.60552688
1993  3 27     7.38308643
1993  3 28     6.71160237
1993  3 29     3.74186334
1993  3 30     2.93702043
1993  3 31     2.46361011
1993  4  1     2.17509566
1993  4  2     1.89575042
1993  4  3     1.72866904
1993  4  4     1.63641087
1993  4  5     1.57795150
1993  4  6     1.52408619
1993  4  7     1.36433812
1993  4  8     1.32057193
1993  4  9     1.29192744
1993  4 10     1.24047824
1993  4 11     1.19450851
1993  4 12     1.13125040
1993  4 13     1.08538257
1993  4 14     1.05962735
1993  4 15     1.05864871
1993  4 16     1.03717936
1993  4 17     1.02131576
1993  4 18     1.17411410
1993  4 19     0.98907276
1993  4 20     0.96656498
1993  4 21     0.98997054
1993  4 22     0.97298826
1993  4 23     0.87458533
1993  4 24     0.83363434
1993  4 25     0.81644977
1993  4 26     0.82073604
1993  4 27     0.79546931
1993  4 28     0.79044621
1993  4 29     0.80709620
1993  4 30     0.79173691
1993  5  1     0.77295006
1993  5  2     0.76288961
1993  5  3     0.74113480
1993  5  4     0.70141378
1993  5  5     0.64250626
1993  5  6     0.65237894
1993  5  7     0.63537289
1993  5  8     0.60641365
1993  5  9     0.59523389
1993  5 10     0.62676683
1993  5 11     0.64931371
1993  5 12     0.53960536
1993  5 13     0.49298456
1993  5 14     0.46353812
1993  5 15     0.43983108
1993  5 16     0.41994942
1993  5 17     0.40263393
1993  5 18     0.38766855
1993  5 19     0.37382588
1993  5 20     0.36093466
1993  5 21     0.34906637
1993  5 22     0.33765754
1993  5 23     0.32619373
1993  5 24     0.31555669
1993  5 25     0.35669373
1993  5 26     0.31173273
1993  5 27     0.28870158
1993  5 28     0.27842118
1993  5 29     0.26967624
1993  5 30     0.26105348
1993  5 31     0.26528409
1993  6  1     0.29763944
1993  6  2     0.24560536
1993  6  3     0.23093241
1993  6  4     0.22399846
1993  6  5     2.19341196
1993  6  6     1.07768363
1993  6  7     0.50994273
1993  6  8     0.36502171
1993  6  9     0.33793207
1993  6 10     0.31102621
1993  6 11     0.28930945
1993  6 12     0.27233852
1993  6 13     0.25819767
1993  6 14     0.24605183
1993  6 15     0.23562927
1993  6 16     0.22636258
1993  6 17     0.21784651
1993  6 18     0.20987895
1993  6 19     0.20240099
1993  6 20     0.19545336
1993  6 21     0.18936368
1993  6 22     0.18297638
1993  6 23     0.17705473
1993  6 24     0.17142957
1993  6 25     0.16605130
1993  6 26     0.16088301
1993  6 27     0.15592097
1993  6 28     0.15114440
1993  6 29     0.14654565
1993  6 30     0.14208489
1993  7  1     0.13778041
1993  7  2     0.13363186
1993  7  3     0.12962002
1993  7  4     0.12573686
1993  7  5     0.12197712
1993  7  6     0.11833585
1993  7  7     0.11480952
1993  7  8     0.11139071
1993  7  9     0.10807833
1993  7 10     0.10486789
1993  7 11     0.10175560
1993  7 12     0.09873808
1993  7 13     0.09581210
1993  7 14     0.09297458
1993  7 15     0.09022260
1993  7 16     0.08755337
1993  7 17     0.08496421
1993  7 18     0.08245256
1993  7 19     0.08001597
1993  7 20     0.07765208
1993  7 21     0.07535863
1993  7 22     0.07313341
1993  7 23     0.07097434
1993  7 24     0.06887939
1993  7 25     0.06684659
1993  7 26     0.06487406
1993  7 27     0.06295997
1993  7 28     0.06110256
1993  7 29     0.05930025
1993  7 30     0.05755099
1993  7 31     0.05585356
1993  8  1     0.05420781
1993  8  2     0.05260845
1993  8  3     0.05105623
1993  8  4     0.04955061
1993  8  5     0.04808958
1993  8  6     0.04667200
1993  8  7     0.04529609
1993  8  8     0.04396198
1993  8  9     0.04266581
1993  8 10     0.04140862
1993  8 11     0.04018567
1993  8 12     0.03900016
1993  8 13     0.03785026
1993  8 14     0.03673449
1993  8 15     0.03565165
1993  8 16     0.03460073
1993  8 17     0.03358078
1993  8 18     0.03259090
1993  8 19     0.03163021
1993  8 20     0.03069783
1993  8 21     0.02979293
1993  8 22     0.02891471
1993  8 23     0.02806237
1993  8 24     0.02723517
1993  8 25     0.02643234
1993  8 26     0.02565318
1993  8 27     0.02489699
1993  8 28     0.02416309
1993  8 29     0.02345082
1993  8 30     0.02275955
1993  8 31     0.02208865
1993  9  1     0.02143753
1993  9  2     0.02080561
1993  9  3     0.02019231
1993  9  4     0.01959709
1993  9  5     0.01901942
1993  9  6     0.01845877
1993  9  7     0.01791465
1993  9  8     0.01738658
1993  9  9     0.01687406
1993  9 10     0.01637666
1993  9 11     0.01589391
1993  9 12     0.01542540
1993  9 13     0.01497070
1993  9 14     0.01452940
1993  9 15     0.01410111
1993  9 16     0.01368544
1993  9 17     0.01328203
1993  9 18     0.01289051
1993  9 19     0.01251053
1993  9 20     0.01214175
1993  9 21     0.01178384
1993  9 22     0.01143648
1993  9 23     0.01109936
1993  9 24     0.01077218
1993  9 25     0.01045464
1993  9 26     0.01014647
1993  9 27     0.00984738
1993  9 28     0.00955710
1993  9 29     0.00927538
1993  9 30     0.00900196
1993 10  1     0.00873661
1993 10  2     0.00847908
1993 10  3     0.00822913
1993 10  4     0.00798656
1993 10  5     0.00775114
1993 10  6     0.00752431
1993 10  7     0.00730116
1993 10  8     0.00708569
1993 10  9     0.00687682
1993 10 10     0.00667411
1993 10 11     0.23131889
1993 10 12     0.03429708
1993 10 13     0.00613354
1993 10 14     0.00615318
1993 10 15     0.00656582
1993 10 16     0.01801099
1993 10 17     0.18795725
1993 10 18     0.04282301
1993 10 19     0.00709037
1993 10 20     0.00494827
1993 10 21     0.00480236
1993 10 22     0.00466080
1993 10 23     0.00452341
1993 10 24     0.00439007
1993 10 25     0.00426066
1993 10 26     0.00413507
1993 10 27     0.00401318
1993 10 28     0.00389488
1993 10 29     0.00378007
1993 10 30     0.00366864
1993 10 31     0.00356050
1993 11  1     0.00345555
1993 11  2     0.00335368
1993 11  3     0.00325483
1993 11  4     0.00315888
1993 11  5     0.00306577
1993 11  6     0.00297539
1993 11  7     0.00288769
1993 11  8     0.00280257
1993 11  9     0.00271995
1993 11 10     0.00263978
1993 11 11     1.11345595
1993 11 12     0.53004534
1993 11 13     0.10303926
1993 11 14     0.22201184
1993 11 15     0.03454207
1993 11 16     0.00247016
1993 11 17     0.00214095
1993 11 18     0.00207784
1993 11 19     0.00201659
1993 11 20     0.00195714
1993 11 21     0.00189945
1993 11 22     0.00184769
1993 11 23     0.00178989
1993 11 24     0.00173638
1993 11 25     0.00168520
1993 11 26     0.00163552
1993 11 27     0.00158731
1993 11 28     0.00154052
1993 11 29     0.16332685
1993 11 30     0.97513108
1993 12  1     0.14547019
1993 12  2     0.00389780
1993 12  3     0.00137399
1993 12  4     0.00128736
1993 12  5     0.00124942
1993 12  6     0.00121259
1993 12  7     0.00117684
1993 12  8     0.00114215
1993 12  9     0.00110848
1993 12 10     0.00107581
1993 12 11     0.48778332
1993 12 12     1.03439799
1993 12 13     0.15391997
1993 12 14     0.22546216
1993 12 15     0.53085336
1993 12 16     0.10464004
1993 12 17     0.02425403
1993 12 18     0.01179946
1993 12 19     0.01033881
1993 12 20     0.00954147
1993 12 21     0.00946499
1993 12 22     0.00866448
1993 12 23     0.00848280
1993 12 24     0.00788415
1993 12 25     0.00750951
1993 12 26     0.02076869
1993 12 27     0.01042562
1993 12 28     0.00732829
1993 12 29     0.00684029
1993 12 30     0.00661176
1993 12 31     0.00630237
1994  1  1     0.00600404
1994  1  2     0.00582492
1994  1  3     0.00600327
1994  1  4     0.00575958
1994  1  5     0.02629936
1994  1  6     0.03082885
1994  1  7     0.00795792
1994  1  8     0.00498532
1994  1  9     0.00482194
1994  1 10     0.00428098
1994  1 11     0.00408095
1994  1 12     0.00395636
1994  1 13     0.00383476
1994  1 14     0.00419293
1994  1 15     0.00472268
1994  1 16     0.00407475
1994  1 17     0.00400050
1994  1 18     0.00492667
1994  1 19     0.00399761
1994  1 20     0.00329504
1994  1 21     0.00307134
1994  1 22     0.00296864
1994  1 23     0.38335648
1994  1 24     0.29704873
1994  1 25     1.04709727
1994  1 26     0.23301154
1994  1 27     0.24463492
1994  1 28     0.11584921
1994  1 29     0.09250747
1994  1 30     0.08665191
1994  1 31     0.08058169
1994  2  1     0.07556834
1994  2  2     0.07130333
1994  2  3     0.06758865
1994  2  4     0.63455909
1994  2  5     0.16600503
1994  2  6     0.09349966
1994  2  7     0.42294162
1994  2  8     2.53232551
1994  2  9     0.81524651
1994  2 10     0.40496454
1994  2 11     0.85952532
1994  2 12     0.41002816
1994  2 13     0.32001035
1994  2 14     0.29242015
1994  2 15     0.27056131
1994  2 16     0.26512687
1994  2 17     2.13902995
1994  2 18     1.64023480
1994  2 19     1.17198382
1994  2 20     3.54506037
1994  2 21     1.41342746
1994  2 22     0.95620346
1994  2 23     0.77418495
1994  2 24     0.66969871
1994  2 25     0.63809476
1994  2 26     0.60811140
1994  2 27     0.57393753
1994  2 28     0.56929168
1994  3  1     0.57445340
1994  3  2     0.59659993
1994  3  3     0.58857819
1994  3  4     0.59367036
1994  3  5     0.59699182
1994  3  6     2.87341800
1994  3  7     1.45875095
1994  3  8     0.95869128
1994  3  9     0.83530640
1994  3 10     0.76790339
1994  3 11     0.76182253
1994  3 12     0.65610455
1994  3 13     0.64164759
1994  3 14     0.65061750
1994  3 15     0.64181476
1994  3 16     0.59506879
1994  3 17     0.55039141
1994  3 18     0.52731109
1994  3 19     0.51443585
1994  3 20     0.49086155
1994  3 21     0.46620284
1994  3 22     0.47019125
1994  3 23     0.47662689
1994  3 24     0.44182634
1994  3 25     1.51535646
1994  3 26     0.69266366
1994  3 27     0.57809465
1994  3 28     0.53530276
1994  3 29     0.48978586
1994  3 30     0.45297925
1994  3 31     0.42586052
1994  4  1     0.40194483
1994  4  2     0.38778448
1994  4  3     0.37497867
1994  4  4     0.35393111
1994  4  5     0.33902814
1994  4  6     0.33027025
1994  4  7     0.31779490
1994  4  8     0.33775795
1994  4  9     0.76854723
1994  4 10     0.58964236
1994  4 11     0.36008170
1994  4 12     0.36481527
1994  4 13     0.36128022
1994  4 14     0.32992081
1994  4 15     0.29962477
1994  4 16     0.28271792
1994  4 17     0.26844863
1994  4 18     0.25630083
1994  4 19     0.24585698
1994  4 20     0.23660918
1994  4 21     0.22818300
1994  4 22     0.22044239
1994  4 23     0.21315860
1994  4 24     0.91971562
1994  4 25     1.09989860
1994  4 26     1.84694192
1994  4 27     2.83021660
1994  4 28     1.73295309
1994  4 29     1.05898456
1994  4 30     0.89460612
1994  5  1     0.71437103
1994  5  2     0.62959328
1994  5  3     0.56571728
1994  5  4     0.48680152
1994  5  5     0.43433624
1994  5  6     0.53607889
1994  5  7     1.13037547
1994  5  8     0.66280357
1994  5  9     0.54268477
1994  5 10     0.47923915
1994  5 11     0.42662482
1994  5 12     0.38646407
1994  5 13     0.35646393
1994  5 14     0.33337510
1994  5 15     0.31500091
1994  5 16     0.29984192
1994  5 17     0.48018131
1994  5 18     0.81119678
1994  5 19     0.74800940
1994  5 20     0.41886970
1994  5 21     0.38061935
1994  5 22     0.33835561
1994  5 23     0.30339762
1994  5 24     0.27812554
1994  5 25     0.26006156
1994  5 26     0.24506590
1994  5 27     0.23262126
1994  5 28     0.22238817
1994  5 29     0.21350061
1994  5 30     0.27778918
1994  5 31     0.42783162
1994  6  1     0.22006785
1994  6  2     0.18595556
1994  6  3     0.18000468
1994  6  4     0.17431881
1994  6  5     0.16887251
1994  6  6     0.16364359
1994  6  7     0.15863667
1994  6  8     0.15371695
1994  6  9     0.14903801
1994  6 10     0.14455080
1994  6 11     0.14021619
1994  6 12     0.13602107
1994  6 13     0.13195860
1994  6 14     0.12802347
1994  6 15     0.12421096
1994  6 16     0.12051623
1994  6 17     0.11693582
1994  6 18     0.11346698
1994  6 19     0.11009851
1994  6 20     0.10683490
1994  6 21     0.10367035
1994  6 22     0.10060129
1994  6 23     0.09762458
1994  6 24     0.09473722
1994  6 25     0.09193663
1994  6 26     0.08921950
1994  6 27     0.08658322
1994  6 28     0.08402623
1994  6 29     0.08154444
1994  6 30     0.07913687
1994  7  1     0.07680087
1994  7  2     0.07453419
1994  7  3     0.07233570
1994  7  4     0.07020137
1994  7  5     0.06812919
1994  7  6     0.06612007
1994  7  7     0.06416992
1994  7  8     0.06227683
1994  7  9     0.06044059
1994  7 10     0.05865942
1994  7 11     0.05692775
1994  7 12     0.05524864
1994  7 13     0.05362057
1994  7 14     0.05203823
1994  7 15     0.05050382
1994  7 16     0.04901571
1994  7 17     0.08070718
1994  7 18     0.05037151
1994  7 19     0.04480665
1994  7 20     0.04348532
1994  7 21     0.04220594
1994  7 22     0.04416990
1994  7 23     0.04032643
1994  7 24     0.03857957
1994  7 25     0.03744232
1994  7 26     0.03633862
1994  7 27     0.03526744
1994  7 28     0.03422785
1994  7 29     0.03321890
1994  7 30     0.03223969
1994  7 31     0.03128934
1994  8  1     0.03036701
1994  8  2     0.02947186
1994  8  3     0.02860311
1994  8  4     0.02775996
1994  8  5     0.02694166
1994  8  6     0.02614749
1994  8  7     0.02537673
1994  8  8     0.02462868
1994  8  9     0.02390940
1994  8 10     0.02319917
1994  8 11     0.02251428
1994  8 12     0.02185061
1994  8 13     0.02120651
1994  8 14     0.02058140
1994  8 15     0.01997471
1994  8 16     0.01938590
1994  8 17     0.01881445
1994  8 18     0.01825985
1994  8 19     0.01772160
1994  8 20     0.01719921
1994  8 21     0.01669222
1994  8 22     0.01620017
1994  8 23     0.01572263
1994  8 24     0.01525917
1994  8 25     0.01480937
1994  8 26     0.01437282
1994  8 27     0.01394915
1994  8 28     0.01353796
1994  8 29     0.01313890
1994  8 30     0.01275159
1994  8 31     0.01237571
1994  9  1     0.01201090
1994  9  2     0.01165685
1994  9  3     0.01131324
1994  9  4     0.01097975
1994  9  5     0.01065609
1994  9  6     0.01034198
1994  9  7     0.01003712
1994  9  8     0.00974125
1994  9  9     0.00945411
1994  9 10     0.00917542
1994  9 11     0.00890495
1994  9 12     0.00864246
1994  9 13     0.00838770
1994  9 14     0.00814045
1994  9 15     0.00790049
1994  9 16     0.00766760
1994  9 17     0.00744158
1994  9 18     0.00722222
1994  9 19     0.00700933
1994  9 20     0.00680271
1994  9 21     0.00660219
1994  9 22     0.00640757
1994  9 23     0.01363606
1994  9 24     0.06491373
1994  9 25     0.01283320
1994  9 26     0.00568497
1994  9 27     0.00551723
1994  9 28     0.02952441
1994  9 29     0.37397934
1994  9 30     0.07266818
1994 10  1     0.00673994
1994 10  2     0.00475064
1994 10  3     0.00461057
1994 10  4     0.03438805
1994 10  5     0.96510881
1994 10  6     0.16156249
1994 10  7     0.00605273
1994 10  8     0.00397000
1994 10  9     0.00385291
1994 10 10     0.00373933
1994 10 11     0.00362911
1994 10 12     0.00352213
1994 10 13     0.00341831
1994 10 14     0.00331754
1994 10 15     0.00321975
1994 10 16     0.00312484
1994 10 17     0.00303273
1994 10 18     0.00294333
1994 10 19     0.00285657
1994 10 20     0.00277236
1994 10 21     0.00269064
1994 10 22     0.00261133
1994 10 23     0.00253435
1994 10 24     0.00245965
1994 10 25     0.00238714
1994 10 26     0.00231677
1994 10 27     0.00224848
1994 10 28     0.00218220
1994 10 29     0.00211788
1994 10 30     0.00205545
1994 10 31     0.00199486
1994 11  1     0.00193605
1994 11  2     0.26628111
1994 11  3     0.04773376
1994 11  4     0.00263974
1994 11  5     0.00171772
1994 11  6     0.00166704
1994 11  7     0.00161790
1994 11  8     0.27775990
1994 11  9     0.03705348
1994 11 10     1.09779876
1994 11 11     0.22805877
1994 11 12     0.03169850
1994 11 13     0.00472575
1994 11 14     0.00157917
1994 11 15     0.00137535
1994 11 16     0.11161586
1994 11 17     0.09177384
1994 11 18     0.24613898
1994 11 19     0.04062413
1994 11 20     0.00329812
1994 11 21     0.00413453
1994 11 22     0.00645509
1994 11 23     0.00649252
1994 11 24     0.00788821
1994 11 25     0.05201672
1994 11 26     0.86399788
1994 11 27     0.18978604
1994 11 28     0.03351117
1994 11 29     0.00866014
1994 11 30     0.00874854
1994 12  1     0.01554411
1994 12  2     0.01286637
1994 12  3     0.01822354
1994 12  4     0.03020067
1994 12  5     0.01427362
1994 12  6     0.02511527
1994 12  7     0.06681003
1994 12  8     0.01037706
1994 12  9     0.00129680
1994 12 10     0.00152890
1994 12 11     0.00204621
1994 12 12     0.01996558
1994 12 13     0.44014657
1994 12 14     0.06503219
1994 12 15     0.06970993
1994 12 16     0.03537814
1994 12 17     0.01675951
1994 12 18     0.01609723
1994 12 19     0.02710848
1994 12 20     0.01499564
1994 12 21     0.01340529
1994 12 22     0.02533695
1994 12 23     0.01448557
1994 12 24     0.26721221
1994 12 25     1.90089777
1994 12 26     0.44173367
1994 12 27     0.18343284
1994 12 28     0.41707392
1994 12 29     0.45687769
1994 12 30     0.20828687
1994 12 31     0.16401327
1995  1  1     0.15250482
1995  1  2     0.14220824
1995  1  3     0.37702629
1995  1  4     0.87435166
1995  1  5     5.68525393
1995  1  6     1.96216069
1995  1  7     2.68657895
1995  1  8     1.22014092
1995  1  9     1.97735542
1995  1 10     4.84249888
1995  1 11     3.84388835
1995  1 12     3.48634081
1995  1 13     2.19609032
1995  1 14     1.94415774
1995  1 15     6.17400190
1995  1 16     3.89444527
1995  1 17     2.33652899
1995  1 18     1.81373936
1995  1 19     1.49329225
1995  1 20     1.28456097
1995  1 21     1.77599974
1995  1 22     1.30229309
1995  1 23     4.15852626
1995  1 24     3.18169620
1995  1 25     3.15475526
1995  1 26     5.82420253
1995  1 27     2.88876293
1995  1 28     2.14401237
1995  1 29     1.76166831
1995  1 30     1.50536432
1995  1 31     1.33004419
1995  2  1     1.22973591
1995  2  2     1.15454742
1995  2  3     1.09851988
1995  2  4     1.06684448
1995  2  5     1.04470458
1995  2  6     1.00129357
1995  2  7     0.96012607
1995  2  8     1.39091680
1995  2  9     1.03128482
1995  2 10     0.93951626
1995  2 11     0.90165508
1995  2 12     0.87596561
1995  2 13     0.84084102
1995  2 14     7.45691193
1995  2 15     2.98642559
1995  2 16     1.99396224
1995  2 17     1.65501386
1995  2 18     1.42354385
1995  2 19     1.27131900
1995  2 20     1.17247109
1995  2 21     1.09373320
1995  2 22     1.03418298
1995  2 23     0.98854999
1995  2 24     0.94752627
1995  2 25     0.90419452
1995  2 26     0.87122801
1995  2 27     0.84339304
1995  2 28     0.83224127
1995  3  1     0.89680315
1995  3  2     0.83866582
1995  3  3     1.27733925
1995  3  4     2.39371331
1995  3  5     4.44992670
1995  3  6     3.27610952
1995  3  7     1.98489042
1995  3  8     1.63982255
1995  3  9     2.15252904
1995  3 10    12.62357378
1995  3 11    21.38408452
1995  3 12     9.22471590
1995  3 13     5.51123728
1995  3 14     4.22466924
1995  3 15     3.39665743
1995  3 16     2.85095559
1995  3 17     2.46481429
1995  3 18     2.20936041
1995  3 19     2.02938738
1995  3 20     2.03783402
1995  3 21    10.84639302
1995  3 22     7.05842785
1995  3 23    13.81773955
1995  3 24     8.25370085
1995  3 25     5.18197260
1995  3 26     4.09318259
1995  3 27     3.45311197
1995  3 28     3.06110299
1995  3 29     2.73684003
1995  3 30     2.56437399
1995  3 31     2.41659492
1995  4  1     2.34424910
1995  4  2     2.18910044
1995  4  3     2.14495613
1995  4  4     2.15356939
1995  4  5     2.19447276
1995  4  6     2.15623456
1995  4  7     2.05969922
1995  4  8     1.95447090
1995  4  9     1.81488068
1995  4 10     1.72600109
1995  4 11     1.69484177
1995  4 12     1.71288282
1995  4 13     1.82059318
1995  4 14     1.82121376
1995  4 15     1.53287806
1995  4 16     2.21067063
1995  4 17     1.72218704
1995  4 18     2.42066715
1995  4 19     2.65947430
1995  4 20     2.00270814
1995  4 21     1.84563211
1995  4 22     1.63113954
1995  4 23     1.61440155
1995  4 24     1.58888566
1995  4 25     1.57415008
1995  4 26     1.45528619
1995  4 27     1.37657055
1995  4 28     1.34955218
1995  4 29     1.34436861
1995  4 30     3.82799813
1995  5  1     2.81337663
1995  5  2     4.77849597
1995  5  3     2.71150966
1995  5  4     2.18657507
1995  5  5     7.54968271
1995  5  6     8.33222995
1995  5  7     4.27400232
1995  5  8     3.25483035
1995  5  9     2.74001703
1995  5 10     2.43380674
1995  5 11     2.20680150
1995  5 12     2.11287104
1995  5 13     2.81021634
1995  5 14     3.17178716
1995  5 15     3.09914308
1995  5 16     2.24450513
1995  5 17     2.00690612
1995  5 18     1.85579380
1995  5 19     1.75679646
1995  5 20     1.64146387
1995  5 21     1.54971156
1995  5 22     1.45078844
1995  5 23     1.36720997
1995  5 24     1.41783445
1995  5 25     1.53095016
1995  5 26     1.28327864
1995  5 27     1.28800600
1995  5 28     1.25181298
1995  5 29     1.23533840
1995  5 30     1.23954105
1995  5 31     1.21290037
1995  6  1     1.18342722
1995  6  2     1.14303675
1995  6  3     1.06466464
1995  6  4     1.05738586
1995  6  5     1.03624123
1995  6  6     0.93485880
1995  6  7     0.87660102
1995  6  8     0.83488636
1995  6  9     0.83792671
1995  6 10     0.83095499
1995  6 11     0.74009293
1995  6 12     0.69647132
1995  6 13     0.66525183
1995  6 14     0.63805719
1995  6 15     0.99288822
1995  6 16     1.92768435
1995  6 17     0.93558442
1995  6 18     0.74678126
1995  6 19     0.68948000
1995  6 20     0.64077486
1995  6 21     0.60249921
1995  6 22     0.57103536
1995  6 23     0.54438383
1995  6 24     0.52084421
1995  6 25     0.50043429
1995  6 26     0.48216751
1995  6 27     0.47991891
1995  6 28     0.45156550
1995  6 29     0.43513511
1995  6 30     0.42105652
1995  7  1     0.40755630
1995  7  2     0.39468610
1995  7  3     0.38223043
1995  7  4     0.37016612
1995  7  5     0.35809268
1995  7  6     0.34681239
1995  7  7     0.33623709
1995  7  8     0.32608799
1995  7  9     0.31632439
1995  7 10     0.30691467
1995  7 11     0.29782495
1995  7 12     0.28923981
1995  7 13     0.28066995
1995  7 14     0.27208978
1995  7 15     0.26396979
1995  7 16     0.25614749
1995  7 17     0.27134142
1995  7 18     0.25325225
1995  7 19     0.23572807
1995  7 20     0.22715615
1995  7 21     0.22044783
1995  7 22     0.21392962
1995  7 23     0.20761017
1995  7 24     0.20147937
1995  7 25     0.19553102
1995  7 26     0.18975935
1995  7 27     0.18415894
1995  7 28     0.17872460
1995  7 29     0.17345128
1995  7 30     0.16833411
1995  7 31     0.16336840
1995  8  1     0.15854983
1995  8  2     0.15387327
1995  8  3     0.14933514
1995  8  4     0.14493116
1995  8  5     0.14065727
1995  8  6     0.13650961
1995  8  7     0.13248442
1995  8  8     0.12857805
1995  8  9     0.12478699
1995  8 10     0.12110781
1995  8 11     0.11753719
1995  8 12     0.11407192
1995  8 13     0.11070901
1995  8 14     0.10744560
1995  8 15     0.10427879
1995  8 16     0.10120550
1995  8 17     0.09822018
1995  8 18     0.09532432
1995  8 19     0.09251416
1995  8 20     0.08978915
1995  8 21     0.11167116
1995  8 22     0.13984190
1995  8 23     0.08821706
1995  8 24     0.07965821
1995  8 25     0.07730995
1995  8 26     0.07503104
1995  8 27     0.07281932
1995  8 28     0.07067278
1995  8 29     0.06858953
1995  8 30     0.06656768
1995  8 31     0.06460543
1995  9  1     0.06270102
1995  9  2     0.06085275
1995  9  3     0.06224838
1995  9  4     0.05772198
1995  9  5     0.05562847
1995  9  6     0.05398867
1995  9  7     0.05239722
1995  9  8     0.05085268
1995  9  9     0.04935367
1995  9 10     0.04789884
1995  9 11     0.04648690
1995  9 12     0.04511659
1995  9 13     0.04378666
1995  9 14     0.04249594
1995  9 15     0.04124326
1995  9 16     0.04002752
1995  9 17     0.03884760
1995  9 18     0.03770247
1995  9 19     0.03659110
1995  9 20     0.03551248
1995  9 21     0.03446566
1995  9 22     0.03344970
1995  9 23     0.03246369
1995  9 24     0.03150674
1995  9 25     0.03057800
1995  9 26     0.02967663
1995  9 27     0.02880184
1995  9 28     0.02795283
1995  9 29     0.02712885
1995  9 30     0.02632916
1995 10  1     0.02555305
1995 10  2     0.02479980
1995 10  3     0.02406877
1995 10  4     0.02335928
1995 10  5     0.02267071
1995 10  6     0.02200243
1995 10  7     0.02135385
1995 10  8     0.02072440
1995 10  9     0.02011349
1995 10 10     0.01952060
1995 10 11     0.01894518
1995 10 12     0.01838672
1995 10 13     0.01784473
1995 10 14     0.01731871
1995 10 15     0.01680820
1995 10 16     0.01631273
1995 10 17     0.01583187
1995 10 18     0.01536519
1995 10 19     0.01491226
1995 10 20     0.01447268
1995 10 21     0.01404607
1995 10 22     0.01363202
1995 10 23     0.01323018
1995 10 24     0.01284019
1995 10 25     0.01246169
1995 10 26     0.01209436
1995 10 27     0.01173784
1995 10 28     0.01139184
1995 10 29     0.01105604
1995 10 30     0.01073013
1995 10 31     0.01041384
1995 11  1     0.01010686
1995 11  2     0.01217395
1995 11  3     0.00983181
1995 11  4     0.00923918
1995 11  5     0.00896683
1995 11  6     0.00870251
1995 11  7     0.00844598
1995 11  8     0.00819701
1995 11  9     0.00795538
1995 11 10     0.00772088
1995 11 11     0.00749329
1995 11 12     0.00727240
1995 11 13     0.00705803
1995 11 14     0.00684998
1995 11 15     0.00664806
1995 11 16     0.00645209
1995 11 17     0.00626190
1995 11 18     0.00607731
1995 11 19     0.00589817
1995 11 20     0.00572430
1995 11 21     0.00555557
1995 11 22     0.00539180
1995 11 23     0.00523287
1995 11 24     0.00507861
1995 11 25     0.00492891
1995 11 26     0.00478362
1995 11 27     0.00464261
1995 11 28     0.00450576
1995 11 29     0.00437294
1995 11 30     0.00424403
1995 12  1     0.00411893
1995 12  2     0.00399751
1995 12  3     0.00387968
1995 12  4     0.00376531
1995 12  5     0.00365432
1995 12  6     0.00354660
1995 12  7     0.00344206
1995 12  8     0.00334059
1995 12  9     0.00324212
1995 12 10     0.00314655
1995 12 11     0.03556678
1995 12 12     0.93297843
1995 12 13     1.02298162
1995 12 14     0.90211530
1995 12 15     0.19535960
1995 12 16     0.06868810
1995 12 17     0.03493383
1995 12 18     0.00370946
1995 12 19     0.00240373
1995 12 20     0.00233287
1995 12 21     0.00226410
1995 12 22     0.00219736
1995 12 23     0.50763053
1995 12 24     0.08395554
1995 12 25     0.00397096
1995 12 26     0.00199945
1995 12 27     0.00198352
1995 12 28     0.00185172
1995 12 29     0.02507291
1995 12 30     0.04750666
1995 12 31     0.03986780
1996  1  1     0.00915354
1996  1  2     0.00203224
1996  1  3     0.00153452
1996  1  4     0.00148927
1996  1  5     0.00144537
1996  1  6     0.00140277
1996  1  7     0.00136142
1996  1  8     0.00132792
1996  1  9     0.00128372
1996  1 10     0.00170615
1996  1 11     0.00126668
1996  1 12     0.00117225
1996  1 13     0.00113769
1996  1 14     0.00111443
1996  1 15     0.00107322
1996  1 16     0.94056056
1996  1 17     1.03718835
1996  1 18     0.15975661
1996  1 19     1.27938955
1996  1 20     0.39671219
1996  1 21     0.94053546
1996  1 22     0.75159040
1996  1 23     0.41151650
1996  1 24     0.30958135
1996  1 25     1.75016861
1996  1 26     0.68545578
1996  1 27     0.73629729
1996  1 28     1.61445877
1996  1 29     0.67523851
1996  1 30     0.50900952
1996  1 31     1.29618592
1996  2  1     0.96658495
1996  2  2     0.61195162
1996  2  3     0.57285892
1996  2  4     0.80233925
1996  2  5     5.66373636
1996  2  6     2.72531315
1996  2  7     1.38096018
1996  2  8     1.11191907
1996  2  9     0.96734683
1996  2 10     0.85060343
1996  2 11     0.77073753
1996  2 12     0.70940715
1996  2 13     0.66528143
1996  2 14     0.62962678
1996  2 15     0.59899747
1996  2 16     0.59397944
1996  2 17     0.55125887
1996  2 18     0.52442053
1996  2 19     1.31338869
1996  2 20    14.77076864
1996  2 21     7.27792710
1996  2 22     6.04479687
1996  2 23     3.48343340
1996  2 24     2.64592782
1996  2 25     2.43940594
1996  2 26     2.12762366
1996  2 27     1.66511305
1996  2 28     1.49719304
1996  2 29     1.43219455
1996  3  1     1.53758656
1996  3  2     1.56936998
1996  3  3     1.68599459
1996  3  4     4.43094702
1996  3  5     6.50314530
1996  3  6     3.73524749
1996  3  7     2.57837558
1996  3  8     2.19441397
1996  3  9     1.94480836
1996  3 10     1.70419414
1996  3 11     1.52589585
1996  3 12     2.89924275
1996  3 13     5.96364868
1996  3 14     3.01741573
1996  3 15     2.31036513
1996  3 16     1.96750360
1996  3 17     1.71460897
1996  3 18     1.55433450
1996  3 19     1.42191703
1996  3 20     1.31870268
1996  3 21     1.25884954
1996  3 22     1.20339298
1996  3 23     1.10054913
1996  3 24     1.03957334
1996  3 25     0.99201271
1996  3 26     0.94943681
1996  3 27     0.91805232
1996  3 28     1.40415767
1996  3 29     1.25003534
1996  3 30     0.97438134
1996  3 31     0.94014578
1996  4  1     1.05225920
1996  4  2     3.33911259
1996  4  3     1.69800680
1996  4  4     1.40483126
1996  4  5     1.23445122
1996  4  6     1.12265447
1996  4  7     1.04672927
1996  4  8     0.99486822
1996  4  9     0.92449002
1996  4 10     0.83500796
1996  4 11     0.77081930
1996  4 12     0.74179934
1996  4 13     0.69641800
1996  4 14     0.68703403
1996  4 15     0.69499144
1996  4 16     1.39775880
1996  4 17     1.93574438
1996  4 18     2.40699709
1996  4 19     1.36740194
1996  4 20     1.17608458
1996  4 21     1.00610143
1996  4 22     0.88022550
1996  4 23     0.83892927
1996  4 24     0.81337755
1996  4 25     0.77730078
1996  4 26     0.76742449
1996  4 27     0.75403531
1996  4 28     0.72338726
1996  4 29     0.67183404
1996  4 30     0.58387314
1996  5  1     0.54377680
1996  5  2     0.51396802
1996  5  3     0.48632757
1996  5  4     0.46485347
1996  5  5     0.44593560
1996  5  6     0.42869376
1996  5  7     0.41319822
1996  5  8     0.39869915
1996  5  9     0.38497684
1996  5 10     0.37172538
1996  5 11     0.35888251
1996  5 12     0.34701778
1996  5 13     0.33566132
1996  5 14     0.32496898
1996  5 15     0.31490725
1996  5 16     0.83831823
1996  5 17     0.41414718
1996  5 18     0.29986192
1996  5 19     0.28716455
1996  5 20     0.27813351
1996  5 21     0.26878180
1996  5 22     0.25982144
1996  5 23     0.25205087
1996  5 24     0.24700342
1996  5 25     0.23691466
1996  5 26     0.23390528
1996  5 27     0.22239715
1996  5 28     0.21515992
1996  5 29     0.20838871
1996  5 30     0.20243693
1996  5 31     0.19605749
1996  6  1     0.18955638
1996  6  2     0.18378230
1996  6  3     0.17828750
1996  6  4     0.17298419
1996  6  5     0.16784966
1996  6  6     0.16288131
1996  6  7     0.15806394
1996  6  8     0.15339087
1996  6  9     0.14885753
1996  6 10     0.14445950
1996  6 11     0.14019257
1996  6 12     0.13605265
1996  6 13     0.13203709
1996  6 14     0.12813857
1996  6 15     0.12435631
1996  6 16     0.12068721
1996  6 17     0.11712569
1996  6 18     0.11367029
1996  6 19     0.11031697
1996  6 20     0.10706522
1996  6 21     0.10390664
1996  6 22     0.10084448
1996  6 23     0.09786750
1996  6 24     0.09498074
1996  6 25     0.09217908
1996  6 26     0.08946148
1996  6 27     0.12297362
1996  6 28     0.08932509
1996  6 29     0.08177920
1996  6 30     0.07936807
1996  7  1     0.07702818
1996  7  2     0.07475731
1996  7  3     0.07255375
1996  7  4     0.07041453
1996  7  5     0.06833870
1996  7  6     0.06632461
1996  7  7     0.06436892
1996  7  8     0.06247191
1996  7  9     0.06062975
1996  7 10     0.05884241
1996  7 11     0.13270998
1996  7 12     0.07657743
1996  7 13     0.05532888
1996  7 14     0.05220549
1996  7 15     0.05066584
1996  7 16     0.04917219
1996  7 17     0.04772271
1996  7 18     0.04631728
1996  7 19     0.04495074
1996  7 20     0.04362561
1996  7 21     0.04233964
1996  7 22     0.04109349
1996  7 23     0.03988034
1996  7 24     0.03870466
1996  7 25     0.03756375
1996  7 26     0.03645646
1996  7 27     0.03538182
1996  7 28     0.03433885
1996  7 29     0.03332662
1996  7 30     0.03234424
1996  7 31     0.03139081
1996  8  1     0.03046549
1996  8  2     0.02956744
1996  8  3     0.02869587
1996  8  4     0.02785000
1996  8  5     0.02702904
1996  8  6     0.02623229
1996  8  7     0.02545902
1996  8  8     0.02470855
1996  8  9     0.02398021
1996  8 10     0.02327333
1996  8 11     0.02707917
1996  8 12     0.02250501
1996  8 13     0.02127560
1996  8 14     0.02064814
1996  8 15     0.02003948
1996  8 16     0.01944877
1996  8 17     0.01887547
1996  8 18     0.01831907
1996  8 19     0.01777907
1996  8 20     0.01725498
1996  8 21     0.01674635
1996  8 22     0.01625271
1996  8 23     0.01577362
1996  8 24     0.01530865
1996  8 25     0.01485739
1996  8 26     0.01441943
1996  8 27     0.01399438
1996  8 28     0.01358186
1996  8 29     0.01318150
1996  8 30     0.01279295
1996  8 31     0.01241584
1996  9  1     0.01204985
1996  9  2     0.01169465
1996  9  3     0.01134992
1996  9  4     0.01101536
1996  9  5     0.01069065
1996  9  6     0.01037552
1996  9  7     0.01006967
1996  9  8     0.00977284
1996  9  9     0.00948477
1996  9 10     0.00920518
1996  9 11     0.00893383
1996  9 12     0.00867048
1996  9 13     0.00841490
1996  9 14     0.00816685
1996  9 15     0.00792611
1996  9 16     0.00769247
1996  9 17     0.00746571
1996  9 18     0.00724564
1996  9 19     0.00703206
1996  9 20     0.00682477
1996  9 21     0.00662360
1996  9 22     0.00642835
1996  9 23     0.00623886
1996  9 24     0.00605495
1996  9 25     0.00587647
1996  9 26     0.00570324
1996  9 27     0.00553512
1996  9 28     0.00537196
1996  9 29     0.00521361
1996  9 30     0.00505993
1996 10  1     0.00491077
1996 10  2     0.00491435
1996 10  3     0.00465104
1996 10  4     0.00448918
1996 10  5     0.00435685
1996 10  6     0.00422842
1996 10  7     0.00410377
1996 10  8     0.00398280
1996 10  9     0.00386540
1996 10 10     0.00375146
1996 10 11     0.00364088
1996 10 12     0.00353355
1996 10 13     0.00342939
1996 10 14     0.00332830
1996 10 15     0.00323019
1996 10 16     0.00313497
1996 10 17     0.00304256
1996 10 18     0.00295287
1996 10 19     0.00411766
1996 10 20     0.00294248
1996 10 21     0.00269937
1996 10 22     0.00261980
1996 10 23     0.00254257
1996 10 24     0.00628257
1996 10 25     0.02905283
1996 10 26     0.19259596
1996 10 27     0.02465439
1996 10 28     0.00219076
1996 10 29     0.01071028
1996 10 30     0.77277585
1996 10 31     0.40827536
1996 11  1     0.07347489
1996 11  2     0.00630256
1996 11  3     0.00406544
1996 11  4     0.00234150
1996 11  5     0.00496025
1996 11  6     0.00209374
1996 11  7     0.00162315
1996 11  8     0.00158917
1996 11  9     0.00159474
1996 11 10     0.00158138
1996 11 11     0.00153091
1996 11 12     0.00149812
1996 11 13     0.00142267
1996 11 14     0.00132558
1996 11 15     0.01572956
1996 11 16     0.00326704
1996 11 17     1.78592523
1996 11 18     1.05968251
1996 11 19     0.12471775
1996 11 20     0.25007148
1996 11 21     0.84193785
1996 11 22     3.27677971
1996 11 23     1.16623758
1996 11 24     0.39279329
1996 11 25     0.27454973
1996 11 26     0.23642771
1996 11 27     0.21693835
1996 11 28     0.20646098
1996 11 29     0.21165983
1996 11 30     0.18270699
1996 12  1     0.17113028
1996 12  2     0.16470106
1996 12  3     0.15567433
1996 12  4     0.14864168
1996 12  5     0.47580504
1996 12  6     0.98946288
1996 12  7     0.35116227
1996 12  8     0.24460239
1996 12  9     0.59246389
1996 12 10     4.86649962
1996 12 11     9.50020151
1996 12 12     3.86724284
1996 12 13     1.96421437
1996 12 14     1.54180169
1996 12 15     1.30020228
1996 12 16     1.13433518
1996 12 17     1.01498210
1996 12 18     0.92673232
1996 12 19     0.85868407
1996 12 20     0.80420640
1996 12 21     0.75911401
1996 12 22     3.95280761
1996 12 23     3.31707628
1996 12 24     1.67822298
1996 12 25     1.33149020
1996 12 26     1.15753712
1996 12 27     5.99589368
1996 12 28     2.86759595
1996 12 29     1.80781600
1996 12 30     2.50942502
1996 12 31     2.24847851
1997  1  1     2.31192716
1997  1  2     7.42510440
1997  1  3    16.60898396
1997  1  4     6.95203329
1997  1  5     6.38015934
1997  1  6     4.32379298
1997  1  7     3.29263419
1997  1  8     2.70387734
1997  1  9     2.28673128
1997  1 10     2.00132840
1997  1 11     1.79694993
1997  1 12     2.25638917
1997  1 13     5.33229166
1997  1 14     3.10602027
1997  1 15     4.92698652
1997  1 16     4.43163733
1997  1 17     2.89296022
1997  1 18     2.43376905
1997  1 19     2.09218319
1997  1 20     4.56369393
1997  1 21     5.37097400
1997  1 22     4.96124609
1997  1 23     8.18257806
1997  1 24     4.33192941
1997  1 25     7.13407768
1997  1 26    16.66814486
1997  1 27    11.27700808
1997  1 28     6.14286609
1997  1 29     4.75776172
1997  1 30     3.93581687
1997  1 31     3.37277496
1997  2  1     2.97906043
1997  2  2     2.71722855
1997  2  3     2.47983989
1997  2  4     2.31684449
1997  2  5     2.18376166
1997  2  6     2.07115545
1997  2  7     1.97572520
1997  2  8     1.89463727
1997  2  9     1.86400269
1997  2 10     1.75479178
1997  2 11     1.68698095
1997  2 12     1.62793540
1997  2 13     1.57225545
1997  2 14     1.51983329
1997  2 15     1.47459632
1997  2 16     1.43218430
1997  2 17     1.53895760
1997  2 18     1.56910906
1997  2 19     1.33876686
1997  2 20     1.29888702
1997  2 21     1.25344342
1997  2 22     1.20951313
1997  2 23     1.17061859
1997  2 24     1.20788533
1997  2 25     1.10667881
1997  2 26     1.06621673
1997  2 27     1.06015982
1997  2 28     1.25033357
1997  3  1     1.11579690
1997  3  2     0.98090750
1997  3  3     0.96699410
1997  3  4     0.92870954
1997  3  5     0.89637246
1997  3  6     0.87823866
1997  3  7     0.84325150
1997  3  8     0.81765394
1997  3  9     0.79942775
1997  3 10     0.78769782
1997  3 11     0.78279312
1997  3 12     0.78269753
1997  3 13     0.76121629
1997  3 14     0.73593989
1997  3 15     0.73000821
1997  3 16     0.71951301
1997  3 17     0.67763551
1997  3 18     0.66373489
1997  3 19     0.66086813
1997  3 20     0.66323788
1997  3 21     0.65264612
1997  3 22     0.67346610
1997  3 23     0.74597074
1997  3 24     0.56460031
1997  3 25     0.52267265
1997  3 26     0.50046716
1997  3 27     0.48062568
1997  3 28     0.46355993
1997  3 29     0.44755683
1997  3 30     0.43291642
1997  3 31     0.42936008
1997  4  1     0.40789280
1997  4  2     0.40331793
1997  4  3     0.38383777
1997  4  4     0.37014853
1997  4  5     0.35808946
1997  4  6     0.34721748
1997  4  7     0.33659762
1997  4  8     0.32631532
1997  4  9     0.31693850
1997  4 10     0.30768200
1997  4 11     0.29824642
1997  4 12     0.28888886
1997  4 13     0.27979057
1997  4 14     0.27100146
1997  4 15     0.26341139
1997  4 16     0.25406479
1997  4 17     0.24617566
1997  4 18     0.23881769
1997  4 19     0.23170054
1997  4 20     0.22497595
1997  4 21     0.21818160
1997  4 22     0.21172454
1997  4 23     0.20533515
1997  4 24     0.20014055
1997  4 25     0.19390594
1997  4 26     0.18770132
1997  4 27     0.18161533
1997  4 28     0.17664456
1997  4 29     0.17182850
1997  4 30     0.16668617
1997  5  1     0.16153338
1997  5  2     0.15687569
1997  5  3     0.15188398
1997  5  4     0.14707042
1997  5  5     0.14251596
1997  5  6     0.13828103
1997  5  7     0.13419064
1997  5  8     0.13021537
1997  5  9     0.12637448
1997  5 10     0.12265034
1997  5 11     0.11903396
1997  5 12     0.11552845
1997  5 13     0.11211946
1997  5 14     0.10881370
1997  5 15     0.10560607
1997  5 16     0.10249300
1997  5 17     0.09947175
1997  5 18     0.09653947
1997  5 19     0.09369368
1997  5 20     0.09136622
1997  5 21     0.08832667
1997  5 22     0.08565007
1997  5 23     0.08312505
1997  5 24     0.08067484
1997  5 25     0.07829676
1997  5 26     0.07598858
1997  5 27     0.07374859
1997  5 28     0.07157466
1997  5 29     0.06946482
1997  5 30     0.06741717
1997  5 31     0.06542988
1997  6  1     0.06350117
1997  6  2     0.06162931
1997  6  3     0.05981263
1997  6  4     0.05804950
1997  6  5     0.05633835
1997  6  6     0.05986737
1997  6  7     0.05400519
1997  6  8     0.05150165
1997  6  9     0.04998348
1997  6 10     0.04851009
1997  6 11     0.04708014
1997  6 12     0.04569233
1997  6 13     0.04434544
1997  6 14     0.04415358
1997  6 15     0.04208846
1997  6 16     0.04056126
1997  6 17     0.03934335
1997  6 18     0.03818361
1997  6 19     0.03705805
1997  6 20     0.03596567
1997  6 21     0.03490549
1997  6 22     0.03387656
1997  6 23     0.03287797
1997  6 24     0.03190881
1997  6 25     0.03096821
1997  6 26     0.03005535
1997  6 27     0.02916939
1997  6 28     0.02830955
1997  6 29     0.02747505
1997  6 30     0.02666516
1997  7  1     0.02587914
1997  7  2     0.02511628
1997  7  3     0.02437592
1997  7  4     0.02365738
1997  7  5     0.02296002
1997  7  6     0.02228321
1997  7  7     0.02162636
1997  7  8     0.02098887
1997  7  9     0.02037017
1997  7 10     0.01976970
1997  7 11     0.01918694
1997  7 12     0.01862136
1997  7 13     0.01807245
1997  7 14     0.01753972
1997  7 15     0.01702269
1997  7 16     0.01652090
1997  7 17     0.01603391
1997  7 18     0.01556127
1997  7 19     0.01510256
1997  7 20     0.01465738
1997  7 21     0.01422531
1997  7 22     0.03801113
1997  7 23     0.22067985
1997  7 24     0.03876664
1997  7 25     0.01262234
1997  7 26     0.01224869
1997  7 27     0.01188763
1997  7 28     0.01153722
1997  7 29     0.01119713
1997  7 30     0.01185682
1997  7 31     0.01071756
1997  8  1     0.01023584
1997  8  2     0.00993411
1997  8  3     0.00964128
1997  8  4     0.00935708
1997  8  5     0.00908125
1997  8  6     0.00881356
1997  8  7     0.00855376
1997  8  8     0.00830162
1997  8  9     0.00805691
1997  8 10     0.00781941
1997  8 11     0.00758891
1997  8 12     0.00736521
1997  8 13     0.00714810
1997  8 14     0.00693739
1997  8 15     0.00673290
1997  8 16     0.00653443
1997  8 17     0.00634181
1997  8 18     0.00615487
1997  8 19     0.00597344
1997  8 20     0.00579735
1997  8 21     0.00562646
1997  8 22     0.00546061
1997  8 23     0.00529964
1997  8 24     0.00514342
1997  8 25     0.00499181
1997  8 26     0.00484466
1997  8 27     0.00470185
1997  8 28     0.00456325
1997  8 29     0.00442874
1997  8 30     0.00429819
1997  8 31     0.00417149
1997  9  1     0.00404853
1997  9  2     0.08639642
1997  9  3     0.08240246
1997  9  4     0.02966337
1997  9  5     0.00577015
1997  9  6     0.05327369
1997  9  7     0.00961448
1997  9  8     0.00328364
1997  9  9     0.00318671
1997  9 10     0.00309277
1997  9 11     0.00300160
1997  9 12     0.00291312
1997  9 13     0.00282725
1997  9 14     0.00274391
1997  9 15     0.00266303
1997  9 16     0.00258453
1997  9 17     0.00250834
1997  9 18     0.00243440
1997  9 19     0.00236264
1997  9 20     0.00229300
1997  9 21     0.00222541
1997  9 22     0.00215981
1997  9 23     0.00209614
1997  9 24     0.00203435
1997  9 25     0.00197438
1997  9 26     0.06477635
1997  9 27     0.00910618
1997  9 28     0.00180505
1997  9 29     0.00175168
1997  9 30     0.00170004
1997 10  1     0.00164993
1997 10  2     0.00160129
1997 10  3     0.00155409
1997 10  4     0.00150828
1997 10  5     0.00146382
1997 10  6     0.00142067
1997 10  7     0.00137879
1997 10  8     0.00133815
1997 10  9     0.00129870
1997 10 10     0.03771961
1997 10 11     0.56534233
1997 10 12     0.09438176
1997 10 13     0.00267074
1997 10 14     0.00111826
1997 10 15     0.00108528
1997 10 16     0.00105329
1997 10 17     0.00102224
1997 10 18     0.00099211
1997 10 19     0.00096287
1997 10 20     0.00093448
1997 10 21     0.00200663
1997 10 22     0.00103206
1997 10 23     0.00085426
1997 10 24     0.00082908
1997 10 25     0.00080464
1997 10 26     0.00078092
1997 10 27     0.00075790
1997 10 28     0.00073556
1997 10 29     0.00071387
1997 10 30     0.00069283
1997 10 31     0.00067241
1997 11  1     0.00065259
1997 11  2     0.00063335
1997 11  3     0.00061468
1997 11  4     0.00059656
1997 11  5     0.00057898
1997 11  6     0.00056191
1997 11  7     0.00054535
1997 11  8     0.00052927
1997 11  9     0.00051367
1997 11 10     0.12196672
1997 11 11     1.00147396
1997 11 12     0.23543671
1997 11 13     0.33541038
1997 11 14     0.37577015
1997 11 15     0.11597764
1997 11 16     0.05128957
1997 11 17     0.00730109
1997 11 18     0.00054448
1997 11 19     0.12137018
1997 11 20     0.19379815
1997 11 21     0.02154331
1997 11 22     0.00110727
1997 11 23     0.00072852
1997 11 24     0.00050835
1997 11 25     0.00052945
1997 11 26     0.67162397
1997 11 27     0.97111574
1997 11 28     0.13368335
1997 11 29     0.00277793
1997 11 30     0.04052484
1997 12  1     0.11550185
1997 12  2     0.01875334
1997 12  3     0.00050699
1997 12  4     0.00024314
1997 12  5     0.15592029
1997 12  6     1.56511922
1997 12  7     0.42740077
1997 12  8     1.29348578
1997 12  9     0.62570290
1997 12 10     0.18418758
1997 12 11     0.11234284
1997 12 12     0.09770914
1997 12 13     0.09168340
1997 12 14     0.09027402
1997 12 15     0.40318648
1997 12 16     0.15367815
1997 12 17     0.12134619
1997 12 18     0.11614654
1997 12 19     0.10894715
1997 12 20     0.10260742
1997 12 21     0.11234225
1997 12 22     0.09849627
1997 12 23     0.08919843
1997 12 24     0.08502114
1997 12 25     0.08157448
1997 12 26     0.07838082
1997 12 27     0.07540396
1997 12 28     0.07261613
1997 12 29     0.07059396
1997 12 30     0.06923372
1997 12 31     0.06708510
1998  1  1     0.06369378
1998  1  2     0.15341496
1998  1  3     0.18518697
1998  1  4     0.54602356
1998  1  5     0.41025250
1998  1  6     0.16859777
1998  1  7     0.12523849
1998  1  8     0.11785970
1998  1  9     0.14373044
1998  1 10     1.43555554
1998  1 11     0.50297184
1998  1 12     0.80575435
1998  1 13     1.77854346
1998  1 14     0.99837431
1998  1 15     2.33413088
1998  1 16     3.45180556
1998  1 17     1.31682596
1998  1 18     0.89160614
1998  1 19     2.89790501
1998  1 20     1.33199131
1998  1 21     0.99852624
1998  1 22     0.85131284
1998  1 23     0.77261221
1998  1 24     0.71478576
1998  1 25     0.66587405
1998  1 26     0.63519557
1998  1 27     0.59626485
1998  1 28     0.83076745
1998  1 29     4.04987541
1998  1 30     2.74375423
1998  1 31     1.35370335
1998  2  1     1.10417150
1998  2  2     5.49869618
1998  2  3     5.46027132
1998  2  4     5.04792067
1998  2  5     2.54196083
1998  2  6     2.10049926
1998  2  7     5.68819189
1998  2  8     6.27288158
1998  2  9     3.65554651
1998  2 10     2.48879531
1998  2 11     2.50564035
1998  2 12     1.85155934
1998  2 13     1.68966625
1998  2 14     3.62570736
1998  2 15     8.56439449
1998  2 16     3.92037595
1998  2 17     8.54319789
1998  2 18     4.38239164
1998  2 19     3.43661703
1998  2 20     6.71331924
1998  2 21     4.14162563
1998  2 22     9.05885443
1998  2 23    11.27076944
1998  2 24    12.03028466
1998  2 25     6.03426390
1998  2 26     4.44528109
1998  2 27     3.57490228
1998  2 28     3.02996418
1998  3  1     2.70670652
1998  3  2     2.56161086
1998  3  3     2.37283499
1998  3  4     2.19531958
1998  3  5     1.98562184
1998  3  6     5.30736755
1998  3  7     3.36752376
1998  3  8     2.58629123
1998  3  9     2.35274461
1998  3 10     2.18661309
1998  3 11     2.16065181
1998  3 12     2.07028094
1998  3 13     2.04794959
1998  3 14     2.45163819
1998  3 15     1.99260425
1998  3 16     1.98435868
1998  3 17     1.94869919
1998  3 18     1.94510570
1998  3 19     1.95018975
1998  3 20     1.96515173
1998  3 21     1.96658396
1998  3 22     1.96873336
1998  3 23     1.89313846
1998  3 24     1.84642234
1998  3 25    11.70463264
1998  3 26    14.50121756
1998  3 27     7.54754477
1998  3 28    12.49706545
1998  3 29     8.88067598
1998  3 30     5.59617739
1998  3 31     6.34544968
1998  4  1    12.98546538
1998  4  2     6.91475071
1998  4  3     6.59430973
1998  4  4     7.50580805
1998  4  5     5.07638057
1998  4  6     5.47980772
1998  4  7     6.20663705
1998  4  8     4.52273418
1998  4  9     3.91463841
1998  4 10     3.64538943
1998  4 11     3.58764717
1998  4 12     4.96884280
1998  4 13     4.56357616
1998  4 14     5.82546976
1998  4 15     4.01314785
1998  4 16     3.45519684
1998  4 17     3.06827470
1998  4 18     2.91940314
1998  4 19     2.93212523
1998  4 20     3.04355053
1998  4 21     3.26113134
1998  4 22     3.46991982
1998  4 23     3.41909940
1998  4 24     3.03972423
1998  4 25     2.73620414
1998  4 26     2.60830026
1998  4 27     2.67755306
1998  4 28     2.74964197
1998  4 29     2.82920372
1998  4 30     2.85530905
1998  5  1     2.67109717
1998  5  2     2.57465649
1998  5  3     2.96741768
1998  5  4     2.97508603
1998  5  5     5.54895545
1998  5  6     6.53460910
1998  5  7     4.38324751
1998  5  8     3.72689861
1998  5  9     3.38428222
1998  5 10     2.87547003
1998  5 11     2.49124240
1998  5 12     3.39220819
1998  5 13     7.82050963
1998  5 14     4.53379681
1998  5 15     3.50189146
1998  5 16     3.10094307
1998  5 17     2.63038376
1998  5 18     2.37190461
1998  5 19     2.29421030
1998  5 20     2.17564034
1998  5 21     1.95483564
1998  5 22     1.86621629
1998  5 23     1.82364714
1998  5 24     1.79423585
1998  5 25     1.75707880
1998  5 26     2.05017549
1998  5 27     1.63089792
1998  5 28     1.60694038
1998  5 29     2.14947533
1998  5 30     1.62741653
1998  5 31     1.64784735
1998  6  1     1.67870668
1998  6  2     1.68998452
1998  6  3     2.80437068
1998  6  4     1.88804458
1998  6  5     1.72711376
1998  6  6     1.67070461
1998  6  7     3.42993131
1998  6  8     2.04244331
1998  6  9     1.78842955
1998  6 10     1.68055027
1998  6 11     5.39658379
1998  6 12     3.42601476
1998  6 13     2.72052515
1998  6 14     2.17142250
1998  6 15     1.99805427
1998  6 16     1.85159352
1998  6 17     1.67672241
1998  6 18     1.57497485
1998  6 19     1.51422713
1998  6 20     1.37600544
1998  6 21     1.21093355
1998  6 22     1.12418203
1998  6 23     1.06231263
1998  6 24     1.01095811
1998  6 25     0.96670160
1998  6 26     0.92719948
1998  6 27     0.89183153
1998  6 28     0.85746819
1998  6 29     0.82588178
1998  6 30     0.79801150
1998  7  1     0.77076905
1998  7  2     0.74510772
1998  7  3     0.72033980
1998  7  4     0.69621514
1998  7  5     0.67297263
1998  7  6     0.65057747
1998  7  7     0.62957993
1998  7  8     0.60908471
1998  7  9     0.58970130
1998  7 10     0.57155622
1998  7 11     0.55529124
1998  7 12     0.53771594
1998  7 13     0.51992973
1998  7 14     0.50366151
1998  7 15     0.48832869
1998  7 16     0.47322797
1998  7 17     0.45818743
1998  7 18     0.44404185
1998  7 19     0.43035672
1998  7 20     0.41754959
1998  7 21     0.40537414
1998  7 22     0.47494603
1998  7 23     0.39307177
1998  7 24     0.37101210
1998  7 25     0.35962627
1998  7 26     0.34875389
1998  7 27     0.33841435
1998  7 28     0.32842078
1998  7 29     0.31873139
1998  7 30     0.30935478
1998  7 31     0.30081452
1998  8  1     0.29144401
1998  8  2     0.28274568
1998  8  3     0.27439922
1998  8  4     0.26630537
1998  8  5     0.25845086
1998  8  6     0.25082853
1998  8  7     0.24343143
1998  8  8     0.23625294
1998  8  9     0.22928630
1998  8 10     0.22252542
1998  8 11     0.21596416
1998  8 12     0.20976616
1998  8 13     0.20344692
1998  8 14     0.19741999
1998  8 15     0.19160026
1998  8 16     0.18595027
1998  8 17     0.18046807
1998  8 18     0.17514878
1998  8 19     0.16998438
1998  8 20     0.16497441
1998  8 21     0.16011426
1998  8 22     0.15539044
1998  8 23     0.15081141
1998  8 24     0.14636261
1998  8 25     0.14204825
1998  8 26     0.13786055
1998  8 27     0.13379648
1998  8 28     0.12985246
1998  8 29     0.12602473
1998  8 30     0.12230983
1998  8 31     0.11870444
1998  9  1     0.11520533
1998  9  2     0.11180936
1998  9  3     0.10851350
1998  9  4     0.10841284
1998  9  5     0.15399202
1998  9  6     0.16358293
1998  9  7     0.10422100
1998  9  8     0.09362625
1998  9  9     0.09122743
1998  9 10     0.08810222
1998  9 11     0.08541391
1998  9 12     0.08289612
1998  9 13     0.08045255
1998  9 14     0.07808101
1998  9 15     0.07577937
1998  9 16     0.07354558
1998  9 17     0.07137764
1998  9 18     0.06927361
1998  9 19     0.06723159
1998  9 20     0.06524977
1998  9 21     0.06332637
1998  9 22     0.06145967
1998  9 23     0.05964799
1998  9 24     0.05788972
1998  9 25     0.05618327
1998  9 26     0.05452713
1998  9 27     0.05299362
1998  9 28     0.05137255
1998  9 29     0.08259095
1998  9 30     0.05367324
1998 10  1     0.04708715
1998 10  2     0.04556656
1998 10  3     0.04422337
1998 10  4     0.04291978
1998 10  5     0.04165461
1998 10  6     0.04042673
1998 10  7     0.03923505
1998 10  8     0.03807850
1998 10  9     0.03695604
1998 10 10     0.03586667
1998 10 11     0.03480941
1998 10 12     0.03378331
1998 10 13     0.03278747
1998 10 14     0.03182097
1998 10 15     0.03088297
1998 10 16     0.02997262
1998 10 17     0.02908910
1998 10 18     0.02823162
1998 10 19     0.02739943
1998 10 20     0.02659176
1998 10 21     0.02580790
1998 10 22     0.02504715
1998 10 23     0.02430882
1998 10 24     0.02361189
1998 10 25     0.32873698
1998 10 26     0.09883693
1998 10 27     0.02848103
1998 10 28     0.02129968
1998 10 29     0.02031410
1998 10 30     0.10126001
1998 10 31     0.02976179
1998 11  1     0.01857035
1998 11  2     0.01802270
1998 11  3     0.01749144
1998 11  4     0.01697583
1998 11  5     0.01647543
1998 11  6     0.01598977
1998 11  7     0.01778717
1998 11  8     0.16259993
1998 11  9     0.09254963
1998 11 10     0.02166133
1998 11 11     0.83066240
1998 11 12     0.14221073
1998 11 13     0.01551286
1998 11 14     0.01263427
1998 11 15     0.01222757
1998 11 16     0.01185689
1998 11 17     0.11233761
1998 11 18     0.07078194
1998 11 19     0.01674487
1998 11 20     0.01051783
1998 11 21     0.01020766
1998 11 22     0.00990677
1998 11 23     0.00961474
1998 11 24     0.05577285
1998 11 25     0.01444002
1998 11 26     0.00879066
1998 11 27     0.01802033
1998 11 28     0.20633799
1998 11 29     0.11629732
1998 11 30     0.01947695
1998 12  1     0.64738211
1998 12  2     0.16170098
1998 12  3     0.02451117
1998 12  4     0.36371866
1998 12  5     0.09853033
1998 12  6     0.21198910
1998 12  7     0.04057773
1998 12  8     0.00906887
1998 12  9     0.00610533
1998 12 10     0.00586578
1998 12 11     0.00596424
1998 12 12     0.00598469
1998 12 13     0.00606002
1998 12 14     0.10599558
1998 12 15     0.02544223
1998 12 16     0.00578568
1998 12 17     0.00484733
1998 12 18     0.00471160
1998 12 19     0.00444167
1998 12 20     0.00540558
1998 12 21     0.01223115
1998 12 22     0.00657295
1998 12 23     0.00575412
1998 12 24     0.00540569
1998 12 25     0.01207367
1998 12 26     0.01229438
1998 12 27     0.01438312
1998 12 28     0.00945416
1998 12 29     0.00525600
1998 12 30     0.00375726
1998 12 31     0.00355061
1999  1  1     0.00335434
1999  1  2     0.00295568
1999  1  3     0.00281947
1999  1  4     0.01332106
1999  1  5     0.00389801
1999  1  6     0.00261350
1999  1  7     0.00250709
1999  1  8     0.00242770
1999  1  9     0.00235614
1999  1 10     0.00228669
1999  1 11     0.00224989
1999  1 12     0.00219178
1999  1 13     0.00209545
1999  1 14     0.00205536
1999  1 15     0.01392336
1999  1 16     0.16303947
1999  1 17     0.02777518
1999  1 18     0.00254507
1999  1 19     0.04356381
1999  1 20     1.65728430
1999  1 21     1.67438693
1999  1 22     0.37833383
1999  1 23     0.15773341
1999  1 24     2.82514857
1999  1 25     4.94916310
1999  1 26     4.64127015
1999  1 27     1.97437250
1999  1 28     1.13021303
1999  1 29     0.90325550
1999  1 30     0.76504384
1999  1 31     3.18853156
1999  2  1     1.85804987
1999  2  2     1.13551093
1999  2  3     0.93595441
1999  2  4     0.80323596
1999  2  5     0.71979396
1999  2  6     0.65038520
1999  2  7     0.85979991
1999  2  8     2.66143559
1999  2  9     4.33832765
1999  2 10     3.44748631
1999  2 11     1.84407106
1999  2 12     1.47293644
1999  2 13     1.28635659
1999  2 14     1.19785426
1999  2 15     1.08157760
1999  2 16     0.95624635
1999  2 17     0.92314780
1999  2 18     0.91131180
1999  2 19     0.86238134
1999  2 20     0.78837726
1999  2 21     2.01388522
1999  2 22     1.09516312
1999  2 23     0.97902017
1999  2 24     0.90249045
1999  2 25     0.99086999
1999  2 26     0.85167163
1999  2 27     0.73893102
1999  2 28     0.70522916
1999  3  1     0.66501068
1999  3  2     0.63728187
1999  3  3     0.62692817
1999  3  4     0.60737187
1999  3  5     0.56091301
1999  3  6     0.53735122
1999  3  7     0.51707938
1999  3  8     0.49735710
1999  3  9     0.63975480
1999  3 10     0.50561658
1999  3 11     0.45891889
1999  3 12     0.44255135
1999  3 13     0.43072258
1999  3 14     0.42226931
1999  3 15     0.42256916
1999  3 16     0.61336569
1999  3 17     0.40958262
1999  3 18     0.41854370
1999  3 19     0.41517111
1999  3 20     0.52592974
1999  3 21     0.42005625
1999  3 22     0.37602069
1999  3 23     0.76773670
1999  3 24     0.44483415
1999  3 25     0.48565499
1999  3 26     0.51733777
1999  3 27     0.40887218
1999  3 28     0.37996411
1999  3 29     0.35745243
1999  3 30     0.35093309
1999  3 31     0.86008275
1999  4  1     0.46465799
1999  4  2     0.62441065
1999  4  3     0.55261392
1999  4  4     0.60666099
1999  4  5     0.44927253
1999  4  6     2.36284008
1999  4  7     4.24035421
1999  4  8     2.68071539
1999  4  9     2.88185346
1999  4 10     1.63661207
1999  4 11     1.56735269
1999  4 12     2.26330255
1999  4 13     1.56545346
1999  4 14     1.46227510
1999  4 15     1.47402031
1999  4 16     1.44597568
1999  4 17     1.34049434
1999  4 18     1.13580614
1999  4 19     0.95803728
1999  4 20     0.79889232
1999  4 21     0.70421480
1999  4 22     0.65317671
1999  4 23     0.68475139
1999  4 24     0.58654835
1999  4 25     0.53771225
1999  4 26     0.50832273
1999  4 27     0.48521044
1999  4 28     0.46623215
1999  4 29     0.45129649
1999  4 30     0.52603502
1999  5  1     0.44368286
1999  5  2     0.40102634
1999  5  3     0.41725830
1999  5  4     0.38037143
1999  5  5     0.36029181
1999  5  6     0.34696998
1999  5  7     0.33522110
1999  5  8     0.32447732
1999  5  9     0.31420005
1999  5 10     0.30406231
1999  5 11     0.29413016
1999  5 12     0.28452015
1999  5 13     0.27556818
1999  5 14     0.26736035
1999  5 15     0.25920373
1999  5 16     0.25121821
1999  5 17     0.24326300
1999  5 18     0.23566082
1999  5 19     0.22854719
1999  5 20     0.22174394
1999  5 21     0.21499577
1999  5 22     0.20831833
1999  5 23     0.20199588
1999  5 24     0.24543125
1999  5 25     0.20488267
1999  5 26     0.18553192
1999  5 27     0.17900968
1999  5 28     0.17374995
1999  5 29     0.16856853
1999  5 30     0.16358700
1999  5 31     0.15873700
1999  6  1     0.15403773
1999  6  2     0.15098481
1999  6  3     0.16422478
1999  6  4     0.14472838
1999  6  5     0.13689879
1999  6  6     0.13260138
1999  6  7     0.12867183
1999  6  8     0.12487378
1999  6  9     0.12118842
1999  6 10     0.11761232
1999  6 11     0.11414222
1999  6 12     0.11077479
1999  6 13     0.10750706
1999  6 14     0.10433600
1999  6 15     0.10125870
1999  6 16     0.09827238
1999  6 17     0.09537603
1999  6 18     0.09256358
1999  6 19     0.08983247
1999  6 20     0.08718562
1999  6 21     0.08461354
1999  6 22     0.08211800
1999  6 23     0.07969626
1999  6 24     0.07734675
1999  6 25     0.07507093
1999  6 26     0.07285384
1999  6 27     0.07070729
1999  6 28     0.06862248
1999  6 29     0.06659800
1999  6 30     0.06463403
1999  7  1     0.06272863
1999  7  2     0.06088061
1999  7  3     0.05908497
1999  7  4     0.05734550
1999  7  5     0.05565294
1999  7  6     0.05401233
1999  7  7     0.05242018
1999  7  8     0.05087497
1999  7  9     0.04937530
1999  7 10     0.04791984
1999  7 11     0.04650728
1999  7 12     0.12269092
1999  7 13     0.05280176
1999  7 14     0.04924900
1999  7 15     0.04247858
1999  7 16     0.04004509
1999  7 17     0.03886463
1999  7 18     0.03771900
1999  7 19     0.03660714
1999  7 20     0.03552805
1999  7 21     0.03448077
1999  7 22     0.03346436
1999  7 23     0.03247792
1999  7 24     0.03152055
1999  7 25     0.03059140
1999  7 26     0.02968964
1999  7 27     0.02881447
1999  7 28     0.02796509
1999  7 29     0.02714075
1999  7 30     0.02634133
1999  7 31     0.02556429
1999  8  1     0.02481198
1999  8  2     0.02408127
1999  8  3     0.02336951
1999  8  4     0.02268061
1999  8  5     0.02201197
1999  8  6     0.02136310
1999  8  7     0.02073370
1999  8  8     0.02012471
1999  8  9     0.01953143
1999  8 10     0.01895334
1999  8 11     0.01839453
1999  8 12     0.01785240
1999  8 13     0.01732607
1999  8 14     0.01681533
1999  8 15     0.01631966
1999  8 16     0.01583860
1999  8 17     0.01537171
1999  8 18     0.01491859
1999  8 19     0.01447883
1999  8 20     0.01405259
1999  8 21     0.01363783
1999  8 22     0.01323579
1999  8 23     0.01284563
1999  8 24     0.01246697
1999  8 25     0.01209948
1999  8 26     0.01174281
1999  8 27     0.01814568
1999  8 28     0.01192758
1999  8 29     0.01073472
1999  8 30     0.01041824
1999  8 31     0.01011113
1999  9  1     0.00981308
1999  9  2     0.00952382
1999  9  3     0.00924308
1999  9  4     0.00897062
1999  9  5     0.00870618
1999  9  6     0.00844955
1999  9  7     0.00820048
1999  9  8     0.00795875
1999  9  9     0.00772414
1999  9 10     0.00749645
1999  9 11     0.00727548
1999  9 12     0.00706101
1999  9 13     0.00685287
1999  9 14     0.00665087
1999  9 15     0.00645482
1999  9 16     0.00626454
1999  9 17     0.00607988
1999  9 18     0.00591128
1999  9 19     0.00572841
1999  9 20     0.00555791
1999  9 21     0.00539408
1999  9 22     0.06825758
1999  9 23     0.02206189
1999  9 24     0.00607454
1999  9 25     0.00478567
1999  9 26     0.00464457
1999  9 27     0.00450766
1999  9 28     0.00437478
1999  9 29     0.00424583
1999  9 30     0.00412067
1999 10  1     0.00399920
1999 10  2     0.00388132
1999 10  3     0.00376691
1999 10  4     0.00365587
1999 10  5     0.00354810
1999 10  6     0.00344351
1999 10  7     0.00334201
1999 10  8     0.00324349
1999 10  9     0.00314788
1999 10 10     0.00305509
1999 10 11     0.00296503
1999 10 12     0.00287763
1999 10 13     0.00279281
1999 10 14     0.00271048
1999 10 15     0.00263058
1999 10 16     0.00255304
1999 10 17     0.00247778
1999 10 18     0.00240474
1999 10 19     0.00233386
1999 10 20     0.00226506
1999 10 21     0.00219829
1999 10 22     0.00213349
1999 10 23     0.00207060
1999 10 24     0.00200957
1999 10 25     0.00195033
1999 10 26     0.00189284
1999 10 27     0.00183704
1999 10 28     0.00178289
1999 10 29     0.00173034
1999 10 30     0.00167933
1999 10 31     0.00162983
1999 11  1     0.00158178
1999 11  2     0.00153516
1999 11  3     0.00148990
1999 11  4     0.00144599
1999 11  5     0.00140336
1999 11  6     0.00136199
1999 11  7     0.00132185
1999 11  8     0.89488469
1999 11  9     0.14444937
1999 11 10     0.00313737
1999 11 11     0.00119181
1999 11 12     0.00113817
1999 11 13     0.00110462
1999 11 14     0.00107206
1999 11 15     0.00104046
1999 11 16     0.00100979
1999 11 17     0.14530258
1999 11 18     0.02012910
1999 11 19     0.00093147
1999 11 20     0.28501090
1999 11 21     0.03747862
1999 11 22     0.00096463
1999 11 23     0.00081898
1999 11 24     0.00079483
1999 11 25     0.00077140
1999 11 26     0.00074866
1999 11 27     0.00072660
1999 11 28     0.00070518
1999 11 29     0.00068439
1999 11 30     0.00066422
1999 12  1     0.00486862
1999 12  2     0.00119222
1999 12  3     0.00060721
1999 12  4     0.00058929
1999 12  5     0.00057192
1999 12  6     0.00055506
1999 12  7     0.00053870
1999 12  8     0.00059372
1999 12  9     0.00051963
1999 12 10     0.00818699
1999 12 11     0.00137383
1999 12 12     0.00046387
1999 12 13     0.00045018
1999 12 14     0.00043691
1999 12 15     0.00042403
1999 12 16     0.00041153
1999 12 17     0.00039940
1999 12 18     0.00038762
1999 12 19     0.00037620
1999 12 20     0.00036511
1999 12 21     0.00035435
1999 12 22     0.00034390
1999 12 23     0.00033376
1999 12 24     0.00032392
1999 12 25     0.00215436
1999 12 26     0.00054898
1999 12 27     0.00029612
1999 12 28     0.00028739
1999 12 29     0.00027892
1999 12 30     0.00027069
1999 12 31     0.00026271
2000  1  1     0.00879089
2000  1  2     0.00986583
2000  1  3     0.00132947
2000  1  4     0.00027239
2000  1  5     0.00026208
2000  1  6     0.00027127
2000  1  7     0.00022027
2000  1  8     0.00020679
2000  1  9     0.00020069
2000  1 10     0.00019478
2000  1 11     0.00018904
2000  1 12     0.00047648
2000  1 13     0.00022862
2000  1 14     0.00017281
2000  1 15     0.00048277
2000  1 16     0.03894246
2000  1 17     0.08082747
2000  1 18     0.55727407
2000  1 19     0.09996917
2000  1 20     0.00318964
2000  1 21     0.01364128
2000  1 22     0.00190044
2000  1 23     0.06046182
2000  1 24     1.38197900
2000  1 25     1.68042947
2000  1 26     0.66363783
2000  1 27     0.13965796
2000  1 28     0.04864630
2000  1 29     0.03123461
2000  1 30     0.07787536
2000  1 31     0.69669209
2000  2  1     0.17273347
2000  2  2     0.07557626
2000  2  3     0.06896470
2000  2  4     0.06318244
2000  2  5     0.05864954
2000  2  6     0.05494348
2000  2  7     0.05180829
2000  2  8     0.04908474
2000  2  9     0.06392077
2000  2 10     0.54906495
2000  2 11     1.20702583
2000  2 12     1.26408721
2000  2 13     1.82711971
2000  2 14     5.12307464
2000  2 15     1.88084200
2000  2 16     1.68254281
2000  2 17     2.69108665
2000  2 18     1.16475468
2000  2 19     0.85773236
2000  2 20     0.84307407
2000  2 21     2.36299499
2000  2 22     1.66567923
2000  2 23     3.72175481
2000  2 24     2.61143262
2000  2 25     1.63409341
2000  2 26     1.32242363
2000  2 27     4.41764697
2000  2 28     4.21978676
2000  2 29     2.14028866
2000  3  1     2.65680462
2000  3  2     1.61606882
2000  3  3     1.51231755
2000  3  4     1.28184797
2000  3  5     3.19942093
2000  3  6     7.10542931
2000  3  7     2.94481840
2000  3  8     3.39937381
2000  3  9     3.80183737
2000  3 10     2.29094592
2000  3 11     1.93824784
2000  3 12     1.80348468
2000  3 13     1.68175440
2000  3 14     1.59505492
2000  3 15     1.57906638
2000  3 16     1.52501819
2000  3 17     1.41934903
2000  3 18     1.33734412
2000  3 19     1.31866668
2000  3 20     1.25430413
2000  3 21     1.16397771
2000  3 22     1.15337662
2000  3 23     1.17221957
2000  3 24     1.14693624
2000  3 25     1.09906186
2000  3 26     1.07368142
2000  3 27     1.06485910
2000  3 28     1.01427435
2000  3 29     0.95430728
2000  3 30     0.95158862
2000  3 31     0.94871570
2000  4  1     0.94238574
2000  4  2     0.97010918
2000  4  3     0.95470778
2000  4  4     0.91872894
2000  4  5     0.89130980
2000  4  6     0.85483343
2000  4  7     0.83159139
2000  4  8     0.85835602
2000  4  9     0.84307464
2000  4 10     0.79076932
2000  4 11     0.77603586
2000  4 12     0.78074766
2000  4 13     0.79543312
2000  4 14     0.81954305
2000  4 15     0.74114209
2000  4 16     0.66524575
2000  4 17     0.91185793
2000  4 18     3.56291777
2000  4 19     1.62843695
2000  4 20     1.11351695
2000  4 21     1.04686655
2000  4 22     1.32164035
2000  4 23     0.94064048
2000  4 24     0.86440506
2000  4 25     0.82263934
2000  4 26     0.79067223
2000  4 27     0.77086750
2000  4 28     0.74900151
2000  4 29     0.66563701
2000  4 30     0.62764566
2000  5  1     0.64978572
2000  5  2     0.62473861
2000  5  3     0.53871397
2000  5  4     0.50071156
2000  5  5     0.47420247
2000  5  6     0.45185434
2000  5  7     0.43320020
2000  5  8     0.41652825
2000  5  9     0.40073146
2000  5 10     0.38608086
2000  5 11     0.37289614
2000  5 12     0.36032487
2000  5 13     0.34830139
2000  5 14     0.33684985
2000  5 15     0.32606590
2000  5 16     2.07086886
2000  5 17     0.74891412
2000  5 18     0.52841311
2000  5 19     0.47594010
2000  5 20     0.42815245
2000  5 21     0.39306529
2000  5 22     0.36653952
2000  5 23     0.34562987
2000  5 24     0.32852709
2000  5 25     0.31405931
2000  5 26     0.30144559
2000  5 27     0.28993343
2000  5 28     0.27935134
2000  5 29     0.26963529
2000  5 30     0.26057333
2000  5 31     0.25204306
2000  6  1     0.24379586
2000  6  2     0.23591651
2000  6  3     0.22852467
2000  6  4     0.22145624
2000  6  5     0.21466887
2000  6  6     0.20812654
2000  6  7     0.20179505
2000  6  8     0.39792227
2000  6  9     0.43360876
2000  6 10     0.21086723
2000  6 11     0.17860218
2000  6 12     0.17322252
2000  6 13     0.16803557
2000  6 14     0.16302375
2000  6 15     0.15817001
2000  6 16     0.15346628
2000  6 17     0.14890713
2000  6 18     0.14448745
2000  6 19     0.14020239
2000  6 20     0.13604832
2000  6 21     0.13201800
2000  6 22     0.12811002
2000  6 23     0.12431972
2000  6 24     0.12064315
2000  6 25     0.11707667
2000  6 26     0.11361679
2000  6 27     0.11040481
2000  6 28     0.10702847
2000  6 29     0.10384388
2000  6 30     0.10077806
2000  7  1     0.09780333
2000  7  2     0.09491688
2000  7  3     0.09211601
2000  7  4     0.08939812
2000  7  5     0.08676072
2000  7  6     0.08420137
2000  7  7     0.08171773
2000  7  8     0.07930753
2000  7  9     0.07696875
2000  7 10     0.07469903
2000  7 11     0.07249592
2000  7 12     0.07035821
2000  7 13     0.06828505
2000  7 14     0.06627086
2000  7 15     0.06431602
2000  7 16     0.06242165
2000  7 17     0.06057980
2000  7 18     0.05879688
2000  7 19     0.05706152
2000  7 20     0.05537815
2000  7 21     0.05374500
2000  7 22     0.05216002
2000  7 23     0.05062236
2000  7 24     0.04913014
2000  7 25     0.04768190
2000  7 26     0.04627636
2000  7 27     0.04491225
2000  7 28     0.04358834
2000  7 29     0.04230347
2000  7 30     0.04105647
2000  7 31     0.03984623
2000  8  1     0.04096820
2000  8  2     0.03811089
2000  8  3     0.04625296
2000  8  4     0.03777026
2000  8  5     0.03448523
2000  8  6     0.03329821
2000  8  7     0.03231665
2000  8  8     0.03136404
2000  8  9     0.03043951
2000  8 10     0.02954223
2000  8 11     0.02867139
2000  8 12     0.02782623
2000  8 13     0.02700598
2000  8 14     0.02620991
2000  8 15     0.02543731
2000  8 16     0.02468748
2000  8 17     0.02395976
2000  8 18     0.02325348
2000  8 19     0.02256803
2000  8 20     0.02190278
2000  8 21     0.02125714
2000  8 22     0.02063053
2000  8 23     0.02002240
2000  8 24     0.01943218
2000  8 25     0.01885937
2000  8 26     0.01830344
2000  8 27     0.01776390
2000  8 28     0.01724027
2000  8 29     0.01832884
2000  8 30     0.01678062
2000  8 31     0.01580724
2000  9  1     0.12105205
2000  9  2     0.09304869
2000  9  3     0.02331992
2000  9  4     0.01398266
2000  9  5     0.01357028
2000  9  6     0.01317026
2000  9  7     0.01278204
2000  9  8     0.01240525
2000  9  9     0.01204146
2000  9 10     0.01168473
2000  9 11     0.01134019
2000  9 12     0.01100591
2000  9 13     0.01068148
2000  9 14     0.01036662
2000  9 15     0.01006104
2000  9 16     0.00976446
2000  9 17     0.00947663
2000  9 18     0.00919728
2000  9 19     0.00892617
2000  9 20     0.00866305
2000  9 21     0.00840768
2000  9 22     0.00815984
2000  9 23     0.00791931
2000  9 24     0.00768587
2000  9 25     0.00745931
2000  9 26     0.00723943
2000  9 27     0.00702603
2000  9 28     0.00681892
2000  9 29     0.00661791
2000  9 30     0.00642283
2000 10  1     0.00623351
2000 10  2     0.00604976
2000 10  3     0.00587143
2000 10  4     0.00569835
2000 10  5     0.00553038
2000 10  6     0.00536736
2000 10  7     0.00520914
2000 10  8     0.00505559
2000 10  9     0.04502402
2000 10 10     0.69349737
2000 10 11     0.60219447
2000 10 12     0.20228484
2000 10 13     0.02195622
2000 10 14     0.00439954
2000 10 15     0.00419641
2000 10 16     0.00399401
2000 10 17     0.00386209
2000 10 18     0.00374824
2000 10 19     0.00363775
2000 10 20     0.00353052
2000 10 21     0.00342645
2000 10 22     0.01076207
2000 10 23     0.00418157
2000 10 24     0.00313231
2000 10 25     0.00303995
2000 10 26     0.16273791
2000 10 27     0.08956926
2000 10 28     0.02574578
2000 10 29     0.15282880
2000 10 30     0.42967600
2000 10 31     0.07062175
2000 11  1     0.00410751
2000 11  2     0.00382488
2000 11  3     0.00408946
2000 11  4     0.00501014
2000 11  5     0.00502445
2000 11  6     0.00451816
2000 11  7     0.01185691
2000 11  8     0.00396498
2000 11  9     0.00285793
2000 11 10     0.09534519
2000 11 11     0.04370868
2000 11 12     0.05715703
2000 11 13     0.00801805
2000 11 14     0.00174588
2000 11 15     0.00164526
2000 11 16     0.00159426
2000 11 17     0.00160794
2000 11 18     0.00161225
2000 11 19     0.00181635
2000 11 20     0.00189765
2000 11 21     0.00206785
2000 11 22     0.01244889
2000 11 23     0.00277090
2000 11 24     0.00123893
2000 11 25     0.00120238
2000 11 26     0.00116693
2000 11 27     0.00113315
2000 11 28     0.00110010
2000 11 29     0.00106679
2000 11 30     0.00103855
2000 12  1     0.00100543
2000 12  2     0.00097512
2000 12  3     0.00094638
2000 12  4     0.00091848
2000 12  5     0.00089141
2000 12  6     0.00087653
2000 12  7     0.00085346
2000 12  8     0.00086566
2000 12  9     0.00079965
2000 12 10     0.00076755
2000 12 11     0.00074492
2000 12 12     0.12746855
2000 12 13     0.01750299
2000 12 14     0.01781297
2000 12 15     0.00345767
2000 12 16     0.00073061
2000 12 17     0.00062251
2000 12 18     0.00060416
2000 12 19     0.00058635
2000 12 20     0.00056906
2000 12 21     0.00055229
2000 12 22     0.00053601
2000 12 23     0.00052021
2000 12 24     0.00050487
2000 12 25     0.00048999
2000 12 26     0.00047555
2000 12 27     0.00046153
2000 12 28     0.00044793
2000 12 29     0.00043472
2000 12 30     0.00042191
2000 12 31     0.00040947
2001  1  1     0.00039740
2001  1  2     0.00038569
2001  1  3     0.00037432
2001  1  4     0.00036328
2001  1  5     0.00035257
2001  1  6     0.00034218
2001  1  7     0.00033209
2001  1  8     0.00221138
2001  1  9     0.10697153
2001  1 10     0.09691935
2001  1 11     2.20740693
2001  1 12     0.51984438
2001  1 13     0.16252736
2001  1 14     0.04019486
2001  1 15     0.05447740
2001  1 16     0.00826923
2001  1 17     0.00135829
2001  1 18     0.00124180
2001  1 19     0.00118530
2001  1 20     0.00130959
2001  1 21     0.00175052
2001  1 22     0.00229721
2001  1 23     0.00203524
2001  1 24     0.84836375
2001  1 25     0.55168600
2001  1 26     0.56781145
2001  1 27     0.20850583
2001  1 28     0.10882678
2001  1 29     0.06455373
2001  1 30     0.04716340
2001  1 31     0.04298851
2001  2  1     0.04015312
2001  2  2     0.04059943
2001  2  3     0.04028349
2001  2  4     0.03984473
2001  2  5     0.04345078
2001  2  6     0.04358093
2001  2  7     0.07040856
2001  2  8     0.03903433
2001  2  9     0.03474535
2001  2 10     0.79958070
2001  2 11     0.85864734
2001  2 12     0.74349552
2001  2 13     0.40226272
2001  2 14     0.29202619
2001  2 15     0.21317659
2001  2 16     0.13411387
2001  2 17     0.13102393
2001  2 18     0.18797685
2001  2 19     0.30551135
2001  2 20     0.64425575
2001  2 21     0.27743612
2001  2 22     0.28891352
2001  2 23     0.27163050
2001  2 24     0.81599366
2001  2 25     1.51956185
2001  2 26     1.02102756
2001  2 27     0.46900398
2001  2 28     0.57384144
2001  3  1     0.40068101
2001  3  2     0.38695065
2001  3  3     0.34310948
2001  3  4     0.44241453
2001  3  5     0.79279645
2001  3  6     0.52124562
2001  3  7     0.46139126
2001  3  8     0.44192843
2001  3  9     0.63643086
2001  3 10     0.60192063
2001  3 11     0.42587933
2001  3 12     0.41707189
2001  3 13     0.42651099
2001  3 14     0.41390075
2001  3 15     0.42656671
2001  3 16     0.43130016
2001  3 17     0.40297099
2001  3 18     0.44925767
2001  3 19     0.51489426
2001  3 20     0.58970634
2001  3 21     0.63370921
2001  3 22     0.60264747
2001  3 23     0.58132761
2001  3 24     0.57821982
2001  3 25     0.57793704
2001  3 26     0.56456558
2001  3 27     0.53538655
2001  3 28     0.52513855
2001  3 29     0.53199721
2001  3 30     0.49851743
2001  3 31     0.46956537
2001  4  1     0.44617651
2001  4  2     0.42315280
2001  4  3     0.38727065
2001  4  4     0.36856619
2001  4  5     0.35406535
2001  4  6     0.34058844
2001  4  7     3.47772029
2001  4  8     2.09683987
2001  4  9     1.15610697
2001  4 10     1.30997794
2001  4 11     0.99051243
2001  4 12     0.92205991
2001  4 13     0.84261110
2001  4 14     0.78670427
2001  4 15     0.79791107
2001  4 16     0.80066457
2001  4 17     0.71792771
2001  4 18     0.63008404
2001  4 19     0.59195341
2001  4 20     2.64444224
2001  4 21     5.04382364
2001  4 22     1.93977445
2001  4 23     1.42922082
2001  4 24     1.53981737
2001  4 25     1.31334548
2001  4 26     1.08814563
2001  4 27     0.98733769
2001  4 28     0.89246231
2001  4 29     0.80704107
2001  4 30     0.78819094
2001  5  1     0.77801660
2001  5  2     0.75246569
2001  5  3     0.70774304
2001  5  4     0.69492424
2001  5  5     0.69739272
2001  5  6     0.70459915
2001  5  7     0.71977479
2001  5  8     0.72986477
2001  5  9     0.59757249
2001  5 10     0.54225749
2001  5 11     0.50880964
2001  5 12     0.48166458
2001  5 13     0.45954434
2001  5 14     0.44025661
2001  5 15     0.42305861
2001  5 16     0.40735464
2001  5 17     0.39273602
2001  5 18     0.37922549
2001  5 19     0.36624066
2001  5 20     0.35397595
2001  5 21     0.34226605
2001  5 22     0.33120063
2001  5 23     0.32056974
2001  5 24     0.31113433
2001  5 25     0.30088321
2001  5 26     0.29144082
2001  5 27     0.28246190
2001  5 28     0.27385261
2001  5 29     0.26549934
2001  5 30     0.25728591
2001  5 31     0.24936286
2001  6  1     0.24191292
2001  6  2     0.23473078
2001  6  3     0.22776768
2001  6  4     0.22101613
2001  6  5     0.21446898
2001  6  6     0.20811944
2001  6  7     0.20196102
2001  6  8     0.19598752
2001  6  9     0.19019300
2001  6 10     0.18457177
2001  6 11     0.17911837
2001  6 12     0.17382754
2001  6 13     0.16869423
2001  6 14     0.16371358
2001  6 15     0.15888088
2001  6 16     0.15419162
2001  6 17     0.14964143
2001  6 18     0.14522639
2001  6 19     0.14094152
2001  6 20     0.13678373
2001  6 21     0.13274897
2001  6 22     0.12883356
2001  6 23     0.12503389
2001  6 24     0.12134652
2001  6 25     0.11776828
2001  6 26     0.11429532
2001  6 27     0.11092510
2001  6 28     0.10765630
2001  6 29     0.10448029
2001  6 30     0.10140192
2001  7  1     0.09841278
2001  7  2     0.09550992
2001  7  3     0.09269348
2001  7  4     0.08996049
2001  7  5     0.09850846
2001  7  6     0.55429556
2001  7  7     0.32880303
2001  7  8     0.11274531
2001  7  9     0.07893935
2001  7 10     0.07521213
2001  7 11     0.07295882
2001  7 12     0.07080816
2001  7 13     0.06872090
2001  7 14     0.06669532
2001  7 15     0.06472932
2001  7 16     0.06282108
2001  7 17     0.06096924
2001  7 18     0.05917202
2001  7 19     0.05742777
2001  7 20     0.05573494
2001  7 21     0.05409202
2001  7 22     0.05249752
2001  7 23     0.05095002
2001  7 24     0.04944814
2001  7 25     0.04799053
2001  7 26     0.04657589
2001  7 27     0.04520295
2001  7 28     0.04387048
2001  7 29     0.04257729
2001  7 30     0.04132221
2001  7 31     0.04010414
2001  8  1     0.03892197
2001  8  2     0.03777464
2001  8  3     0.03666114
2001  8  4     0.03558046
2001  8  5     0.03453164
2001  8  6     0.03351373
2001  8  7     0.03252583
2001  8  8     0.03156705
2001  8  9     0.03063653
2001  8 10     0.02973344
2001  8 11     0.02885698
2001  8 12     0.02800634
2001  8 13     0.02718079
2001  8 14     0.02637956
2001  8 15     0.02560196
2001  8 16     0.02484728
2001  8 17     0.02411484
2001  8 18     0.02340400
2001  8 19     0.02271410
2001  8 20     0.02204455
2001  8 21     0.02139473
2001  8 22     0.02076407
2001  8 23     0.02015199
2001  8 24     0.01955796
2001  8 25     0.01898144
2001  8 26     0.01842192
2001  8 27     0.01787889
2001  8 28     0.01735186
2001  8 29     0.01684037
2001  8 30     0.01634396
2001  8 31     0.01586218
2001  9  1     0.01539460
2001  9  2     0.01494081
2001  9  3     0.01450039
2001  9  4     0.01407295
2001  9  5     0.01365812
2001  9  6     0.01325551
2001  9  7     0.01286477
2001  9  8     0.01248555
2001  9  9     0.01211751
2001  9 10     0.01176031
2001  9 11     0.01141365
2001  9 12     0.01107720
2001  9 13     0.01075067
2001  9 14     0.01043377
2001  9 15     0.01012621
2001  9 16     0.00982771
2001  9 17     0.00953802
2001  9 18     0.00925686
2001  9 19     0.00898399
2001  9 20     0.00871916
2001  9 21     0.00846215
2001  9 22     0.00821270
2001  9 23     0.00797061
2001  9 24     0.00773566
2001  9 25     0.00750763
2001  9 26     0.00728632
2001  9 27     0.00707154
2001  9 28     0.00686309
2001  9 29     0.00666078
2001  9 30     0.00646444
2001 10  1     0.00627388
2001 10  2     0.00608895
2001 10  3     0.00590946
2001 10  4     0.00573526
2001 10  5     0.00556620
2001 10  6     0.00540212
2001 10  7     0.00524288
2001 10  8     0.00508834
2001 10  9     0.00493834
2001 10 10     0.00479277
2001 10 11     0.00465149
2001 10 12     0.00451438
2001 10 13     0.00438131
2001 10 14     0.00425216
2001 10 15     0.00412681
2001 10 16     0.00400517
2001 10 17     0.00388710
2001 10 18     0.00377252
2001 10 19     0.00366132
2001 10 20     0.00355339
2001 10 21     0.00344865
2001 10 22     0.00334699
2001 10 23     0.00324833
2001 10 24     0.00315257
2001 10 25     0.00305964
2001 10 26     0.00296945
2001 10 27     0.00288192
2001 10 28     0.00279697
2001 10 29     0.00271452
2001 10 30     0.10313056
2001 10 31     0.37865591
2001 11  1     0.04794097
2001 11  2     0.00242703
2001 11  3     0.00233734
2001 11  4     0.00226844
2001 11  5     0.00220157
2001 11  6     0.00213667
2001 11  7     0.00207369
2001 11  8     0.00201256
2001 11  9     0.00195324
2001 11 10     0.00211833
2001 11 11     0.08135043
2001 11 12     0.40289544
2001 11 13     1.88016738
2001 11 14     0.28124563
2001 11 15     0.01615931
2001 11 16     0.00210189
2001 11 17     0.00153745
2001 11 18     0.00149213
2001 11 19     0.00144814
2001 11 20     0.00140545
2001 11 21     0.00140469
2001 11 22     0.11814528
2001 11 23     0.13759717
2001 11 24     0.46738578
2001 11 25     1.39931782
2001 11 26     0.22028088
2001 11 27     0.03506009
2001 11 28     0.06129737
2001 11 29     0.41102140
2001 11 30     0.12147313
2001 12  1     0.02066739
2001 12  2     0.55306570
2001 12  3     1.23327433
2001 12  4     0.32325449
2001 12  5     0.10553799
2001 12  6     0.08590661
2001 12  7     0.08114970
2001 12  8     0.07696345
2001 12  9     0.15146971
2001 12 10     0.16428502
2001 12 11     0.08603750
2001 12 12     0.07327919
2001 12 13     0.08184344
2001 12 14     0.69426340
2001 12 15     0.27541084
2001 12 16     0.13671171
2001 12 17     0.11043626
2001 12 18     0.10482336
2001 12 19     0.09852158
2001 12 20     0.42572378
2001 12 21     1.44627820
2001 12 22     0.46576001
2001 12 23     0.35198294
2001 12 24     0.25265273
2001 12 25     0.22309140
2001 12 26     0.21047530
2001 12 27     0.19865878
2001 12 28     0.64705114
2001 12 29     4.88142356
2001 12 30     3.48627744
2001 12 31     2.09429864
2002  1  1     1.14822882
2002  1  2     0.98322527
2002  1  3     2.66761266
2002  1  4     1.26428876
2002  1  5     0.97403939
2002  1  6     0.87030251
2002  1  7     0.79250229
2002  1  8     0.73259817
2002  1  9     0.68468249
2002  1 10     0.64562313
2002  1 11     0.61276451
2002  1 12     0.58373179
2002  1 13     0.55832481
2002  1 14     0.53522198
2002  1 15     0.51421373
2002  1 16     0.49480174
2002  1 17     0.47668968
2002  1 18     0.45969971
2002  1 19     0.44368914
2002  1 20     0.42853503
2002  1 21     0.41430723
2002  1 22     0.42774608
2002  1 23     0.39638257
2002  1 24     0.37617969
2002  1 25     0.36373290
2002  1 26     0.35715520
2002  1 27     0.97772070
2002  1 28     1.81643369
2002  1 29     1.10563160
2002  1 30     0.71457803
2002  1 31     0.57039866
2002  2  1     0.51423515
2002  2  2     0.46858533
2002  2  3     0.44016298
2002  2  4     0.41982855
2002  2  5     0.41067133
2002  2  6     0.40379594
2002  2  7     0.40081659
2002  2  8     0.39298002
2002  2  9     0.37138066
2002  2 10     0.35646192
2002  2 11     0.34237199
2002  2 12     0.33002046
2002  2 13     0.32193096
2002  2 14     0.31715044
2002  2 15     0.31039277
2002  2 16     0.37753523
2002  2 17     0.94922757
2002  2 18     1.15767103
2002  2 19     0.64316737
2002  2 20     0.51698007
2002  2 21     0.46017082
2002  2 22     0.41619159
2002  2 23     0.38262398
2002  2 24     0.34840289
2002  2 25     0.32889690
2002  2 26     0.31692675
2002  2 27     0.30756554
2002  2 28     0.28981523
2002  3  1     0.27396144
2002  3  2     0.26081845
2002  3  3     0.25154093
2002  3  4     0.24357976
2002  3  5     0.23634139
2002  3  6     0.36777295
2002  3  7     1.64778441
2002  3  8     1.21145336
2002  3  9     0.61678173
2002  3 10     0.54283628
2002  3 11     0.47563493
2002  3 12     0.41929928
2002  3 13     0.36736450
2002  3 14     0.33399851
2002  3 15     0.31156138
2002  3 16     0.58450976
2002  3 17     0.53497732
2002  3 18     1.30802539
2002  3 19     0.64523844
2002  3 20     0.58475422
2002  3 21     0.75035423
2002  3 22     0.64216133
2002  3 23     1.85805969
2002  3 24     2.22673614
2002  3 25     1.19673290
2002  3 26     0.84759764
2002  3 27     0.72015893
2002  3 28     0.63750476
2002  3 29     0.58898872
2002  3 30     0.55614103
2002  3 31     0.53200930
2002  4  1     0.51700514
2002  4  2     0.44909533
2002  4  3     0.41451583
2002  4  4     0.38954251
2002  4  5     0.36844304
2002  4  6     0.35062859
2002  4  7     0.33532805
2002  4  8     0.32154067
2002  4  9     0.30850847
2002  4 10     0.29691461
2002  4 11     0.28616823
2002  4 12     0.27606538
2002  4 13     0.26654372
2002  4 14     0.25914684
2002  4 15     0.25278776
2002  4 16     0.24341414
2002  4 17     0.27575366
2002  4 18     0.27274404
2002  4 19     0.22600638
2002  4 20     0.22321686
2002  4 21     0.20838831
2002  4 22     0.19907727
2002  4 23     0.19262410
2002  4 24     0.18669693
2002  4 25     0.19223570
2002  4 26     0.52341845
2002  4 27     0.36072917
2002  4 28     0.19055454
2002  4 29     0.16804143
2002  4 30     0.16470275
2002  5  1     0.15334849
2002  5  2     0.15355600
2002  5  3     0.14305545
2002  5  4     0.13771702
2002  5  5     0.13362978
2002  5  6     0.12967050
2002  5  7     0.12583215
2002  5  8     0.12210938
2002  5  9     0.11849830
2002  5 10     0.11499532
2002  5 11     0.11159704
2002  5 12     0.10830014
2002  5 13     0.10510148
2002  5 14     0.10199803
2002  5 15     0.09898677
2002  5 16     0.09606503
2002  5 17     0.09322985
2002  5 18     0.09047878
2002  5 19     0.09132668
2002  5 20     0.29983506
2002  5 21     0.82295775
2002  5 22     0.17867149
2002  5 23     0.09099649
2002  5 24     0.08799168
2002  5 25     0.08463595
2002  5 26     0.08159112
2002  5 27     0.07877697
2002  5 28     0.07614312
2002  5 29     0.07364675
2002  5 30     0.07127276
2002  5 31     0.06900032
2002  6  1     0.18502080
2002  6  2     0.07875145
2002  6  3     0.06275134
2002  6  4     0.06081490
2002  6  5     0.05895861
2002  6  6     0.05716812
2002  6  7     0.05543917
2002  6  8     0.05376785
2002  6  9     0.05215115
2002  6 10     0.05058666
2002  6 11     0.04907220
2002  6 12     0.04760572
2002  6 13     0.04618533
2002  6 14     0.04480927
2002  6 15     0.04347587
2002  6 16     0.04218357
2002  6 17     0.04093091
2002  6 18     0.03971649
2002  6 19     0.03853900
2002  6 20     0.03739750
2002  6 21     0.03628988
2002  6 22     0.03521585
2002  6 23     0.03417415
2002  6 24     0.03316368
2002  6 25     0.03218343
2002  6 26     0.03123247
2002  6 27     0.03031007
2002  6 28     0.02941475
2002  6 29     0.02854620
2002  6 30     0.02770351
2002  7  1     0.02688583
2002  7  2     0.02609241
2002  7  3     0.02532250
2002  7  4     0.02457540
2002  7  5     0.02385041
2002  7  6     0.02314688
2002  7  7     0.02246416
2002  7  8     0.02180161
2002  7  9     0.02115865
2002  7 10     0.02053469
2002  7 11     0.01992975
2002  7 12     0.02161349
2002  7 13     0.01908096
2002  7 14     0.01821760
2002  7 15     0.01768046
2002  7 16     0.01715919
2002  7 17     0.01665331
2002  7 18     0.01616454
2002  7 19     0.01568590
2002  7 20     0.01522312
2002  7 21     0.01477444
2002  7 22     0.01433891
2002  7 23     0.01391619
2002  7 24     0.01350596
2002  7 25     0.01310784
2002  7 26     0.01272145
2002  7 27     0.01234645
2002  7 28     0.01198251
2002  7 29     0.01162929
2002  7 30     0.01128649
2002  7 31     0.01095379
2002  8  1     0.01063090
2002  8  2     0.01031753
2002  8  3     0.01001340
2002  8  4     0.00971823
2002  8  5     0.00943176
2002  8  6     0.00915373
2002  8  7     0.00888390
2002  8  8     0.00862203
2002  8  9     0.00836787
2002  8 10     0.00812121
2002  8 11     0.00788181
2002  8 12     0.00764948
2002  8 13     0.00742399
2002  8 14     0.00720515
2002  8 15     0.00699276
2002  8 16     0.00678663
2002  8 17     0.00658658
2002  8 18     0.00639242
2002  8 19     0.00620399
2002  8 20     0.00602111
2002  8 21     0.00584362
2002  8 22     0.00567137
2002  8 23     0.00550419
2002  8 24     0.00534194
2002  8 25     0.00518447
2002  8 26     0.00503165
2002  8 27     0.00488333
2002  8 28     0.00473938
2002  8 29     0.00459967
2002  8 30     0.00446409
2002  8 31     0.00433250
2002  9  1     0.00420479
2002  9  2     0.00408084
2002  9  3     0.00396055
2002  9  4     0.00384380
2002  9  5     0.00373049
2002  9  6     0.00482054
2002  9  7     0.00367692
2002  9  8     0.00341023
2002  9  9     0.00330970
2002  9 10     0.00321214
2002  9 11     0.00311745
2002  9 12     0.00302556
2002  9 13     0.00293637
2002  9 14     0.00284982
2002  9 15     0.00276581
2002  9 16     0.00268428
2002  9 17     0.00260515
2002  9 18     0.00252836
2002  9 19     0.00245383
2002  9 20     0.00238150
2002  9 21     0.00231130
2002  9 22     0.00224317
2002  9 23     0.00217704
2002  9 24     0.00211287
2002  9 25     0.00205059
2002  9 26     0.00199014
2002  9 27     0.00193148
2002  9 28     0.00187454
2002  9 29     0.00181928
2002  9 30     0.00176566
2002 10  1     0.00171361
2002 10  2     0.05382618
2002 10  3     0.00868762
2002 10  4     0.00156666
2002 10  5     0.00152032
2002 10  6     0.00147550
2002 10  7     0.00143201
2002 10  8     0.00138980
2002 10  9     0.00134883
2002 10 10     0.00130907
2002 10 11     0.00127048
2002 10 12     0.00123303
2002 10 13     0.00119668
2002 10 14     0.00116141
2002 10 15     0.00112717
2002 10 16     0.00109395
2002 10 17     0.00106170
2002 10 18     0.00103040
2002 10 19     0.00100003
2002 10 20     0.00097055
2002 10 21     0.00094194
2002 10 22     0.00091418
2002 10 23     0.00088723
2002 10 24     0.00086107
2002 10 25     0.00083569
2002 10 26     0.00081106
2002 10 27     0.00078715
2002 10 28     0.00076395
2002 10 29     0.00074143
2002 10 30     0.00071957
2002 10 31     0.00069836
2002 11  1     0.00067778
2002 11  2     0.00065780
2002 11  3     0.00063841
2002 11  4     0.00061959
2002 11  5     0.00060132
2002 11  6     0.00058360
2002 11  7     0.15457354
2002 11  8     3.02001219
2002 11  9     3.87784765
2002 11 10     0.78818788
2002 11 11     0.18434639
2002 11 12     0.11324359
2002 11 13     0.08766050
2002 11 14     0.07965415
2002 11 15     0.07510978
2002 11 16     0.07108207
2002 11 17     0.06736712
2002 11 18     0.06410350
2002 11 19     0.06115162
2002 11 20     0.05855889
2002 11 21     0.05597668
2002 11 22     0.05365747
2002 11 23     0.05152134
2002 11 24     0.04952822
2002 11 25     0.04766151
2002 11 26     0.04590954
2002 11 27     0.04425854
2002 11 28     0.04269849
2002 11 29     0.04122051
2002 11 30     0.09753126
2002 12  1     0.06048678
2002 12  2     0.05405169
2002 12  3     0.03779538
2002 12  4     0.03483942
2002 12  5     0.03372596
2002 12  6     0.03265738
2002 12  7     0.03163035
2002 12  8     0.03064439
2002 12  9     0.02969364
2002 12 10     0.02898964
2002 12 11     0.02792778
2002 12 12     0.02704585
2002 12 13     0.02624352
2002 12 14     0.04188728
2002 12 15     0.37925442
2002 12 16     0.66931295
2002 12 17     1.84967425
2002 12 18     0.77754434
2002 12 19     0.42644290
2002 12 20     2.19710636
2002 12 21     0.66175229
2002 12 22     0.37818173
2002 12 23     0.33111357
2002 12 24     0.29415223
2002 12 25     0.27342353
2002 12 26     0.25783594
2002 12 27     0.24589137
2002 12 28     0.24987969
2002 12 29     1.60406702
2002 12 30     0.67470198
2002 12 31     1.16801583
2003  1  1     0.61921360
2003  1  2     0.46767063
2003  1  3     0.42622172
2003  1  4     0.39525824
2003  1  5     0.36765351
2003  1  6     0.34724847
2003  1  7     0.33141563
2003  1  8     0.32055833
2003  1  9     0.32159321
2003  1 10     0.40994793
2003  1 11     0.60338181
2003  1 12     0.38187360
2003  1 13     0.34573936
2003  1 14     0.33245636
2003  1 15     0.32609783
2003  1 16     0.30765175
2003  1 17     0.30125700
2003  1 18     0.29027127
2003  1 19     0.28414620
2003  1 20     0.27729061
2003  1 21     0.27345307
2003  1 22     0.27855299
2003  1 23     0.27926242
2003  1 24     0.27381981
2003  1 25     0.26421352
2003  1 26     0.26181261
2003  1 27     0.26648700
2003  1 28     0.27530013
2003  1 29     0.25204580
2003  1 30     0.24621184
2003  1 31     0.24529274
2003  2  1     0.23845220
2003  2  2     0.25135094
2003  2  3     0.20972562
2003  2  4     0.19844221
2003  2  5     0.19090329
2003  2  6     0.18380850
2003  2  7     0.17733203
2003  2  8     0.17128805
2003  2  9     0.16558442
2003  2 10     0.16550528
2003  2 11     0.26214762
2003  2 12     1.01122319
2003  2 13     2.55173229
2003  2 14     1.44224933
2003  2 15     0.77538098
2003  2 16     1.17302670
2003  2 17     0.65879464
2003  2 18     0.55825861
2003  2 19     0.63572231
2003  2 20     0.69747058
2003  2 21     0.47084515
2003  2 22     0.43544913
2003  2 23     0.40445642
2003  2 24     0.38170340
2003  2 25     1.66542565
2003  2 26     2.14230520
2003  2 27     1.78841177
2003  2 28     1.05384074
2003  3  1     0.80160547
2003  3  2     0.70194150
2003  3  3     0.62009621
2003  3  4     0.62854112
2003  3  5     0.57738751
2003  3  6     0.48512146
2003  3  7     0.45744923
2003  3  8     0.43499802
2003  3  9     0.41478258
2003  3 10     0.39882330
2003  3 11     0.38390860
2003  3 12     0.37192653
2003  3 13     0.35912639
2003  3 14     0.36416829
2003  3 15     3.15967380
2003  3 16     2.76509951
2003  3 17     1.76195942
2003  3 18     1.74700369
2003  3 19     1.07940537
2003  3 20     0.93016926
2003  3 21     0.80931918
2003  3 22     0.71234295
2003  3 23     0.65167576
2003  3 24     0.61586581
2003  3 25     0.56651156
2003  3 26     0.54134953
2003  3 27     0.51157100
2003  3 28     0.48162151
2003  3 29     0.47044048
2003  3 30     0.47004882
2003  3 31     0.47080585
2003  4  1     0.52168222
2003  4  2     1.41257082
2003  4  3     1.08736353
2003  4  4     0.66009277
2003  4  5     1.19127718
2003  4  6     0.64869840
2003  4  7     0.64552641
2003  4  8     0.72301058
2003  4  9     0.65885983
2003  4 10     0.56992842
2003  4 11     0.49926980
2003  4 12     0.45843322
2003  4 13     1.29375222
2003  4 14     5.29406322
2003  4 15     3.34404833
2003  4 16     1.66628089
2003  4 17     1.56346314
2003  4 18     2.25717713
2003  4 19     1.33732781
2003  4 20     1.14310418
2003  4 21     1.09473095
2003  4 22     1.67492531
2003  4 23     1.06419918
2003  4 24     0.96788415
2003  4 25     0.90093874
2003  4 26     0.78843315
2003  4 27     0.74903160
2003  4 28     0.87861035
2003  4 29     0.83065473
2003  4 30     0.66930874
2003  5  1     0.68712916
2003  5  2     0.74024146
2003  5  3     3.73741266
2003  5  4     9.04519411
2003  5  5     3.63128373
2003  5  6     2.37452454
2003  5  7     2.21362809
2003  5  8     2.06228105
2003  5  9     1.79867652
2003  5 10     1.35678487
2003  5 11     1.26022095
2003  5 12     1.16623121
2003  5 13     1.01297595
2003  5 14     0.94465595
2003  5 15     0.85480257
2003  5 16     0.79783885
2003  5 17     0.75460207
2003  5 18     0.71840914
2003  5 19     0.68689132
2003  5 20     0.65865858
2003  5 21     0.63293393
2003  5 22     0.60919861
2003  5 23     0.58707922
2003  5 24     0.56762152
2003  5 25     0.54764269
2003  5 26     0.52925790
2003  5 27     0.51136400
2003  5 28     0.49399516
2003  5 29     0.47773554
2003  5 30     0.46272423
2003  5 31     0.44828716
2003  6  1     0.43398494
2003  6  2     0.42025531
2003  6  3     0.40736222
2003  6  4     0.39500456
2003  6  5     0.38307045
2003  6  6     0.37153482
2003  6  7     0.36039135
2003  6  8     0.34959958
2003  6  9     0.33915744
2003  6 10     0.32904371
2003  6 11     0.31926588
2003  6 12     0.30976527
2003  6 13     0.30055706
2003  6 14     0.29162470
2003  6 15     0.28297359
2003  6 16     0.27458636
2003  6 17     0.26645295
2003  6 18     0.25856493
2003  6 19     0.25091426
2003  6 20     0.24349325
2003  6 21     0.23629454
2003  6 22     0.22931106
2003  6 23     0.22253717
2003  6 24     0.21596311
2003  6 25     0.20958617
2003  6 26     0.20339750
2003  6 27     0.19739346
2003  6 28     0.19156767
2003  6 29     0.18591464
2003  6 30     0.18042911
2003  7  1     0.17510604
2003  7  2     0.16994052
2003  7  3     0.16492786
2003  7  4     0.16006403
2003  7  5     0.15534263
2003  7  6     0.15076139
2003  7  7     0.14631557
2003  7  8     0.14200111
2003  7  9     0.13781392
2003  7 10     0.13375040
2003  7 11     0.12980683
2003  7 12     0.12597966
2003  7 13     0.12226556
2003  7 14     0.11866224
2003  7 15     0.11516549
2003  7 16     0.11177159
2003  7 17     0.10847606
2003  7 18     0.10527430
2003  7 19     0.28222633
2003  7 20     0.13409393
2003  7 21     0.09889437
2003  7 22     0.09339761
2003  7 23     0.09064442
2003  7 24     0.09991518
2003  7 25     0.08754675
2003  7 26     0.08286252
2003  7 27     0.08042130
2003  7 28     0.07804953
2003  7 29     0.07740469
2003  7 30     0.14421879
2003  7 31     0.21403827
2003  8  1     0.16164736
2003  8  2     0.13641414
2003  8  3     0.15132701
2003  8  4     0.07352197
2003  8  5     0.06143496
2003  8  6     0.05962378
2003  8  7     0.05786622
2003  8  8     0.05616047
2003  8  9     0.05450500
2003  8 10     0.05289832
2003  8 11     0.05133901
2003  8 12     0.04982567
2003  8 13     0.04835693
2003  8 14     0.04693149
2003  8 15     0.04554806
2003  8 16     0.04420542
2003  8 17     0.04290235
2003  8 18     0.04163770
2003  8 19     0.04041032
2003  8 20     0.11961071
2003  8 21     0.05421014
2003  8 22     0.03785535
2003  8 23     0.03585213
2003  8 24     0.03479528
2003  8 25     0.03376960
2003  8 26     0.03277416
2003  8 27     0.03180806
2003  8 28     0.03087044
2003  8 29     0.02996045
2003  8 30     0.02907729
2003  8 31     0.02822017
2003  9  1     0.02738831
2003  9  2     0.02658097
2003  9  3     0.17291974
2003  9  4     0.13739384
2003  9  5     0.03530948
2003  9  6     0.02358294
2003  9  7     0.02288752
2003  9  8     0.02221285
2003  9  9     0.02155807
2003  9 10     0.02092260
2003  9 11     0.02030585
2003  9 12     0.01970728
2003  9 13     0.01912636
2003  9 14     0.01856256
2003  9 15     0.01801539
2003  9 16     0.01748434
2003  9 17     0.01696894
2003  9 18     0.01646874
2003  9 19     0.01598328
2003  9 20     0.01551214
2003  9 21     0.01505488
2003  9 22     0.01461110
2003  9 23     0.01418040
2003  9 24     0.01376239
2003  9 25     0.01335671
2003  9 26     0.01296299
2003  9 27     0.01258087
2003  9 28     0.01221002
2003  9 29     0.01185010
2003  9 30     0.01150079
2003 10  1     0.01116177
2003 10  2     0.01083275
2003 10  3     0.01051343
2003 10  4     0.01020352
2003 10  5     0.00990275
2003 10  6     0.00961084
2003 10  7     0.00932753
2003 10  8     0.00905258
2003 10  9     0.00878573
2003 10 10     0.00852675
2003 10 11     0.00827540
2003 10 12     0.00803147
2003 10 13     0.00779472
2003 10 14     0.00756495
2003 10 15     0.00734195
2003 10 16     0.00712553
2003 10 17     0.00691549
2003 10 18     0.00671164
2003 10 19     0.00651379
2003 10 20     0.00632178
2003 10 21     0.00613543
2003 10 22     0.00595458
2003 10 23     0.00577905
2003 10 24     0.00560870
2003 10 25     0.00544337
2003 10 26     0.00528291
2003 10 27     0.00512718
2003 10 28     0.00497605
2003 10 29     0.00482937
2003 10 30     0.00468701
2003 10 31     0.00530018
2003 11  1     0.15298123
2003 11  2     0.03516597
2003 11  3     0.10845371
2003 11  4     0.05657517
2003 11  5     0.00831101
2003 11  6     0.00380142
2003 11  7     0.00370798
2003 11  8     0.09720430
2003 11  9     0.51214480
2003 11 10     0.15533635
2003 11 11     0.01416083
2003 11 12     0.09129725
2003 11 13     0.18655144
2003 11 14     0.03014109
2003 11 15     0.05116491
2003 11 16     0.34089056
2003 11 17     0.05363015
2003 11 18     0.00313867
2003 11 19     0.00258531
2003 11 20     0.00250204
2003 11 21     0.00242672
2003 11 22     0.00253400
2003 11 23     0.00230880
2003 11 24     0.00221838
2003 11 25     0.00215299
2003 11 26     0.00208952
2003 11 27     0.00202793
2003 11 28     0.00196815
2003 11 29     0.00191013
2003 11 30     0.00185383
2003 12  1     0.00179918
2003 12  2     0.00174615
2003 12  3     0.00169467
2003 12  4     0.00164472
2003 12  5     0.01134249
2003 12  6     0.09509063
2003 12  7     0.40498873
2003 12  8     0.28000727
2003 12  9     0.04778999
2003 12 10     0.09561809
2003 12 11     0.21676643
2003 12 12     0.05119819
2003 12 13     0.00493326
2003 12 14     0.27011879
2003 12 15     0.21656891
2003 12 16     0.02505012
2003 12 17     0.00128269
2003 12 18     0.00113264
2003 12 19     0.00151487
2003 12 20     0.01173954
2003 12 21     0.03319807
2003 12 22     0.00506333
2003 12 23     0.00617024
2003 12 24     0.22597240
2003 12 25     1.40428549
2003 12 26     1.23172325
2003 12 27     0.21625639
2003 12 28     0.04545480
2003 12 29     0.02791999
2003 12 30     0.31479870
2003 12 31     0.06691007
2004  1  1     0.35513918
2004  1  2     2.27753512
2004  1  3     1.15614257
2004  1  4     0.44936383
2004  1  5     0.34298860
2004  1  6     0.30896665
2004  1  7     0.38811366
2004  1  8     0.29395418
2004  1  9     0.29575401
2004  1 10     0.26826120
2004  1 11     0.25568955
2004  1 12     0.24345410
2004  1 13     0.23397752
2004  1 14     0.22321195
2004  1 15     0.21295123
2004  1 16     0.20436152
2004  1 17     0.19750092
2004  1 18     0.19178812
2004  1 19     0.18444231
2004  1 20     0.18015531
2004  1 21     0.18402613
2004  1 22     0.16604062
2004  1 23     0.16204228
2004  1 24     0.16183282
2004  1 25     0.16069264
2004  1 26     0.14979194
2004  1 27     0.16460403
2004  1 28     0.34475608
2004  1 29     0.18866842
2004  1 30     0.17709699
2004  1 31     0.26405954
2004  2  1     0.17306033
2004  2  2     0.19423563
2004  2  3     1.66385395
2004  2  4     0.47012305
2004  2  5     0.25853469
2004  2  6     0.22069577
2004  2  7     0.20851218
2004  2  8     0.19630236
2004  2  9     0.18709144
2004  2 10     0.17827669
2004  2 11     0.17344403
2004  2 12     0.17124262
2004  2 13     0.16985173
2004  2 14     0.17196481
2004  2 15     0.17537106
2004  2 16     0.20656299
2004  2 17     0.30640078
2004  2 18     0.77753372
2004  2 19     0.94830295
2004  2 20     0.38665958
2004  2 21     0.48466785
2004  2 22     0.52220616
2004  2 23     0.93708800
2004  2 24     0.63180391
2004  2 25     1.59328259
2004  2 26     6.60688634
2004  2 27     2.49869060
2004  2 28     1.69329579
2004  2 29     1.13056650
2004  3  1     1.15108618
2004  3  2     1.94661667
2004  3  3     1.05935187
2004  3  4     0.89562245
2004  3  5     0.80402358
2004  3  6     0.74332677
2004  3  7     0.73275644
2004  3  8     0.73137126
2004  3  9     0.73615288
2004  3 10     0.73674777
2004  3 11     0.73160855
2004  3 12     0.72742485
2004  3 13     0.72105553
2004  3 14     0.70272395
2004  3 15     0.70195444
2004  3 16     0.70189202
2004  3 17     0.67386476
2004  3 18     0.64479030
2004  3 19     0.61009745
2004  3 20     0.59228923
2004  3 21     0.57628940
2004  3 22     0.54208073
2004  3 23     0.51297893
2004  3 24     0.49245665
2004  3 25     0.51049971
2004  3 26     1.12577230
2004  3 27     0.57069471
2004  3 28     0.45827902
2004  3 29     0.44970557
2004  3 30     0.46187823
2004  3 31     0.44679202
2004  4  1     0.42660838
2004  4  2     0.44262539
2004  4  3     0.40466986
2004  4  4     0.40150283
2004  4  5     0.39272607
2004  4  6     0.35955422
2004  4  7     0.33743625
2004  4  8     0.32170797
2004  4  9     0.30770186
2004  4 10     0.29547348
2004  4 11     0.28457499
2004  4 12     0.27460697
2004  4 13     0.26535381
2004  4 14     0.25665401
2004  4 15     0.24838719
2004  4 16     0.24048728
2004  4 17     0.31102635
2004  4 18     0.31119671
2004  4 19     0.23493245
2004  4 20     0.21321169
2004  4 21     0.20545853
2004  4 22     0.19920771
2004  4 23     0.19313886
2004  4 24     0.18725401
2004  4 25     0.18154807
2004  4 26     0.17602357
2004  4 27     0.17069047
2004  4 28     0.16557892
2004  4 29     0.16067293
2004  4 30     0.15591950
2004  5  1     0.15130938
2004  5  2     0.14683731
2004  5  3     0.14249877
2004  5  4     0.13829007
2004  5  5     0.13420568
2004  5  6     0.13024321
2004  5  7     0.12639895
2004  5  8     0.12266898
2004  5  9     0.11904815
2004  5 10     0.11553649
2004  5 11     0.11212843
2004  5 12     0.10882108
2004  5 13     0.10560854
2004  5 14     0.10249446
2004  5 15     0.09947066
2004  5 16     0.09653698
2004  5 17     0.09369024
2004  5 18     0.09092757
2004  5 19     0.08824647
2004  5 20     0.08564452
2004  5 21     0.08311936
2004  5 22     0.08066872
2004  5 23     0.07829166
2004  5 24     0.07598224
2004  5 25     0.07374196
2004  5 26     0.07156847
2004  5 27     0.06945873
2004  5 28     0.06741046
2004  5 29     0.06605991
2004  5 30     0.06360625
2004  5 31     0.06162264
2004  6  1     0.05980607
2004  6  2     0.05804359
2004  6  3     0.05633258
2004  6  4     0.05467143
2004  6  5     0.05306052
2004  6  6     0.05149567
2004  6  7     0.04997755
2004  6  8     0.04850434
2004  6  9     0.04707455
2004  6 10     0.04568691
2004  6 11     0.04434017
2004  6 12     0.04303313
2004  6 13     0.04176462
2004  6 14     0.04053351
2004  6 15     0.03933868
2004  6 16     0.03817907
2004  6 17     0.03705365
2004  6 18     0.03596140
2004  6 19     0.03490135
2004  6 20     0.03387254
2004  6 21     0.03287406
2004  6 22     0.03190502
2004  6 23     0.03096454
2004  6 24     0.03005178
2004  6 25     0.02916593
2004  6 26     0.02830619
2004  6 27     0.02747179
2004  6 28     0.02666199
2004  6 29     0.02587606
2004  6 30     0.02511330
2004  7  1     0.02504247
2004  7  2     0.02424185
2004  7  3     0.02306615
2004  7  4     0.02228522
2004  7  5     0.02162379
2004  7  6     0.02098637
2004  7  7     0.02036775
2004  7  8     0.01976736
2004  7  9     0.01918467
2004  7 10     0.01861915
2004  7 11     0.01807030
2004  7 12     0.01753764
2004  7 13     0.01702067
2004  7 14     0.01651894
2004  7 15     0.01603200
2004  7 16     0.01555942
2004  7 17     0.01510077
2004  7 18     0.01465564
2004  7 19     0.01422362
2004  7 20     0.01380435
2004  7 21     0.01339743
2004  7 22     0.01300251
2004  7 23     0.01261922
2004  7 24     0.01224724
2004  7 25     0.01188622
2004  7 26     0.01153585
2004  7 27     0.01119580
2004  7 28     0.01086577
2004  7 29     0.01054548
2004  7 30     0.01023462
2004  7 31     0.00993293
2004  8  1     0.00964013
2004  8  2     0.00935597
2004  8  3     0.00908018
2004  8  4     0.00881252
2004  8  5     0.00855274
2004  8  6     0.00830063
2004  8  7     0.00805595
2004  8  8     0.00781848
2004  8  9     0.00758801
2004  8 10     0.00736433
2004  8 11     0.00714725
2004  8 12     0.00693657
2004  8 13     0.00673210
2004  8 14     0.00653365
2004  8 15     0.00634105
2004  8 16     0.00615414
2004  8 17     0.00597273
2004  8 18     0.00579667
2004  8 19     0.00562580
2004  8 20     0.00545996
2004  8 21     0.00529901
2004  8 22     0.00514281
2004  8 23     0.00499122
2004  8 24     0.00484409
2004  8 25     0.00470130
2004  8 26     0.00456271
2004  8 27     0.00442822
2004  8 28     0.00429768
2004  8 29     0.00417100
2004  8 30     0.00404805
2004  8 31     0.00392872
2004  9  1     0.00381291
2004  9  2     0.00370052
2004  9  3     0.00359143
2004  9  4     0.00348796
2004  9  5     0.00338321
2004  9  6     0.00328310
2004  9  7     0.00318633
2004  9  8     0.00309240
2004  9  9     0.00300125
2004  9 10     0.00291278
2004  9 11     0.00282692
2004  9 12     0.00274358
2004  9 13     0.00266271
2004  9 14     0.00258422
2004  9 15     0.00250804
2004  9 16     0.00243411
2004  9 17     0.00236236
2004  9 18     0.00229273
2004  9 19     0.00222514
2004  9 20     0.00215995
2004  9 21     0.00277033
2004  9 22     0.00212128
2004  9 23     0.00197415
2004  9 24     0.00191596
2004  9 25     0.00185948
2004  9 26     0.00180467
2004  9 27     0.00175147
2004  9 28     0.00169984
2004  9 29     0.00164973
2004  9 30     0.00160110
2004 10  1     0.00155391
2004 10  2     0.00150810
2004 10  3     0.00146365
2004 10  4     0.00142050
2004 10  5     0.00137863
2004 10  6     0.00133799
2004 10  7     0.00129855
2004 10  8     0.00126027
2004 10  9     0.00122312
2004 10 10     0.00118707
2004 10 11     0.00115208
2004 10 12     0.00111811
2004 10 13     0.00108516
2004 10 14     0.00105317
2004 10 15     0.00102212
2004 10 16     0.00099199
2004 10 17     0.20103574
2004 10 18     0.30657209
2004 10 19     0.35145755
2004 10 20     0.80025260
2004 10 21     0.24559869
2004 10 22     0.03188021
2004 10 23     0.00146694
2004 10 24     0.00081821
2004 10 25     0.02174549
2004 10 26     0.58441121
2004 10 27     0.83646084
2004 10 28     0.14094485
2004 10 29     0.01339961
2004 10 30     0.00131191
2004 10 31     0.00063868
2004 11  1     0.00063942
2004 11  2     0.00066482
2004 11  3     0.00066030
2004 11  4     0.12129191
2004 11  5     0.01612359
2004 11  6     0.00060916
2004 11  7     0.00057781
2004 11  8     0.19732178
2004 11  9     0.15306841
2004 11 10     0.03371468
2004 11 11     0.03879460
2004 11 12     0.02894642
2004 11 13     0.01946255
2004 11 14     0.00248081
2004 11 15     0.00040432
2004 11 16     0.00039236
2004 11 17     0.00038079
2004 11 18     0.00036957
2004 11 19     0.00035867
2004 11 20     0.00034810
2004 11 21     0.23865352
2004 11 22     0.03803801
2004 11 23     0.00086192
2004 11 24     0.00030885
2004 11 25     0.00029973
2004 11 26     0.00029090
2004 11 27     0.01217400
2004 11 28     0.47107463
2004 11 29     0.06074642
2004 11 30     0.00043103
2004 12  1     0.00025048
2004 12  2     0.00024309
2004 12  3     0.00023593
2004 12  4     0.00022897
2004 12  5     0.00022222
2004 12  6     0.00021567
2004 12  7     0.43546097
2004 12  8     0.72098070
2004 12  9     0.12160470
2004 12 10     0.00409148
2004 12 11     0.00028502
2004 12 12     0.00019034
2004 12 13     0.00017534
2004 12 14     0.00016982
2004 12 15     0.00016476
2004 12 16     0.00015990
2004 12 17     0.00015519
2004 12 18     0.00015061
2004 12 19     0.00014617
2004 12 20     0.00015961
2004 12 21     0.00015713
2004 12 22     0.00013625
2004 12 23     0.00015080
2004 12 24     0.00012919
2004 12 25     0.00012215
2004 12 26     0.00011855
2004 12 27     0.11845011
2004 12 28     0.33549020
2004 12 29     0.85846136
2004 12 30     0.56363007
2004 12 31     1.60050289
2005  1  1     0.68936695
2005  1  2     0.25356938
2005  1  3     1.02555453
2005  1  4     1.29403710
2005  1  5     0.63938732
2005  1  6     0.39738513
2005  1  7     0.59943311
2005  1  8     2.46039744
2005  1  9     8.20418423
2005  1 10     5.79568563
2005  1 11     8.40036185
2005  1 12     4.14134118
2005  1 13     2.39102217
2005  1 14     1.93150051
2005  1 15     1.63982860
2005  1 16     1.43748896
2005  1 17     1.29622541
2005  1 18     1.19047739
2005  1 19     1.10830881
2005  1 20     1.04144720
2005  1 21     0.98745975
2005  1 22     0.93932613
2005  1 23     0.89662538
2005  1 24     0.86048926
2005  1 25     0.84736678
2005  1 26     1.03618625
2005  1 27     2.24084256
2005  1 28     2.23731351
2005  1 29     2.61819218
2005  1 30     1.54169801
2005  1 31     1.28525346
2005  2  1     1.12884368
2005  2  2     1.01034806
2005  2  3     0.92451559
2005  2  4     0.85987694
2005  2  5     0.80982975
2005  2  6     0.76927154
2005  2  7     0.73356985
2005  2  8     0.70378388
2005  2  9     0.67551440
2005  2 10     0.65057459
2005  2 11     0.67268705
2005  2 12     0.71115017
2005  2 13     0.61542599
2005  2 14     0.56946556
2005  2 15     0.55078249
2005  2 16     0.57056418
2005  2 17     0.52136924
2005  2 18     1.79182716
2005  2 19     2.11867029
2005  2 20     4.17471419
2005  2 21     2.21975459
2005  2 22     2.81455144
2005  2 23     1.66228786
2005  2 24     1.69031828
2005  2 25     1.21128167
2005  2 26     1.08346559
2005  2 27     0.95480159
2005  2 28     2.21958196
2005  3  1     1.24921141
2005  3  2     1.04921890
2005  3  3     0.93856830
2005  3  4     1.64945141
2005  3  5     1.49442561
2005  3  6     1.03791379
2005  3  7     0.92419885
2005  3  8     0.82996139
2005  3  9     0.75543675
2005  3 10     0.69995923
2005  3 11     0.65696358
2005  3 12     0.62226347
2005  3 13     0.59322065
2005  3 14     0.68478247
2005  3 15     0.56101751
2005  3 16     0.52643089
2005  3 17     0.50761096
2005  3 18     0.49011358
2005  3 19     2.10638368
2005  3 20     5.80909211
2005  3 21     3.30914753
2005  3 22     4.01584069
2005  3 23    10.11105878
2005  3 24     5.10227983
2005  3 25     3.24067429
2005  3 26     2.47112057
2005  3 27     2.07854452
2005  3 28     4.45411052
2005  3 29     3.06266618
2005  3 30     2.14062476
2005  3 31     1.84116206
2005  4  1     1.62509652
2005  4  2     1.46453154
2005  4  3     1.34888213
2005  4  4     2.51989745
2005  4  5     1.62217827
2005  4  6     1.44560367
2005  4  7     1.37011503
2005  4  8     1.64529108
2005  4  9     3.96382221
2005  4 10     2.02856997
2005  4 11     1.70271613
2005  4 12     1.51329780
2005  4 13     1.34297674
2005  4 14     1.19310009
2005  4 15     1.10435908
2005  4 16     1.05761884
2005  4 17     1.02519199
2005  4 18     0.99123230
2005  4 19     0.91364531
2005  4 20     0.86485934
2005  4 21     0.84612759
2005  4 22     0.83951347
2005  4 23     0.81285708
2005  4 24     1.03148118
2005  4 25     0.80693329
2005  4 26     0.74533305
2005  4 27     0.69529746
2005  4 28     0.91343809
2005  4 29     0.99748204
2005  4 30     0.95652512
2005  5  1     0.74520129
2005  5  2     0.69823468
2005  5  3     0.64832448
2005  5  4     0.60632731
2005  5  5     2.93364751
2005  5  6     9.82455027
2005  5  7     4.84489316
2005  5  8     2.76367902
2005  5  9     4.82433650
2005  5 10     3.38646137
2005  5 11     2.37224190
2005  5 12     1.93373362
2005  5 13     1.63579126
2005  5 14     1.41650610
2005  5 15     1.25931157
2005  5 16     2.47207729
2005  5 17     3.97505057
2005  5 18     2.19264239
2005  5 19     1.80346281
2005  5 20     1.54710695
2005  5 21     1.35282791
2005  5 22     1.21333540
2005  5 23     1.11180600
2005  5 24     1.03461907
2005  5 25     0.97353792
2005  5 26     0.92343837
2005  5 27     0.88098423
2005  5 28     0.84416034
2005  5 29     0.81174460
2005  5 30     0.78210875
2005  5 31     0.75353588
2005  6  1     0.72648448
2005  6  2     0.70231220
2005  6  3     0.67914899
2005  6  4     0.65633404
2005  6  5     0.63505175
2005  6  6     0.61623248
2005  6  7     0.59698696
2005  6  8     0.57799217
2005  6  9     0.55909071
2005  6 10     0.54136744
2005  6 11     0.52417664
2005  6 12     0.50774753
2005  6 13     0.49142542
2005  6 14     0.47606902
2005  6 15     0.46174048
2005  6 16     0.44813037
2005  6 17     0.43490378
2005  6 18     0.42322319
2005  6 19     0.41028886
2005  6 20     0.39726915
2005  6 21     0.38509742
2005  6 22     0.37328909
2005  6 23     0.36190352
2005  6 24     0.35122087
2005  6 25     0.34093594
2005  6 26     0.33078948
2005  6 27     0.32075481
2005  6 28     0.31111384
2005  6 29     0.30158215
2005  6 30     0.29224162
2005  7  1     0.28355448
2005  7  2     0.27517668
2005  7  3     0.26704983
2005  7  4     0.25916629
2005  7  5     0.25151376
2005  7  6     0.24409009
2005  7  7     0.23688671
2005  7  8     0.22989685
2005  7  9     0.22311434
2005  7 10     0.21653201
2005  7 11     0.21014642
2005  7 12     0.20394630
2005  7 13     0.19793114
2005  7 14     0.19209387
2005  7 15     0.18642907
2005  7 16     0.18093575
2005  7 17     0.17559614
2005  7 18     0.17042006
2005  7 19     0.16539433
2005  7 20     0.16051688
2005  7 21     0.15578448
2005  7 22     0.15119443
2005  7 23     0.14673510
2005  7 24     0.14241013
2005  7 25     0.13821667
2005  7 26     0.13413774
2005  7 27     0.13018051
2005  7 28     0.12634150
2005  7 29     0.12261706
2005  7 30     0.11900262
2005  7 31     0.11549472
2005  8  1     0.11209022
2005  8  2     0.10878608
2005  8  3     0.10557934
2005  8  4     0.10246712
2005  8  5     0.09944664
2005  8  6     0.10003569
2005  8  7     0.18437763
2005  8  8     0.10170916
2005  8  9     0.08822949
2005  8 10     0.08562846
2005  8 11     0.08310435
2005  8 12     0.08065464
2005  8 13     0.07827714
2005  8 14     0.07596972
2005  8 15     0.28553193
2005  8 16     0.17240924
2005  8 17     0.07871796
2005  8 18     0.06740069
2005  8 19     0.06541368
2005  8 20     0.06348544
2005  8 21     0.06161405
2005  8 22     0.05979782
2005  8 23     0.05803513
2005  8 24     0.05632440
2005  8 25     0.05466410
2005  8 26     0.05305273
2005  8 27     0.05148887
2005  8 28     0.04997111
2005  8 29     0.04849808
2005  8 30     0.04706848
2005  8 31     0.04568102
2005  9  1     0.04433446
2005  9  2     0.04302759
2005  9  3     0.04175924
2005  9  4     0.04052828
2005  9  5     0.03933361
2005  9  6     0.03817415
2005  9  7     0.03704887
2005  9  8     0.03595676
2005  9  9     0.03489685
2005  9 10     0.03386818
2005  9 11     0.03286983
2005  9 12     0.03190090
2005  9 13     0.03096055
2005  9 14     0.03004791
2005  9 15     0.02916217
2005  9 16     0.02830254
2005  9 17     0.02746825
2005  9 18     0.02665856
2005  9 19     0.02587273
2005  9 20     0.02511006
2005  9 21     0.11425714
2005  9 22     0.03456875
2005  9 23     0.02295458
2005  9 24     0.02227769
2005  9 25     0.02162100
2005  9 26     0.04280883
2005  9 27     0.16428284
2005  9 28     0.03655975
2005  9 29     0.01918258
2005  9 30     0.01861675
2005 10  1     0.01806797
2005 10  2     0.01753537
2005 10  3     0.01701848
2005 10  4     0.01651681
2005 10  5     0.01602994
2005 10  6     0.01555742
2005 10  7     0.01509882
2005 10  8     0.01465375
2005 10  9     0.01422179
2005 10 10     0.01380257
2005 10 11     0.01339570
2005 10 12     0.01300083
2005 10 13     0.01261760
2005 10 14     0.01224566
2005 10 15     0.01188469
2005 10 16     0.06711061
2005 10 17     0.01815602
2005 10 18     0.19449990
2005 10 19     0.04967252
2005 10 20     0.01226583
2005 10 21     0.00993170
2005 10 22     0.00963889
2005 10 23     0.00935476
2005 10 24     0.00907901
2005 10 25     0.08438590
2005 10 26     0.01751624
2005 10 27     0.00829977
2005 10 28     0.07800744
2005 10 29     0.01698045
2005 10 30     0.00758724
2005 10 31     0.00736338
2005 11  1     0.00714633
2005 11  2     0.00693567
2005 11  3     0.00673123
2005 11  4     0.00653281
2005 11  5     0.00634024
2005 11  6     0.00615334
2005 11  7     0.00597196
2005 11  8     0.00609835
2005 11  9     0.00567720
2005 11 10     0.00568996
2005 11 11     0.26428293
2005 11 12     0.03711519
2005 11 13     0.00502635
2005 11 14     0.00484346
2005 11 15     0.00470069
2005 11 16     0.00456212
2005 11 17     0.00442764
2005 11 18     0.00429713
2005 11 19     0.00417046
2005 11 20     0.00404753
2005 11 21     0.00392821
2005 11 22     0.00381242
2005 11 23     0.00370004
2005 11 24     0.00359097
2005 11 25     0.00348512
2005 11 26     0.01303953
2005 11 27     0.00451145
2005 11 28     0.00318594
2005 11 29     0.00378911
2005 11 30     0.03144837
2005 12  1     0.00948637
2005 12  2     1.63792760
2005 12  3     0.42588723
2005 12  4     0.05989111
2005 12  5     0.00880773
2005 12  6     0.00273637
2005 12  7     0.00243483
2005 12  8     0.00255101
2005 12  9     0.00232503
2005 12 10     0.00222486
2005 12 11     0.00215927
2005 12 12     0.00209562
2005 12 13     0.00203385
2005 12 14     0.00197389
2005 12 15     0.00191571
2005 12 16     0.00185924
2005 12 17     0.00180443
2005 12 18     0.44608154
2005 12 19     0.56979805
2005 12 20     0.11913130
2005 12 21     0.00956919
2005 12 22     0.00167692
2005 12 23     0.00150791
2005 12 24     0.00146346
2005 12 25     0.00142649
2005 12 26     0.51419483
2005 12 27     0.14433282
2005 12 28     0.20692704
2005 12 29     0.11036131
2005 12 30     0.02233541
2005 12 31     0.87554536
2006  1  1     1.77263785
2006  1  2     9.10382948
2006  1  3     9.72153061
2006  1  4     3.18984644
2006  1  5     1.93203480
2006  1  6     1.57546254
2006  1  7     1.32230984
2006  1  8     1.15087271
2006  1  9     1.03462933
2006  1 10     0.94782798
2006  1 11     0.87996669
2006  1 12     0.82509353
2006  1 13     0.77980349
2006  1 14     0.87841388
2006  1 15     3.03732249
2006  1 16     1.38461056
2006  1 17     1.07839157
2006  1 18     1.88808255
2006  1 19     2.00466738
2006  1 20     1.26817022
2006  1 21     1.09098050
2006  1 22     0.96576251
2006  1 23     0.86830294
2006  1 24     0.79745714
2006  1 25     0.74888455
2006  1 26     0.71367133
2006  1 27     0.69559725
2006  1 28     0.64542701
2006  1 29     0.62073020
2006  1 30     0.59993982
2006  1 31     0.61685531
2006  2  1     0.56064906
2006  2  2     0.54137422
2006  2  3     0.52480622
2006  2  4     0.50693236
2006  2  5     0.48942800
2006  2  6     0.47313008
2006  2  7     0.45968099
2006  2  8     0.44601634
2006  2  9     0.43233757
2006  2 10     0.42021692
2006  2 11     0.40806882
2006  2 12     0.39585122
2006  2 13     0.38285417
2006  2 14     0.37233009
2006  2 15     0.35780218
2006  2 16     0.34617162
2006  2 17     0.33673850
2006  2 18     0.52372097
2006  2 19     0.41048639
2006  2 20     0.32849658
2006  2 21     0.29901200
2006  2 22     0.28979238
2006  2 23     0.28423570
2006  2 24     0.28086095
2006  2 25     0.27266271
2006  2 26     0.27128286
2006  2 27     0.50872943
2006  2 28     5.04435243
2006  3  1     1.88450682
2006  3  2     1.15582376
2006  3  3     2.66315731
2006  3  4     1.76159138
2006  3  5     1.27557527
2006  3  6     3.00053442
2006  3  7     4.38769168
2006  3  8     3.30225144
2006  3  9     1.98807012
2006  3 10     2.26711948
2006  3 11     1.56753173
2006  3 12     1.29784999
2006  3 13     1.07187762
2006  3 14     1.03997122
2006  3 15     1.41334576
2006  3 16     1.25147614
2006  3 17     1.22582677
2006  3 18     3.60073033
2006  3 19     2.29163716
2006  3 20     1.50098925
2006  3 21     3.21733316
2006  3 22     1.74033056
2006  3 23     1.45284132
2006  3 24     1.42199200
2006  3 25     1.67266106
2006  3 26     2.02337474
2006  3 27     1.48532217
2006  3 28     8.00560541
2006  3 29     8.38452604
2006  3 30     3.98479886
2006  3 31     3.44028539
2006  4  1     5.33322130
2006  4  2     3.19969575
2006  4  3     3.13622596
2006  4  4    14.88309977
2006  4  5    18.77838314
2006  4  6    10.14788671
2006  4  7     6.13952454
2006  4  8     5.01160727
2006  4  9     4.21100705
2006  4 10     3.80878064
2006  4 11     4.33275963
2006  4 12     3.58071075
2006  4 13     3.45263568
2006  4 14     3.23641679
2006  4 15     5.95087264
2006  4 16     3.64422046
2006  4 17     3.73300364
2006  4 18     2.92782344
2006  4 19     2.80618681
2006  4 20     2.76357516
2006  4 21     2.64831452
2006  4 22     2.70083450
2006  4 23     3.26271666
2006  4 24     4.14648790
2006  4 25     2.81266576
2006  4 26     2.67521843
2006  4 27     2.38507122
2006  4 28     2.25921121
2006  4 29     2.16771242
2006  4 30     2.05854212
2006  5  1     1.97735201
2006  5  2     1.90678938
2006  5  3     1.83108861
2006  5  4     1.75352101
2006  5  5     1.67078827
2006  5  6     1.62400640
2006  5  7     1.57396449
2006  5  8     1.54741331
2006  5  9     1.52050872
2006  5 10     1.37606269
2006  5 11     1.29827640
2006  5 12     1.24271028
2006  5 13     1.19390181
2006  5 14     1.15070046
2006  5 15     1.10919210
2006  5 16     1.07085577
2006  5 17     1.03502542
2006  5 18     1.00114434
2006  5 19     0.96871158
2006  5 20     0.93972715
2006  5 21     0.97074275
2006  5 22     1.46298507
2006  5 23     0.97360774
2006  5 24     0.83721321
2006  5 25     0.80661863
2006  5 26     0.78260513
2006  5 27     0.75943497
2006  5 28     0.73853929
2006  5 29     0.71504005
2006  5 30     0.69226101
2006  5 31     0.67048045
2006  6  1     0.64883264
2006  6  2     0.62848054
2006  6  3     0.60963133
2006  6  4     0.59051899
2006  6  5     0.57246588
2006  6  6     0.55516081
2006  6  7     0.53875177
2006  6  8     0.52276151
2006  6  9     0.50732821
2006  6 10     0.49224438
2006  6 11     0.47759967
2006  6 12     0.46380144
2006  6 13     0.45030000
2006  6 14     0.43746006
2006  6 15     0.42409729
2006  6 16     0.41079092
2006  6 17     0.39803309
2006  6 18     0.38619797
2006  6 19     0.37479863
2006  6 20     0.36374577
2006  6 21     0.35302013
2006  6 22     0.34261121
2006  6 23     0.33250941
2006  6 24     0.32270586
2006  6 25     0.31319594
2006  6 26     0.30396162
2006  6 27     0.29500110
2006  6 28     0.28630295
2006  6 29     0.27786019
2006  6 30     0.26966771
2006  7  1     0.26171651
2006  7  2     0.25400200
2006  7  3     0.24651296
2006  7  4     0.23924600
2006  7  5     0.23219633
2006  7  6     0.22534881
2006  7  7     0.21870600
2006  7  8     0.21225857
2006  7  9     0.20600154
2006  7 10     0.21380256
2006  7 11     0.19574411
2006  7 12     0.18831644
2006  7 13     0.18276482
2006  7 14     0.17737727
2006  7 15     0.17214878
2006  7 16     0.16707411
2006  7 17     0.16214915
2006  7 18     0.17704430
2006  7 19     0.15852636
2006  7 20     0.14867861
2006  7 21     0.28586208
2006  7 22     0.15693388
2006  7 23     0.14131058
2006  7 24     0.13222303
2006  7 25     0.12763199
2006  7 26     0.12386970
2006  7 27     0.12021833
2006  7 28     0.11667459
2006  7 29     0.11323531
2006  7 30     0.10989742
2006  7 31     0.10665792
2006  8  1     0.10351391
2006  8  2     0.10046257
2006  8  3     0.09750119
2006  8  4     0.09462709
2006  8  5     0.09183772
2006  8  6     0.08913057
2006  8  7     0.08650323
2006  8  8     0.08395333
2006  8  9     0.08147859
2006  8 10     0.07907681
2006  8 11     0.07674582
2006  8 12     0.07448354
2006  8 13     0.07228795
2006  8 14     0.07015708
2006  8 15     0.06808903
2006  8 16     0.06608193
2006  8 17     0.06413400
2006  8 18     0.06224349
2006  8 19     0.06040871
2006  8 20     0.05862801
2006  8 21     0.05689980
2006  8 22     0.05522254
2006  8 23     0.05359471
2006  8 24     0.05201487
2006  8 25     0.05048160
2006  8 26     0.04899353
2006  8 27     0.04754932
2006  8 28     0.04614769
2006  8 29     0.04478737
2006  8 30     0.04346715
2006  8 31     0.04218585
2006  9  1     0.04094231
2006  9  2     0.03973543
2006  9  3     0.03856413
2006  9  4     0.03742736
2006  9  5     0.03632409
2006  9  6     0.03525335
2006  9  7     0.03421417
2006  9  8     0.03320562
2006  9  9     0.03222680
2006  9 10     0.03127683
2006  9 11     0.03035487
2006  9 12     0.02946008
2006  9 13     0.02859167
2006  9 14     0.02774886
2006  9 15     0.02693090
2006  9 16     0.02613704
2006  9 17     0.02536658
2006  9 18     0.02461884
2006  9 19     0.02389314
2006  9 20     0.02318883
2006  9 21     0.02250528
2006  9 22     0.02184188
2006  9 23     0.02119803
2006  9 24     0.02057317
2006  9 25     0.01996672
2006  9 26     0.01937815
2006  9 27     0.01880693
2006  9 28     0.01825255
2006  9 29     0.01771451
2006  9 30     0.01719233
2006 10  1     0.01668555
2006 10  2     0.16389866
2006 10  3     0.03378513
2006 10  4     0.01525431
2006 10  5     0.01480345
2006 10  6     0.01436708
2006 10  7     0.01394357
2006 10  8     0.01353255
2006 10  9     0.01313364
2006 10 10     0.01274650
2006 10 11     0.01237076
2006 10 12     0.01200610
2006 10 13     0.01165219
2006 10 14     0.09499825
2006 10 15     0.05199017
2006 10 16     0.01439498
2006 10 17     0.01033793
2006 10 18     0.02572150
2006 10 19     0.01189069
2006 10 20     0.00945038
2006 10 21     0.00917176
2006 10 22     0.00890139
2006 10 23     0.00863900
2006 10 24     0.00838435
2006 10 25     0.00813720
2006 10 26     0.00789733
2006 10 27     0.00766454
2006 10 28     0.00743861
2006 10 29     0.00721934
2006 10 30     0.00700653
2006 10 31     0.00679999
2006 11  1     0.00659955
2006 11  2     0.00640501
2006 11  3     0.00621620
2006 11  4     0.00603297
2006 11  5     0.00585513
2006 11  6     0.00568253
2006 11  7     0.00551503
2006 11  8     0.00535246
2006 11  9     0.00519468
2006 11 10     0.00504155
2006 11 11     0.00489294
2006 11 12     0.00474871
2006 11 13     0.00460873
2006 11 14     0.13218832
2006 11 15     0.02158103
2006 11 16     0.00421355
2006 11 17     0.00408887
2006 11 18     0.00396834
2006 11 19     0.00385137
2006 11 20     0.00373784
2006 11 21     0.00362766
2006 11 22     0.00352072
2006 11 23     0.00341694
2006 11 24     0.00331622
2006 11 25     0.00321846
2006 11 26     0.00312359
2006 11 27     0.03816089
2006 11 28     0.01083017
2006 11 29     0.00333563
2006 11 30     0.00277127
2006 12  1     0.00268957
2006 12  2     0.00261028
2006 12  3     0.00253334
2006 12  4     0.00245866
2006 12  5     0.00238619
2006 12  6     0.00231585
2006 12  7     0.00224758
2006 12  8     0.00218133
2006 12  9     0.00211703
2006 12 10     1.33421113
2006 12 11     0.34955764
2006 12 12     0.05930030
2006 12 13     0.01364664
2006 12 14     0.00275974
2006 12 15     0.00176915
2006 12 16     0.00879619
2006 12 17     0.34518630
2006 12 18     0.05226874
2006 12 19     0.00278162
2006 12 20     0.00156041
2006 12 21     0.00149706
2006 12 22     0.67053569
2006 12 23     0.13503804
2006 12 24     0.02928408
2006 12 25     0.00255648
2006 12 26     0.00194204
2006 12 27     0.64818798
2006 12 28     0.36365854
2006 12 29     0.06146584
2006 12 30     0.00950261
2006 12 31     0.00156400
2007  1  1     0.00120265
2007  1  2     0.00105171
2007  1  3     0.00100200
2007  1  4     0.05918940
2007  1  5     0.49239559
2007  1  6     0.06602139
2007  1  7     0.00255610
2007  1  8     0.00092049
2007  1  9     0.00083734
2007  1 10     0.00081266
2007  1 11     0.00078870
2007  1 12     0.00166275
2007  1 13     0.00155940
2007  1 14     0.00130710
2007  1 15     0.00154067
2007  1 16     0.00226382
2007  1 17     0.00185016
2007  1 18     0.00078843
2007  1 19     0.00067144
2007  1 20     0.00078634
2007  1 21     0.00061527
2007  1 22     0.00056751
2007  1 23     0.00055078
2007  1 24     0.00058017
2007  1 25     0.00145595
2007  1 26     0.00185605
2007  1 27     0.00146391
2007  1 28     0.20845496
2007  1 29     0.11702816
2007  1 30     0.05489171
2007  1 31     0.01205745
2007  2  1     0.01882448
2007  2  2     0.00259345
2007  2  3     0.00039637
2007  2  4     0.00039074
2007  2  5     0.00179751
2007  2  6     0.00251879
2007  2  7     0.00328952
2007  2  8     0.00150291
2007  2  9     0.00066360
2007  2 10     0.04804518
2007  2 11     1.21809258
2007  2 12     0.27177478
2007  2 13     0.33438734
2007  2 14     0.13655568
2007  2 15     0.03391393
2007  2 16     0.01301284
2007  2 17     0.01210164
2007  2 18     0.01430230
2007  2 19     0.24268523
2007  2 20     0.05728571
2007  2 21     0.01326391
2007  2 22     0.12968182
2007  2 23     0.87502986
2007  2 24     0.24410712
2007  2 25     0.15599529
2007  2 26     0.10656116
2007  2 27     1.71841355
2007  2 28     0.86269178
2007  3  1     0.44346288
2007  3  2     0.27776895
2007  3  3     0.28119391
2007  3  4     0.34459593
2007  3  5     0.35759998
2007  3  6     0.32923514
2007  3  7     0.34117577
2007  3  8     0.31179747
2007  3  9     0.27927503
2007  3 10     0.25735653
2007  3 11     0.24527420
2007  3 12     0.23304082
2007  3 13     0.22562146
2007  3 14     0.21728037
2007  3 15     0.20597513
2007  3 16     0.20009447
2007  3 17     0.19544246
2007  3 18     0.18341261
2007  3 19     0.16724512
2007  3 20     0.19496079
2007  3 21     2.07997067
2007  3 22     0.59772531
2007  3 23     0.32300669
2007  3 24     0.29395832
2007  3 25     0.42894476
2007  3 26     0.27907218
2007  3 27     0.84355498
2007  3 28     0.53265143
2007  3 29     0.34872009
2007  3 30     0.30471717
2007  3 31     0.28552957
2007  4  1     0.26977655
2007  4  2     0.25641323
2007  4  3     0.24476970
2007  4  4     0.23437865
2007  4  5     0.22495983
2007  4  6     0.21631377
2007  4  7     0.22885579
2007  4  8     0.20330710
2007  4  9     0.19374509
2007  4 10     0.18708215
2007  4 11     0.18075672
2007  4 12     0.28601181
2007  4 13     0.19127485
2007  4 14     0.17242693
2007  4 15     0.76370064
2007  4 16     1.00672171
2007  4 17     0.36557625
2007  4 18     0.24900806
2007  4 19     0.23383515
2007  4 20     0.22581366
2007  4 21     0.28197312
2007  4 22     1.31273140
2007  4 23     1.28622615
2007  4 24     0.53676867
2007  4 25     0.41794819
2007  4 26     0.36907278
2007  4 27     0.33807612
2007  4 28     0.31582289
2007  4 29     0.29764159
2007  4 30     0.28237316
2007  5  1     0.26915598
2007  5  2     0.25745718
2007  5  3     0.26635457
2007  5  4     0.27609638
2007  5  5     0.23845844
2007  5  6     0.22077975
2007  5  7     0.21221855
2007  5  8     0.20481981
2007  5  9     0.19784297
2007  5 10     0.19125215
2007  5 11     0.18497724
2007  5 12     0.17897566
2007  5 13     0.17323555
2007  5 14     0.16772424
2007  5 15     0.16242629
2007  5 16     0.15733600
2007  5 17     0.15244505
2007  5 18     0.14773644
2007  5 19     0.14319454
2007  5 20     0.13881073
2007  5 21     0.13458177
2007  5 22     0.13049900
2007  5 23     0.12655527
2007  5 24     0.12274745
2007  5 25     0.11906392
2007  5 26     0.11549833
2007  5 27     0.11204649
2007  5 28     0.10870209
2007  5 29     0.10546266
2007  5 30     0.10232381
2007  5 31     0.09928181
2007  6  1     0.09633317
2007  6  2     0.09347462
2007  6  3     0.09070304
2007  6  4     0.08801548
2007  6  5     0.08540914
2007  6  6     0.08288132
2007  6  7     0.08042948
2007  6  8     0.07805117
2007  6  9     0.07574403
2007  6 10     0.07350581
2007  6 11     0.07133436
2007  6 12     0.06922759
2007  6 13     0.06718349
2007  6 14     0.06520015
2007  6 15     0.06327569
2007  6 16     0.06140859
2007  6 17     0.05959731
2007  6 18     0.05783792
2007  6 19     0.05613152
2007  6 20     0.05447584
2007  6 21     0.05286897
2007  6 22     0.05130976
2007  6 23     0.04979648
2007  6 24     0.04832799
2007  6 25     0.04690287
2007  6 26     0.04552145
2007  6 27     0.04417835
2007  6 28     0.04288063
2007  6 29     0.04161449
2007  6 30     0.04038346
2007  7  1     0.03919200
2007  7  2     0.03803664
2007  7  3     0.03691542
2007  7  4     0.03582724
2007  7  5     0.03477114
2007  7  6     0.03374618
2007  7  7     0.03275331
2007  7  8     0.03178666
2007  7  9     0.03084902
2007  7 10     0.02993959
2007  7 11     0.02905705
2007  7 12     0.02820052
2007  7 13     0.02736924
2007  7 14     0.02656246
2007  7 15     0.02577946
2007  7 16     0.02501955
2007  7 17     0.02428204
2007  7 18     0.02356682
2007  7 19     0.02287160
2007  7 20     0.02219737
2007  7 21     0.02154305
2007  7 22     0.02090801
2007  7 23     0.02029170
2007  7 24     0.01969388
2007  7 25     0.01911304
2007  7 26     0.01854962
2007  7 27     0.01800511
2007  7 28     0.01747351
2007  7 29     0.01695827
2007  7 30     0.01646005
2007  7 31     0.01597210
2007  8  1     0.01550112
2007  8  2     0.01504416
2007  8  3     0.01460074
2007  8  4     0.01417030
2007  8  5     0.01375259
2007  8  6     0.01334720
2007  8  7     0.01295376
2007  8  8     0.01257511
2007  8  9     0.01220153
2007  8 10     0.01184156
2007  8 11     0.01149274
2007  8 12     0.01115445
2007  8 13     0.01082499
2007  8 14     0.01050583
2007  8 15     0.01019620
2007  8 16     0.00989559
2007  8 17     0.00960408
2007  8 18     0.00932133
2007  8 19     0.00904607
2007  8 20     0.00877935
2007  8 21     0.00852056
2007  8 22     0.00826940
2007  8 23     0.00802563
2007  8 24     0.00778906
2007  8 25     0.00755946
2007  8 26     0.00733783
2007  8 27     0.00712050
2007  8 28     0.00691043
2007  8 29     0.00670672
2007  8 30     0.01792162
2007  8 31     0.01025830
2007  9  1     0.00644444
2007  9  2     0.00595022
2007  9  3     0.00577481
2007  9  4     0.00560458
2007  9  5     0.00543938
2007  9  6     0.00527904
2007  9  7     0.00512342
2007  9  8     0.00497240
2007  9  9     0.00482582
2007  9 10     0.00468357
2007  9 11     0.00454551
2007  9 12     0.00441152
2007  9 13     0.00428148
2007  9 14     0.00415527
2007  9 15     0.00403278
2007  9 16     0.00391391
2007  9 17     0.00379854
2007  9 18     0.00368656
2007  9 19     0.00357789
2007  9 20     0.00482423
2007  9 21     0.02933609
2007  9 22     0.34866334
2007  9 23     0.37977777
2007  9 24     0.05976044
2007  9 25     0.00407684
2007  9 26     0.00290180
2007  9 27     0.00281626
2007  9 28     0.00273324
2007  9 29     0.00265267
2007  9 30     0.00257448
2007 10  1     0.00249859
2007 10  2     0.00242494
2007 10  3     0.00235345
2007 10  4     0.00228408
2007 10  5     0.00221675
2007 10  6     0.08712625
2007 10  7     0.01259071
2007 10  8     0.00202668
2007 10  9     0.00196671
2007 10 10     0.00190873
2007 10 11     0.00185247
2007 10 12     0.00179786
2007 10 13     0.11726713
2007 10 14     0.01556451
2007 10 15     0.00164480
2007 10 16     0.00159507
2007 10 17     0.04128689
2007 10 18     0.00651208
2007 10 19     0.00147261
2007 10 20     0.00141515
2007 10 21     0.00137343
2007 10 22     0.00133295
2007 10 23     0.00129365
2007 10 24     0.00125552
2007 10 25     0.00121851
2007 10 26     0.00118259
2007 10 27     0.00114773
2007 10 28     0.00111390
2007 10 29     0.00108106
2007 10 30     1.05775695
2007 10 31     0.18184330
2007 11  1     0.00609910
2007 11  2     0.00107603
2007 11  3     0.00093085
2007 11  4     0.00090341
2007 11  5     0.00087678
2007 11  6     0.00085093
2007 11  7     0.00082585
2007 11  8     0.00080151
2007 11  9     0.00077788
2007 11 10     0.00075495
2007 11 11     0.12837914
2007 11 12     0.23105085
2007 11 13     0.03271511
2007 11 14     0.00091447
2007 11 15     0.00065005
2007 11 16     0.00063089
2007 11 17     0.00061229
2007 11 18     0.00059424
2007 11 19     0.00057673
2007 11 20     0.00055973
2007 11 21     0.00054323
2007 11 22     0.00052721
2007 11 23     0.00051167
2007 11 24     0.00049659
2007 11 25     0.00048195
2007 11 26     0.00046774
2007 11 27     0.00045396
2007 11 28     0.00044057
2007 11 29     0.00042759
2007 11 30     0.00041498
2007 12  1     0.00040275
2007 12  2     0.00039088
2007 12  3     0.00037936
2007 12  4     0.00036817
2007 12  5     0.00035732
2007 12  6     0.02502902
2007 12  7     1.77934471
2007 12  8     0.80124151
2007 12  9     0.25950305
2007 12 10     0.04820533
2007 12 11     0.00797567
2007 12 12     0.00090430
2007 12 13     0.00054563
2007 12 14     0.00047742
2007 12 15     0.00067121
2007 12 16     0.00092046
2007 12 17     0.00115772
2007 12 18     0.32226184
2007 12 19     1.58309113
2007 12 20     0.30355184
2007 12 21     0.20809511
2007 12 22     0.05682833
2007 12 23     0.01946816
2007 12 24     0.00894859
2007 12 25     0.00816332
2007 12 26     0.00949522
2007 12 27     0.03102064
2007 12 28     0.01413893
2007 12 29     0.01109043
2007 12 30     0.00797146
2007 12 31     0.00698868
2008  1  1     0.00625391
2008  1  2     0.00669263
2008  1  3     0.00730443
2008  1  4     0.25029934
2008  1  5     5.83253157
2008  1  6     4.08412214
2008  1  7     1.31474558
2008  1  8     0.83397019
2008  1  9     1.10742732
2008  1 10     0.74352985
2008  1 11     0.65171298
2008  1 12     0.60525452
2008  1 13     0.56339268
2008  1 14     0.52896820
2008  1 15     0.49986863
2008  1 16     0.47457623
2008  1 17     0.45222537
2008  1 18     0.43215183
2008  1 19     0.41389030
2008  1 20     0.39712189
2008  1 21     0.38534845
2008  1 22     0.36764959
2008  1 23     0.35465578
2008  1 24     1.16609478
2008  1 25     0.75624078
2008  1 26     0.54773365
2008  1 27     0.76313655
2008  1 28     3.07466831
2008  1 29     1.28454984
2008  1 30     0.99992546
2008  1 31     0.74786097
2008  2  1     0.82049684
2008  2  2     0.80312468
2008  2  3     7.44500615
2008  2  4     4.84699519
2008  2  5     2.26716176
2008  2  6     1.45845566
2008  2  7     1.17963990
2008  2  8     1.02474771
2008  2  9     0.89776717
2008  2 10     0.82239440
2008  2 11     0.77244467
2008  2 12     0.73376220
2008  2 13     0.71176370
2008  2 14     0.71424074
2008  2 15     0.63469558
2008  2 16     0.61140162
2008  2 17     0.59999656
2008  2 18     0.59932651
2008  2 19     0.65376022
2008  2 20     2.61229930
2008  2 21     2.33502423
2008  2 22     4.85949347
2008  2 23     5.09322532
2008  2 24     5.12449723
2008  2 25     4.30388640
2008  2 26     2.50388965
2008  2 27     2.00587265
2008  2 28     1.73608620
2008  2 29     1.54939908
2008  3  1     1.41306697
2008  3  2     1.27229010
2008  3  3     1.17748615
2008  3  4     1.11590943
2008  3  5     1.05949949
2008  3  6     1.01516016
2008  3  7     0.96895352
2008  3  8     0.93089050
2008  3  9     0.89563341
2008  3 10     0.86923530
2008  3 11     0.84551904
2008  3 12     0.82123122
2008  3 13     0.79669469
2008  3 14     0.76714344
2008  3 15     0.73689040
2008  3 16     0.76992761
2008  3 17     0.69171878
2008  3 18     0.66267285
2008  3 19     0.64320694
2008  3 20     0.62428566
2008  3 21     0.60091310
2008  3 22     0.58320432
2008  3 23     0.56869831
2008  3 24     0.55346300
2008  3 25     0.53665335
2008  3 26     0.52025538
2008  3 27     0.49994203
2008  3 28     0.48205950
2008  3 29     0.46898485
2008  3 30     0.58915503
2008  3 31     0.53652785
2008  4  1     0.43874741
2008  4  2     0.42373016
2008  4  3     0.40892160
2008  4  4     0.39855186
2008  4  5     0.38661274
2008  4  6     0.37380478
2008  4  7     0.36080684
2008  4  8     0.34739207
2008  4  9     0.33556298
2008  4 10     0.32666231
2008  4 11     0.33280339
2008  4 12     0.35862171
2008  4 13     0.39142831
2008  4 14     0.41075090
2008  4 15     0.37667104
2008  4 16     0.32929463
2008  4 17     0.29961016
2008  4 18     0.28042123
2008  4 19     0.26568501
2008  4 20     0.25395417
2008  4 21     0.24398654
2008  4 22     0.23471381
2008  4 23     0.22613218
2008  4 24     0.21838587
2008  4 25     0.21113524
2008  4 26     0.20421469
2008  4 27     0.19759379
2008  4 28     0.19127135
2008  4 29     0.18526033
2008  4 30     0.17959132
2008  5  1     0.17416487
2008  5  2     0.16877844
2008  5  3     0.16354039
2008  5  4     0.15853893
2008  5  5     0.15371577
2008  5  6     0.14902893
2008  5  7     0.14445864
2008  5  8     0.14015256
2008  5  9     0.13590676
2008  5 10     0.13181634
2008  5 11     0.12785749
2008  5 12     0.12407729
2008  5 13     0.12042665
2008  5 14     0.11686969
2008  5 15     0.11342535
2008  5 16     0.11007983
2008  5 17     0.10683441
2008  5 18     0.10368505
2008  5 19     0.10062855
2008  5 20     0.09766216
2008  5 21     0.09478323
2008  5 22     0.09198918
2008  5 23     0.17880252
2008  5 24     0.10937397
2008  5 25     0.38945969
2008  5 26     0.84019472
2008  5 27     0.19852027
2008  5 28     0.08945368
2008  5 29     0.08427991
2008  5 30     0.07384464
2008  5 31     0.07027258
2008  6  1     0.06820091
2008  6  2     0.06619048
2008  6  3     0.06423935
2008  6  4     0.06234574
2008  6  5     0.06050794
2008  6  6     0.05872432
2008  6  7     0.05699327
2008  6  8     0.05531325
2008  6  9     0.05368275
2008  6 10     0.05210032
2008  6 11     0.05056453
2008  6 12     0.04907401
2008  6 13     0.04762743
2008  6 14     0.04622350
2008  6 15     0.04486094
2008  6 16     0.04353855
2008  6 17     0.04225514
2008  6 18     0.04100957
2008  6 19     0.03980071
2008  6 20     0.03862748
2008  6 21     0.03748884
2008  6 22     0.03638376
2008  6 23     0.03531126
2008  6 24     0.03427037
2008  6 25     0.03326017
2008  6 26     0.03227974
2008  6 27     0.03132821
2008  6 28     0.03040473
2008  6 29     0.02950848
2008  6 30     0.02863864
2008  7  1     0.02779445
2008  7  2     0.02697513
2008  7  3     0.02617997
2008  7  4     0.02540825
2008  7  5     0.02465928
2008  7  6     0.02393239
2008  7  7     0.02322692
2008  7  8     0.02254225
2008  7  9     0.02187776
2008  7 10     0.02123286
2008  7 11     0.02060697
2008  7 12     0.01999952
2008  7 13     0.01940999
2008  7 14     0.01889126
2008  7 15     0.01829059
2008  7 16     0.05761064
2008  7 17     0.04392134
2008  7 18     0.02062549
2008  7 19     0.01622039
2008  7 20     0.01574216
2008  7 21     0.01527813
2008  7 22     0.01482776
2008  7 23     0.01439068
2008  7 24     0.01396648
2008  7 25     0.01355478
2008  7 26     0.01315522
2008  7 27     0.01276744
2008  7 28     0.01239108
2008  7 29     0.01202582
2008  7 30     0.01167133
2008  7 31     0.01132729
2008  8  1     0.01099339
2008  8  2     0.01066933
2008  8  3     0.01035483
2008  8  4     0.01004959
2008  8  5     0.00975336
2008  8  6     0.00946585
2008  8  7     0.00918682
2008  8  8     0.00891602
2008  8  9     0.00865320
2008  8 10     0.00839812
2008  8 11     0.00815056
2008  8 12     0.00791031
2008  8 13     0.00767713
2008  8 14     0.00745083
2008  8 15     0.00723120
2008  8 16     0.00701804
2008  8 17     0.00681116
2008  8 18     0.00661039
2008  8 19     0.00641553
2008  8 20     0.00622642
2008  8 21     0.00604288
2008  8 22     0.00586475
2008  8 23     0.00569187
2008  8 24     0.00552409
2008  8 25     0.00536125
2008  8 26     0.00520321
2008  8 27     0.00504984
2008  8 28     0.00490098
2008  8 29     0.00475651
2008  8 30     0.00461630
2008  8 31     0.00448022
2008  9  1     0.00434816
2008  9  2     0.00421999
2008  9  3     0.00409559
2008  9  4     0.00397486
2008  9  5     0.00385769
2008  9  6     0.00374398
2008  9  7     0.00363362
2008  9  8     0.00352651
2008  9  9     0.00342255
2008  9 10     0.00332166
2008  9 11     0.00322375
2008  9 12     0.00312872
2008  9 13     0.00303649
2008  9 14     0.00294699
2008  9 15     0.00286012
2008  9 16     0.00277581
2008  9 17     0.00269398
2008  9 18     0.00261457
2008  9 19     0.00253750
2008  9 20     0.00246270
2008  9 21     0.00239011
2008  9 22     0.00231965
2008  9 23     0.00225128
2008  9 24     0.00218491
2008  9 25     0.00212051
2008  9 26     0.00205800
2008  9 27     0.00199734
2008  9 28     0.00193846
2008  9 29     0.00188132
2008  9 30     0.00214219
2008 10  1     0.00182652
2008 10  2     0.00171981
2008 10  3     0.00166911
2008 10  4     0.08783761
2008 10  5     0.02103629
2008 10  6     0.00259031
2008 10  7     0.00148086
2008 10  8     0.00143718
2008 10  9     0.00139482
2008 10 10     0.00135370
2008 10 11     0.00131380
2008 10 12     0.00127507
2008 10 13     0.00123749
2008 10 14     0.00120101
2008 10 15     0.00116561
2008 10 16     0.00113125
2008 10 17     0.00109790
2008 10 18     0.00106554
2008 10 19     0.00103413
2008 10 20     0.00100364
2008 10 21     0.00097406
2008 10 22     0.00094535
2008 10 23     0.00091748
2008 10 24     0.00089044
2008 10 25     0.00086419
2008 10 26     0.00083871
2008 10 27     0.00081399
2008 10 28     0.00079000
2008 10 29     0.00076671
2008 10 30     0.00074411
2008 10 31     0.01035715
2008 11  1     0.07035223
2008 11  2     1.08728630
2008 11  3     0.16998272
2008 11  4     0.31027603
2008 11  5     0.28291253
2008 11  6     0.06687001
2008 11  7     0.00449748
2008 11  8     0.00056852
2008 11  9     0.36895240
2008 11 10     0.12506509
2008 11 11     0.01101446
2008 11 12     0.00057199
2008 11 13     0.00049034
2008 11 14     0.00047503
2008 11 15     0.00046103
2008 11 16     0.00044744
2008 11 17     0.00043425
2008 11 18     0.00042145
2008 11 19     0.00040902
2008 11 20     0.00039697
2008 11 21     0.00038526
2008 11 22     0.00037391
2008 11 23     0.00036289
2008 11 24     0.00035219
2008 11 25     0.00034181
2008 11 26     0.63151987
2008 11 27     0.37788962
2008 11 28     0.18411283
2008 11 29     0.02596275
2008 11 30     0.00068680
2008 12  1     0.00028564
2008 12  2     0.00027722
2008 12  3     0.00026905
2008 12  4     0.00026112
2008 12  5     0.00025456
2008 12  6     0.00024613
2008 12  7     0.00023870
2008 12  8     0.03487173
2008 12  9     0.00424581
2008 12 10     0.00021830
2008 12 11     0.00021177
2008 12 12     0.00020553
2008 12 13     0.07387949
2008 12 14     0.08959249
2008 12 15     0.81420314
2008 12 16     0.78409736
2008 12 17     0.14203941
2008 12 18     0.03324940
2008 12 19     0.00882213
2008 12 20     0.00050967
2008 12 21     0.00017154
2008 12 22     0.85498730
2008 12 23     0.17992005
2008 12 24     0.02725165
2008 12 25     0.03820508
2008 12 26     0.51515564
2008 12 27     0.08749443
2008 12 28     0.01998840
2008 12 29     0.01436967
2008 12 30     0.01347894
2008 12 31     0.01601160
2009  1  1     0.01275560
2009  1  2     0.01198158
2009  1  3     0.10773976
2009  1  4     0.02838338
2009  1  5     0.01397397
2009  1  6     0.06846448
2009  1  7     0.02164686
2009  1  8     0.01529593
2009  1  9     0.01936084
2009  1 10     0.01563838
2009  1 11     0.01584544
2009  1 12     0.01608087
2009  1 13     0.01635935
2009  1 14     0.01708152
2009  1 15     0.01737576
2009  1 16     0.01734710
2009  1 17     0.01638480
2009  1 18     0.01623108
2009  1 19     0.01590421
2009  1 20     0.01535093
2009  1 21     0.01597507
2009  1 22     0.20809435
2009  1 23     0.40909779
2009  1 24     1.29474210
2009  1 25     0.76492782
2009  1 26     0.50432145
2009  1 27     0.30447287
2009  1 28     0.22121871
2009  1 29     0.19001590
2009  1 30     0.21740646
2009  1 31     0.17265567
2009  2  1     0.16099964
2009  2  2     0.15324342
2009  2  3     0.14590956
2009  2  4     0.13927556
2009  2  5     0.19186210
2009  2  6     0.44470925
2009  2  7     1.03259745
2009  2  8     0.64842611
2009  2  9     1.57135351
2009  2 10     0.59315155
2009  2 11     0.38278469
2009  2 12     1.34549418
2009  2 13     0.64302880
2009  2 14     0.49528175
2009  2 15     0.41643664
2009  2 16     1.54786140
2009  2 17     3.08403379
2009  2 18     2.24648259
2009  2 19     1.03650472
2009  2 20     0.78563527
2009  2 21     0.69417685
2009  2 22     0.96786856
2009  2 23     1.81044176
2009  2 24     0.97237900
2009  2 25     0.79599814
2009  2 26     0.70479609
2009  2 27     0.66026231
2009  2 28     0.62397232
2009  3  1     0.64589544
2009  3  2     0.68036676
2009  3  3     0.62602334
2009  3  4     1.68144552
2009  3  5     1.35463429
2009  3  6     0.83532582
2009  3  7     0.73576836
2009  3  8     0.67320617
2009  3  9     0.63408493
2009  3 10     0.58020542
2009  3 11     0.55367537
2009  3 12     0.53869025
2009  3 13     0.53227283
2009  3 14     0.54081281
2009  3 15     0.52951712
2009  3 16     0.51795899
2009  3 17     0.53281416
2009  3 18     0.54451584
2009  3 19     0.55627597
2009  3 20     0.56770208
2009  3 21     0.55455163
2009  3 22     1.19670893
2009  3 23     1.22487222
2009  3 24     0.68221078
2009  3 25     0.68430769
2009  3 26     0.65853629
2009  3 27     0.58004713
2009  3 28     0.55284295
2009  3 29     0.52036414
2009  3 30     0.47621156
2009  3 31     0.44918781
2009  4  1     0.43131207
2009  4  2     0.41593722
2009  4  3     0.40222006
2009  4  4     0.38045732
2009  4  5     0.36540442
2009  4  6     0.36091569
2009  4  7     0.35390763
2009  4  8     2.52014342
2009  4  9     1.08142040
2009  4 10     0.71094196
2009  4 11     1.36982648
2009  4 12     0.75484297
2009  4 13     0.64301172
2009  4 14     0.56299615
2009  4 15     0.50311162
2009  4 16     0.45067226
2009  4 17     0.42086766
2009  4 18     0.39058666
2009  4 19     0.36726733
2009  4 20     0.34937818
2009  4 21     0.33419536
2009  4 22     0.32078555
2009  4 23     0.30870731
2009  4 24     0.29771640
2009  4 25     0.28767556
2009  4 26     0.27804055
2009  4 27     0.26888126
2009  4 28     0.26021997
2009  4 29     0.25198709
2009  4 30     0.24401793
2009  5  1     0.23632434
2009  5  2     2.63523285
2009  5  3     0.87817956
2009  5  4     0.58673218
2009  5  5     0.49667951
2009  5  6     0.42371096
2009  5  7     0.37333021
2009  5  8     0.33753618
2009  5  9     0.31114725
2009  5 10     0.29092180
2009  5 11     0.27476204
2009  5 12     0.26145473
2009  5 13     0.25009945
2009  5 14     0.24010193
2009  5 15     0.23103049
2009  5 16     0.22271807
2009  5 17     0.21492106
2009  5 18     0.20758781
2009  5 19     0.20079827
2009  5 20     0.19433237
2009  5 21     0.18809961
2009  5 22     0.18215476
2009  5 23     0.17646315
2009  5 24     0.17100910
2009  5 25     0.16576260
2009  5 26     0.16069262
2009  5 27     0.15579603
2009  5 28     0.15113779
2009  5 29     0.33723602
2009  5 30     0.16472033
2009  5 31     0.13816065
2009  6  1     0.13430651
2009  6  2     0.12983182
2009  6  3     0.12586904
2009  6  4     0.15914083
2009  6  5     0.59081351
2009  6  6     0.42365915
2009  6  7     0.14717112
2009  6  8     0.11796886
2009  6  9     0.10657141
2009  6 10     0.10197639
2009  6 11     0.09890285
2009  6 12     0.09597602
2009  6 13     0.09313757
2009  6 14     0.09038334
2009  6 15     0.08771181
2009  6 16     0.08512015
2009  6 17     0.10390045
2009  6 18     0.08274629
2009  6 19     0.07779935
2009  6 20     0.07550266
2009  6 21     0.07327420
2009  6 22     0.07111278
2009  6 23     0.06901356
2009  6 24     0.06697731
2009  6 25     0.06500148
2009  6 26     0.06308411
2009  6 27     0.06122344
2009  6 28     0.05941796
2009  6 29     0.05766573
2009  6 30     0.05596505
2009  7  1     0.05431517
2009  7  2     0.05271374
2009  7  3     0.05116006
2009  7  4     0.04965299
2009  7  5     0.04818827
2009  7  6     0.04676546
2009  7  7     0.04538980
2009  7  8     0.04404811
2009  7  9     0.04274901
2009  7 10     0.04148888
2009  7 11     0.04026589
2009  7 12     0.03907895
2009  7 13     0.03792700
2009  7 14     0.03680901
2009  7 15     0.03572397
2009  7 16     0.03467091
2009  7 17     0.03364890
2009  7 18     0.03265702
2009  7 19     0.03169437
2009  7 20     0.03076010
2009  7 21     0.02985337
2009  7 22     0.02897336
2009  7 23     0.02811930
2009  7 24     0.02729041
2009  7 25     0.02648596
2009  7 26     0.02570522
2009  7 27     0.02494749
2009  7 28     0.02421210
2009  7 29     0.02349839
2009  7 30     0.02280572
2009  7 31     0.02213346
2009  8  1     0.02148102
2009  8  2     0.02084781
2009  8  3     0.02023327
2009  8  4     0.01963685
2009  8  5     0.01905800
2009  8  6     0.01849622
2009  8  7     0.01795100
2009  8  8     0.01742184
2009  8  9     0.01690829
2009  8 10     0.01640988
2009  8 11     0.01592616
2009  8 12     0.01545669
2009  8 13     0.01500107
2009  8 14     0.01455887
2009  8 15     0.01412971
2009  8 16     0.01371320
2009  8 17     0.01330897
2009  8 18     0.01291666
2009  8 19     0.01253591
2009  8 20     0.01216638
2009  8 21     0.01180774
2009  8 22     0.01145968
2009  8 23     0.02431312
2009  8 24     0.01280161
2009  8 25     0.01047590
2009  8 26     0.01016705
2009  8 27     0.00986735
2009  8 28     0.00957649
2009  8 29     0.00929419
2009  8 30     0.00902023
2009  8 31     0.00875433
2009  9  1     0.00849628
2009  9  2     0.00824583
2009  9  3     0.00800276
2009  9  4     0.00776686
2009  9  5     0.00753791
2009  9  6     0.00731571
2009  9  7     0.00710006
2009  9  8     0.00689077
2009  9  9     0.00668765
2009  9 10     0.00649051
2009  9 11     0.00629919
2009  9 12     0.00611350
2009  9 13     0.00593329
2009  9 14     0.00575839
2009  9 15     0.00558865
2009  9 16     0.00542391
2009  9 17     0.00526403
2009  9 18     0.00510886
2009  9 19     0.00495826
2009  9 20     0.00481210
2009  9 21     0.00467026
2009  9 22     0.00453259
2009  9 23     0.00439898
2009  9 24     0.00426931
2009  9 25     0.00414346
2009  9 26     0.00402132
2009  9 27     0.00390278
2009  9 28     0.00378774
2009  9 29     0.00367608
2009  9 30     0.00356772
2009 10  1     0.00346255
2009 10  2     0.00336049
2009 10  3     0.00326143
2009 10  4     0.00316529
2009 10  5     0.00307198
2009 10  6     0.00298143
2009 10  7     0.00289355
2009 10  8     0.00280825
2009 10  9     0.00272547
2009 10 10     0.00264513
2009 10 11     0.00256716
2009 10 12     0.00249148
2009 10 13     0.10954965
2009 10 14     3.21731855
2009 10 15     0.54435271
2009 10 16     0.04733548
2009 10 17     0.00385312
2009 10 18     0.00209018
2009 10 19     0.00202068
2009 10 20     0.01193523
2009 10 21     0.00315009
2009 10 22     0.00184723
2009 10 23     0.00179275
2009 10 24     0.00173990
2009 10 25     0.00168862
2009 10 26     0.00163884
2009 10 27     0.00159053
2009 10 28     0.00154365
2009 10 29     0.00149814
2009 10 30     0.00145398
2009 10 31     0.00141112
2009 11  1     0.00136953
2009 11  2     0.00132916
2009 11  3     0.00128998
2009 11  4     0.00125195
2009 11  5     0.00121505
2009 11  6     0.00117923
2009 11  7     0.00114447
2009 11  8     0.00111073
2009 11  9     0.00107799
2009 11 10     0.00104621
2009 11 11     0.00101537
2009 11 12     0.00098544
2009 11 13     0.10811248
2009 11 14     0.01373685
2009 11 15     0.00090120
2009 11 16     0.00087429
2009 11 17     0.00084852
2009 11 18     0.00082350
2009 11 19     0.00079923
2009 11 20     0.00077567
2009 11 21     0.00347641
2009 11 22     0.00149159
2009 11 23     0.00076539
2009 11 24     0.00068818
2009 11 25     0.00066789
2009 11 26     0.00064820
2009 11 27     0.00062909
2009 11 28     0.25734099
2009 11 29     0.03228394
2009 11 30     0.00060771
2009 12  1     0.00055813
2009 12  2     0.00054168
2009 12  3     0.00052571
2009 12  4     0.00051022
2009 12  5     0.00049518
2009 12  6     0.00048058
2009 12  7     0.27395462
2009 12  8     0.31984061
2009 12  9     0.05899853
2009 12 10     0.01543125
2009 12 11     0.93340896
2009 12 12     0.78068234
2009 12 13     2.48813400
2009 12 14     0.68561915
2009 12 15     0.25697583
2009 12 16     0.18971791
2009 12 17     0.16389313
2009 12 18     0.15211294
2009 12 19     0.14280185
2009 12 20     0.13474673
2009 12 21     0.12771462
2009 12 22     2.15116277
2009 12 23     0.65809665
2009 12 24     0.35656832
2009 12 25     0.30948488
2009 12 26     0.28512993
2009 12 27     0.27389060
2009 12 28     0.25130466
2009 12 29     0.23748910
2009 12 30     0.98258792
2009 12 31     0.41778429
2010  1  1     0.30497416
2010  1  2     0.28015248
2010  1  3     0.26305291
2010  1  4     0.24964236
2010  1  5     0.23764736
2010  1  6     0.22621442
2010  1  7     0.21734825
2010  1  8     0.20797884
2010  1  9     0.20060324
2010  1 10     0.19327598
2010  1 11     0.18559188
2010  1 12     0.17984968
2010  1 13     2.19158953
2010  1 14     0.98642166
2010  1 15     0.49141693
2010  1 16     0.41660657
2010  1 17     0.37852677
2010  1 18     1.93652496
2010  1 19     2.73064383
2010  1 20     3.52782375
2010  1 21     4.14524477
2010  1 22     7.48120973
2010  1 23     4.69984987
2010  1 24     2.56852541
2010  1 25     1.96835634
2010  1 26     1.58978315
2010  1 27     1.36605269
2010  1 28     1.16466848
2010  1 29     1.05742444
2010  1 30     0.98713803
2010  1 31     0.91276889
2010  2  1     0.84398462
2010  2  2     0.80913225
2010  2  3     0.75866125
2010  2  4     0.72526070
2010  2  5     1.38835891
2010  2  6     3.29125767
2010  2  7     5.85687749
2010  2  8     2.70371996
2010  2  9     2.01867882
2010  2 10     2.45964304
2010  2 11     1.58508101
2010  2 12     1.35620680
2010  2 13     1.23463461
2010  2 14     1.12379973
2010  2 15     1.05598078
2010  2 16     0.96139044
2010  2 17     0.90737888
2010  2 18     0.85376617
2010  2 19     0.81147937
2010  2 20     0.81053819
2010  2 21     2.29009561
2010  2 22     3.51582596
2010  2 23     1.73433188
2010  2 24     6.54301794
2010  2 25     5.60593688
2010  2 26     2.80030323
2010  2 27     9.90730707
2010  2 28     6.45880192
2010  3  1     3.49910241
2010  3  2     2.75711764
2010  3  3     2.32892626
2010  3  4     6.20893759
2010  3  5     3.08619273
2010  3  6     2.39095152
2010  3  7     2.06395005
2010  3  8     2.33831199
2010  3  9     2.83400951
2010  3 10     2.02901019
2010  3 11     1.77413415
2010  3 12     1.64458605
2010  3 13     5.69010613
2010  3 14     2.69733520
2010  3 15     2.12462521
2010  3 16     1.91637900
2010  3 17     1.75067411
2010  3 18     1.62433413
2010  3 19     1.52528398
2010  3 20     1.45646474
2010  3 21     1.41028878
2010  3 22     1.32866597
2010  3 23     1.25936445
2010  3 24     1.21354720
2010  3 25     1.17086900
2010  3 26     1.11345776
2010  3 27     1.07347460
2010  3 28     1.05016405
2010  3 29     1.04406380
2010  3 30     1.02570417
2010  3 31     1.04473190
2010  4  1     1.02160049
2010  4  2     0.91886809
2010  4  3     0.87896471
2010  4  4     0.84451177
2010  4  5     2.44706992
2010  4  6     1.66755354
2010  4  7     1.17577379
2010  4  8     1.12259029
2010  4  9     1.11836737
2010  4 10     1.04758884
2010  4 11     0.95686468
2010  4 12     6.18126774
2010  4 13     5.52122873
2010  4 14     2.64440430
2010  4 15     2.04383241
2010  4 16     1.74203095
2010  4 17     1.52402093
2010  4 18     1.38873935
2010  4 19     1.30533235
2010  4 20     1.54596772
2010  4 21    12.60133042
2010  4 22     5.27214990
2010  4 23     3.22243529
2010  4 24     2.57323632
2010  4 25     2.22131097
2010  4 26     1.99645029
2010  4 27     1.85871456
2010  4 28     1.86605068
2010  4 29     1.62250860
2010  4 30     1.68498626
2010  5  1     1.43070192
2010  5  2     1.37363466
2010  5  3     1.36422140
2010  5  4     1.33819654
2010  5  5     1.26721873
2010  5  6     1.18955984
2010  5  7     1.13358678
2010  5  8     1.10145258
2010  5  9     1.05984501
2010  5 10     1.02507367
2010  5 11     1.04946201
2010  5 12     0.91985467
2010  5 13     0.90013356
2010  5 14     0.91018345
2010  5 15     0.92678659
2010  5 16     0.93110471
2010  5 17     0.93900719
2010  5 18     0.95044773
2010  5 19     0.78624578
2010  5 20     0.72752329
2010  5 21     0.69558345
2010  5 22     0.66676255
2010  5 23     0.64987331
2010  5 24     0.62120232
2010  5 25     0.60023803
2010  5 26     0.57640886
2010  5 27     0.55681534
2010  5 28     0.65304962
2010  5 29     0.53797219
2010  5 30     0.50549447
2010  5 31     0.48879603
2010  6  1     0.47284956
2010  6  2     0.45860697
2010  6  3     0.44429218
2010  6  4     0.42978312
2010  6  5     0.41621869
2010  6  6     0.40267204
2010  6  7     0.39012813
2010  6  8     0.37866323
2010  6  9     0.36730532
2010  6 10     0.35692388
2010  6 11     0.34716823
2010  6 12     0.34220657
2010  6 13     0.32548586
2010  6 14     0.31467886
2010  6 15     0.30500252
2010  6 16     0.29618927
2010  6 17     0.28753719
2010  6 18     0.27893069
2010  6 19     0.27073278
2010  6 20     0.26296321
2010  6 21     0.25488573
2010  6 22     0.24728168
2010  6 23     0.23994271
2010  6 24     0.23280145
2010  6 25     0.22593247
2010  6 26     0.21926846
2010  6 27     0.21278017
2010  6 28     0.20650284
2010  6 29     0.20041923
2010  6 30     0.19450671
2010  7  1     0.18877143
2010  7  2     0.18320504
2010  7  3     0.17780454
2010  7  4     0.17256143
2010  7  5     0.16747584
2010  7  6     0.16253481
2010  7  7     0.15774394
2010  7  8     0.15309292
2010  7  9     0.14857986
2010  7 10     0.14420004
2010  7 11     0.17619653
2010  7 12     0.14002759
2010  7 13     0.13182023
2010  7 14     0.12793437
2010  7 15     0.12416330
2010  7 16     0.12085754
2010  7 17     0.11782333
2010  7 18     0.11364382
2010  7 19     0.11015763
2010  7 20     0.10691042
2010  7 21     0.10375896
2010  7 22     0.10070041
2010  7 23     0.09773201
2010  7 24     0.09485111
2010  7 25     0.09205514
2010  7 26     0.08934158
2010  7 27     0.08670801
2010  7 28     0.08415208
2010  7 29     0.08167148
2010  7 30     0.07926401
2010  7 31     0.07692751
2010  8  1     0.07465987
2010  8  2     0.07245909
2010  8  3     0.07032317
2010  8  4     0.06825022
2010  8  5     0.06623837
2010  8  6     0.06428583
2010  8  7     0.06239084
2010  8  8     0.06055172
2010  8  9     0.05876680
2010  8 10     0.05703450
2010  8 11     0.05535327
2010  8 12     0.05372159
2010  8 13     0.05213801
2010  8 14     0.05060111
2010  8 15     0.04910952
2010  8 16     0.04766189
2010  8 17     0.04625694
2010  8 18     0.04489340
2010  8 19     0.04357005
2010  8 20     0.04228572
2010  8 21     0.04103924
2010  8 22     0.03982950
2010  8 23     0.03865543
2010  8 24     0.03751596
2010  8 25     0.03641009
2010  8 26     0.03533681
2010  8 27     0.03429517
2010  8 28     0.03328423
2010  8 29     0.03230309
2010  8 30     0.03135088
2010  8 31     0.03042673
2010  9  1     0.02952983
2010  9  2     0.02865936
2010  9  3     0.02781456
2010  9  4     0.02699465
2010  9  5     0.02619892
2010  9  6     0.02542664
2010  9  7     0.02467712
2010  9  8     0.02394970
2010  9  9     0.02516882
2010  9 10     0.02280846
2010  9 11     0.02189359
2010  9 12     0.02124822
2010  9 13     0.02062187
2010  9 14     0.02001399
2010  9 15     0.01942403
2010  9 16     0.01885146
2010  9 17     0.01829576
2010  9 18     0.01775645
2010  9 19     0.01723303
2010  9 20     0.01672505
2010  9 21     0.01623203
2010  9 22     0.01575355
2010  9 23     0.01528918
2010  9 24     0.01483849
2010  9 25     0.01440109
2010  9 26     0.01397658
2010  9 27     0.01356459
2010  9 28     0.01316474
2010  9 29     0.01277667
2010  9 30     0.01240005
2010 10  1     0.01203453
2010 10  2     0.01882859
2010 10  3     0.08775655
2010 10  4     0.03140289
2010 10  5     0.02881066
2010 10  6     0.01403234
2010 10  7     0.41956784
2010 10  8     0.08765677
2010 10  9     0.01097552
2010 10 10     0.00919355
2010 10 11     0.00892247
2010 10 12     0.00865946
2010 10 13     0.00840420
2010 10 14     0.00815646
2010 10 15     0.00791603
2010 10 16     0.00768268
2010 10 17     0.00745622
2010 10 18     0.04201143
2010 10 19     0.01138321
2010 10 20     0.00682876
2010 10 21     0.00750480
2010 10 22     0.00654975
2010 10 23     0.00623092
2010 10 24     0.00604725
2010 10 25     0.33470870
2010 10 26     0.04719626
2010 10 27     0.00553316
2010 10 28     0.00536513
2010 10 29     0.00520698
2010 10 30     0.29330187
2010 10 31     0.06213233
2010 11  1     0.00728275
2010 11  2     0.00461970
2010 11  3     0.00448347
2010 11  4     0.00435130
2010 11  5     0.00422304
2010 11  6     0.00409855
2010 11  7     0.08427721
2010 11  8     1.13526819
2010 11  9     0.18684096
2010 11 10     0.01561461
2010 11 11     0.01161939
2010 11 12     0.00443115
2010 11 13     0.00332409
2010 11 14     0.00322608
2010 11 15     0.00313099
2010 11 16     0.00303869
2010 11 17     0.00294912
2010 11 18     0.00286219
2010 11 19     0.00277782
2010 11 20     0.68890607
2010 11 21     1.14212474
2010 11 22     0.31421185
2010 11 23     0.09436649
2010 11 24     0.58242953
2010 11 25     0.09636452
2010 11 26     0.01512701
2010 11 27     0.00299103
2010 11 28     0.88862951
2010 11 29     0.15491850
2010 11 30     0.02904475
2010 12  1     0.00908351
2010 12  2     0.00308837
2010 12  3     0.00307535
2010 12  4     0.00434269
2010 12  5     0.00450866
2010 12  6     0.85480961
2010 12  7     0.18241405
2010 12  8     0.05497799
2010 12  9     0.05154505
2010 12 10     0.04928383
2010 12 11     0.04698236
2010 12 12     0.04482884
2010 12 13     0.04277543
2010 12 14     0.04223600
2010 12 15     0.22950958
2010 12 16     0.19844377
2010 12 17     0.35302607
2010 12 18     4.69269181
2010 12 19    19.62681677
2010 12 20    20.76468396
2010 12 21    12.70150140
2010 12 22     9.70811418
2010 12 23     7.69229754
2010 12 24     4.97014879
2010 12 25     3.94326270
2010 12 26     8.06429838
2010 12 27     4.45123096
2010 12 28     3.53016093
2010 12 29    23.74483951
2010 12 30    12.59119149
2010 12 31     6.94424597
2011  1  1     5.51732523
2011  1  2    11.40326653
2011  1  3    10.16086597
2011  1  4     5.99205909
2011  1  5     4.84916434
2011  1  6     4.14861794
2011  1  7     3.63889892
2011  1  8     3.27817690
2011  1  9     3.01566527
2011  1 10     2.81412645
2011  1 11     2.65300344
2011  1 12     2.52031235
2011  1 13     2.40843238
2011  1 14     2.30934335
2011  1 15     2.22241201
2011  1 16     2.14359222
2011  1 17     2.06987572
2011  1 18     2.00077347
2011  1 19     1.93847642
2011  1 20     1.87283276
2011  1 21     1.81429865
2011  1 22     1.75690804
2011  1 23     1.70179061
2011  1 24     1.64810641
2011  1 25     1.59610932
2011  1 26     1.54667388
2011  1 27     1.49930769
2011  1 28     1.45318940
2011  1 29     1.40856178
2011  1 30     1.56021824
2011  1 31     1.89197896
2011  2  1     1.47024619
2011  2  2     1.32837169
2011  2  3     1.28268960
2011  2  4     1.23221856
2011  2  5     1.18632498
2011  2  6     1.14562083
2011  2  7     1.10759256
2011  2  8     1.07283113
2011  2  9     1.03812148
2011  2 10     1.00603067
2011  2 11     0.97543985
2011  2 12     0.94796372
2011  2 13     0.92065281
2011  2 14     0.89239200
2011  2 15     0.86435474
2011  2 16     1.69008654
2011  2 17     3.93654051
2011  2 18     2.03717080
2011  2 19     4.08498987
2011  2 20     4.14362861
2011  2 21     2.59955962
2011  2 22     2.01013634
2011  2 23     1.68523977
2011  2 24     1.42933320
2011  2 25     1.90927082
2011  2 26     7.58131430
2011  2 27     3.30561906
2011  2 28     2.40329912
2011  3  1     1.95940576
2011  3  2     1.84212763
2011  3  3     3.76584680
2011  3  4     3.35294341
2011  3  5     2.33549628
2011  3  6     2.07818915
2011  3  7     8.25926106
2011  3  8     3.84245180
2011  3  9     2.86108689
2011  3 10     2.48807125
2011  3 11     2.18954529
2011  3 12     1.91069987
2011  3 13     1.77599202
2011  3 14     1.67515961
2011  3 15     1.61400177
2011  3 16     1.72299158
2011  3 17     2.51157509
2011  3 18     1.68594271
2011  3 19     3.84936913
2011  3 20     3.98866134
2011  3 21    15.28223887
2011  3 22     7.09677000
2011  3 23     5.97523075
2011  3 24    14.22104875
2011  3 25    11.68188556
2011  3 26     7.11358262
2011  3 27     5.44459869
2011  3 28     4.44053437
2011  3 29     3.85085716
2011  3 30     3.59834320
2011  3 31     3.49902332
2011  4  1     3.42690287
2011  4  2     3.43044269
2011  4  3     3.27573767
2011  4  4     2.88227702
2011  4  5     2.72587884
2011  4  6     2.70867986
2011  4  7     2.79815589
2011  4  8     4.14325968
2011  4  9     2.81490592
2011  4 10     2.54117247
2011  4 11     2.68146242
2011  4 12     2.66435212
2011  4 13     2.41004670
2011  4 14     2.14129719
2011  4 15     2.04608930
2011  4 16     2.04172487
2011  4 17     2.07505929
2011  4 18     2.00322064
2011  4 19     1.87646161
2011  4 20     1.79045063
2011  4 21     1.97079188
2011  4 22     1.69966563
2011  4 23     1.62584857
2011  4 24     1.56988936
2011  4 25     1.50597348
2011  4 26     1.44720651
2011  4 27     1.39663330
2011  4 28     1.37589254
2011  4 29     1.33084640
2011  4 30     1.25483990
2011  5  1     1.22221837
2011  5  2     1.21729354
2011  5  3     1.21409826
2011  5  4     1.20467497
2011  5  5     1.20420569
2011  5  6     1.20336907
2011  5  7     1.16983817
2011  5  8     1.13734093
2011  5  9     1.04218587
2011  5 10     0.95365790
2011  5 11     0.94006532
2011  5 12     0.96334268
2011  5 13     0.96122824
2011  5 14     0.96688191
2011  5 15     1.29881038
2011  5 16     0.86717229
2011  5 17     1.06866556
2011  5 18     1.94953274
2011  5 19     1.57287105
2011  5 20     1.12911260
2011  5 21     1.08824535
2011  5 22     0.91748183
2011  5 23     0.82032449
2011  5 24     0.75606198
2011  5 25     0.70615871
2011  5 26     0.66675200
2011  5 27     0.63642624
2011  5 28     0.60888564
2011  5 29     1.50672976
2011  5 30     1.36228420
2011  5 31     0.88545920
2011  6  1     0.79649484
2011  6  2     0.71604833
2011  6  3     0.64990925
2011  6  4     0.60028275
2011  6  5     0.59369147
2011  6  6     3.25714241
2011  6  7     1.43646265
2011  6  8     1.11530867
2011  6  9     0.94092381
2011  6 10     0.80399031
2011  6 11     0.71036450
2011  6 12     0.64379647
2011  6 13     0.59431858
2011  6 14     0.55482249
2011  6 15     0.52258086
2011  6 16     0.49726233
2011  6 17     0.47632029
2011  6 18     0.45727575
2011  6 19     0.44003923
2011  6 20     0.42220568
2011  6 21     0.40637891
2011  6 22     0.39117284
2011  6 23     0.37778770
2011  6 24     0.36670296
2011  6 25     0.35566990
2011  6 26     0.34441587
2011  6 27     0.33325869
2011  6 28     0.32172879
2011  6 29     0.31216606
2011  6 30     0.30514737
2011  7  1     0.29436401
2011  7  2     0.28324999
2011  7  3     0.27369154
2011  7  4     0.26523489
2011  7  5     0.25722268
2011  7  6     0.27444855
2011  7  7     0.24806695
2011  7  8     0.23513581
2011  7  9     0.69144373
2011  7 10     0.28233488
2011  7 11     0.21457782
2011  7 12     0.20823210
2011  7 13     0.20211302
2011  7 14     0.19614038
2011  7 15     0.19035784
2011  7 16     0.18472814
2011  7 17     0.17922635
2011  7 18     0.17389345
2011  7 19     0.16872122
2011  7 20     0.16373342
2011  7 21     0.15889779
2011  7 22     0.15420602
2011  7 23     0.14965368
2011  7 24     0.14523650
2011  7 25     0.14095036
2011  7 26     0.13679127
2011  7 27     0.13275538
2011  7 28     0.12883898
2011  7 29     0.12503847
2011  7 30     0.12135037
2011  7 31     0.18700055
2011  8  1     0.35159724
2011  8  2     0.14007569
2011  8  3     0.10765698
2011  8  4     0.10448182
2011  8  5     0.10140129
2011  8  6     0.09841124
2011  8  7     0.09550981
2011  8  8     0.09269375
2011  8  9     0.08996319
2011  8 10     0.08730994
2011  8 11     0.08473562
2011  8 12     0.08224119
2011  8 13     0.07981169
2011  8 14     0.07745963
2011  8 15     0.07517466
2011  8 16     0.07295839
2011  8 17     0.07080776
2011  8 18     0.06872052
2011  8 19     0.06669481
2011  8 20     0.06472881
2011  8 21     0.06282077
2011  8 22     0.06096897
2011  8 23     0.05917175
2011  8 24     0.05742752
2011  8 25     0.05573470
2011  8 26     0.05409178
2011  8 27     0.05249729
2011  8 28     0.05094980
2011  8 29     0.04944792
2011  8 30     0.04799032
2011  8 31     0.04657569
2011  9  1     0.04520275
2011  9  2     0.04387029
2011  9  3     0.04257710
2011  9  4     0.04132203
2011  9  5     0.04010396
2011  9  6     0.03892180
2011  9  7     0.03777448
2011  9  8     0.03666098
2011  9  9     0.03558031
2011  9 10     0.03453149
2011  9 11     0.04836327
2011  9 12     0.03427413
2011  9 13     0.03536506
2011  9 14     0.03154513
2011  9 15     0.03004826
2011  9 16     0.02890607
2011  9 17     0.02800622
2011  9 18     0.02718067
2011  9 19     0.02637945
2011  9 20     0.02560185
2011  9 21     0.02484754
2011  9 22     0.02643928
2011  9 23     0.02369928
2011  9 24     0.02271401
2011  9 25     0.02204445
2011  9 26     0.02139464
2011  9 27     0.02076398
2011  9 28     0.02015191
2011  9 29     0.01955788
2011  9 30     0.01898136
2011 10  1     0.01842184
2011 10  2     0.01787881
2011 10  3     0.01735178
2011 10  4     0.02736269
2011 10  5     0.68312239
2011 10  6     1.20023987
2011 10  7     0.23896780
2011 10  8     0.04457276
2011 10  9     0.01545386
2011 10 10     0.01407289
2011 10 11     0.01365806
2011 10 12     0.01325545
2011 10 13     0.01286471
2011 10 14     0.01248549
2011 10 15     0.01211745
2011 10 16     0.01176026
2011 10 17     0.01141360
2011 10 18     0.01107715
2011 10 19     0.01075063
2011 10 20     0.01043372
2011 10 21     0.01012616
2011 10 22     0.00982767
2011 10 23     0.00953797
2011 10 24     0.00925682
2011 10 25     0.00898395
2011 10 26     0.00871913
2011 10 27     0.00846211
2011 10 28     0.00821267
2011 10 29     0.00797058
2011 10 30     0.00773562
2011 10 31     0.00750760
2011 11  1     0.00728629
2011 11  2     0.00707151
2011 11  3     0.00686306
2011 11  4     0.33340285
2011 11  5     0.16061297
2011 11  6     0.26437369
2011 11  7     0.05187772
2011 11  8     0.00774109
2011 11  9     0.00649751
2011 11 10     0.00697433
2011 11 11     0.00845697
2011 11 12     0.55440353
2011 11 13     0.09111721
2011 11 14     0.00581872
2011 11 15     0.00479694
2011 11 16     0.00465147
2011 11 17     0.00451436
2011 11 18     0.00438129
2011 11 19     0.00425214
2011 11 20     0.06244570
2011 11 21     0.35325881
2011 11 22     0.05371206
2011 11 23     0.00481143
2011 11 24     0.00526535
2011 11 25     0.00479079
2011 11 26     0.00412213
2011 11 27     0.00474075
2011 11 28     0.00535708
2011 11 29     0.00360401
2011 11 30     0.00308050
2011 12  1     0.00813178
2011 12  2     0.00351466
2011 12  3     0.00279697
2011 12  4     0.00271451
2011 12  5     0.00263449
2011 12  6     0.00255683
2011 12  7     0.00248147
2011 12  8     0.00240832
2011 12  9     0.00233733
2011 12 10     0.00226843
2011 12 11     0.00220156
2011 12 12     0.00213666
2011 12 13     0.00910567
2011 12 14     0.00327757
2011 12 15     0.00201169
2011 12 16     0.00189565
2011 12 17     0.00183977
2011 12 18     0.00178554
2011 12 19     0.00173291
2011 12 20     0.00168183
2011 12 21     0.00163225
2011 12 22     0.00158414
2011 12 23     0.00153744
2011 12 24     0.00149212
2011 12 25     0.00144814
2011 12 26     0.00140545
2011 12 27     0.00136402
2011 12 28     0.00132381
2011 12 29     0.00128479
2011 12 30     0.00124692
2011 12 31     0.00121016
2012  1  1     0.00117449
2012  1  2     0.00113987
2012  1  3     0.00110627
2012  1  4     0.00107366
2012  1  5     0.00104201
2012  1  6     0.00101129
2012  1  7     0.00098148
2012  1  8     0.00095255
2012  1  9     0.00092447
2012  1 10     0.00089722
2012  1 11     0.00087077
2012  1 12     0.00084510
2012  1 13     0.00082019
2012  1 14     0.00079601
2012  1 15     0.00077255
2012  1 16     0.00074978
2012  1 17     0.00072768
2012  1 18     0.00070623
2012  1 19     0.00068541
2012  1 20     0.00066520
2012  1 21     2.73014649
2012  1 22     0.77423825
2012  1 23     2.07854957
2012  1 24     1.49386471
2012  1 25     0.54285646
2012  1 26     0.37954357
2012  1 27     0.32923930
2012  1 28     0.30148033
2012  1 29     0.28083470
2012  1 30     0.26367129
2012  1 31     0.24898352
2012  2  1     0.23614606
2012  2  2     0.22473580
2012  2  3     0.21445968
2012  2  4     0.20510396
2012  2  5     0.19652118
2012  2  6     0.18859254
2012  2  7     0.18186276
2012  2  8     0.17937229
2012  2  9     0.16854613
2012  2 10     0.16184550
2012  2 11     0.15612530
2012  2 12     0.28883648
2012  2 13     0.55733154
2012  2 14     0.82312176
2012  2 15     0.56358760
2012  2 16     0.39466676
2012  2 17     0.28489864
2012  2 18     0.25266994
2012  2 19     0.24321246
2012  2 20     0.21908357
2012  2 21     0.21223822
2012  2 22     0.21243908
2012  2 23     0.22311993
2012  2 24     0.21498989
2012  2 25     0.20568777
2012  2 26     0.18668157
2012  2 27     0.17768707
2012  2 28     0.29326475
2012  2 29     0.27372478
2012  3  1     0.78897636
2012  3  2     0.31958672
2012  3  3     0.27705804
2012  3  4     0.27035755
2012  3  5     0.23978322
2012  3  6     0.27864388
2012  3  7     0.26375018
2012  3  8     0.20381133
2012  3  9     0.19443529
2012  3 10     0.18649071
2012  3 11     0.17854428
2012  3 12     0.16723833
2012  3 13     0.16190567
2012  3 14     0.15692584
2012  3 15     0.14904436
2012  3 16     0.14341477
2012  3 17     5.51857311
2012  3 18     6.17632468
2012  3 19     3.02115078
2012  3 20     1.65581925
2012  3 21     1.30357944
2012  3 22     1.13793948
2012  3 23     1.01674735
2012  3 24     0.86543307
2012  3 25     0.88669139
2012  3 26     4.30239470
2012  3 27     1.82937719
2012  3 28     1.32490266
2012  3 29     1.10969655
2012  3 30     0.95834694
2012  3 31     0.85054648
2012  4  1     5.10925957
2012  4  2     2.28426616
2012  4  3     1.49835385
2012  4  4     1.25621912
2012  4  5     1.06605493
2012  4  6     0.93053285
2012  4  7     0.83766543
2012  4  8     0.78335876
2012  4  9     0.74255192
2012  4 10     0.68386039
2012  4 11     4.86167140
2012  4 12     4.54111947
2012  4 13     7.29301694
2012  4 14    11.92634148
2012  4 15     5.81730685
2012  4 16     3.92878461
2012  4 17     3.14724366
2012  4 18     2.52943421
2012  4 19     2.10559718
2012  4 20     1.78235864
2012  4 21     1.53212996
2012  4 22     1.35830089
2012  4 23     1.24129706
2012  4 24     1.15455122
2012  4 25     1.08308827
2012  4 26     6.06611447
2012  4 27     4.19958207
2012  4 28     2.49449607
2012  4 29     2.03264274
2012  4 30     1.69780189
2012  5  1     1.45701580
2012  5  2     1.29010930
2012  5  3     1.17061857
2012  5  4     1.08201996
2012  5  5     1.01384657
2012  5  6     0.95893749
2012  5  7     0.91290367
2012  5  8     0.87331408
2012  5  9     0.83802014
2012  5 10     0.80625992
2012  5 11     0.77741946
2012  5 12     0.75016483
2012  5 13     0.72407558
2012  5 14     0.69974120
2012  5 15     0.67786858
2012  5 16     0.65574217
2012  5 17     0.63366162
2012  5 18     0.61407251
2012  5 19     0.59512922
2012  5 20     0.57544892
2012  5 21     0.55662445
2012  5 22     0.53958919
2012  5 23     0.52390211
2012  5 24     0.50849744
2012  5 25     0.49325699
2012  5 26     0.53512721
2012  5 27     0.47171895
2012  5 28     0.45006672
2012  5 29     0.43594973
2012  5 30     0.42260885
2012  5 31     0.40997467
2012  6  1     0.39772027
2012  6  2     0.38587991
2012  6  3     0.37447683
2012  6  4     0.36338821
2012  6  5     0.35268934
2012  6  6     0.34234045
2012  6  7     0.33216701
2012  6  8     0.32227938
2012  6  9     0.31275932
2012  6 10     0.30352694
2012  6 11     0.29449302
2012  6 12     0.28571854
2012  6 13     0.27725809
2012  6 14     0.26906835
2012  6 15     0.26112430
2012  6 16     0.25353827
2012  6 17     0.24596475
2012  6 18     0.23868347
2012  6 19     0.23164199
2012  6 20     0.22480907
2012  6 21     0.21817825
2012  6 22     0.21174346
2012  6 23     0.20549885
2012  6 24     0.19943873
2012  6 25     0.19355879
2012  6 26     0.18785553
2012  6 27     0.18231108
2012  6 28     0.17693530
2012  6 29     0.17171853
2012  6 30     0.16665700
2012  7  1     0.16174464
2012  7  2     0.15697408
2012  7  3     0.15234861
2012  7  4     0.14785810
2012  7  5     0.14349753
2012  7  6     0.13926634
2012  7  7     0.13515989
2012  7  8     0.13117654
2012  7  9     0.12730739
2012  7 10     0.12355479
2012  7 11     0.11991278
2012  7 12     0.11637748
2012  7 13     0.11294688
2012  7 14     0.10961749
2012  7 15     0.10638624
2012  7 16     0.10325024
2012  7 17     0.10020668
2012  7 18     0.09725283
2012  7 19     0.09438606
2012  7 20     0.09160380
2012  7 21     0.08890354
2012  7 22     0.08628289
2012  7 23     0.08373948
2012  7 24     0.08127105
2012  7 25     0.07887538
2012  7 26     0.07655033
2012  7 27     0.07429382
2012  7 28     0.07210382
2012  7 29     0.06997838
2012  7 30     0.06791559
2012  7 31     0.06591361
2012  8  1     0.06397064
2012  8  2     0.06208494
2012  8  3     0.06025483
2012  8  4     0.05847867
2012  8  5     0.05675487
2012  8  6     0.05508187
2012  8  7     0.05345820
2012  8  8     0.05188238
2012  8  9     0.05035302
2012  8 10     0.04886874
2012  8 11     0.04742821
2012  8 12     0.04603014
2012  8 13     0.04467329
2012  8 14     0.04335643
2012  8 15     0.04324101
2012  8 16     0.04103861
2012  8 17     0.03963423
2012  8 18     0.03846590
2012  8 19     0.03733202
2012  8 20     0.03623157
2012  8 21     0.03516355
2012  8 22     0.03412702
2012  8 23     0.03312104
2012  8 24     0.03214471
2012  8 25     0.03119717
2012  8 26     0.03027755
2012  8 27     0.02938504
2012  8 28     0.02851885
2012  8 29     0.02767818
2012  8 30     0.02686230
2012  8 31     0.02607046
2012  9  1     0.02530197
2012  9  2     0.02455613
2012  9  3     0.02383228
2012  9  4     0.02312976
2012  9  5     0.02244795
2012  9  6     0.02178624
2012  9  7     0.02114404
2012  9  8     0.02052077
2012  9  9     0.01991586
2012  9 10     0.01932879
2012  9 11     0.01875903
2012  9 12     0.01820606
2012  9 13     0.01766939
2012  9 14     0.01714854
2012  9 15     0.01664304
2012  9 16     0.01615245
2012  9 17     0.01567632
2012  9 18     0.01521422
2012  9 19     0.01476574
2012  9 20     0.01433048
2012  9 21     0.01390805
2012  9 22     0.01349808
2012  9 23     0.01310019
2012  9 24     0.01271403
2012  9 25     0.01233925
2012  9 26     0.01197552
2012  9 27     0.01162251
2012  9 28     0.01127991
2012  9 29     0.01094741
2012  9 30     0.01062470
2012 10  1     0.01031151
2012 10  2     0.01000756
2012 10  3     0.00971256
2012 10  4     0.00942626
2012 10  5     0.00914839
2012 10  6     0.00887872
2012 10  7     0.00861700
2012 10  8     0.00836299
2012 10  9     0.00811647
2012 10 10     0.00787722
2012 10 11     0.00764502
2012 10 12     0.42513596
2012 10 13     0.07135896
2012 10 14     0.00836676
2012 10 15     0.00678270
2012 10 16     0.00658274
2012 10 17     0.00638869
2012 10 18     0.00620037
2012 10 19     0.00601760
2012 10 20     0.00584022
2012 10 21     0.00566806
2012 10 22     0.00550098
2012 10 23     0.14296821
2012 10 24     0.24008422
2012 10 25     0.03232004
2012 10 26     0.00488203
2012 10 27     0.00473661
2012 10 28     0.00459699
2012 10 29     0.00446148
2012 10 30     0.00432997
2012 10 31     0.00420233
2012 11  1     0.00407846
2012 11  2     0.00395824
2012 11  3     0.00384156
2012 11  4     0.00372832
2012 11  5     0.00361842
2012 11  6     0.00351175
2012 11  7     0.00340824
2012 11  8     0.00330777
2012 11  9     0.07870696
2012 11 10     0.14186158
2012 11 11     0.22385533
2012 11 12     0.02846147
2012 11 13     0.00373804
2012 11 14     0.00417799
2012 11 15     0.00478862
2012 11 16     0.11607334
2012 11 17     0.16090950
2012 11 18     0.24158922
2012 11 19     0.03120703
2012 11 20     0.00234943
2012 11 21     0.00224186
2012 11 22     0.00217577
2012 11 23     0.00211164
2012 11 24     0.00204939
2012 11 25     0.00198898
2012 11 26     0.00193035
2012 11 27     0.00187345
2012 11 28     0.03734851
2012 11 29     0.30603053
2012 11 30     0.09799810
2012 12  1     0.44920083
2012 12  2     0.64026668
2012 12  3     0.91322714
2012 12  4     0.15052447
2012 12  5     0.01561027
2012 12  6     0.00193974
2012 12  7     0.00149781
2012 12  8     0.00136206
2012 12  9     0.00130831
2012 12 10     0.00126974
2012 12 11     0.00125208
2012 12 12     0.01388620
2012 12 13     0.67549851
2012 12 14     0.12051482
2012 12 15     0.02283649
2012 12 16     0.00405616
2012 12 17     0.00329759
2012 12 18     0.66034501
2012 12 19     0.10224698
2012 12 20     0.01296101
2012 12 21     0.00786662
2012 12 22     0.02843392
2012 12 23     0.64372292
2012 12 24     1.78368696
2012 12 25     0.37590471
2012 12 26     0.90048392
2012 12 27     0.75415636
2012 12 28     0.25946444
2012 12 29     0.17510592
2012 12 30     0.20238428
2012 12 31     0.19442907
2013  1  1     0.14203139
2013  1  2     0.12645879
2013  1  3     0.11967462
2013  1  4     0.11473505
2013  1  5     0.10875076
2013  1  6     0.61381740
2013  1  7     0.34541689
2013  1  8     0.19260841
2013  1  9     0.16160018
2013  1 10     0.74722291
2013  1 11     0.30572638
2013  1 12     0.24430594
2013  1 13     0.21954916
2013  1 14     0.20277334
2013  1 15     0.19107689
2013  1 16     0.19094959
2013  1 17     0.18081341
2013  1 18     0.16889479
2013  1 19     0.16372527
2013  1 20     0.16400598
2013  1 21     0.16099105
2013  1 22     0.16094335
2013  1 23     0.16293047
2013  1 24     1.09388106
2013  1 25     0.87509867
2013  1 26     0.65263324
2013  1 27     1.10550860
2013  1 28     0.69670110
2013  1 29     0.44697792
2013  1 30     0.39761849
2013  1 31     0.37601883
2013  2  1     0.35738985
2013  2  2     0.33878675
2013  2  3     0.32046463
2013  2  4     0.30630849
2013  2  5     0.29593878
2013  2  6     0.28398654
2013  2  7     0.26911960
2013  2  8     0.98861836
2013  2  9     0.80698919
2013  2 10     0.38642156
2013  2 11     0.30343981
2013  2 12     0.28150438
2013  2 13     0.28407021
2013  2 14     0.25999689
2013  2 15     0.24709005
2013  2 16     0.27177979
2013  2 17     0.29150683
2013  2 18     0.28530615
2013  2 19     0.32806380
2013  2 20     1.84141868
2013  2 21     0.57808592
2013  2 22     0.35645813
2013  2 23     0.30547771
2013  2 24     0.28341741
2013  2 25     0.27352605
2013  2 26     0.28375483
2013  2 27     0.28575550
2013  2 28     0.34055110
2013  3  1     0.39502325
2013  3  2     0.41843404
2013  3  3     0.40602617
2013  3  4     0.35081368
2013  3  5     0.32694982
2013  3  6     0.32067256
2013  3  7     0.46394875
2013  3  8     1.48141796
2013  3  9     0.86101114
2013  3 10     0.52068630
2013  3 11     0.45436133
2013  3 12     0.40665276
2013  3 13     0.38761109
2013  3 14     0.37448580
2013  3 15     0.36214114
2013  3 16     0.33851053
2013  3 17     0.31900674
2013  3 18     0.30336911
2013  3 19     0.29314704
2013  3 20     0.28796267
2013  3 21     0.27005722
2013  3 22     0.25912819
2013  3 23     0.24841393
2013  3 24     0.23994496
2013  3 25     0.23567900
2013  3 26     0.22961487
2013  3 27     0.22398645
2013  3 28     0.21595211
2013  3 29     0.20939364
2013  3 30     0.20768733
2013  3 31     0.36880583
2013  4  1     0.32853345
2013  4  2     0.20360981
2013  4  3     0.17811987
2013  4  4     0.16783775
2013  4  5     0.16189501
2013  4  6     0.15690574
2013  4  7     0.15208862
2013  4  8     0.27977388
2013  4  9     0.21648647
2013  4 10     0.14588489
2013  4 11     0.13461703
2013  4 12     0.13048633
2013  4 13     0.12655551
2013  4 14     0.12275772
2013  4 15     0.11908446
2013  4 16     0.12021748
2013  4 17     0.12639517
2013  4 18     0.11388279
2013  4 19     0.10610811
2013  4 20     0.10238183
2013  4 21     0.09933939
2013  4 22     0.09639520
2013  4 23     0.09353685
2013  4 24     0.09076658
2013  4 25     0.08807993
2013  4 26     0.08547424
2013  4 27     0.08294636
2013  4 28     0.08049529
2013  4 29     0.07811557
2013  4 30     0.07580769
2013  5  1     0.07356871
2013  5  2     0.07139635
2013  5  3     0.06928883
2013  5  4     0.06724338
2013  5  5     0.06525883
2013  5  6     0.07898944
2013  5  7     0.42475862
2013  5  8     0.12866683
2013  5  9     0.09447652
2013  5 10     0.06033205
2013  5 11     0.05733715
2013  5 12     0.05342326
2013  5 13     0.05135915
2013  5 14     0.04984308
2013  5 15     0.04837530
2013  5 16     0.04694810
2013  5 17     0.04556373
2013  5 18     0.04421907
2013  5 19     0.04291524
2013  5 20     0.04165008
2013  5 21     0.04042224
2013  5 22     0.03923066
2013  5 23     0.03807411
2013  5 24     0.03695199
2013  5 25     0.03586241
2013  5 26     0.03480536
2013  5 27     0.03377917
2013  5 28     0.03278339
2013  5 29     0.03181699
2013  5 30     0.03087909
2013  5 31     0.02996883
2013  6  1     0.02908546
2013  6  2     0.02822804
2013  6  3     0.02739608
2013  6  4     0.02658852
2013  6  5     0.02580457
2013  6  6     0.02504388
2013  6  7     0.02430565
2013  6  8     0.02358918
2013  6  9     0.02289383
2013  6 10     0.02221897
2013  6 11     0.02156401
2013  6 12     0.02092836
2013  6 13     0.02031144
2013  6 14     0.01971271
2013  6 15     0.01913163
2013  6 16     0.01856768
2013  6 17     0.01802035
2013  6 18     0.01748932
2013  6 19     0.01697363
2013  6 20     0.01647327
2013  6 21     0.01598768
2013  6 22     0.01551640
2013  6 23     0.01505902
2013  6 24     0.01461512
2013  6 25     0.01418430
2013  6 26     0.01376921
2013  6 27     0.01336058
2013  6 28     0.01296646
2013  6 29     0.01258424
2013  6 30     0.01221332
2013  7  1     0.01185328
2013  7  2     0.01150387
2013  7  3     0.01116476
2013  7  4     0.01083565
2013  7  5     0.01051624
2013  7  6     0.01020743
2013  7  7     0.00990547
2013  7  8     0.00961427
2013  7  9     0.00933005
2013  7 10     0.00905494
2013  7 11     0.00878803
2013  7 12     0.00853018
2013  7 13     0.00827771
2013  7 14     0.00803352
2013  7 15     0.00779671
2013  7 16     0.00756689
2013  7 17     0.00734383
2013  7 18     0.00712759
2013  7 19     0.00691728
2013  7 20     0.00671335
2013  7 21     0.00651545
2013  7 22     0.13956215
2013  7 23     0.06915166
2013  7 24     0.01245214
2013  7 25     0.00584781
2013  7 26     0.00561013
2013  7 27     0.00544475
2013  7 28     0.00528426
2013  7 29     0.00512849
2013  7 30     0.00497731
2013  7 31     0.00483060
2013  8  1     0.00468872
2013  8  2     0.00455005
2013  8  3     0.00441654
2013  8  4     0.00428574
2013  8  5     0.00415934
2013  8  6     0.00403674
2013  8  7     0.00391774
2013  8  8     0.00380226
2013  8  9     0.00369018
2013  8 10     0.00358140
2013  8 11     0.00347583
2013  8 12     0.00337337
2013  8 13     0.00327393
2013  8 14     0.00317742
2013  8 15     0.00308376
2013  8 16     0.00299286
2013  8 17     0.00290464
2013  8 18     0.00281902
2013  8 19     0.07723062
2013  8 20     0.25445076
2013  8 21     0.03127445
2013  8 22     0.00250170
2013  8 23     0.00242731
2013  8 24     0.00235576
2013  8 25     0.00228632
2013  8 26     0.00221892
2013  8 27     0.00215352
2013  8 28     0.00209004
2013  8 29     0.00202843
2013  8 30     0.00196863
2013  8 31     0.00191060
2013  9  1     0.00185428
2013  9  2     0.00179962
2013  9  3     0.00174658
2013  9  4     0.00169509
2013  9  5     0.00164512
2013  9  6     0.00159663
2013  9  7     0.00154956
2013  9  8     0.00150389
2013  9  9     0.00145956
2013  9 10     0.00141653
2013  9 11     0.00137478
2013  9 12     0.00133425
2013  9 13     0.00129492
2013  9 14     0.00125675
2013  9 15     0.00121970
2013  9 16     0.00118375
2013  9 17     0.00114886
2013  9 18     0.00111499
2013  9 19     0.00108212
2013  9 20     0.00105023
2013  9 21     0.00101927
2013  9 22     0.04068630
2013  9 23     0.00577376
2013  9 24     0.00093187
2013  9 25     0.00090430
2013  9 26     0.00087764
2013  9 27     0.00542671
2013  9 28     0.00141013
2013  9 29     0.00080231
2013  9 30     0.00077864
2013 10  1     0.00075569
2013 10  2     0.00073341
2013 10  3     0.00071180
2013 10  4     0.00069081
2013 10  5     0.00067045
2013 10  6     0.00065069
2013 10  7     0.00063151
2013 10  8     0.00061289
2013 10  9     0.00059482
2013 10 10     0.04111510
2013 10 11     0.00534579
2013 10 12     0.00054387
2013 10 13     0.00052773
2013 10 14     0.00051217
2013 10 15     0.00049708
2013 10 16     0.00048242
2013 10 17     0.00046820
2013 10 18     0.00045440
2013 10 19     0.00044101
2013 10 20     0.00042801
2013 10 21     0.00041539
2013 10 22     0.00040315
2013 10 23     0.00039126
2013 10 24     0.00037973
2013 10 25     0.00036853
2013 10 26     0.00035767
2013 10 27     0.00034713
2013 10 28     0.03954490
2013 10 29     0.16273045
2013 10 30     0.01980327
2013 10 31     0.00030843
2013 11  1     0.00035242
2013 11  2     0.00029979
2013 11  3     0.00028153
2013 11  4     0.00027323
2013 11  5     0.00026518
2013 11  6     0.00025736
2013 11  7     0.00024978
2013 11  8     0.00024241
2013 11  9     0.00023527
2013 11 10     0.00022833
2013 11 11     0.00022160
2013 11 12     0.00021507
2013 11 13     0.00020873
2013 11 14     0.00020258
2013 11 15     0.00019661
2013 11 16     0.00019081
2013 11 17     0.00018519
2013 11 18     0.00017973
2013 11 19     0.00017443
2013 11 20     0.02841817
2013 11 21     0.63088018
2013 11 22     0.24020025
2013 11 23     0.04167581
2013 11 24     0.00121516
2013 11 25     0.00014576
2013 11 26     0.00014147
2013 11 27     0.00013730
2013 11 28     0.00013325
2013 11 29     0.00012932
2013 11 30     0.00012551
2013 12  1     0.00012181
2013 12  2     0.00011822
2013 12  3     0.00033482
2013 12  4     0.06970125
2013 12  5     0.00900386
2013 12  6     0.00010680
2013 12  7     0.64202384
2013 12  8     0.10404492
2013 12  9     0.01499028
2013 12 10     0.00208178
2013 12 11     0.00092961
2013 12 12     0.00035989
2013 12 13     0.00034555
2013 12 14     0.00036908
2013 12 15     0.00063755
2013 12 16     0.00089214
2013 12 17     0.00098397
2013 12 18     0.00132044
2013 12 19     0.00104018
2013 12 20     0.01884870
2013 12 21     0.00240481
2013 12 22     0.00039943
2013 12 23     0.00067211
2013 12 24     0.00086575
2013 12 25     0.00098153
2013 12 26     0.00090772
2013 12 27     0.00091080
2013 12 28     0.00050577
2013 12 29     0.00035147
2013 12 30     0.00039654
2013 12 31     0.00046605
2014  1  1     0.00029555
2014  1  2     0.00027618
2014  1  3     0.00029771
2014  1  4     0.00030723
2014  1  5     0.00009040
2014  1  6     0.00004342
2014  1  7     0.00004026
2014  1  8     0.00003907
2014  1  9     0.00003792
2014  1 10     0.00003681
2014  1 11     0.00003572
2014  1 12     0.00003467
2014  1 13     0.00003365
2014  1 14     0.00003265
2014  1 15     0.00003169
2014  1 16     0.00003076
2014  1 17     0.00002985
2014  1 18     0.00002897
2014  1 19     0.00002812
2014  1 20     0.00002729
2014  1 21     0.00002648
2014  1 22     0.00002570
2014  1 23     0.00002494
2014  1 24     0.00002421
2014  1 25     0.00002350
2014  1 26     0.00002280
2014  1 27     0.00002213
2014  1 28     0.00002148
2014  1 29     0.00002085
2014  1 30     0.05271187
2014  1 31     0.73431151
2014  2  1     0.45643255
2014  2  2     0.08051660
2014  2  3     0.01558929
2014  2  4     0.00088160
2014  2  5     0.00044375
2014  2  6     0.14301085
2014  2  7     0.51954621
2014  2  8     0.20997461
2014  2  9     0.05807754
2014  2 10     0.01203510
2014  2 11     0.00409906
2014  2 12     0.00320207
2014  2 13     0.00348082
2014  2 14     0.00405860
2014  2 15     0.00456467
2014  2 16     0.00422206
2014  2 17     0.00230986
2014  2 18     0.00209918
2014  2 19     0.00149181
2014  2 20     0.00087476
2014  2 21     0.00012881
2014  2 22     0.00001017
2014  2 23     0.00000987
2014  2 24     0.00000958
2014  2 25     0.00000929
2014  2 26     0.00000902
2014  2 27     0.80147761
2014  2 28     0.61644440
2014  3  1     0.78688757
2014  3  2     0.29671713
2014  3  3     0.05943638
2014  3  4     0.00258688
2014  3  5     0.00089517
2014  3  6     0.00085528
2014  3  7     0.00079219
2014  3  8     0.00074762
2014  3  9     0.00071030
2014  3 10     0.00067592
2014  3 11     0.00064461
2014  3 12     0.00061588
2014  3 13     0.00058940
2014  3 14     0.00056489
2014  3 15     0.00054212
2014  3 16     0.00052091
2014  3 17     0.00050107
2014  3 18     0.00048246
2014  3 19     0.00046495
2014  3 20     0.00044843
2014  3 21     0.00043307
2014  3 22     0.00041801
2014  3 23     0.00040387
2014  3 24     0.00039045
2014  3 25     0.00037765
2014  3 26     0.25749671
2014  3 27     0.29819580
2014  3 28     0.03922412
2014  3 29     0.00075201
2014  3 30     1.12878976
2014  3 31     0.21026814
2014  4  1     1.01965867
2014  4  2     0.74056312
2014  4  3     0.23138688
2014  4  4     0.13505143
2014  4  5     0.20788060
2014  4  6     0.12988337
2014  4  7     0.12824122
2014  4  8     0.12998813
2014  4  9     0.12634858
2014  4 10     0.10512595
2014  4 11     0.09751664
2014  4 12     0.09324259
2014  4 13     0.08930881
2014  4 14     0.08566720
2014  4 15     0.08227952
2014  4 16     0.07911735
2014  4 17     0.07615466
2014  4 18     0.07336985
2014  4 19     0.07074548
2014  4 20     0.06826490
2014  4 21     0.06591371
2014  4 22     0.06367998
2014  4 23     0.06155687
2014  4 24     0.05952907
2014  4 25     0.07635003
2014  4 26     2.58358312
2014  4 27     0.59242713
2014  4 28     0.22672720
2014  4 29     0.21445704
2014  4 30     0.21215847
2014  5  1     0.18137618
2014  5  2     0.16708588
2014  5  3     0.15841128
2014  5  4     0.15086808
2014  5  5     0.14412494
2014  5  6     0.37342705
2014  5  7     0.88222028
2014  5  8     0.30041127
2014  5  9     0.20801747
2014  5 10     0.19335815
2014  5 11     0.18174413
2014  5 12     0.17225765
2014  5 13     0.16404995
2014  5 14     0.15679829
2014  5 15     0.15025804
2014  5 16     0.14428935
2014  5 17     0.13878418
2014  5 18     0.13366898
2014  5 19     0.12888230
2014  5 20     0.12798320
2014  5 21     0.29040392
2014  5 22     0.13765099
2014  5 23     0.16671692
2014  5 24     0.11685249
2014  5 25     0.10527313
2014  5 26     0.10165513
2014  5 27     0.09843135
2014  5 28     0.09533975
2014  5 29     0.09236872
2014  5 30     0.08950720
2014  5 31     0.08674757
2014  6  1     0.08408588
2014  6  2     0.08151927
2014  6  3     0.07904333
2014  6  4     0.07665120
2014  6  5     0.07433850
2014  6  6     0.07210161
2014  6  7     0.06993721
2014  6  8     0.06784220
2014  6  9     0.06581375
2014  6 10     0.06384920
2014  6 11     0.06194608
2014  6 12     0.06010208
2014  6 13     0.05831501
2014  6 14     0.05658284
2014  6 15     0.05490361
2014  6 16     0.05327551
2014  6 17     0.05169679
2014  6 18     0.05016580
2014  6 19     0.04868096
2014  6 20     0.04724076
2014  6 21     0.04584375
2014  6 22     0.04448857
2014  6 23     0.04317389
2014  6 24     0.04189843
2014  6 25     0.04066097
2014  6 26     0.03946040
2014  6 27     0.03829676
2014  6 28     0.03716497
2014  6 29     0.03607060
2014  6 30     0.03500372
2014  7  1     0.03397058
2014  7  2     0.03296846
2014  7  3     0.03199599
2014  7  4     0.03105228
2014  7  5     0.03013646
2014  7  6     0.02924771
2014  7  7     0.02838521
2014  7  8     0.02760308
2014  7  9     0.02674454
2014  7 10     0.02594901
2014  7 11     0.02518466
2014  7 12     0.02444088
2014  7 13     0.02371874
2014  7 14     0.02301928
2014  7 15     0.02234072
2014  7 16     0.02168217
2014  7 17     0.02104304
2014  7 18     0.02042274
2014  7 19     0.01982073
2014  7 20     0.03208347
2014  7 21     0.02038112
2014  7 22     0.01811913
2014  7 23     0.01758498
2014  7 24     0.01706662
2014  7 25     0.01656354
2014  7 26     0.01607529
2014  7 27     0.01560143
2014  7 28     0.01514154
2014  7 29     0.01469520
2014  7 30     0.01426203
2014  7 31     0.09335002
2014  8  1     0.02367938
2014  8  2     0.01303785
2014  8  3     0.01774588
2014  8  4     0.04865154
2014  8  5     0.01695183
2014  8  6     0.01162918
2014  8  7     0.01122603
2014  8  8     0.01244444
2014  8  9     0.01143233
2014  8 10     0.01037553
2014  8 11     0.00995975
2014  8 12     0.00997502
2014  8 13     0.00942156
2014  8 14     0.00910469
2014  8 15     0.00883631
2014  8 16     0.00857584
2014  8 17     0.00832304
2014  8 18     0.00807770
2014  8 19     0.00783959
2014  8 20     0.00760945
2014  8 21     0.00738437
2014  8 22     0.00716655
2014  8 23     0.00695530
2014  8 24     0.00675027
2014  8 25     0.00655129
2014  8 26     0.00635817
2014  8 27     0.00617075
2014  8 28     0.00598885
2014  8 29     0.00581232
2014  8 30     0.00564098
2014  8 31     0.00547470
2014  9  1     0.00531332
2014  9  2     0.00515670
2014  9  3     0.00500469
2014  9  4     0.00485717
2014  9  5     0.00471399
2014  9  6     0.00457503
2014  9  7     0.00444017
2014  9  8     0.20272612
2014  9  9     0.02833309
2014  9 10     0.00405954
2014  9 11     0.00393933
2014  9 12     0.00382321
2014  9 13     0.00371051
2014  9 14     0.00360113
2014  9 15     0.00349498
2014  9 16     0.00339196
2014  9 17     0.00329197
2014  9 18     0.00319493
2014  9 19     0.00310075
2014  9 20     0.00300935
2014  9 21     0.00339418
2014  9 22     0.00291627
2014  9 23     0.00275099
2014  9 24     0.00266990
2014  9 25     0.00259120
2014  9 26     0.00251482
2014  9 27     0.01124172
2014  9 28     0.12351410
2014  9 29     0.03565554
2014  9 30     0.00446022
2014 10  1     0.00216543
2014 10  2     0.00210155
2014 10  3     0.00203960
2014 10  4     0.00197948
2014 10  5     0.00192113
2014 10  6     0.00186450
2014 10  7     0.00180954
2014 10  8     0.00175620
2014 10  9     0.00170443
2014 10 10     0.00165419
2014 10 11     0.00160543
2014 10 12     0.00155810
2014 10 13     0.00151217
2014 10 14     0.00146760
2014 10 15     0.00142434
2014 10 16     0.00138235
2014 10 17     0.00134160
2014 10 18     0.00130206
2014 10 19     0.00126367
2014 10 20     0.00122642
2014 10 21     0.00119027
2014 10 22     0.00115519
2014 10 23     0.00112113
2014 10 24     0.00108809
2014 10 25     0.00105601
2014 10 26     0.00102488
2014 10 27     0.00099467
2014 10 28     0.00096535
2014 10 29     0.00093690
2014 10 30     0.00090928
2014 10 31     0.00088247
2014 11  1     1.57634213
2014 11  2     0.95898329
2014 11  3     0.24817865
2014 11  4     0.07218530
2014 11  5     0.01106616
2014 11  6     0.00107130
2014 11  7     0.00071572
2014 11  8     0.00069462
2014 11  9     0.00067414
2014 11 10     0.00065427
2014 11 11     0.00063499
2014 11 12     0.00061627
2014 11 13     0.00059810
2014 11 14     0.00195444
2014 11 15     0.00079016
2014 11 16     0.00054676
2014 11 17     0.00053064
2014 11 18     0.00051500
2014 11 19     0.00049981
2014 11 20     0.00048508
2014 11 21     0.15427243
2014 11 22     0.01923225
2014 11 23     0.07225017
2014 11 24     0.00921630
2014 11 25     0.00042080
2014 11 26     0.00040537
2014 11 27     0.00039342
2014 11 28     0.00038182
2014 11 29     0.00037057
2014 11 30     0.00035964
2014 12  1     0.00034904
2014 12  2     0.16128318
2014 12  3     0.85727605
2014 12  4     0.18822028
2014 12  5     0.00964651
2014 12  6     0.00030105
2014 12  7     0.00029168
2014 12  8     0.00028308
2014 12  9     0.00027474
2014 12 10     0.00026664
2014 12 11     0.00025878
2014 12 12     1.34960623
2014 12 13     1.96308342
2014 12 14     0.93762668
2014 12 15     0.25583861
2014 12 16     0.24243136
2014 12 17     0.59852312
2014 12 18     0.33145781
2014 12 19     0.17068909
2014 12 20     0.14230683
2014 12 21     0.14359412
2014 12 22     0.12808501
2014 12 23     0.12102750
2014 12 24     0.11488250
2014 12 25     0.64923415
2014 12 26     0.23258431
2014 12 27     0.17435387
2014 12 28     0.16645051
2014 12 29     0.15688162
2014 12 30     0.16917467
2014 12 31     0.14562333
2015  1  1     0.14545565
2015  1  2     0.15567637
2015  1  3     0.13256691
2015  1  4     0.12372016
2015  1  5     0.11669968
2015  1  6     0.11079008
2015  1  7     0.10674345
2015  1  8     0.10273363
2015  1  9     0.09911454
2015  1 10     0.09572472
2015  1 11     0.15591138
2015  1 12     0.10369086
2015  1 13     0.08770243
2015  1 14     0.08380851
2015  1 15     0.08107721
2015  1 16     0.07850284
2015  1 17     0.07603174
2015  1 18     0.07365445
2015  1 19     0.07137019
2015  1 20     0.06916517
2015  1 21     0.06704133
2015  1 22     0.06499226
2015  1 23     0.06301498
2015  1 24     0.06110548
2015  1 25     0.05927114
2015  1 26     0.05752531
2015  1 27     0.11772165
2015  1 28     0.06228243
2015  1 29     0.05265292
2015  1 30     0.05096326
2015  1 31     0.04948685
2015  2  1     0.04791990
2015  2  2     0.04647930
2015  2  3     0.04509852
2015  2  4     0.04375997
2015  2  5     0.04246220
2015  2  6     0.04120380
2015  2  7     1.05602882
2015  2  8     0.85883838
2015  2  9     1.08513335
2015  2 10     0.40466233
2015  2 11     0.28710918
2015  2 12     0.26286167
2015  2 13     0.24176503
2015  2 14     0.22502756
2015  2 15     0.21127159
2015  2 16     0.19962086
2015  2 17     0.18950531
2015  2 18     0.18055198
2015  2 19     0.17250516
2015  2 20     0.16517696
2015  2 21     0.15845335
2015  2 22     0.29654926
2015  2 23     2.55745855
2015  2 24     0.87337215
2015  2 25     0.44139876
2015  2 26     0.38336056
2015  2 27     0.35236548
2015  2 28     0.72390997
2015  3  1     1.18555111
2015  3  2     0.72080045
2015  3  3     0.56915420
2015  3  4     0.42946105
2015  3  5     0.39491904
2015  3  6     0.37748604
2015  3  7     0.36192858
2015  3  8     0.34360519
2015  3  9     0.32302296
2015  3 10     0.30701771
2015  3 11     0.29413289
2015  3 12     0.28256687
2015  3 13     0.27185270
2015  3 14     0.26184738
2015  3 15     0.25246610
2015  3 16     0.24364097
2015  3 17     0.23532430
2015  3 18     0.22742199
2015  3 19     0.21989171
2015  3 20     0.21269380
2015  3 21     0.20581384
2015  3 22     0.19924087
2015  3 23     0.19293471
2015  3 24     0.18688114
2015  3 25     0.18105797
2015  3 26     0.17544427
2015  3 27     0.17003115
2015  3 28     0.16481503
2015  3 29     0.15978646
2015  3 30     0.15492746
2015  3 31     0.15023077
2015  4  1     0.14570766
2015  4  2     0.14132805
2015  4  3     0.13708235
2015  4  4     0.13297378
2015  4  5     0.12900088
2015  4  6     0.12557206
2015  4  7     0.21250695
2015  4  8     0.76806712
2015  4  9     0.22370791
2015  4 10     0.11893761
2015  4 11     0.12138878
2015  4 12     0.11327063
2015  4 13     0.10252474
2015  4 14     0.09834453
2015  4 15     0.09543446
2015  4 16     0.09261179
2015  4 17     0.08987368
2015  4 18     0.08721746
2015  4 19     0.08464053
2015  4 20     0.08214043
2015  4 21     0.07971499
2015  4 22     0.08590891
2015  4 23     0.07817628
2015  4 24     0.12544303
2015  4 25     0.13692742
2015  4 26     0.32182659
2015  4 27     0.12532079
2015  4 28     0.06781329
2015  4 29     0.06276731
2015  4 30     0.06091618
2015  5  1     0.05911874
2015  5  2     0.05737416
2015  5  3     0.05568145
2015  5  4     0.05403885
2015  5  5     0.05244485
2015  5  6     0.05089936
2015  5  7     0.04940078
2015  5  8     0.66211972
2015  5  9     0.20549364
2015  5 10     0.09116815
2015  5 11     0.07682733
2015  5 12     0.06724842
2015  5 13     0.06354958
2015  5 14     0.06605080
2015  5 15     3.25913583
2015  5 16     1.40741691
2015  5 17     0.52620637
2015  5 18     0.38980386
2015  5 19     0.34613483
2015  5 20     0.30711597
2015  5 21     0.31961261
2015  5 22     0.36604718
2015  5 23     0.35517523
2015  5 24     0.27385737
2015  5 25     0.24044497
2015  5 26     0.22553802
2015  5 27     0.21404457
2015  5 28     0.20407153
2015  5 29     0.19521580
2015  5 30     0.18721725
2015  5 31     0.17988813
2015  6  1     0.17309909
2015  6  2     0.16681846
2015  6  3     0.16091114
2015  6  4     0.15534611
2015  6  5     0.15023269
2015  6  6     0.14523687
2015  6  7     0.14176072
2015  6  8     0.13591459
2015  6  9     0.13131871
2015  6 10     0.12717452
2015  6 11     0.13543274
2015  6 12     0.12107082
2015  6 13     0.11556693
2015  6 14     0.11199736
2015  6 15     0.10856789
2015  6 16     0.10525891
2015  6 17     0.10206309
2015  6 18     0.09897483
2015  6 19     0.09598904
2015  6 20     0.09310106
2015  6 21     0.09030660
2015  6 22     0.08760171
2015  6 23     0.08498270
2015  6 24     0.08244616
2015  6 25     0.07998891
2015  6 26     0.07760796
2015  6 27     0.07530051
2015  6 28     0.07306391
2015  6 29     0.07089567
2015  6 30     0.06879343
2015  7  1     0.06675494
2015  7  2     0.18444216
2015  7  3     0.10115789
2015  7  4     0.06437326
2015  7  5     0.05919879
2015  7  6     0.05744732
2015  7  7     0.05574950
2015  7  8     0.05410258
2015  7  9     0.05250471
2015  7 10     0.15761839
2015  7 11     0.06292889
2015  7 12     0.04799087
2015  7 13     0.04657426
2015  7 14     0.04519996
2015  7 15     0.04386637
2015  7 16     0.04257226
2015  7 17     0.04131645
2015  7 18     0.04009779
2015  7 19     0.33750946
2015  7 20     0.11053293
2015  7 21     0.63190852
2015  7 22     0.11059854
2015  7 23     0.03478032
2015  7 24     0.03350744
2015  7 25     0.03251790
2015  7 26     0.03155833
2015  7 27     0.03063048
2015  7 28     0.02972508
2015  7 29     0.02884833
2015  7 30     0.02799793
2015  7 31     0.02740577
2015  8  1     0.02640781
2015  8  2     0.02559427
2015  8  3     0.02483982
2015  8  4     0.02410760
2015  8  5     0.02339697
2015  8  6     0.02270729
2015  8  7     0.02203793
2015  8  8     0.02138831
2015  8  9     0.02075783
2015  8 10     0.02014594
2015  8 11     0.01955209
2015  8 12     0.01897574
2015  8 13     0.01841639
2015  8 14     0.01787352
2015  8 15     0.01734665
2015  8 16     0.01683531
2015  8 17     0.01633905
2015  8 18     0.01585742
2015  8 19     0.01538998
2015  8 20     0.01493632
2015  8 21     0.01449604
2015  8 22     0.01406873
2015  8 23     0.01365402
2015  8 24     0.01325153
2015  8 25     0.01286091
2015  8 26     0.01248180
2015  8 27     0.01211387
2015  8 28     0.01175678
2015  8 29     0.01141022
2015  8 30     0.01107388
2015  8 31     0.01074745
2015  9  1     0.01043064
2015  9  2     0.01012317
2015  9  3     0.00982476
2015  9  4     0.00953515
2015  9  5     0.00925408
2015  9  6     0.00898129
2015  9  7     0.00871655
2015  9  8     0.00845960
2015  9  9     0.00821024
2015  9 10     0.00796822
2015  9 11     0.00773334
2015  9 12     0.00750538
2015  9 13     0.00728414
2015  9 14     0.01171848
2015  9 15     0.10882101
2015  9 16     0.01880023
2015  9 17     0.00646428
2015  9 18     0.00627200
2015  9 19     0.00608712
2015  9 20     0.00590768
2015  9 21     0.00573354
2015  9 22     0.00556453
2015  9 23     0.00540050
2015  9 24     0.00524131
2015  9 25     0.00508681
2015  9 26     0.00493686
2015  9 27     0.00479133
2015  9 28     0.00465010
2015  9 29     0.00451302
2015  9 30     0.00437999
2015 10  1     0.00425088
2015 10  2     0.00412558
2015 10  3     0.00400396
2015 10  4     0.00916393
2015 10  5     0.26568630
2015 10  6     0.03742382
2015 10  7     0.00368707
2015 10  8     0.00344761
2015 10  9     0.00334598
2015 10 10     0.00324735
2015 10 11     0.00315163
2015 10 12     0.00305873
2015 10 13     0.00296856
2015 10 14     0.00288106
2015 10 15     0.22968725
2015 10 16     0.21033607
2015 10 17     0.06723034
2015 10 18     0.83265677
2015 10 19     0.17262434
2015 10 20     0.00828942
2015 10 21     0.00233680
2015 10 22     0.00226776
2015 10 23     0.00220091
2015 10 24     0.00213603
2015 10 25     0.00207307
2015 10 26     0.00201196
2015 10 27     0.00195265
2015 10 28     0.00189509
2015 10 29     0.05483609
2015 10 30     0.00859946
2015 10 31     0.00173255
2015 11  1     0.00168133
2015 11  2     0.12059281
2015 11  3     1.57308700
2015 11  4     0.77138952
2015 11  5     0.12301096
2015 11  6     0.01513081
2015 11  7     0.00220949
2015 11  8     0.00167292
2015 11  9     0.16960984
2015 11 10     0.35847592
2015 11 11     0.10656105
2015 11 12     0.02341124
2015 11 13     0.00956215
2015 11 14     0.00839094
2015 11 15     0.13746814
2015 11 16     1.20220372
2015 11 17     0.25822212
2015 11 18     0.09743401
2015 11 19     0.08701125
2015 11 20     0.08059210
2015 11 21     0.07526195
2015 11 22     0.07151973
2015 11 23     0.06807301
2015 11 24     0.06447800
2015 11 25     0.31497995
2015 11 26     0.17751343
2015 11 27     0.14996947
2015 11 28     0.07840796
2015 11 29     0.06925686
2015 11 30     0.06548484
2015 12  1     0.06268101
2015 12  2     0.06031009
2015 12  3     0.05930879
2015 12  4     0.06095109
2015 12  5     0.05438824
2015 12  6     0.05227743
2015 12  7     0.05118062
2015 12  8     0.04982199
2015 12  9     0.04809126
2015 12 10     0.04946904
2015 12 11     1.44466301
2015 12 12     0.80432395
2015 12 13     0.49334362
2015 12 14     1.60868711
2015 12 15     0.58671306
2015 12 16     0.40667204
2015 12 17     0.35348618
2015 12 18     0.31519509
2015 12 19     0.30828371
2015 12 20     0.96975963
2015 12 21     0.43376715
2015 12 22     8.64337770
2015 12 23     3.75103317
2015 12 24     1.68587215
2015 12 25     1.87381751
2015 12 26     1.30671988
2015 12 27     1.01845771
2015 12 28     0.87671246
2015 12 29     0.79407898
2015 12 30     0.72334310
2015 12 31     0.67215053
2016  1  1     0.63166187
2016  1  2     0.59804363
2016  1  3     0.57240015
2016  1  4     0.54628425
2016  1  5     1.18754956
2016  1  6     4.60431495
2016  1  7     2.73627440
2016  1  8     1.37489545
2016  1  9     0.96738487
2016  1 10     1.00133908
2016  1 11     0.76870580
2016  1 12     0.69478785
2016  1 13     0.70190319
2016  1 14     0.63567105
2016  1 15     0.78008005
2016  1 16     0.74839062
2016  1 17     0.78394965
2016  1 18     2.95631566
2016  1 19     4.30413424
2016  1 20     7.20346934
2016  1 21     2.72609279
2016  1 22     1.81270848
2016  1 23     2.94215966
2016  1 24     2.78408499
2016  1 25     1.66516182
2016  1 26     1.39994954
2016  1 27     1.28012339
2016  1 28     1.17428427
2016  1 29     1.11259237
2016  1 30     2.55631873
2016  1 31     7.18841860
2016  2  1     6.13893863
2016  2  2     2.65303359
2016  2  3     2.00785510
2016  2  4     1.72982510
2016  2  5     1.57643961
2016  2  6     1.62928749
2016  2  7     1.71154793
2016  2  8     1.89929820
2016  2  9     2.08764527
2016  2 10     2.26411586
2016  2 11     2.23243319
2016  2 12     2.15512711
2016  2 13     1.82711712
2016  2 14     1.64028785
2016  2 15     1.49011797
2016  2 16     1.43330939
2016  2 17     1.31802857
2016  2 18     2.83207059
2016  2 19     1.59575156
2016  2 20     1.38427556
2016  2 21     1.27531854
2016  2 22     1.17880847
2016  2 23     1.10733469
2016  2 24     1.05607206
2016  2 25     1.00673284
2016  2 26     0.96935309
2016  2 27     0.93515324
2016  2 28     0.90080135
2016  2 29     0.86991184
2016  3  1     0.85156090
2016  3  2     0.82983614
2016  3  3     0.80537348
2016  3  4     0.77863181
2016  3  5     0.90021528
2016  3  6     6.10470673
2016  3  7     5.78518011
2016  3  8     4.47764978
2016  3  9     2.41884698
2016  3 10     2.14241593
2016  3 11     3.04281999
2016  3 12     9.03258416
2016  3 13     3.68456298
2016  3 14     3.06374962
2016  3 15     2.35728647
2016  3 16     2.04190562
2016  3 17     1.84351477
2016  3 18     1.67318213
2016  3 19     1.55232844
2016  3 20     1.45176383
2016  3 21     1.36597109
2016  3 22     1.34585221
2016  3 23     1.25583505
2016  3 24     1.16714009
2016  3 25     1.12162619
2016  3 26     1.08503897
2016  3 27     1.05156030
2016  3 28     1.02326338
2016  3 29     0.98731768
2016  3 30     0.93678397
2016  3 31     0.90034006
2016  4  1     0.86993453
2016  4  2     0.85375769
2016  4  3     0.84778657
2016  4  4     0.83161056
2016  4  5     0.78313653
2016  4  6     0.75026840
2016  4  7     0.71966572
2016  4  8     0.82693303
2016  4  9     6.55042575
2016  4 10     2.55595996
2016  4 11     1.71060602
2016  4 12     1.37665523
2016  4 13     1.17305353
2016  4 14     1.02989998
2016  4 15     0.92756303
2016  4 16     0.85298702
2016  4 17     0.79603823
2016  4 18     0.75076983
2016  4 19     0.71347923
2016  4 20     0.68194162
2016  4 21     0.65439028
2016  4 22     0.63152584
2016  4 23     0.69520332
2016  4 24     0.59947174
2016  4 25     0.62202980
2016  4 26     0.59034840
2016  4 27     0.54642400
2016  4 28     0.66798278
2016  4 29     0.52089183
2016  4 30     0.49626146
2016  5  1     0.47921041
2016  5  2     0.46121334
2016  5  3     0.44921648
2016  5  4     0.43011325
2016  5  5     0.41615209
2016  5  6     0.47831247
2016  5  7     1.14595992
2016  5  8     0.72291335
2016  5  9     0.51993466
2016  5 10     0.48256967
2016  5 11     0.44528831
2016  5 12     0.41456751
2016  5 13     0.39055082
2016  5 14     0.37156628
2016  5 15     0.35623811
2016  5 16     0.34243856
2016  5 17     0.33224618
2016  5 18     0.31823110
2016  5 19     0.30655137
2016  5 20     0.29697901
2016  5 21     0.28877067
2016  5 22     0.27984172
2016  5 23     0.27088008
2016  5 24     0.31740020
2016  5 25     0.26105459
2016  5 26     0.26927381
2016  5 27     0.24141419
2016  5 28     0.23008706
2016  5 29     0.24330805
2016  5 30     0.21878349
2016  5 31     0.20860998
2016  6  1     0.20210075
2016  6  2     0.19602581
2016  6  3     0.19017815
2016  6  4     0.18449535
2016  6  5     0.17897890
2016  6  6     0.17367608
2016  6  7     0.16851539
2016  6  8     0.16348950
2016  6  9     0.15864176
2016  6 10     0.15396787
2016  6 11     0.14943709
2016  6 12     0.17042809
2016  6 13     0.15321407
2016  6 14     0.13779377
2016  6 15     0.13256307
2016  6 16     0.12871393
2016  6 17     0.12490333
2016  6 18     0.12113949
2016  6 19     0.11752884
2016  6 20     0.11405792
2016  6 21     0.11069267
2016  6 22     0.10742720
2016  6 23     0.10425837
2016  6 24     0.10118326
2016  6 25     0.09819905
2016  6 26     0.09530433
2016  6 27     0.09249256
2016  6 28     0.08976511
2016  6 29     0.08711810
2016  6 30     0.08454935
2016  7  1     0.08205644
2016  7  2     0.07963759
2016  7  3     0.07728930
2016  7  4     0.07501041
2016  7  5     0.07279958
2016  7  6     0.07065327
2016  7  7     0.06857047
2016  7  8     0.06655070
2016  7  9     0.06458732
2016  7 10     0.06268376
2016  7 11     0.06083418
2016  7 12     0.05904055
2016  7 13     0.05730017
2016  7 14     0.05561110
2016  7 15     0.05397183
2016  7 16     0.05238087
2016  7 17     0.05083681
2016  7 18     0.04933827
2016  7 19     0.04788390
2016  7 20     0.04647240
2016  7 21     0.04510251
2016  7 22     0.04377300
2016  7 23     0.04248268
2016  7 24     0.04123040
2016  7 25     0.04001503
2016  7 26     0.03883548
2016  7 27     0.03769071
2016  7 28     0.03657968
2016  7 29     0.03550140
2016  7 30     0.03445491
2016  7 31     0.03343927
2016  8  1     0.03245356
2016  8  2     0.03149691
2016  8  3     0.03056846
2016  8  4     0.03012224
2016  8  5     0.02885088
2016  8  6     0.02794412
2016  8  7     0.02712039
2016  8  8     0.02632095
2016  8  9     0.02554507
2016  8 10     0.02479207
2016  8 11     0.02406126
2016  8 12     0.02335199
2016  8 13     0.02266363
2016  8 14     0.02199557
2016  8 15     0.02134719
2016  8 16     0.02071793
2016  8 17     0.02010722
2016  8 18     0.01951451
2016  8 19     0.01893927
2016  8 20     0.01838099
2016  8 21     0.01783916
2016  8 22     0.01731331
2016  8 23     0.01680295
2016  8 24     0.01630764
2016  8 25     0.01582693
2016  8 26     0.01536040
2016  8 27     0.01490761
2016  8 28     0.01446817
2016  8 29     0.01404168
2016  8 30     0.01362777
2016  8 31     0.01322606
2016  9  1     0.01283619
2016  9  2     0.01245781
2016  9  3     0.01209058
2016  9  4     0.01173418
2016  9  5     0.01138829
2016  9  6     0.01105259
2016  9  7     0.01072679
2016  9  8     0.01041059
2016  9  9     0.01010371
2016  9 10     0.00980588
2016  9 11     0.00951682
2016  9 12     0.00923629
2016  9 13     0.00896403
2016  9 14     0.00869979
2016  9 15     0.00844334
2016  9 16     0.00819445
2016  9 17     0.00795290
2016  9 18     0.00771847
2016  9 19     0.00749095
2016  9 20     0.00727013
2016  9 21     0.00705583
2016  9 22     0.00684784
2016  9 23     0.00664598
2016  9 24     0.00645008
2016  9 25     0.00625994
2016  9 26     0.00607542
2016  9 27     0.00589633
2016  9 28     0.00572252
2016  9 29     0.00555383
2016  9 30     0.00539012
2016 10  1     0.00523123
2016 10  2     0.00507703
2016 10  3     0.00492737
2016 10  4     0.00478212
2016 10  5     0.00464116
2016 10  6     0.00450435
2016 10  7     0.00437157
2016 10  8     0.00424271
2016 10  9     0.00411764
2016 10 10     0.00399627
2016 10 11     0.00387847
2016 10 12     0.00376414
2016 10 13     0.00365318
2016 10 14     0.00354550
2016 10 15     0.00344098
2016 10 16     0.05027665
2016 10 17     0.00956713
2016 10 18     0.00314572
2016 10 19     0.00305285
2016 10 20     0.00296286
2016 10 21     0.00287552
2016 10 22     0.00279075
2016 10 23     0.00270849
2016 10 24     0.00626828
2016 10 25     0.00305076
2016 10 26     0.00247597
2016 10 27     0.00240298
2016 10 28     0.32683765
2016 10 29     0.11111693
2016 10 30     0.41772858
2016 10 31     0.47212355
2016 11  1     0.07661783
2016 11  2     0.00309679
2016 11  3     0.00194890
2016 11  4     0.00189145
2016 11  5     0.00183569
2016 11  6     0.00178158
2016 11  7     0.00172907
2016 11  8     0.00167810
2016 11  9     0.00162863
2016 11 10     0.00158062
2016 11 11     0.00153403
2016 11 12     0.00148881
2016 11 13     0.00144492
2016 11 14     0.00140233
2016 11 15     0.00136099
2016 11 16     0.00132088
2016 11 17     0.00298065
2016 11 18     0.00147239
2016 11 19     0.00120748
2016 11 20     0.00187669
2016 11 21     0.05950698
2016 11 22     0.09809183
2016 11 23     0.01214360
2016 11 24     0.00103995
2016 11 25     0.00100905
2016 11 26     0.00099605
2016 11 27     1.21748408
2016 11 28     0.61705731
2016 11 29     0.08961378
2016 11 30     0.00775428
2016 12  1     0.00212325
2016 12  2     0.00103718
2016 12  3     0.00086915
2016 12  4     0.00369026
2016 12  5     0.00470090
2016 12  6     0.00344258
2016 12  7     0.00157144
2016 12  8     0.14396478
2016 12  9     0.38636111
2016 12 10     0.05107856
2016 12 11     0.00344817
2016 12 12     0.00112525
2016 12 13     0.00062708
2016 12 14     0.00058461
2016 12 15     0.00257564
2016 12 16     3.76966979
2016 12 17     0.69006180
2016 12 18     0.15972155
2016 12 19     0.10702134
2016 12 20     0.08885912
2016 12 21     0.07433351
2016 12 22     0.06029386
2016 12 23     0.05645620
2016 12 24     2.58315975
2016 12 25     0.52029370
2016 12 26     0.18604613
2016 12 27     0.15372769
2016 12 28     0.14949087
2016 12 29     0.11636488
2016 12 30     0.11360131
2016 12 31     0.45684803
2017  1  1     0.67934110
2017  1  2     0.23483099
2017  1  3     0.16752070
2017  1  4     2.74024705
2017  1  5     9.32583158
2017  1  6     3.95457656
2017  1  7     4.02650281
2017  1  8     9.38766772
2017  1  9    11.85418247
2017  1 10     5.11138937
2017  1 11    10.09259166
2017  1 12     7.67062032
2017  1 13     6.77760997
2017  1 14     3.93385305
2017  1 15     3.10418850
2017  1 16     2.62002084
2017  1 17     2.28485332
2017  1 18     2.07078642
2017  1 19    10.09182672
2017  1 20     7.67506826
2017  1 21     7.31593157
2017  1 22     5.00486847
2017  1 23    11.68649075
2017  1 24     5.97139865
2017  1 25     4.03321754
2017  1 26     3.36614556
2017  1 27     2.92296963
2017  1 28     2.63764209
2017  1 29     2.67900913
2017  1 30     2.68316786
2017  1 31     2.63005755
2017  2  1     2.58499866
2017  2  2     2.54944866
2017  2  3    19.18616023
2017  2  4    10.27275123
2017  2  5     5.78903163
2017  2  6    12.53632695
2017  2  7    14.41325831
2017  2  8    14.03297163
2017  2  9     7.86963119
2017  2 10     8.24944382
2017  2 11     9.89153168
2017  2 12     6.12685278
2017  2 13     5.09181898
2017  2 14     4.51935979
2017  2 15     4.14141758
2017  2 16     3.87484405
2017  2 17     6.31989660
2017  2 18     9.56636248
2017  2 19     7.51615816
2017  2 20    13.82809827
2017  2 21     9.05515815
2017  2 22     7.04466397
2017  2 23     5.43225422
2017  2 24     4.78690898
2017  2 25     4.26015319
2017  2 26     3.87480992
2017  2 27     3.59765566
2017  2 28     3.34935847
2017  3  1     3.16909353
2017  3  2     3.03094533
2017  3  3     2.99243709
2017  3  4     2.91721978
2017  3  5     3.87802353
2017  3  6     3.16771465
2017  3  7     2.98284114
2017  3  8     3.56607852
2017  3  9     3.11252166
2017  3 10     3.04991473
2017  3 11     2.90822240
2017  3 12     2.80477677
2017  3 13     2.73248153
2017  3 14     2.72002206
2017  3 15     2.67461439
2017  3 16     2.58074048
2017  3 17     2.42589972
2017  3 18     2.36884449
2017  3 19     2.26324134
2017  3 20     2.17006605
2017  3 21     2.38394261
2017  3 22     2.67606656
2017  3 23     3.43221917
2017  3 24     2.44739153
2017  3 25     2.69136206
2017  3 26     2.16753664
2017  3 27     2.48230445
2017  3 28     1.99419670
2017  3 29     1.95912616
2017  3 30     1.93377349
2017  3 31     1.82151943
2017  4  1     1.64315531
2017  4  2     1.62396282
2017  4  3     1.60579905
2017  4  4     1.52708237
2017  4  5     1.47867414
2017  4  6     1.44866369
2017  4  7     1.51610146
2017  4  8     8.61152016
2017  4  9     4.36936470
2017  4 10     2.98769479
2017  4 11     2.47140409
2017  4 12     2.12079358
2017  4 13     1.88416736
2017  4 14     1.71571545
2017  4 15     1.53359532
2017  4 16     1.47648358
2017  4 17     1.42888372
2017  4 18     1.67589225
2017  4 19     3.30864675
2017  4 20     1.96370436
2017  4 21     1.78222786
2017  4 22     1.64183264
2017  4 23     1.50828903
2017  4 24     1.36586129
2017  4 25     1.25725990
2017  4 26     1.18851223
2017  4 27     1.16195788
2017  4 28     1.11201555
2017  4 29     1.04338812
2017  4 30     0.97840384
2017  5  1     0.92427447
2017  5  2     0.88564633
2017  5  3     0.85042113
2017  5  4     0.81780785
2017  5  5     0.78813653
2017  5  6     0.76334503
2017  5  7     1.08716412
2017  5  8     0.76116372
2017  5  9     0.69721380
2017  5 10     0.67246719
2017  5 11     0.65099352
2017  5 12     0.63069826
2017  5 13     0.61661398
2017  5 14     0.59563561
2017  5 15     0.57960680
2017  5 16     0.59147205
2017  5 17     0.55359512
2017  5 18     0.52833278
2017  5 19     0.50972233
2017  5 20     0.49234605
2017  5 21     0.47554194
2017  5 22     0.45936283
2017  5 23     0.44357871
2017  5 24     0.42844315
2017  5 25     0.41765780
2017  5 26     0.40943681
2017  5 27     0.39921579
2017  5 28     0.38541624
2017  5 29     0.37025161
2017  5 30     0.35749501
2017  5 31     0.34711732
2017  6  1     0.36014647
2017  6  2     0.33091592
2017  6  3     0.31668697
2017  6  4     0.30543137
2017  6  5     0.29684750
2017  6  6     0.28775253
2017  6  7     0.27827530
2017  6  8     0.27042693
2017  6  9     0.26398706
2017  6 10     0.25664123
2017  6 11     0.25092394
2017  6 12     0.36233129
2017  6 13     0.25536863
2017  6 14     0.23075154
2017  6 15     0.21909579
2017  6 16     0.21181440
2017  6 17     0.20544528
2017  6 18     0.19935338
2017  6 19     0.19347463
2017  6 20     0.18777009
2017  6 21     0.18223554
2017  6 22     0.17686539
2017  6 23     0.17164989
2017  6 24     0.16659087
2017  6 25     0.16167811
2017  6 26     0.15691014
2017  6 27     0.15228397
2017  6 28     0.14779491
2017  6 29     0.14343829
2017  6 30     0.13921008
2017  7  1     0.13510652
2017  7  2     0.13112391
2017  7  3     0.12725871
2017  7  4     0.12350744
2017  7  5     0.11986674
2017  7  6     0.11633337
2017  7  7     0.11290415
2017  7  8     0.10957602
2017  7  9     0.10634599
2017  7 10     0.10321117
2017  7 11     0.10016876
2017  7 12     0.09721604
2017  7 13     0.09435035
2017  7 14     0.09156914
2017  7 15     0.08886991
2017  7 16     0.08625024
2017  7 17     0.08370780
2017  7 18     0.08124030
2017  7 19     0.07884554
2017  7 20     0.07652137
2017  7 21     0.07426571
2017  7 22     0.07207654
2017  7 23     0.06995190
2017  7 24     0.06788990
2017  7 25     0.06588867
2017  7 26     0.06394644
2017  7 27     0.06206145
2017  7 28     0.06023204
2017  7 29     0.05845655
2017  7 30     0.05673339
2017  7 31     0.05506103
2017  8  1     0.05343964
2017  8  2     0.05186302
2017  8  3     0.05033397
2017  8  4     0.11010396
2017  8  5     0.05503717
2017  8  6     0.04601290
2017  8  7     0.04465639
2017  8  8     0.04334003
2017  8  9     0.04206247
2017  8 10     0.04082257
2017  8 11     0.03961923
2017  8 12     0.03845135
2017  8 13     0.03731790
2017  8 14     0.03621786
2017  8 15     0.03515025
2017  8 16     0.03411411
2017  8 17     0.03310851
2017  8 18     0.03213255
2017  8 19     0.03118536
2017  8 20     0.03026610
2017  8 21     0.02937393
2017  8 22     0.02865432
2017  8 23     0.02768638
2017  8 24     0.03891633
2017  8 25     0.02756394
2017  8 26     0.02529243
2017  8 27     0.02454684
2017  8 28     0.02382326
2017  8 29     0.02312101
2017  8 30     0.02243946
2017  8 31     0.02177800
2017  9  1     0.02113604
2017  9  2     0.02114635
2017  9  3     0.02001751
2017  9  4     0.15763347
2017  9  5     0.03476979
2017  9  6     0.01819954
2017  9  7     0.01766271
2017  9  8     0.01714205
2017  9  9     0.01663675
2017  9 10     0.01637976
2017  9 11     0.01570034
2017  9 12     0.04233900
2017  9 13     0.01861257
2017  9 14     0.01432515
2017  9 15     0.01390279
2017  9 16     0.01349297
2017  9 17     0.01309523
2017  9 18     0.01270922
2017  9 19     0.01233458
2017  9 20     0.01197099
2017  9 21     0.31024636
2017  9 22     0.22633026
2017  9 23     0.03311318
2017  9 24     0.01062120
2017  9 25     0.01030761
2017  9 26     0.01000377
2017  9 27     0.00970888
2017  9 28     0.00942269
2017  9 29     0.00914493
2017  9 30     0.00887536
2017 10  1     0.00861374
2017 10  2     0.00835983
2017 10  3     0.00811340
2017 10  4     0.00787424
2017 10  5     0.00764212
2017 10  6     0.00741685
2017 10  7     0.00719822
2017 10  8     0.00698604
2017 10  9     0.00678011
2017 10 10     0.00658025
2017 10 11     0.00638628
2017 10 12     0.00619802
2017 10 13     0.00601532
2017 10 14     0.00583801
2017 10 15     0.00566592
2017 10 16     0.00549890
2017 10 17     0.00533680
2017 10 18     0.00517949
2017 10 19     0.00502681
2017 10 20     0.02422682
2017 10 21     0.00708076
2017 10 22     0.00459531
2017 10 23     0.00445980
2017 10 24     0.00432833
2017 10 25     0.00420074
2017 10 26     0.00407692
2017 10 27     0.00395674
2017 10 28     0.00384010
2017 10 29     0.00372691
2017 10 30     0.00361705
2017 10 31     0.00351043
2017 11  1     0.00340695
2017 11  2     0.00330652
2017 11  3     0.00324364
2017 11  4     0.00311975
2017 11  5     0.00302467
2017 11  6     0.00293386
2017 11  7     0.00284708
2017 11  8     0.00276315
2017 11  9     0.00268170
2017 11 10     0.00260265
2017 11 11     0.00252593
2017 11 12     0.00245147
2017 11 13     0.00237921
2017 11 14     0.00230908
2017 11 15     0.00224101
2017 11 16     0.00317774
2017 11 17     0.98566377
2017 11 18     0.23388379
2017 11 19     0.03517927
2017 11 20     0.00290715
2017 11 21     0.00187274
2017 11 22     0.00181754
2017 11 23     0.00176396
2017 11 24     0.00171196
2017 11 25     0.00166150
2017 11 26     0.00161252
2017 11 27     0.34003332
2017 11 28     0.13689020
2017 11 29     0.01675800
2017 11 30     0.00162960
2017 12  1     0.00138846
2017 12  2     0.00134753
2017 12  3     0.00130781
2017 12  4     0.00126926
2017 12  5     0.00123184
2017 12  6     0.00119553
2017 12  7     0.00116029
2017 12  8     0.00112609
2017 12  9     0.00109289
2017 12 10     0.00106068
2017 12 11     0.00102941
2017 12 12     0.00099907
2017 12 13     0.00096962
2017 12 14     0.00094104
2017 12 15     0.00091330
2017 12 16     0.00088637
2017 12 17     0.00086025
2017 12 18     0.00083489
2017 12 19     0.00081028
2017 12 20     0.01135467
2017 12 21     0.05929917
2017 12 22     0.00740247
2017 12 23     0.00378284
2017 12 24     0.00844426
2017 12 25     0.00540322
2017 12 26     0.00138320
2017 12 27     0.00067459
2017 12 28     0.00061899
2017 12 29     0.00060075
2017 12 30     0.00058304
2017 12 31     0.00056585
2018  1  1     0.00054917
2018  1  2     0.00053298
2018  1  3     0.00051727
2018  1  4     0.01513566
2018  1  5     0.00283622
2018  1  6     0.02869239
2018  1  7     0.00408646
2018  1  8     0.15972089
2018  1  9     0.90054356
2018  1 10     0.31185761
2018  1 11     0.05018295
2018  1 12     0.00159705
2018  1 13     0.00052730
2018  1 14     0.00102596
2018  1 15     0.00120954
2018  1 16     0.00082085
2018  1 17     0.00040125
2018  1 18     0.00033022
2018  1 19     0.14977286
2018  1 20     0.15695955
2018  1 21     0.02638473
2018  1 22     0.00091715
2018  1 23     0.00275952
2018  1 24     0.00813438
2018  1 25     0.15849870
2018  1 26     0.05368555
2018  1 27     0.01710994
2018  1 28     0.02115811
2018  1 29     0.00930414
2018  1 30     0.00174983
2018  1 31     0.00030156
2018  2  1     0.00021721
2018  2  2     0.00021081
2018  2  3     0.00020459
2018  2  4     0.00019856
2018  2  5     0.00019271
2018  2  6     0.00018703
2018  2  7     0.00018152
2018  2  8     0.00017617
2018  2  9     0.00017097
2018  2 10     0.00016593
2018  2 11     0.00016104
2018  2 12     0.00015643
2018  2 13     0.00162155
2018  2 14     0.00095341
2018  2 15     0.00032829
2018  2 16     0.00033819
2018  2 17     0.00016625
2018  2 18     0.00013061
2018  2 19     0.00025061
2018  2 20     0.00101191
2018  2 21     0.00069189
2018  2 22     0.00055054
2018  2 23     0.00368713
2018  2 24     0.00120459
2018  2 25     0.01346081
2018  2 26     0.06017882
2018  2 27     0.45700966
2018  2 28     0.08686263
2018  3  1     0.08521094
2018  3  2     1.25793752
2018  3  3     0.74208354
2018  3  4     0.23432559
2018  3  5     0.07880546
2018  3  6     0.16831353
2018  3  7     0.25437624
2018  3  8     0.11341688
2018  3  9     0.08622403
2018  3 10     0.04648693
2018  3 11     0.47279404
2018  3 12     0.11001072
2018  3 13     0.05408896
2018  3 14     1.34977906
2018  3 15     0.74168392
2018  3 16     0.26719475
2018  3 17     0.76235998
2018  3 18     0.32128085
2018  3 19     0.17748166
2018  3 20     0.22743733
2018  3 21     2.51698583
2018  3 22     7.60376806
2018  3 23     5.53986533
2018  3 24     2.09790074
2018  3 25     1.40259696
2018  3 26     1.18842196
2018  3 27     1.03815921
2018  3 28     0.98842765
2018  3 29     1.03557046
2018  3 30     1.04896564
2018  3 31     0.94516127
2018  4  1     0.86386860
2018  4  2     0.80374377
2018  4  3     0.75565530
2018  4  4     0.71970746
2018  4  5     0.69098304
2018  4  6     0.66481689
2018  4  7     1.37313025
2018  4  8     3.73121270
2018  4  9     1.49307467
2018  4 10     1.06754269
2018  4 11     0.94188560
2018  4 12     1.33428998
2018  4 13     0.87302907
2018  4 14     0.80171685
2018  4 15     0.74537402
2018  4 16     0.76700785
2018  4 17     1.27858359
2018  4 18     0.80079877
2018  4 19     1.25106502
2018  4 20     0.82736058
2018  4 21     0.78693869
2018  4 22     0.69487739
2018  4 23     0.64311519
2018  4 24     0.60134369
2018  4 25     0.56692713
2018  4 26     0.53880264
2018  4 27     0.51501351
2018  4 28     0.49434847
2018  4 29     0.47575568
2018  4 30     0.45876517
2018  5  1     0.44690035
2018  5  2     0.46796891
2018  5  3     0.42684443
2018  5  4     0.40197614
2018  5  5     0.38773527
2018  5  6     0.37545231
2018  5  7     0.36373199
2018  5  8     0.35247744
2018  5  9     0.34159090
2018  5 10     0.33116209
2018  5 11     0.32110594
2018  5 12     0.31142576
2018  5 13     0.30203729
2018  5 14     0.29291242
2018  5 15     0.28408463
2018  5 16     0.27556425
2018  5 17     0.26734240
2018  5 18     0.25935761
2018  5 19     0.25161861
2018  5 20     0.24413565
2018  5 21     0.23741781
2018  5 22     0.22993135
2018  5 23     0.22303991
2018  5 24     0.21643082
2018  5 25     0.21792104
2018  5 26     0.21760400
2018  5 27     0.21629235
2018  5 28     0.19423600
2018  5 29     0.18628464
2018  5 30     0.18075083
2018  5 31     0.17541119
2018  6  1     0.17023061
2018  6  2     0.16520417
2018  6  3     0.16032710
2018  6  4     0.15559484
2018  6  5     0.15100361
2018  6  6     0.14654728
2018  6  7     0.14222338
2018  6  8     0.13802765
2018  6  9     0.13395608
2018  6 10     0.13000494
2018  6 11     0.12617062
2018  6 12     0.12245014
2018  6 13     0.11883857
2018  6 14     0.11533530
2018  6 15     0.11193330
2018  6 16     0.10863346
2018  6 17     0.10542994
2018  6 18     0.10232248
2018  6 19     0.09930615
2018  6 20     0.09637862
2018  6 21     0.09353712
2018  6 22     0.09077948
2018  6 23     0.08810529
2018  6 24     0.08550573
2018  6 25     0.08298373
2018  6 26     0.08053579
2018  6 27     0.07816149
2018  6 28     0.07585880
2018  6 29     0.07362145
2018  6 30     0.07145117
2018  7  1     0.06934686
2018  7  2     0.06730090
2018  7  3     0.06531693
2018  7  4     0.06339274
2018  7  5     0.06152390
2018  7  6     0.05970940
2018  7  7     0.05794942
2018  7  8     0.05624408
2018  7  9     0.05458338
2018  7 10     0.05297411
2018  7 11     0.05141260
2018  7 12     0.04989706
2018  7 13     0.15645609
2018  7 14     0.06158112
2018  7 15     0.04561366
2018  7 16     0.04426875
2018  7 17     0.04296382
2018  7 18     0.04169735
2018  7 19     0.04046822
2018  7 20     0.03927905
2018  7 21     0.03811817
2018  7 22     0.03699397
2018  7 23     0.03590348
2018  7 24     0.03484513
2018  7 25     0.03381798
2018  7 26     0.03282111
2018  7 27     0.03185363
2018  7 28     0.03091466
2018  7 29     0.03000338
2018  7 30     0.02911895
2018  7 31     0.02826060
2018  8  1     0.02742754
2018  8  2     0.02661905
2018  8  3     0.02583439
2018  8  4     0.02507285
2018  8  5     0.02433377
2018  8  6     0.02361647
2018  8  7     0.02292031
2018  8  8     0.02224468
2018  8  9     0.02158896
2018  8 10     0.02095257
2018  8 11     0.02033494
2018  8 12     0.01973552
2018  8 13     0.01915376
2018  8 14     0.01858916
2018  8 15     0.01804120
2018  8 16     0.01750939
2018  8 17     0.01699325
2018  8 18     0.01649234
2018  8 19     0.01600618
2018  8 20     0.01553436
2018  8 21     0.01507645
2018  8 22     0.01463203
2018  8 23     0.01420071
2018  8 24     0.01378211
2018  8 25     0.01337585
2018  8 26     0.01298156
2018  8 27     0.01259890
2018  8 28     0.01222751
2018  8 29     0.01186708
2018  8 30     0.01151727
2018  8 31     0.01117777
2018  9  1     0.01084827
2018  9  2     0.01052849
2018  9  3     0.01021814
2018  9  4     0.00991693
2018  9  5     0.00962461
2018  9  6     0.00934090
2018  9  7     0.00906555
2018  9  8     0.00879832
2018  9  9     0.00853897
2018  9 10     0.00828726
2018  9 11     0.00804297
2018  9 12     0.00780589
2018  9 13     0.00757579
2018  9 14     0.00735247
2018  9 15     0.00713574
2018  9 16     0.00692540
2018  9 17     0.00672125
2018  9 18     0.00652313
2018  9 19     0.00633084
2018  9 20     0.00614422
2018  9 21     0.00596311
2018  9 22     0.00578733
2018  9 23     0.00561673
2018  9 24     0.00545117
2018  9 25     0.00529048
2018  9 26     0.00513453
2018  9 27     0.00498318
2018  9 28     0.00483628
2018  9 29     0.00469372
2018  9 30     0.00455536
2018 10  1     0.00442108
2018 10  2     0.04749490
2018 10  3     0.19333172
2018 10  4     0.41897424
2018 10  5     0.05340674
2018 10  6     0.00380995
2018 10  7     0.01206758
2018 10  8     0.00486225
2018 10  9     0.00347998
2018 10 10     0.00337737
2018 10 11     0.00327782
2018 10 12     0.00318119
2018 10 13     0.00308742
2018 10 14     0.00299641
2018 10 15     0.00290808
2018 10 16     0.00282236
2018 10 17     0.00273917
2018 10 18     0.00265842
2018 10 19     0.00258006
2018 10 20     0.00250400
2018 10 21     0.00243019
2018 10 22     0.00235856
2018 10 23     0.00228903
2018 10 24     0.00222156
2018 10 25     0.00215607
2018 10 26     0.00209252
2018 10 27     0.00203083
2018 10 28     0.00197097
2018 10 29     0.00191287
2018 10 30     0.00185648
2018 10 31     0.00180176
2018 11  1     0.00174865
2018 11  2     0.00169710
2018 11  3     0.00164708
2018 11  4     0.00159852
2018 11  5     0.00155140
2018 11  6     0.00150567
2018 11  7     0.00146129
2018 11  8     0.00141821
2018 11  9     0.00137641
2018 11 10     0.00133583
2018 11 11     0.00129646
2018 11 12     0.00125824
2018 11 13     0.00122115
2018 11 14     0.00118515
2018 11 15     0.00115022
2018 11 16     0.00111631
2018 11 17     0.00108341
2018 11 18     0.00105147
2018 11 19     0.00102048
2018 11 20     0.00099040
2018 11 21     0.00096120
2018 11 22     0.57587789
2018 11 23     0.17755153
2018 11 24     0.08555439
2018 11 25     0.02693743
2018 11 26     0.00270859
2018 11 27     0.00080329
2018 11 28     0.12488052
2018 11 29     1.77840730
2018 11 30     2.02432210
2018 12  1     0.40316996
2018 12  2     0.15235173
2018 12  3     0.04789138
2018 12  4     0.00822194
2018 12  5     0.00736985
2018 12  6     0.23381915
2018 12  7     0.14020100
2018 12  8     0.02870859
2018 12  9     0.00273415
2018 12 10     0.00172456
2018 12 11     0.00131903
2018 12 12     0.00135283
2018 12 13     0.00129696
2018 12 14     0.00065253
2018 12 15     0.00051853
2018 12 16     0.00052329
2018 12 17     0.02072576
2018 12 18     0.07160446
2018 12 19     0.00882274
2018 12 20     0.00057354
2018 12 21     0.00082996
2018 12 22     0.00069787
2018 12 23     0.00058294
2018 12 24     0.00056463
2018 12 25     0.60270264
2018 12 26     0.08844528
2018 12 27     0.01041070
2018 12 28     0.00979519
2018 12 29     0.00920930
2018 12 30     0.00898256
2018 12 31     0.00866160
