1915  1  1    10.62790772
1915  1  2    13.70741108
1915  1  3     9.71029198
1915  1  4     8.37815914
1915  1  5     6.03612480
1915  1  6     4.69280456
1915  1  7     3.59927799
1915  1  8     3.28853240
1915  1  9     2.53053543
1915  1 10     2.04246183
1915  1 11     1.73174211
1915  1 12     1.90013532
1915  1 13     2.34894797
1915  1 14     2.36629371
1915  1 15     1.61186095
1915  1 16     0.93618658
1915  1 17     0.82865497
1915  1 18     0.72928693
1915  1 19     0.63980416
1915  1 20     0.56770153
1915  1 21     0.51410821
1915  1 22     0.46910266
1915  1 23     0.43102233
1915  1 24     0.40046518
1915  1 25     1.26379457
1915  1 26     0.71424833
1915  1 27     1.30475561
1915  1 28     2.05783962
1915  1 29     2.57147205
1915  1 30     2.00473522
1915  1 31     1.52288797
1915  2  1     1.38384099
1915  2  2     1.76265803
1915  2  3     1.14473728
1915  2  4     0.38242597
1915  2  5     0.22204896
1915  2  6     0.21020396
1915  2  7     0.20343101
1915  2  8     1.64630966
1915  2  9     2.50655158
1915  2 10     2.01482793
1915  2 11     0.76103604
1915  2 12     0.30968323
1915  2 13     0.22072043
1915  2 14     0.21060909
1915  2 15     0.20228304
1915  2 16     0.63337816
1915  2 17     1.52893803
1915  2 18     0.82253034
1915  2 19     0.28245781
1915  2 20     1.52223460
1915  2 21     0.52118473
1915  2 22     0.53498811
1915  2 23     0.38874104
1915  2 24     0.36997964
1915  2 25     0.38731762
1915  2 26     0.35735789
1915  2 27     0.33266699
1915  2 28     2.06319457
1915  3  1     0.91341445
1915  3  2     0.41127579
1915  3  3     0.39829722
1915  3  4     0.38698653
1915  3  5     0.37207761
1915  3  6     0.35643349
1915  3  7     0.34556959
1915  3  8     0.33996283
1915  3  9     0.32627898
1915  3 10     0.33491095
1915  3 11     0.31989955
1915  3 12     0.29593149
1915  3 13     0.32835058
1915  3 14     0.35505004
1915  3 15     0.38081494
1915  3 16     0.42366908
1915  3 17     0.46484172
1915  3 18     0.46522170
1915  3 19     0.44489109
1915  3 20     0.45928802
1915  3 21     0.50456926
1915  3 22     0.53686971
1915  3 23     0.55352147
1915  3 24     0.55975929
1915  3 25     0.46633261
1915  3 26     0.34640425
1915  3 27     0.38257435
1915  3 28     3.19195179
1915  3 29     1.91963437
1915  3 30     0.56558980
1915  3 31     0.54522782
1915  4  1     0.59253804
1915  4  2     0.54742023
1915  4  3     0.53302301
1915  4  4     0.47718703
1915  4  5     0.39060198
1915  4  6     0.35349850
1915  4  7     0.65670450
1915  4  8     0.43454210
1915  4  9     0.37791106
1915  4 10     0.46359919
1915  4 11     0.49327631
1915  4 12     0.45183745
1915  4 13     0.42353805
1915  4 14     0.38878311
1915  4 15     0.35149713
1915  4 16     0.36304624
1915  4 17     0.41384263
1915  4 18     0.49848561
1915  4 19     0.54657501
1915  4 20     0.47702888
1915  4 21     0.78772707
1915  4 22     0.66082696
1915  4 23     0.32340544
1915  4 24     0.28392802
1915  4 25     0.26218959
1915  4 26     0.20534656
1915  4 27     0.26251084
1915  4 28     0.65721556
1915  4 29     0.83537348
1915  4 30     0.63255419
1915  5  1     0.74809624
1915  5  2     0.33952937
1915  5  3     0.30295771
1915  5  4     0.89164151
1915  5  5     0.77631444
1915  5  6     0.53160637
1915  5  7     0.68870280
1915  5  8     0.55805293
1915  5  9     0.81113314
1915  5 10     0.68129634
1915  5 11     2.68013709
1915  5 12     3.83724858
1915  5 13     4.89123859
1915  5 14     2.02825654
1915  5 15     1.05682429
1915  5 16     1.18010342
1915  5 17     5.71143199
1915  5 18     3.96961414
1915  5 19     1.41030607
1915  5 20     1.13013002
1915  5 21     1.10111216
1915  5 22     1.16625869
1915  5 23     1.33471490
1915  5 24     1.97387416
1915  5 25     1.62665965
1915  5 26     1.39306873
1915  5 27     1.56068712
1915  5 28     1.63660667
1915  5 29     1.58043576
1915  5 30     1.53544905
1915  5 31     1.55868876
1915  6  1     1.52801254
1915  6  2     1.40103409
1915  6  3     1.31686645
1915  6  4     1.34688383
1915  6  5     1.38686387
1915  6  6     1.48593359
1915  6  7     1.63398431
1915  6  8     1.74360144
1915  6  9     1.83933164
1915  6 10     1.86437352
1915  6 11     1.78560513
1915  6 12     1.65720810
1915  6 13     1.56560811
1915  6 14     1.53486509
1915  6 15     1.56118547
1915  6 16     1.59214785
1915  6 17     1.53316764
1915  6 18     1.41116610
1915  6 19     1.27369672
1915  6 20     1.12988477
1915  6 21     1.03786772
1915  6 22     0.96984444
1915  6 23     0.88409295
1915  6 24     0.79944558
1915  6 25     0.72759627
1915  6 26     0.67586691
1915  6 27     0.65477824
1915  6 28     0.66816414
1915  6 29     0.69681264
1915  6 30     0.72384500
1915  7  1     0.78777158
1915  7  2     0.87493750
1915  7  3     0.88954315
1915  7  4     0.84981707
1915  7  5     0.79865294
1915  7  6     0.73771768
1915  7  7     0.67397383
1915  7  8     0.64251461
1915  7  9     0.62121095
1915  7 10     0.59535636
1915  7 11     0.57378181
1915  7 12     0.52103651
1915  7 13     0.44103645
1915  7 14     0.38036538
1915  7 15     0.34671919
1915  7 16     0.32016685
1915  7 17     0.29963795
1915  7 18     0.28225339
1915  7 19     0.26755647
1915  7 20     0.25341285
1915  7 21     0.24520871
1915  7 22     0.23248748
1915  7 23     0.21249766
1915  7 24     0.19624680
1915  7 25     0.18579443
1915  7 26     0.17822464
1915  7 27     0.17189359
1915  7 28     0.16566533
1915  7 29     0.15911482
1915  7 30     0.15304146
1915  7 31     0.14702958
1915  8  1     0.14071941
1915  8  2     0.13494726
1915  8  3     0.12976013
1915  8  4     0.12513790
1915  8  5     0.12085521
1915  8  6     0.11704204
1915  8  7     0.11378975
1915  8  8     0.11016171
1915  8  9     0.10603073
1915  8 10     0.10247672
1915  8 11     0.09950390
1915  8 12     0.09670718
1915  8 13     0.09376807
1915  8 14     0.09083996
1915  8 15     0.08808395
1915  8 16     0.08533472
1915  8 17     0.08255533
1915  8 18     0.07975250
1915  8 19     0.07690002
1915  8 20     0.07431031
1915  8 21     0.07203034
1915  8 22     0.07013248
1915  8 23     0.07124737
1915  8 24     0.07844659
1915  8 25     0.07281179
1915  8 26     0.06205021
1915  8 27     0.06004811
1915  8 28     0.05824970
1915  8 29     0.05651883
1915  8 30     0.06677639
1915  8 31     0.06405717
1915  9  1     0.05198089
1915  9  2     0.05047701
1915  9  3     0.04879151
1915  9  4     0.04740211
1915  9  5     0.04601226
1915  9  6     0.04460755
1915  9  7     0.04328665
1915  9  8     0.04205005
1915  9  9     0.04083678
1915  9 10     0.03966923
1915  9 11     0.03854736
1915  9 12     0.03812471
1915  9 13     0.06429473
1915  9 14     0.06844027
1915  9 15     0.04508144
1915  9 16     0.03375613
1915  9 17     0.03236333
1915  9 18     0.03127609
1915  9 19     0.03034465
1915  9 20     0.02945238
1915  9 21     0.02859132
1915  9 22     0.02775512
1915  9 23     0.02694859
1915  9 24     0.10752520
1915  9 25     0.13762613
1915  9 26     0.06377776
1915  9 27     0.02533361
1915  9 28     0.02437315
1915  9 29     0.02299041
1915  9 30     0.02210448
1915 10  1     0.02134475
1915 10  2     0.02069133
1915 10  3     0.02009243
1915 10  4     0.01950973
1915 10  5     0.01891782
1915 10  6     0.01834976
1915 10  7     0.01781296
1915 10  8     0.01730082
1915 10  9     0.01681586
1915 10 10     0.01634677
1915 10 11     0.01592276
1915 10 12     0.01552352
1915 10 13     0.01511196
1915 10 14     0.01468550
1915 10 15     0.01429884
1915 10 16     0.01386916
1915 10 17     0.01335167
1915 10 18     0.01293527
1915 10 19     0.01255978
1915 10 20     0.01217733
1915 10 21     0.01180895
1915 10 22     0.01147728
1915 10 23     0.01116033
1915 10 24     0.01085050
1915 10 25     0.01052658
1915 10 26     0.01019879
1915 10 27     0.00990282
1915 10 28     0.00961913
1915 10 29     0.00933969
1915 10 30     0.00907119
1915 10 31     0.00881948
1915 11  1     0.00857261
1915 11  2     0.00832887
1915 11  3     0.00808399
1915 11  4     0.00785011
1915 11  5     0.00763371
1915 11  6     0.00742189
1915 11  7     0.00721377
1915 11  8     0.00704952
1915 11  9     0.73618460
1915 11 10     0.28017245
1915 11 11     0.01177668
1915 11 12     0.00979346
1915 11 13     0.00962669
1915 11 14     0.00925181
1915 11 15     0.00858230
1915 11 16     0.00933754
1915 11 17     0.00914501
1915 11 18     0.01072613
1915 11 19     0.02013567
1915 11 20     0.03093301
1915 11 21     0.03799356
1915 11 22     0.03873217
1915 11 23     0.14070745
1915 11 24     0.19233357
1915 11 25     0.08069809
1915 11 26     0.01975134
1915 11 27     0.01705760
1915 11 28     0.01123858
1915 11 29     0.01942782
1915 11 30     0.02008661
1915 12  1     0.01311583
1915 12  2     0.04179710
1915 12  3     1.23012087
1915 12  4     3.32352320
1915 12  5     1.25257283
1915 12  6     0.17608726
1915 12  7     0.12596554
1915 12  8     0.09511402
1915 12  9     0.08656413
1915 12 10     0.05328347
1915 12 11     0.03782603
1915 12 12     0.55246083
1915 12 13     1.20020214
1915 12 14     1.75852755
1915 12 15     0.32864166
1915 12 16     0.10408442
1915 12 17     0.07403046
1915 12 18     0.06786657
1915 12 19     0.05029489
1915 12 20     0.03653849
1915 12 21     0.03202974
1915 12 22     0.02895549
1915 12 23     0.02715810
1915 12 24     0.02324703
1915 12 25     0.01964846
1915 12 26     0.02507269
1915 12 27     0.01992201
1915 12 28     0.05004382
1915 12 29     0.04268453
1915 12 30     0.01245427
1915 12 31     0.01103488
1916  1  1     0.18611036
1916  1  2     0.36999961
1916  1  3     2.28464549
1916  1  4     3.36731021
1916  1  5     1.34177294
1916  1  6     0.59918695
1916  1  7     0.37143204
1916  1  8     2.71731486
1916  1  9     3.64293042
1916  1 10     3.57835556
1916  1 11     1.44499634
1916  1 12     0.82399457
1916  1 13     0.66555261
1916  1 14     1.70096288
1916  1 15     1.30704419
1916  1 16     0.63167887
1916  1 17     4.12456568
1916  1 18     3.83831596
1916  1 19     1.66514574
1916  1 20     1.01089899
1916  1 21     0.85533111
1916  1 22     1.29512435
1916  1 23     4.46540866
1916  1 24     5.93412438
1916  1 25     6.12348263
1916  1 26     2.75713357
1916  1 27     6.10768905
1916  1 28     4.73677473
1916  1 29     4.60042700
1916  1 30     1.86423121
1916  1 31     1.28628117
1916  2  1     1.17525975
1916  2  2     1.28813715
1916  2  3     3.26666153
1916  2  4     6.47001188
1916  2  5     3.29929505
1916  2  6     1.62873194
1916  2  7     1.34876280
1916  2  8     1.26123637
1916  2  9     1.24935361
1916  2 10     1.28215369
1916  2 11     1.26937622
1916  2 12     1.22956662
1916  2 13     1.19422464
1916  2 14     1.18865049
1916  2 15     1.19858455
1916  2 16     1.18834792
1916  2 17     1.17387442
1916  2 18     1.16278466
1916  2 19     1.16635617
1916  2 20     1.30431932
1916  2 21     1.83039122
1916  2 22     1.50460445
1916  2 23     1.21474604
1916  2 24     1.15637054
1916  2 25     1.10933874
1916  2 26     2.23695339
1916  2 27     6.10952660
1916  2 28     3.18023207
1916  2 29     3.93141427
1916  3  1     5.91542046
1916  3  2     2.45273845
1916  3  3     1.45462344
1916  3  4     6.21425449
1916  3  5     7.33302066
1916  3  6     2.40389686
1916  3  7     1.43434962
1916  3  8     1.44719382
1916  3  9     1.59316002
1916  3 10     1.86798862
1916  3 11     2.07034735
1916  3 12     2.09702867
1916  3 13     2.09210162
1916  3 14     2.01817712
1916  3 15     2.00485821
1916  3 16     2.01182276
1916  3 17     2.03363856
1916  3 18     2.00614646
1916  3 19     2.28587176
1916  3 20     9.94697737
1916  3 21     6.56831739
1916  3 22     3.46189128
1916  3 23     3.31042759
1916  3 24     2.30287681
1916  3 25     1.94695301
1916  3 26     1.90778047
1916  3 27     1.90602323
1916  3 28     1.96476236
1916  3 29     2.01203643
1916  3 30     2.00246176
1916  3 31     2.06403140
1916  4  1     1.87963937
1916  4  2     1.88039474
1916  4  3     1.62338450
1916  4  4     1.36684596
1916  4  5     1.31736898
1916  4  6     1.45730485
1916  4  7     1.62833537
1916  4  8     1.84899036
1916  4  9     2.13569395
1916  4 10     2.34057011
1916  4 11     3.36091568
1916  4 12     2.47421292
1916  4 13     1.85171874
1916  4 14     1.73651701
1916  4 15     1.71428095
1916  4 16     1.73891697
1916  4 17     1.72657104
1916  4 18     1.49661051
1916  4 19     1.29141297
1916  4 20     1.45625734
1916  4 21     1.51931493
1916  4 22     1.48410677
1916  4 23     1.70545563
1916  4 24     1.95696325
1916  4 25     1.93755106
1916  4 26     1.80251731
1916  4 27     1.68920876
1916  4 28     1.54440383
1916  4 29     1.42286268
1916  4 30     1.34453848
1916  5  1     1.63069109
1916  5  2     2.11346003
1916  5  3     2.51408936
1916  5  4     2.88741015
1916  5  5     3.23938167
1916  5  6     3.12364961
1916  5  7     2.51146990
1916  5  8     2.16731185
1916  5  9     2.13223940
1916  5 10     1.96763688
1916  5 11     1.62572494
1916  5 12     1.27251578
1916  5 13     1.20687646
1916  5 14     1.17631884
1916  5 15     1.34524823
1916  5 16     1.68192465
1916  5 17     1.83922941
1916  5 18     2.08346329
1916  5 19     1.93734107
1916  5 20     1.65355841
1916  5 21     1.72722214
1916  5 22     1.48472841
1916  5 23     1.13427589
1916  5 24     1.01164770
1916  5 25     0.71075769
1916  5 26     0.86797602
1916  5 27     1.23961376
1916  5 28     1.67155792
1916  5 29     1.61703242
1916  5 30     1.09051343
1916  5 31     0.81124665
1916  6  1     0.87131790
1916  6  2     1.20144936
1916  6  3     1.42477364
1916  6  4     2.09567609
1916  6  5     3.01408942
1916  6  6     3.49874569
1916  6  7     3.84803261
1916  6  8     4.09700817
1916  6  9     4.02483372
1916  6 10     3.78969755
1916  6 11     3.68179851
1916  6 12     3.76416729
1916  6 13     3.97100997
1916  6 14     4.20706343
1916  6 15     4.44653280
1916  6 16     4.63123809
1916  6 17     4.53491597
1916  6 18     3.88639032
1916  6 19     3.23730248
1916  6 20     2.88785159
1916  6 21     2.42251529
1916  6 22     2.30597912
1916  6 23     2.52801493
1916  6 24     2.54037889
1916  6 25     2.42178702
1916  6 26     2.30555914
1916  6 27     2.23497254
1916  6 28     2.09293445
1916  6 29     1.84799239
1916  6 30     1.77269717
1916  7  1     1.71225144
1916  7  2     1.52093199
1916  7  3     1.36702288
1916  7  4     1.25072721
1916  7  5     1.17399283
1916  7  6     1.16592803
1916  7  7     1.16410787
1916  7  8     1.12102393
1916  7  9     1.07082750
1916  7 10     1.13050412
1916  7 11     1.24645029
1916  7 12     1.27311449
1916  7 13     1.21488984
1916  7 14     1.08464649
1916  7 15     0.95773222
1916  7 16     0.88684574
1916  7 17     0.83810878
1916  7 18     0.81925364
1916  7 19     0.78664590
1916  7 20     0.72392104
1916  7 21     0.68227602
1916  7 22     0.67508652
1916  7 23     0.60682182
1916  7 24     0.45398437
1916  7 25     0.35203527
1916  7 26     0.30626755
1916  7 27     0.27278638
1916  7 28     0.24315459
1916  7 29     0.22298766
1916  7 30     0.21207262
1916  7 31     0.20175775
1916  8  1     0.18647595
1916  8  2     0.17201485
1916  8  3     0.15898659
1916  8  4     0.14645392
1916  8  5     0.13757095
1916  8  6     0.12982132
1916  8  7     0.12328009
1916  8  8     0.11813983
1916  8  9     0.11305641
1916  8 10     0.10695689
1916  8 11     0.10219265
1916  8 12     0.09841912
1916  8 13     0.09426815
1916  8 14     0.09124577
1916  8 15     0.08855574
1916  8 16     0.08570812
1916  8 17     0.08239862
1916  8 18     0.08032963
1916  8 19     0.07914807
1916  8 20     0.07602379
1916  8 21     0.07130529
1916  8 22     0.06830569
1916  8 23     0.06635413
1916  8 24     0.06318583
1916  8 25     0.06286451
1916  8 26     0.07222578
1916  8 27     0.73109203
1916  8 28     0.61500941
1916  8 29     0.13444874
1916  8 30     0.05511289
1916  8 31     0.05204904
1916  9  1     0.05023384
1916  9  2     0.04913301
1916  9  3     0.04938702
1916  9  4     0.04846671
1916  9  5     0.04684045
1916  9  6     0.04592628
1916  9  7     0.04423286
1916  9  8     0.04305898
1916  9  9     0.04210075
1916  9 10     0.04104187
1916  9 11     0.03973535
1916  9 12     0.03814607
1916  9 13     0.03659449
1916  9 14     0.03552835
1916  9 15     0.03404704
1916  9 16     0.03299467
1916  9 17     0.03225122
1916  9 18     0.03079547
1916  9 19     0.03003411
1916  9 20     0.02939194
1916  9 21     0.11805698
1916  9 22     1.03283941
1916  9 23     0.74534175
1916  9 24     0.04666912
1916  9 25     0.04716731
1916  9 26     0.03975381
1916  9 27     0.03504203
1916  9 28     0.03164262
1916  9 29     0.10413788
1916  9 30     0.64457800
1916 10  1     4.89363279
1916 10  2     8.72451015
1916 10  3     5.72231462
1916 10  4     4.19387056
1916 10  5     2.99024322
1916 10  6     1.93120380
1916 10  7     1.87119330
1916 10  8     2.07717400
1916 10  9     1.77464271
1916 10 10     3.68227290
1916 10 11     5.59507868
1916 10 12     3.76628244
1916 10 13     2.27483648
1916 10 14     1.95561848
1916 10 15     1.84124329
1916 10 16     1.85295981
1916 10 17     1.64596121
1916 10 18     1.39867202
1916 10 19     1.23283204
1916 10 20     1.14375458
1916 10 21     1.06812709
1916 10 22     0.96394600
1916 10 23     0.73638640
1916 10 24     0.52764411
1916 10 25     0.51045343
1916 10 26     0.52955660
1916 10 27     0.49575784
1916 10 28     0.40873573
1916 10 29     0.32241667
1916 10 30     0.30477495
1916 10 31     0.29087625
1916 11  1     0.35154204
1916 11  2     0.43279682
1916 11  3     0.38054678
1916 11  4     0.29861503
1916 11  5     1.79868420
1916 11  6     1.43429846
1916 11  7     0.86408245
1916 11  8     0.43995806
1916 11  9     0.32887626
1916 11 10     0.27309181
1916 11 11     0.22954322
1916 11 12     0.19491725
1916 11 13     0.17028431
1916 11 14     0.15336134
1916 11 15     0.13976974
1916 11 16     0.12906043
1916 11 17     0.12222535
1916 11 18     0.11929286
1916 11 19     0.11165861
1916 11 20     0.10344276
1916 11 21     0.09911128
1916 11 22     0.09550950
1916 11 23     0.09373109
1916 11 24     0.08757515
1916 11 25     0.08118172
1916 11 26     1.36008509
1916 11 27     0.95411578
1916 11 28     0.30720682
1916 11 29     0.27524040
1916 11 30     0.20597212
1916 12  1     1.16110456
1916 12  2     1.95793930
1916 12  3     2.37984230
1916 12  4     4.11139304
1916 12  5     3.59348662
1916 12  6     1.74153359
1916 12  7     1.11024817
1916 12  8     0.86883506
1916 12  9     0.70010980
1916 12 10     0.58549327
1916 12 11     0.50549678
1916 12 12     0.44717989
1916 12 13     0.40318292
1916 12 14     0.36868261
1916 12 15     0.34048540
1916 12 16     0.31655602
1916 12 17     0.29540630
1916 12 18     0.27738189
1916 12 19     0.26230031
1916 12 20     0.24758531
1916 12 21     0.24063104
1916 12 22     0.22803640
1916 12 23     1.91523304
1916 12 24     2.24004252
1916 12 25     0.46352454
1916 12 26     0.20435147
1916 12 27     0.19457198
1916 12 28     0.47659957
1916 12 29     0.24071070
1916 12 30     2.08790215
1916 12 31     0.66054785
1917  1  1     0.28121487
1917  1  2     0.73457204
1917  1  3     1.72850217
1917  1  4     0.51123409
1917  1  5     0.36001923
1917  1  6     0.28551373
1917  1  7     0.23984464
1917  1  8     0.22615150
1917  1  9     0.22031949
1917  1 10     0.21833773
1917  1 11     0.20759234
1917  1 12     0.20974825
1917  1 13     0.20224204
1917  1 14     0.18236211
1917  1 15     0.17839119
1917  1 16     0.16454117
1917  1 17     0.15749568
1917  1 18     0.15543631
1917  1 19     0.16248581
1917  1 20     0.15220457
1917  1 21     0.14734109
1917  1 22     0.14171503
1917  1 23     0.13985113
1917  1 24     0.15804720
1917  1 25     0.17169942
1917  1 26     0.18136888
1917  1 27     0.21346571
1917  1 28     0.19865279
1917  1 29     0.36608542
1917  1 30     2.33348015
1917  1 31     1.97259968
1917  2  1     0.67869114
1917  2  2     0.54458246
1917  2  3     0.45895494
1917  2  4     0.40799148
1917  2  5     0.37765714
1917  2  6     0.41238143
1917  2  7     0.38722296
1917  2  8     0.37124016
1917  2  9     0.35368079
1917  2 10     0.34372667
1917  2 11     0.32691675
1917  2 12     0.43721987
1917  2 13     0.41315369
1917  2 14     0.40168378
1917  2 15     0.50172220
1917  2 16     1.01155217
1917  2 17     1.35504589
1917  2 18     0.67645052
1917  2 19     1.86530049
1917  2 20     7.83299501
1917  2 21    16.12373132
1917  2 22    10.35499921
1917  2 23     5.77413797
1917  2 24    10.53716370
1917  2 25     8.93582831
1917  2 26     4.29535932
1917  2 27     2.63884070
1917  2 28     2.26059689
1917  3  1     1.97003268
1917  3  2     1.76620265
1917  3  3     1.62414381
1917  3  4     1.56278898
1917  3  5     1.60721767
1917  3  6     1.49896991
1917  3  7     1.43477379
1917  3  8     1.40838541
1917  3  9     2.43605555
1917  3 10     2.68643699
1917  3 11     1.54588973
1917  3 12     1.21053033
1917  3 13     1.66515880
1917  3 14     2.70081329
1917  3 15     1.42001458
1917  3 16     1.11689781
1917  3 17     1.11883295
1917  3 18     1.07134120
1917  3 19     1.03402550
1917  3 20     1.07597257
1917  3 21     1.06510194
1917  3 22     0.96038094
1917  3 23     0.95693148
1917  3 24     1.09055525
1917  3 25     1.26287520
1917  3 26     1.38990249
1917  3 27     1.61862102
1917  3 28     1.88059325
1917  3 29     2.07373759
1917  3 30     1.71558930
1917  3 31     1.26401201
1917  4  1     1.16224173
1917  4  2     1.09288268
1917  4  3     1.04925387
1917  4  4     1.23490149
1917  4  5     1.60265951
1917  4  6     2.02053542
1917  4  7     2.32336328
1917  4  8     1.95538437
1917  4  9     1.36177437
1917  4 10     1.16763999
1917  4 11     1.56535613
1917  4 12     2.32800154
1917  4 13     1.87059670
1917  4 14     1.49959098
1917  4 15     1.35685223
1917  4 16     1.35175194
1917  4 17     0.92002957
1917  4 18     0.81226317
1917  4 19     0.90889058
1917  4 20     1.30149691
1917  4 21     2.15039363
1917  4 22     2.37631496
1917  4 23     2.30886685
1917  4 24     2.84823500
1917  4 25     3.58809681
1917  4 26     3.76102619
1917  4 27     3.04514590
1917  4 28     2.31799122
1917  4 29     1.71550210
1917  4 30     1.66809360
1917  5  1     1.92890288
1917  5  2     1.95987239
1917  5  3     1.87261886
1917  5  4     1.93784088
1917  5  5     2.56273001
1917  5  6     3.04364552
1917  5  7     3.24254742
1917  5  8     3.57490778
1917  5  9     3.50933985
1917  5 10     3.20417673
1917  5 11     2.79319216
1917  5 12     2.91409964
1917  5 13     3.49535317
1917  5 14     3.59923753
1917  5 15     2.61748147
1917  5 16     1.79164704
1917  5 17     2.96544902
1917  5 18     2.74444075
1917  5 19     1.57268116
1917  5 20     1.22998795
1917  5 21     1.55199204
1917  5 22     1.90171220
1917  5 23     2.40080955
1917  5 24     2.14206684
1917  5 25     1.28319087
1917  5 26     1.14264727
1917  5 27     1.76650398
1917  5 28     2.08333470
1917  5 29     2.47788845
1917  5 30     2.57903294
1917  5 31     2.87230490
1917  6  1     3.80362818
1917  6  2     4.59081564
1917  6  3     4.77275286
1917  6  4     4.40238813
1917  6  5     4.38286653
1917  6  6     5.09834436
1917  6  7     6.31625275
1917  6  8     7.80546178
1917  6  9     7.95352194
1917  6 10     6.40123842
1917  6 11     5.03926847
1917  6 12     5.06619991
1917  6 13     6.33476259
1917  6 14     7.57418072
1917  6 15     8.09874972
1917  6 16     8.43972738
1917  6 17     8.53912345
1917  6 18     8.29029210
1917  6 19     8.20899111
1917  6 20     7.92185167
1917  6 21     7.05386552
1917  6 22     6.06689946
1917  6 23     5.48022024
1917  6 24     5.14347903
1917  6 25     4.66624765
1917  6 26     4.37565122
1917  6 27     4.28975942
1917  6 28     3.87783225
1917  6 29     3.18796636
1917  6 30     2.69262731
1917  7  1     2.31018907
1917  7  2     2.07608677
1917  7  3     1.99836271
1917  7  4     1.86549350
1917  7  5     1.73475819
1917  7  6     1.68061076
1917  7  7     1.58048957
1917  7  8     1.40607665
1917  7  9     1.18635540
1917  7 10     0.94297340
1917  7 11     0.75921755
1917  7 12     0.61691985
1917  7 13     0.56481675
1917  7 14     0.51587041
1917  7 15     0.51682956
1917  7 16     0.75995794
1917  7 17     0.62710295
1917  7 18     0.34128937
1917  7 19     0.31721999
1917  7 20     0.28446851
1917  7 21     0.25952342
1917  7 22     0.23947636
1917  7 23     0.22292042
1917  7 24     0.20914774
1917  7 25     0.19718599
1917  7 26     0.18672187
1917  7 27     0.17755225
1917  7 28     0.16990193
1917  7 29     0.16218760
1917  7 30     0.15456241
1917  7 31     0.14797093
1917  8  1     0.15331082
1917  8  2     0.16691975
1917  8  3     0.14921714
1917  8  4     0.12709589
1917  8  5     0.12264486
1917  8  6     0.11861074
1917  8  7     0.11501636
1917  8  8     0.11156092
1917  8  9     0.10799035
1917  8 10     0.10437062
1917  8 11     0.10664599
1917  8 12     0.28042449
1917  8 13     0.21671501
1917  8 14     0.09369061
1917  8 15     0.09073676
1917  8 16     0.08940764
1917  8 17     0.08696825
1917  8 18     0.08369365
1917  8 19     0.08134215
1917  8 20     0.07844689
1917  8 21     0.07584415
1917  8 22     0.07341174
1917  8 23     0.07114644
1917  8 24     0.06957472
1917  8 25     0.06797455
1917  8 26     0.06620317
1917  8 27     0.06449744
1917  8 28     0.06279020
1917  8 29     0.06117586
1917  8 30     0.05959836
1917  8 31     0.05760249
1917  9  1     0.05555760
1917  9  2     0.05455937
1917  9  3     0.05312431
1917  9  4     0.05167224
1917  9  5     0.05093350
1917  9  6     0.05047168
1917  9  7     0.05026101
1917  9  8     0.04934159
1917  9  9     0.04749108
1917  9 10     0.04577683
1917  9 11     0.04438604
1917  9 12     0.04274260
1917  9 13     0.04211427
1917  9 14     0.04160346
1917  9 15     0.03970269
1917  9 16     0.03757837
1917  9 17     0.03628330
1917  9 18     0.03534040
1917  9 19     0.03447041
1917  9 20     0.03435503
1917  9 21     0.03432538
1917  9 22     0.07953951
1917  9 23     0.06758771
1917  9 24     0.03679018
1917  9 25     0.03410158
1917  9 26     0.03192907
1917  9 27     0.03041202
1917  9 28     0.02932334
1917  9 29     0.02845663
1917  9 30     0.02733221
1917 10  1     0.03064131
1917 10  2     0.02842827
1917 10  3     0.02385916
1917 10  4     0.02305280
1917 10  5     0.02214089
1917 10  6     0.02139085
1917 10  7     0.02053082
1917 10  8     0.01978670
1917 10  9     0.01931194
1917 10 10     0.01891701
1917 10 11     0.01853539
1917 10 12     0.01826276
1917 10 13     0.01812171
1917 10 14     0.01771511
1917 10 15     0.01794437
1917 10 16     0.01890954
1917 10 17     0.01920572
1917 10 18     0.01922182
1917 10 19     0.01862767
1917 10 20     0.01737934
1917 10 21     0.01630065
1917 10 22     0.01537071
1917 10 23     0.01515693
1917 10 24     0.01564922
1917 10 25     0.01528218
1917 10 26     0.01441821
1917 10 27     0.01473350
1917 10 28     0.01534263
1917 10 29     0.01549900
1917 10 30     0.01504160
1917 10 31     0.01430199
1917 11  1     0.01337900
1917 11  2     0.01277614
1917 11  3     0.01293298
1917 11  4     0.01249167
1917 11  5     0.01258418
1917 11  6     0.70535750
1917 11  7     0.44685119
1917 11  8     0.01474588
1917 11  9     0.01353805
1917 11 10     0.01333236
1917 11 11     0.01256836
1917 11 12     0.14222242
1917 11 13     0.10096605
1917 11 14     0.01202898
1917 11 15     0.01172818
1917 11 16     0.01142407
1917 11 17     0.01089790
1917 11 18     0.01048763
1917 11 19     0.01029450
1917 11 20     0.00998111
1917 11 21     0.00963734
1917 11 22     0.00942313
1917 11 23     0.01009363
1917 11 24     0.01132557
1917 11 25     0.00964021
1917 11 26     0.00854452
1917 11 27     0.00834297
1917 11 28     0.00802372
1917 11 29     0.00779194
1917 11 30     0.13278649
1917 12  1     2.37296701
1917 12  2     1.50142641
1917 12  3     0.15377029
1917 12  4     0.11393278
1917 12  5     0.09376337
1917 12  6     0.07851883
1917 12  7     0.05613319
1917 12  8     0.04203904
1917 12  9     0.03473132
1917 12 10     0.02814211
1917 12 11     0.02380135
1917 12 12     0.02062006
1917 12 13     0.01816564
1917 12 14     0.01576170
1917 12 15     0.01433516
1917 12 16     0.01357295
1917 12 17     0.01326080
1917 12 18     0.01221562
1917 12 19     0.01107252
1917 12 20     0.01015724
1917 12 21     0.00939285
1917 12 22     0.00900643
1917 12 23     0.00853389
1917 12 24     0.00752638
1917 12 25     0.31334014
1917 12 26     0.82822316
1917 12 27     0.54801076
1917 12 28     0.11680889
1917 12 29     0.09559674
1917 12 30     0.06978766
1917 12 31     0.05816528
1918  1  1     0.06423449
1918  1  2     0.07227490
1918  1  3     0.06824236
1918  1  4     0.07308206
1918  1  5     0.08317131
1918  1  6     0.08414336
1918  1  7     0.15647674
1918  1  8     0.12585935
1918  1  9     0.05571194
1918  1 10     0.05916658
1918  1 11     0.15894284
1918  1 12     0.22764611
1918  1 13     0.27351248
1918  1 14     0.39770931
1918  1 15     0.17884454
1918  1 16     0.05589222
1918  1 17     0.02229446
1918  1 18     0.02369354
1918  1 19     0.01766005
1918  1 20     0.01219310
1918  1 21     0.01127346
1918  1 22     0.01422207
1918  1 23     0.02558143
1918  1 24     0.03286287
1918  1 25     0.02075434
1918  1 26     0.01222139
1918  1 27     0.01186853
1918  1 28     0.01036399
1918  1 29     0.01152097
1918  1 30     0.00977200
1918  1 31     0.00751637
1918  2  1     0.00722943
1918  2  2     0.00930583
1918  2  3     0.03163487
1918  2  4     0.04176036
1918  2  5     0.06236166
1918  2  6     1.14281595
1918  2  7     2.10548177
1918  2  8     0.70423423
1918  2  9     0.11259861
1918  2 10     0.10919578
1918  2 11     0.11318893
1918  2 12     0.08304149
1918  2 13     0.40259717
1918  2 14     0.64515646
1918  2 15     0.14666445
1918  2 16     0.02710771
1918  2 17     0.87067228
1918  2 18     0.24120539
1918  2 19     0.06852670
1918  2 20     0.51046686
1918  2 21     1.20699071
1918  2 22     1.99630469
1918  2 23     1.27296403
1918  2 24     3.42352964
1918  2 25     1.31774720
1918  2 26     0.43687758
1918  2 27     0.38522601
1918  2 28     0.35564268
1918  3  1     0.34002149
1918  3  2     0.33972060
1918  3  3     0.34193732
1918  3  4     0.33052199
1918  3  5     0.65205278
1918  3  6     2.56551890
1918  3  7     6.75034498
1918  3  8     2.05918007
1918  3  9     0.68452874
1918  3 10     1.85871793
1918  3 11     3.25320756
1918  3 12    10.72463093
1918  3 13     4.78888238
1918  3 14     1.55505390
1918  3 15     1.31746465
1918  3 16     1.39191628
1918  3 17     1.34899514
1918  3 18     3.58126883
1918  3 19    10.65188437
1918  3 20     3.99152371
1918  3 21     1.85678039
1918  3 22     1.81801531
1918  3 23     1.96973430
1918  3 24     1.87657558
1918  3 25     2.09285929
1918  3 26     4.34456246
1918  3 27     8.29549910
1918  3 28     5.15020345
1918  3 29     3.26655947
1918  3 30     3.56280042
1918  3 31     3.62032140
1918  4  1     3.17263435
1918  4  2     2.30160477
1918  4  3     1.68779427
1918  4  4     1.42774952
1918  4  5     1.27368209
1918  4  6     1.40017777
1918  4  7     2.10827823
1918  4  8     2.16808272
1918  4  9     2.99713800
1918  4 10     3.04248800
1918  4 11     1.98498265
1918  4 12     1.83349238
1918  4 13     1.69383580
1918  4 14     1.17743211
1918  4 15     1.09320670
1918  4 16     1.08495573
1918  4 17     1.33818557
1918  4 18     1.86872706
1918  4 19     2.31479492
1918  4 20     2.86445787
1918  4 21     3.24580667
1918  4 22     3.51579061
1918  4 23     3.26778771
1918  4 24     2.76929749
1918  4 25     2.56798080
1918  4 26     2.62596634
1918  4 27     2.54407327
1918  4 28     2.41174081
1918  4 29     2.74213075
1918  4 30     3.16206443
1918  5  1     4.19374354
1918  5  2     5.71174194
1918  5  3     6.28689184
1918  5  4     5.81309391
1918  5  5     4.89879910
1918  5  6     3.92151330
1918  5  7     5.06981720
1918  5  8     5.88877645
1918  5  9     3.25495619
1918  5 10     2.01365907
1918  5 11     1.84608160
1918  5 12     2.32972911
1918  5 13     2.96369754
1918  5 14     3.24782437
1918  5 15     2.64103780
1918  5 16     1.74749113
1918  5 17     1.33487129
1918  5 18     1.23968588
1918  5 19     1.48097805
1918  5 20     1.75493751
1918  5 21     2.01122517
1918  5 22     2.36417077
1918  5 23     2.68937298
1918  5 24     2.75017789
1918  5 25     2.46259864
1918  5 26     2.01945411
1918  5 27     1.37736533
1918  5 28     0.93468560
1918  5 29     0.98054856
1918  5 30     1.81757542
1918  5 31     2.79287839
1918  6  1     3.94208258
1918  6  2     5.24019732
1918  6  3     6.05966889
1918  6  4     6.61486326
1918  6  5     7.02358420
1918  6  6     7.19161666
1918  6  7     6.87023382
1918  6  8     7.01735646
1918  6  9     7.74510008
1918  6 10     8.11175922
1918  6 11     8.33703431
1918  6 12     8.47401285
1918  6 13     7.97473923
1918  6 14     7.13184969
1918  6 15     6.56578739
1918  6 16     6.21381450
1918  6 17     6.05213395
1918  6 18     5.93164858
1918  6 19     5.76353054
1918  6 20     5.51722970
1918  6 21     4.87026221
1918  6 22     4.08189448
1918  6 23     3.45229797
1918  6 24     2.92174098
1918  6 25     2.73793445
1918  6 26     2.82904128
1918  6 27     2.90500695
1918  6 28     2.65549609
1918  6 29     2.09663537
1918  6 30     1.56521255
1918  7  1     1.50574411
1918  7  2     1.20663077
1918  7  3     0.82204872
1918  7  4     0.70412945
1918  7  5     0.59857471
1918  7  6     0.52629764
1918  7  7     0.47373376
1918  7  8     0.43312059
1918  7  9     0.39866246
1918  7 10     0.35893308
1918  7 11     0.32044601
1918  7 12     0.29451897
1918  7 13     0.27439449
1918  7 14     0.25590800
1918  7 15     0.23967222
1918  7 16     0.22549118
1918  7 17     0.21328801
1918  7 18     0.20235655
1918  7 19     0.19228408
1918  7 20     0.18323974
1918  7 21     0.17511738
1918  7 22     0.16768043
1918  7 23     0.16137468
1918  7 24     0.15615021
1918  7 25     0.15042022
1918  7 26     0.14463301
1918  7 27     0.13933713
1918  7 28     0.13399037
1918  7 29     0.12866297
1918  7 30     0.12360649
1918  7 31     0.11954701
1918  8  1     0.11631763
1918  8  2     0.11382072
1918  8  3     0.10986661
1918  8  4     0.10623213
1918  8  5     0.10386074
1918  8  6     0.10165104
1918  8  7     0.09888082
1918  8  8     0.09613061
1918  8  9     0.09352270
1918  8 10     0.09087766
1918  8 11     0.08848513
1918  8 12     0.08658613
1918  8 13     0.08445244
1918  8 14     0.08231274
1918  8 15     0.08115361
1918  8 16     0.08009894
1918  8 17     0.07837622
1918  8 18     0.07629021
1918  8 19     0.07425669
1918  8 20     0.07218562
1918  8 21     0.06989159
1918  8 22     0.06754252
1918  8 23     0.06498499
1918  8 24     0.06265909
1918  8 25     0.06098866
1918  8 26     0.05944312
1918  8 27     0.05768584
1918  8 28     0.20621667
1918  8 29     0.63474967
1918  8 30     0.43345890
1918  8 31     0.10723716
1918  9  1     0.05165760
1918  9  2     0.05023245
1918  9  3     0.04981196
1918  9  4     0.04897747
1918  9  5     0.04781734
1918  9  6     0.04665206
1918  9  7     0.13931990
1918  9  8     0.12175606
1918  9  9     0.04446236
1918  9 10     0.04351723
1918  9 11     0.04524926
1918  9 12     0.08244284
1918  9 13     0.93921741
1918  9 14     2.56908170
1918  9 15     1.83922287
1918  9 16     0.43012522
1918  9 17     0.33401839
1918  9 18     0.23877112
1918  9 19     0.17902980
1918  9 20     0.14090467
1918  9 21     0.13569996
1918  9 22     1.23818440
1918  9 23     1.24702154
1918  9 24     0.32100817
1918  9 25     0.27141542
1918  9 26     0.19872002
1918  9 27     0.16766716
1918  9 28     0.66026712
1918  9 29     1.25181619
1918  9 30     1.60476688
1918 10  1     2.57610491
1918 10  2     2.89558106
1918 10  3     2.03206692
1918 10  4     1.31081085
1918 10  5     1.18628787
1918 10  6     0.97942974
1918 10  7     0.83150263
1918 10  8     0.68408468
1918 10  9     0.38925206
1918 10 10     0.33113459
1918 10 11     0.25754400
1918 10 12     0.20748866
1918 10 13     0.17185221
1918 10 14     0.19976621
1918 10 15     1.08617899
1918 10 16     1.39776763
1918 10 17     0.70360067
1918 10 18     0.35524134
1918 10 19     0.28486223
1918 10 20     0.21314482
1918 10 21     0.16685435
1918 10 22     0.13568708
1918 10 23     0.11384787
1918 10 24     0.09785187
1918 10 25     0.08574582
1918 10 26     0.07628187
1918 10 27     0.06847928
1918 10 28     0.06190957
1918 10 29     0.05639430
1918 10 30     0.05156445
1918 10 31     0.04741476
1918 11  1     0.04414043
1918 11  2     0.04133204
1918 11  3     0.23410004
1918 11  4     0.91673042
1918 11  5     0.59495121
1918 11  6     0.20360353
1918 11  7     0.10472722
1918 11  8     0.07762030
1918 11  9     0.07506058
1918 11 10     0.07333569
1918 11 11     0.09013457
1918 11 12     0.10918184
1918 11 13     0.13565440
1918 11 14     0.10006965
1918 11 15     0.72634094
1918 11 16     0.85481534
1918 11 17     0.44405716
1918 11 18     0.98685695
1918 11 19     1.48916193
1918 11 20     0.91477424
1918 11 21     0.33452926
1918 11 22     0.28812909
1918 11 23     2.90715348
1918 11 24     2.33775072
1918 11 25     0.74202751
1918 11 26     0.43230150
1918 11 27     0.31586573
1918 11 28     0.24506160
1918 11 29     0.19108817
1918 11 30     0.15447116
1918 12  1     0.13179851
1918 12  2     0.11646649
1918 12  3     0.11203931
1918 12  4     0.10825974
1918 12  5     0.09203754
1918 12  6     0.08264333
1918 12  7     0.72469416
1918 12  8     1.05311777
1918 12  9     1.16933018
1918 12 10     0.30137892
1918 12 11     0.18117361
1918 12 12     0.14547535
1918 12 13     0.12213442
1918 12 14     0.10668827
1918 12 15     0.09636322
1918 12 16     0.10091922
1918 12 17     0.08043479
1918 12 18     0.07220466
1918 12 19     0.06785063
1918 12 20     0.21395482
1918 12 21     0.10905342
1918 12 22     0.06380123
1918 12 23     0.05840841
1918 12 24     0.05523161
1918 12 25     0.05273300
1918 12 26     0.05211004
1918 12 27     0.05156664
1918 12 28     0.05017668
1918 12 29     0.05002179
1918 12 30     0.04505653
1918 12 31     0.04216930
1919  1  1     0.04084454
1919  1  2     0.04028760
1919  1  3     0.04332269
1919  1  4     0.04451429
1919  1  5     0.04387280
1919  1  6     0.04844167
1919  1  7     0.05205893
1919  1  8     0.05673875
1919  1  9     0.06135031
1919  1 10     0.12582622
1919  1 11     0.90402049
1919  1 12     0.66795403
1919  1 13     0.24506527
1919  1 14     0.20281192
1919  1 15     0.16537567
1919  1 16     0.37960354
1919  1 17     0.40874390
1919  1 18     0.28813758
1919  1 19     0.25561516
1919  1 20     3.28576231
1919  1 21     2.06200278
1919  1 22     0.64352766
1919  1 23     0.55232727
1919  1 24     0.42891834
1919  1 25     0.35663654
1919  1 26     0.32598659
1919  1 27     0.31283428
1919  1 28     0.34436846
1919  1 29     0.29956287
1919  1 30     0.26514965
1919  1 31     0.24168910
1919  2  1     0.29454251
1919  2  2     0.24188705
1919  2  3     0.16140787
1919  2  4     0.12745191
1919  2  5     0.29226354
1919  2  6     0.67532381
1919  2  7     1.74196974
1919  2  8     1.54413130
1919  2  9     3.28092509
1919  2 10     5.70536677
1919  2 11     7.76101677
1919  2 12     3.34423825
1919  2 13     1.58614388
1919  2 14     1.23465522
1919  2 15     0.99111583
1919  2 16     0.85442287
1919  2 17     1.77332471
1919  2 18     0.97174428
1919  2 19     0.70653013
1919  2 20     0.93181359
1919  2 21     0.69905147
1919  2 22     2.04574573
1919  2 23     1.69583356
1919  2 24     0.88036869
1919  2 25     1.50241905
1919  2 26     3.55712075
1919  2 27     1.63792125
1919  2 28     1.95174799
1919  3  1     1.16276005
1919  3  2     3.21697147
1919  3  3     3.18189927
1919  3  4     1.23142848
1919  3  5     0.92359054
1919  3  6     3.47484879
1919  3  7     2.71110415
1919  3  8     1.15209343
1919  3  9     0.94112550
1919  3 10     0.94055521
1919  3 11     0.99614227
1919  3 12     1.01749030
1919  3 13     4.49469496
1919  3 14     5.24927739
1919  3 15     2.48175499
1919  3 16     2.16767434
1919  3 17     1.80570937
1919  3 18     1.76291847
1919  3 19     1.68049935
1919  3 20     1.51578190
1919  3 21     1.99906365
1919  3 22     2.01426669
1919  3 23     1.66705627
1919  3 24     1.61294165
1919  3 25     1.80619440
1919  3 26     1.97211344
1919  3 27     1.97717284
1919  3 28     2.12320822
1919  3 29     2.27045466
1919  3 30     2.38432256
1919  3 31     2.84197109
1919  4  1     2.95105485
1919  4  2     2.33225221
1919  4  3     2.49404474
1919  4  4     3.05325139
1919  4  5     2.97796170
1919  4  6     2.06648921
1919  4  7     1.42744127
1919  4  8     1.35438734
1919  4  9     1.72942794
1919  4 10     1.80060160
1919  4 11     1.98335562
1919  4 12     2.02290267
1919  4 13     1.65594295
1919  4 14     1.51376566
1919  4 15     2.44001680
1919  4 16     3.03689923
1919  4 17     2.74998681
1919  4 18     2.94970235
1919  4 19     2.72772143
1919  4 20     2.38398851
1919  4 21     2.74307377
1919  4 22     3.21018016
1919  4 23     3.57445943
1919  4 24     3.36475249
1919  4 25     3.49259608
1919  4 26     3.07633312
1919  4 27     2.10172431
1919  4 28     2.47486733
1919  4 29     3.72693970
1919  4 30     4.94054158
1919  5  1     6.15714079
1919  5  2     6.64165758
1919  5  3     6.69431444
1919  5  4     6.28304267
1919  5  5     5.57133723
1919  5  6     5.21523803
1919  5  7     5.04574704
1919  5  8     4.98873276
1919  5  9     4.74120970
1919  5 10     4.43612622
1919  5 11     4.83447931
1919  5 12     5.53999865
1919  5 13     5.99006174
1919  5 14     6.12388103
1919  5 15     5.67025625
1919  5 16     5.15885002
1919  5 17     5.07076303
1919  5 18     5.01181995
1919  5 19     4.94033464
1919  5 20     5.59943513
1919  5 21     6.36520921
1919  5 22     6.04818903
1919  5 23     6.27362014
1919  5 24     6.47960213
1919  5 25     5.98725466
1919  5 26     6.13438862
1919  5 27     7.17414891
1919  5 28    11.77208128
1919  5 29    12.51149205
1919  5 30     8.13375008
1919  5 31     6.04287415
1919  6  1     5.89053439
1919  6  2     6.29539027
1919  6  3     6.40622993
1919  6  4     6.46079322
1919  6  5     6.37665849
1919  6  6     6.14618955
1919  6  7     5.52421719
1919  6  8     4.85281977
1919  6  9     4.42820581
1919  6 10     3.97154924
1919  6 11     3.21256613
1919  6 12     2.64676703
1919  6 13     2.28755167
1919  6 14     2.18514669
1919  6 15     2.27027602
1919  6 16     2.20648643
1919  6 17     2.23712389
1919  6 18     2.34547663
1919  6 19     2.49203836
1919  6 20     2.40496772
1919  6 21     2.21915944
1919  6 22     2.07498737
1919  6 23     1.94371936
1919  6 24     1.85700632
1919  6 25     1.68378480
1919  6 26     1.36638295
1919  6 27     1.11968055
1919  6 28     0.93984114
1919  6 29     0.73479083
1919  6 30     0.60120049
1919  7  1     0.52181396
1919  7  2     0.45408944
1919  7  3     0.41143378
1919  7  4     0.38004658
1919  7  5     0.35442794
1919  7  6     0.33251888
1919  7  7     0.30801725
1919  7  8     0.27966234
1919  7  9     0.27305900
1919  7 10     0.26490694
1919  7 11     0.23772925
1919  7 12     0.21730213
1919  7 13     0.29239575
1919  7 14     0.29492011
1919  7 15     0.21315652
1919  7 16     0.18150662
1919  7 17     0.17428275
1919  7 18     0.16820159
1919  7 19     0.27138038
1919  7 20     0.24361532
1919  7 21     0.16384095
1919  7 22     0.16167214
1919  7 23     0.14768999
1919  7 24     0.13888249
1919  7 25     0.13525996
1919  7 26     0.13178739
1919  7 27     0.12838827
1919  7 28     0.12565303
1919  7 29     0.12325095
1919  7 30     0.12012699
1919  7 31     0.11721911
1919  8  1     0.11412448
1919  8  2     0.11093879
1919  8  3     0.10855296
1919  8  4     0.10594727
1919  8  5     0.10284639
1919  8  6     0.10011305
1919  8  7     0.09739520
1919  8  8     0.09522491
1919  8  9     0.09340477
1919  8 10     0.09089377
1919  8 11     0.08861686
1919  8 12     0.08661703
1919  8 13     0.08387341
1919  8 14     0.08083908
1919  8 15     0.07788206
1919  8 16     0.07536970
1919  8 17     0.07339594
1919  8 18     0.07146126
1919  8 19     0.06916456
1919  8 20     0.06674653
1919  8 21     0.06457717
1919  8 22     0.06303276
1919  8 23     0.06217484
1919  8 24     0.06128654
1919  8 25     0.06017263
1919  8 26     0.05911167
1919  8 27     0.06404779
1919  8 28     0.06078999
1919  8 29     0.05455214
1919  8 30     0.05330572
1919  8 31     0.05276538
1919  9  1     0.05237371
1919  9  2     0.05159233
1919  9  3     0.05112851
1919  9  4     0.05117827
1919  9  5     0.05097907
1919  9  6     0.05054793
1919  9  7     0.04994395
1919  9  8     0.04882064
1919  9  9     0.04688884
1919  9 10     0.04475739
1919  9 11     0.04401300
1919  9 12     0.04339003
1919  9 13     0.04172118
1919  9 14     0.04078491
1919  9 15     0.04012154
1919  9 16     0.03947397
1919  9 17     0.03917687
1919  9 18     0.03680783
1919  9 19     0.03440889
1919  9 20     0.03360661
1919  9 21     0.03279176
1919  9 22     0.03192064
1919  9 23     0.03118801
1919  9 24     0.03045355
1919  9 25     0.02960625
1919  9 26     0.02923221
1919  9 27     0.03042018
1919  9 28     0.56711249
1919  9 29     2.09111745
1919  9 30     1.76541207
1919 10  1     0.51846992
1919 10  2     0.21701719
1919 10  3     0.18673105
1919 10  4     0.18830180
1919 10  5     0.18514178
1919 10  6     0.17148325
1919 10  7     0.13471309
1919 10  8     0.09623840
1919 10  9     0.08545367
1919 10 10     0.06885137
1919 10 11     0.05679943
1919 10 12     0.05024013
1919 10 13     0.04503232
1919 10 14     0.04134757
1919 10 15     0.03837492
1919 10 16     0.03593200
1919 10 17     0.03391497
1919 10 18     0.03255959
1919 10 19     0.03163206
1919 10 20     0.03032498
1919 10 21     0.02889331
1919 10 22     0.02769176
1919 10 23     0.02685613
1919 10 24     0.27179467
1919 10 25     0.22304412
1919 10 26     0.05564681
1919 10 27     0.03398808
1919 10 28     0.04388594
1919 10 29     0.04936260
1919 10 30     0.03593626
1919 10 31     0.02769818
1919 11  1     0.03518059
1919 11  2     0.04712154
1919 11  3     0.04743767
1919 11  4     0.04573446
1919 11  5     0.04028798
1919 11  6     0.23761841
1919 11  7     0.10067967
1919 11  8     0.03348697
1919 11  9     0.02331646
1919 11 10     0.02318936
1919 11 11     0.02711071
1919 11 12     0.03552308
1919 11 13     0.03566601
1919 11 14     0.02842258
1919 11 15     0.02754711
1919 11 16     0.03617285
1919 11 17     0.05363343
1919 11 18     0.05445323
1919 11 19     0.04203669
1919 11 20     0.03377168
1919 11 21     0.03586803
1919 11 22     0.04189245
1919 11 23     0.05999197
1919 11 24     0.06208176
1919 11 25     0.36105545
1919 11 26     0.55304217
1919 11 27     0.17573379
1919 11 28     0.02778174
1919 11 29     0.02459741
1919 11 30     1.94932253
1919 12  1     1.03525941
1919 12  2     2.05150935
1919 12  3     0.46790566
1919 12  4     0.25914198
1919 12  5     0.32605320
1919 12  6     0.11819910
1919 12  7     0.06013153
1919 12  8     0.13142929
1919 12  9     0.05951975
1919 12 10     0.37261781
1919 12 11     2.28538046
1919 12 12     0.59033994
1919 12 13     0.02718029
1919 12 14     0.02401186
1919 12 15     0.02237767
1919 12 16     0.02169897
1919 12 17     0.02078839
1919 12 18     0.01962388
1919 12 19     0.31835295
1919 12 20     0.22505067
1919 12 21     0.08463175
1919 12 22     0.06424165
1919 12 23     0.03977470
1919 12 24     0.82795182
1919 12 25     0.64368490
1919 12 26     0.16988794
1919 12 27     0.14972569
1919 12 28     0.12016840
1919 12 29     0.10866328
1919 12 30     0.24879678
1919 12 31     0.18715914
1920  1  1     0.08707112
1920  1  2     0.08498166
1920  1  3     0.08594371
1920  1  4     0.07629401
1920  1  5     0.22923542
1920  1  6     0.15657850
1920  1  7     0.06474245
1920  1  8     0.05814501
1920  1  9     0.04632093
1920  1 10     0.03975825
1920  1 11     0.05754040
1920  1 12     0.06453990
1920  1 13     0.09233203
1920  1 14     0.09789883
1920  1 15     0.11025429
1920  1 16     0.15175479
1920  1 17     0.19234653
1920  1 18     0.26751111
1920  1 19     0.27625249
1920  1 20     0.27200186
1920  1 21     0.29446437
1920  1 22     2.67140565
1920  1 23     1.50162297
1920  1 24     0.50150646
1920  1 25     0.42251199
1920  1 26     0.41996998
1920  1 27     0.40564708
1920  1 28     0.41119929
1920  1 29     0.44126207
1920  1 30     0.43499610
1920  1 31     0.47884326
1920  2  1     0.64103556
1920  2  2     0.49353853
1920  2  3     0.33308462
1920  2  4     0.27833468
1920  2  5     0.26207464
1920  2  6     0.27730576
1920  2  7     0.27588417
1920  2  8     0.21848031
1920  2  9     0.15447254
1920  2 10     0.12274928
1920  2 11     0.10002169
1920  2 12     0.10518915
1920  2 13     0.12233029
1920  2 14     0.17095970
1920  2 15     0.25164472
1920  2 16     0.25761612
1920  2 17     0.24150282
1920  2 18     0.28842769
1920  2 19     0.74812044
1920  2 20     1.04664173
1920  2 21     0.89009734
1920  2 22     0.41281277
1920  2 23     0.64017037
1920  2 24     0.34716857
1920  2 25     0.18603754
1920  2 26     0.20016317
1920  2 27     1.23948209
1920  2 28     1.52026829
1920  2 29     1.21925207
1920  3  1     8.88801035
1920  3  2     6.44690227
1920  3  3     1.85467304
1920  3  4     1.20450862
1920  3  5     1.07348154
1920  3  6     1.27213231
1920  3  7     1.35287594
1920  3  8     1.23982107
1920  3  9     4.26930949
1920  3 10     3.46405213
1920  3 11     1.34108998
1920  3 12     1.46793072
1920  3 13     1.67914100
1920  3 14     1.84012964
1920  3 15     1.25640074
1920  3 16     3.31063600
1920  3 17     1.32935785
1920  3 18     0.71464774
1920  3 19     0.93645876
1920  3 20     1.12538259
1920  3 21     4.54731850
1920  3 22     7.91684710
1920  3 23     2.21997300
1920  3 24     1.12901167
1920  3 25     2.83004790
1920  3 26     1.89672166
1920  3 27     0.95522778
1920  3 28     1.14937204
1920  3 29     1.18411531
1920  3 30     1.31055714
1920  3 31     1.73028290
1920  4  1     1.33195535
1920  4  2     0.98593113
1920  4  3     0.99572251
1920  4  4     1.10795672
1920  4  5     1.39896494
1920  4  6     1.41087361
1920  4  7     1.54068444
1920  4  8     1.52686226
1920  4  9     2.65275325
1920  4 10     2.24087219
1920  4 11     1.06437000
1920  4 12     0.89058445
1920  4 13     0.90990894
1920  4 14     1.02474271
1920  4 15     8.21433167
1920  4 16     5.99250903
1920  4 17     2.00041045
1920  4 18     1.41812250
1920  4 19     1.64131087
1920  4 20     1.62475206
1920  4 21     1.24034368
1920  4 22     1.07413467
1920  4 23     1.07628447
1920  4 24     1.40776849
1920  4 25     1.60025154
1920  4 26     1.87688925
1920  4 27     2.59623420
1920  4 28     3.35479028
1920  4 29     3.88640702
1920  4 30     4.10540190
1920  5  1     2.92951840
1920  5  2     1.68619536
1920  5  3     1.41857993
1920  5  4     1.36707744
1920  5  5     1.76728048
1920  5  6     2.75798537
1920  5  7     3.52163139
1920  5  8     3.68212931
1920  5  9     3.32774144
1920  5 10     2.65740999
1920  5 11     2.64601298
1920  5 12     2.82471317
1920  5 13     3.57492432
1920  5 14     3.86289589
1920  5 15     4.00960633
1920  5 16     4.87759288
1920  5 17     5.54063408
1920  5 18     6.06987926
1920  5 19     6.87326778
1920  5 20     7.14024070
1920  5 21     6.65338691
1920  5 22     5.57223481
1920  5 23     4.52128449
1920  5 24     3.94126006
1920  5 25     3.68958849
1920  5 26     4.36625191
1920  5 27     5.31185578
1920  5 28     5.67583009
1920  5 29     5.54030695
1920  5 30     5.25760799
1920  5 31     4.63511470
1920  6  1     4.59158655
1920  6  2     5.43271838
1920  6  3     6.02454016
1920  6  4     5.96642271
1920  6  5     5.52901482
1920  6  6     5.18334887
1920  6  7     5.04852987
1920  6  8     5.01913112
1920  6  9     4.74991076
1920  6 10     4.16812781
1920  6 11     3.86513441
1920  6 12     3.73116364
1920  6 13     3.45845559
1920  6 14     3.34661244
1920  6 15     3.76382084
1920  6 16     3.69925033
1920  6 17     3.40021758
1920  6 18     3.85618120
1920  6 19     4.58818781
1920  6 20     5.03692965
1920  6 21     4.98438933
1920  6 22     4.46846322
1920  6 23     3.52843470
1920  6 24     2.81624639
1920  6 25     2.58743140
1920  6 26     2.39486807
1920  6 27     2.15343409
1920  6 28     1.95226946
1920  6 29     2.25929766
1920  6 30     2.26901988
1920  7  1     2.07588455
1920  7  2     1.96666418
1920  7  3     1.90003284
1920  7  4     1.61090925
1920  7  5     1.23636342
1920  7  6     0.95944919
1920  7  7     0.75416860
1920  7  8     0.65733995
1920  7  9     0.56240778
1920  7 10     0.48104367
1920  7 11     0.42772165
1920  7 12     0.38871616
1920  7 13     0.35597008
1920  7 14     0.32973778
1920  7 15     0.30560756
1920  7 16     0.27892171
1920  7 17     0.25649521
1920  7 18     0.24147841
1920  7 19     0.22795021
1920  7 20     0.21496010
1920  7 21     0.20330321
1920  7 22     0.19326883
1920  7 23     0.18722921
1920  7 24     0.17894356
1920  7 25     0.16891118
1920  7 26     0.16277106
1920  7 27     0.15576814
1920  7 28     0.14944388
1920  7 29     0.14458253
1920  7 30     0.14010094
1920  7 31     0.13550374
1920  8  1     0.13141417
1920  8  2     0.12736786
1920  8  3     0.12341745
1920  8  4     0.11969532
1920  8  5     0.11616070
1920  8  6     0.11266567
1920  8  7     0.10917894
1920  8  8     0.10593001
1920  8  9     0.10318860
1920  8 10     0.10049840
1920  8 11     0.09756544
1920  8 12     0.09449586
1920  8 13     0.09137691
1920  8 14     0.08846749
1920  8 15     0.08603453
1920  8 16     0.08358008
1920  8 17     0.08209165
1920  8 18     0.08130525
1920  8 19     0.07992505
1920  8 20     0.07850174
1920  8 21     0.07622971
1920  8 22     0.07365188
1920  8 23     0.25749810
1920  8 24     0.98520624
1920  8 25     0.78478277
1920  8 26     0.64767765
1920  8 27     0.42064920
1920  8 28     0.13771486
1920  8 29     0.12494588
1920  8 30     0.10330184
1920  8 31     0.08923826
1920  9  1     0.07997957
1920  9  2     0.07357240
1920  9  3     0.06865098
1920  9  4     0.06523737
1920  9  5     0.06251150
1920  9  6     0.06024508
1920  9  7     0.06475569
1920  9  8     0.09606001
1920  9  9     0.08423332
1920  9 10     0.05444003
1920  9 11     0.05153437
1920  9 12     0.04946561
1920  9 13     0.04808121
1920  9 14     0.04660314
1920  9 15     0.04439505
1920  9 16     0.04246598
1920  9 17     0.12184596
1920  9 18     0.13638382
1920  9 19     0.06585735
1920  9 20     0.03978792
1920  9 21     0.03972455
1920  9 22     0.03975577
1920  9 23     0.05542027
1920  9 24     0.55455117
1920  9 25     0.45622851
1920  9 26     0.08803566
1920  9 27     0.09239118
1920  9 28     0.07127103
1920  9 29     0.05317165
1920  9 30     0.04701872
1920 10  1     0.04367060
1920 10  2     0.04072006
1920 10  3     0.03773255
1920 10  4     0.03544482
1920 10  5     0.03389848
1920 10  6     4.46328484
1920 10  7     3.84736891
1920 10  8     0.81397269
1920 10  9     3.62844581
1920 10 10     3.04795711
1920 10 11     0.88055271
1920 10 12     4.98065679
1920 10 13     4.40651817
1920 10 14     1.33462588
1920 10 15     1.06331100
1920 10 16     0.79907200
1920 10 17     0.99917123
1920 10 18     2.74694510
1920 10 19     1.79859478
1920 10 20     0.61934685
1920 10 21     0.39202869
1920 10 22     0.31776679
1920 10 23     0.30792687
1920 10 24     0.37496849
1920 10 25     0.46270466
1920 10 26     0.48056909
1920 10 27     0.47628314
1920 10 28     0.50617971
1920 10 29     1.12820473
1920 10 30     1.01826547
1920 10 31     0.41476145
1920 11  1     0.32644469
1920 11  2     0.26769710
1920 11  3     0.22586853
1920 11  4     0.19284773
1920 11  5     0.19211741
1920 11  6     0.15416046
1920 11  7     0.38135013
1920 11  8     0.36240133
1920 11  9     0.17919714
1920 11 10     0.08735323
1920 11 11     2.50600277
1920 11 12     6.00148775
1920 11 13     4.12756002
1920 11 14     1.63250407
1920 11 15     3.25372926
1920 11 16     4.44297516
1920 11 17     2.83121419
1920 11 18     2.12254168
1920 11 19     5.15984494
1920 11 20     4.29474847
1920 11 21     1.77713667
1920 11 22     1.77767550
1920 11 23     1.25649830
1920 11 24     0.81186497
1920 11 25     0.67147247
1920 11 26     0.57662260
1920 11 27     1.73518645
1920 11 28     1.47145796
1920 11 29     0.64441388
1920 11 30     0.57006212
1920 12  1     0.46632927
1920 12  2     1.86338815
1920 12  3     1.08590847
1920 12  4     0.78716420
1920 12  5     0.49859725
1920 12  6     0.37995192
1920 12  7     0.66668182
1920 12  8     0.84325188
1920 12  9     0.42873049
1920 12 10     0.98281615
1920 12 11     3.39998154
1920 12 12     1.54582164
1920 12 13     0.60186287
1920 12 14     0.50322630
1920 12 15     0.43618064
1920 12 16     0.39325282
1920 12 17     0.36045480
1920 12 18     0.52748968
1920 12 19     2.32822798
1920 12 20     2.83884394
1920 12 21     1.07117991
1920 12 22     1.78483767
1920 12 23     1.12129337
1920 12 24     3.44724523
1920 12 25     2.14579574
1920 12 26     0.90090749
1920 12 27     0.77768388
1920 12 28     0.66584576
1920 12 29     0.60054010
1920 12 30     2.29446414
1920 12 31     1.22770415
1921  1  1     0.64524742
1921  1  2     0.59912316
1921  1  3     0.55492851
1921  1  4     0.50688485
1921  1  5     0.97953215
1921  1  6     1.65785752
1921  1  7     1.00209218
1921  1  8     0.59453502
1921  1  9     0.54084589
1921  1 10     0.47232124
1921  1 11     0.42392302
1921  1 12     0.38716786
1921  1 13     0.36380363
1921  1 14     0.35483432
1921  1 15     0.38525187
1921  1 16     0.66192965
1921  1 17     7.37391334
1921  1 18    16.97194581
1921  1 19    12.92373314
1921  1 20     5.85382736
1921  1 21     3.00035989
1921  1 22     2.08800837
1921  1 23     1.72357351
1921  1 24     1.48004474
1921  1 25     1.30837980
1921  1 26     2.62794329
1921  1 27     7.30753905
1921  1 28     7.39078143
1921  1 29     3.26903907
1921  1 30     6.50795851
1921  1 31     3.97487616
1921  2  1     2.03134259
1921  2  2     1.73385439
1921  2  3     1.50314815
1921  2  4     1.34400092
1921  2  5     3.63940907
1921  2  6     1.97416283
1921  2  7     1.24986514
1921  2  8     1.16590042
1921  2  9     1.10393011
1921  2 10     1.09004213
1921  2 11     1.11634469
1921  2 12     1.18629110
1921  2 13     1.22640680
1921  2 14     5.21226284
1921  2 15     2.99215410
1921  2 16     1.38288760
1921  2 17     1.24734971
1921  2 18     1.09429902
1921  2 19     0.98959562
1921  2 20     0.92933969
1921  2 21     6.29798549
1921  2 22     3.35625743
1921  2 23     1.70500069
1921  2 24     1.90739941
1921  2 25     2.07846133
1921  2 26     2.11894961
1921  2 27     2.09856872
1921  2 28     2.10680955
1921  3  1     2.18900795
1921  3  2     2.39735241
1921  3  3     2.63671620
1921  3  4     6.29746593
1921  3  5     7.97935700
1921  3  6     4.67620043
1921  3  7     2.73713409
1921  3  8     2.19241865
1921  3  9     1.91613925
1921  3 10     1.64925073
1921  3 11     1.42448800
1921  3 12     2.01682059
1921  3 13     5.78766030
1921  3 14     5.56791982
1921  3 15     2.96932281
1921  3 16     2.87242086
1921  3 17     2.99051994
1921  3 18     3.59717493
1921  3 19     2.84050658
1921  3 20     1.63887738
1921  3 21     1.46157152
1921  3 22     4.96840514
1921  3 23     3.16587404
1921  3 24     1.87616847
1921  3 25     3.42271067
1921  3 26     3.14261696
1921  3 27     2.09491601
1921  3 28     2.12523938
1921  3 29     2.13456221
1921  3 30     2.38902716
1921  3 31     2.67217758
1921  4  1     2.66386399
1921  4  2     2.38067790
1921  4  3     1.69207283
1921  4  4     1.16893674
1921  4  5     1.00647553
1921  4  6     0.86248598
1921  4  7     0.89071044
1921  4  8     1.13635150
1921  4  9     1.54145949
1921  4 10     1.51037186
1921  4 11     1.15177678
1921  4 12     0.93592827
1921  4 13     0.89632730
1921  4 14     0.70933514
1921  4 15     0.62246913
1921  4 16     0.60904047
1921  4 17     0.67278858
1921  4 18     0.67777061
1921  4 19     0.72509999
1921  4 20     0.84413286
1921  4 21     1.45756641
1921  4 22     2.42009775
1921  4 23     2.46352770
1921  4 24     1.45668246
1921  4 25     0.87519468
1921  4 26     1.34146424
1921  4 27     2.52629570
1921  4 28     3.82152148
1921  4 29     4.27095640
1921  4 30     3.88073983
1921  5  1     3.75761551
1921  5  2     3.08467851
1921  5  3     1.96774814
1921  5  4     1.49086830
1921  5  5     1.38508752
1921  5  6     1.57642408
1921  5  7     1.50948205
1921  5  8     1.50818724
1921  5  9     2.13879532
1921  5 10     2.84217259
1921  5 11     3.59874632
1921  5 12     4.51812392
1921  5 13     4.99321106
1921  5 14     4.91636152
1921  5 15     4.55142260
1921  5 16     3.71296396
1921  5 17     2.43349834
1921  5 18     1.73861412
1921  5 19     1.40804619
1921  5 20     1.67053175
1921  5 21     4.01837214
1921  5 22     2.85629125
1921  5 23     2.56256444
1921  5 24     3.12450648
1921  5 25     3.37074062
1921  5 26     3.96326077
1921  5 27     4.49220870
1921  5 28     4.35481254
1921  5 29     2.92440207
1921  5 30     2.15536190
1921  5 31     2.94516861
1921  6  1     3.39024615
1921  6  2     3.49756917
1921  6  3     3.57068978
1921  6  4     3.85090176
1921  6  5     4.94861963
1921  6  6     6.01794830
1921  6  7     6.17615470
1921  6  8     6.16247708
1921  6  9     6.48567837
1921  6 10     7.01140347
1921  6 11     7.35922412
1921  6 12     7.14848506
1921  6 13     6.41417003
1921  6 14     5.31787622
1921  6 15     3.98983114
1921  6 16     2.60437111
1921  6 17     2.01501795
1921  6 18     2.59099385
1921  6 19     3.52053240
1921  6 20     4.38436374
1921  6 21     5.51049805
1921  6 22     5.95270646
1921  6 23     5.74455306
1921  6 24     5.30125004
1921  6 25     4.56501120
1921  6 26     4.09383778
1921  6 27     3.80834550
1921  6 28     3.37716219
1921  6 29     2.95974825
1921  6 30     2.74166684
1921  7  1     2.81250073
1921  7  2     2.75165389
1921  7  3     2.63360754
1921  7  4     2.59344758
1921  7  5     2.40237304
1921  7  6     2.17959753
1921  7  7     1.98561219
1921  7  8     1.74992968
1921  7  9     1.42599009
1921  7 10     1.16718118
1921  7 11     0.93691226
1921  7 12     0.74429749
1921  7 13     0.64867113
1921  7 14     0.56343409
1921  7 15     0.48936358
1921  7 16     0.46100320
1921  7 17     0.42215724
1921  7 18     0.37284497
1921  7 19     0.34817403
1921  7 20     0.32829467
1921  7 21     0.30979679
1921  7 22     0.35633561
1921  7 23     0.31385175
1921  7 24     0.23786719
1921  7 25     0.22632185
1921  7 26     0.21522243
1921  7 27     0.20409337
1921  7 28     0.19406833
1921  7 29     0.18572801
1921  7 30     0.17843107
1921  7 31     0.17254849
1921  8  1     0.17772135
1921  8  2     0.16900665
1921  8  3     0.15448013
1921  8  4     0.14912249
1921  8  5     0.14406471
1921  8  6     0.13944645
1921  8  7     0.13532535
1921  8  8     0.13173911
1921  8  9     0.12830921
1921  8 10     0.12510324
1921  8 11     0.12193602
1921  8 12     0.11881586
1921  8 13     0.11634814
1921  8 14     0.11375366
1921  8 15     0.11100415
1921  8 16     0.10824803
1921  8 17     0.10538168
1921  8 18     0.10288967
1921  8 19     0.10058743
1921  8 20     0.09787362
1921  8 21     0.09527825
1921  8 22     0.09305286
1921  8 23     0.09123023
1921  8 24     0.08955283
1921  8 25     0.08734915
1921  8 26     0.08506109
1921  8 27     0.08312254
1921  8 28     0.08098154
1921  8 29     0.07840625
1921  8 30     0.07619873
1921  8 31     0.07474305
1921  9  1     0.13603556
1921  9  2     0.86486258
1921  9  3     0.55774709
1921  9  4     0.07303150
1921  9  5     0.07071392
1921  9  6     0.06862896
1921  9  7     0.06647019
1921  9  8     0.06429265
1921  9  9     0.06299908
1921  9 10     0.06196991
1921  9 11     0.06120053
1921  9 12     0.06095760
1921  9 13     0.06043134
1921  9 14     0.05941907
1921  9 15     0.05842436
1921  9 16     0.05718420
1921  9 17     0.05600231
1921  9 18     0.05498379
1921  9 19     0.05378039
1921  9 20     0.05246841
1921  9 21     0.04984681
1921  9 22     0.04781012
1921  9 23     0.04720419
1921  9 24     0.04634999
1921  9 25     0.04555226
1921  9 26     0.04319458
1921  9 27     0.04074554
1921  9 28     0.04002524
1921  9 29     0.03936956
1921  9 30     0.03900708
1921 10  1     0.03911429
1921 10  2     0.03923880
1921 10  3     0.03880017
1921 10  4     0.03768428
1921 10  5     0.08712836
1921 10  6     0.11158408
1921 10  7     0.08335090
1921 10  8     0.05182857
1921 10  9     0.03511412
1921 10 10     0.03405862
1921 10 11     0.03312227
1921 10 12     0.03276359
1921 10 13     0.03297460
1921 10 14     0.03501420
1921 10 15     0.03413511
1921 10 16     0.03095238
1921 10 17     0.02836304
1921 10 18     0.02656833
1921 10 19     0.02568014
1921 10 20     0.02480905
1921 10 21     0.02543103
1921 10 22     0.04492266
1921 10 23     0.19543014
1921 10 24     0.14792555
1921 10 25     0.03309747
1921 10 26     0.14906205
1921 10 27     0.11443268
1921 10 28     0.05727284
1921 10 29     0.08435726
1921 10 30     0.07203931
1921 10 31     0.04111102
1921 11  1     0.02483071
1921 11  2     0.02341395
1921 11  3     0.02284422
1921 11  4     0.02283275
1921 11  5     0.02268105
1921 11  6     0.02251801
1921 11  7     0.02237863
1921 11  8     0.02184206
1921 11  9     0.02118545
1921 11 10     0.02064802
1921 11 11     0.02057363
1921 11 12     0.02063135
1921 11 13     0.02032817
1921 11 14     0.01986187
1921 11 15     0.02015645
1921 11 16     0.02098347
1921 11 17     0.02414937
1921 11 18     0.02536317
1921 11 19     0.02425845
1921 11 20     0.02836190
1921 11 21     0.03276043
1921 11 22     0.09682243
1921 11 23     0.06915060
1921 11 24     0.02392126
1921 11 25     0.02803670
1921 11 26     0.02710343
1921 11 27     0.20609470
1921 11 28     0.07950839
1921 11 29     0.04555236
1921 11 30     0.04952819
1921 12  1     0.34042991
1921 12  2     0.38634632
1921 12  3     0.07830895
1921 12  4     0.01870359
1921 12  5     0.01827782
1921 12  6     0.01804405
1921 12  7     0.01779721
1921 12  8     0.01759445
1921 12  9     0.01765305
1921 12 10     0.01787722
1921 12 11     0.01813605
1921 12 12     0.01942691
1921 12 13     0.01908298
1921 12 14     0.01758421
1921 12 15     0.01653595
1921 12 16     0.01589568
1921 12 17     0.01627944
1921 12 18     0.50811895
1921 12 19     1.26967186
1921 12 20     2.67516501
1921 12 21     2.27737643
1921 12 22     1.78722659
1921 12 23     0.73705463
1921 12 24     1.88558751
1921 12 25     0.92873223
1921 12 26     1.31027612
1921 12 27     2.18405991
1921 12 28     1.04856311
1921 12 29     1.18630759
1921 12 30     0.96178340
1921 12 31     0.43935393
1922  1  1     4.05605804
1922  1  2     3.69832852
1922  1  3     1.54833740
1922  1  4     0.83737904
1922  1  5     0.69543750
1922  1  6     1.55083792
1922  1  7     0.75180855
1922  1  8     0.48249434
1922  1  9     0.43565324
1922  1 10     0.40297036
1922  1 11     0.37822377
1922  1 12     0.36032697
1922  1 13     0.33905301
1922  1 14     0.32196475
1922  1 15     0.31559353
1922  1 16     0.30364072
1922  1 17     0.70054809
1922  1 18     0.48152626
1922  1 19     0.33063894
1922  1 20     0.29941470
1922  1 21     0.28064609
1922  1 22     0.26277216
1922  1 23     0.24940874
1922  1 24     0.24915186
1922  1 25     0.25671444
1922  1 26     0.26207937
1922  1 27     0.68695912
1922  1 28     0.47962746
1922  1 29     0.66205162
1922  1 30     2.22383812
1922  1 31     1.23345323
1922  2  1     0.61036186
1922  2  2     0.32091106
1922  2  3     0.27542514
1922  2  4     0.25619276
1922  2  5     0.24271948
1922  2  6     0.24648939
1922  2  7     0.25676696
1922  2  8     1.91312251
1922  2  9     4.34611511
1922  2 10     5.59446764
1922  2 11     5.42522014
1922  2 12     1.81276104
1922  2 13     0.83017145
1922  2 14     0.74167734
1922  2 15     0.68482093
1922  2 16     0.68350362
1922  2 17     0.85681883
1922  2 18     4.62585429
1922  2 19     2.89516757
1922  2 20    12.77321402
1922  2 21     4.62789172
1922  2 22     2.03697609
1922  2 23     1.76025709
1922  2 24     2.10936524
1922  2 25     3.46645172
1922  2 26     3.75466022
1922  2 27     1.76897811
1922  2 28     1.24580295
1922  3  1     1.13447495
1922  3  2     1.04670828
1922  3  3     0.97869623
1922  3  4     0.97390395
1922  3  5     0.91130907
1922  3  6     0.85192273
1922  3  7     0.83141203
1922  3  8     0.79809343
1922  3  9     0.78695519
1922  3 10     1.76689944
1922  3 11     4.44138128
1922  3 12     1.47831559
1922  3 13     0.89924861
1922  3 14     1.10309057
1922  3 15     1.68378766
1922  3 16    13.37473013
1922  3 17     4.57582516
1922  3 18     1.67718755
1922  3 19     1.65982695
1922  3 20     1.80765921
1922  3 21     1.84345471
1922  3 22     1.91643048
1922  3 23     2.76974990
1922  3 24     2.49991850
1922  3 25     1.96929690
1922  3 26     3.10110040
1922  3 27     2.38082097
1922  3 28     3.58364644
1922  3 29     6.65041429
1922  3 30     3.45633884
1922  3 31     6.52690897
1922  4  1     3.70234825
1922  4  2     2.20589238
1922  4  3     2.14422036
1922  4  4     2.16034056
1922  4  5     1.66429588
1922  4  6     1.38656695
1922  4  7     1.29788108
1922  4  8     1.23668639
1922  4  9     1.12660733
1922  4 10     1.03742401
1922  4 11     1.08958172
1922  4 12     1.68957358
1922  4 13     1.13239225
1922  4 14     1.01901541
1922  4 15     0.93266240
1922  4 16     0.85163412
1922  4 17     0.88397211
1922  4 18     0.96860638
1922  4 19     1.42173462
1922  4 20     1.94654107
1922  4 21     2.12214193
1922  4 22     2.34214000
1922  4 23     2.52717790
1922  4 24     3.14233154
1922  4 25     3.17760853
1922  4 26     2.82066390
1922  4 27     2.74040589
1922  4 28     2.69455540
1922  4 29     3.33966946
1922  4 30     3.39108650
1922  5  1     3.54223601
1922  5  2     4.44384745
1922  5  3     4.87172872
1922  5  4     5.47047881
1922  5  5     6.30459612
1922  5  6     6.50448649
1922  5  7     5.36999235
1922  5  8     3.98175960
1922  5  9     3.21684094
1922  5 10     1.88616370
1922  5 11     2.02431844
1922  5 12     2.61284273
1922  5 13     4.03806656
1922  5 14     5.45884994
1922  5 15     6.45810912
1922  5 16     6.94753696
1922  5 17     7.34046054
1922  5 18     6.68428486
1922  5 19     5.51928866
1922  5 20    10.73785656
1922  5 21     9.70983512
1922  5 22     5.68525590
1922  5 23     6.80526699
1922  5 24     6.83234758
1922  5 25     5.25921895
1922  5 26     3.95402411
1922  5 27     4.67846715
1922  5 28     6.19030716
1922  5 29     6.92244179
1922  5 30     7.29963849
1922  5 31     7.82614010
1922  6  1     8.23522876
1922  6  2     8.35014264
1922  6  3     8.24380161
1922  6  4     8.09937079
1922  6  5     7.98464871
1922  6  6     7.55764820
1922  6  7     7.06904117
1922  6  8     6.61269538
1922  6  9     6.29617893
1922  6 10     5.81793374
1922  6 11     5.79769954
1922  6 12     5.48716562
1922  6 13     5.40107286
1922  6 14     5.78632724
1922  6 15     6.83199616
1922  6 16     7.76778472
1922  6 17     8.26444704
1922  6 18     8.46129105
1922  6 19     8.29793006
1922  6 20     8.19836541
1922  6 21     7.59401836
1922  6 22     6.90066317
1922  6 23     7.01764476
1922  6 24     7.64262238
1922  6 25     8.50788903
1922  6 26     8.58374117
1922  6 27     8.18968976
1922  6 28     7.83076508
1922  6 29     7.11613140
1922  6 30     6.43062663
1922  7  1     6.12160652
1922  7  2     6.14602671
1922  7  3     6.12620307
1922  7  4     6.10654675
1922  7  5     6.08933952
1922  7  6     5.54101011
1922  7  7     4.56449660
1922  7  8     3.84591565
1922  7  9     3.44785716
1922  7 10     3.14813233
1922  7 11     2.90019493
1922  7 12     2.65382869
1922  7 13     2.36688799
1922  7 14     2.20614469
1922  7 15     2.16429478
1922  7 16     2.01954240
1922  7 17     1.54806419
1922  7 18     1.08748458
1922  7 19     1.70024947
1922  7 20     1.80063162
1922  7 21     1.10779055
1922  7 22     0.76152545
1922  7 23     0.66878871
1922  7 24     0.58089348
1922  7 25     0.52114469
1922  7 26     0.47506533
1922  7 27     0.44051408
1922  7 28     0.41385700
1922  7 29     0.39327710
1922  7 30     0.40010721
1922  7 31     0.40254484
1922  8  1     0.35846648
1922  8  2     0.30758248
1922  8  3     0.28329725
1922  8  4     0.26977135
1922  8  5     0.25726271
1922  8  6     0.24598457
1922  8  7     0.23559693
1922  8  8     0.22685589
1922  8  9     0.21941439
1922  8 10     0.21222356
1922  8 11     0.20554128
1922  8 12     0.19975741
1922  8 13     0.19427301
1922  8 14     0.18902969
1922  8 15     0.18415942
1922  8 16     0.17909138
1922  8 17     0.17364787
1922  8 18     0.16923156
1922  8 19     0.16563791
1922  8 20     0.16179715
1922  8 21     0.15826447
1922  8 22     0.15494224
1922  8 23     0.15107253
1922  8 24     0.14705365
1922  8 25     0.14244940
1922  8 26     0.13874733
1922  8 27     0.13540297
1922  8 28     0.18217373
1922  8 29     0.24098332
1922  8 30     0.18003454
1922  8 31     0.12405453
1922  9  1     0.12162939
1922  9  2     0.11895895
1922  9  3     0.11634174
1922  9  4     0.11428275
1922  9  5     0.11282392
1922  9  6     0.11103607
1922  9  7     0.10816401
1922  9  8     0.10474726
1922  9  9     0.10157773
1922  9 10     0.09842512
1922  9 11     0.09565000
1922  9 12     0.09336567
1922  9 13     0.09141345
1922  9 14     0.08988098
1922  9 15     0.08803747
1922  9 16     0.08605580
1922  9 17     0.08437656
1922  9 18     0.08263237
1922  9 19     0.08075158
1922  9 20     0.07922469
1922  9 21     0.07809622
1922  9 22     0.07688098
1922  9 23     0.07573538
1922  9 24     0.07457179
1922  9 25     0.07340181
1922  9 26     0.07259271
1922  9 27     0.07228102
1922  9 28     0.07181140
1922  9 29     0.07059814
1922  9 30     0.06862591
1922 10  1     0.06669689
1922 10  2     0.40535021
1922 10  3     0.70199256
1922 10  4     1.10425329
1922 10  5     0.74189777
1922 10  6     0.14687999
1922 10  7     0.13493359
1922 10  8     0.11039141
1922 10  9     0.09516652
1922 10 10     0.08537401
1922 10 11     0.23024277
1922 10 12     0.25228262
1922 10 13     0.13884627
1922 10 14     0.09661826
1922 10 15     0.08999158
1922 10 16     0.07844262
1922 10 17     0.07075493
1922 10 18     0.06530850
1922 10 19     0.06172971
1922 10 20     0.05916648
1922 10 21     0.05658567
1922 10 22     0.05435257
1922 10 23     0.05257258
1922 10 24     0.05104339
1922 10 25     0.05007331
1922 10 26     0.05127770
1922 10 27     1.93412010
1922 10 28     1.76368668
1922 10 29     0.42623518
1922 10 30     0.30005542
1922 10 31     0.22363106
1922 11  1     0.17031345
1922 11  2     0.21170179
1922 11  3     0.17118549
1922 11  4     0.10993108
1922 11  5     0.10170767
1922 11  6     0.19558814
1922 11  7     3.72368472
1922 11  8     5.37761314
1922 11  9     2.89878787
1922 11 10     2.52882598
1922 11 11     0.74032964
1922 11 12     0.40248466
1922 11 13     0.30483937
1922 11 14     0.24164299
1922 11 15     0.20123969
1922 11 16     0.17747507
1922 11 17     0.17326986
1922 11 18     0.15726579
1922 11 19     0.14522073
1922 11 20     0.13422365
1922 11 21     0.12577807
1922 11 22     0.11385729
1922 11 23     0.10422421
1922 11 24     0.09564508
1922 11 25     0.09266176
1922 11 26     0.09548919
1922 11 27     0.09377272
1922 11 28     0.14439407
1922 11 29     0.20248605
1922 11 30     0.14975446
1922 12  1     0.09018793
1922 12  2     0.07395780
1922 12  3     0.13481218
1922 12  4     0.10606370
1922 12  5     0.06887314
1922 12  6     1.23590717
1922 12  7     0.92862002
1922 12  8     0.33349470
1922 12  9     0.07044380
1922 12 10     0.91866676
1922 12 11     1.18338973
1922 12 12     2.19939589
1922 12 13     3.53053785
1922 12 14     3.50760489
1922 12 15     1.52101296
1922 12 16     0.81778231
1922 12 17     2.03682396
1922 12 18     2.40640941
1922 12 19     1.29179295
1922 12 20     0.75223995
1922 12 21     0.63100042
1922 12 22     0.54041042
1922 12 23     0.47878419
1922 12 24     0.57527766
1922 12 25     1.40881127
1922 12 26     1.05499544
1922 12 27     0.56829171
1922 12 28     5.01213952
1922 12 29     2.59437983
1922 12 30     1.05588699
1922 12 31     2.00663861
1923  1  1     1.30179091
1923  1  2     0.74859264
1923  1  3     0.65572888
1923  1  4     0.59909309
1923  1  5     0.55283229
1923  1  6     0.51110176
1923  1  7     0.49639620
1923  1  8     0.49815089
1923  1  9     0.51594706
1923  1 10     0.51194312
1923  1 11     0.46914514
1923  1 12     0.40442911
1923  1 13     0.36448627
1923  1 14     0.35401987
1923  1 15     0.35755950
1923  1 16     0.37681461
1923  1 17     6.93799027
1923  1 18     6.03729418
1923  1 19     2.27748737
1923  1 20     2.11453231
1923  1 21     1.52693286
1923  1 22     4.29099172
1923  1 23     5.53467042
1923  1 24     7.06399537
1923  1 25     3.96760519
1923  1 26     1.85337758
1923  1 27     1.30437022
1923  1 28     1.70380772
1923  1 29     2.58425461
1923  1 30     1.58442501
1923  1 31     0.99358166
1923  2  1     0.84156608
1923  2  2     0.77260390
1923  2  3     0.71976177
1923  2  4     0.68700331
1923  2  5     0.65353222
1923  2  6     0.62815391
1923  2  7     0.59860271
1923  2  8     0.64650320
1923  2  9     0.57800808
1923  2 10     0.55136862
1923  2 11     0.71387738
1923  2 12     1.41169479
1923  2 13     0.75808782
1923  2 14     0.54025213
1923  2 15     0.58151675
1923  2 16     0.57126725
1923  2 17     0.64460372
1923  2 18     0.72392944
1923  2 19     0.79423692
1923  2 20     1.02528099
1923  2 21     1.15205526
1923  2 22     1.11304683
1923  2 23     1.38012814
1923  2 24     1.58170002
1923  2 25     1.50684489
1923  2 26     1.40801923
1923  2 27     1.54544675
1923  2 28     1.76072160
1923  3  1     1.43172389
1923  3  2     1.02681326
1923  3  3     1.33619042
1923  3  4     0.86997202
1923  3  5     0.64084683
1923  3  6     0.60030396
1923  3  7     0.62637750
1923  3  8     0.59858358
1923  3  9     0.53512147
1923  3 10     0.47080202
1923  3 11     0.46856771
1923  3 12     0.46828440
1923  3 13     0.53471128
1923  3 14     0.61398672
1923  3 15     0.52075836
1923  3 16     0.60340253
1923  3 17     1.02484049
1923  3 18     1.43578416
1923  3 19     1.61140320
1923  3 20     1.58684540
1923  3 21     1.15226651
1923  3 22     0.83984626
1923  3 23     0.93965770
1923  3 24     1.30453747
1923  3 25     1.79864816
1923  3 26     2.10853212
1923  3 27     2.46514541
1923  3 28     2.92929007
1923  3 29     3.02833992
1923  3 30     2.84733211
1923  3 31     2.44597912
1923  4  1     2.70799071
1923  4  2     1.63882237
1923  4  3     1.45854142
1923  4  4     1.74141992
1923  4  5     5.87531678
1923  4  6     7.70722862
1923  4  7     3.46586768
1923  4  8     1.87816083
1923  4  9     2.13870036
1923  4 10     7.60457649
1923  4 11     4.32983450
1923  4 12     2.51578146
1923  4 13     2.76295333
1923  4 14     3.47062485
1923  4 15     4.25076403
1923  4 16     4.63436363
1923  4 17     5.06497464
1923  4 18     4.43428589
1923  4 19     2.41506921
1923  4 20     1.86812753
1923  4 21     1.50416514
1923  4 22     1.19643660
1923  4 23     1.16036008
1923  4 24     1.70789250
1923  4 25     2.26496755
1923  4 26     2.42863711
1923  4 27     2.07306529
1923  4 28     1.84815728
1923  4 29     1.75416697
1923  4 30     1.54023081
1923  5  1     1.86738662
1923  5  2     2.59758137
1923  5  3     3.38402174
1923  5  4     4.27519309
1923  5  5     4.78062260
1923  5  6     5.25876481
1923  5  7     6.28433601
1923  5  8     7.17398172
1923  5  9     7.25118755
1923  5 10     6.33998199
1923  5 11     5.53212671
1923  5 12     5.31093949
1923  5 13     5.37235893
1923  5 14     5.76688022
1923  5 15     6.21873817
1923  5 16     6.41370382
1923  5 17     6.07804859
1923  5 18     5.30360585
1923  5 19     4.84685205
1923  5 20     5.08322407
1923  5 21     5.77523297
1923  5 22     5.54775192
1923  5 23     5.12698166
1923  5 24     5.52636389
1923  5 25     5.06966582
1923  5 26     3.91660888
1923  5 27     3.11592476
1923  5 28     2.78950004
1923  5 29     3.03863554
1923  5 30     3.09635294
1923  5 31     1.89518719
1923  6  1     1.78912535
1923  6  2     2.35008907
1923  6  3     3.20045486
1923  6  4     4.04331357
1923  6  5     4.72554961
1923  6  6     5.11957806
1923  6  7     5.30724361
1923  6  8     5.29804949
1923  6  9     5.93861078
1923  6 10     6.68086702
1923  6 11     6.42536126
1923  6 12     4.70547068
1923  6 13     3.13128756
1923  6 14     3.20634652
1923  6 15     5.32243334
1923  6 16     4.51240115
1923  6 17     2.71200624
1923  6 18     3.10968862
1923  6 19     2.95630259
1923  6 20     2.67051406
1923  6 21     2.90217469
1923  6 22     2.57010107
1923  6 23     2.70383943
1923  6 24     3.28588960
1923  6 25     3.41324959
1923  6 26     3.60096105
1923  6 27     4.06500143
1923  6 28     4.78301396
1923  6 29     5.31274814
1923  6 30     5.40144800
1923  7  1     5.48269999
1923  7  2     5.53875394
1923  7  3     5.31959671
1923  7  4     5.01698120
1923  7  5     4.78070808
1923  7  6     4.50102553
1923  7  7     3.96151167
1923  7  8     3.38683489
1923  7  9     3.06078457
1923  7 10     2.92940843
1923  7 11     2.77188974
1923  7 12     2.64651178
1923  7 13     2.64824513
1923  7 14     2.53750246
1923  7 15     2.38436546
1923  7 16     2.14404426
1923  7 17     1.81719395
1923  7 18     1.64254359
1923  7 19     1.55528997
1923  7 20     1.45634525
1923  7 21     1.44194297
1923  7 22     1.39338363
1923  7 23     1.16147148
1923  7 24     0.88393041
1923  7 25     0.71206128
1923  7 26     0.63494746
1923  7 27     0.60273053
1923  7 28     0.57301344
1923  7 29     0.51772621
1923  7 30     0.45091127
1923  7 31     0.39314902
1923  8  1     0.36311498
1923  8  2     0.34010315
1923  8  3     0.31483401
1923  8  4     0.29457861
1923  8  5     0.27949564
1923  8  6     0.26713573
1923  8  7     0.25777498
1923  8  8     0.24952847
1923  8  9     0.23591860
1923  8 10     0.21786001
1923  8 11     0.20516511
1923  8 12     0.26688576
1923  8 13     0.24548858
1923  8 14     0.18457732
1923  8 15     0.17798272
1923  8 16     0.19166444
1923  8 17     0.18109325
1923  8 18     0.16044441
1923  8 19     0.15574941
1923  8 20     0.15204893
1923  8 21     0.14835351
1923  8 22     0.14435322
1923  8 23     0.13980140
1923  8 24     0.13550374
1923  8 25     0.13179669
1923  8 26     0.14126740
1923  8 27     0.15884612
1923  8 28     0.17012627
1923  8 29     0.23010594
1923  8 30     0.18208684
1923  8 31     0.11380049
1923  9  1     0.16865657
1923  9  2     0.21498834
1923  9  3     0.20654627
1923  9  4     0.14031246
1923  9  5     0.10125311
1923  9  6     0.09816410
1923  9  7     0.09515291
1923  9  8     0.09259202
1923  9  9     0.09083712
1923  9 10     0.08965715
1923  9 11     0.09543874
1923  9 12     0.11600608
1923  9 13     0.12631830
1923  9 14     0.10290371
1923  9 15     0.08259560
1923  9 16     0.08024371
1923  9 17     0.07893793
1923  9 18     0.07819259
1923  9 19     0.07748468
1923  9 20     0.07622059
1923  9 21     0.37160761
1923  9 22     2.59116918
1923  9 23     2.29728428
1923  9 24     1.08393560
1923  9 25     2.57641939
1923  9 26     3.71146424
1923  9 27     2.26239654
1923  9 28     0.86870333
1923  9 29     0.65980800
1923  9 30     0.48704679
1923 10  1     0.95347624
1923 10  2     0.81867535
1923 10  3     0.37139806
1923 10  4     0.33409377
1923 10  5     0.26580450
1923 10  6     1.17934213
1923 10  7     2.42951950
1923 10  8     1.50875207
1923 10  9     0.58352030
1923 10 10     0.48054405
1923 10 11     0.40311170
1923 10 12     0.39769993
1923 10 13     0.40584257
1923 10 14     0.37377114
1923 10 15     0.30493410
1923 10 16     0.23046909
1923 10 17     0.18873162
1923 10 18     0.15502803
1923 10 19     0.13564394
1923 10 20     0.11923560
1923 10 21     0.10881086
1923 10 22     0.11035859
1923 10 23     0.09956022
1923 10 24     0.08485735
1923 10 25     0.07939977
1923 10 26     0.07444932
1923 10 27     0.07020615
1923 10 28     0.06652799
1923 10 29     0.17952799
1923 10 30     0.18157097
1923 10 31     0.19334632
1923 11  1     0.20390774
1923 11  2     0.11568387
1923 11  3     0.12342795
1923 11  4     0.14122779
1923 11  5     0.12460903
1923 11  6     0.10046856
1923 11  7     0.08729896
1923 11  8     0.86868994
1923 11  9     0.84220721
1923 11 10     0.61492230
1923 11 11     0.80262397
1923 11 12     0.48299262
1923 11 13     0.27230455
1923 11 14     0.23234031
1923 11 15     0.17952139
1923 11 16     0.14831443
1923 11 17     0.12138488
1923 11 18     0.10004782
1923 11 19     0.08699107
1923 11 20     0.07691019
1923 11 21     0.06900409
1923 11 22     0.06264299
1923 11 23     0.05761353
1923 11 24     0.05361246
1923 11 25     0.05015831
1923 11 26     0.04714864
1923 11 27     0.04470931
1923 11 28     0.04261001
1923 11 29     0.04090072
1923 11 30     0.18995614
1923 12  1     0.15258255
1923 12  2     0.04417899
1923 12  3     0.04654653
1923 12  4     0.04180479
1923 12  5     0.03849264
1923 12  6     0.03595282
1923 12  7     0.94978057
1923 12  8     0.66167888
1923 12  9     0.16059966
1923 12 10     0.13667797
1923 12 11     0.10264908
1923 12 12     0.08121581
1923 12 13     0.06779484
1923 12 14     0.35361650
1923 12 15     0.15718233
1923 12 16     0.06167400
1923 12 17     0.05702174
1923 12 18     0.04958689
1923 12 19     0.10217260
1923 12 20     0.06848198
1923 12 21     0.03799437
1923 12 22     0.03589854
1923 12 23     0.03417287
1923 12 24     0.03409381
1923 12 25     0.03824020
1923 12 26     0.18964197
1923 12 27     0.08364191
1923 12 28     0.03700186
1923 12 29     0.07371581
1923 12 30     0.15959417
1923 12 31     0.26045939
1924  1  1     0.05633403
1924  1  2     0.03029463
1924  1  3     1.77543673
1924  1  4     0.85856316
1924  1  5     0.14881598
1924  1  6     0.12221176
1924  1  7     0.09363764
1924  1  8     0.40801880
1924  1  9     0.21428589
1924  1 10     0.07451052
1924  1 11     0.07261091
1924  1 12     0.06489240
1924  1 13     0.05448735
1924  1 14     0.05970217
1924  1 15     0.05135946
1924  1 16     0.04662983
1924  1 17     0.04392031
1924  1 18     0.04276834
1924  1 19     0.04412852
1924  1 20     0.04196332
1924  1 21     0.04324465
1924  1 22     0.04932225
1924  1 23     0.04461908
1924  1 24     0.03987923
1924  1 25     0.07419283
1924  1 26     1.80284289
1924  1 27     4.16075164
1924  1 28     4.03443981
1924  1 29     2.35457234
1924  1 30     1.06787284
1924  1 31     0.92194645
1924  2  1     0.67459839
1924  2  2     0.56033000
1924  2  3     0.44034438
1924  2  4     0.34181761
1924  2  5     0.33601424
1924  2  6     0.36837011
1924  2  7     3.56332259
1924  2  8     6.57408093
1924  2  9     5.62354697
1924  2 10     3.09498973
1924  2 11     1.55318794
1924  2 12     1.34428631
1924  2 13     1.27470191
1924  2 14     1.18138122
1924  2 15     0.89535906
1924  2 16     0.63621023
1924  2 17     0.60515772
1924  2 18     0.70451943
1924  2 19     0.83239258
1924  2 20     0.81868373
1924  2 21     0.76112568
1924  2 22     0.67625767
1924  2 23     0.55298225
1924  2 24     0.50812962
1924  2 25     0.59018179
1924  2 26     0.61719182
1924  2 27     0.60483029
1924  2 28     0.67356841
1924  2 29     0.82703658
1924  3  1     0.87263498
1924  3  2     1.01841569
1924  3  3     0.56160111
1924  3  4     0.35478061
1924  3  5     0.31170003
1924  3  6     0.34184811
1924  3  7     0.39071182
1924  3  8     0.33307151
1924  3  9     0.25570920
1924  3 10     0.20679138
1924  3 11     0.21851147
1924  3 12     0.22779154
1924  3 13     0.24233826
1924  3 14     0.32082611
1924  3 15     0.25070922
1924  3 16     0.14768645
1924  3 17     0.15576222
1924  3 18     0.12743616
1924  3 19     0.11567202
1924  3 20     0.44559187
1924  3 21     0.18122432
1924  3 22     0.10965524
1924  3 23     0.78178350
1924  3 24     0.68661616
1924  3 25     0.42268636
1924  3 26     2.45596772
1924  3 27     2.54453383
1924  3 28     1.38018213
1924  3 29     0.75974166
1924  3 30     0.63585087
1924  3 31     0.75449742
1924  4  1     0.58478380
1924  4  2     0.43397764
1924  4  3     0.49025279
1924  4  4     0.77478424
1924  4  5     0.91883300
1924  4  6     1.44484661
1924  4  7     1.89781373
1924  4  8     2.05354683
1924  4  9     2.43489543
1924  4 10     2.69019984
1924  4 11     2.56890146
1924  4 12     2.42728686
1924  4 13     2.22250216
1924  4 14     1.58628463
1924  4 15     0.92562619
1924  4 16     0.68421889
1924  4 17     0.65241224
1924  4 18     0.97441400
1924  4 19     1.62433894
1924  4 20     2.24883106
1924  4 21     2.32334271
1924  4 22     1.84299107
1924  4 23     2.25930840
1924  4 24     1.30453682
1924  4 25     1.12799910
1924  4 26     1.63072145
1924  4 27     2.01864843
1924  4 28     2.07237052
1924  4 29     1.56591363
1924  4 30     1.40429779
1924  5  1     1.99959751
1924  5  2     2.66427258
1924  5  3     2.82495816
1924  5  4     2.08748275
1924  5  5     1.33388988
1924  5  6     1.48151878
1924  5  7     2.21449400
1924  5  8     2.83168754
1924  5  9     3.14160534
1924  5 10     3.01477025
1924  5 11     2.71660303
1924  5 12     2.44945479
1924  5 13     2.59517452
1924  5 14     2.44498268
1924  5 15     2.24250396
1924  5 16     2.60870928
1924  5 17     2.62913237
1924  5 18     2.25503251
1924  5 19     1.91497079
1924  5 20     1.75975266
1924  5 21     1.60006787
1924  5 22     1.40873185
1924  5 23     1.32342141
1924  5 24     1.20035976
1924  5 25     0.95988297
1924  5 26     0.73875339
1924  5 27     0.58834144
1924  5 28     0.52224309
1924  5 29     0.45339827
1924  5 30     0.38113302
1924  5 31     0.34329345
1924  6  1     0.30761163
1924  6  2     0.28111965
1924  6  3     0.26115854
1924  6  4     0.23438604
1924  6  5     0.20322947
1924  6  6     0.18243660
1924  6  7     0.16939298
1924  6  8     0.15769494
1924  6  9     0.14740751
1924  6 10     0.13868837
1924  6 11     0.13041144
1924  6 12     0.12281374
1924  6 13     0.11667659
1924  6 14     0.11110078
1924  6 15     0.10575073
1924  6 16     0.10102389
1924  6 17     0.09713357
1924  6 18     0.09356338
1924  6 19     0.08958852
1924  6 20     0.08553138
1924  6 21     0.08164212
1924  6 22     0.07816770
1924  6 23     0.07529150
1924  6 24     0.07266267
1924  6 25     0.07032975
1924  6 26     0.06820287
1924  6 27     0.06597836
1924  6 28     0.06360267
1924  6 29     0.06104971
1924  6 30     0.05868872
1924  7  1     0.05653343
1924  7  2     0.05442192
1924  7  3     0.05262263
1924  7  4     0.05135484
1924  7  5     0.05017637
1924  7  6     0.04902126
1924  7  7     0.04804925
1924  7  8     0.04677550
1924  7  9     0.04516698
1924  7 10     0.04364140
1924  7 11     0.04247292
1924  7 12     0.04144929
1924  7 13     0.04042887
1924  7 14     0.03938732
1924  7 15     0.03826451
1924  7 16     0.03720080
1924  7 17     0.03615857
1924  7 18     0.03511086
1924  7 19     0.03401467
1924  7 20     0.03296137
1924  7 21     0.03167341
1924  7 22     0.03043025
1924  7 23     0.02962740
1924  7 24     0.02882427
1924  7 25     0.02782369
1924  7 26     0.02675353
1924  7 27     0.02598056
1924  7 28     0.02535394
1924  7 29     0.02489455
1924  7 30     0.02450195
1924  7 31     0.02384462
1924  8  1     0.02335859
1924  8  2     0.02299337
1924  8  3     0.02250785
1924  8  4     0.02174312
1924  8  5     0.02073549
1924  8  6     0.01996282
1924  8  7     0.01942637
1924  8  8     0.01901335
1924  8  9     0.01852856
1924  8 10     0.01781598
1924  8 11     0.01698327
1924  8 12     0.01604359
1924  8 13     0.01546372
1924  8 14     0.01548613
1924  8 15     0.01538702
1924  8 16     0.01528319
1924  8 17     0.01529835
1924  8 18     0.01514234
1924  8 19     0.01472179
1924  8 20     0.01417466
1924  8 21     0.01337037
1924  8 22     0.01255588
1924  8 23     0.01722058
1924  8 24     0.01552380
1924  8 25     0.01055386
1924  8 26     0.01007013
1924  8 27     0.00976038
1924  8 28     0.00950069
1924  8 29     0.00928736
1924  8 30     0.00913169
1924  8 31     0.00900348
1924  9  1     0.00867351
1924  9  2     0.00836119
1924  9  3     0.00816944
1924  9  4     0.00789964
1924  9  5     0.00766072
1924  9  6     0.00740539
1924  9  7     0.00719453
1924  9  8     0.00716042
1924  9  9     0.00717783
1924  9 10     0.00700337
1924  9 11     0.00664246
1924  9 12     0.00632692
1924  9 13     0.00613315
1924  9 14     0.01450716
1924  9 15     0.04781418
1924  9 16     0.03485242
1924  9 17     0.00556338
1924  9 18     0.00548287
1924  9 19     0.00546209
1924  9 20     0.00556889
1924  9 21     0.00546560
1924  9 22     0.00510554
1924  9 23     0.00501530
1924  9 24     0.00507199
1924  9 25     0.00508142
1924  9 26     0.00490269
1924  9 27     0.00453313
1924  9 28     0.00420614
1924  9 29     0.00404865
1924  9 30     0.00393765
1924 10  1     0.00385710
1924 10  2     0.00376196
1924 10  3     0.00366138
1924 10  4     0.00358999
1924 10  5     0.68549183
1924 10  6     1.82818572
1924 10  7     0.94999223
1924 10  8     0.04237022
1924 10  9     0.01196031
1924 10 10     0.07674897
1924 10 11     0.03619246
1924 10 12     0.02285864
1924 10 13     0.05308284
1924 10 14     0.07767195
1924 10 15     0.08091843
1924 10 16     0.44519844
1924 10 17     0.20494542
1924 10 18     0.04883577
1924 10 19     0.09143321
1924 10 20     0.12062143
1924 10 21     0.09885760
1924 10 22     0.07655931
1924 10 23     0.09640942
1924 10 24     0.10357103
1924 10 25     0.11403178
1924 10 26     0.10957330
1924 10 27     0.90249612
1924 10 28     3.15021056
1924 10 29     3.49474330
1924 10 30     0.97026455
1924 10 31     0.38457002
1924 11  1     0.31302673
1924 11  2     0.35477320
1924 11  3     0.44713030
1924 11  4     1.03840433
1924 11  5     1.00404533
1924 11  6     0.40576805
1924 11  7     0.25677024
1924 11  8     0.24567775
1924 11  9     7.69729616
1924 11 10     5.89251806
1924 11 11     1.42304733
1924 11 12     0.91976561
1924 11 13     0.64433212
1924 11 14     0.46662750
1924 11 15     0.35409983
1924 11 16     0.28423687
1924 11 17     0.23887656
1924 11 18     0.20398671
1924 11 19     0.21087569
1924 11 20     0.21558721
1924 11 21     0.24828336
1924 11 22     0.28355597
1924 11 23     0.21761068
1924 11 24     0.15406363
1924 11 25     0.13436457
1924 11 26     0.12949837
1924 11 27     0.11810764
1924 11 28     0.11983207
1924 11 29     0.12752993
1924 11 30     0.11407874
1924 12  1     0.08637977
1924 12  2     0.24167772
1924 12  3     0.11554882
1924 12  4     0.20831240
1924 12  5     0.41033500
1924 12  6     0.38280103
1924 12  7     0.13475161
1924 12  8     1.16426247
1924 12  9     0.42195296
1924 12 10     0.07458848
1924 12 11     0.06347956
1924 12 12     0.05633281
1924 12 13     0.05002749
1924 12 14     0.04272015
1924 12 15     0.03765967
1924 12 16     0.37698504
1924 12 17     0.28867512
1924 12 18     0.05075501
1924 12 19     0.02812751
1924 12 20     0.02629057
1924 12 21     0.54858150
1924 12 22     1.07808559
1924 12 23     0.45327031
1924 12 24     0.14054707
1924 12 25     0.12462117
1924 12 26     0.10416563
1924 12 27     0.09056408
1924 12 28     0.22454926
1924 12 29     0.14247154
1924 12 30     3.15698842
1924 12 31     1.91871782
1925  1  1     0.55027313
1925  1  2     0.43612124
1925  1  3     0.33250675
1925  1  4     0.27375644
1925  1  5     0.23095931
1925  1  6     0.19973857
1925  1  7     0.17821634
1925  1  8     0.16738968
1925  1  9     0.15218935
1925  1 10     0.13921544
1925  1 11     0.12919044
1925  1 12     0.12081666
1925  1 13     0.12973780
1925  1 14     1.38639417
1925  1 15     0.70961188
1925  1 16     0.24718057
1925  1 17     0.22090213
1925  1 18     0.19128560
1925  1 19     0.18972103
1925  1 20     0.17820794
1925  1 21     0.17876506
1925  1 22     0.19320451
1925  1 23     0.93473719
1925  1 24     2.49601303
1925  1 25     4.54589402
1925  1 26     2.36368055
1925  1 27     0.95595061
1925  1 28     0.77231471
1925  1 29     0.69505515
1925  1 30     0.65165203
1925  1 31     0.55579956
1925  2  1     0.47229973
1925  2  2     0.46756128
1925  2  3     0.46760718
1925  2  4     3.28009506
1925  2  5    12.79466245
1925  2  6    26.78830279
1925  2  7    16.48212943
1925  2  8     7.86763070
1925  2  9     5.15382844
1925  2 10     3.20930219
1925  2 11     2.82149408
1925  2 12     8.22750120
1925  2 13     8.94721121
1925  2 14     3.93780466
1925  2 15     2.32766755
1925  2 16     1.99140140
1925  2 17     1.73501970
1925  2 18     1.54731466
1925  2 19     1.41197133
1925  2 20     3.25229334
1925  2 21     5.05833113
1925  2 22     2.37273687
1925  2 23     4.86448397
1925  2 24     2.83073923
1925  2 25     1.63129646
1925  2 26     1.57326509
1925  2 27     1.54626557
1925  2 28     1.50347508
1925  3  1     1.55546431
1925  3  2     1.64405533
1925  3  3     1.92172426
1925  3  4     2.28439600
1925  3  5     2.23753417
1925  3  6     3.54876476
1925  3  7     2.93067861
1925  3  8     1.75637067
1925  3  9     1.77573555
1925  3 10     3.35948360
1925  3 11     1.54526099
1925  3 12     1.02394438
1925  3 13     0.97841967
1925  3 14     1.07854671
1925  3 15     1.38247486
1925  3 16     1.63607039
1925  3 17     1.54775819
1925  3 18     1.64694369
1925  3 19     2.08659831
1925  3 20     2.43419169
1925  3 21     3.29329478
1925  3 22     3.77427850
1925  3 23     3.46078524
1925  3 24     3.34187261
1925  3 25     3.26074616
1925  3 26     3.10110777
1925  3 27     3.13288257
1925  3 28     4.45384891
1925  3 29    10.68330445
1925  3 30     5.59114834
1925  3 31     5.34193465
1925  4  1     2.49239681
1925  4  2     1.71774982
1925  4  3     2.27746220
1925  4  4     6.62512467
1925  4  5     3.70900870
1925  4  6     2.12247248
1925  4  7     1.99612619
1925  4  8     2.49107260
1925  4  9     3.39832013
1925  4 10     3.87754780
1925  4 11     6.00529387
1925  4 12     5.35510568
1925  4 13     4.44060406
1925  4 14     4.86924740
1925  4 15     5.21708295
1925  4 16     7.93788938
1925  4 17     7.30596942
1925  4 18     3.71041804
1925  4 19     2.98856795
1925  4 20     3.48767809
1925  4 21     2.42567438
1925  4 22     2.82084197
1925  4 23     1.94693658
1925  4 24     1.99298587
1925  4 25     2.58693719
1925  4 26     3.51415708
1925  4 27     4.10265812
1925  4 28     4.19132045
1925  4 29     4.34830940
1925  4 30     4.09002100
1925  5  1     4.11625149
1925  5  2     4.96690581
1925  5  3     5.84605988
1925  5  4     6.36763623
1925  5  5     6.34268502
1925  5  6     6.01331984
1925  5  7     5.40473829
1925  5  8     4.41356925
1925  5  9     3.46673995
1925  5 10     2.80024801
1925  5 11     2.77897607
1925  5 12     3.00938370
1925  5 13     4.74120310
1925  5 14     3.93210087
1925  5 15     3.22551608
1925  5 16     4.42534793
1925  5 17     4.44600794
1925  5 18     4.24529105
1925  5 19     4.00708502
1925  5 20     6.90446934
1925  5 21     5.79926385
1925  5 22     4.01448918
1925  5 23     4.36072242
1925  5 24     4.70872287
1925  5 25     5.02454970
1925  5 26     5.25458147
1925  5 27     5.41687305
1925  5 28     5.33997842
1925  5 29     4.91357817
1925  5 30     4.22771817
1925  5 31     3.42372740
1925  6  1     3.20525452
1925  6  2     2.67873730
1925  6  3     2.86763302
1925  6  4     2.37083730
1925  6  5     2.09890835
1925  6  6     2.14065423
1925  6  7     2.58948374
1925  6  8     3.34669233
1925  6  9     3.62844514
1925  6 10     3.55088083
1925  6 11     3.77932670
1925  6 12     4.31349575
1925  6 13     4.40374541
1925  6 14     4.05955614
1925  6 15     3.60347089
1925  6 16     3.50413067
1925  6 17     3.65185009
1925  6 18     3.62943908
1925  6 19     3.64867049
1925  6 20     3.49308174
1925  6 21     3.15254906
1925  6 22     2.98095572
1925  6 23     2.97579090
1925  6 24     3.08522552
1925  6 25     3.05620548
1925  6 26     2.78139941
1925  6 27     2.49642150
1925  6 28     2.28937827
1925  6 29     1.94460287
1925  6 30     1.55981497
1925  7  1     1.30004928
1925  7  2     1.20009768
1925  7  3     0.97385045
1925  7  4     0.97553751
1925  7  5     0.81385574
1925  7  6     0.65941782
1925  7  7     0.61374869
1925  7  8     0.52615470
1925  7  9     0.49526813
1925  7 10     0.46608996
1925  7 11     0.43436073
1925  7 12     0.39908955
1925  7 13     0.36615829
1925  7 14     0.32868575
1925  7 15     0.34229758
1925  7 16     0.32529313
1925  7 17     0.28219751
1925  7 18     0.50190931
1925  7 19     0.66764456
1925  7 20     0.57092315
1925  7 21     0.43649163
1925  7 22     0.29799749
1925  7 23     0.27636211
1925  7 24     0.24904706
1925  7 25     0.22916698
1925  7 26     0.21364256
1925  7 27     0.20156719
1925  7 28     0.19176880
1925  7 29     0.18326622
1925  7 30     0.19430678
1925  7 31     0.19278918
1925  8  1     0.23878081
1925  8  2     0.29928867
1925  8  3     0.24095220
1925  8  4     0.16631900
1925  8  5     0.15664210
1925  8  6     0.14881766
1925  8  7     0.14258481
1925  8  8     0.14367969
1925  8  9     0.38546084
1925  8 10     0.89265330
1925  8 11     0.63857107
1925  8 12     0.25879192
1925  8 13     0.20799879
1925  8 14     0.18115248
1925  8 15     0.15835364
1925  8 16     0.14304112
1925  8 17     0.13218111
1925  8 18     0.12411134
1925  8 19     0.11763499
1925  8 20     0.11215328
1925  8 21     0.10759265
1925  8 22     0.10391660
1925  8 23     0.10069583
1925  8 24     0.09732027
1925  8 25     0.09333840
1925  8 26     0.08955846
1925  8 27     0.08695881
1925  8 28     0.08486853
1925  8 29     0.08255814
1925  8 30     0.08015167
1925  8 31     0.07786338
1925  9  1     0.07583997
1925  9  2     0.08775054
1925  9  3     0.08716458
1925  9  4     0.07609397
1925  9  5     0.07412031
1925  9  6     0.07279541
1925  9  7     0.45171989
1925  9  8     0.37864770
1925  9  9     0.10235688
1925  9 10     0.07139168
1925  9 11     0.06915097
1925  9 12     0.08222070
1925  9 13     0.07745880
1925  9 14     0.05959243
1925  9 15     0.05754889
1925  9 16     0.05762711
1925  9 17     0.05588129
1925  9 18     0.24465645
1925  9 19     0.19831221
1925  9 20     0.06274403
1925  9 21     0.06637583
1925  9 22     0.05859845
1925  9 23     0.05309258
1925  9 24     0.04957564
1925  9 25     0.04703550
1925  9 26     0.04548813
1925  9 27     0.04606250
1925  9 28     0.08720713
1925  9 29     0.08671503
1925  9 30     0.04208353
1925 10  1     0.04035805
1925 10  2     0.03927809
1925 10  3     0.03848376
1925 10  4     0.03760162
1925 10  5     0.90175094
1925 10  6     1.74761697
1925 10  7     1.01539706
1925 10  8     0.29590323
1925 10  9     0.24154958
1925 10 10     0.36098288
1925 10 11     1.16062134
1925 10 12     1.20660365
1925 10 13     0.86420022
1925 10 14     0.78993033
1925 10 15     0.52950593
1925 10 16     0.43358814
1925 10 17     0.47262036
1925 10 18     0.45537056
1925 10 19     0.41122766
1925 10 20     0.40230558
1925 10 21     0.37762807
1925 10 22     0.33685092
1925 10 23     0.28259761
1925 10 24     0.21499064
1925 10 25     0.18476139
1925 10 26     0.16632414
1925 10 27     0.13547109
1925 10 28     0.10717392
1925 10 29     0.08393143
1925 10 30     0.07230247
1925 10 31     0.06287946
1925 11  1     0.06421448
1925 11  2     0.27987115
1925 11  3     0.53900051
1925 11  4     0.25972232
1925 11  5     0.07539496
1925 11  6     0.05518970
1925 11  7     0.06178612
1925 11  8     0.11279381
1925 11  9     0.14124532
1925 11 10     0.14273896
1925 11 11     1.66250403
1925 11 12     1.36542271
1925 11 13     0.52244680
1925 11 14     0.39111185
1925 11 15     0.22315579
1925 11 16     0.17855774
1925 11 17     0.13837151
1925 11 18     0.11707359
1925 11 19     0.11105738
1925 11 20     0.09781760
1925 11 21     0.08216559
1925 11 22     0.08516855
1925 11 23     0.11036767
1925 11 24     0.10559209
1925 11 25     0.09224732
1925 11 26     0.09838106
1925 11 27     0.11799048
1925 11 28     0.10727995
1925 11 29     0.08812153
1925 11 30     1.15831053
1925 12  1     1.77338597
1925 12  2     3.81578731
1925 12  3     2.37318585
1925 12  4     0.69098191
1925 12  5     0.51648271
1925 12  6     0.38260792
1925 12  7     0.29038002
1925 12  8     0.22126703
1925 12  9     0.17382765
1925 12 10     0.14075789
1925 12 11     0.11663639
1925 12 12     0.09948623
1925 12 13     0.08503483
1925 12 14     0.07337513
1925 12 15     0.06411390
1925 12 16     0.05647304
1925 12 17     0.05098888
1925 12 18     1.10925109
1925 12 19     0.50395338
1925 12 20     0.10474085
1925 12 21     0.06517317
1925 12 22     0.05362206
1925 12 23     0.04781402
1925 12 24     0.04289048
1925 12 25     0.04163723
1925 12 26     0.03908717
1925 12 27     0.03866817
1925 12 28     0.03985081
1925 12 29     0.03414633
1925 12 30     0.03202086
1925 12 31     0.03089488
1926  1  1     0.03006973
1926  1  2     0.02708164
1926  1  3     0.02589479
1926  1  4     0.02500289
1926  1  5     0.02870470
1926  1  6     0.02903388
1926  1  7     0.03049833
1926  1  8     0.03122706
1926  1  9     0.03633984
1926  1 10     0.03480084
1926  1 11     0.03145940
1926  1 12     0.03405543
1926  1 13     0.03816689
1926  1 14     0.03257258
1926  1 15     0.02946619
1926  1 16     0.03798423
1926  1 17     0.31784463
1926  1 18     0.29846273
1926  1 19     0.08729939
1926  1 20     0.06784742
1926  1 21     0.05019026
1926  1 22     0.05061092
1926  1 23     0.05882705
1926  1 24     0.04503444
1926  1 25     0.03524000
1926  1 26     0.03884233
1926  1 27     0.04813635
1926  1 28     0.70391152
1926  1 29     6.79264952
1926  1 30     4.53556161
1926  1 31     6.23267249
1926  2  1     4.95907312
1926  2  2     2.11297486
1926  2  3     3.72576693
1926  2  4     4.19342453
1926  2  5     2.17434718
1926  2  6     1.15365099
1926  2  7     1.00317648
1926  2  8     1.00541815
1926  2  9     1.17036299
1926  2 10     4.23289206
1926  2 11     3.24581969
1926  2 12     5.07903453
1926  2 13     4.16940119
1926  2 14     5.10895146
1926  2 15     2.88968171
1926  2 16     2.24584622
1926  2 17     1.41345694
1926  2 18     1.06882360
1926  2 19     0.99246483
1926  2 20     2.58768903
1926  2 21     1.52143984
1926  2 22     0.92371538
1926  2 23     0.83036681
1926  2 24     0.76922414
1926  2 25     0.84778738
1926  2 26     1.04349264
1926  2 27     1.47547174
1926  2 28     1.76216420
1926  3  1     1.72485267
1926  3  2     1.65951513
1926  3  3     1.55983299
1926  3  4     1.35661466
1926  3  5     1.28015911
1926  3  6     1.15025798
1926  3  7     1.12798460
1926  3  8     1.55043009
1926  3  9     1.29302106
1926  3 10     0.87063276
1926  3 11     0.71067723
1926  3 12     0.93788064
1926  3 13     1.24881562
1926  3 14     1.67913412
1926  3 15     2.08504542
1926  3 16     2.03697000
1926  3 17     1.83092326
1926  3 18     1.28105069
1926  3 19     1.62252746
1926  3 20     1.69031884
1926  3 21     1.18278192
1926  3 22     1.67241122
1926  3 23     2.28165185
1926  3 24     2.77199524
1926  3 25     2.66527170
1926  3 26     2.03874896
1926  3 27     1.63892820
1926  3 28     1.51708954
1926  3 29     1.40221130
1926  3 30     1.51692691
1926  3 31     1.57619607
1926  4  1     1.19538538
1926  4  2     0.85714826
1926  4  3     1.02092225
1926  4  4     2.39581606
1926  4  5     8.54146116
1926  4  6    11.10322471
1926  4  7     8.41245983
1926  4  8    10.17107559
1926  4  9     4.73298282
1926  4 10     2.47211664
1926  4 11     2.25164904
1926  4 12     2.88568375
1926  4 13     3.43620577
1926  4 14     3.41628771
1926  4 15     3.63419429
1926  4 16     3.81818889
1926  4 17     3.85412675
1926  4 18     3.65261197
1926  4 19     4.02501020
1926  4 20     3.86158409
1926  4 21     3.19361736
1926  4 22     3.31328659
1926  4 23     3.45952451
1926  4 24     4.03763080
1926  4 25     4.71178793
1926  4 26     4.59159966
1926  4 27     4.32962507
1926  4 28     4.06305499
1926  4 29     3.88479653
1926  4 30     4.10326248
1926  5  1     3.61005918
1926  5  2     3.33324429
1926  5  3     3.47757370
1926  5  4     3.33766401
1926  5  5     4.80760845
1926  5  6     3.61031885
1926  5  7     1.65362926
1926  5  8     1.34176710
1926  5  9     1.11340795
1926  5 10     1.19361288
1926  5 11     1.67274638
1926  5 12     2.12212955
1926  5 13     2.33405554
1926  5 14     2.48428962
1926  5 15     2.68534776
1926  5 16     2.97551925
1926  5 17     3.14870525
1926  5 18     3.28632367
1926  5 19     3.48610384
1926  5 20     3.48001047
1926  5 21     3.37698828
1926  5 22     3.31517798
1926  5 23     2.86856521
1926  5 24     2.04974094
1926  5 25     1.71419083
1926  5 26     1.85205179
1926  5 27     1.79596066
1926  5 28     1.85428504
1926  5 29     1.92374834
1926  5 30     1.99945432
1926  5 31     2.10707772
1926  6  1     2.09791134
1926  6  2     2.09069728
1926  6  3     2.03368665
1926  6  4     1.80539136
1926  6  5     1.60560120
1926  6  6     1.44799929
1926  6  7     1.28928303
1926  6  8     1.91495726
1926  6  9     2.17370170
1926  6 10     1.41334842
1926  6 11     0.93308420
1926  6 12     0.78208888
1926  6 13     0.61633010
1926  6 14     0.51091329
1926  6 15     0.44988409
1926  6 16     0.40509153
1926  6 17     0.37639299
1926  6 18     0.35465020
1926  6 19     0.32466218
1926  6 20     0.29726015
1926  6 21     0.27777260
1926  6 22     0.25848411
1926  6 23     0.24085271
1926  6 24     0.22202811
1926  6 25     0.29126870
1926  6 26     0.28194884
1926  6 27     0.18774725
1926  6 28     0.19540061
1926  6 29     0.21909474
1926  6 30     0.19721617
1926  7  1     0.15977100
1926  7  2     0.15414967
1926  7  3     0.14769894
1926  7  4     0.14194347
1926  7  5     0.23658938
1926  7  6     0.25772545
1926  7  7     0.16612528
1926  7  8     0.42224344
1926  7  9     0.39706479
1926  7 10     0.27946595
1926  7 11     0.44428323
1926  7 12     0.41968200
1926  7 13     0.27491914
1926  7 14     0.23083831
1926  7 15     0.15658948
1926  7 16     0.16119129
1926  7 17     0.16094254
1926  7 18     0.13459496
1926  7 19     0.11499565
1926  7 20     0.10786631
1926  7 21     0.10173331
1926  7 22     0.09692564
1926  7 23     0.09270273
1926  7 24     0.08859362
1926  7 25     0.08510037
1926  7 26     0.08233208
1926  7 27     0.07990392
1926  7 28     0.07780580
1926  7 29     0.07511334
1926  7 30     0.07191509
1926  7 31     0.06921139
1926  8  1     0.06672139
1926  8  2     0.06457991
1926  8  3     0.06269099
1926  8  4     0.06085353
1926  8  5     0.05921667
1926  8  6     0.05793315
1926  8  7     0.05668074
1926  8  8     0.05532710
1926  8  9     0.05418980
1926  8 10     0.05291133
1926  8 11     0.05155404
1926  8 12     0.04998174
1926  8 13     0.04816422
1926  8 14     0.04629350
1926  8 15     0.04441201
1926  8 16     0.04321117
1926  8 17     0.04263622
1926  8 18     0.04206532
1926  8 19     0.04033270
1926  8 20     0.03868532
1926  8 21     0.03770742
1926  8 22     0.03656669
1926  8 23     0.03505378
1926  8 24     0.03359424
1926  8 25     0.03239027
1926  8 26     0.03183938
1926  8 27     0.03288620
1926  8 28     0.03294502
1926  8 29     0.03224273
1926  8 30     0.03252354
1926  8 31     0.03217758
1926  9  1     0.03035926
1926  9  2     0.02851040
1926  9  3     0.02732537
1926  9  4     0.02677317
1926  9  5     0.02612725
1926  9  6     0.02508462
1926  9  7     0.02434850
1926  9  8     0.02363478
1926  9  9     0.02303585
1926  9 10     0.02245273
1926  9 11     0.02219484
1926  9 12     0.02212483
1926  9 13     0.02152743
1926  9 14     0.02158761
1926  9 15     0.02121831
1926  9 16     0.02045674
1926  9 17     0.02061179
1926  9 18     0.02060281
1926  9 19     0.01974920
1926  9 20     0.01880438
1926  9 21     0.01891783
1926  9 22     0.01839584
1926  9 23     0.01706149
1926  9 24     0.01646413
1926  9 25     0.01653598
1926  9 26     0.01644125
1926  9 27     0.01591695
1926  9 28     0.01494419
1926  9 29     0.01522859
1926  9 30     0.01629023
1926 10  1     0.06841231
1926 10  2     0.10533364
1926 10  3     0.06010587
1926 10  4     0.01395488
1926 10  5     0.01282389
1926 10  6     0.01198951
1926 10  7     0.01183806
1926 10  8     0.01334170
1926 10  9     0.01428205
1926 10 10     0.15609622
1926 10 11     0.11841322
1926 10 12     0.02926305
1926 10 13     0.01087393
1926 10 14     0.01047848
1926 10 15     0.00987869
1926 10 16     0.00859963
1926 10 17     0.00838979
1926 10 18     0.00864233
1926 10 19     0.00942499
1926 10 20     0.08152757
1926 10 21     0.18268570
1926 10 22     0.10975880
1926 10 23     0.00950035
1926 10 24     0.00902561
1926 10 25     0.00828304
1926 10 26     0.00757604
1926 10 27     0.00735434
1926 10 28     0.00753822
1926 10 29     0.00821209
1926 10 30     0.00912160
1926 10 31     0.00894302
1926 11  1     0.00826498
1926 11  2     0.00787466
1926 11  3     0.00744252
1926 11  4     0.00706963
1926 11  5     0.00661647
1926 11  6     0.00622668
1926 11  7     0.00624994
1926 11  8     0.00631271
1926 11  9     0.00621143
1926 11 10     0.00612228
1926 11 11     0.39576451
1926 11 12     1.61107822
1926 11 13     0.89034574
1926 11 14     0.20259209
1926 11 15     0.01745892
1926 11 16     0.03616068
1926 11 17     0.04572985
1926 11 18     0.03738683
1926 11 19     1.66024425
1926 11 20     1.30844211
1926 11 21     0.37728948
1926 11 22     3.27633013
1926 11 23     3.30675649
1926 11 24    10.29154500
1926 11 25     7.85048681
1926 11 26     6.59113276
1926 11 27     6.41615089
1926 11 28     2.74877714
1926 11 29     3.34458864
1926 11 30     2.51962190
1926 12  1     1.25245853
1926 12  2     1.05147974
1926 12  3     1.61013217
1926 12  4     1.42198974
1926 12  5     0.76875103
1926 12  6     1.81623007
1926 12  7     1.35014362
1926 12  8     0.65227129
1926 12  9     0.65586290
1926 12 10     0.53230678
1926 12 11     0.39996181
1926 12 12     0.36248132
1926 12 13     0.30172195
1926 12 14     0.25511854
1926 12 15     0.22578568
1926 12 16     0.20082635
1926 12 17     0.18121539
1926 12 18     0.38385011
1926 12 19     0.25764066
1926 12 20     0.16607841
1926 12 21     0.83846081
1926 12 22     0.33632342
1926 12 23     0.19819003
1926 12 24     0.14767216
1926 12 25     0.17386808
1926 12 26     0.12953351
1926 12 27     0.11817391
1926 12 28     0.11220605
1926 12 29     0.10833966
1926 12 30     0.10608215
1926 12 31     0.10324299
1927  1  1     0.10656802
1927  1  2     0.10161192
1927  1  3     0.11019260
1927  1  4     0.12385568
1927  1  5     0.14713450
1927  1  6     6.78435836
1927  1  7     5.08507501
1927  1  8     1.34199227
1927  1  9     1.07656601
1927  1 10     4.50365929
1927  1 11     3.06362269
1927  1 12     1.13032693
1927  1 13     0.92278737
1927  1 14     0.73692732
1927  1 15     0.72860644
1927  1 16     2.55054015
1927  1 17     1.84157351
1927  1 18     0.76767663
1927  1 19     0.66196731
1927  1 20     4.54864207
1927  1 21     2.68529186
1927  1 22     0.97302498
1927  1 23     0.78403879
1927  1 24     0.64244331
1927  1 25     0.54523887
1927  1 26     1.30324904
1927  1 27     1.02280097
1927  1 28     1.29009735
1927  1 29     0.95863256
1927  1 30     0.59577375
1927  1 31     0.52411384
1927  2  1     0.45953562
1927  2  2     2.14461068
1927  2  3     4.05506188
1927  2  4     4.16674636
1927  2  5     1.63810531
1927  2  6     1.06434882
1927  2  7     0.82458614
1927  2  8     0.67513150
1927  2  9     0.61612142
1927  2 10     0.55930448
1927  2 11     0.52134408
1927  2 12     0.48787107
1927  2 13     0.47136761
1927  2 14     3.68600734
1927  2 15     5.99980456
1927  2 16     4.44851569
1927  2 17     3.45542436
1927  2 18    13.10399892
1927  2 19     7.52716470
1927  2 20     3.49895617
1927  2 21    10.80970872
1927  2 22     8.92789624
1927  2 23     4.34160611
1927  2 24     6.51045551
1927  2 25     5.50681526
1927  2 26     3.46964819
1927  2 27     2.88148982
1927  2 28     2.30783775
1927  3  1     2.13595652
1927  3  2     1.99099590
1927  3  3     1.97286570
1927  3  4     1.78787402
1927  3  5     1.58594532
1927  3  6     1.56930284
1927  3  7     1.60411255
1927  3  8     3.48468290
1927  3  9     3.19418709
1927  3 10     1.63153514
1927  3 11     1.48014690
1927  3 12     1.62671824
1927  3 13     1.67711382
1927  3 14     3.80314574
1927  3 15     2.01929647
1927  3 16     1.25432748
1927  3 17     1.14634068
1927  3 18     1.05672256
1927  3 19     0.98292206
1927  3 20     1.00249176
1927  3 21     1.34954933
1927  3 22     2.21316174
1927  3 23     2.83754380
1927  3 24     3.11657414
1927  3 25     3.01066186
1927  3 26     2.54167854
1927  3 27     1.87657756
1927  3 28     1.40173677
1927  3 29     2.94074751
1927  3 30     3.23140369
1927  3 31     4.01235305
1927  4  1    12.48371621
1927  4  2    10.08523485
1927  4  3    11.62090387
1927  4  4     5.94918560
1927  4  5     3.52998002
1927  4  6     3.34451989
1927  4  7     2.87931525
1927  4  8     2.31602716
1927  4  9     2.09035143
1927  4 10     1.68312379
1927  4 11     1.53156079
1927  4 12     1.37799593
1927  4 13     1.38158363
1927  4 14     1.51394300
1927  4 15     2.42076334
1927  4 16     2.29236380
1927  4 17     1.50295494
1927  4 18     1.62522331
1927  4 19     1.87641843
1927  4 20     2.38402069
1927  4 21     3.43666332
1927  4 22     4.21264541
1927  4 23     5.00519109
1927  4 24     5.78951244
1927  4 25     6.03610195
1927  4 26     6.03301084
1927  4 27     5.27030960
1927  4 28     4.56019126
1927  4 29     4.56816496
1927  4 30     4.31678191
1927  5  1     4.03946936
1927  5  2     4.43820137
1927  5  3     4.85977324
1927  5  4     5.07748120
1927  5  5     4.94809656
1927  5  6     3.95463402
1927  5  7     3.14593512
1927  5  8     2.09521829
1927  5  9     1.82782172
1927  5 10     2.36806389
1927  5 11     3.40316456
1927  5 12     4.80342323
1927  5 13     6.00316310
1927  5 14     6.60252263
1927  5 15     7.02751366
1927  5 16     7.12919938
1927  5 17     6.44702844
1927  5 18     5.58759614
1927  5 19     4.79101264
1927  5 20     3.27139634
1927  5 21     2.00781091
1927  5 22     1.96499232
1927  5 23     2.71003516
1927  5 24     3.95874753
1927  5 25     4.60845218
1927  5 26     4.24678588
1927  5 27     4.21116959
1927  5 28     3.30090758
1927  5 29     2.18286301
1927  5 30     1.96366002
1927  5 31     2.30678485
1927  6  1     3.17001139
1927  6  2     4.47822229
1927  6  3     4.65834851
1927  6  4     4.66044271
1927  6  5     5.18616097
1927  6  6     5.62570730
1927  6  7     6.29999257
1927  6  8     5.38731069
1927  6  9     4.55085263
1927  6 10     4.79864060
1927  6 11     4.95279879
1927  6 12     5.20801118
1927  6 13     5.73918115
1927  6 14     5.59108031
1927  6 15     4.93153872
1927  6 16     4.51471416
1927  6 17     4.00043220
1927  6 18     3.49739716
1927  6 19     3.05739382
1927  6 20     2.58322092
1927  6 21     2.19610877
1927  6 22     2.06184056
1927  6 23     1.92366720
1927  6 24     1.61337324
1927  6 25     1.19219928
1927  6 26     0.93702725
1927  6 27     0.79206528
1927  6 28     0.70813986
1927  6 29     0.62704336
1927  6 30     0.56288481
1927  7  1     0.52805410
1927  7  2     0.48194609
1927  7  3     0.44899663
1927  7  4     0.41593863
1927  7  5     0.38556316
1927  7  6     0.35499570
1927  7  7     0.32442113
1927  7  8     0.30380217
1927  7  9     0.28753369
1927  7 10     0.27192589
1927  7 11     0.25767940
1927  7 12     0.24535098
1927  7 13     0.23466749
1927  7 14     0.22504489
1927  7 15     0.21666055
1927  7 16     0.20901642
1927  7 17     0.20173080
1927  7 18     0.19472916
1927  7 19     0.18809258
1927  7 20     0.18175653
1927  7 21     0.19371038
1927  7 22     0.30426518
1927  7 23     0.27504045
1927  7 24     0.16232374
1927  7 25     0.15789111
1927  7 26     0.15436554
1927  7 27     0.17003442
1927  7 28     0.16587175
1927  7 29     0.14257855
1927  7 30     0.13947014
1927  7 31     0.13633025
1927  8  1     0.13281764
1927  8  2     0.12957990
1927  8  3     0.12636774
1927  8  4     0.12307514
1927  8  5     0.11979077
1927  8  6     0.11659721
1927  8  7     0.11405525
1927  8  8     0.11188624
1927  8  9     0.10961145
1927  8 10     0.10699888
1927  8 11     0.10481494
1927  8 12     0.10296050
1927  8 13     0.10112910
1927  8 14     0.09943111
1927  8 15     0.09687945
1927  8 16     0.09359667
1927  8 17     0.09084136
1927  8 18     0.14581996
1927  8 19     0.12990081
1927  8 20     0.08527296
1927  8 21     0.08315560
1927  8 22     0.08152676
1927  8 23     0.07991849
1927  8 24     0.07843572
1927  8 25     0.07664285
1927  8 26     0.07532652
1927  8 27     0.07460490
1927  8 28     0.07267110
1927  8 29     0.07148625
1927  8 30     0.07079267
1927  8 31     0.06885825
1927  9  1     0.06670078
1927  9  2     0.06463097
1927  9  3     0.26948774
1927  9  4     0.24959554
1927  9  5     0.08081673
1927  9  6     0.06033659
1927  9  7     0.06013611
1927  9  8     0.06007414
1927  9  9     0.05955650
1927  9 10     0.05852580
1927  9 11     0.05619397
1927  9 12     0.05482693
1927  9 13     0.05479876
1927  9 14     0.05432300
1927  9 15     0.05281614
1927  9 16     0.16475644
1927  9 17     0.16628978
1927  9 18     0.04724663
1927  9 19     0.04553710
1927  9 20     0.04395706
1927  9 21     0.04332474
1927  9 22     0.04326455
1927  9 23     0.04331597
1927  9 24     0.04326462
1927  9 25     0.04306437
1927  9 26     0.04219321
1927  9 27     0.04069396
1927  9 28     0.03924062
1927  9 29     0.03864787
1927  9 30     0.03963460
1927 10  1     0.03975088
1927 10  2     0.03771103
1927 10  3     0.03625732
1927 10  4     0.03602320
1927 10  5     0.03637025
1927 10  6     0.03678553
1927 10  7     0.03618965
1927 10  8     0.03480862
1927 10  9     0.03307781
1927 10 10     0.03167310
1927 10 11     0.03107640
1927 10 12     0.03009351
1927 10 13     0.02895408
1927 10 14     0.02819905
1927 10 15     0.02756893
1927 10 16     0.02742861
1927 10 17     0.02726052
1927 10 18     0.02645320
1927 10 19     0.02562315
1927 10 20     0.02529206
1927 10 21     0.02535572
1927 10 22     0.02496026
1927 10 23     0.02404874
1927 10 24     0.02389144
1927 10 25     0.48064176
1927 10 26     3.65610273
1927 10 27     9.39771792
1927 10 28     6.48219512
1927 10 29     1.58860015
1927 10 30     2.07817560
1927 10 31     5.11182937
1927 11  1     3.39053618
1927 11  2     1.26912260
1927 11  3     1.07192043
1927 11  4     0.85844005
1927 11  5     0.76644658
1927 11  6     0.93337692
1927 11  7     0.69540257
1927 11  8     0.49143528
1927 11  9     2.41385351
1927 11 10     4.07248586
1927 11 11     2.11853265
1927 11 12     1.92324699
1927 11 13     3.16577498
1927 11 14     1.53004262
1927 11 15     0.70979633
1927 11 16     0.61061572
1927 11 17     0.62890343
1927 11 18     0.64616049
1927 11 19     0.61554690
1927 11 20     0.54284672
1927 11 21     1.87197826
1927 11 22     1.19794149
1927 11 23     0.46063479
1927 11 24     0.37954080
1927 11 25     0.31086833
1927 11 26     0.30451251
1927 11 27     0.29314074
1927 11 28     0.28564631
1927 11 29     0.26262734
1927 11 30     0.23191096
1927 12  1     0.24025207
1927 12  2     0.26536568
1927 12  3     0.29041305
1927 12  4     0.24179120
1927 12  5     0.19452914
1927 12  6     0.16573882
1927 12  7     0.12865398
1927 12  8     0.10983953
1927 12  9     0.34590722
1927 12 10     0.65848950
1927 12 11     0.15774528
1927 12 12     0.07838229
1927 12 13     0.11149389
1927 12 14     1.18402523
1927 12 15     0.52614828
1927 12 16     0.15505097
1927 12 17     0.14314499
1927 12 18     0.12147292
1927 12 19     0.10682354
1927 12 20     0.09660322
1927 12 21     0.08905147
1927 12 22     0.08332535
1927 12 23     0.07855228
1927 12 24     0.07454118
1927 12 25     0.07232928
1927 12 26     0.06987369
1927 12 27     0.06682317
1927 12 28     0.47810770
1927 12 29     5.10633226
1927 12 30     2.39327711
1927 12 31     0.64312623
1928  1  1     0.54889775
1928  1  2     0.45616897
1928  1  3     0.40393718
1928  1  4     0.36473263
1928  1  5     0.33405803
1928  1  6     0.32358264
1928  1  7     0.32443292
1928  1  8     0.33513113
1928  1  9     0.34609886
1928  1 10     0.35150302
1928  1 11     0.37096650
1928  1 12     0.41464060
1928  1 13     0.41389296
1928  1 14     0.40299770
1928  1 15     0.36046351
1928  1 16     0.28482344
1928  1 17     0.22351164
1928  1 18     0.20383537
1928  1 19     0.18970836
1928  1 20     0.18546622
1928  1 21     0.19490983
1928  1 22     0.40718876
1928  1 23     2.78044395
1928  1 24     1.67663781
1928  1 25     0.54827362
1928  1 26     0.46910855
1928  1 27     0.41018063
1928  1 28     0.41537550
1928  1 29     4.86006191
1928  1 30     4.16260655
1928  1 31     1.40700516
1928  2  1     1.13673741
1928  2  2     0.91406114
1928  2  3     3.71931575
1928  2  4     5.48339254
1928  2  5     2.01145629
1928  2  6     0.91541932
1928  2  7     0.79685462
1928  2  8     0.72985206
1928  2  9     0.69743758
1928  2 10     0.63563998
1928  2 11     0.56587649
1928  2 12     0.54397579
1928  2 13     0.52658278
1928  2 14     0.48915310
1928  2 15     0.43828424
1928  2 16     0.43178586
1928  2 17     0.45162774
1928  2 18     0.51772332
1928  2 19     0.60708431
1928  2 20     0.60657091
1928  2 21     0.50027846
1928  2 22     0.47463840
1928  2 23     0.65037088
1928  2 24     0.36693634
1928  2 25     1.46882690
1928  2 26     1.24428393
1928  2 27     0.74051905
1928  2 28     0.72007081
1928  2 29     0.53892107
1928  3  1     0.49320590
1928  3  2     0.93257484
1928  3  3     2.72836695
1928  3  4     1.59167066
1928  3  5     0.74528217
1928  3  6     0.74234887
1928  3  7     0.67602531
1928  3  8     2.50452268
1928  3  9     2.47295383
1928  3 10     1.74287077
1928  3 11     1.55840722
1928  3 12     1.86085150
1928  3 13     1.93745966
1928  3 14     1.88480095
1928  3 15     1.73836187
1928  3 16     1.58519786
1928  3 17     1.80599025
1928  3 18     2.24316724
1928  3 19     2.54527341
1928  3 20     2.69736055
1928  3 21     2.89521504
1928  3 22     4.32527131
1928  3 23    11.69537707
1928  3 24    17.72704554
1928  3 25    36.04892696
1928  3 26    24.00631563
1928  3 27    18.41948742
1928  3 28     9.35402478
1928  3 29     5.14732980
1928  3 30     4.22722173
1928  3 31     3.65842388
1928  4  1     4.76775332
1928  4  2     8.63915255
1928  4  3     4.78448636
1928  4  4     2.74035694
1928  4  5     2.56934769
1928  4  6     3.02268125
1928  4  7     3.65149904
1928  4  8     3.96955983
1928  4  9     3.80287396
1928  4 10     3.37751299
1928  4 11     3.44208781
1928  4 12     5.70542788
1928  4 13     5.05851859
1928  4 14     3.10321253
1928  4 15     3.21337197
1928  4 16     3.12646794
1928  4 17     2.77545309
1928  4 18     2.11861891
1928  4 19     1.65810519
1928  4 20     1.45247733
1928  4 21     1.43307850
1928  4 22     1.98687979
1928  4 23     2.55645278
1928  4 24     2.29840051
1928  4 25     1.90440417
1928  4 26     2.78892256
1928  4 27     3.53888951
1928  4 28     4.00901366
1928  4 29     4.80356935
1928  4 30     5.26066157
1928  5  1     4.92122900
1928  5  2     3.85776887
1928  5  3     3.39309837
1928  5  4     4.26113059
1928  5  5     5.38849209
1928  5  6     5.82382247
1928  5  7     5.76268042
1928  5  8     5.10167282
1928  5  9     4.55452244
1928  5 10     4.75099160
1928  5 11     4.96466118
1928  5 12     5.11218981
1928  5 13     4.97612320
1928  5 14     4.80096338
1928  5 15     5.45562348
1928  5 16     5.37718721
1928  5 17     4.40483086
1928  5 18     4.59032428
1928  5 19     4.99400254
1928  5 20     4.84857026
1928  5 21     4.76317203
1928  5 22     4.70927539
1928  5 23     4.61448856
1928  5 24     4.70342164
1928  5 25     4.82784465
1928  5 26     4.64801162
1928  5 27     4.15109808
1928  5 28     3.79691824
1928  5 29     3.63810328
1928  5 30     3.34396270
1928  5 31     2.87731935
1928  6  1     2.46309418
1928  6  2     2.17105577
1928  6  3     1.93625284
1928  6  4     1.78112440
1928  6  5     1.69343730
1928  6  6     1.55739682
1928  6  7     1.36552551
1928  6  8     1.11298674
1928  6  9     0.91580742
1928  6 10     0.88037374
1928  6 11     1.43176466
1928  6 12     1.17657448
1928  6 13     0.67976159
1928  6 14     0.66925933
1928  6 15     0.62811451
1928  6 16     0.59826650
1928  6 17     0.55258492
1928  6 18     0.56689006
1928  6 19     0.52473922
1928  6 20     0.43998490
1928  6 21     0.40185056
1928  6 22     0.38741456
1928  6 23     0.37249342
1928  6 24     0.36079513
1928  6 25     0.33231119
1928  6 26     0.29900548
1928  6 27     0.28286209
1928  6 28     0.27122399
1928  6 29     0.25997874
1928  6 30     0.24920650
1928  7  1     0.24054643
1928  7  2     0.23205634
1928  7  3     0.22399070
1928  7  4     0.21539290
1928  7  5     0.20741800
1928  7  6     0.20067982
1928  7  7     0.19427519
1928  7  8     0.18821249
1928  7  9     0.18685115
1928  7 10     0.17985367
1928  7 11     0.17160788
1928  7 12     0.16694139
1928  7 13     0.16250732
1928  7 14     0.15804412
1928  7 15     0.15378737
1928  7 16     0.15963409
1928  7 17     0.15340050
1928  7 18     0.14320179
1928  7 19     0.13992695
1928  7 20     0.13679547
1928  7 21     0.13313516
1928  7 22     0.12907439
1928  7 23     0.12490961
1928  7 24     0.12099349
1928  7 25     0.11783020
1928  7 26     0.11522618
1928  7 27     0.12008084
1928  7 28     0.11930514
1928  7 29     0.10755966
1928  7 30     0.10437901
1928  7 31     0.10238156
1928  8  1     0.10080650
1928  8  2     0.09927988
1928  8  3     0.09782427
1928  8  4     0.09582255
1928  8  5     0.09356340
1928  8  6     0.09088326
1928  8  7     0.08762694
1928  8  8     0.08417024
1928  8  9     0.08140418
1928  8 10     0.07924574
1928  8 11     0.07759901
1928  8 12     0.07609317
1928  8 13     0.07416651
1928  8 14     0.07232358
1928  8 15     0.07084863
1928  8 16     0.06944101
1928  8 17     0.06782757
1928  8 18     0.06627033
1928  8 19     0.06432496
1928  8 20     0.06253063
1928  8 21     0.06110086
1928  8 22     0.05926306
1928  8 23     0.05852835
1928  8 24     0.05807112
1928  8 25     0.05737769
1928  8 26     0.05739674
1928  8 27     0.05647981
1928  8 28     0.05468553
1928  8 29     0.05309881
1928  8 30     0.05182146
1928  8 31     0.05035191
1928  9  1     0.04836165
1928  9  2     0.04614907
1928  9  3     0.04422025
1928  9  4     0.04323389
1928  9  5     0.04269857
1928  9  6     0.04187929
1928  9  7     0.04107604
1928  9  8     0.04158363
1928  9  9     0.04181056
1928  9 10     0.04136356
1928  9 11     0.04156036
1928  9 12     0.04142112
1928  9 13     0.04006020
1928  9 14     0.03722444
1928  9 15     0.03451855
1928  9 16     0.03267471
1928  9 17     0.03215084
1928  9 18     0.03213735
1928  9 19     0.03105556
1928  9 20     0.03062980
1928  9 21     0.03024643
1928  9 22     0.02876397
1928  9 23     0.02722576
1928  9 24     0.02672378
1928  9 25     0.02726828
1928  9 26     0.02848273
1928  9 27     0.02983977
1928  9 28     0.02920756
1928  9 29     0.02788440
1928  9 30     0.02717055
1928 10  1     0.03817307
1928 10  2     0.03764157
1928 10  3     0.02856925
1928 10  4     0.02928294
1928 10  5     0.02492715
1928 10  6     0.02324335
1928 10  7     0.02216654
1928 10  8     0.02133982
1928 10  9     0.02052513
1928 10 10     0.02144109
1928 10 11     0.04218084
1928 10 12     0.05128561
1928 10 13     0.04789831
1928 10 14     0.04576097
1928 10 15     0.08179951
1928 10 16     0.14033909
1928 10 17     0.13487792
1928 10 18     0.08276335
1928 10 19     0.05500113
1928 10 20     0.04371252
1928 10 21     0.03279983
1928 10 22     0.02568638
1928 10 23     0.02099554
1928 10 24     0.01834355
1928 10 25     0.01832610
1928 10 26     0.01790948
1928 10 27     0.01734282
1928 10 28     0.01720835
1928 10 29     0.01683953
1928 10 30     0.07135217
1928 10 31     0.05639811
1928 11  1     0.01736731
1928 11  2     0.01586253
1928 11  3     0.57692928
1928 11  4     0.37750986
1928 11  5     0.01498699
1928 11  6     0.29182967
1928 11  7     0.23677184
1928 11  8     0.01610137
1928 11  9     0.01536085
1928 11 10     0.01429560
1928 11 11     0.01431853
1928 11 12     0.04418692
1928 11 13     0.74713413
1928 11 14     1.54244651
1928 11 15     0.35427134
1928 11 16     0.02395405
1928 11 17     0.01870358
1928 11 18     0.02012710
1928 11 19     0.02372568
1928 11 20     0.03058643
1928 11 21     0.03977396
1928 11 22     0.04159004
1928 11 23     0.03663700
1928 11 24     0.03785356
1928 11 25     0.03679554
1928 11 26     0.03439986
1928 11 27     0.02641811
1928 11 28     0.01779112
1928 11 29     0.01607716
1928 11 30     0.01658018
1928 12  1     0.01614875
1928 12  2     0.01528105
1928 12  3     0.65381981
1928 12  4     0.28405478
1928 12  5     0.01723271
1928 12  6     0.01589472
1928 12  7     0.01543733
1928 12  8     0.01555009
1928 12  9     0.22646901
1928 12 10     1.08034758
1928 12 11     0.33774119
1928 12 12     0.33873458
1928 12 13     0.05979757
1928 12 14     0.02034709
1928 12 15     0.01691739
1928 12 16     0.01609509
1928 12 17     0.01532126
1928 12 18     0.01482735
1928 12 19     0.01523270
1928 12 20     0.01512341
1928 12 21     0.01529286
1928 12 22     0.01587665
1928 12 23     0.01686546
1928 12 24     0.01543315
1928 12 25     1.54173429
1928 12 26     0.69677882
1928 12 27     0.08548366
1928 12 28     0.86784816
1928 12 29     0.48215829
1928 12 30     0.10548476
1928 12 31     0.08097800
1929  1  1     0.06138221
1929  1  2     0.05068025
1929  1  3     0.78381878
1929  1  4     0.35567662
1929  1  5     0.08946948
1929  1  6     0.07686389
1929  1  7     0.05374579
1929  1  8     0.04017472
1929  1  9     0.03282741
1929  1 10     0.02866313
1929  1 11     0.03814317
1929  1 12     0.04723075
1929  1 13     0.05760826
1929  1 14     0.05664011
1929  1 15     0.04975503
1929  1 16     0.12695343
1929  1 17     0.11347529
1929  1 18     0.26105830
1929  1 19     0.95659323
1929  1 20     1.21967161
1929  1 21     0.26093757
1929  1 22     0.18708730
1929  1 23     0.10468935
1929  1 24     0.04374083
1929  1 25     0.04152625
1929  1 26     0.04277423
1929  1 27     0.05057391
1929  1 28     0.05552186
1929  1 29     0.09161047
1929  1 30     0.12471399
1929  1 31     0.11573024
1929  2  1     0.59692922
1929  2  2     0.53354745
1929  2  3     0.88985538
1929  2  4     2.24238021
1929  2  5     0.84873848
1929  2  6     0.28217415
1929  2  7     0.20863035
1929  2  8     0.15408276
1929  2  9     0.13676456
1929  2 10     0.12286704
1929  2 11     0.11119143
1929  2 12     0.10309394
1929  2 13     0.09968597
1929  2 14     0.09365686
1929  2 15     0.09030336
1929  2 16     0.09649621
1929  2 17     0.09423473
1929  2 18     0.12124202
1929  2 19     0.10126203
1929  2 20     0.08763814
1929  2 21     0.10563122
1929  2 22     0.14077973
1929  2 23     0.13892829
1929  2 24     0.12934381
1929  2 25     0.12569872
1929  2 26     0.09799454
1929  2 27     0.08878323
1929  2 28     0.13912321
1929  3  1     0.24861275
1929  3  2     0.37613078
1929  3  3     0.53171086
1929  3  4     0.68779290
1929  3  5     0.76190746
1929  3  6     0.75134550
1929  3  7     0.63632626
1929  3  8     0.44846150
1929  3  9     1.28935416
1929  3 10     5.87346611
1929  3 11     4.27688989
1929  3 12     1.40764576
1929  3 13     0.82220253
1929  3 14     0.64656135
1929  3 15     0.54042065
1929  3 16     0.52309122
1929  3 17     0.58249897
1929  3 18     1.33318984
1929  3 19     1.52516177
1929  3 20     1.28054275
1929  3 21     1.14791250
1929  3 22     1.67231676
1929  3 23     1.94055910
1929  3 24     0.80177503
1929  3 25     0.52878377
1929  3 26     0.57544377
1929  3 27     1.09246650
1929  3 28     1.67212990
1929  3 29     1.68075115
1929  3 30     1.21593227
1929  3 31     0.91125155
1929  4  1     0.98477919
1929  4  2     1.28487659
1929  4  3     1.25498913
1929  4  4     3.29261465
1929  4  5     2.20563994
1929  4  6     1.04163604
1929  4  7     0.65065670
1929  4  8     1.18645463
1929  4  9     0.67893458
1929  4 10     0.56863774
1929  4 11     0.72272354
1929  4 12     0.78270829
1929  4 13     0.68939706
1929  4 14     0.92178038
1929  4 15     1.79945349
1929  4 16     2.79976259
1929  4 17     3.17909561
1929  4 18     2.64316151
1929  4 19     2.68437747
1929  4 20     1.81759104
1929  4 21     1.29550822
1929  4 22     1.16701290
1929  4 23     1.67039705
1929  4 24     1.67894542
1929  4 25     1.54626297
1929  4 26     1.88373245
1929  4 27     2.36045228
1929  4 28     2.62613241
1929  4 29     2.54092630
1929  4 30     2.72379662
1929  5  1     3.43306241
1929  5  2     4.24327221
1929  5  3     4.63089271
1929  5  4     4.55969540
1929  5  5     3.76845567
1929  5  6     3.30041766
1929  5  7     3.72880608
1929  5  8     4.21128651
1929  5  9     4.45486213
1929  5 10     4.06466943
1929  5 11     3.97291248
1929  5 12     4.41396249
1929  5 13     4.66927815
1929  5 14     7.70001729
1929  5 15     8.56453733
1929  5 16     6.35766000
1929  5 17     6.16495472
1929  5 18     6.19754004
1929  5 19     6.10245562
1929  5 20     5.95422389
1929  5 21     5.93848596
1929  5 22     6.25628692
1929  5 23     6.52074846
1929  5 24     6.40560803
1929  5 25     5.74495717
1929  5 26     3.88046682
1929  5 27     2.44217252
1929  5 28     2.41204388
1929  5 29     2.82167243
1929  5 30     3.24626216
1929  5 31     2.77790747
1929  6  1     1.71691960
1929  6  2     2.19963314
1929  6  3     3.27849840
1929  6  4     3.17071431
1929  6  5     2.58907685
1929  6  6     2.21456689
1929  6  7     2.38079478
1929  6  8     2.16575937
1929  6  9     3.34794470
1929  6 10     3.29736685
1929  6 11     2.76031994
1929  6 12     3.22251785
1929  6 13     3.84076573
1929  6 14     3.91699737
1929  6 15     7.00758374
1929  6 16    14.70471789
1929  6 17    10.25727551
1929  6 18     4.60793883
1929  6 19     4.47591256
1929  6 20     4.33330771
1929  6 21     4.10909805
1929  6 22     3.80997027
1929  6 23     3.43022464
1929  6 24     2.93760564
1929  6 25     2.45168874
1929  6 26     2.12012143
1929  6 27     1.86945405
1929  6 28     1.59168315
1929  6 29     1.32682093
1929  6 30     1.07528280
1929  7  1     0.84733626
1929  7  2     0.74817813
1929  7  3     0.67096516
1929  7  4     0.60047213
1929  7  5     0.53596640
1929  7  6     0.47363747
1929  7  7     0.42640387
1929  7  8     0.38891378
1929  7  9     0.35820496
1929  7 10     0.33350283
1929  7 11     0.31257843
1929  7 12     0.29429121
1929  7 13     0.27813969
1929  7 14     0.26366757
1929  7 15     0.25046398
1929  7 16     0.23866276
1929  7 17     0.22809564
1929  7 18     0.25061265
1929  7 19     0.23989883
1929  7 20     0.20287658
1929  7 21     0.19538422
1929  7 22     0.18835647
1929  7 23     0.18141902
1929  7 24     0.17528157
1929  7 25     0.16949832
1929  7 26     0.16378988
1929  7 27     0.15839230
1929  7 28     0.15364575
1929  7 29     0.14924136
1929  7 30     0.17066854
1929  7 31     0.16399546
1929  8  1     0.13984970
1929  8  2     0.13531960
1929  8  3     0.13223508
1929  8  4     0.12889814
1929  8  5     0.12589255
1929  8  6     0.12260659
1929  8  7     0.11914675
1929  8  8     0.11628310
1929  8  9     0.11331861
1929  8 10     0.11009136
1929  8 11     0.10706623
1929  8 12     0.10411343
1929  8 13     0.10129049
1929  8 14     0.10953355
1929  8 15     0.10753397
1929  8 16     0.10923062
1929  8 17     0.11025860
1929  8 18     0.09278782
1929  8 19     0.08957448
1929  8 20     0.08713518
1929  8 21     0.08502101
1929  8 22     0.08309722
1929  8 23     0.08177556
1929  8 24     0.08036236
1929  8 25     0.07871122
1929  8 26     0.07679213
1929  8 27     0.07402339
1929  8 28     0.07171071
1929  8 29     0.07016060
1929  8 30     0.06808447
1929  8 31     0.06616182
1929  9  1     0.06491168
1929  9  2     0.06470671
1929  9  3     0.06472828
1929  9  4     0.06360777
1929  9  5     0.06196583
1929  9  6     0.06075175
1929  9  7     0.08492788
1929  9  8     0.08554060
1929  9  9     0.05793051
1929  9 10     0.05600459
1929  9 11     0.05439291
1929  9 12     0.05209948
1929  9 13     0.05014257
1929  9 14     0.04854111
1929  9 15     0.04692315
1929  9 16     0.04555113
1929  9 17     0.04417323
1929  9 18     0.04367715
1929  9 19     0.12480630
1929  9 20     0.35607099
1929  9 21     0.38512715
1929  9 22     0.17484037
1929  9 23     0.04474343
1929  9 24     0.04338787
1929  9 25     0.04238030
1929  9 26     0.04164889
1929  9 27     0.04079993
1929  9 28     0.03986167
1929  9 29     0.03896724
1929  9 30     0.03799421
1929 10  1     0.03683332
1929 10  2     0.03614318
1929 10  3     0.03531898
1929 10  4     0.03377201
1929 10  5     0.03181550
1929 10  6     0.03110358
1929 10  7     0.04242127
1929 10  8     0.04094270
1929 10  9     0.03239044
1929 10 10     0.03201993
1929 10 11     0.03123339
1929 10 12     0.03032648
1929 10 13     0.02923010
1929 10 14     0.02806894
1929 10 15     0.02732624
1929 10 16     0.02695145
1929 10 17     0.02699599
1929 10 18     0.02650176
1929 10 19     0.02515277
1929 10 20     0.02393434
1929 10 21     0.02326240
1929 10 22     0.02312301
1929 10 23     0.02307907
1929 10 24     0.02366279
1929 10 25     0.02386478
1929 10 26     0.02326744
1929 10 27     0.02260116
1929 10 28     0.02317840
1929 10 29     0.02459533
1929 10 30     0.02437812
1929 10 31     0.02324695
1929 11  1     0.02231007
1929 11  2     0.02104610
1929 11  3     0.01985888
1929 11  4     0.01932130
1929 11  5     0.01896217
1929 11  6     0.01866352
1929 11  7     0.01899678
1929 11  8     0.01947388
1929 11  9     0.01891474
1929 11 10     0.01857399
1929 11 11     0.01929737
1929 11 12     0.01996154
1929 11 13     0.01935958
1929 11 14     0.01805777
1929 11 15     0.01714544
1929 11 16     0.01647349
1929 11 17     0.01606703
1929 11 18     0.01551263
1929 11 19     0.01500552
1929 11 20     0.01493464
1929 11 21     0.01534941
1929 11 22     0.01569187
1929 11 23     0.01531270
1929 11 24     0.01507073
1929 11 25     0.01478605
1929 11 26     0.01433767
1929 11 27     0.01382293
1929 11 28     0.01329843
1929 11 29     0.01263081
1929 11 30     0.01190718
1929 12  1     0.01201393
1929 12  2     0.01266385
1929 12  3     0.01237665
1929 12  4     0.01162781
1929 12  5     0.01166590
1929 12  6     0.01193064
1929 12  7     0.01161269
1929 12  8     0.18587896
1929 12  9     1.52195026
1929 12 10     3.52129148
1929 12 11     1.54310452
1929 12 12     0.71984472
1929 12 13     1.51884278
1929 12 14     1.05723717
1929 12 15     0.80528761
1929 12 16     1.20721161
1929 12 17     0.66657286
1929 12 18     0.41650213
1929 12 19     0.30175512
1929 12 20     0.24955097
1929 12 21     0.15910514
1929 12 22     0.13183122
1929 12 23     0.10224922
1929 12 24     0.08364325
1929 12 25     0.06998779
1929 12 26     0.05878932
1929 12 27     0.05092959
1929 12 28     0.04747010
1929 12 29     0.04512511
1929 12 30     0.04064751
1929 12 31     0.03413723
1930  1  1     0.03053433
1930  1  2     0.02858075
1930  1  3     0.02856547
1930  1  4     0.05386361
1930  1  5     1.71816279
1930  1  6     0.45314721
1930  1  7     0.80136628
1930  1  8     0.11692503
1930  1  9     0.20113044
1930  1 10     0.07584740
1930  1 11     0.02916576
1930  1 12     0.31148237
1930  1 13     0.15527070
1930  1 14     0.54298698
1930  1 15     0.30687346
1930  1 16     3.84935885
1930  1 17     2.42995127
1930  1 18     2.06515912
1930  1 19     1.22601155
1930  1 20     1.05715484
1930  1 21     0.70235536
1930  1 22     0.34578520
1930  1 23     0.31489015
1930  1 24     0.28441174
1930  1 25     0.26778460
1930  1 26     1.07917222
1930  1 27     0.59113230
1930  1 28     0.28944194
1930  1 29     0.29556760
1930  1 30     0.27741884
1930  1 31     0.38022390
1930  2  1     0.41458415
1930  2  2     0.40877293
1930  2  3     0.40609139
1930  2  4     0.47664237
1930  2  5     0.55692760
1930  2  6     0.58245554
1930  2  7     0.67979738
1930  2  8     0.63254890
1930  2  9     0.58163086
1930  2 10     0.63111997
1930  2 11     0.67852433
1930  2 12     0.68374604
1930  2 13     0.79019969
1930  2 14     0.96616121
1930  2 15     1.11233717
1930  2 16     1.26774151
1930  2 17     1.41645928
1930  2 18     1.36340343
1930  2 19     1.11185076
1930  2 20     3.01810857
1930  2 21     1.31321550
1930  2 22     4.16283765
1930  2 23     3.30077172
1930  2 24     1.43757479
1930  2 25     1.82037013
1930  2 26     1.19762439
1930  2 27     0.68463825
1930  2 28     0.68623448
1930  3  1     0.51673008
1930  3  2     0.50702562
1930  3  3     1.92793401
1930  3  4     5.22918381
1930  3  5     5.11635844
1930  3  6     2.18467887
1930  3  7     1.21027317
1930  3  8     0.95992040
1930  3  9     0.89442466
1930  3 10     0.89891518
1930  3 11     1.02297963
1930  3 12     1.07237624
1930  3 13     0.97702109
1930  3 14     2.53366717
1930  3 15     2.75297444
1930  3 16     1.55949513
1930  3 17     0.75219352
1930  3 18     0.65152395
1930  3 19     0.71504316
1930  3 20     0.94543921
1930  3 21     1.19933387
1930  3 22     1.37126795
1930  3 23     1.58176877
1930  3 24     2.29324919
1930  3 25     2.99948164
1930  3 26     3.44496299
1930  3 27     3.47668273
1930  3 28     3.24377821
1930  3 29     3.00642517
1930  3 30     2.48179686
1930  3 31     2.01758230
1930  4  1     1.45858770
1930  4  2     1.40807839
1930  4  3     1.45153982
1930  4  4     1.43261349
1930  4  5     2.19118828
1930  4  6     3.38794641
1930  4  7     3.76843825
1930  4  8     3.49638381
1930  4  9     2.92470747
1930  4 10     2.51253765
1930  4 11     2.48159359
1930  4 12     2.35352324
1930  4 13     4.82205603
1930  4 14     5.47288441
1930  4 15     2.51531091
1930  4 16     1.62837073
1930  4 17     1.80912710
1930  4 18     2.42682447
1930  4 19     3.16846041
1930  4 20     3.68067238
1930  4 21     3.83210617
1930  4 22     4.08336724
1930  4 23     4.75426064
1930  4 24     4.83182191
1930  4 25     3.40296969
1930  4 26     3.54718430
1930  4 27     2.83828094
1930  4 28     1.69660909
1930  4 29     1.72656022
1930  4 30     1.88246229
1930  5  1     2.04857642
1930  5  2     2.96367063
1930  5  3     4.01514188
1930  5  4     2.00535389
1930  5  5     1.21670997
1930  5  6     1.37557065
1930  5  7     1.19125560
1930  5  8     0.82388953
1930  5  9     0.80772586
1930  5 10     1.19520923
1930  5 11     1.64296577
1930  5 12     2.15548318
1930  5 13     2.52499435
1930  5 14     2.68860093
1930  5 15     2.28674805
1930  5 16     2.95292673
1930  5 17     4.43212059
1930  5 18     4.48503452
1930  5 19     4.50490851
1930  5 20     5.16112608
1930  5 21     4.44379482
1930  5 22     3.72036536
1930  5 23     4.18753630
1930  5 24     4.67108484
1930  5 25     4.82123408
1930  5 26     5.04192989
1930  5 27     5.26015707
1930  5 28     5.02754342
1930  5 29     4.34109705
1930  5 30     2.92212544
1930  5 31     1.87849181
1930  6  1     2.10868640
1930  6  2     2.62235184
1930  6  3     3.20916725
1930  6  4     4.08154504
1930  6  5     5.15585417
1930  6  6     6.20310652
1930  6  7     6.49561543
1930  6  8     6.17176854
1930  6  9     6.08229329
1930  6 10     6.44279937
1930  6 11     6.53541794
1930  6 12     6.42466942
1930  6 13     6.33405715
1930  6 14     6.08454866
1930  6 15     5.73459627
1930  6 16     5.27011964
1930  6 17     4.69086691
1930  6 18     4.29553450
1930  6 19     3.57793728
1930  6 20     2.80043088
1930  6 21     2.72217350
1930  6 22     2.47804104
1930  6 23     2.10470977
1930  6 24     1.91786858
1930  6 25     1.85382737
1930  6 26     1.67210391
1930  6 27     1.38712047
1930  6 28     1.20169282
1930  6 29     1.13652909
1930  6 30     1.03226874
1930  7  1     0.90189154
1930  7  2     0.76664029
1930  7  3     0.65142174
1930  7  4     0.57611769
1930  7  5     0.51088386
1930  7  6     0.46040050
1930  7  7     0.42690296
1930  7  8     0.39533552
1930  7  9     0.38908721
1930  7 10     0.36976257
1930  7 11     0.32982235
1930  7 12     0.30123086
1930  7 13     0.27342269
1930  7 14     0.25576171
1930  7 15     0.24307812
1930  7 16     0.23029515
1930  7 17     0.21902223
1930  7 18     0.21003114
1930  7 19     0.20263076
1930  7 20     0.19519797
1930  7 21     0.18781547
1930  7 22     0.18142804
1930  7 23     0.17575113
1930  7 24     0.17046990
1930  7 25     0.16548073
1930  7 26     0.16099846
1930  7 27     0.15664714
1930  7 28     0.15212972
1930  7 29     0.14771100
1930  7 30     0.14319989
1930  7 31     0.13919264
1930  8  1     0.14145693
1930  8  2     0.13644159
1930  8  3     0.12937723
1930  8  4     0.12647739
1930  8  5     0.12310313
1930  8  6     0.11977489
1930  8  7     0.14493325
1930  8  8     0.15343123
1930  8  9     0.16790403
1930  8 10     0.20069427
1930  8 11     0.27292329
1930  8 12     0.21694929
1930  8 13     0.10379033
1930  8 14     0.10051773
1930  8 15     0.09835298
1930  8 16     0.09628352
1930  8 17     0.09454516
1930  8 18     0.09259458
1930  8 19     0.09051907
1930  8 20     0.08815052
1930  8 21     0.08550760
1930  8 22     0.08308275
1930  8 23     0.08114760
1930  8 24     0.07970311
1930  8 25     0.08628536
1930  8 26     0.08360253
1930  8 27     0.07439346
1930  8 28     0.07268537
1930  8 29     0.07142715
1930  8 30     0.07016841
1930  8 31     0.06875877
1930  9  1     0.06735938
1930  9  2     0.06520938
1930  9  3     0.06279990
1930  9  4     0.06128995
1930  9  5     0.06050215
1930  9  6     0.05988141
1930  9  7     0.05955957
1930  9  8     0.05928892
1930  9  9     0.05884156
1930  9 10     0.06245064
1930  9 11     0.06136761
1930  9 12     0.05546758
1930  9 13     0.05421906
1930  9 14     0.05226899
1930  9 15     0.05003942
1930  9 16     0.04833127
1930  9 17     0.04735643
1930  9 18     0.04648788
1930  9 19     0.04820410
1930  9 20     0.05930913
1930  9 21     0.05744257
1930  9 22     0.04546698
1930  9 23     0.04527360
1930  9 24     0.09672919
1930  9 25     0.08935337
1930  9 26     0.04229827
1930  9 27     0.04061693
1930  9 28     0.03977917
1930  9 29     1.37856087
1930  9 30     1.36317090
1930 10  1     0.43476796
1930 10  2     0.28420863
1930 10  3     0.43314630
1930 10  4     0.70532630
1930 10  5     0.61777545
1930 10  6     0.31844634
1930 10  7     0.19128343
1930 10  8     0.16219823
1930 10  9     1.05309929
1930 10 10     1.38507710
1930 10 11     0.73720881
1930 10 12     1.10386505
1930 10 13     0.94892259
1930 10 14     0.37620226
1930 10 15     0.29727838
1930 10 16     0.22223949
1930 10 17     0.17169422
1930 10 18     0.13804083
1930 10 19     0.11468582
1930 10 20     0.09836077
1930 10 21     0.08643317
1930 10 22     0.07680096
1930 10 23     0.06869215
1930 10 24     0.06223739
1930 10 25     0.05755385
1930 10 26     0.05353200
1930 10 27     0.04925316
1930 10 28     0.04567047
1930 10 29     0.04260529
1930 10 30     0.03970576
1930 10 31     0.03733686
1930 11  1     0.03534400
1930 11  2     0.03372365
1930 11  3     0.03240350
1930 11  4     0.03113225
1930 11  5     0.02967003
1930 11  6     0.02864615
1930 11  7     0.02770760
1930 11  8     0.02669847
1930 11  9     0.02587232
1930 11 10     0.02564592
1930 11 11     0.02542836
1930 11 12     0.02453994
1930 11 13     1.38045369
1930 11 14     0.48840456
1930 11 15     0.07890982
1930 11 16     2.29831021
1930 11 17     1.81326908
1930 11 18     0.32758458
1930 11 19     0.06753611
1930 11 20     0.05407219
1930 11 21     0.04978928
1930 11 22     0.05342363
1930 11 23     0.06005994
1930 11 24     0.05689601
1930 11 25     0.05407362
1930 11 26     0.05393827
1930 11 27     0.13032592
1930 11 28     0.09586602
1930 11 29     0.04743824
1930 11 30     0.04986341
1930 12  1     0.05085610
1930 12  2     0.04343725
1930 12  3     0.03563973
1930 12  4     0.03399891
1930 12  5     0.03178399
1930 12  6     0.02893251
1930 12  7     0.02903955
1930 12  8     0.02871377
1930 12  9     0.03120869
1930 12 10     0.03212242
1930 12 11     0.03164387
1930 12 12     0.03257780
1930 12 13     0.03586844
1930 12 14     0.03159534
1930 12 15     0.02713383
1930 12 16     0.02688537
1930 12 17     0.02361317
1930 12 18     0.02143154
1930 12 19     0.02078191
1930 12 20     0.02017083
1930 12 21     0.01967615
1930 12 22     0.01919245
1930 12 23     0.01901995
1930 12 24     0.01856611
1930 12 25     0.01783890
1930 12 26     0.01745272
1930 12 27     0.01726529
1930 12 28     0.01716617
1930 12 29     0.01733529
1930 12 30     0.01732375
1930 12 31     0.09527941
1931  1  1     2.11350903
1931  1  2     3.50911946
1931  1  3     1.30459801
1931  1  4     0.33637695
1931  1  5     1.25071263
1931  1  6     0.87705579
1931  1  7     0.62472915
1931  1  8     0.34537835
1931  1  9     0.23613636
1931  1 10     0.20562327
1931  1 11     0.18106045
1931  1 12     0.16583026
1931  1 13     0.15604671
1931  1 14     0.14488426
1931  1 15     0.13625505
1931  1 16     0.13258208
1931  1 17     0.12256315
1931  1 18     0.11277013
1931  1 19     0.11290693
1931  1 20     0.11964788
1931  1 21     0.11789490
1931  1 22     0.13033432
1931  1 23     4.78850733
1931  1 24     3.39940269
1931  1 25     0.93700079
1931  1 26     0.80788335
1931  1 27     0.75431198
1931  1 28     0.71580559
1931  1 29     0.71637553
1931  1 30     0.77514733
1931  1 31     2.67882855
1931  2  1     2.42197192
1931  2  2     0.84256511
1931  2  3     0.68852030
1931  2  4     1.86514641
1931  2  5     1.59938855
1931  2  6     0.70998439
1931  2  7     0.59241944
1931  2  8     0.59829875
1931  2  9     0.64142558
1931  2 10     0.52804703
1931  2 11     1.16312803
1931  2 12     1.06560990
1931  2 13     0.58392870
1931  2 14     2.99460424
1931  2 15     1.26486621
1931  2 16     0.48644854
1931  2 17     0.40782457
1931  2 18     0.44952921
1931  2 19     1.86803832
1931  2 20     1.08448652
1931  2 21     0.52271287
1931  2 22     0.52569861
1931  2 23     0.51944101
1931  2 24     0.61693975
1931  2 25     0.62348466
1931  2 26     0.56025813
1931  2 27     0.77744598
1931  2 28     0.75920635
1931  3  1     0.84049437
1931  3  2     0.93662277
1931  3  3     1.13815443
1931  3  4     1.27799015
1931  3  5     1.09823227
1931  3  6     0.77038900
1931  3  7     0.61766126
1931  3  8     0.59368901
1931  3  9     0.63446633
1931  3 10     0.61229764
1931  3 11     1.79823405
1931  3 12     1.49861278
1931  3 13     0.81641336
1931  3 14     0.72381179
1931  3 15     0.90876135
1931  3 16     0.96416285
1931  3 17     1.23580786
1931  3 18     4.93091649
1931  3 19     4.24152841
1931  3 20     2.22065134
1931  3 21     2.60212604
1931  3 22     2.64961178
1931  3 23     2.20865816
1931  3 24     3.51419097
1931  3 25     2.79783842
1931  3 26     1.20429945
1931  3 27     0.97265881
1931  3 28     0.77190079
1931  3 29     0.62452827
1931  3 30     0.73193226
1931  3 31     1.38790240
1931  4  1     1.80140146
1931  4  2     1.59365327
1931  4  3     1.49973514
1931  4  4     1.71136031
1931  4  5     1.92830222
1931  4  6     2.20575854
1931  4  7     2.39661729
1931  4  8     2.01992190
1931  4  9     1.89875846
1931  4 10     2.09563148
1931  4 11     1.83321372
1931  4 12     1.30582846
1931  4 13     1.18895570
1931  4 14     1.01637593
1931  4 15     1.23138783
1931  4 16     2.03643556
1931  4 17     2.51352568
1931  4 18     2.73556528
1931  4 19     2.93896043
1931  4 20     3.46902439
1931  4 21     3.76581148
1931  4 22     3.29139204
1931  4 23     4.05669825
1931  4 24     1.88932541
1931  4 25     1.07931096
1931  4 26     2.57918462
1931  4 27     4.75726820
1931  4 28     4.62637219
1931  4 29     3.99298204
1931  4 30     4.03447248
1931  5  1     3.60857424
1931  5  2     3.26225750
1931  5  3     3.31741299
1931  5  4     3.45025879
1931  5  5     3.60551988
1931  5  6     3.60074430
1931  5  7     3.20054259
1931  5  8     2.82840542
1931  5  9     2.71728591
1931  5 10     2.64810287
1931  5 11     2.52850649
1931  5 12     2.28666314
1931  5 13     2.15075278
1931  5 14     4.42107456
1931  5 15     3.58431860
1931  5 16     1.68314084
1931  5 17     1.40459895
1931  5 18     1.10893142
1931  5 19     0.86266560
1931  5 20     0.70942117
1931  5 21     0.61369935
1931  5 22     0.54022999
1931  5 23     0.47637021
1931  5 24     0.44721969
1931  5 25     5.45922943
1931  5 26     4.94976052
1931  5 27     1.61629045
1931  5 28     1.10489805
1931  5 29     1.94925531
1931  5 30     2.12441932
1931  5 31     1.01292347
1931  6  1     0.74852739
1931  6  2     0.61011587
1931  6  3     0.49018628
1931  6  4     0.46341811
1931  6  5     0.88259294
1931  6  6     0.93276032
1931  6  7     0.48998824
1931  6  8     0.49857200
1931  6  9     0.56211555
1931  6 10     0.42246356
1931  6 11     0.30541035
1931  6 12     0.27247651
1931  6 13     0.23668809
1931  6 14     0.21085402
1931  6 15     0.22646497
1931  6 16     1.90060215
1931  6 17     1.54620676
1931  6 18     0.45508374
1931  6 19     0.39557882
1931  6 20     0.30519643
1931  6 21     0.24732493
1931  6 22     0.20844253
1931  6 23     0.18117923
1931  6 24     0.16128792
1931  6 25     0.15244534
1931  6 26     0.13972450
1931  6 27     0.12430236
1931  6 28     0.11636408
1931  6 29     0.10935581
1931  6 30     0.10293812
1931  7  1     0.09702237
1931  7  2     0.09156004
1931  7  3     0.08663780
1931  7  4     0.08237072
1931  7  5     0.07866233
1931  7  6     0.07535615
1931  7  7     0.07238436
1931  7  8     0.06958870
1931  7  9     0.06685936
1931  7 10     0.06432066
1931  7 11     0.06181579
1931  7 12     0.05927833
1931  7 13     0.05689728
1931  7 14     0.05510783
1931  7 15     0.05368533
1931  7 16     0.05194291
1931  7 17     0.04989273
1931  7 18     0.04771832
1931  7 19     0.04586274
1931  7 20     0.04428155
1931  7 21     0.04688597
1931  7 22     0.04757481
1931  7 23     0.04242769
1931  7 24     0.06161008
1931  7 25     0.05782960
1931  7 26     0.03661308
1931  7 27     0.03532807
1931  7 28     0.03440239
1931  7 29     0.03363429
1931  7 30     0.03294516
1931  7 31     0.03199410
1931  8  1     0.03091854
1931  8  2     0.03002761
1931  8  3     0.07591481
1931  8  4     0.12190147
1931  8  5     0.07390422
1931  8  6     0.02730691
1931  8  7     0.02644703
1931  8  8     0.02565636
1931  8  9     0.02455791
1931  8 10     0.02966782
1931  8 11     0.02801775
1931  8 12     0.21536968
1931  8 13     0.25357462
1931  8 14     0.08159491
1931  8 15     0.02594793
1931  8 16     0.02022047
1931  8 17     0.01952582
1931  8 18     0.01897906
1931  8 19     0.01835594
1931  8 20     0.01772805
1931  8 21     0.01725587
1931  8 22     0.01673916
1931  8 23     0.01610519
1931  8 24     0.01541301
1931  8 25     0.01488914
1931  8 26     0.01450854
1931  8 27     0.01416007
1931  8 28     0.01391277
1931  8 29     0.07047100
1931  8 30     0.09402600
1931  8 31     0.03430572
1931  9  1     0.01275660
1931  9  2     0.01222349
1931  9  3     0.01217575
1931  9  4     0.01190846
1931  9  5     0.01122663
1931  9  6     0.01087652
1931  9  7     0.01063354
1931  9  8     0.01134533
1931  9  9     0.01161767
1931  9 10     0.01112801
1931  9 11     0.01029761
1931  9 12     0.00952634
1931  9 13     0.00901340
1931  9 14     0.02567668
1931  9 15     0.09183047
1931  9 16     0.07598344
1931  9 17     0.00820159
1931  9 18     0.00814552
1931  9 19     0.00830674
1931  9 20     0.00816282
1931  9 21     0.00763401
1931  9 22     0.00760888
1931  9 23     0.01546463
1931  9 24     0.01390940
1931  9 25     0.28674784
1931  9 26     0.24172899
1931  9 27     0.00692157
1931  9 28     0.00758024
1931  9 29     0.00704708
1931  9 30     0.00657908
1931 10  1     0.00608490
1931 10  2     0.00574681
1931 10  3     0.00557927
1931 10  4     0.00539841
1931 10  5     0.00524864
1931 10  6     0.00510927
1931 10  7     0.00511069
1931 10  8     0.00518399
1931 10  9     0.00531667
1931 10 10     0.02376808
1931 10 11     0.02341707
1931 10 12     0.00452111
1931 10 13     0.00427161
1931 10 14     0.00409704
1931 10 15     0.00397227
1931 10 16     0.00382140
1931 10 17     0.00374372
1931 10 18     0.08223899
1931 10 19     0.08879003
1931 10 20     0.10327336
1931 10 21     0.13233450
1931 10 22     0.03828398
1931 10 23     0.34566031
1931 10 24     0.15404655
1931 10 25     0.09288923
1931 10 26     0.28549035
1931 10 27     0.19245940
1931 10 28     0.02147058
1931 10 29     0.02098920
1931 10 30     0.01387475
1931 10 31     0.01167290
1931 11  1     0.00942890
1931 11  2     0.00792183
1931 11  3     0.00683994
1931 11  4     0.00606700
1931 11  5     0.00547249
1931 11  6     0.00497946
1931 11  7     0.00458022
1931 11  8     0.00429700
1931 11  9     0.00418763
1931 11 10     0.00882799
1931 11 11     0.01590927
1931 11 12     0.01095025
1931 11 13     0.00566526
1931 11 14     0.96313172
1931 11 15     1.37336465
1931 11 16     0.30077894
1931 11 17     0.79968160
1931 11 18     0.23841302
1931 11 19     0.01264153
1931 11 20     0.04423237
1931 11 21     0.07556888
1931 11 22     0.01629271
1931 11 23     0.00652893
1931 11 24     0.00624543
1931 11 25     0.00607070
1931 11 26     0.30324729
1931 11 27     0.14861373
1931 11 28     0.02708227
1931 11 29     0.00571332
1931 11 30     0.00556898
1931 12  1     0.00565965
1931 12  2     0.00566893
1931 12  3     0.00668003
1931 12  4     0.00652407
1931 12  5     0.00638345
1931 12  6     0.00643468
1931 12  7     0.00774546
1931 12  8     0.05359593
1931 12  9     0.13048421
1931 12 10     0.03003638
1931 12 11     0.68891310
1931 12 12     0.17764748
1931 12 13     0.01456772
1931 12 14     0.09399445
1931 12 15     0.01611531
1931 12 16     0.00554528
1931 12 17     0.00673620
1931 12 18     0.01123680
1931 12 19     0.01446434
1931 12 20     0.02255154
1931 12 21     1.14882525
1931 12 22     0.69181700
1931 12 23     1.25289287
1931 12 24     2.99710652
1931 12 25     5.17632833
1931 12 26     1.81643710
1931 12 27     3.42850008
1931 12 28     7.23644733
1931 12 29     2.30554467
1931 12 30     0.72287526
1931 12 31     4.47310897
1932  1  1     1.72560922
1932  1  2     1.85832945
1932  1  3     0.98491648
1932  1  4     0.62578134
1932  1  5     0.57737795
1932  1  6     0.52982058
1932  1  7     0.50047045
1932  1  8     0.47725499
1932  1  9     0.45622679
1932  1 10     0.44391534
1932  1 11     0.43964263
1932  1 12     2.01597381
1932  1 13     2.36879821
1932  1 14     0.76570270
1932  1 15     2.44057718
1932  1 16     1.06559579
1932  1 17     0.51906713
1932  1 18     0.51353617
1932  1 19     0.79554549
1932  1 20     0.55628407
1932  1 21     0.45316534
1932  1 22     0.44270540
1932  1 23     0.43673187
1932  1 24     0.41730157
1932  1 25     0.39613984
1932  1 26     0.41874674
1932  1 27     0.85606585
1932  1 28     0.56800753
1932  1 29     0.51036235
1932  1 30     3.73485240
1932  1 31    12.19215163
1932  2  1     7.49530591
1932  2  2     2.41376568
1932  2  3     1.16541023
1932  2  4     0.96175705
1932  2  5     5.48565903
1932  2  6    15.32782603
1932  2  7     8.78926950
1932  2  8     8.95077324
1932  2  9     6.98802052
1932  2 10     4.15418915
1932  2 11     2.67355739
1932  2 12     2.15432729
1932  2 13     1.89557533
1932  2 14     1.70906861
1932  2 15     1.57478511
1932  2 16     1.46202158
1932  2 17     1.43784157
1932  2 18     1.37963029
1932  2 19     1.32514385
1932  2 20     1.28884951
1932  2 21     1.32546426
1932  2 22     1.41438911
1932  2 23     1.46957660
1932  2 24     1.46437963
1932  2 25     1.52323862
1932  2 26     1.58114253
1932  2 27     1.70201663
1932  2 28     1.74927527
1932  2 29     1.64493326
1932  3  1     1.44349869
1932  3  2     1.30934446
1932  3  3     1.23216225
1932  3  4     1.18671045
1932  3  5     1.26541190
1932  3  6     1.35091476
1932  3  7     1.42357958
1932  3  8     1.36932419
1932  3  9     1.31446315
1932  3 10     1.27278132
1932  3 11     1.23442437
1932  3 12     1.27511653
1932  3 13     1.45770979
1932  3 14     2.01788090
1932  3 15     1.63858780
1932  3 16     1.36341863
1932  3 17     1.38201115
1932  3 18     1.56346179
1932  3 19     2.84327056
1932  3 20     2.45397445
1932  3 21     1.50647652
1932  3 22     1.40625609
1932  3 23     1.66146482
1932  3 24     1.82447382
1932  3 25     1.69208676
1932  3 26     1.73369827
1932  3 27     1.98382247
1932  3 28     2.13974529
1932  3 29     2.17992217
1932  3 30     2.39983398
1932  3 31     2.92458866
1932  4  1     3.05715540
1932  4  2     2.31036038
1932  4  3     1.80382363
1932  4  4     1.87348220
1932  4  5     1.57726739
1932  4  6     1.38418054
1932  4  7     1.56775857
1932  4  8     2.03839573
1932  4  9     2.61465802
1932  4 10     3.23806837
1932  4 11     3.88115259
1932  4 12     4.15781255
1932  4 13     3.83442136
1932  4 14     3.45315269
1932  4 15     3.45549222
1932  4 16     3.34888311
1932  4 17     2.94550675
1932  4 18     3.09346539
1932  4 19     3.82583925
1932  4 20     2.89891002
1932  4 21     1.60407799
1932  4 22     1.30993123
1932  4 23     1.13955877
1932  4 24     1.36633297
1932  4 25     1.37907695
1932  4 26     1.26250402
1932  4 27     1.19027881
1932  4 28     1.14478577
1932  4 29     1.59922173
1932  4 30     2.28452761
1932  5  1     3.82319809
1932  5  2     4.10643390
1932  5  3     3.79617823
1932  5  4     3.17579048
1932  5  5     2.07639193
1932  5  6     2.34627115
1932  5  7     3.15811302
1932  5  8     3.98366955
1932  5  9     5.09421259
1932  5 10     6.55425550
1932  5 11     7.59521974
1932  5 12     8.56197750
1932  5 13     8.61067268
1932  5 14     7.76211641
1932  5 15     7.33606544
1932  5 16     7.59282899
1932  5 17     8.14018883
1932  5 18     7.86073075
1932  5 19     6.66341913
1932  5 20     6.10324815
1932  5 21     6.78931946
1932  5 22     4.91833265
1932  5 23     3.77572184
1932  5 24     4.91481501
1932  5 25     5.88492708
1932  5 26     6.48168219
1932  5 27     6.46154009
1932  5 28     4.88692233
1932  5 29     3.49834436
1932  5 30     2.72229271
1932  5 31     3.61819595
1932  6  1     4.56732305
1932  6  2     5.10994584
1932  6  3     5.48743454
1932  6  4     6.33301880
1932  6  5     6.05279025
1932  6  6     4.53676340
1932  6  7     4.96545305
1932  6  8     6.35229753
1932  6  9     7.42513833
1932  6 10     8.21444435
1932  6 11     8.29487716
1932  6 12     8.46216322
1932  6 13     8.50250624
1932  6 14     7.91996750
1932  6 15     6.90696309
1932  6 16     6.20908096
1932  6 17     6.18159504
1932  6 18     6.48605709
1932  6 19     6.90099261
1932  6 20     7.32256704
1932  6 21     7.52457561
1932  6 22     7.38630353
1932  6 23     7.00726824
1932  6 24     6.24626724
1932  6 25     5.56628478
1932  6 26     5.05662373
1932  6 27     4.37600422
1932  6 28     3.58217551
1932  6 29     3.11087277
1932  6 30     3.01026192
1932  7  1     2.37898377
1932  7  2     1.69113016
1932  7  3     1.36595166
1932  7  4     1.15699743
1932  7  5     1.01764915
1932  7  6     0.85120223
1932  7  7     0.70998180
1932  7  8     0.62251875
1932  7  9     0.54908502
1932  7 10     0.49651833
1932  7 11     0.45493658
1932  7 12     0.56298217
1932  7 13     0.87919503
1932  7 14     0.67417172
1932  7 15     0.38349406
1932  7 16     0.36072231
1932  7 17     0.32618648
1932  7 18     0.30089492
1932  7 19     0.28102123
1932  7 20     0.26371477
1932  7 21     0.24824308
1932  7 22     0.23507796
1932  7 23     0.22407001
1932  7 24     0.21460383
1932  7 25     0.20545294
1932  7 26     0.19673020
1932  7 27     0.18915361
1932  7 28     0.18220251
1932  7 29     0.17585466
1932  7 30     0.17047030
1932  7 31     0.16530741
1932  8  1     0.16010031
1932  8  2     0.15485742
1932  8  3     0.15245311
1932  8  4     0.14749545
1932  8  5     0.14089222
1932  8  6     0.13644984
1932  8  7     0.13229736
1932  8  8     0.12938778
1932  8  9     0.12737038
1932  8 10     0.12485067
1932  8 11     0.12169914
1932  8 12     0.11828341
1932  8 13     0.11494530
1932  8 14     0.11195043
1932  8 15     0.10932385
1932  8 16     0.10672507
1932  8 17     0.10389603
1932  8 18     0.10093936
1932  8 19     0.09794854
1932  8 20     0.09581524
1932  8 21     0.09352882
1932  8 22     0.09060314
1932  8 23     0.08773194
1932  8 24     0.08483404
1932  8 25     0.08256165
1932  8 26     0.08119606
1932  8 27     0.19133627
1932  8 28     0.17323516
1932  8 29     0.09051835
1932  8 30     0.07703969
1932  8 31     0.07526114
1932  9  1     0.07283549
1932  9  2     0.07065699
1932  9  3     0.06826448
1932  9  4     0.06617096
1932  9  5     0.06456610
1932  9  6     0.06276031
1932  9  7     0.06068869
1932  9  8     0.05866494
1932  9  9     0.05723739
1932  9 10     0.05633965
1932  9 11     0.05507264
1932  9 12     0.05411834
1932  9 13     0.05330090
1932  9 14     0.05212130
1932  9 15     0.05019480
1932  9 16     0.04873791
1932  9 17     0.04854191
1932  9 18     0.04856223
1932  9 19     0.04796233
1932  9 20     0.04681249
1932  9 21     0.04573771
1932  9 22     0.04503646
1932  9 23     0.04968434
1932  9 24     0.04881358
1932  9 25     0.04268368
1932  9 26     0.22208335
1932  9 27     0.25482730
1932  9 28     0.07520106
1932  9 29     0.22037763
1932  9 30     0.21240714
1932 10  1     0.04388233
1932 10  2     0.04132273
1932 10  3     0.03657101
1932 10  4     0.03526205
1932 10  5     0.03399759
1932 10  6     0.03360360
1932 10  7     0.03477121
1932 10  8     0.03502629
1932 10  9     0.03385095
1932 10 10     0.03279073
1932 10 11     0.03114020
1932 10 12     0.02987327
1932 10 13     0.02951024
1932 10 14     0.02887846
1932 10 15     0.02776508
1932 10 16     0.02782400
1932 10 17     0.04293476
1932 10 18     0.04478674
1932 10 19     0.03150462
1932 10 20     0.03033216
1932 10 21     0.02995734
1932 10 22     0.03154625
1932 10 23     0.03157158
1932 10 24     0.02885352
1932 10 25     0.02771598
1932 10 26     0.02656656
1932 10 27     0.02433748
1932 10 28     0.02301816
1932 10 29     0.02284872
1932 10 30     0.02268615
1932 10 31     0.02245555
1932 11  1     0.02208228
1932 11  2     0.08598128
1932 11  3     0.06663219
1932 11  4     0.02365248
1932 11  5     0.02451329
1932 11  6     0.02330867
1932 11  7     0.01992868
1932 11  8     0.01968968
1932 11  9     0.01898952
1932 11 10     0.01888011
1932 11 11     0.01855632
1932 11 12     0.01781307
1932 11 13     0.01738113
1932 11 14     0.01739058
1932 11 15     0.01737383
1932 11 16     0.01702719
1932 11 17     0.01604752
1932 11 18     0.01515856
1932 11 19     0.01490809
1932 11 20     0.01477699
1932 11 21     0.01492873
1932 11 22     0.01510601
1932 11 23     0.01490821
1932 11 24     0.01450317
1932 11 25     0.01703829
1932 11 26     0.01742573
1932 11 27     0.01748819
1932 11 28     0.01678661
1932 11 29     0.01332723
1932 11 30     0.76280927
1932 12  1     0.37538168
1932 12  2     0.01600251
1932 12  3     0.01605294
1932 12  4     0.01923553
1932 12  5     0.02056010
1932 12  6     0.01725621
1932 12  7     0.01444688
1932 12  8     0.01560485
1932 12  9     0.03203004
1932 12 10     0.07573612
1932 12 11     0.02595971
1932 12 12     0.01879253
1932 12 13     0.01806601
1932 12 14     0.01737953
1932 12 15     0.01750894
1932 12 16     0.01587080
1932 12 17     0.75679769
1932 12 18     0.26061749
1932 12 19     0.66343845
1932 12 20     0.13996362
1932 12 21     0.45991991
1932 12 22     0.08017343
1932 12 23     0.48640584
1932 12 24     0.06731499
1932 12 25     0.01508223
1932 12 26     0.01425467
1932 12 27     0.01370648
1932 12 28     0.01404499
1932 12 29     0.01385456
1932 12 30     0.01410373
1932 12 31     0.01501221
1933  1  1     0.01687339
1933  1  2     0.01835559
1933  1  3     0.02164459
1933  1  4     0.02261194
1933  1  5     0.02445015
1933  1  6     0.02674696
1933  1  7     0.03097083
1933  1  8     0.03516474
1933  1  9     0.03626777
1933  1 10     0.02995985
1933  1 11     0.02761824
1933  1 12     0.02595671
1933  1 13     0.03430052
1933  1 14     0.03413310
1933  1 15     0.02740795
1933  1 16     0.14205362
1933  1 17     0.09655040
1933  1 18     0.26710609
1933  1 19     2.36688501
1933  1 20     0.83904953
1933  1 21     0.28751743
1933  1 22     0.15516084
1933  1 23     0.97868339
1933  1 24     0.19652424
1933  1 25     1.11769365
1933  1 26     0.16734473
1933  1 27     1.44120309
1933  1 28     0.80652572
1933  1 29     1.65538427
1933  1 30     0.38967724
1933  1 31     0.07029102
1933  2  1     0.06062200
1933  2  2     0.05535867
1933  2  3     0.05678485
1933  2  4     0.06657338
1933  2  5     0.06700868
1933  2  6     0.06694564
1933  2  7     0.05333927
1933  2  8     0.04751852
1933  2  9     0.07419191
1933  2 10     0.06181405
1933  2 11     0.24732749
1933  2 12     1.02901832
1933  2 13     0.75519538
1933  2 14     0.29007332
1933  2 15     0.16356949
1933  2 16     0.33262285
1933  2 17     0.20608880
1933  2 18     0.12892519
1933  2 19     0.13060321
1933  2 20     0.18575867
1933  2 21     0.21304357
1933  2 22     0.23611364
1933  2 23     0.23925100
1933  2 24     0.20329467
1933  2 25     0.23170492
1933  2 26     0.26761911
1933  2 27     0.27753898
1933  2 28     0.30333423
1933  3  1     0.29782284
1933  3  2     0.28959507
1933  3  3     0.30556243
1933  3  4     0.32932062
1933  3  5     0.38407616
1933  3  6     0.47277652
1933  3  7     0.53659485
1933  3  8     0.58241755
1933  3  9     0.64231596
1933  3 10     0.66853749
1933  3 11     0.63789756
1933  3 12     2.91056785
1933  3 13     2.93216620
1933  3 14     1.35236871
1933  3 15     0.85711670
1933  3 16     2.86638948
1933  3 17     2.41350659
1933  3 18     1.38971390
1933  3 19     1.19526246
1933  3 20     1.28050869
1933  3 21     1.13129238
1933  3 22     0.85922097
1933  3 23     0.78170932
1933  3 24     0.64312889
1933  3 25     0.59153981
1933  3 26     0.76628280
1933  3 27     0.87083017
1933  3 28     2.91246917
1933  3 29     1.97960071
1933  3 30     1.26219930
1933  3 31     1.66912337
1933  4  1     1.99007005
1933  4  2     2.31630642
1933  4  3     2.56749852
1933  4  4     2.79803242
1933  4  5     2.77486369
1933  4  6     2.40846704
1933  4  7     1.78787662
1933  4  8     1.18360979
1933  4  9     0.90007495
1933  4 10     0.79113324
1933  4 11     0.96360069
1933  4 12     1.24841533
1933  4 13     1.72357363
1933  4 14     2.28862749
1933  4 15     2.65199350
1933  4 16     2.01014746
1933  4 17     1.18076577
1933  4 18     0.84733353
1933  4 19     0.72939796
1933  4 20     0.87764974
1933  4 21     1.24475069
1933  4 22     1.87944854
1933  4 23     2.52251320
1933  4 24     2.72511351
1933  4 25     1.82320061
1933  4 26     1.31709761
1933  4 27     2.12136432
1933  4 28     2.57128227
1933  4 29     2.17438171
1933  4 30     1.10363173
1933  5  1     0.93762927
1933  5  2     1.39024900
1933  5  3     0.85488522
1933  5  4     0.91303427
1933  5  5     0.76603412
1933  5  6     0.59630677
1933  5  7     2.86174742
1933  5  8     1.25761812
1933  5  9     0.64438021
1933  5 10     0.59352060
1933  5 11     0.65117898
1933  5 12     0.78621970
1933  5 13     0.91898581
1933  5 14     1.40003181
1933  5 15     1.97387279
1933  5 16     2.00281054
1933  5 17     1.43693768
1933  5 18     1.13838467
1933  5 19     1.40167106
1933  5 20     1.71120221
1933  5 21     2.30822424
1933  5 22     1.52726058
1933  5 23     1.78567646
1933  5 24     3.10695474
1933  5 25     4.31921215
1933  5 26     4.95335529
1933  5 27     5.87576622
1933  5 28     7.16651405
1933  5 29     8.09811171
1933  5 30     8.29753668
1933  5 31     7.54035179
1933  6  1     6.74571184
1933  6  2     5.45221497
1933  6  3     4.03715071
1933  6  4     3.65643720
1933  6  5     4.30334028
1933  6  6     5.00355512
1933  6  7     4.75804514
1933  6  8     5.17112518
1933  6  9     5.93356874
1933  6 10     5.97797149
1933  6 11     6.28200638
1933  6 12     7.00685031
1933  6 13     7.10704925
1933  6 14     6.50525684
1933  6 15     5.23519684
1933  6 16     3.74263630
1933  6 17     2.82807442
1933  6 18     2.38069297
1933  6 19     2.09676937
1933  6 20     1.83893663
1933  6 21     1.57163258
1933  6 22     1.31569108
1933  6 23     1.08171002
1933  6 24     0.91243051
1933  6 25     0.75370644
1933  6 26     0.62323264
1933  6 27     1.09282913
1933  6 28     0.88668720
1933  6 29     0.47597531
1933  6 30     0.43268068
1933  7  1     0.37890043
1933  7  2     0.33912601
1933  7  3     0.30756831
1933  7  4     0.28105818
1933  7  5     0.25883194
1933  7  6     0.24004969
1933  7  7     0.22568180
1933  7  8     0.21226656
1933  7  9     0.19836730
1933  7 10     0.18711383
1933  7 11     0.17710425
1933  7 12     0.16745075
1933  7 13     0.15869511
1933  7 14     0.15092386
1933  7 15     0.14411683
1933  7 16     0.13824400
1933  7 17     0.13270872
1933  7 18     0.12725162
1933  7 19     0.12213176
1933  7 20     0.11753171
1933  7 21     0.11338560
1933  7 22     0.10963828
1933  7 23     0.10579496
1933  7 24     0.10174012
1933  7 25     0.13735286
1933  7 26     0.13376910
1933  7 27     0.09148167
1933  7 28     0.08869109
1933  7 29     0.08613588
1933  7 30     0.08369322
1933  7 31     0.08164848
1933  8  1     0.07978847
1933  8  2     0.07799785
1933  8  3     0.07609063
1933  8  4     0.07434707
1933  8  5     0.07274785
1933  8  6     0.07028961
1933  8  7     0.06784989
1933  8  8     0.06594499
1933  8  9     0.06334964
1933  8 10     0.06033427
1933  8 11     0.05794775
1933  8 12     0.06389694
1933  8 13     0.06213048
1933  8 14     0.05217749
1933  8 15     0.05052639
1933  8 16     0.07323978
1933  8 17     0.07266160
1933  8 18     0.07970424
1933  8 19     0.07753445
1933  8 20     0.04585198
1933  8 21     0.04434650
1933  8 22     0.04277821
1933  8 23     0.04253126
1933  8 24     0.04062784
1933  8 25     0.03780944
1933  8 26     0.03739103
1933  8 27     0.03751165
1933  8 28     0.03647955
1933  8 29     0.03545448
1933  8 30     0.03433685
1933  8 31     0.03324691
1933  9  1     0.03229461
1933  9  2     0.03057057
1933  9  3     0.02995046
1933  9  4     0.02953245
1933  9  5     0.02828974
1933  9  6     0.02760582
1933  9  7     0.02672890
1933  9  8     0.02681867
1933  9  9     0.02697817
1933  9 10     0.02516968
1933  9 11     0.02345292
1933  9 12     0.02346068
1933  9 13     0.02337042
1933  9 14     0.02250408
1933  9 15     0.02162290
1933  9 16     0.02091117
1933  9 17     0.02043506
1933  9 18     0.02030632
1933  9 19     0.01976307
1933  9 20     0.01900473
1933  9 21     0.01857183
1933  9 22     0.01816413
1933  9 23     0.01775755
1933  9 24     0.01776747
1933  9 25     0.09719283
1933  9 26     0.08638520
1933  9 27     0.01556580
1933  9 28     0.01473432
1933  9 29     0.01410919
1933  9 30     0.01370417
1933 10  1     0.01336193
1933 10  2     0.01280095
1933 10  3     0.01228598
1933 10  4     0.01204150
1933 10  5     0.01158099
1933 10  6     0.01092228
1933 10  7     0.01202639
1933 10  8     0.01240509
1933 10  9     0.01141397
1933 10 10     0.01092539
1933 10 11     0.01051834
1933 10 12     0.01016314
1933 10 13     0.00987297
1933 10 14     0.00992194
1933 10 15     0.00989331
1933 10 16     0.00943586
1933 10 17     0.00899100
1933 10 18     0.00847360
1933 10 19     0.00840346
1933 10 20     0.00835178
1933 10 21     0.00822066
1933 10 22     0.00790231
1933 10 23     0.00744199
1933 10 24     0.00704518
1933 10 25     0.00668509
1933 10 26     0.00651282
1933 10 27     0.00656112
1933 10 28     0.00688597
1933 10 29     0.14144866
1933 10 30     2.04842207
1933 10 31     1.26752621
1933 11  1     0.36753486
1933 11  2     0.05014352
1933 11  3     0.05390993
1933 11  4     0.03472083
1933 11  5     0.02274203
1933 11  6     0.02661014
1933 11  7     0.03306749
1933 11  8     0.03668451
1933 11  9     0.04533436
1933 11 10     0.04500781
1933 11 11     0.04163992
1933 11 12     0.04180888
1933 11 13     0.03896803
1933 11 14     0.02788016
1933 11 15     0.01506524
1933 11 16     0.00908349
1933 11 17     0.00775844
1933 11 18     0.00740884
1933 11 19     0.00674300
1933 11 20     0.00663913
1933 11 21     0.00595504
1933 11 22     0.00475777
1933 11 23     0.00452342
1933 11 24     0.00434695
1933 11 25     0.00421814
1933 11 26     0.00422614
1933 11 27     0.04381047
1933 11 28     0.04858813
1933 11 29     0.01040162
1933 11 30     0.00872175
1933 12  1     0.00771908
1933 12  2     0.01147305
1933 12  3     0.85644488
1933 12  4     0.21104389
1933 12  5     0.01157570
1933 12  6     0.00629426
1933 12  7     0.00948057
1933 12  8     0.01462397
1933 12  9     0.03049815
1933 12 10     0.04141578
1933 12 11     0.63456396
1933 12 12     4.64575690
1933 12 13     5.84241007
1933 12 14     2.53488999
1933 12 15     1.39772937
1933 12 16     0.44289107
1933 12 17     0.24139082
1933 12 18     0.17824581
1933 12 19     0.13791464
1933 12 20     0.11098355
1933 12 21     0.09344601
1933 12 22     0.08103530
1933 12 23     0.07169029
1933 12 24     0.06589312
1933 12 25     0.06098767
1933 12 26     0.05639726
1933 12 27     0.05453390
1933 12 28     0.05214665
1933 12 29     0.34285887
1933 12 30     0.92014559
1933 12 31     0.70113343
1934  1  1    10.73952267
1934  1  2     9.62583369
1934  1  3     3.29111653
1934  1  4     1.70573080
1934  1  5     1.26684960
1934  1  6     0.96490406
1934  1  7     0.76504637
1934  1  8     0.62843232
1934  1  9     0.52856484
1934  1 10     0.45917519
1934  1 11     0.40599574
1934  1 12     0.37993132
1934  1 13     0.36136014
1934  1 14     0.33169614
1934  1 15     0.31400375
1934  1 16     0.31113713
1934  1 17     0.31883708
1934  1 18     0.33259790
1934  1 19     0.34260394
1934  1 20     0.77074718
1934  1 21     0.55763445
1934  1 22     0.35202284
1934  1 23     1.58674679
1934  1 24     1.79305271
1934  1 25     0.92343476
1934  1 26     0.63477613
1934  1 27     0.59823577
1934  1 28     0.55247205
1934  1 29     0.53784502
1934  1 30     0.53558379
1934  1 31     0.57908469
1934  2  1     0.57340238
1934  2  2     0.54787821
1934  2  3     0.53194543
1934  2  4     0.57261577
1934  2  5     0.57350870
1934  2  6     1.63649178
1934  2  7     1.46154962
1934  2  8     4.28372952
1934  2  9     3.11246537
1934  2 10     1.06703610
1934  2 11     0.80099852
1934  2 12     0.63029619
1934  2 13     0.54146966
1934  2 14     0.57150401
1934  2 15     1.06796771
1934  2 16     3.63091919
1934  2 17     1.80706583
1934  2 18     0.84248911
1934  2 19     2.75705469
1934  2 20     2.92265708
1934  2 21     1.44585062
1934  2 22     1.13780429
1934  2 23     4.54288090
1934  2 24     2.39722797
1934  2 25     1.10986402
1934  2 26     3.18729689
1934  2 27     1.86939924
1934  2 28     1.06696446
1934  3  1     0.97716428
1934  3  2     1.06951611
1934  3  3     1.39299181
1934  3  4     1.69910103
1934  3  5     1.83362374
1934  3  6     2.00432015
1934  3  7     1.93567972
1934  3  8     1.87761747
1934  3  9     2.06488560
1934  3 10     2.09999826
1934  3 11     2.30699356
1934  3 12     2.56451428
1934  3 13     2.78746444
1934  3 14     2.98421458
1934  3 15     2.90557739
1934  3 16     2.69636121
1934  3 17     2.38698205
1934  3 18     2.30585407
1934  3 19     2.22217690
1934  3 20     2.04929073
1934  3 21     1.93561215
1934  3 22     1.80532639
1934  3 23     2.95361085
1934  3 24     4.40063916
1934  3 25     3.49488504
1934  3 26     2.25909736
1934  3 27     2.18776575
1934  3 28     2.44861397
1934  3 29     3.77964957
1934  3 30     3.68800302
1934  3 31     2.63270215
1934  4  1     2.24072823
1934  4  2     1.45639984
1934  4  3     0.98425070
1934  4  4     0.82186215
1934  4  5     1.00644139
1934  4  6     1.56824714
1934  4  7     2.15759854
1934  4  8     2.39259870
1934  4  9     2.42363763
1934  4 10     2.80042583
1934  4 11     3.07770761
1934  4 12     2.90302872
1934  4 13     2.40471173
1934  4 14     2.00498904
1934  4 15     1.82708830
1934  4 16     1.54879228
1934  4 17     1.32447504
1934  4 18     1.39734295
1934  4 19     1.55133807
1934  4 20     1.63918776
1934  4 21     1.60208256
1934  4 22     1.37548868
1934  4 23     1.54111406
1934  4 24     1.26592826
1934  4 25     0.77494037
1934  4 26     0.66607965
1934  4 27     0.67533340
1934  4 28     0.66655100
1934  4 29     0.64334541
1934  4 30     0.54142159
1934  5  1     1.64476284
1934  5  2     1.15103605
1934  5  3     1.34399392
1934  5  4     1.74728428
1934  5  5     1.16001836
1934  5  6     0.86655949
1934  5  7     0.72175841
1934  5  8     0.59191126
1934  5  9     0.47593641
1934  5 10     0.38363727
1934  5 11     0.31042623
1934  5 12     0.27191667
1934  5 13     0.23750458
1934  5 14     0.21158268
1934  5 15     0.18921827
1934  5 16     0.16917841
1934  5 17     0.15438030
1934  5 18     0.14247313
1934  5 19     0.13126063
1934  5 20     0.12212579
1934  5 21     0.11429879
1934  5 22     0.10950133
1934  5 23     0.10346343
1934  5 24     0.09672701
1934  5 25     0.36354037
1934  5 26     1.01455715
1934  5 27     0.62303603
1934  5 28     0.26079067
1934  5 29     0.47954531
1934  5 30     0.49600111
1934  5 31     0.25818468
1934  6  1     0.18763363
1934  6  2     0.15813053
1934  6  3     0.12855425
1934  6  4     0.17332175
1934  6  5     0.72015907
1934  6  6     1.31041026
1934  6  7     1.34707121
1934  6  8     1.53429422
1934  6  9     1.22542477
1934  6 10     0.73969004
1934  6 11     0.50332101
1934  6 12     0.32362908
1934  6 13     0.43059023
1934  6 14     1.12525693
1934  6 15     1.02790231
1934  6 16     0.56838004
1934  6 17     1.09586390
1934  6 18     1.19509821
1934  6 19     0.53895064
1934  6 20     0.34915748
1934  6 21     0.39022432
1934  6 22     0.34927210
1934  6 23     0.19493722
1934  6 24     0.17345835
1934  6 25     0.14322732
1934  6 26     0.12232381
1934  6 27     0.10592359
1934  6 28     0.09284383
1934  6 29     0.08245852
1934  6 30     0.07378910
1934  7  1     0.06671871
1934  7  2     0.06080217
1934  7  3     0.05581349
1934  7  4     0.05175100
1934  7  5     0.04811948
1934  7  6     0.04492575
1934  7  7     0.04221073
1934  7  8     0.03969666
1934  7  9     0.03718187
1934  7 10     0.03468850
1934  7 11     0.03216106
1934  7 12     0.03000489
1934  7 13     0.02846634
1934  7 14     0.02729594
1934  7 15     0.02636858
1934  7 16     0.02517746
1934  7 17     0.02378888
1934  7 18     0.02273620
1934  7 19     0.02182502
1934  7 20     0.02097867
1934  7 21     0.02037797
1934  7 22     0.01981772
1934  7 23     0.01914007
1934  7 24     0.01840800
1934  7 25     0.01772737
1934  7 26     0.01710734
1934  7 27     0.01640466
1934  7 28     0.01573521
1934  7 29     0.01527603
1934  7 30     0.01489506
1934  7 31     0.01450451
1934  8  1     0.01409040
1934  8  2     0.01371507
1934  8  3     0.01338435
1934  8  4     0.01304422
1934  8  5     0.01268474
1934  8  6     0.01231025
1934  8  7     0.01193279
1934  8  8     0.01157728
1934  8  9     0.01122397
1934  8 10     0.01091915
1934  8 11     0.01061524
1934  8 12     0.01028381
1934  8 13     0.00998560
1934  8 14     0.00971534
1934  8 15     0.00945154
1934  8 16     0.00919908
1934  8 17     0.00892116
1934  8 18     0.00864496
1934  8 19     0.00840379
1934  8 20     0.00819254
1934  8 21     0.00953896
1934  8 22     0.00972690
1934  8 23     0.00755935
1934  8 24     0.00735877
1934  8 25     0.00724737
1934  8 26     0.03250515
1934  8 27     0.22537505
1934  8 28     0.19062481
1934  8 29     0.00695642
1934  8 30     0.00630457
1934  8 31     0.00612793
1934  9  1     0.00595263
1934  9  2     0.00578463
1934  9  3     0.00561363
1934  9  4     0.00545980
1934  9  5     0.00531843
1934  9  6     0.00517727
1934  9  7     0.00504907
1934  9  8     0.00492805
1934  9  9     0.00481063
1934  9 10     0.00468239
1934  9 11     0.00457006
1934  9 12     0.00446790
1934  9 13     0.00435372
1934  9 14     0.00423254
1934  9 15     0.00410392
1934  9 16     0.00397742
1934  9 17     0.00387643
1934  9 18     0.00378407
1934  9 19     0.00894100
1934  9 20     0.00764233
1934  9 21     0.00362368
1934  9 22     0.00435483
1934  9 23     0.53090082
1934  9 24     0.78850573
1934  9 25     0.41869315
1934  9 26     0.05643474
1934  9 27     0.09468708
1934  9 28     0.14932157
1934  9 29     0.14087051
1934  9 30     0.06282270
1934 10  1     0.00856714
1934 10  2     0.00274259
1934 10  3     0.00269163
1934 10  4     0.00262431
1934 10  5     0.00255545
1934 10  6     0.00348171
1934 10  7     0.33033678
1934 10  8     0.26105758
1934 10  9     0.00233669
1934 10 10     0.00224796
1934 10 11     0.00217916
1934 10 12     0.00213040
1934 10 13     0.00209224
1934 10 14     0.07006897
1934 10 15     0.07680753
1934 10 16     0.21416419
1934 10 17     1.24439659
1934 10 18     1.74509128
1934 10 19     1.23481531
1934 10 20     0.39201033
1934 10 21     0.25188901
1934 10 22     0.65788837
1934 10 23     0.43996373
1934 10 24     0.16856233
1934 10 25     0.16024107
1934 10 26     0.12526802
1934 10 27     0.09890957
1934 10 28     0.07849176
1934 10 29     0.06254233
1934 10 30     0.04685010
1934 10 31     1.00039562
1934 11  1     2.02185960
1934 11  2     1.56630827
1934 11  3     0.44678274
1934 11  4     0.38793410
1934 11  5     0.27058524
1934 11  6     0.19428956
1934 11  7     0.14849676
1934 11  8     0.10680246
1934 11  9     0.08382779
1934 11 10     0.06703733
1934 11 11     0.05507468
1934 11 12     0.04595905
1934 11 13     0.03886643
1934 11 14     0.03320060
1934 11 15     3.77095572
1934 11 16     5.12680788
1934 11 17     3.54200618
1934 11 18     2.17071897
1934 11 19     1.67183288
1934 11 20     0.76930278
1934 11 21     0.39967704
1934 11 22     0.30237244
1934 11 23     0.76977312
1934 11 24     0.47467723
1934 11 25     0.20800260
1934 11 26     0.16341438
1934 11 27     0.14974715
1934 11 28     0.12473457
1934 11 29     0.10279517
1934 11 30     0.09264431
1934 12  1     0.11479685
1934 12  2     0.07393198
1934 12  3     0.05766214
1934 12  4     0.05123538
1934 12  5     0.04601674
1934 12  6     0.04457547
1934 12  7     0.04979225
1934 12  8     0.04673588
1934 12  9     0.04329701
1934 12 10     0.04388518
1934 12 11     0.04677913
1934 12 12     0.05239046
1934 12 13     1.56069781
1934 12 14     5.06264597
1934 12 15     2.83995096
1934 12 16     0.86280138
1934 12 17     0.62940974
1934 12 18     0.44081535
1934 12 19     0.33115388
1934 12 20     0.26564918
1934 12 21     0.22429267
1934 12 22     0.19296065
1934 12 23     0.16397278
1934 12 24     0.14317693
1934 12 25     0.13059747
1934 12 26     0.11476173
1934 12 27     0.92696431
1934 12 28     0.78343554
1934 12 29     0.26016075
1934 12 30     0.43287908
1934 12 31     0.18510721
1935  1  1     0.10733470
1935  1  2     0.10099413
1935  1  3     0.09595934
1935  1  4     2.99845637
1935  1  5     8.35119909
1935  1  6     4.57402635
1935  1  7     1.51652398
1935  1  8     3.22324978
1935  1  9     5.01265368
1935  1 10     2.99450886
1935  1 11     2.27904838
1935  1 12     1.59126891
1935  1 13     1.05555098
1935  1 14     2.69723296
1935  1 15     5.92082337
1935  1 16     4.79526848
1935  1 17     3.13999682
1935  1 18     5.59622820
1935  1 19     2.97626252
1935  1 20     1.45985581
1935  1 21     1.24719798
1935  1 22     1.15654595
1935  1 23     1.21818437
1935  1 24     1.15605903
1935  1 25     1.07632472
1935  1 26     1.00988837
1935  1 27     0.96899196
1935  1 28     0.94788830
1935  1 29     0.92398261
1935  1 30     0.90326993
1935  1 31     0.90118729
1935  2  1     1.00525543
1935  2  2     0.90227533
1935  2  3     0.79029293
1935  2  4     1.59932359
1935  2  5     1.78804036
1935  2  6     4.66211840
1935  2  7     6.86084477
1935  2  8     3.45837081
1935  2  9     1.97860678
1935  2 10     1.46806630
1935  2 11     1.20339419
1935  2 12     1.02550192
1935  2 13     1.01567462
1935  2 14     1.14624176
1935  2 15     0.91340490
1935  2 16     0.79215101
1935  2 17     0.83769088
1935  2 18     1.05963069
1935  2 19     1.32126402
1935  2 20     1.42964044
1935  2 21     1.38514340
1935  2 22     1.14013787
1935  2 23     2.29267793
1935  2 24     1.19605902
1935  2 25     0.73304031
1935  2 26     0.66423858
1935  2 27     0.68473949
1935  2 28     0.79035795
1935  3  1     0.92643416
1935  3  2     1.36013792
1935  3  3     1.14398231
1935  3  4     2.71393327
1935  3  5     1.49172018
1935  3  6     1.02632770
1935  3  7     4.65757655
1935  3  8     4.92415865
1935  3  9     1.52796016
1935  3 10     0.86138232
1935  3 11     0.80946256
1935  3 12     0.93515415
1935  3 13     1.36528879
1935  3 14     1.75650963
1935  3 15     1.51114574
1935  3 16     1.19605898
1935  3 17     1.08691194
1935  3 18     1.03419395
1935  3 19     0.88069870
1935  3 20     0.75103330
1935  3 21     1.57451565
1935  3 22     1.08114949
1935  3 23     2.30419853
1935  3 24     1.34321151
1935  3 25     0.88417925
1935  3 26     0.92521540
1935  3 27     1.24031510
1935  3 28     1.86308216
1935  3 29     2.72992736
1935  3 30     3.19057210
1935  3 31     3.06041304
1935  4  1     2.45822213
1935  4  2     1.96675140
1935  4  3     7.94863033
1935  4  4     8.21603381
1935  4  5     4.22484043
1935  4  6     2.50751925
1935  4  7     7.94269337
1935  4  8    19.23669111
1935  4  9     9.53547054
1935  4 10     3.68027246
1935  4 11     2.83944361
1935  4 12     2.91234560
1935  4 13     3.08621472
1935  4 14     5.41450519
1935  4 15    14.74125135
1935  4 16     8.91441678
1935  4 17     4.48395397
1935  4 18     3.84274868
1935  4 19     4.54705262
1935  4 20     5.45665519
1935  4 21     5.51040753
1935  4 22     4.75307385
1935  4 23     4.61001704
1935  4 24     4.23028556
1935  4 25     3.96456024
1935  4 26     4.72046146
1935  4 27     5.51359236
1935  4 28     5.51405880
1935  4 29     8.48147219
1935  4 30     6.76973233
1935  5  1     3.45686938
1935  5  2     2.79316047
1935  5  3     2.71123161
1935  5  4     3.29577958
1935  5  5     4.39497073
1935  5  6     5.34166925
1935  5  7     5.91535336
1935  5  8     6.05480121
1935  5  9     5.89389386
1935  5 10     5.58781536
1935  5 11     5.14680332
1935  5 12     4.83501900
1935  5 13     4.67215323
1935  5 14     4.58174278
1935  5 15     4.62158851
1935  5 16     4.34514693
1935  5 17     3.49745568
1935  5 18     3.15209270
1935  5 19     3.68772595
1935  5 20     4.76519860
1935  5 21     6.44961997
1935  5 22     7.58701945
1935  5 23     7.88896364
1935  5 24     8.00508876
1935  5 25     7.68805663
1935  5 26     7.47844741
1935  5 27     7.08858499
1935  5 28     6.66884300
1935  5 29     6.27822376
1935  5 30     4.81547354
1935  5 31     3.81107337
1935  6  1     4.94439294
1935  6  2     6.55837232
1935  6  3     7.63021127
1935  6  4     8.48042390
1935  6  5     9.04680985
1935  6  6     9.23111682
1935  6  7     9.11621491
1935  6  8     8.36460501
1935  6  9     7.61348971
1935  6 10     7.14650436
1935  6 11     7.02639224
1935  6 12     6.80160277
1935  6 13     6.08709645
1935  6 14     5.31142430
1935  6 15     4.68664751
1935  6 16     4.40721144
1935  6 17     4.35895571
1935  6 18     4.18514251
1935  6 19     3.90369993
1935  6 20     3.37923930
1935  6 21     2.90067314
1935  6 22     2.56120092
1935  6 23     2.13609910
1935  6 24     1.69098676
1935  6 25     1.35362715
1935  6 26     1.18119555
1935  6 27     1.03176674
1935  6 28     0.90897283
1935  6 29     0.80616311
1935  6 30     0.72579757
1935  7  1     0.67021516
1935  7  2     0.74416575
1935  7  3     0.67444123
1935  7  4     0.49747868
1935  7  5     0.45172074
1935  7  6     0.41728443
1935  7  7     0.39117973
1935  7  8     0.36785235
1935  7  9     0.34677412
1935  7 10     0.32792849
1935  7 11     0.31047432
1935  7 12     0.29352262
1935  7 13     0.27878481
1935  7 14     0.31973305
1935  7 15     0.49993758
1935  7 16     0.43186009
1935  7 17     0.27200540
1935  7 18     0.26199209
1935  7 19     0.24334328
1935  7 20     0.23041271
1935  7 21     0.22049898
1935  7 22     0.21152966
1935  7 23     0.20341040
1935  7 24     0.19608530
1935  7 25     0.18931309
1935  7 26     0.18299353
1935  7 27     0.17733018
1935  7 28     0.17211558
1935  7 29     0.16665204
1935  7 30     0.16141013
1935  7 31     0.15671862
1935  8  1     0.15265776
1935  8  2     0.14878513
1935  8  3     0.14490013
1935  8  4     0.14126961
1935  8  5     0.13797148
1935  8  6     0.13460970
1935  8  7     0.13093661
1935  8  8     0.12661981
1935  8  9     0.12272843
1935  8 10     0.11961292
1935  8 11     0.16320106
1935  8 12     0.16433301
1935  8 13     0.11088994
1935  8 14     0.10831113
1935  8 15     0.10616295
1935  8 16     0.10445417
1935  8 17     0.10249359
1935  8 18     0.09990870
1935  8 19     0.09668339
1935  8 20     0.09393113
1935  8 21     0.09140087
1935  8 22     0.08880318
1935  8 23     0.08664002
1935  8 24     0.08496929
1935  8 25     0.13666551
1935  8 26     0.28602178
1935  8 27     0.28620682
1935  8 28     0.14694134
1935  8 29     0.07921470
1935  8 30     0.07368157
1935  8 31     0.07180976
1935  9  1     0.07063411
1935  9  2     0.07255560
1935  9  3     0.07388740
1935  9  4     0.06840394
1935  9  5     0.06334451
1935  9  6     0.06277692
1935  9  7     0.06236182
1935  9  8     0.06047854
1935  9  9     0.05806569
1935  9 10     0.05729555
1935  9 11     0.05580898
1935  9 12     0.05414746
1935  9 13     0.05351122
1935  9 14     0.05374516
1935  9 15     0.05249459
1935  9 16     0.04981185
1935  9 17     0.04771672
1935  9 18     0.04611158
1935  9 19     0.04450857
1935  9 20     0.04368340
1935  9 21     0.04386852
1935  9 22     0.04474594
1935  9 23     0.04424487
1935  9 24     0.04269932
1935  9 25     0.04177152
1935  9 26     0.04041114
1935  9 27     0.03929675
1935  9 28     0.03909585
1935  9 29     0.03938367
1935  9 30     0.03869428
1935 10  1     0.20515211
1935 10  2     0.89282021
1935 10  3     0.31262639
1935 10  4     0.03654198
1935 10  5     0.03539122
1935 10  6     0.03394514
1935 10  7     0.03366968
1935 10  8     0.03345528
1935 10  9     0.03219305
1935 10 10     0.03202206
1935 10 11     0.49135396
1935 10 12     0.45154855
1935 10 13     0.19371245
1935 10 14     0.50690070
1935 10 15     1.13968611
1935 10 16     0.33082811
1935 10 17     0.07840017
1935 10 18     0.15181897
1935 10 19     0.30709755
1935 10 20     0.37538413
1935 10 21     0.30365596
1935 10 22     0.19137075
1935 10 23     0.12763740
1935 10 24     0.11405892
1935 10 25     0.13677087
1935 10 26     0.15845642
1935 10 27     0.15118342
1935 10 28     0.12801616
1935 10 29     0.09305647
1935 10 30     0.07348154
1935 10 31     0.06322185
1935 11  1     0.05637968
1935 11  2     0.70008678
1935 11  3     0.21234354
1935 11  4     0.04423887
1935 11  5     0.04044477
1935 11  6     0.04283726
1935 11  7     0.06416380
1935 11  8     0.11620854
1935 11  9     0.18325378
1935 11 10     0.14116518
1935 11 11     0.11681157
1935 11 12     0.14804022
1935 11 13     0.10027818
1935 11 14     0.06276616
1935 11 15     0.06387468
1935 11 16     0.09559419
1935 11 17     1.41239299
1935 11 18     0.66236900
1935 11 19     0.13435705
1935 11 20     0.11224471
1935 11 21     0.09609483
1935 11 22     0.11737416
1935 11 23     0.11024908
1935 11 24     0.08690545
1935 11 25     0.07154534
1935 11 26     0.05925645
1935 11 27     0.06142247
1935 11 28     0.06603764
1935 11 29     0.06293183
1935 11 30     0.06652855
1935 12  1     0.06331337
1935 12  2     0.05710156
1935 12  3     0.17183975
1935 12  4     0.16255285
1935 12  5     0.06976216
1935 12  6     0.06902585
1935 12  7     0.05160517
1935 12  8     0.09882740
1935 12  9     0.07581187
1935 12 10     0.03872429
1935 12 11     0.04504350
1935 12 12     0.87373196
1935 12 13     0.28231268
1935 12 14     0.04137268
1935 12 15     0.03587063
1935 12 16     0.03024632
1935 12 17     0.02651479
1935 12 18     0.02406908
1935 12 19     0.02205464
1935 12 20     0.02039947
1935 12 21     0.01921551
1935 12 22     0.01811569
1935 12 23     0.01740391
1935 12 24     0.01695819
1935 12 25     0.01633743
1935 12 26     0.01577322
1935 12 27     0.41859432
1935 12 28     0.21849909
1935 12 29     1.07959760
1935 12 30     0.40416923
1935 12 31     0.07674621
1936  1  1     0.04853581
1936  1  2     0.92588806
1936  1  3     0.81661802
1936  1  4     2.11997088
1936  1  5     1.74043888
1936  1  6     0.45176418
1936  1  7     0.31974220
1936  1  8     0.43362655
1936  1  9     5.18555592
1936  1 10     6.88651805
1936  1 11     7.24418842
1936  1 12     3.67288579
1936  1 13     2.68232777
1936  1 14     5.14781163
1936  1 15     4.09297324
1936  1 16     4.87035670
1936  1 17     2.78547691
1936  1 18     1.33776185
1936  1 19     1.07611373
1936  1 20     0.90683401
1936  1 21     0.79875007
1936  1 22     0.72957652
1936  1 23     0.67777361
1936  1 24     0.67712809
1936  1 25     0.70180903
1936  1 26     0.68625721
1936  1 27     0.65116560
1936  1 28     0.75613776
1936  1 29     0.69527255
1936  1 30     0.53151528
1936  1 31     0.50144208
1936  2  1     5.87785837
1936  2  2     8.12283726
1936  2  3     2.89796388
1936  2  4     1.29538390
1936  2  5     1.06563641
1936  2  6     0.89893827
1936  2  7     0.78357997
1936  2  8     0.70436288
1936  2  9     0.65443107
1936  2 10     0.64279628
1936  2 11     8.90114127
1936  2 12    11.41469361
1936  2 13    11.52049533
1936  2 14    12.30477403
1936  2 15     8.19154492
1936  2 16    11.79212787
1936  2 17     5.21005061
1936  2 18     3.25866469
1936  2 19     3.90346975
1936  2 20     2.82463690
1936  2 21     6.42949196
1936  2 22    19.92410748
1936  2 23    20.20151450
1936  2 24     7.94073892
1936  2 25     8.06013077
1936  2 26     4.56554170
1936  2 27     3.26571771
1936  2 28     2.94396886
1936  2 29     2.88322145
1936  3  1     2.81810210
1936  3  2     2.90695302
1936  3  3     3.04168491
1936  3  4     3.02721082
1936  3  5     2.94923488
1936  3  6     2.93417570
1936  3  7     3.02583335
1936  3  8     3.16648496
1936  3  9     3.48303427
1936  3 10     3.33596668
1936  3 11     3.27932648
1936  3 12     3.57519544
1936  3 13     3.51766634
1936  3 14     3.51163984
1936  3 15     3.63991195
1936  3 16     3.79040739
1936  3 17     3.84560098
1936  3 18     3.82561364
1936  3 19     3.89823067
1936  3 20     4.33321009
1936  3 21     4.36396177
1936  3 22     3.16679691
1936  3 23     2.14446864
1936  3 24     1.94774242
1936  3 25     1.60360845
1936  3 26     1.38505176
1936  3 27     1.26877906
1936  3 28     1.22087619
1936  3 29     1.46703076
1936  3 30     2.84631797
1936  3 31     3.63941326
1936  4  1     1.67869203
1936  4  2     1.22415187
1936  4  3     3.52967692
1936  4  4     7.07206227
1936  4  5     2.72291227
1936  4  6     1.63790386
1936  4  7     1.92063827
1936  4  8     2.83764399
1936  4  9     3.96167266
1936  4 10     4.75013643
1936  4 11     5.32827349
1936  4 12     5.86547831
1936  4 13     6.01449728
1936  4 14     5.70907918
1936  4 15     5.65691150
1936  4 16     5.63373093
1936  4 17     5.26395151
1936  4 18     5.08641237
1936  4 19     4.62430561
1936  4 20     4.43768363
1936  4 21     4.97699889
1936  4 22     5.14294357
1936  4 23     4.57823406
1936  4 24     4.28241789
1936  4 25     4.15368649
1936  4 26     4.09367351
1936  4 27     4.33025864
1936  4 28     3.77234524
1936  4 29     2.55587461
1936  4 30     2.06160560
1936  5  1     2.69950509
1936  5  2     4.26364946
1936  5  3     4.97209273
1936  5  4     5.01684775
1936  5  5     4.96633485
1936  5  6     3.66082330
1936  5  7     2.90807960
1936  5  8     3.75769747
1936  5  9     4.91977241
1936  5 10     6.06681107
1936  5 11     6.67191366
1936  5 12     6.63585845
1936  5 13     6.62144814
1936  5 14     6.34589562
1936  5 15     5.49368339
1936  5 16     5.02125514
1936  5 17     5.34573785
1936  5 18     5.58156133
1936  5 19     4.83240631
1936  5 20     3.67934900
1936  5 21     3.50274329
1936  5 22     4.12840074
1936  5 23     5.01729495
1936  5 24     6.14037015
1936  5 25     6.76617730
1936  5 26     6.32455571
1936  5 27     5.37167080
1936  5 28     4.62466319
1936  5 29     3.12872328
1936  5 30     1.93644618
1936  5 31     1.89394837
1936  6  1     1.97485290
1936  6  2     1.84385603
1936  6  3     2.99822936
1936  6  4     3.08469847
1936  6  5     2.64618398
1936  6  6     3.00779918
1936  6  7     4.60090003
1936  6  8     4.07465276
1936  6  9     3.52220152
1936  6 10     4.01727721
1936  6 11     4.73181250
1936  6 12     5.02628631
1936  6 13     4.85044356
1936  6 14     4.44589894
1936  6 15     3.70349266
1936  6 16     3.38762585
1936  6 17     3.36844467
1936  6 18     3.08917089
1936  6 19     2.91303362
1936  6 20     2.74838153
1936  6 21     2.54206313
1936  6 22     2.39713275
1936  6 23     2.22175103
1936  6 24     1.91774866
1936  6 25     1.72856577
1936  6 26     1.46714732
1936  6 27     1.22346792
1936  6 28     1.03371035
1936  6 29     0.84032997
1936  6 30     0.73630051
1936  7  1     0.66312968
1936  7  2     0.57577541
1936  7  3     0.49665977
1936  7  4     0.43978489
1936  7  5     0.39922980
1936  7  6     0.37761028
1936  7  7     0.45508444
1936  7  8     0.42316759
1936  7  9     0.36591585
1936  7 10     0.77641613
1936  7 11     0.83395064
1936  7 12     0.41869196
1936  7 13     0.33942043
1936  7 14     0.29871114
1936  7 15     0.26681719
1936  7 16     0.24419649
1936  7 17     0.22727119
1936  7 18     0.22081443
1936  7 19     0.21063254
1936  7 20     0.25367854
1936  7 21     0.53364238
1936  7 22     0.41624511
1936  7 23     0.20617345
1936  7 24     0.20080500
1936  7 25     0.18342393
1936  7 26     0.19580817
1936  7 27     0.22606912
1936  7 28     0.21635982
1936  7 29     0.17758980
1936  7 30     0.15447823
1936  7 31     0.15477243
1936  8  1     0.14556222
1936  8  2     0.13430699
1936  8  3     0.13039657
1936  8  4     0.12593230
1936  8  5     0.12207213
1936  8  6     0.11831295
1936  8  7     0.11453389
1936  8  8     0.11229041
1936  8  9     0.21426387
1936  8 10     0.21647611
1936  8 11     0.25925367
1936  8 12     0.24966140
1936  8 13     0.13128242
1936  8 14     0.12124327
1936  8 15     0.11048661
1936  8 16     0.10358467
1936  8 17     0.09873192
1936  8 18     0.09479257
1936  8 19     0.09171961
1936  8 20     0.08907405
1936  8 21     0.08659696
1936  8 22     0.08379463
1936  8 23     0.08077558
1936  8 24     0.07831795
1936  8 25     0.07632813
1936  8 26     0.07430058
1936  8 27     0.07275584
1936  8 28     0.07184082
1936  8 29     0.08120246
1936  8 30     0.07851545
1936  8 31     0.06708738
1936  9  1     0.06540759
1936  9  2     0.06493348
1936  9  3     0.15994402
1936  9  4     0.25269776
1936  9  5     0.14066580
1936  9  6     0.06079385
1936  9  7     0.05709418
1936  9  8     0.05587688
1936  9  9     0.05484054
1936  9 10     0.05317445
1936  9 11     0.05287973
1936  9 12     0.05282305
1936  9 13     0.05323894
1936  9 14     0.05327830
1936  9 15     0.05158690
1936  9 16     0.04996548
1936  9 17     0.04858968
1936  9 18     0.04699436
1936  9 19     0.04526970
1936  9 20     0.04371394
1936  9 21     0.04266264
1936  9 22     0.04180044
1936  9 23     0.04090092
1936  9 24     0.03961754
1936  9 25     0.03827686
1936  9 26     0.03844685
1936  9 27     0.03938991
1936  9 28     0.03943973
1936  9 29     0.03875100
1936  9 30     0.03771919
1936 10  1     0.04260788
1936 10  2     0.07159576
1936 10  3     0.10386121
1936 10  4     0.07111889
1936 10  5     0.03472142
1936 10  6     0.03367744
1936 10  7     0.03264771
1936 10  8     0.03166054
1936 10  9     0.03091288
1936 10 10     0.02999984
1936 10 11     0.02928376
1936 10 12     0.02912450
1936 10 13     0.02896873
1936 10 14     0.02797854
1936 10 15     0.02775557
1936 10 16     0.22667043
1936 10 17     0.76442919
1936 10 18     0.98153111
1936 10 19     1.00088122
1936 10 20     0.67502319
1936 10 21     0.23789828
1936 10 22     0.17807558
1936 10 23     0.13528674
1936 10 24     0.10665157
1936 10 25     0.08791848
1936 10 26     0.07421823
1936 10 27     0.06455492
1936 10 28     0.05773771
1936 10 29     0.05257355
1936 10 30     0.05215690
1936 10 31     0.93878438
1936 11  1     0.46669476
1936 11  2     0.08821049
1936 11  3     0.06581422
1936 11  4     0.08724301
1936 11  5     0.09621218
1936 11  6     0.07723123
1936 11  7     0.05902327
1936 11  8     0.04762498
1936 11  9     0.06118682
1936 11 10     0.06722699
1936 11 11     0.08003895
1936 11 12     0.09423584
1936 11 13     0.10595950
1936 11 14     0.10848386
1936 11 15     0.10806655
1936 11 16     0.10355756
1936 11 17     0.07896251
1936 11 18     0.05829367
1936 11 19     0.04791932
1936 11 20     0.04006670
1936 11 21     0.03464573
1936 11 22     0.03096319
1936 11 23     0.02808249
1936 11 24     0.02626171
1936 11 25     0.02455700
1936 11 26     0.02335524
1936 11 27     0.02260650
1936 11 28     0.02168862
1936 11 29     0.02086623
1936 11 30     0.02049637
1936 12  1     0.02036140
1936 12  2     0.01991526
1936 12  3     0.02010685
1936 12  4     0.02793259
1936 12  5     0.02540379
1936 12  6     0.02179039
1936 12  7     0.02266824
1936 12  8     0.02287988
1936 12  9     0.02134310
1936 12 10     0.02127088
1936 12 11     0.02059773
1936 12 12     0.01988217
1936 12 13     0.01972218
1936 12 14     0.05072923
1936 12 15     7.11491673
1936 12 16    10.99169983
1936 12 17     5.11371151
1936 12 18     1.72509309
1936 12 19     1.21390389
1936 12 20     0.85525665
1936 12 21     0.63654212
1936 12 22     0.48452618
1936 12 23     0.37815131
1936 12 24     0.37652098
1936 12 25     0.45829798
1936 12 26     0.49006425
1936 12 27     1.60140195
1936 12 28     0.95405200
1936 12 29     0.24333841
1936 12 30     0.45620478
1936 12 31     0.57435650
1937  1  1     0.15528202
1937  1  2     0.08834048
1937  1  3     0.07922414
1937  1  4     0.07115238
1937  1  5     0.67933736
1937  1  6     0.26412612
1937  1  7     0.07490596
1937  1  8     0.05117836
1937  1  9     0.04729858
1937  1 10     0.04307672
1937  1 11     0.03984620
1937  1 12     0.21910194
1937  1 13     0.05894176
1937  1 14     0.11416599
1937  1 15     0.09119540
1937  1 16     0.26050775
1937  1 17     0.06641074
1937  1 18     0.13249142
1937  1 19     0.18641204
1937  1 20     0.04204084
1937  1 21     0.02734415
1937  1 22     0.02615707
1937  1 23     0.02521324
1937  1 24     0.10565511
1937  1 25     0.03597874
1937  1 26     0.03315986
1937  1 27     0.29078919
1937  1 28     1.46220436
1937  1 29     1.21195750
1937  1 30     1.83785801
1937  1 31     0.36049539
1937  2  1     0.05822484
1937  2  2     0.96718902
1937  2  3     0.24454786
1937  2  4     0.84071039
1937  2  5     7.13531214
1937  2  6    19.21897095
1937  2  7     8.23760776
1937  2  8     2.20687300
1937  2  9     1.42208739
1937  2 10     1.14819245
1937  2 11     1.62957256
1937  2 12     2.84781427
1937  2 13     6.52179762
1937  2 14    15.99789807
1937  2 15     8.32457312
1937  2 16     3.31270434
1937  2 17     2.53127218
1937  2 18     2.21214616
1937  2 19     1.92010263
1937  2 20     1.69055355
1937  2 21     1.66805411
1937  2 22     1.78863168
1937  2 23     1.82443488
1937  2 24     3.39134227
1937  2 25     9.78910486
1937  2 26     4.74250441
1937  2 27     2.25216203
1937  2 28     2.01778043
1937  3  1     1.92562789
1937  3  2     1.94233028
1937  3  3     1.99760256
1937  3  4     2.13115893
1937  3  5     2.24365532
1937  3  6     2.30051809
1937  3  7     2.35151089
1937  3  8     2.48198502
1937  3  9     2.42036907
1937  3 10     2.37650680
1937  3 11     2.34293579
1937  3 12     4.23034461
1937  3 13     6.58450656
1937  3 14     3.51325108
1937  3 15     2.49209794
1937  3 16     2.84019739
1937  3 17     4.38423031
1937  3 18     5.81822728
1937  3 19     2.79673870
1937  3 20     3.16014693
1937  3 21     2.78046174
1937  3 22    11.17232048
1937  3 23     5.79057980
1937  3 24     9.07868141
1937  3 25     4.28559059
1937  3 26     2.38751023
1937  3 27     3.73712220
1937  3 28     2.37883076
1937  3 29     2.01703552
1937  3 30     2.05335402
1937  3 31     2.23547049
1937  4  1     2.42415427
1937  4  2     7.38904901
1937  4  3     3.59118304
1937  4  4     2.12160004
1937  4  5     1.95416726
1937  4  6     5.38484194
1937  4  7     3.32050084
1937  4  8     2.37104129
1937  4  9     2.43279235
1937  4 10     2.27241246
1937  4 11     2.09791096
1937  4 12     2.28777226
1937  4 13     2.97815462
1937  4 14     4.09947330
1937  4 15     4.56624377
1937  4 16     3.39137756
1937  4 17     2.48183837
1937  4 18     2.45549068
1937  4 19     2.67629202
1937  4 20     3.49774684
1937  4 21     4.14253599
1937  4 22     3.26614598
1937  4 23     2.32974443
1937  4 24     2.63487749
1937  4 25     3.53820856
1937  4 26     3.66961067
1937  4 27     3.58972975
1937  4 28     1.99452179
1937  4 29     1.63894917
1937  4 30     1.82424931
1937  5  1     3.05308665
1937  5  2     4.75901621
1937  5  3     6.23789204
1937  5  4     7.07892049
1937  5  5     6.59436368
1937  5  6     5.76043975
1937  5  7     5.41946553
1937  5  8     4.94395528
1937  5  9     4.89713390
1937  5 10     4.56751859
1937  5 11     5.01982988
1937  5 12     6.72514131
1937  5 13     8.43874137
1937  5 14     9.49397641
1937  5 15     9.41519705
1937  5 16     9.36131502
1937  5 17     8.84560268
1937  5 18     7.24649989
1937  5 19     5.52714085
1937  5 20     5.24549835
1937  5 21     6.44046688
1937  5 22     7.57597787
1937  5 23     8.08090691
1937  5 24     7.70670182
1937  5 25     6.36750013
1937  5 26     5.47875502
1937  5 27     6.52227445
1937  5 28     7.86500447
1937  5 29     7.75202185
1937  5 30     5.79662683
1937  5 31     4.56656481
1937  6  1     5.33317805
1937  6  2     6.25568591
1937  6  3     6.90170057
1937  6  4     7.00239954
1937  6  5     6.53290545
1937  6  6     5.91498967
1937  6  7     5.36904903
1937  6  8     4.58768246
1937  6  9     4.05354736
1937  6 10     3.72192504
1937  6 11     3.16927177
1937  6 12     2.99229365
1937  6 13     3.44548084
1937  6 14     3.67722543
1937  6 15     3.57973952
1937  6 16     3.69745178
1937  6 17     2.96391929
1937  6 18     2.39258325
1937  6 19     2.28958165
1937  6 20     2.28211527
1937  6 21     2.33253860
1937  6 22     2.09487588
1937  6 23     1.67134740
1937  6 24     1.28352355
1937  6 25     1.05707953
1937  6 26     0.96646700
1937  6 27     0.88668518
1937  6 28     0.80184610
1937  6 29     0.66916429
1937  6 30     0.53747549
1937  7  1     0.47730054
1937  7  2     0.43255930
1937  7  3     0.39196088
1937  7  4     0.36723533
1937  7  5     0.34301072
1937  7  6     0.31865112
1937  7  7     0.30120276
1937  7  8     0.28680137
1937  7  9     0.45616327
1937  7 10     0.60170384
1937  7 11     0.47075569
1937  7 12     0.33070862
1937  7 13     0.49557742
1937  7 14     0.40443755
1937  7 15     0.24905570
1937  7 16     0.23869926
1937  7 17     0.22114981
1937  7 18     0.20836044
1937  7 19     0.19788320
1937  7 20     0.18839668
1937  7 21     0.18259634
1937  7 22     0.18281543
1937  7 23     0.22950851
1937  7 24     0.24727522
1937  7 25     0.22724753
1937  7 26     0.19728280
1937  7 27     0.15157640
1937  7 28     0.14855313
1937  7 29     0.14332734
1937  7 30     0.13919461
1937  7 31     0.13597745
1937  8  1     0.13282352
1937  8  2     0.12885262
1937  8  3     0.12462481
1937  8  4     0.12080082
1937  8  5     0.11740077
1937  8  6     0.11439273
1937  8  7     0.11139947
1937  8  8     0.10887886
1937  8  9     0.10643499
1937  8 10     0.10329733
1937  8 11     0.10005884
1937  8 12     0.09660209
1937  8 13     0.09364110
1937  8 14     0.09182974
1937  8 15     0.09056187
1937  8 16     0.08875701
1937  8 17     0.09377826
1937  8 18     0.09172748
1937  8 19     0.08230273
1937  8 20     0.08000808
1937  8 21     0.07798032
1937  8 22     0.07656032
1937  8 23     0.07572530
1937  8 24     0.07447834
1937  8 25     0.07274545
1937  8 26     0.07055370
1937  8 27     0.06807657
1937  8 28     0.06645272
1937  8 29     0.06567069
1937  8 30     0.06502260
1937  8 31     0.06433541
1937  9  1     0.06314135
1937  9  2     0.06182518
1937  9  3     0.06031286
1937  9  4     0.05887048
1937  9  5     0.05745183
1937  9  6     0.05608618
1937  9  7     0.05479641
1937  9  8     0.05353989
1937  9  9     0.05457842
1937  9 10     0.06464657
1937  9 11     0.05088018
1937  9 12     0.04703266
1937  9 13     0.04512584
1937  9 14     0.05646596
1937  9 15     0.04536520
1937  9 16     0.04093454
1937  9 17     0.03970181
1937  9 18     0.03939175
1937  9 19     0.04045495
1937  9 20     0.04143441
1937  9 21     0.04080566
1937  9 22     0.03959265
1937  9 23     0.03893401
1937  9 24     0.03778460
1937  9 25     0.03624287
1937  9 26     0.03473432
1937  9 27     0.03356135
1937  9 28     0.03499703
1937  9 29     0.29481320
1937  9 30     0.06687186
1937 10  1     0.03365418
1937 10  2     0.03266951
1937 10  3     0.53707675
1937 10  4     0.29779556
1937 10  5     0.04999925
1937 10  6     0.03446330
1937 10  7     0.03193415
1937 10  8     0.03063265
1937 10  9     0.02951257
1937 10 10     0.02848361
1937 10 11     0.02754519
1937 10 12     0.02691538
1937 10 13     0.05385802
1937 10 14     0.20439523
1937 10 15     0.37931796
1937 10 16     0.18782799
1937 10 17     0.02487962
1937 10 18     0.02376288
1937 10 19     0.02281081
1937 10 20     0.02222997
1937 10 21     0.02181394
1937 10 22     0.02110621
1937 10 23     0.02046684
1937 10 24     0.02013500
1937 10 25     0.01983279
1937 10 26     0.01915503
1937 10 27     0.01886392
1937 10 28     0.01893032
1937 10 29     0.01884318
1937 10 30     0.01935890
1937 10 31     0.02692734
1937 11  1     0.02665169
1937 11  2     0.01833336
1937 11  3     0.01787431
1937 11  4     0.01828906
1937 11  5     0.01792876
1937 11  6     0.01859690
1937 11  7     0.01994766
1937 11  8     0.01908246
1937 11  9     0.01788625
1937 11 10     0.01756882
1937 11 11     0.72159861
1937 11 12     0.52756581
1937 11 13     0.13835991
1937 11 14     0.28313753
1937 11 15     0.18553819
1937 11 16     0.03019718
1937 11 17     3.12816711
1937 11 18     2.05073263
1937 11 19     0.46438569
1937 11 20     0.96420861
1937 11 21     1.10583622
1937 11 22     0.57733755
1937 11 23     0.39164213
1937 11 24     0.70475301
1937 11 25     0.52054661
1937 11 26     0.22983796
1937 11 27     0.19688133
1937 11 28     0.15805968
1937 11 29     0.11919691
1937 11 30     0.09247648
1937 12  1     0.07746842
1937 12  2     0.06521859
1937 12  3     0.05608155
1937 12  4     0.04876166
1937 12  5     0.04430145
1937 12  6     0.04391683
1937 12  7     0.04546327
1937 12  8     0.04463910
1937 12  9     0.23527964
1937 12 10    20.18244230
1937 12 11    38.56051442
1937 12 12    29.43855150
1937 12 13    12.17088560
1937 12 14     6.03789748
1937 12 15     4.34682054
1937 12 16     3.22213966
1937 12 17     2.48999196
1937 12 18     1.99256262
1937 12 19     1.64062163
1937 12 20     1.38365047
1937 12 21     1.18822345
1937 12 22     1.03458293
1937 12 23     1.84756353
1937 12 24     1.09456726
1937 12 25     0.78049555
1937 12 26     0.70311380
1937 12 27     0.63102202
1937 12 28     0.57123946
1937 12 29     0.52178775
1937 12 30     0.47911813
1937 12 31     0.44448400
1938  1  1     0.41997977
1938  1  2     1.93392199
1938  1  3     1.65093596
1938  1  4     0.86967800
1938  1  5     0.60485799
1938  1  6     0.53507810
1938  1  7     0.48076249
1938  1  8     0.43624448
1938  1  9     0.40896771
1938  1 10     0.41121655
1938  1 11     0.42399268
1938  1 12     0.41625889
1938  1 13     0.42383009
1938  1 14     1.10563980
1938  1 15    11.73443336
1938  1 16     6.86965162
1938  1 17     5.08316937
1938  1 18     3.78909545
1938  1 19     2.73542659
1938  1 20     1.92457159
1938  1 21     1.36063061
1938  1 22     1.15054516
1938  1 23     1.01001147
1938  1 24     0.89157203
1938  1 25     0.81166441
1938  1 26     0.76438988
1938  1 27     0.72643783
1938  1 28     0.82604167
1938  1 29     2.25467180
1938  1 30     1.31202598
1938  1 31     4.21994968
1938  2  1     7.29253975
1938  2  2     4.10152934
1938  2  3     9.49753465
1938  2  4     6.39352867
1938  2  5     4.01533851
1938  2  6     2.02822400
1938  2  7     1.47969111
1938  2  8     1.32392966
1938  2  9     6.97553481
1938  2 10    13.93302597
1938  2 11    20.87020889
1938  2 12     9.70761637
1938  2 13     3.80194283
1938  2 14     8.02041458
1938  2 15     3.80495951
1938  2 16     2.34208738
1938  2 17     2.03214079
1938  2 18     2.75655121
1938  2 19     4.15631761
1938  2 20     2.43766864
1938  2 21     1.85277488
1938  2 22     1.78319385
1938  2 23     1.73049738
1938  2 24     1.67179421
1938  2 25     1.64459826
1938  2 26     1.63486669
1938  2 27     1.63716377
1938  2 28     2.06559183
1938  3  1     9.46063831
1938  3  2    22.74421344
1938  3  3    14.15758758
1938  3  4     7.67847181
1938  3  5     4.22084143
1938  3  6     3.20374530
1938  3  7     2.78644073
1938  3  8     3.74076039
1938  3  9     2.83067289
1938  3 10     2.35890660
1938  3 11     3.91765750
1938  3 12    17.78101717
1938  3 13    18.50452615
1938  3 14     7.29366077
1938  3 15     3.96307732
1938  3 16     6.26029727
1938  3 17     4.88526467
1938  3 18     3.20177847
1938  3 19     2.83710588
1938  3 20     6.54481901
1938  3 21     4.12837597
1938  3 22     2.69781706
1938  3 23     3.03720189
1938  3 24     7.12853083
1938  3 25     4.70845364
1938  3 26     3.03357272
1938  3 27     3.01213053
1938  3 28     3.00077241
1938  3 29     2.51922325
1938  3 30     2.14063685
1938  3 31     2.00233528
1938  4  1     1.95089339
1938  4  2     2.18811936
1938  4  3     2.49730912
1938  4  4     5.79153353
1938  4  5     9.77932391
1938  4  6     4.97421649
1938  4  7     2.93415971
1938  4  8     3.08487265
1938  4  9     3.48224938
1938  4 10     3.37131977
1938  4 11     3.26330471
1938  4 12     3.25625227
1938  4 13     2.74486618
1938  4 14     2.18479481
1938  4 15     2.13146976
1938  4 16     2.68817914
1938  4 17     3.73891259
1938  4 18     4.92353797
1938  4 19     6.18377903
1938  4 20     6.75435737
1938  4 21     6.61555945
1938  4 22     6.47908580
1938  4 23     6.10827373
1938  4 24     5.74032217
1938  4 25     6.56521045
1938  4 26     4.06566493
1938  4 27     3.42375518
1938  4 28     3.84830428
1938  4 29     5.31705430
1938  4 30     4.86968017
1938  5  1     3.61752582
1938  5  2     4.19010439
1938  5  3     2.85757421
1938  5  4     2.40411295
1938  5  5     2.60909994
1938  5  6     2.80402276
1938  5  7     3.45463165
1938  5  8     4.48497192
1938  5  9     5.38826451
1938  5 10     5.96332493
1938  5 11     6.87469295
1938  5 12     8.20787765
1938  5 13     9.78247979
1938  5 14    10.90283415
1938  5 15    10.80903564
1938  5 16    10.54946169
1938  5 17     8.61885071
1938  5 18     7.09443194
1938  5 19     6.38964150
1938  5 20     5.68183904
1938  5 21     5.52908563
1938  5 22     5.67365349
1938  5 23     6.98757540
1938  5 24     8.63090607
1938  5 25     9.83781770
1938  5 26    10.20579265
1938  5 27     9.56823334
1938  5 28     7.88662732
1938  5 29     6.63780212
1938  5 30     7.09090134
1938  5 31     8.29936630
1938  6  1     9.52353745
1938  6  2    10.35278155
1938  6  3    10.55532430
1938  6  4    10.40397108
1938  6  5    10.00364553
1938  6  6     9.61150311
1938  6  7     9.67701802
1938  6  8     9.61854186
1938  6  9     8.85780920
1938  6 10     7.87935603
1938  6 11     6.93957618
1938  6 12     6.67213097
1938  6 13     6.66355443
1938  6 14     6.57215261
1938  6 15     6.75029506
1938  6 16     6.95495416
1938  6 17     6.70372954
1938  6 18     5.59891829
1938  6 19     4.76240877
1938  6 20     5.01220706
1938  6 21     5.07876899
1938  6 22     5.01003871
1938  6 23     5.12818888
1938  6 24     4.93640617
1938  6 25     4.66513979
1938  6 26     4.07284833
1938  6 27     3.33292759
1938  6 28     2.88457694
1938  6 29     2.64334121
1938  6 30     2.39285308
1938  7  1     2.12795469
1938  7  2     1.82721539
1938  7  3     1.48689603
1938  7  4     1.19649961
1938  7  5     1.04475598
1938  7  6     0.94529333
1938  7  7     0.85702533
1938  7  8     0.79710093
1938  7  9     0.73796009
1938  7 10     0.68740863
1938  7 11     0.64132463
1938  7 12     0.56911473
1938  7 13     0.50451840
1938  7 14     0.46990856
1938  7 15     0.44276971
1938  7 16     0.41702170
1938  7 17     0.39236235
1938  7 18     0.37004181
1938  7 19     0.35262941
1938  7 20     0.33691604
1938  7 21     0.31914579
1938  7 22     0.36121031
1938  7 23     0.35047978
1938  7 24     0.28059190
1938  7 25     0.28447556
1938  7 26     0.37138893
1938  7 27     0.57702323
1938  7 28     0.44964394
1938  7 29     0.24591524
1938  7 30     0.23941941
1938  7 31     0.23030146
1938  8  1     0.22183543
1938  8  2     0.21440253
1938  8  3     0.20852332
1938  8  4     0.20293424
1938  8  5     0.19732719
1938  8  6     0.19205542
1938  8  7     0.18734781
1938  8  8     0.18324520
1938  8  9     0.17988389
1938  8 10     0.17591594
1938  8 11     0.17105921
1938  8 12     0.16636896
1938  8 13     0.16281617
1938  8 14     0.15994097
1938  8 15     0.15657471
1938  8 16     0.15299741
1938  8 17     0.15646920
1938  8 18     0.15563342
1938  8 19     0.14654959
1938  8 20     0.13913056
1938  8 21     0.13520442
1938  8 22     0.13356575
1938  8 23     0.13109788
1938  8 24     0.12674738
1938  8 25     0.12382732
1938  8 26     0.12093303
1938  8 27     0.11820739
1938  8 28     0.11562913
1938  8 29     0.12132337
1938  8 30     0.14932561
1938  8 31     0.13854014
1938  9  1     0.10622187
1938  9  2     0.10355177
1938  9  3     0.10115428
1938  9  4     0.09931054
1938  9  5     0.09813075
1938  9  6     0.09742523
1938  9  7     0.09604433
1938  9  8     0.09349730
1938  9  9     0.09084208
1938  9 10     0.08811330
1938  9 11     0.08627611
1938  9 12     0.08443191
1938  9 13     0.08187547
1938  9 14     0.07964495
1938  9 15     0.07816506
1938  9 16     0.07709459
1938  9 17     0.07751664
1938  9 18     0.19267961
1938  9 19     0.17091922
1938  9 20     0.08723688
1938  9 21     0.07013699
1938  9 22     0.06818408
1938  9 23     0.06747037
1938  9 24     0.06737052
1938  9 25     0.06678424
1938  9 26     0.06535697
1938  9 27     0.35917709
1938  9 28     0.97819444
1938  9 29     0.64057620
1938  9 30     0.08338299
1938 10  1     0.08276817
1938 10  2     1.25376765
1938 10  3     1.63356359
1938 10  4     0.70904189
1938 10  5     0.30787042
1938 10  6     0.56626412
1938 10  7     0.82599474
1938 10  8     0.50742981
1938 10  9     0.27008441
1938 10 10     0.23732297
1938 10 11     0.20695529
1938 10 12     0.17055210
1938 10 13     0.12818456
1938 10 14     0.51321726
1938 10 15     4.33778045
1938 10 16     3.54823690
1938 10 17     0.86386772
1938 10 18     0.65061113
1938 10 19     0.48997610
1938 10 20     0.39540916
1938 10 21     0.35807274
1938 10 22     0.34343282
1938 10 23     0.30029746
1938 10 24     0.25140188
1938 10 25     0.20110217
1938 10 26     0.15901919
1938 10 27     0.13496225
1938 10 28     0.11840061
1938 10 29     0.10469220
1938 10 30     3.37857178
1938 10 31     2.78162135
1938 11  1     1.89167750
1938 11  2     1.33564327
1938 11  3     0.63901869
1938 11  4     0.44676607
1938 11  5     0.34453541
1938 11  6     0.26347863
1938 11  7     0.23474622
1938 11  8     0.24892871
1938 11  9     0.21693311
1938 11 10     0.60015287
1938 11 11     0.31362563
1938 11 12     0.14656145
1938 11 13     0.11619462
1938 11 14     0.10619582
1938 11 15     0.10473755
1938 11 16     0.10775349
1938 11 17     0.11367267
1938 11 18     0.14549517
1938 11 19     0.18851722
1938 11 20     0.23386163
1938 11 21     0.20681466
1938 11 22     0.18760024
1938 11 23     0.18094015
1938 11 24     0.17627214
1938 11 25     0.19021677
1938 11 26     0.18520150
1938 11 27     0.19858233
1938 11 28     0.20642134
1938 11 29     0.94028585
1938 11 30     0.80162046
1938 12  1     0.69927225
1938 12  2     0.42000491
1938 12  3     0.46147676
1938 12  4     0.33032422
1938 12  5     0.23280800
1938 12  6     0.23716802
1938 12  7     0.24646358
1938 12  8     0.25949194
1938 12  9     0.23975135
1938 12 10     0.18444157
1938 12 11     0.13633709
1938 12 12     0.11123885
1938 12 13     0.09172736
1938 12 14     0.07890482
1938 12 15     0.36889586
1938 12 16     0.30147569
1938 12 17     0.12114138
1938 12 18     0.13368642
1938 12 19     0.15201932
1938 12 20     0.94617221
1938 12 21     0.48038925
1938 12 22     0.16034506
1938 12 23     0.10271448
1938 12 24     0.08567846
1938 12 25     0.07238912
1938 12 26     0.06285212
1938 12 27     0.05577226
1938 12 28     0.05079303
1938 12 29     0.04705371
1938 12 30     0.04530138
1938 12 31     0.04425083
1939  1  1     0.05059568
1939  1  2     0.06398530
1939  1  3     0.06160947
1939  1  4     0.51057693
1939  1  5     2.39947974
1939  1  6     1.21319526
1939  1  7     0.33903409
1939  1  8     0.21165237
1939  1  9     0.17956638
1939  1 10     0.15374639
1939  1 11     0.13438169
1939  1 12     0.12740913
1939  1 13     0.13014068
1939  1 14     0.12890347
1939  1 15     0.12012568
1939  1 16     0.10665728
1939  1 17     0.09883954
1939  1 18     0.10864287
1939  1 19     0.12168909
1939  1 20     0.43758816
1939  1 21     0.61602253
1939  1 22     0.39505363
1939  1 23     0.20627930
1939  1 24     0.20487493
1939  1 25     0.21363177
1939  1 26     0.23527894
1939  1 27     0.70930748
1939  1 28     0.82959640
1939  1 29     0.34818329
1939  1 30     2.03653597
1939  1 31     1.13112904
1939  2  1     0.42035861
1939  2  2     0.26380850
1939  2  3     1.01330912
1939  2  4     0.40397600
1939  2  5     0.19843868
1939  2  6     0.87971378
1939  2  7     0.43710217
1939  2  8     1.69067891
1939  2  9     0.59399574
1939  2 10     0.87196707
1939  2 11     0.27095308
1939  2 12     0.17518859
1939  2 13     0.15971972
1939  2 14     0.18238616
1939  2 15     0.22426020
1939  2 16     0.24359481
1939  2 17     0.34716299
1939  2 18     0.44507743
1939  2 19     0.46390960
1939  2 20     0.40744017
1939  2 21     0.40288367
1939  2 22     0.47985790
1939  2 23     0.48504802
1939  2 24     0.52661390
1939  2 25     0.51845951
1939  2 26     0.39697858
1939  2 27     0.32667353
1939  2 28     0.29512119
1939  3  1     0.28592482
1939  3  2     0.38370911
1939  3  3     0.41175764
1939  3  4     0.28303371
1939  3  5     0.27234150
1939  3  6     0.31341366
1939  3  7     0.71652600
1939  3  8     0.57557853
1939  3  9     4.01027686
1939  3 10     3.04562545
1939  3 11     1.15001480
1939  3 12     0.77124473
1939  3 13     0.78522375
1939  3 14     0.83361500
1939  3 15     1.07043658
1939  3 16     1.54788048
1939  3 17     2.30640574
1939  3 18     3.04052657
1939  3 19     3.42859992
1939  3 20     3.74330821
1939  3 21     3.70279667
1939  3 22     3.48174967
1939  3 23     3.30346988
1939  3 24     3.24040779
1939  3 25     3.29003064
1939  3 26     8.02605472
1939  3 27     8.21824710
1939  3 28     3.58624178
1939  3 29     2.59026608
1939  3 30     2.46911690
1939  3 31     2.97804675
1939  4  1     3.46561404
1939  4  2     5.24690354
1939  4  3     4.58196932
1939  4  4     3.40998858
1939  4  5     3.13482150
1939  4  6     3.51042525
1939  4  7     4.09985006
1939  4  8     4.43332562
1939  4  9     4.41541473
1939  4 10     4.14335294
1939  4 11     3.95486541
1939  4 12     3.53800215
1939  4 13     2.45079830
1939  4 14     1.56078223
1939  4 15     1.48397632
1939  4 16     1.93234652
1939  4 17     2.78286519
1939  4 18     3.60910770
1939  4 19     3.95132340
1939  4 20     4.08215729
1939  4 21     4.12259557
1939  4 22     3.53363436
1939  4 23     2.31126425
1939  4 24     1.58809936
1939  4 25     1.59882457
1939  4 26     1.67834409
1939  4 27     2.16507311
1939  4 28     2.79026640
1939  4 29     2.92954389
1939  4 30     2.86377155
1939  5  1     2.76477230
1939  5  2     2.67599141
1939  5  3     2.68901394
1939  5  4     2.73129122
1939  5  5     2.51537694
1939  5  6     2.09252828
1939  5  7     1.88744114
1939  5  8     1.92489587
1939  5  9     1.79856639
1939  5 10     2.42356123
1939  5 11     2.16149355
1939  5 12     1.38620391
1939  5 13     1.10200052
1939  5 14     1.14181958
1939  5 15     1.65696777
1939  5 16     1.54287941
1939  5 17     0.97884834
1939  5 18     0.79107453
1939  5 19     0.64977104
1939  5 20     0.53174162
1939  5 21     1.83320980
1939  5 22     1.56184402
1939  5 23     1.25793443
1939  5 24     1.36864232
1939  5 25     1.85086194
1939  5 26     1.43840156
1939  5 27     0.88718060
1939  5 28     0.74445416
1939  5 29     0.62224097
1939  5 30     0.53751189
1939  5 31     0.44585708
1939  6  1     0.35799449
1939  6  2     0.30650644
1939  6  3     0.27136421
1939  6  4     0.24336331
1939  6  5     0.24590194
1939  6  6     0.23389120
1939  6  7     0.19811595
1939  6  8     0.17709304
1939  6  9     0.16536345
1939  6 10     0.15499210
1939  6 11     0.14598668
1939  6 12     0.13810569
1939  6 13     0.13125375
1939  6 14     0.15274241
1939  6 15     0.39722496
1939  6 16     0.34806407
1939  6 17     0.18428783
1939  6 18     0.16435349
1939  6 19     0.11848802
1939  6 20     0.20099473
1939  6 21     0.19708597
1939  6 22     0.10976145
1939  6 23     0.11201251
1939  6 24     0.10162484
1939  6 25     0.09450379
1939  6 26     0.08876643
1939  6 27     0.08396366
1939  6 28     0.07985541
1939  6 29     0.07638470
1939  6 30     0.07334175
1939  7  1     0.07078004
1939  7  2     0.06884136
1939  7  3     0.06676602
1939  7  4     0.06449242
1939  7  5     0.06256752
1939  7  6     0.06056934
1939  7  7     0.05783914
1939  7  8     0.05513319
1939  7  9     0.05310341
1939  7 10     0.05140004
1939  7 11     0.04984499
1939  7 12     0.04832915
1939  7 13     0.04672768
1939  7 14     0.04544380
1939  7 15     0.04428181
1939  7 16     0.04285254
1939  7 17     0.04154659
1939  7 18     0.04032645
1939  7 19     0.03890512
1939  7 20     0.03759025
1939  7 21     0.03621736
1939  7 22     0.03469097
1939  7 23     0.03327921
1939  7 24     0.05283988
1939  7 25     0.05001991
1939  7 26     0.03059297
1939  7 27     0.03812157
1939  7 28     0.04608790
1939  7 29     0.04663094
1939  7 30     0.16607211
1939  7 31     0.15483734
1939  8  1     0.03045729
1939  8  2     0.02728051
1939  8  3     0.03083058
1939  8  4     0.02889729
1939  8  5     0.02337057
1939  8  6     0.02220405
1939  8  7     0.02159773
1939  8  8     0.02094724
1939  8  9     0.02033089
1939  8 10     0.01977942
1939  8 11     0.01926236
1939  8 12     0.01870048
1939  8 13     0.01807652
1939  8 14     0.01745703
1939  8 15     0.01690663
1939  8 16     0.01639171
1939  8 17     0.01592370
1939  8 18     0.01542950
1939  8 19     0.01495913
1939  8 20     0.01655871
1939  8 21     0.07910438
1939  8 22     0.06893123
1939  8 23     0.01454628
1939  8 24     0.06001600
1939  8 25     0.05568446
1939  8 26     0.01245051
1939  8 27     0.01214602
1939  8 28     0.01189309
1939  8 29     0.01164868
1939  8 30     0.01134015
1939  8 31     0.01103385
1939  9  1     0.01068428
1939  9  2     0.01041499
1939  9  3     0.01017736
1939  9  4     0.00986414
1939  9  5     0.00960986
1939  9  6     0.00932487
1939  9  7     0.00899232
1939  9  8     0.00870964
1939  9  9     0.00844415
1939  9 10     0.00816954
1939  9 11     0.02344172
1939  9 12     0.16165937
1939  9 13     0.55312106
1939  9 14     0.29378110
1939  9 15     0.08420091
1939  9 16     0.00742796
1939  9 17     0.00764733
1939  9 18     0.02238170
1939  9 19     0.05412464
1939  9 20     0.15041083
1939  9 21     0.31564180
1939  9 22     0.33738316
1939  9 23     0.18576979
1939  9 24     0.15091837
1939  9 25     1.51124296
1939  9 26     2.69700841
1939  9 27     1.59052065
1939  9 28     0.45634605
1939  9 29     0.34437353
1939  9 30     0.24506646
1939 10  1     0.77911686
1939 10  2     3.59885521
1939 10  3     3.98923069
1939 10  4     1.96768095
1939 10  5     0.93641582
1939 10  6     1.45815372
1939 10  7     1.64441612
1939 10  8     0.97737683
1939 10  9     0.73568023
1939 10 10     0.76114572
1939 10 11     0.72367453
1939 10 12     0.65028629
1939 10 13     0.48883816
1939 10 14     0.31281093
1939 10 15     0.22752593
1939 10 16     0.17730268
1939 10 17     0.14084128
1939 10 18     0.11477599
1939 10 19     0.09544905
1939 10 20     0.08056457
1939 10 21     0.06869056
1939 10 22     0.05905737
1939 10 23     0.05113479
1939 10 24     0.51054070
1939 10 25     0.82268965
1939 10 26     0.36889317
1939 10 27     0.15779755
1939 10 28     0.37079307
1939 10 29     0.58199611
1939 10 30     0.70183351
1939 10 31     0.65105395
1939 11  1     0.46031698
1939 11  2     0.30257587
1939 11  3     0.20332335
1939 11  4     0.14251649
1939 11  5     0.10767164
1939 11  6     0.08243309
1939 11  7     0.06514231
1939 11  8     0.05637682
1939 11  9     0.04752851
1939 11 10     0.03735492
1939 11 11     0.03204432
1939 11 12     0.02777111
1939 11 13     0.02428616
1939 11 14     0.02137968
1939 11 15     0.01899248
1939 11 16     0.01691872
1939 11 17     0.01508872
1939 11 18     0.01354228
1939 11 19     0.01221157
1939 11 20     0.01104955
1939 11 21     0.01004700
1939 11 22     0.00918397
1939 11 23     0.00842577
1939 11 24     0.02202430
1939 11 25     0.30875546
1939 11 26     1.08883340
1939 11 27     0.73025271
1939 11 28     0.16800340
1939 11 29     0.13879322
1939 11 30     0.09665851
1939 12  1     0.07052574
1939 12  2     0.05266154
1939 12  3     0.04047449
1939 12  4     0.03153566
1939 12  5     0.02708851
1939 12  6     0.03861529
1939 12  7     0.03138271
1939 12  8     0.01654914
1939 12  9     0.08461997
1939 12 10     0.31581003
1939 12 11     1.34396919
1939 12 12     0.86291509
1939 12 13     0.18855288
1939 12 14     0.14518079
1939 12 15     0.10377417
1939 12 16     0.08373121
1939 12 17     0.06819732
1939 12 18     0.05227641
1939 12 19     0.04551216
1939 12 20     0.03698474
1939 12 21     0.02698501
1939 12 22     0.02294284
1939 12 23     0.04559158
1939 12 24     0.02469331
1939 12 25     0.01708498
1939 12 26     0.01529646
1939 12 27     0.01398167
1939 12 28     0.04535359
1939 12 29     0.09304192
1939 12 30     0.06913522
1939 12 31     0.03920376
1940  1  1     0.42778512
1940  1  2     8.79986789
1940  1  3     8.58399005
1940  1  4     7.31389918
1940  1  5     4.80977503
1940  1  6     2.22794793
1940  1  7     2.09213505
1940  1  8     4.81123883
1940  1  9     7.00431126
1940  1 10     8.01833819
1940  1 11    11.50609674
1940  1 12     9.69730260
1940  1 13     4.83145942
1940  1 14     2.63681892
1940  1 15     2.08195571
1940  1 16     1.70222149
1940  1 17     1.44603979
1940  1 18     1.25941008
1940  1 19     1.11937398
1940  1 20     1.01094827
1940  1 21     0.92507334
1940  1 22     0.85266409
1940  1 23     0.93742641
1940  1 24     0.91649352
1940  1 25     8.54287395
1940  1 26    20.12702446
1940  1 27    13.10383221
1940  1 28     4.69109987
1940  1 29     3.55854803
1940  1 30     2.80133470
1940  1 31     2.49103510
1940  2  1     2.01808174
1940  2  2     1.77328259
1940  2  3     5.77635788
1940  2  4     5.08554223
1940  2  5     3.18319641
1940  2  6     4.19236502
1940  2  7     2.75757784
1940  2  8     1.72977972
1940  2  9     1.49564633
1940  2 10     1.33549858
1940  2 11     1.21509307
1940  2 12     1.24108019
1940  2 13     1.10811919
1940  2 14     6.28369165
1940  2 15     3.06307224
1940  2 16     1.85648459
1940  2 17     2.51347938
1940  2 18     2.37743978
1940  2 19     1.51570762
1940  2 20     1.22261849
1940  2 21     1.17437243
1940  2 22     1.69644748
1940  2 23    10.16927657
1940  2 24     6.49018072
1940  2 25     6.12279099
1940  2 26     6.39554994
1940  2 27    15.80870389
1940  2 28    11.21395173
1940  2 29     8.73315456
1940  3  1     5.15698868
1940  3  2     3.22443692
1940  3  3     2.73049011
1940  3  4     2.39675342
1940  3  5     2.20286660
1940  3  6     2.11212013
1940  3  7     2.10861767
1940  3  8     2.14957353
1940  3  9     2.00363133
1940  3 10     1.66913272
1940  3 11     1.50048058
1940  3 12     1.39478287
1940  3 13     1.30455026
1940  3 14     1.36183379
1940  3 15     1.64049436
1940  3 16     2.15551721
1940  3 17     2.10663385
1940  3 18     1.97457983
1940  3 19     2.27246281
1940  3 20     2.50218642
1940  3 21     2.71751153
1940  3 22     3.10382156
1940  3 23     3.29743718
1940  3 24     3.37001652
1940  3 25     5.55376590
1940  3 26    10.57699363
1940  3 27    20.30303187
1940  3 28    12.08770879
1940  3 29     7.91364153
1940  3 30    16.13161777
1940  3 31    16.10701591
1940  4  1     7.43666293
1940  4  2     4.99511842
1940  4  3     3.55422232
1940  4  4     3.20587015
1940  4  5     2.58651918
1940  4  6     2.33816572
1940  4  7     2.32638750
1940  4  8     2.25964145
1940  4  9     2.35775528
1940  4 10     2.70801795
1940  4 11     3.33824748
1940  4 12     4.28616071
1940  4 13     4.96481045
1940  4 14     4.87961945
1940  4 15     3.82975408
1940  4 16     2.58505084
1940  4 17     2.60605135
1940  4 18     3.50292457
1940  4 19     4.09116186
1940  4 20     4.36499881
1940  4 21     4.45578886
1940  4 22     4.34491491
1940  4 23     3.99506241
1940  4 24     3.35951266
1940  4 25     2.54699170
1940  4 26     2.34101166
1940  4 27     1.65803736
1940  4 28     1.41502086
1940  4 29     1.65886870
1940  4 30     2.48273469
1940  5  1     3.60058529
1940  5  2     4.45206808
1940  5  3     4.29232496
1940  5  4     3.53997247
1940  5  5     3.00920040
1940  5  6     2.74643522
1940  5  7     3.00765099
1940  5  8     4.11230698
1940  5  9     5.25090523
1940  5 10     6.26322944
1940  5 11     6.68897507
1940  5 12     6.55986033
1940  5 13     6.42256975
1940  5 14     6.45520291
1940  5 15     6.21489107
1940  5 16     6.15482444
1940  5 17     5.94616427
1940  5 18     5.36407457
1940  5 19     5.58007919
1940  5 20     5.97113877
1940  5 21     6.07257755
1940  5 22     6.00709233
1940  5 23     5.99394131
1940  5 24     5.88441075
1940  5 25     5.55524626
1940  5 26     4.83678827
1940  5 27     4.31692232
1940  5 28     4.31941636
1940  5 29     4.05051372
1940  5 30     3.74243172
1940  5 31     3.77508705
1940  6  1     3.94110393
1940  6  2     3.86749857
1940  6  3     3.73767945
1940  6  4     3.71095752
1940  6  5     3.66625114
1940  6  6     3.67879975
1940  6  7     3.42450031
1940  6  8     3.11319529
1940  6  9     2.90752048
1940  6 10     2.73594842
1940  6 11     2.60504825
1940  6 12     2.52333003
1940  6 13     2.24162857
1940  6 14     1.86648864
1940  6 15     1.61512760
1940  6 16     1.29495003
1940  6 17     1.04155957
1940  6 18     0.89100130
1940  6 19     0.74978976
1940  6 20     0.65180670
1940  6 21     0.58456099
1940  6 22     0.52704321
1940  6 23     0.47670372
1940  6 24     0.43112463
1940  6 25     0.39107395
1940  6 26     0.36157085
1940  6 27     0.33739455
1940  6 28     0.32065238
1940  6 29     0.37738803
1940  6 30     0.35806692
1940  7  1     0.27254709
1940  7  2     0.25859975
1940  7  3     0.24667414
1940  7  4     0.23632630
1940  7  5     0.22653726
1940  7  6     0.21758582
1940  7  7     0.20951585
1940  7  8     0.20217979
1940  7  9     0.19559022
1940  7 10     0.18981161
1940  7 11     0.18404591
1940  7 12     0.17810320
1940  7 13     0.17262667
1940  7 14     0.16749706
1940  7 15     0.16236499
1940  7 16     0.15864509
1940  7 17     0.15594728
1940  7 18     0.15195422
1940  7 19     0.14789218
1940  7 20     0.14408380
1940  7 21     0.13964737
1940  7 22     0.13507252
1940  7 23     0.13068578
1940  7 24     0.12608275
1940  7 25     0.12245453
1940  7 26     0.12024656
1940  7 27     0.11746455
1940  7 28     0.11486245
1940  7 29     0.11268926
1940  7 30     0.10974215
1940  7 31     0.10669451
1940  8  1     0.10389295
1940  8  2     0.10158899
1940  8  3     0.09896315
1940  8  4     0.09600858
1940  8  5     0.09356001
1940  8  6     0.09099635
1940  8  7     0.08841030
1940  8  8     0.08585774
1940  8  9     0.08297631
1940  8 10     0.08002932
1940  8 11     0.07735321
1940  8 12     0.07496071
1940  8 13     0.07399711
1940  8 14     0.07285347
1940  8 15     0.07145064
1940  8 16     0.07102446
1940  8 17     0.06932174
1940  8 18     0.06714019
1940  8 19     0.06535561
1940  8 20     0.06358843
1940  8 21     0.06205250
1940  8 22     0.06127154
1940  8 23     0.06111967
1940  8 24     0.06153811
1940  8 25     0.06138945
1940  8 26     0.05858978
1940  8 27     0.05571620
1940  8 28     0.05366732
1940  8 29     0.05167935
1940  8 30     0.04953637
1940  8 31     0.04782018
1940  9  1     0.04682132
1940  9  2     0.04745243
1940  9  3     0.04905005
1940  9  4     0.09262679
1940  9  5     0.08895869
1940  9  6     0.14051489
1940  9  7     0.14167360
1940  9  8     0.04393290
1940  9  9     0.04114585
1940  9 10     0.04019564
1940  9 11     0.03961565
1940  9 12     0.03852261
1940  9 13     0.03866333
1940  9 14     0.03867458
1940  9 15     0.03837595
1940  9 16     0.03813699
1940  9 17     0.04047935
1940  9 18     0.04173030
1940  9 19     0.03911140
1940  9 20     0.03534799
1940  9 21     0.03337197
1940  9 22     0.03156140
1940  9 23     0.03020737
1940  9 24     0.02943618
1940  9 25     0.02900546
1940  9 26     0.02856011
1940  9 27     0.02860892
1940  9 28     0.03005448
1940  9 29     0.03064667
1940  9 30     0.02913165
1940 10  1     0.02769656
1940 10  2     0.02750249
1940 10  3     0.08869382
1940 10  4     0.07608946
1940 10  5     0.02828133
1940 10  6     0.02606330
1940 10  7     0.02499165
1940 10  8     0.07224505
1940 10  9     0.12998432
1940 10 10     0.05891741
1940 10 11     0.02152831
1940 10 12     0.01996631
1940 10 13     0.01887783
1940 10 14     0.01829675
1940 10 15     0.01816721
1940 10 16     0.01791890
1940 10 17     0.01751888
1940 10 18     0.01706147
1940 10 19     0.01704333
1940 10 20     0.01701022
1940 10 21     0.01661410
1940 10 22     0.01672164
1940 10 23     0.01692619
1940 10 24     0.46421730
1940 10 25     1.06092854
1940 10 26     1.17252235
1940 10 27     0.24313409
1940 10 28     0.03401238
1940 10 29     0.09053033
1940 10 30     0.13741966
1940 10 31     0.08401298
1940 11  1     0.06720506
1940 11  2     1.13019342
1940 11  3     0.70400620
1940 11  4     0.07831325
1940 11  5     0.05211190
1940 11  6     0.07542037
1940 11  7     0.16849557
1940 11  8     0.16490688
1940 11  9     0.10485993
1940 11 10     0.06274128
1940 11 11     0.05059576
1940 11 12     0.05441396
1940 11 13     0.06573257
1940 11 14     0.09853529
1940 11 15     0.13040977
1940 11 16     0.13637828
1940 11 17     0.13369379
1940 11 18     0.09397773
1940 11 19     0.06251679
1940 11 20     0.05640008
1940 11 21     0.04460968
1940 11 22     0.03727113
1940 11 23     0.03242830
1940 11 24     0.02746189
1940 11 25     0.02429655
1940 11 26     0.02232580
1940 11 27     0.02093901
1940 11 28     0.02289433
1940 11 29     0.03273952
1940 11 30     0.04338485
1940 12  1     0.04620397
1940 12  2     0.05553503
1940 12  3     0.06239926
1940 12  4     0.06212811
1940 12  5     0.05518091
1940 12  6     0.04410179
1940 12  7     0.03989234
1940 12  8     0.03746628
1940 12  9     0.03321211
1940 12 10     0.02671057
1940 12 11     0.02247853
1940 12 12     0.02095987
1940 12 13     0.01977633
1940 12 14     0.01818682
1940 12 15     0.06111492
1940 12 16     0.27372629
1940 12 17     0.93972030
1940 12 18     1.46147355
1940 12 19     0.67033089
1940 12 20     0.20854132
1940 12 21     0.53021469
1940 12 22     2.69941525
1940 12 23     3.98402429
1940 12 24     2.65030757
1940 12 25     1.73131970
1940 12 26     1.06456508
1940 12 27     7.04031079
1940 12 28     5.69218712
1940 12 29     2.37448030
1940 12 30     2.56963081
1940 12 31     1.95655539
1941  1  1     1.05262858
1941  1  2     0.87327219
1941  1  3     0.75041532
1941  1  4     1.15715746
1941  1  5     2.20324586
1941  1  6     2.30454373
1941  1  7     3.26438490
1941  1  8     2.13305009
1941  1  9     1.21465433
1941  1 10     0.94752305
1941  1 11     1.18925915
1941  1 12     1.34304660
1941  1 13     1.15107027
1941  1 14     3.80943191
1941  1 15     2.44408484
1941  1 16     1.12644435
1941  1 17     0.95327082
1941  1 18     0.92476635
1941  1 19     0.92539458
1941  1 20     1.47122923
1941  1 21     2.04204683
1941  1 22     2.07534365
1941  1 23     3.55086562
1941  1 24     4.25134914
1941  1 25     2.24765269
1941  1 26     2.66005312
1941  1 27     1.88062670
1941  1 28     1.29197562
1941  1 29     1.17217396
1941  1 30     1.04218624
1941  1 31     0.95469251
1941  2  1     0.88811035
1941  2  2     0.84713267
1941  2  3     0.82964464
1941  2  4     0.79507615
1941  2  5     0.98795352
1941  2  6     4.83173018
1941  2  7     2.81173621
1941  2  8     2.61206232
1941  2  9     9.44700508
1941  2 10    11.93799331
1941  2 11    10.96534857
1941  2 12    10.57544626
1941  2 13     4.96588786
1941  2 14     2.70997600
1941  2 15     4.94380743
1941  2 16     3.36339703
1941  2 17     3.38004663
1941  2 18     2.79699908
1941  2 19     2.16617297
1941  2 20     3.02971757
1941  2 21     3.12609804
1941  2 22     2.65284704
1941  2 23     1.94518262
1941  2 24     6.69383903
1941  2 25     4.09134930
1941  2 26     2.82945073
1941  2 27     2.46622703
1941  2 28     7.04571188
1941  3  1    10.76844451
1941  3  2     9.53054920
1941  3  3     7.19013424
1941  3  4     3.91100532
1941  3  5     5.19052926
1941  3  6     2.80218766
1941  3  7     2.23021944
1941  3  8     2.25321070
1941  3  9     2.48025591
1941  3 10     2.65235869
1941  3 11     2.46524747
1941  3 12     2.22687601
1941  3 13     2.32079402
1941  3 14     2.48361772
1941  3 15     1.85056889
1941  3 16     1.75303392
1941  3 17     1.86774084
1941  3 18     1.94223982
1941  3 19     1.79186830
1941  3 20     1.53370032
1941  3 21     1.35500528
1941  3 22     1.41509644
1941  3 23     1.64287729
1941  3 24     1.67896752
1941  3 25     1.70234387
1941  3 26     1.85909771
1941  3 27     1.99689687
1941  3 28     2.18000117
1941  3 29     4.09882663
1941  3 30     2.31188568
1941  3 31     2.20465761
1941  4  1     3.40608869
1941  4  2     5.82186131
1941  4  3     2.49039117
1941  4  4     8.89985016
1941  4  5     5.68364677
1941  4  6     2.71882736
1941  4  7     2.24621975
1941  4  8     2.16289465
1941  4  9     2.72596312
1941  4 10     4.32383220
1941  4 11     3.97966644
1941  4 12     2.07479427
1941  4 13     1.90135424
1941  4 14     2.01024199
1941  4 15     2.09058755
1941  4 16     1.85506387
1941  4 17     1.48254133
1941  4 18     1.26923806
1941  4 19     1.21409199
1941  4 20     1.29118197
1941  4 21     1.48218584
1941  4 22     1.76268695
1941  4 23     2.26873186
1941  4 24     2.96658793
1941  4 25     3.69773859
1941  4 26     4.14818388
1941  4 27     3.85298833
1941  4 28     3.38268789
1941  4 29     4.04307705
1941  4 30     6.04911821
1941  5  1     5.20948807
1941  5  2     3.90856358
1941  5  3     5.04385803
1941  5  4     4.88367753
1941  5  5     4.57753229
1941  5  6     5.12377534
1941  5  7     5.50240191
1941  5  8     5.77417184
1941  5  9     6.04330957
1941  5 10     6.89501058
1941  5 11     7.76169995
1941  5 12     7.76393569
1941  5 13     6.57000649
1941  5 14     6.53510161
1941  5 15     6.01717584
1941  5 16     6.03815140
1941  5 17     6.79280047
1941  5 18     4.93863401
1941  5 19     3.31285717
1941  5 20     4.50352880
1941  5 21     6.23927579
1941  5 22     7.85131035
1941  5 23     9.47387879
1941  5 24     9.27708931
1941  5 25     8.23880110
1941  5 26     7.06010074
1941  5 27     5.61535164
1941  5 28     4.77143688
1941  5 29     4.23624967
1941  5 30     4.00389777
1941  5 31     4.22885476
1941  6  1     4.41950883
1941  6  2     5.15391429
1941  6  3     6.04997757
1941  6  4     6.64044475
1941  6  5     7.21031656
1941  6  6     7.04851646
1941  6  7     5.23105697
1941  6  8     3.68509940
1941  6  9     3.76965455
1941  6 10     5.54909696
1941  6 11     7.60493026
1941  6 12     8.32737119
1941  6 13     8.68615112
1941  6 14     8.32191585
1941  6 15     7.70277447
1941  6 16     7.65637117
1941  6 17     7.22251002
1941  6 18     6.74896219
1941  6 19     7.00995721
1941  6 20     6.71541195
1941  6 21     6.26293637
1941  6 22     6.22819295
1941  6 23     5.98729106
1941  6 24     5.08002993
1941  6 25     4.08590987
1941  6 26     3.80829094
1941  6 27     3.48528805
1941  6 28     3.45293061
1941  6 29     4.17682064
1941  6 30     4.97382555
1941  7  1     5.55866331
1941  7  2     5.78815916
1941  7  3     5.52768663
1941  7  4     5.19648601
1941  7  5     5.27935199
1941  7  6     5.19566781
1941  7  7     4.85657714
1941  7  8     4.54490823
1941  7  9     4.12030285
1941  7 10     3.56646651
1941  7 11     3.12641883
1941  7 12     2.66736949
1941  7 13     2.16962911
1941  7 14     1.84482995
1941  7 15     1.56806984
1941  7 16     1.32643369
1941  7 17     1.10658692
1941  7 18     0.89247384
1941  7 19     0.74825081
1941  7 20     0.66749791
1941  7 21     0.60232814
1941  7 22     0.53634897
1941  7 23     0.47883824
1941  7 24     0.43737987
1941  7 25     0.39948147
1941  7 26     0.36243389
1941  7 27     0.33561428
1941  7 28     0.31413573
1941  7 29     0.29292892
1941  7 30     0.27513666
1941  7 31     0.26029599
1941  8  1     0.24725987
1941  8  2     0.23545024
1941  8  3     0.22504523
1941  8  4     0.21573004
1941  8  5     0.20659910
1941  8  6     0.19827070
1941  8  7     0.38052003
1941  8  8     0.41524393
1941  8  9     0.23280820
1941  8 10     0.18422700
1941  8 11     0.18848902
1941  8 12     0.17491102
1941  8 13     0.16076907
1941  8 14     0.15545924
1941  8 15     0.15198476
1941  8 16     0.16298872
1941  8 17     0.21822831
1941  8 18     0.18677744
1941  8 19     0.13616371
1941  8 20     0.13267970
1941  8 21     0.12951776
1941  8 22     0.12661912
1941  8 23     0.12380158
1941  8 24     0.12082996
1941  8 25     0.11785550
1941  8 26     0.11503851
1941  8 27     0.11282587
1941  8 28     0.11090633
1941  8 29     0.10904175
1941  8 30     0.10736225
1941  8 31     0.10499397
1941  9  1     0.10226376
1941  9  2     0.10596096
1941  9  3     0.10068737
1941  9  4     0.09519384
1941  9  5     0.09154699
1941  9  6     0.08881218
1941  9  7     0.08694133
1941  9  8     0.08609978
1941  9  9     0.08485606
1941  9 10     0.08238290
1941  9 11     0.08084513
1941  9 12     0.08033338
1941  9 13     0.07992993
1941  9 14     0.07849950
1941  9 15     0.07623481
1941  9 16     0.07379553
1941  9 17     0.07168566
1941  9 18     0.07022465
1941  9 19     0.06984515
1941  9 20     0.07491142
1941  9 21     0.13555334
1941  9 22     0.13188935
1941  9 23     0.08207581
1941  9 24     0.08216577
1941  9 25     0.06687637
1941  9 26     0.06086287
1941  9 27     0.06012344
1941  9 28     0.05862075
1941  9 29     0.05688325
1941  9 30     0.05582692
1941 10  1     0.05448726
1941 10  2     0.05414608
1941 10  3     0.05381129
1941 10  4     0.05239618
1941 10  5     0.13425356
1941 10  6     0.17434099
1941 10  7     0.09854717
1941 10  8     0.05094350
1941 10  9     0.04915637
1941 10 10     0.04719366
1941 10 11     0.04919637
1941 10 12     0.04889863
1941 10 13     0.15120367
1941 10 14     0.12022283
1941 10 15     0.04427432
1941 10 16     0.04118970
1941 10 17     0.03967857
1941 10 18     0.03936830
1941 10 19     0.08970421
1941 10 20     0.21125168
1941 10 21     0.28576225
1941 10 22     0.12481677
1941 10 23     0.09552638
1941 10 24     0.28695351
1941 10 25     0.25021102
1941 10 26     0.08400379
1941 10 27     0.96576362
1941 10 28     0.73471569
1941 10 29     0.13552837
1941 10 30     0.12327148
1941 10 31     0.14913640
1941 11  1     1.30734572
1941 11  2     5.11804359
1941 11  3     4.51743091
1941 11  4     1.94320072
1941 11  5     1.12233626
1941 11  6     0.91732587
1941 11  7     0.75017170
1941 11  8     0.61233992
1941 11  9     0.47128184
1941 11 10     0.37714367
1941 11 11     0.33113597
1941 11 12     0.28169357
1941 11 13     0.24243722
1941 11 14     0.23077878
1941 11 15     0.21870415
1941 11 16     0.69570436
1941 11 17     0.73087998
1941 11 18     0.29743051
1941 11 19     0.19953449
1941 11 20     0.15640616
1941 11 21     0.12570801
1941 11 22     0.10490726
1941 11 23     0.09066384
1941 11 24     0.08091534
1941 11 25     0.08739035
1941 11 26     0.12264336
1941 11 27     0.14934954
1941 11 28     0.13318354
1941 11 29     0.96416443
1941 11 30     1.70609541
1941 12  1     0.91308276
1941 12  2     1.65909587
1941 12  3    11.16000891
1941 12  4     8.27021096
1941 12  5     2.20355711
1941 12  6     1.49257622
1941 12  7     1.05772772
1941 12  8     0.79088704
1941 12  9     0.61014521
1941 12 10     0.65439142
1941 12 11     0.47250360
1941 12 12     0.34029333
1941 12 13     0.35512264
1941 12 14     0.95889080
1941 12 15     2.20061506
1941 12 16     2.15242548
1941 12 17     1.33963263
1941 12 18     0.69866455
1941 12 19     0.46594521
1941 12 20     0.47621513
1941 12 21     0.55851679
1941 12 22     0.35618877
1941 12 23     0.58001230
1941 12 24     0.35197114
1941 12 25     0.34080098
1941 12 26     0.60389841
1941 12 27     1.00158262
1941 12 28     2.01172583
1941 12 29     3.28521837
1941 12 30     3.71567369
1941 12 31     1.89425905
1942  1  1     0.82146197
1942  1  2     0.45194600
1942  1  3     0.37802384
1942  1  4     0.33664204
1942  1  5     0.30760901
1942  1  6     0.28849794
1942  1  7     0.34615627
1942  1  8     1.92322500
1942  1  9     1.21125661
1942  1 10     0.65067488
1942  1 11     0.61292650
1942  1 12     0.56840607
1942  1 13     0.54270491
1942  1 14     0.54431027
1942  1 15     0.53892295
1942  1 16     0.50333682
1942  1 17     0.46777632
1942  1 18     0.46483222
1942  1 19     0.48328110
1942  1 20     0.51504635
1942  1 21     0.52980019
1942  1 22     3.20239187
1942  1 23     4.03141955
1942  1 24     5.15118893
1942  1 25    13.56235720
1942  1 26    12.25255919
1942  1 27    10.45048642
1942  1 28    11.94708083
1942  1 29     6.35425746
1942  1 30     3.49627656
1942  1 31     2.93253993
1942  2  1     2.40748147
1942  2  2     2.83543469
1942  2  3     3.65703893
1942  2  4     4.33171141
1942  2  5     7.05453767
1942  2  6     7.03562410
1942  2  7     6.80785866
1942  2  8     3.72117756
1942  2  9     2.28201300
1942  2 10     1.98672542
1942  2 11     1.77664620
1942  2 12     1.60283353
1942  2 13     1.45294368
1942  2 14     1.34518699
1942  2 15     1.26058146
1942  2 16     1.18750974
1942  2 17     1.12521086
1942  2 18     1.07109971
1942  2 19     1.02680688
1942  2 20     0.99784283
1942  2 21     1.15547545
1942  2 22     2.38454508
1942  2 23     1.43656560
1942  2 24     1.04410268
1942  2 25     0.95761098
1942  2 26     0.90903960
1942  2 27     0.88278203
1942  2 28     0.82693354
1942  3  1     0.79788620
1942  3  2     0.84683141
1942  3  3     0.91390228
1942  3  4     1.02954253
1942  3  5     1.18513874
1942  3  6     1.30715327
1942  3  7     1.24684665
1942  3  8     1.23062300
1942  3  9     1.36211755
1942  3 10     1.62569112
1942  3 11     6.07556175
1942  3 12     5.03060143
1942  3 13     3.19493094
1942  3 14     3.49273075
1942  3 15     2.36054199
1942  3 16     1.49037246
1942  3 17     1.46846076
1942  3 18     1.55771640
1942  3 19     1.41626654
1942  3 20     1.30985973
1942  3 21     1.28623872
1942  3 22     1.35060019
1942  3 23     1.30979525
1942  3 24     1.11034316
1942  3 25     0.92905632
1942  3 26     0.83524303
1942  3 27     0.80383462
1942  3 28     0.90860931
1942  3 29     1.24704472
1942  3 30     1.83525777
1942  3 31     2.63274117
1942  4  1     2.39123158
1942  4  2     2.08049029
1942  4  3     3.11520917
1942  4  4     5.45480571
1942  4  5     6.56227533
1942  4  6     3.41543781
1942  4  7     2.17858589
1942  4  8     2.31019299
1942  4  9     2.70604609
1942  4 10     5.44144175
1942  4 11     4.95953883
1942  4 12     4.07361576
1942  4 13     3.57833746
1942  4 14    12.88389274
1942  4 15     7.43039914
1942  4 16     3.89389466
1942  4 17     6.73454310
1942  4 18     3.47099237
1942  4 19     2.86293209
1942  4 20     4.12328408
1942  4 21     4.82177256
1942  4 22     4.26302318
1942  4 23     2.93816949
1942  4 24     2.22916782
1942  4 25     2.23965386
1942  4 26     1.92533033
1942  4 27     2.25794195
1942  4 28     4.30003662
1942  4 29     2.46235849
1942  4 30     1.59560058
1942  5  1     6.57029477
1942  5  2     3.25391689
1942  5  3     2.17450741
1942  5  4     3.05238429
1942  5  5     3.52491349
1942  5  6     4.19994892
1942  5  7     5.28678922
1942  5  8     5.60061787
1942  5  9     5.55547225
1942  5 10     4.10088594
1942  5 11     3.74998716
1942  5 12     2.92347999
1942  5 13     2.00875198
1942  5 14     2.04145792
1942  5 15     5.17564671
1942  5 16     4.02763959
1942  5 17     2.59942422
1942  5 18     3.14429157
1942  5 19     4.99931779
1942  5 20     7.18055511
1942  5 21     8.75853333
1942  5 22     9.01929109
1942  5 23     7.55593109
1942  5 24     6.80673508
1942  5 25     8.02337104
1942  5 26     8.44479662
1942  5 27     5.46910192
1942  5 28     3.88037361
1942  5 29     3.13420609
1942  5 30     2.60974480
1942  5 31     3.23622940
1942  6  1     4.46239190
1942  6  2     5.34259516
1942  6  3     5.24950625
1942  6  4     5.50923093
1942  6  5     6.73172990
1942  6  6     7.07242205
1942  6  7     6.13597673
1942  6  8     5.74898075
1942  6  9     6.63523033
1942  6 10     7.48407321
1942  6 11     7.88512891
1942  6 12     7.84844715
1942  6 13     7.71225400
1942  6 14     7.76907780
1942  6 15     7.88154948
1942  6 16     7.75642739
1942  6 17     7.74902567
1942  6 18     7.71224467
1942  6 19     7.28404107
1942  6 20     6.71789488
1942  6 21     6.67957748
1942  6 22     6.95182357
1942  6 23     7.25717631
1942  6 24     7.18931811
1942  6 25     6.48184322
1942  6 26     5.46704235
1942  6 27     4.73294294
1942  6 28     4.90180001
1942  6 29     5.45209709
1942  6 30     6.08827884
1942  7  1     6.38713580
1942  7  2     6.14694918
1942  7  3     5.44091492
1942  7  4     4.86537996
1942  7  5     4.38076631
1942  7  6     3.73302543
1942  7  7     3.30476069
1942  7  8     2.85653416
1942  7  9     2.46699910
1942  7 10     2.23272370
1942  7 11     1.89252318
1942  7 12     1.43074764
1942  7 13     1.09497504
1942  7 14     0.95184200
1942  7 15     0.84306101
1942  7 16     0.75492563
1942  7 17     0.67958173
1942  7 18     0.62131282
1942  7 19     0.57631336
1942  7 20     0.52115305
1942  7 21     0.46463348
1942  7 22     0.42859728
1942  7 23     0.40027920
1942  7 24     0.37370402
1942  7 25     0.35177778
1942  7 26     0.33401162
1942  7 27     0.31820262
1942  7 28     0.30460351
1942  7 29     0.29242126
1942  7 30     0.28081869
1942  7 31     0.26994158
1942  8  1     0.25997443
1942  8  2     0.25053212
1942  8  3     0.24071333
1942  8  4     0.23164313
1942  8  5     0.22384733
1942  8  6     0.21683468
1942  8  7     0.20993163
1942  8  8     0.20315844
1942  8  9     0.21213029
1942  8 10     0.23487350
1942  8 11     0.21687060
1942  8 12     0.18607265
1942  8 13     0.28038937
1942  8 14     0.27160330
1942  8 15     0.17088751
1942  8 16     0.16825787
1942  8 17     0.16417330
1942  8 18     0.15592368
1942  8 19     0.15217422
1942  8 20     0.14896314
1942  8 21     0.14580805
1942  8 22     0.14277164
1942  8 23     0.13880420
1942  8 24     0.13514831
1942  8 25     0.13322897
1942  8 26     0.13160033
1942  8 27     0.12951832
1942  8 28     0.12747730
1942  8 29     0.12585682
1942  8 30     0.12296317
1942  8 31     0.11888612
1942  9  1     0.11500797
1942  9  2     0.11212165
1942  9  3     0.11031071
1942  9  4     0.10816962
1942  9  5     0.10572743
1942  9  6     0.10291895
1942  9  7     0.10038134
1942  9  8     0.09918997
1942  9  9     0.09876138
1942  9 10     0.09946470
1942  9 11     0.18223391
1942  9 12     0.17045177
1942  9 13     0.08980158
1942  9 14     0.08694625
1942  9 15     0.08435962
1942  9 16     0.08195812
1942  9 17     0.08005046
1942  9 18     0.07965473
1942  9 19     0.07943768
1942  9 20     0.07762020
1942  9 21     0.07560914
1942  9 22     0.07354491
1942  9 23     0.07133466
1942  9 24     0.06953747
1942  9 25     0.06830673
1942  9 26     0.06690895
1942  9 27     0.06571717
1942  9 28     0.06521591
1942  9 29     0.06435781
1942  9 30     0.06293117
1942 10  1     0.06186283
1942 10  2     0.06067836
1942 10  3     0.05901062
1942 10  4     0.05762730
1942 10  5     0.05555532
1942 10  6     0.05424593
1942 10  7     0.05367252
1942 10  8     0.05256162
1942 10  9     0.05186687
1942 10 10     0.05897307
1942 10 11     0.44039479
1942 10 12     0.50057791
1942 10 13     0.20537383
1942 10 14     0.05201392
1942 10 15     0.07161135
1942 10 16     0.06556527
1942 10 17     0.04814863
1942 10 18     0.04719765
1942 10 19     0.04586310
1942 10 20     0.04465070
1942 10 21     0.04312423
1942 10 22     0.04158790
1942 10 23     0.04080525
1942 10 24     0.04053873
1942 10 25     0.04053885
1942 10 26     0.03991456
1942 10 27     0.03907012
1942 10 28     0.05148049
1942 10 29     0.05236221
1942 10 30     0.04205698
1942 10 31     0.04801694
1942 11  1     0.04682505
1942 11  2     0.03673556
1942 11  3     0.38181416
1942 11  4     0.41192373
1942 11  5     0.15990820
1942 11  6     0.04103799
1942 11  7     0.04896278
1942 11  8     0.06183967
1942 11  9     0.06059169
1942 11 10     0.06158362
1942 11 11     0.07609973
1942 11 12     0.08273693
1942 11 13     0.07728647
1942 11 14     0.08668926
1942 11 15     1.03724260
1942 11 16     0.71106770
1942 11 17     2.02608564
1942 11 18    10.42548368
1942 11 19     8.47074748
1942 11 20     2.01953981
1942 11 21     1.11591693
1942 11 22     0.78644006
1942 11 23     0.59818421
1942 11 24     0.52341287
1942 11 25     0.43890029
1942 11 26     0.35127160
1942 11 27     2.13718546
1942 11 28     2.09357789
1942 11 29     0.88942540
1942 11 30     0.57311706
1942 12  1     0.49055222
1942 12  2     0.52607070
1942 12  3     0.46264990
1942 12  4     0.31716712
1942 12  5     0.23989932
1942 12  6     0.60435358
1942 12  7     0.27545130
1942 12  8     0.15832188
1942 12  9     0.13373913
1942 12 10     0.12230515
1942 12 11     0.11343202
1942 12 12     0.10740143
1942 12 13     0.10495635
1942 12 14     0.10998612
1942 12 15     0.11987991
1942 12 16     0.12234859
1942 12 17     0.12154797
1942 12 18     0.10762734
1942 12 19     0.09464150
1942 12 20     0.09561079
1942 12 21     0.08254222
1942 12 22     0.22094468
1942 12 23     6.33759922
1942 12 24     9.80964063
1942 12 25     6.39674900
1942 12 26     2.53363213
1942 12 27     1.52798862
1942 12 28     1.30692929
1942 12 29     2.14136672
1942 12 30     1.45476623
1942 12 31     0.86276474
1943  1  1     0.76346274
1943  1  2     0.65568405
1943  1  3     0.56411357
1943  1  4     0.50401071
1943  1  5     0.46111231
1943  1  6     0.42495482
1943  1  7     0.40182286
1943  1  8     0.39198733
1943  1  9     0.37954706
1943  1 10     0.36238494
1943  1 11     0.34359231
1943  1 12     0.31997097
1943  1 13     0.31648083
1943  1 14     0.36424432
1943  1 15     0.41360757
1943  1 16     0.41889612
1943  1 17     0.34077040
1943  1 18     0.27885931
1943  1 19     0.25912958
1943  1 20     1.61739267
1943  1 21    13.76339869
1943  1 22    19.46217918
1943  1 23    21.00345541
1943  1 24    12.38802399
1943  1 25     5.81494860
1943  1 26     4.09931078
1943  1 27     6.02220607
1943  1 28     3.67397441
1943  1 29     3.12717784
1943  1 30     8.55567415
1943  1 31     4.07836808
1943  2  1     2.32583326
1943  2  2     1.93570987
1943  2  3     1.70208501
1943  2  4     1.52889503
1943  2  5     1.41253579
1943  2  6     1.30500795
1943  2  7     2.19156468
1943  2  8     6.24754070
1943  2  9     4.26896147
1943  2 10     1.90033596
1943  2 11     1.63649287
1943  2 12     1.68973773
1943  2 13     1.70371567
1943  2 14     1.72020344
1943  2 15     1.75246298
1943  2 16     1.77061875
1943  2 17     1.65266235
1943  2 18     1.52609696
1943  2 19     1.62927980
1943  2 20     1.80749337
1943  2 21     2.39391736
1943  2 22     2.93240654
1943  2 23     2.43004557
1943  2 24     2.17299261
1943  2 25     5.18555210
1943  2 26     2.49067712
1943  2 27     2.86369081
1943  2 28     1.85169090
1943  3  1     1.34351671
1943  3  2     1.31285461
1943  3  3     1.97518130
1943  3  4     3.96289304
1943  3  5    10.64697938
1943  3  6     9.85088059
1943  3  7     4.56318739
1943  3  8     8.58489042
1943  3  9    14.43895778
1943  3 10    21.61209164
1943  3 11    13.07868885
1943  3 12     6.16676666
1943  3 13     4.53892804
1943  3 14     8.82921866
1943  3 15     7.39535233
1943  3 16     4.18771038
1943  3 17     5.72125467
1943  3 18     8.76386866
1943  3 19     4.63833827
1943  3 20     2.88145580
1943  3 21     3.46877032
1943  3 22     3.90955091
1943  3 23     3.17210229
1943  3 24     2.65970107
1943  3 25     3.00491334
1943  3 26     3.40644728
1943  3 27     3.66003809
1943  3 28     3.76724009
1943  3 29     4.82808728
1943  3 30     4.91029096
1943  3 31     3.36579840
1943  4  1     3.04263905
1943  4  2     3.64493009
1943  4  3     3.85411019
1943  4  4     3.76893694
1943  4  5     3.81770311
1943  4  6     3.59111877
1943  4  7     3.90139025
1943  4  8     4.09533687
1943  4  9     2.62382468
1943  4 10     1.90204226
1943  4 11     1.68755833
1943  4 12     2.10600717
1943  4 13     3.04244275
1943  4 14     3.89923249
1943  4 15     4.04760906
1943  4 16     3.69323818
1943  4 17     3.38433884
1943  4 18     3.55287095
1943  4 19     3.78333181
1943  4 20     3.53232385
1943  4 21     3.65848248
1943  4 22     4.07518878
1943  4 23     4.41800453
1943  4 24     4.20131808
1943  4 25     3.48454741
1943  4 26     2.65824871
1943  4 27     2.77863308
1943  4 28    12.44829799
1943  4 29    10.50507023
1943  4 30     5.04337799
1943  5  1     5.56363127
1943  5  2     5.92881787
1943  5  3     5.92886955
1943  5  4     6.48858535
1943  5  5     5.79113048
1943  5  6     5.37968310
1943  5  7     5.25825092
1943  5  8     4.15441890
1943  5  9     3.74032557
1943  5 10     4.30545079
1943  5 11     4.32843758
1943  5 12     3.58445350
1943  5 13     3.02532718
1943  5 14     2.36588591
1943  5 15     1.65290722
1943  5 16     1.34103535
1943  5 17     1.22752868
1943  5 18     1.39590385
1943  5 19     2.05558174
1943  5 20     2.86750460
1943  5 21     3.54367573
1943  5 22     4.33350802
1943  5 23     5.39122197
1943  5 24     6.10952397
1943  5 25     6.34425999
1943  5 26     6.35647586
1943  5 27     6.27611216
1943  5 28     5.96307899
1943  5 29     5.36287143
1943  5 30     4.73568300
1943  5 31     4.89060792
1943  6  1     6.77541663
1943  6  2     5.68520245
1943  6  3     3.26235341
1943  6  4     2.48138072
1943  6  5     2.06268585
1943  6  6     2.39356815
1943  6  7     3.13898512
1943  6  8     3.74442742
1943  6  9     4.15362784
1943  6 10     4.27426739
1943  6 11     4.09260547
1943  6 12     3.37921439
1943  6 13     2.77854477
1943  6 14     2.66527654
1943  6 15     3.04134049
1943  6 16     3.88374066
1943  6 17     4.51699196
1943  6 18     4.73723208
1943  6 19     4.27624872
1943  6 20     3.48211515
1943  6 21     3.00721673
1943  6 22     2.54255770
1943  6 23     2.14213976
1943  6 24     2.04496923
1943  6 25     2.00910199
1943  6 26     2.05899421
1943  6 27     2.05828078
1943  6 28     2.04522203
1943  6 29     2.00512219
1943  6 30     1.79914376
1943  7  1     2.04680924
1943  7  2     2.01339606
1943  7  3     1.54106406
1943  7  4     1.40123189
1943  7  5     1.30754965
1943  7  6     1.27157829
1943  7  7     1.23426218
1943  7  8     1.16211653
1943  7  9     0.98831250
1943  7 10     0.83271085
1943  7 11     0.73439325
1943  7 12     0.62592384
1943  7 13     0.54273168
1943  7 14     0.49909164
1943  7 15     0.45228548
1943  7 16     0.38964928
1943  7 17     0.36038836
1943  7 18     0.32887991
1943  7 19     0.29021751
1943  7 20     0.27646175
1943  7 21     0.26097473
1943  7 22     0.24145220
1943  7 23     0.22873928
1943  7 24     0.21712867
1943  7 25     0.20651061
1943  7 26     0.19732356
1943  7 27     0.18903446
1943  7 28     0.18267068
1943  7 29     0.22008012
1943  7 30     0.21471161
1943  7 31     0.16566418
1943  8  1     0.15797251
1943  8  2     0.15456466
1943  8  3     0.15097501
1943  8  4     0.14661453
1943  8  5     0.14257922
1943  8  6     0.13858486
1943  8  7     0.13474761
1943  8  8     0.13102069
1943  8  9     0.12732928
1943  8 10     0.12358632
1943  8 11     0.12046125
1943  8 12     0.11740745
1943  8 13     0.11367368
1943  8 14     0.11029618
1943  8 15     0.10791747
1943  8 16     0.10585578
1943  8 17     0.10346499
1943  8 18     0.10069698
1943  8 19     0.09819499
1943  8 20     0.09665562
1943  8 21     0.09514841
1943  8 22     0.09320915
1943  8 23     0.09131637
1943  8 24     0.08946988
1943  8 25     0.08770783
1943  8 26     0.08546253
1943  8 27     0.08275887
1943  8 28     0.08019052
1943  8 29     0.07831556
1943  8 30     0.07729896
1943  8 31     0.07567314
1943  9  1     0.07267711
1943  9  2     0.06998689
1943  9  3     0.06829705
1943  9  4     0.06682017
1943  9  5     0.06509958
1943  9  6     0.06316800
1943  9  7     0.06157006
1943  9  8     0.06040275
1943  9  9     0.05970084
1943  9 10     0.05876365
1943  9 11     0.05696780
1943  9 12     0.05597383
1943  9 13     0.05516229
1943  9 14     0.05342875
1943  9 15     0.05197266
1943  9 16     0.05102825
1943  9 17     0.04980671
1943  9 18     0.04876792
1943  9 19     0.04800722
1943  9 20     0.04637404
1943  9 21     0.04476478
1943  9 22     0.04384364
1943  9 23     0.04264538
1943  9 24     0.04166551
1943  9 25     0.18025697
1943  9 26     0.18529949
1943  9 27     0.04540187
1943  9 28     0.04100321
1943  9 29     0.03988043
1943  9 30     0.03842094
1943 10  1     0.03709937
1943 10  2     0.03607874
1943 10  3     0.03557825
1943 10  4     0.03514477
1943 10  5     0.03428947
1943 10  6     0.03330016
1943 10  7     0.03301155
1943 10  8     0.03401583
1943 10  9     0.03462464
1943 10 10     0.03340781
1943 10 11     0.03214947
1943 10 12     0.03139144
1943 10 13     0.03003268
1943 10 14     0.02898630
1943 10 15     0.02833607
1943 10 16     0.02739884
1943 10 17     0.02857516
1943 10 18     0.49018133
1943 10 19     0.40021129
1943 10 20     0.07635045
1943 10 21     1.30962432
1943 10 22     0.91004052
1943 10 23     0.16211834
1943 10 24     0.07059501
1943 10 25     0.10401487
1943 10 26     0.09689905
1943 10 27     0.28827785
1943 10 28     0.26356183
1943 10 29     0.06946124
1943 10 30     0.03958746
1943 10 31     0.03499705
1943 11  1     0.04457767
1943 11  2     0.06470976
1943 11  3     0.06239370
1943 11  4     0.04239396
1943 11  5     0.03434795
1943 11  6     0.03239855
1943 11  7     0.02889259
1943 11  8     0.02673963
1943 11  9     0.02526724
1943 11 10     0.02413873
1943 11 11     0.02433459
1943 11 12     0.02450076
1943 11 13     0.02335208
1943 11 14     0.02262299
1943 11 15     0.02238580
1943 11 16     0.02169593
1943 11 17     0.04440154
1943 11 18     0.03837254
1943 11 19     0.77605767
1943 11 20     0.96078247
1943 11 21     0.85319874
1943 11 22     0.38741886
1943 11 23     0.09776040
1943 11 24     0.07674727
1943 11 25     0.05986435
1943 11 26     0.04915595
1943 11 27     0.04180599
1943 11 28     0.03770008
1943 11 29     0.03631977
1943 11 30     0.03810297
1943 12  1     0.03787977
1943 12  2     0.03069869
1943 12  3     0.02768595
1943 12  4     0.02871665
1943 12  5     0.29666985
1943 12  6     0.22649069
1943 12  7     0.06130358
1943 12  8     0.05672013
1943 12  9     0.04451468
1943 12 10     0.03677564
1943 12 11     0.03145964
1943 12 12     0.02742177
1943 12 13     0.02485753
1943 12 14     0.02273921
1943 12 15     0.02075516
1943 12 16     0.01966403
1943 12 17     0.01920068
1943 12 18     0.01914826
1943 12 19     0.38770260
1943 12 20     1.27906452
1943 12 21     1.56650671
1943 12 22     0.46750472
1943 12 23     0.15104533
1943 12 24     0.10865739
1943 12 25     0.09810568
1943 12 26     0.07575090
1943 12 27     0.05436295
1943 12 28     0.04557550
1943 12 29     0.07215391
1943 12 30     0.33375010
1943 12 31     0.43016906
1944  1  1     0.06813629
1944  1  2     1.16102330
1944  1  3     1.18124509
1944  1  4     0.30253482
1944  1  5     0.15741735
1944  1  6     1.63559164
1944  1  7     0.41650662
1944  1  8     0.04923743
1944  1  9     0.04335191
1944  1 10     0.25148787
1944  1 11     0.13596390
1944  1 12     0.05021601
1944  1 13     0.05142639
1944  1 14     0.04529497
1944  1 15     0.04290007
1944  1 16     0.04351976
1944  1 17     0.04560626
1944  1 18     0.05394655
1944  1 19     0.07005548
1944  1 20     0.08365787
1944  1 21     0.09243396
1944  1 22     0.10952844
1944  1 23     1.82503467
1944  1 24     2.95726283
1944  1 25     1.13348928
1944  1 26     0.42146242
1944  1 27     0.31975945
1944  1 28     0.24511928
1944  1 29     0.19670110
1944  1 30     0.64664825
1944  1 31     1.14025553
1944  2  1     0.59268175
1944  2  2     0.27784586
1944  2  3     1.56162811
1944  2  4     1.67427338
1944  2  5     0.57393345
1944  2  6     0.36838073
1944  2  7     0.40741985
1944  2  8     1.57758971
1944  2  9     4.17676797
1944  2 10     1.58871037
1944  2 11     0.59854387
1944  2 12     0.50766241
1944  2 13     0.43826515
1944  2 14     0.38851754
1944  2 15     0.44573221
1944  2 16     0.34221220
1944  2 17     0.30284414
1944  2 18     0.28409491
1944  2 19     0.26899548
1944  2 20     0.25715767
1944  2 21     0.83559421
1944  2 22     3.65674098
1944  2 23     1.51908708
1944  2 24     0.45238558
1944  2 25     0.33893588
1944  2 26     0.33719576
1944  2 27     0.29672795
1944  2 28     0.30358827
1944  2 29     3.69281702
1944  3  1     3.69361764
1944  3  2     1.22565061
1944  3  3     0.60520458
1944  3  4     3.49798421
1944  3  5     4.33579816
1944  3  6     1.25723769
1944  3  7     0.74758815
1944  3  8     0.93258068
1944  3  9     1.08042083
1944  3 10     1.13846844
1944  3 11     1.26008422
1944  3 12     2.79639459
1944  3 13     2.26343991
1944  3 14     1.12594645
1944  3 15     0.90039518
1944  3 16     0.83316313
1944  3 17     1.07062570
1944  3 18     1.55398749
1944  3 19     1.91250659
1944  3 20     1.60004158
1944  3 21     1.18257572
1944  3 22     1.15975630
1944  3 23     1.45847586
1944  3 24     1.83302390
1944  3 25     1.71580093
1944  3 26     1.26496711
1944  3 27     1.06331495
1944  3 28     1.04816242
1944  3 29     1.14559979
1944  3 30     1.40818080
1944  3 31     1.81967568
1944  4  1     2.25933109
1944  4  2     2.71016730
1944  4  3     2.99375139
1944  4  4     2.73327770
1944  4  5     2.02291438
1944  4  6     1.47866525
1944  4  7     1.42027449
1944  4  8     1.85051366
1944  4  9     1.69060629
1944  4 10     1.05253113
1944  4 11     4.39027982
1944  4 12     4.42781990
1944  4 13     1.85392835
1944  4 14     1.41773236
1944  4 15     1.58099472
1944  4 16     1.31863378
1944  4 17     0.95647631
1944  4 18     0.85234207
1944  4 19     1.22479074
1944  4 20     3.37840568
1944  4 21     2.25802772
1944  4 22     1.29621302
1944  4 23     1.61848681
1944  4 24     2.17850218
1944  4 25     1.63505714
1944  4 26     1.25084725
1944  4 27     1.55068846
1944  4 28     2.09227204
1944  4 29     1.75381907
1944  4 30     2.07287904
1944  5  1     3.22310558
1944  5  2     4.24135345
1944  5  3     4.87832138
1944  5  4     5.32559130
1944  5  5     5.80991559
1944  5  6     6.39701915
1944  5  7     6.46024206
1944  5  8     6.16143704
1944  5  9     6.11704097
1944  5 10     5.45791884
1944  5 11     4.34091474
1944  5 12     3.94304624
1944  5 13     4.50296629
1944  5 14     4.92225127
1944  5 15     6.05175402
1944  5 16     4.15500629
1944  5 17     2.37394166
1944  5 18     3.81845977
1944  5 19     3.83912321
1944  5 20     3.58257548
1944  5 21     4.27817199
1944  5 22     4.96836440
1944  5 23     4.59217249
1944  5 24     3.73467054
1944  5 25     3.79288386
1944  5 26     4.25646945
1944  5 27     4.90203700
1944  5 28     5.77170007
1944  5 29     5.85433022
1944  5 30     4.81225448
1944  5 31     3.93358215
1944  6  1     3.53083112
1944  6  2     3.46263653
1944  6  3     2.72283571
1944  6  4     2.52987215
1944  6  5     3.45229264
1944  6  6     4.04635093
1944  6  7     4.27261632
1944  6  8     4.01556283
1944  6  9     3.14665808
1944  6 10     2.60514545
1944  6 11     2.49281603
1944  6 12     2.45687582
1944  6 13     2.33403778
1944  6 14     1.92589946
1944  6 15     1.35636972
1944  6 16     1.03278934
1944  6 17     0.99162417
1944  6 18     1.03806785
1944  6 19     1.11878792
1944  6 20     1.11112823
1944  6 21     1.00388066
1944  6 22     0.89211107
1944  6 23     1.01603364
1944  6 24     1.09194876
1944  6 25     0.89582790
1944  6 26     0.82647313
1944  6 27     0.80107053
1944  6 28     0.69005304
1944  6 29     0.60723928
1944  6 30     0.58376965
1944  7  1     0.48109672
1944  7  2     0.36633197
1944  7  3     0.30904181
1944  7  4     0.27286263
1944  7  5     0.24573166
1944  7  6     0.22533926
1944  7  7     0.20549699
1944  7  8     0.18965363
1944  7  9     0.17863725
1944  7 10     0.16856844
1944  7 11     0.15869771
1944  7 12     0.14971309
1944  7 13     0.14162766
1944  7 14     0.13466959
1944  7 15     0.12869243
1944  7 16     0.12302199
1944  7 17     0.11726354
1944  7 18     0.11226893
1944  7 19     0.10838246
1944  7 20     0.10469745
1944  7 21     0.10079229
1944  7 22     0.09708477
1944  7 23     0.09379798
1944  7 24     0.09893841
1944  7 25     0.10620761
1944  7 26     0.09776624
1944  7 27     0.08391885
1944  7 28     0.07979106
1944  7 29     0.07691701
1944  7 30     0.07452597
1944  7 31     0.07232467
1944  8  1     0.07014848
1944  8  2     0.06854674
1944  8  3     0.06685326
1944  8  4     0.06441962
1944  8  5     0.06204200
1944  8  6     0.06013360
1944  8  7     0.05844310
1944  8  8     0.05698618
1944  8  9     0.05558133
1944  8 10     0.05398961
1944  8 11     0.05209677
1944  8 12     0.05012664
1944  8 13     0.04843785
1944  8 14     0.04700291
1944  8 15     0.04592664
1944  8 16     0.04496589
1944  8 17     0.04380097
1944  8 18     0.04263491
1944  8 19     0.04153410
1944  8 20     0.04041921
1944  8 21     0.03919836
1944  8 22     0.03799837
1944  8 23     0.03691539
1944  8 24     0.03604137
1944  8 25     0.03517006
1944  8 26     0.03401664
1944  8 27     0.03261492
1944  8 28     0.03137392
1944  8 29     0.03043297
1944  8 30     0.02970489
1944  8 31     0.02914362
1944  9  1     0.02877739
1944  9  2     0.02828677
1944  9  3     0.02732983
1944  9  4     0.02629061
1944  9  5     0.02537561
1944  9  6     0.02447588
1944  9  7     0.02364090
1944  9  8     0.02302805
1944  9  9     0.02225459
1944  9 10     0.02158035
1944  9 11     0.02110465
1944  9 12     0.02059653
1944  9 13     0.02014565
1944  9 14     0.01978093
1944  9 15     0.01939028
1944  9 16     0.01889583
1944  9 17     0.01838187
1944  9 18     0.01832163
1944  9 19     0.01814832
1944  9 20     0.02101202
1944  9 21     0.17499863
1944  9 22     0.12586769
1944  9 23     0.01598619
1944  9 24     0.01526104
1944  9 25     0.01467246
1944  9 26     0.01419886
1944  9 27     0.01375581
1944  9 28     0.01337727
1944  9 29     0.01310277
1944  9 30     0.01885140
1944 10  1     0.10702450
1944 10  2     0.07742664
1944 10  3     0.01235772
1944 10  4     0.01186437
1944 10  5     0.01150241
1944 10  6     0.01122850
1944 10  7     0.01103711
1944 10  8     0.13692178
1944 10  9     0.08438545
1944 10 10     0.01027468
1944 10 11     0.01006017
1944 10 12     0.00992299
1944 10 13     0.00971344
1944 10 14     0.00951376
1944 10 15     0.00926924
1944 10 16     0.00896559
1944 10 17     0.00867348
1944 10 18     0.00834523
1944 10 19     0.00805425
1944 10 20     0.00783549
1944 10 21     0.21490002
1944 10 22     0.15643895
1944 10 23     0.00763963
1944 10 24     0.00719194
1944 10 25     0.00692687
1944 10 26     0.00666894
1944 10 27     0.00647496
1944 10 28     0.00636059
1944 10 29     0.01221256
1944 10 30     0.02555366
1944 10 31     2.26719859
1944 11  1     3.74727162
1944 11  2     1.82523682
1944 11  3     0.34956109
1944 11  4     2.29814002
1944 11  5     2.80526787
1944 11  6     0.92225093
1944 11  7     1.11256099
1944 11  8     1.01742706
1944 11  9     0.75296196
1944 11 10     3.68637506
1944 11 11     3.69508929
1944 11 12     2.53208423
1944 11 13     1.59800699
1944 11 14     0.87124864
1944 11 15     0.50368985
1944 11 16     0.35967794
1944 11 17     0.31639895
1944 11 18     0.28240577
1944 11 19     0.25479116
1944 11 20     0.22755431
1944 11 21     0.20949107
1944 11 22     0.20521321
1944 11 23     0.21321871
1944 11 24     0.20089708
1944 11 25     0.18298693
1944 11 26     0.16526318
1944 11 27     0.15316775
1944 11 28     0.15310762
1944 11 29     0.20078067
1944 11 30     0.39390790
1944 12  1     0.63465395
1944 12  2     1.42019783
1944 12  3     0.51586728
1944 12  4     0.21250743
1944 12  5     0.18927180
1944 12  6     0.17147014
1944 12  7     0.16159452
1944 12  8     0.15600149
1944 12  9     0.14915805
1944 12 10     0.14676449
1944 12 11     0.14154039
1944 12 12     0.13551260
1944 12 13     0.13207936
1944 12 14     0.13247794
1944 12 15     0.12533745
1944 12 16     0.12017296
1944 12 17     0.12087197
1944 12 18     0.12094418
1944 12 19     0.26731179
1944 12 20     2.63416749
1944 12 21     2.28090720
1944 12 22     4.16464976
1944 12 23     4.24645131
1944 12 24     1.52548226
1944 12 25     0.93388130
1944 12 26     0.73268331
1944 12 27     0.58829006
1944 12 28     0.91217263
1944 12 29     1.14096781
1944 12 30     0.51080054
1944 12 31     0.37062935
1945  1  1     0.33220228
1945  1  2     0.30557289
1945  1  3     0.29108062
1945  1  4     0.28118981
1945  1  5     0.28330937
1945  1  6     0.28336402
1945  1  7     0.29003822
1945  1  8     0.30738239
1945  1  9     0.34900946
1945  1 10     0.35056315
1945  1 11     0.30770570
1945  1 12     0.27150494
1945  1 13     0.27827895
1945  1 14     0.33516768
1945  1 15     0.48054247
1945  1 16     0.38540321
1945  1 17     0.32503190
1945  1 18     0.29412114
1945  1 19     0.23002740
1945  1 20     0.20474321
1945  1 21     0.19041554
1945  1 22     0.17663065
1945  1 23     0.17279935
1945  1 24     0.16529245
1945  1 25     0.15609288
1945  1 26     0.16164405
1945  1 27     0.17585683
1945  1 28     0.17753610
1945  1 29     0.20262631
1945  1 30     0.21205803
1945  1 31     1.58515677
1945  2  1     7.64155040
1945  2  2    20.54728732
1945  2  3    20.41717357
1945  2  4     7.13339040
1945  2  5     3.81722422
1945  2  6     3.49026476
1945  2  7     2.46996541
1945  2  8     2.03605291
1945  2  9     1.78627195
1945  2 10     1.60016308
1945  2 11     1.51962239
1945  2 12     1.45020934
1945  2 13     1.37812847
1945  2 14     3.65813614
1945  2 15     3.29286230
1945  2 16     1.69790212
1945  2 17     1.43905097
1945  2 18     1.67312252
1945  2 19     1.26790275
1945  2 20     1.06968828
1945  2 21     0.98302451
1945  2 22     0.93240064
1945  2 23     0.89286140
1945  2 24     0.81727644
1945  2 25     0.75983322
1945  2 26     0.72475306
1945  2 27     0.72888035
1945  2 28     0.81350609
1945  3  1     0.65344690
1945  3  2     0.61268618
1945  3  3     0.83334188
1945  3  4     2.76750913
1945  3  5     1.22270228
1945  3  6     1.65139454
1945  3  7     0.96732890
1945  3  8     0.73995756
1945  3  9     0.75776788
1945  3 10     0.88235460
1945  3 11     1.04514582
1945  3 12     1.14495405
1945  3 13     1.17602315
1945  3 14     1.43704790
1945  3 15     9.39848939
1945  3 16     4.95207337
1945  3 17     4.63701600
1945  3 18     3.43375663
1945  3 19     2.45543040
1945  3 20     1.61105080
1945  3 21     1.48009175
1945  3 22     1.64791923
1945  3 23     6.81391473
1945  3 24     2.68998676
1945  3 25     1.44656879
1945  3 26     7.15318101
1945  3 27     3.91621588
1945  3 28     1.71157334
1945  3 29     1.42323826
1945  3 30     1.31402508
1945  3 31     1.69893655
1945  4  1     2.01042190
1945  4  2     1.55847827
1945  4  3     1.19170459
1945  4  4     1.09474893
1945  4  5     1.12105909
1945  4  6     1.43700947
1945  4  7     1.80313114
1945  4  8     3.89875622
1945  4  9     3.21670642
1945  4 10     1.58243260
1945  4 11     1.35525113
1945  4 12     1.22222654
1945  4 13     1.08477260
1945  4 14     1.01547341
1945  4 15     1.24156396
1945  4 16     2.10261734
1945  4 17     3.05068074
1945  4 18     3.82507983
1945  4 19     4.89170336
1945  4 20     5.69844037
1945  4 21     5.88532139
1945  4 22     5.50929503
1945  4 23     5.04176545
1945  4 24     5.12481963
1945  4 25     4.66310979
1945  4 26     3.46723746
1945  4 27     3.09131713
1945  4 28     3.78317260
1945  4 29     5.02426535
1945  4 30     6.18074954
1945  5  1     7.11435148
1945  5  2     7.75904281
1945  5  3     8.00250203
1945  5  4     8.29732005
1945  5  5     8.67971751
1945  5  6     8.76964339
1945  5  7     8.12520457
1945  5  8     7.26192782
1945  5  9     6.68486859
1945  5 10     6.28303613
1945  5 11     5.59333455
1945  5 12     5.59074646
1945  5 13     7.88238677
1945  5 14     7.22563549
1945  5 15     4.55789903
1945  5 16     4.45123983
1945  5 17     4.07479102
1945  5 18     2.76045240
1945  5 19     2.11813243
1945  5 20     1.72863838
1945  5 21     1.57604804
1945  5 22     2.00527437
1945  5 23     2.43107488
1945  5 24     2.33809690
1945  5 25     2.14966906
1945  5 26     2.09818775
1945  5 27     1.96916646
1945  5 28     1.85137337
1945  5 29     2.05141140
1945  5 30     2.61411191
1945  5 31     2.32593331
1945  6  1     2.55573860
1945  6  2     3.40385070
1945  6  3     5.02324204
1945  6  4     7.30348583
1945  6  5     5.43806945
1945  6  6     3.12339793
1945  6  7     2.50000600
1945  6  8     2.68693310
1945  6  9     3.17832302
1945  6 10     3.60599814
1945  6 11     4.29930018
1945  6 12     5.03496379
1945  6 13     5.50435143
1945  6 14     5.43011142
1945  6 15     4.71094236
1945  6 16     4.14515619
1945  6 17     4.20344206
1945  6 18     4.48878292
1945  6 19     4.65089629
1945  6 20     4.76995847
1945  6 21     4.57427724
1945  6 22     3.97184331
1945  6 23     3.19637725
1945  6 24     2.95956297
1945  6 25     2.53854078
1945  6 26     1.90315180
1945  6 27     1.46551437
1945  6 28     1.20392866
1945  6 29     1.14463084
1945  6 30     0.94519005
1945  7  1     0.78487757
1945  7  2     0.66306098
1945  7  3     0.55376542
1945  7  4     0.47695360
1945  7  5     0.42142437
1945  7  6     0.37470973
1945  7  7     0.34117386
1945  7  8     0.31898954
1945  7  9     0.42799442
1945  7 10     0.37948097
1945  7 11     0.26884270
1945  7 12     0.26163864
1945  7 13     0.23310586
1945  7 14     0.21098622
1945  7 15     0.19978956
1945  7 16     0.19434456
1945  7 17     0.18269409
1945  7 18     0.16760241
1945  7 19     0.15997247
1945  7 20     0.15276702
1945  7 21     0.14567967
1945  7 22     0.13928287
1945  7 23     0.13382029
1945  7 24     0.12866446
1945  7 25     0.12319685
1945  7 26     0.11786591
1945  7 27     0.12117815
1945  7 28     0.12081030
1945  7 29     0.11003966
1945  7 30     0.10292577
1945  7 31     0.09928324
1945  8  1     0.10404025
1945  8  2     0.19184973
1945  8  3     0.17703563
1945  8  4     0.10042399
1945  8  5     0.15455490
1945  8  6     0.20170671
1945  8  7     0.14755086
1945  8  8     0.08632868
1945  8  9     0.08457922
1945  8 10     0.07903391
1945  8 11     0.07532636
1945  8 12     0.07269235
1945  8 13     0.07075100
1945  8 14     0.06861288
1945  8 15     0.06602093
1945  8 16     0.06375079
1945  8 17     0.06179762
1945  8 18     0.09357760
1945  8 19     0.17926484
1945  8 20     0.15779388
1945  8 21     0.07718205
1945  8 22     0.05253755
1945  8 23     0.05083170
1945  8 24     0.04938197
1945  8 25     0.04837020
1945  8 26     0.04781245
1945  8 27     0.04700657
1945  8 28     0.04552280
1945  8 29     0.04404612
1945  8 30     0.04314167
1945  8 31     0.04193414
1945  9  1     0.04200377
1945  9  2     0.07327671
1945  9  3     0.18700043
1945  9  4     0.15790567
1945  9  5     0.03852742
1945  9  6     0.03485952
1945  9  7     0.03413109
1945  9  8     0.03298412
1945  9  9     0.03182002
1945  9 10     0.03091125
1945  9 11     0.02995365
1945  9 12     0.02899875
1945  9 13     0.02792477
1945  9 14     0.02718415
1945  9 15     0.02666957
1945  9 16     0.02618189
1945  9 17     0.02582561
1945  9 18     0.02531271
1945  9 19     0.02470245
1945  9 20     0.03565075
1945  9 21     0.23921339
1945  9 22     0.31740946
1945  9 23     0.11122806
1945  9 24     0.02368472
1945  9 25     0.02242384
1945  9 26     0.02141951
1945  9 27     0.02105368
1945  9 28     0.02080931
1945  9 29     0.02009672
1945  9 30     0.01944985
1945 10  1     0.01879843
1945 10  2     0.01812114
1945 10  3     0.01744582
1945 10  4     0.01733933
1945 10  5     0.07179101
1945 10  6     0.25710044
1945 10  7     0.75201602
1945 10  8     0.80173398
1945 10  9     0.43994156
1945 10 10     0.21398110
1945 10 11     0.49857203
1945 10 12     0.75386119
1945 10 13     0.52638786
1945 10 14     0.51026917
1945 10 15     1.31689096
1945 10 16     1.85990582
1945 10 17     1.02372165
1945 10 18     0.39658696
1945 10 19     0.30512247
1945 10 20     0.21902810
1945 10 21     0.16431954
1945 10 22     0.12823146
1945 10 23     0.10394148
1945 10 24     0.08633243
1945 10 25     0.07249274
1945 10 26     0.06213663
1945 10 27     0.05413841
1945 10 28     0.04796930
1945 10 29     1.86392939
1945 10 30    11.39373537
1945 10 31     9.77174049
1945 11  1     3.54952886
1945 11  2     1.87976302
1945 11  3     1.26954982
1945 11  4     0.99439717
1945 11  5     0.78190670
1945 11  6     1.90650969
1945 11  7     1.93167238
1945 11  8     0.76190480
1945 11  9     0.52973528
1945 11 10     0.60540579
1945 11 11     1.14786423
1945 11 12     0.60654116
1945 11 13     0.35751102
1945 11 14     0.30151454
1945 11 15     0.53869702
1945 11 16     1.05892693
1945 11 17     1.37312126
1945 11 18     0.86462967
1945 11 19     0.46065104
1945 11 20     0.32795379
1945 11 21     0.29639037
1945 11 22     0.26717388
1945 11 23     0.24347900
1945 11 24     0.26589583
1945 11 25     2.88558811
1945 11 26     1.66211878
1945 11 27     0.55284118
1945 11 28     0.48436136
1945 11 29     1.02028210
1945 11 30     0.61005986
1945 12  1     0.36918714
1945 12  2     0.31196356
1945 12  3     0.56779397
1945 12  4     3.56958867
1945 12  5     5.43002089
1945 12  6     2.58859311
1945 12  7     1.10488000
1945 12  8     0.85850576
1945 12  9     0.69051981
1945 12 10     0.57767168
1945 12 11     0.52122153
1945 12 12     0.65059330
1945 12 13     0.42512201
1945 12 14     0.37290996
1945 12 15     0.36936731
1945 12 16     0.39327729
1945 12 17     0.34216864
1945 12 18     0.30661656
1945 12 19     0.29367177
1945 12 20     1.42923957
1945 12 21     3.15604110
1945 12 22    12.35949503
1945 12 23    13.28869147
1945 12 24     6.43224453
1945 12 25     8.04506442
1945 12 26     6.57761500
1945 12 27     3.75160482
1945 12 28     3.83442600
1945 12 29     2.73101813
1945 12 30     1.88158893
1945 12 31     1.63344022
1946  1  1     1.42625474
1946  1  2     1.50074214
1946  1  3     2.89237795
1946  1  4     3.20251161
1946  1  5     5.50026915
1946  1  6     3.00466677
1946  1  7     1.80276833
1946  1  8     1.45715035
1946  1  9     1.27094544
1946  1 10     1.14002563
1946  1 11     1.04174677
1946  1 12     0.96521878
1946  1 13     0.90454526
1946  1 14     0.85672689
1946  1 15     0.82113887
1946  1 16     0.79182923
1946  1 17     0.76347453
1946  1 18     0.74699158
1946  1 19     0.71697937
1946  1 20     0.67467498
1946  1 21     0.64407809
1946  1 22     0.63061125
1946  1 23     0.64973078
1946  1 24     0.68263478
1946  1 25     0.71400833
1946  1 26     0.68732668
1946  1 27     0.65137624
1946  1 28     0.61521328
1946  1 29     0.55704393
1946  1 30     0.52175444
1946  1 31     0.49622551
1946  2  1     0.47117545
1946  2  2     0.80072498
1946  2  3     2.32883433
1946  2  4     1.62739959
1946  2  5     0.76085960
1946  2  6     0.64074679
1946  2  7     0.61732099
1946  2  8     0.56848363
1946  2  9     0.54839869
1946  2 10     0.79598762
1946  2 11     0.96092270
1946  2 12     0.61360376
1946  2 13     0.52288754
1946  2 14     0.50948624
1946  2 15     1.36580498
1946  2 16     0.87153736
1946  2 17     0.56091797
1946  2 18     0.52197113
1946  2 19     0.63310849
1946  2 20     0.65459557
1946  2 21     0.64919092
1946  2 22     0.61427197
1946  2 23     0.67825334
1946  2 24     0.81148768
1946  2 25     0.73714686
1946  2 26     0.60923194
1946  2 27     0.68352368
1946  2 28     1.64419009
1946  3  1     1.46913423
1946  3  2     1.13059461
1946  3  3     0.93513054
1946  3  4     0.65388288
1946  3  5     0.59889469
1946  3  6     0.62203591
1946  3  7     0.74038538
1946  3  8     0.97256607
1946  3  9     1.30521994
1946  3 10     1.55651201
1946  3 11     1.20786871
1946  3 12     1.38387855
1946  3 13     4.56709233
1946  3 14     2.81740648
1946  3 15     1.24284568
1946  3 16     1.09676308
1946  3 17     1.07648714
1946  3 18     1.35410447
1946  3 19     1.63148687
1946  3 20     2.98342859
1946  3 21     1.88880754
1946  3 22     1.02015857
1946  3 23     0.86380148
1946  3 24     0.81474631
1946  3 25     0.88000495
1946  3 26     1.30653409
1946  3 27     1.98932813
1946  3 28     2.22675143
1946  3 29     5.55776549
1946  3 30    11.29228479
1946  3 31     5.46456461
1946  4  1     2.47837416
1946  4  2     1.68050953
1946  4  3     1.38049068
1946  4  4     1.19767163
1946  4  5     1.21210647
1946  4  6     1.15916075
1946  4  7     1.04593569
1946  4  8     0.96980478
1946  4  9     0.90048941
1946  4 10     0.98843841
1946  4 11     1.41134144
1946  4 12     2.48535329
1946  4 13     3.56349639
1946  4 14     3.22856749
1946  4 15     3.04297139
1946  4 16     4.05349946
1946  4 17     4.92530628
1946  4 18     5.14018029
1946  4 19     4.83578295
1946  4 20     3.64427411
1946  4 21     3.00750757
1946  4 22     3.37787745
1946  4 23     4.21633036
1946  4 24     5.50754764
1946  4 25     6.43960782
1946  4 26     6.45496842
1946  4 27     5.77442693
1946  4 28     5.20496106
1946  4 29     4.87276406
1946  4 30     4.46440811
1946  5  1     4.56130979
1946  5  2     5.15503174
1946  5  3     5.38056784
1946  5  4     5.22762634
1946  5  5     5.29171661
1946  5  6     5.56058859
1946  5  7     5.82422364
1946  5  8     5.76336593
1946  5  9     4.91318145
1946  5 10     4.30492998
1946  5 11     3.99917254
1946  5 12     3.65320741
1946  5 13     3.74103494
1946  5 14     3.66669712
1946  5 15     3.82355823
1946  5 16     4.06208944
1946  5 17     4.30476743
1946  5 18     4.69827431
1946  5 19     4.93235941
1946  5 20     4.87096765
1946  5 21     4.08404249
1946  5 22     3.27272616
1946  5 23     2.17928710
1946  5 24     1.93648740
1946  5 25     3.28645104
1946  5 26     6.33376190
1946  5 27     4.49129876
1946  5 28     2.41349784
1946  5 29     2.41020079
1946  5 30     2.85068280
1946  5 31     3.49674964
1946  6  1     3.81952693
1946  6  2     4.12954851
1946  6  3     4.44069330
1946  6  4     4.41311861
1946  6  5     4.37302504
1946  6  6     3.77130447
1946  6  7     3.12477460
1946  6  8     3.12948774
1946  6  9     3.07983223
1946  6 10     2.83841139
1946  6 11     2.57225399
1946  6 12     2.35769776
1946  6 13     2.12569835
1946  6 14     1.86700809
1946  6 15     1.57007432
1946  6 16     1.26185237
1946  6 17     0.99855733
1946  6 18     0.80337879
1946  6 19     0.69185365
1946  6 20     0.62047817
1946  6 21     0.56118860
1946  6 22     0.47148009
1946  6 23     0.39184683
1946  6 24     0.34905098
1946  6 25     0.31465469
1946  6 26     0.28678794
1946  6 27     0.26433271
1946  6 28     0.24495987
1946  6 29     0.22637331
1946  6 30     0.20789833
1946  7  1     0.19384273
1946  7  2     0.18186847
1946  7  3     0.17147021
1946  7  4     0.17031829
1946  7  5     0.16125184
1946  7  6     0.14685066
1946  7  7     0.14004301
1946  7  8     0.13400179
1946  7  9     0.12830112
1946  7 10     0.12248821
1946  7 11     0.11707019
1946  7 12     0.11245002
1946  7 13     0.10854378
1946  7 14     0.10532749
1946  7 15     0.10236469
1946  7 16     0.09867605
1946  7 17     0.09481589
1946  7 18     0.09128373
1946  7 19     0.08783805
1946  7 20     0.08493728
1946  7 21     0.08510510
1946  7 22     0.08566540
1946  7 23     0.26740888
1946  7 24     0.26824555
1946  7 25     0.36889692
1946  7 26     0.36380353
1946  7 27     0.10847755
1946  7 28     0.09185852
1946  7 29     0.08214257
1946  7 30     0.07573291
1946  7 31     0.07154818
1946  8  1     0.06745138
1946  8  2     0.06321191
1946  8  3     0.05970641
1946  8  4     0.05686096
1946  8  5     0.05483522
1946  8  6     0.05351821
1946  8  7     0.05238362
1946  8  8     0.05068290
1946  8  9     0.05684562
1946  8 10     0.15571017
1946  8 11     0.14504022
1946  8 12     0.04517420
1946  8 13     0.04353008
1946  8 14     0.04283516
1946  8 15     0.04211096
1946  8 16     0.04064707
1946  8 17     0.03876443
1946  8 18     0.03684044
1946  8 19     0.03536087
1946  8 20     0.03425335
1946  8 21     0.04242946
1946  8 22     0.04393834
1946  8 23     0.03361859
1946  8 24     0.03066527
1946  8 25     0.02994962
1946  8 26     0.02913549
1946  8 27     0.02837299
1946  8 28     0.02777133
1946  8 29     0.02744382
1946  8 30     0.02712101
1946  8 31     0.02670759
1946  9  1     0.02626034
1946  9  2     0.02591821
1946  9  3     0.02560034
1946  9  4     0.61277840
1946  9  5     0.79597071
1946  9  6     0.18375412
1946  9  7     0.08071834
1946  9  8     0.06447796
1946  9  9     0.05149845
1946  9 10     0.04267245
1946  9 11     0.03691789
1946  9 12     0.03276133
1946  9 13     0.02940883
1946  9 14     0.02696547
1946  9 15     0.02541719
1946  9 16     0.04458692
1946  9 17     0.25155103
1946  9 18     0.15973722
1946  9 19     0.02279870
1946  9 20     0.02096713
1946  9 21     0.01929965
1946  9 22     0.01830855
1946  9 23     0.01747667
1946  9 24     0.01644054
1946  9 25     0.01561281
1946  9 26     0.01498200
1946  9 27     0.01446103
1946  9 28     0.01410001
1946  9 29     0.01354559
1946  9 30     0.01307605
1946 10  1     3.67801380
1946 10  2     3.66482541
1946 10  3     0.91949435
1946 10  4     0.67920699
1946 10  5     0.42007484
1946 10  6     0.33882481
1946 10  7     0.27344706
1946 10  8     0.35883786
1946 10  9     0.30958339
1946 10 10     0.19092787
1946 10 11     0.16441658
1946 10 12     0.11971440
1946 10 13     0.09756164
1946 10 14     0.08044102
1946 10 15     0.07516733
1946 10 16     1.35038348
1946 10 17     0.92698246
1946 10 18     0.22263194
1946 10 19     0.20968342
1946 10 20     0.19772987
1946 10 21     0.18897044
1946 10 22     0.16396283
1946 10 23     0.14655494
1946 10 24     0.11127509
1946 10 25     0.07718539
1946 10 26     0.06040941
1946 10 27     0.05190211
1946 10 28     0.04581879
1946 10 29     0.04829250
1946 10 30     0.04473159
1946 10 31     0.03345398
1946 11  1     0.03060931
1946 11  2     0.02804342
1946 11  3     0.02545214
1946 11  4     0.02334315
1946 11  5     0.02213205
1946 11  6     0.02024766
1946 11  7     0.04897884
1946 11  8     0.06452303
1946 11  9     0.03227310
1946 11 10     0.02162231
1946 11 11     0.05120308
1946 11 12     0.04169730
1946 11 13     0.03565427
1946 11 14     0.08609658
1946 11 15     0.03975857
1946 11 16     0.02005282
1946 11 17     0.02548553
1946 11 18     0.90837566
1946 11 19     8.13456906
1946 11 20     7.93218398
1946 11 21     2.09738900
1946 11 22     3.08147399
1946 11 23     7.87349003
1946 11 24     5.50377727
1946 11 25     1.71839783
1946 11 26     1.27289453
1946 11 27     0.99393864
1946 11 28     0.81719183
1946 11 29     0.67810202
1946 11 30     0.57548807
1946 12  1     0.51202459
1946 12  2     0.44518966
1946 12  3     0.38490274
1946 12  4     1.45388349
1946 12  5     3.64595287
1946 12  6     4.51306418
1946 12  7     3.02054811
1946 12  8     1.32180574
1946 12  9     0.82065934
1946 12 10     0.66714863
1946 12 11     0.55713162
1946 12 12     0.48162555
1946 12 13     0.42839363
1946 12 14     0.38927241
1946 12 15     0.36151004
1946 12 16     0.33110254
1946 12 17     0.30894769
1946 12 18     0.28906321
1946 12 19     0.26961941
1946 12 20     0.25637031
1946 12 21     0.24765702
1946 12 22     0.23944645
1946 12 23     0.23153417
1946 12 24     0.95836760
1946 12 25     3.01854803
1946 12 26     2.44324242
1946 12 27     3.09962807
1946 12 28     1.62402583
1946 12 29     0.77836283
1946 12 30     0.65260922
1946 12 31     0.53517922
1947  1  1     0.46411598
1947  1  2     0.41352604
1947  1  3     0.37325321
1947  1  4     0.34248645
1947  1  5     0.32090581
1947  1  6     0.30747797
1947  1  7     0.30115956
1947  1  8     0.28865984
1947  1  9     0.27499708
1947  1 10     0.27280673
1947  1 11     0.27649145
1947  1 12     0.26489226
1947  1 13     0.35459825
1947  1 14     0.24602338
1947  1 15     0.20814570
1947  1 16     0.19749025
1947  1 17     0.19449216
1947  1 18     0.19760815
1947  1 19     0.20072027
1947  1 20     0.19727951
1947  1 21     0.20846059
1947  1 22     0.22290314
1947  1 23     0.24039550
1947  1 24     0.27453913
1947  1 25     0.30192223
1947  1 26     0.47347302
1947  1 27     0.59346976
1947  1 28     1.34260893
1947  1 29     1.05126063
1947  1 30     0.40238987
1947  1 31     0.28890793
1947  2  1     0.27148014
1947  2  2     0.29467177
1947  2  3     0.30782289
1947  2  4     0.27406308
1947  2  5     0.25807360
1947  2  6     0.30117850
1947  2  7     0.39838786
1947  2  8     0.48782999
1947  2  9     0.91614893
1947  2 10     1.55136796
1947  2 11     1.80010940
1947  2 12     6.70081047
1947  2 13     5.95571308
1947  2 14     2.69603303
1947  2 15     1.82917480
1947  2 16     1.58588162
1947  2 17     1.38106985
1947  2 18     0.99617595
1947  2 19     0.77088877
1947  2 20     0.66683672
1947  2 21     0.61101738
1947  2 22     0.62494339
1947  2 23     0.73486138
1947  2 24     0.94207316
1947  2 25     1.14934446
1947  2 26     1.13580150
1947  2 27     0.94410146
1947  2 28     0.67766020
1947  3  1     0.61719019
1947  3  2     2.36311251
1947  3  3     2.22784065
1947  3  4     2.47143217
1947  3  5     1.07982414
1947  3  6     0.72347601
1947  3  7     0.64056248
1947  3  8     1.34645407
1947  3  9     0.87722987
1947  3 10     4.72347266
1947  3 11     2.67264487
1947  3 12     1.14784020
1947  3 13     1.00053493
1947  3 14     1.11943454
1947  3 15     1.51053183
1947  3 16     2.01061443
1947  3 17     2.32524536
1947  3 18     2.50820994
1947  3 19     2.30302876
1947  3 20     1.77505304
1947  3 21     1.94387985
1947  3 22     2.55446458
1947  3 23     2.86490483
1947  3 24     1.85581668
1947  3 25     1.36667315
1947  3 26     2.00511407
1947  3 27     2.64308753
1947  3 28     3.12334145
1947  3 29     2.50372246
1947  3 30     5.32547807
1947  3 31     3.69652964
1947  4  1     1.84507015
1947  4  2     2.06508531
1947  4  3     2.94418493
1947  4  4     1.81140432
1947  4  5     1.06531140
1947  4  6     0.93769398
1947  4  7     0.91166515
1947  4  8     1.08197913
1947  4  9     1.30924926
1947  4 10     0.97203934
1947  4 11     1.07179482
1947  4 12     1.82601040
1947  4 13     2.62111933
1947  4 14     3.22172785
1947  4 15     3.87189136
1947  4 16     4.46018772
1947  4 17     4.54952690
1947  4 18     3.82637934
1947  4 19     3.29603410
1947  4 20     3.25540405
1947  4 21     2.69467975
1947  4 22     1.77897761
1947  4 23     1.23261763
1947  4 24     1.16905469
1947  4 25     1.31387226
1947  4 26     1.30634551
1947  4 27     1.59276927
1947  4 28     1.71320273
1947  4 29     1.44153292
1947  4 30     1.90741895
1947  5  1     3.15446060
1947  5  2     4.09435868
1947  5  3     4.43730762
1947  5  4     4.62104242
1947  5  5     4.65405825
1947  5  6     4.30638152
1947  5  7     3.41344479
1947  5  8     3.34954981
1947  5  9     2.90041779
1947  5 10     1.75900776
1947  5 11     1.48538493
1947  5 12     1.45229671
1947  5 13     1.44812393
1947  5 14     1.51706835
1947  5 15     1.80679601
1947  5 16     2.08227085
1947  5 17     2.15651811
1947  5 18     2.29269140
1947  5 19     2.42040697
1947  5 20     2.43713536
1947  5 21     2.43758843
1947  5 22     2.23689755
1947  5 23     1.76614154
1947  5 24     1.50097563
1947  5 25     1.38348981
1947  5 26     1.21453762
1947  5 27     1.96289723
1947  5 28     1.77757455
1947  5 29     1.10794200
1947  5 30     1.22013869
1947  5 31     2.05871110
1947  6  1     1.56131304
1947  6  2     0.76568851
1947  6  3     0.61276367
1947  6  4     0.48369502
1947  6  5     0.40753503
1947  6  6     0.36291993
1947  6  7     1.27443864
1947  6  8     1.06890925
1947  6  9     0.42607822
1947  6 10     0.39348535
1947  6 11     0.31565712
1947  6 12     0.26229853
1947  6 13     0.22836969
1947  6 14     0.20221060
1947  6 15     0.18098823
1947  6 16     0.16281077
1947  6 17     0.14944863
1947  6 18     0.13791153
1947  6 19     0.12772536
1947  6 20     0.11963648
1947  6 21     0.11376068
1947  6 22     0.10751873
1947  6 23     0.10112633
1947  6 24     0.09639549
1947  6 25     0.09364136
1947  6 26     0.08814198
1947  6 27     0.08282598
1947  6 28     0.07974606
1947  6 29     0.07680625
1947  6 30     0.07338658
1947  7  1     0.07007046
1947  7  2     0.06738945
1947  7  3     0.06512790
1947  7  4     0.06322818
1947  7  5     0.06083577
1947  7  6     0.05815829
1947  7  7     0.05588888
1947  7  8     0.05410184
1947  7  9     0.05239623
1947  7 10     0.05091870
1947  7 11     0.04951240
1947  7 12     0.04784109
1947  7 13     0.04613371
1947  7 14     0.04450910
1947  7 15     0.04327257
1947  7 16     0.04210405
1947  7 17     0.04066556
1947  7 18     0.03921537
1947  7 19     0.03787339
1947  7 20     0.03665326
1947  7 21     0.03568519
1947  7 22     0.03476664
1947  7 23     0.03404319
1947  7 24     0.03337369
1947  7 25     0.03245789
1947  7 26     0.03145633
1947  7 27     0.03047597
1947  7 28     0.02948045
1947  7 29     0.02849413
1947  7 30     0.02766919
1947  7 31     0.02700582
1947  8  1     0.02623136
1947  8  2     0.02540763
1947  8  3     0.02465003
1947  8  4     0.02390031
1947  8  5     0.02306348
1947  8  6     0.02234335
1947  8  7     0.02168480
1947  8  8     0.02115560
1947  8  9     0.02064622
1947  8 10     0.02015457
1947  8 11     0.01959352
1947  8 12     0.01896234
1947  8 13     0.01837048
1947  8 14     0.02117582
1947  8 15     0.02139539
1947  8 16     0.01935734
1947  8 17     0.01900781
1947  8 18     0.01613485
1947  8 19     0.01556566
1947  8 20     0.01501859
1947  8 21     0.01490851
1947  8 22     0.01483364
1947  8 23     0.01442800
1947  8 24     0.01384618
1947  8 25     0.01330792
1947  8 26     0.01293313
1947  8 27     0.01262955
1947  8 28     0.01236200
1947  8 29     0.01213690
1947  8 30     0.01184450
1947  8 31     0.01137050
1947  9  1     0.01069509
1947  9  2     0.01015733
1947  9  3     0.00987375
1947  9  4     0.00963275
1947  9  5     0.00934922
1947  9  6     0.00907851
1947  9  7     0.00894547
1947  9  8     0.00893477
1947  9  9     0.00876850
1947  9 10     0.00847864
1947  9 11     0.00810290
1947  9 12     0.00776003
1947  9 13     0.00751102
1947  9 14     0.00728848
1947  9 15     0.00706781
1947  9 16     0.00687831
1947  9 17     0.13783273
1947  9 18     0.11502814
1947  9 19     0.01461224
1947  9 20     0.00689540
1947  9 21     0.00630109
1947  9 22     0.00595075
1947  9 23     0.00579594
1947  9 24     0.00557347
1947  9 25     0.00540121
1947  9 26     0.00531972
1947  9 27     0.00519540
1947  9 28     0.00505249
1947  9 29     0.00492162
1947  9 30     0.00481471
1947 10  1     0.00473152
1947 10  2     0.00464461
1947 10  3     0.00451413
1947 10  4     0.00432353
1947 10  5     0.00415802
1947 10  6     0.00674274
1947 10  7     0.00716712
1947 10  8     0.47590599
1947 10  9     0.64015710
1947 10 10     2.08862261
1947 10 11     1.72454290
1947 10 12     0.46216195
1947 10 13     0.12101959
1947 10 14     0.10777024
1947 10 15     0.07165352
1947 10 16     0.32899012
1947 10 17     2.18930955
1947 10 18     1.54630525
1947 10 19     0.37146157
1947 10 20     0.28627169
1947 10 21     0.73132169
1947 10 22     0.58537745
1947 10 23     0.21342243
1947 10 24     0.18614015
1947 10 25     0.13382154
1947 10 26     0.09996574
1947 10 27     0.07852764
1947 10 28     0.23476330
1947 10 29     1.70267206
1947 10 30     1.80455360
1947 10 31     0.73239423
1947 11  1     1.15714244
1947 11  2     2.70089525
1947 11  3     1.64922568
1947 11  4     0.53687647
1947 11  5     0.40364534
1947 11  6     0.28669526
1947 11  7     0.21015706
1947 11  8     0.16276060
1947 11  9     0.13317804
1947 11 10     0.10698099
1947 11 11     0.08783109
1947 11 12     0.07361127
1947 11 13     0.06181635
1947 11 14     0.05279878
1947 11 15     0.12293781
1947 11 16     0.16250369
1947 11 17     0.08204707
1947 11 18     0.03796387
1947 11 19     0.03201299
1947 11 20     0.02631279
1947 11 21     0.02340024
1947 11 22     0.02072485
1947 11 23     0.01813412
1947 11 24     0.01609847
1947 11 25     0.01579841
1947 11 26     0.02927060
1947 11 27     0.05131093
1947 11 28     0.07041034
1947 11 29     0.14204459
1947 11 30     0.11722675
1947 12  1     0.07180449
1947 12  2     0.06107745
1947 12  3     0.04229717
1947 12  4     0.04367273
1947 12  5     0.03086481
1947 12  6     0.02035963
1947 12  7     0.02834588
1947 12  8     0.07724648
1947 12  9     0.02263442
1947 12 10     0.01202795
1947 12 11     0.01089388
1947 12 12     0.01086146
1947 12 13     0.01080382
1947 12 14     0.01011310
1947 12 15     0.00975981
1947 12 16     0.00931089
1947 12 17     0.24181172
1947 12 18     0.38450993
1947 12 19     0.08395002
1947 12 20     0.01308434
1947 12 21     0.01015273
1947 12 22     0.02199353
1947 12 23     0.01033483
1947 12 24     0.00942228
1947 12 25     0.01220974
1947 12 26     0.01805559
1947 12 27     0.02455663
1947 12 28     0.02719353
1947 12 29     0.01656301
1947 12 30     0.00965774
1947 12 31     0.00875226
1948  1  1     0.00786690
1948  1  2     1.11384196
1948  1  3     2.29459832
1948  1  4     1.38504521
1948  1  5     0.52047330
1948  1  6     0.38829097
1948  1  7     2.48255847
1948  1  8     6.01515338
1948  1  9     4.09666889
1948  1 10     1.36595846
1948  1 11     0.94607563
1948  1 12     0.67735200
1948  1 13     0.53741969
1948  1 14     0.42130322
1948  1 15     0.33596438
1948  1 16     0.29202557
1948  1 17     0.25015367
1948  1 18     0.20458598
1948  1 19     0.18517265
1948  1 20     0.51767331
1948  1 21     0.34672375
1948  1 22     0.81688553
1948  1 23     1.13664581
1948  1 24     0.71413905
1948  1 25     0.45767430
1948  1 26     0.34008222
1948  1 27     0.23923724
1948  1 28     0.19414073
1948  1 29     0.15267837
1948  1 30     0.12448193
1948  1 31     0.10456444
1948  2  1     0.09133523
1948  2  2     0.08126633
1948  2  3     0.07234029
1948  2  4     0.06600742
1948  2  5     0.96478594
1948  2  6     0.77636475
1948  2  7     0.34139677
1948  2  8     0.07104457
1948  2  9     0.15637382
1948  2 10     0.52916967
1948  2 11     0.13886443
1948  2 12     0.04246929
1948  2 13     0.04307051
1948  2 14     0.05538190
1948  2 15     0.07858244
1948  2 16     0.12752590
1948  2 17     0.20501326
1948  2 18     0.25316359
1948  2 19     0.25721718
1948  2 20     0.29674514
1948  2 21     0.42343104
1948  2 22     0.91546742
1948  2 23     0.70819553
1948  2 24     0.37806243
1948  2 25     0.44685957
1948  2 26     0.56398931
1948  2 27     0.52875087
1948  2 28     1.34633008
1948  2 29     0.80483577
1948  3  1     0.40304454
1948  3  2     0.33418000
1948  3  3     0.29135372
1948  3  4     0.26111760
1948  3  5     0.25936659
1948  3  6     0.27533713
1948  3  7     0.30683427
1948  3  8     0.35432894
1948  3  9     0.80423101
1948  3 10     0.44340521
1948  3 11     0.32612619
1948  3 12     0.38717348
1948  3 13     1.50228449
1948  3 14     2.86667387
1948  3 15     1.90947680
1948  3 16     0.99098624
1948  3 17     2.59994135
1948  3 18     1.12812327
1948  3 19     1.66785935
1948  3 20     0.84182718
1948  3 21     0.54364639
1948  3 22     0.51291911
1948  3 23     0.58239266
1948  3 24     5.75045605
1948  3 25     6.20680731
1948  3 26     2.20645903
1948  3 27     1.30787485
1948  3 28     1.32533883
1948  3 29     1.44798173
1948  3 30     1.70588343
1948  3 31     1.63642430
1948  4  1     1.54171182
1948  4  2     2.00308284
1948  4  3     4.41030402
1948  4  4     3.39655254
1948  4  5     3.95497276
1948  4  6     4.04297956
1948  4  7     2.13642602
1948  4  8     1.90695276
1948  4  9     2.60077031
1948  4 10     8.59146630
1948  4 11     5.07502446
1948  4 12     2.40949448
1948  4 13     1.89702216
1948  4 14     2.00927212
1948  4 15     3.08450810
1948  4 16     4.29373460
1948  4 17     5.20156182
1948  4 18     4.47278140
1948  4 19     3.90718855
1948  4 20     4.59166341
1948  4 21     4.66214574
1948  4 22     8.36287523
1948  4 23     7.10623451
1948  4 24     3.98300932
1948  4 25     4.01662410
1948  4 26     4.15225602
1948  4 27     3.97319895
1948  4 28     4.31651436
1948  4 29     5.34121982
1948  4 30     4.94681043
1948  5  1     2.79792925
1948  5  2     2.62150186
1948  5  3     3.36589121
1948  5  4     4.65066997
1948  5  5     6.01549334
1948  5  6     6.90569390
1948  5  7     6.63515905
1948  5  8     4.32922299
1948  5  9     2.63357458
1948  5 10     2.78670929
1948  5 11     3.40043048
1948  5 12     4.36377040
1948  5 13     5.60118139
1948  5 14     6.48200959
1948  5 15     7.18225580
1948  5 16     7.81385805
1948  5 17     7.49446178
1948  5 18     7.87105459
1948  5 19     6.33022462
1948  5 20     3.71497112
1948  5 21     3.69876114
1948  5 22     4.17484284
1948  5 23     4.87820507
1948  5 24     5.72178901
1948  5 25     6.14138168
1948  5 26     6.04455566
1948  5 27     5.74359343
1948  5 28     4.53443362
1948  5 29     3.49080995
1948  5 30     4.08825692
1948  5 31     5.61169381
1948  6  1     4.63693594
1948  6  2     3.43810368
1948  6  3     3.46329142
1948  6  4     3.29325182
1948  6  5     3.26327660
1948  6  6     3.77445198
1948  6  7     3.79008783
1948  6  8     4.15315675
1948  6  9     3.95697752
1948  6 10     3.11252704
1948  6 11     2.63374670
1948  6 12     2.41704841
1948  6 13     2.19267427
1948  6 14     1.96803882
1948  6 15     1.71417351
1948  6 16     1.43492995
1948  6 17     1.25566848
1948  6 18     1.17592245
1948  6 19     0.96743533
1948  6 20     0.76230946
1948  6 21     0.68460954
1948  6 22     0.62902577
1948  6 23     0.58183419
1948  6 24     0.56109457
1948  6 25     0.49789806
1948  6 26     0.42232525
1948  6 27     0.38733287
1948  6 28     0.35888491
1948  6 29     0.33477114
1948  6 30     0.31375946
1948  7  1     0.29644950
1948  7  2     0.28261735
1948  7  3     0.27022971
1948  7  4     0.25933520
1948  7  5     0.24968488
1948  7  6     0.23919594
1948  7  7     0.22866915
1948  7  8     0.21868548
1948  7  9     0.20925341
1948  7 10     0.20010483
1948  7 11     0.19183103
1948  7 12     0.18487727
1948  7 13     0.17836725
1948  7 14     0.17115756
1948  7 15     0.16383620
1948  7 16     0.15761169
1948  7 17     0.15242546
1948  7 18     0.14809853
1948  7 19     0.14339929
1948  7 20     0.13878072
1948  7 21     0.13415224
1948  7 22     0.12975546
1948  7 23     0.12590252
1948  7 24     0.12289443
1948  7 25     0.11949399
1948  7 26     0.11557397
1948  7 27     0.11169966
1948  7 28     0.10827164
1948  7 29     0.10506737
1948  7 30     0.10192039
1948  7 31     0.09895228
1948  8  1     0.09599925
1948  8  2     0.09319050
1948  8  3     0.09051683
1948  8  4     0.08796408
1948  8  5     0.08572588
1948  8  6     0.08335853
1948  8  7     0.08100102
1948  8  8     0.07895518
1948  8  9     0.07690556
1948  8 10     0.07470249
1948  8 11     0.07256234
1948  8 12     0.07048940
1948  8 13     0.06847163
1948  8 14     0.06654272
1948  8 15     0.06468130
1948  8 16     0.06287454
1948  8 17     0.06113446
1948  8 18     0.05949697
1948  8 19     0.05796271
1948  8 20     0.05634889
1948  8 21     0.05471543
1948  8 22     0.05324149
1948  8 23     0.05190231
1948  8 24     0.05054795
1948  8 25     0.04910742
1948  8 26     0.04762292
1948  8 27     0.04623329
1948  8 28     0.04494457
1948  8 29     0.04365606
1948  8 30     0.04240308
1948  8 31     0.04124865
1948  9  1     0.04006890
1948  9  2     0.03887022
1948  9  3     0.03776351
1948  9  4     0.03678586
1948  9  5     0.03593701
1948  9  6     0.03503903
1948  9  7     0.03404789
1948  9  8     0.03305923
1948  9  9     0.03206268
1948  9 10     0.03108019
1948  9 11     0.03014857
1948  9 12     0.02928932
1948  9 13     0.02852975
1948  9 14     0.02788512
1948  9 15     0.02725321
1948  9 16     0.02664267
1948  9 17     0.02606977
1948  9 18     0.02539238
1948  9 19     0.02496416
1948  9 20     0.02437265
1948  9 21     0.02358928
1948  9 22     0.02309600
1948  9 23     0.02260615
1948  9 24     0.07287746
1948  9 25     0.08481638
1948  9 26     0.04180810
1948  9 27     0.04573183
1948  9 28     0.03749356
1948  9 29     0.01918428
1948  9 30     0.01860621
1948 10  1     0.01804338
1948 10  2     0.01754538
1948 10  3     0.01712357
1948 10  4     0.01684935
1948 10  5     0.01652787
1948 10  6     0.01609438
1948 10  7     0.01562734
1948 10  8     0.01508335
1948 10  9     0.01460133
1948 10 10     0.01426641
1948 10 11     0.03122833
1948 10 12     0.36086580
1948 10 13     0.38604693
1948 10 14     0.27755707
1948 10 15     0.11399371
1948 10 16     0.01270632
1948 10 17     0.01228071
1948 10 18     0.01189626
1948 10 19     0.01162937
1948 10 20     0.01140763
1948 10 21     0.01111105
1948 10 22     0.01082697
1948 10 23     0.01049500
1948 10 24     0.01023078
1948 10 25     0.01002969
1948 10 26     0.00978700
1948 10 27     0.00957570
1948 10 28     0.00947431
1948 10 29     0.01377283
1948 10 30     0.06184212
1948 10 31     0.03610502
1948 11  1     0.06540856
1948 11  2     0.45985706
1948 11  3     0.43717797
1948 11  4     0.24806090
1948 11  5     0.11412240
1948 11  6     0.02156792
1948 11  7     0.01713278
1948 11  8     0.01126473
1948 11  9     0.00835034
1948 11 10     0.00830794
1948 11 11     0.00819041
1948 11 12     0.00851986
1948 11 13     0.01053792
1948 11 14     0.01254046
1948 11 15     0.01609228
1948 11 16     0.01495880
1948 11 17     0.09072148
1948 11 18     0.05553048
1948 11 19     0.00794685
1948 11 20     0.00786675
1948 11 21     0.00778552
1948 11 22     0.00794702
1948 11 23     0.00803551
1948 11 24     0.00993947
1948 11 25     0.00902792
1948 11 26     0.01253466
1948 11 27     0.00973795
1948 11 28     0.00753733
1948 11 29     0.00698471
1948 11 30     0.00653575
1948 12  1     0.00646352
1948 12  2     0.00637386
1948 12  3     0.31652173
1948 12  4     0.15773703
1948 12  5     0.06171410
1948 12  6     0.38515824
1948 12  7     0.12478667
1948 12  8     0.05101316
1948 12  9     0.01847498
1948 12 10     0.01192928
1948 12 11     0.01192761
1948 12 12     0.01172391
1948 12 13     0.22871195
1948 12 14     0.54439982
1948 12 15     0.34547883
1948 12 16     0.03365615
1948 12 17     0.37453854
1948 12 18     0.08748872
1948 12 19     0.01220240
1948 12 20     0.00740950
1948 12 21     0.00761233
1948 12 22     0.00701751
1948 12 23     0.00731094
1948 12 24     0.00779888
1948 12 25     0.00747412
1948 12 26     0.68204672
1948 12 27     1.10209396
1948 12 28     0.33090738
1948 12 29     0.02433504
1948 12 30     0.00741396
1948 12 31     0.00793893
1949  1  1     0.29063535
1949  1  2     0.25470989
1949  1  3     0.04422558
1949  1  4     0.00772716
1949  1  5     0.00754478
1949  1  6     0.00700905
1949  1  7     0.00859996
1949  1  8     0.01035875
1949  1  9     0.00850734
1949  1 10     0.00775224
1949  1 11     0.00780154
1949  1 12     0.00720803
1949  1 13     0.00665399
1949  1 14     0.00674715
1949  1 15     0.00652326
1949  1 16     0.00635714
1949  1 17     0.00617307
1949  1 18     0.00678472
1949  1 19     0.32675124
1949  1 20     1.09135327
1949  1 21     0.20835511
1949  1 22     0.71831077
1949  1 23     0.49564327
1949  1 24     0.05929761
1949  1 25     0.00844328
1949  1 26     0.00803663
1949  1 27     0.00767074
1949  1 28     0.00765576
1949  1 29     0.00813637
1949  1 30     0.00847092
1949  1 31     0.00833290
1949  2  1     0.00754675
1949  2  2     0.02988138
1949  2  3     0.66201251
1949  2  4     0.23760936
1949  2  5     0.75346453
1949  2  6     0.18194665
1949  2  7     1.62933283
1949  2  8     0.25902234
1949  2  9     0.03397268
1949  2 10     0.13154220
1949  2 11     1.42262620
1949  2 12     0.34564233
1949  2 13     0.04530768
1949  2 14     0.04018414
1949  2 15     0.04966344
1949  2 16     0.07589341
1949  2 17     0.11719571
1949  2 18     0.15416521
1949  2 19     0.17875696
1949  2 20     0.19125517
1949  2 21     0.14496006
1949  2 22     0.20848007
1949  2 23     0.23807022
1949  2 24     0.30736766
1949  2 25     0.30462393
1949  2 26     0.34649571
1949  2 27     0.31077016
1949  2 28     0.21900615
1949  3  1     0.23227567
1949  3  2     1.17547234
1949  3  3     3.35797301
1949  3  4     6.63320133
1949  3  5     2.20222443
1949  3  6     0.72968212
1949  3  7     0.68939438
1949  3  8     0.49932539
1949  3  9     0.53128165
1949  3 10     1.66813406
1949  3 11     2.87851370
1949  3 12     5.15358568
1949  3 13     1.87986440
1949  3 14     0.90007636
1949  3 15     0.87984557
1949  3 16     1.66644968
1949  3 17     1.06018591
1949  3 18     0.88331929
1949  3 19     1.61524827
1949  3 20     2.33908571
1949  3 21     1.09202993
1949  3 22     0.88050369
1949  3 23     4.09349196
1949  3 24     1.42622756
1949  3 25     0.74965654
1949  3 26     0.72107845
1949  3 27     0.79248273
1949  3 28     0.85680938
1949  3 29     0.70073146
1949  3 30     0.64559158
1949  3 31     0.65550565
1949  4  1     0.58686308
1949  4  2     0.64070615
1949  4  3     0.67183201
1949  4  4     0.74713449
1949  4  5     0.95927101
1949  4  6     1.11888605
1949  4  7     1.11436338
1949  4  8     1.37745622
1949  4  9     1.26663351
1949  4 10     1.53174550
1949  4 11     2.11908232
1949  4 12     2.49195174
1949  4 13     2.70930966
1949  4 14     3.12118371
1949  4 15     3.46805676
1949  4 16     3.46655899
1949  4 17     3.72701010
1949  4 18     3.32865247
1949  4 19     3.02867081
1949  4 20     3.20130359
1949  4 21     3.94854937
1949  4 22     5.24652739
1949  4 23     6.18924288
1949  4 24     6.54513606
1949  4 25     6.15396146
1949  4 26     5.42998846
1949  4 27     5.12927692
1949  4 28     5.41419185
1949  4 29     4.89406454
1949  4 30     3.61318213
1949  5  1     3.69530007
1949  5  2     4.60659587
1949  5  3     4.59281352
1949  5  4     3.72373161
1949  5  5     3.43238763
1949  5  6     4.34208743
1949  5  7     5.11616048
1949  5  8     5.11350841
1949  5  9     4.18578249
1949  5 10     3.58727748
1949  5 11     4.32153141
1949  5 12     5.50863208
1949  5 13     6.49219671
1949  5 14    10.06816370
1949  5 15     8.31094776
1949  5 16     4.83419794
1949  5 17     4.34036448
1949  5 18     3.41839979
1949  5 19     3.18435289
1949  5 20     2.56513586
1949  5 21     2.12134353
1949  5 22     2.72010329
1949  5 23     3.78027223
1949  5 24     4.90562159
1949  5 25     5.93070276
1949  5 26     6.56405409
1949  5 27     6.44070627
1949  5 28     5.59314095
1949  5 29     4.91469705
1949  5 30     5.26057677
1949  5 31     4.22961217
1949  6  1     2.96993571
1949  6  2     2.94880037
1949  6  3     3.31064189
1949  6  4     3.64479494
1949  6  5     3.88843665
1949  6  6     3.97859035
1949  6  7     3.92206234
1949  6  8     3.58035279
1949  6  9     3.11902397
1949  6 10     2.77464465
1949  6 11     2.22247367
1949  6 12     1.56476061
1949  6 13     1.25732818
1949  6 14     1.08448936
1949  6 15     0.89612114
1949  6 16     0.72968544
1949  6 17     0.61597929
1949  6 18     0.55847670
1949  6 19     0.51440951
1949  6 20     0.45123447
1949  6 21     0.40296152
1949  6 22     0.36951792
1949  6 23     0.34108286
1949  6 24     0.31685401
1949  6 25     0.29538748
1949  6 26     0.27630476
1949  6 27     0.26068711
1949  6 28     0.24662702
1949  6 29     0.23422609
1949  6 30     0.22247111
1949  7  1     0.21059406
1949  7  2     0.19976251
1949  7  3     0.19061391
1949  7  4     0.18309698
1949  7  5     0.17613940
1949  7  6     0.16927212
1949  7  7     0.16250201
1949  7  8     0.15574110
1949  7  9     0.14950438
1949  7 10     0.14373669
1949  7 11     0.13817654
1949  7 12     0.16395483
1949  7 13     0.15540944
1949  7 14     0.12515081
1949  7 15     0.12071562
1949  7 16     0.11603422
1949  7 17     0.11231718
1949  7 18     0.10847430
1949  7 19     0.10563963
1949  7 20     0.10300806
1949  7 21     0.10001494
1949  7 22     0.09719583
1949  7 23     0.09436233
1949  7 24     0.09164400
1949  7 25     0.08865191
1949  7 26     0.08586893
1949  7 27     0.08329411
1949  7 28     0.08088132
1949  7 29     0.07849190
1949  7 30     0.07611948
1949  7 31     0.07386647
1949  8  1     0.07151154
1949  8  2     0.06930969
1949  8  3     0.06731614
1949  8  4     0.06541375
1949  8  5     0.06358217
1949  8  6     0.06197400
1949  8  7     0.06037006
1949  8  8     0.05876420
1949  8  9     0.07735454
1949  8 10     0.07524845
1949  8 11     0.05444401
1949  8 12     0.05293581
1949  8 13     0.05138894
1949  8 14     0.04994407
1949  8 15     0.04848580
1949  8 16     0.04976183
1949  8 17     0.04840129
1949  8 18     0.04446912
1949  8 19     0.04321871
1949  8 20     0.04200526
1949  8 21     0.04079893
1949  8 22     0.18401997
1949  8 23     0.15968460
1949  8 24     0.04736515
1949  8 25     0.03670474
1949  8 26     0.03556475
1949  8 27     0.03450522
1949  8 28     0.04118388
1949  8 29     0.03743716
1949  8 30     0.03155262
1949  8 31     0.03063824
1949  9  1     0.02973001
1949  9  2     0.02890306
1949  9  3     0.02813256
1949  9  4     0.02745838
1949  9  5     0.02684063
1949  9  6     0.02616659
1949  9  7     0.02545292
1949  9  8     0.02578003
1949  9  9     0.02500228
1949  9 10     0.02358915
1949  9 11     0.02312046
1949  9 12     0.02246650
1949  9 13     0.12273960
1949  9 14     0.12367278
1949  9 15     0.02052701
1949  9 16     0.01991209
1949  9 17     0.01939583
1949  9 18     0.01884907
1949  9 19     0.01816172
1949  9 20     0.01755156
1949  9 21     0.02585253
1949  9 22     0.04163943
1949  9 23     0.03316155
1949  9 24     0.01557879
1949  9 25     0.01552096
1949  9 26     0.01546808
1949  9 27     0.01516656
1949  9 28     0.01619531
1949  9 29     0.01528177
1949  9 30     0.01389624
1949 10  1     0.01344573
1949 10  2     0.01297785
1949 10  3     0.01258649
1949 10  4     0.01221361
1949 10  5     0.01189309
1949 10  6     0.01183209
1949 10  7     0.06297750
1949 10  8     0.05140039
1949 10  9     0.01565635
1949 10 10     0.06195064
1949 10 11     0.04701815
1949 10 12     0.01018151
1949 10 13     0.00978947
1949 10 14     0.00952753
1949 10 15     0.01308957
1949 10 16     0.01205416
1949 10 17     0.00882072
1949 10 18     0.01041043
1949 10 19     0.01141564
1949 10 20     0.01086857
1949 10 21     0.01027745
1949 10 22     0.01103153
1949 10 23     0.01754526
1949 10 24     0.01686701
1949 10 25     0.00861041
1949 10 26     0.00730470
1949 10 27     0.00712371
1949 10 28     0.00689799
1949 10 29     0.00662666
1949 10 30     0.00641643
1949 10 31     0.00619465
1949 11  1     0.00603692
1949 11  2     0.00589632
1949 11  3     0.00569196
1949 11  4     0.00556200
1949 11  5     0.00545027
1949 11  6     0.00527932
1949 11  7     0.03500618
1949 11  8     0.42354583
1949 11  9     1.00434749
1949 11 10     2.45105745
1949 11 11     0.81686118
1949 11 12     0.06400025
1949 11 13     0.02667216
1949 11 14     0.03902904
1949 11 15     0.05999078
1949 11 16     0.07837964
1949 11 17     0.08548562
1949 11 18     0.08964475
1949 11 19     0.08380153
1949 11 20     0.06744024
1949 11 21     0.05130795
1949 11 22     0.04859485
1949 11 23     0.05106367
1949 11 24     0.05341041
1949 11 25     0.06888332
1949 11 26     0.08191183
1949 11 27     0.06741072
1949 11 28     0.05438341
1949 11 29     0.05076587
1949 11 30     0.04782927
1949 12  1     0.03880656
1949 12  2     0.02986268
1949 12  3     0.02753140
1949 12  4     0.02557835
1949 12  5     0.02256838
1949 12  6     0.01386158
1949 12  7     0.00844665
1949 12  8     0.11189455
1949 12  9     0.02424068
1949 12 10     0.01282423
1949 12 11     0.00934319
1949 12 12     0.00675546
1949 12 13     0.00632421
1949 12 14     0.00638814
1949 12 15     0.02075905
1949 12 16     0.04725524
1949 12 17     0.26226283
1949 12 18     0.79888244
1949 12 19     0.63124081
1949 12 20     0.08819825
1949 12 21     0.00663439
1949 12 22     0.00603208
1949 12 23     0.00578375
1949 12 24     0.00596013
1949 12 25     0.00618261
1949 12 26     0.00669030
1949 12 27     0.00689590
1949 12 28     0.00807155
1949 12 29     0.00853849
1949 12 30     0.00820369
1949 12 31     0.00755198
1950  1  1     0.00863840
1950  1  2     0.13071362
1950  1  3     0.34515235
1950  1  4     0.04086752
1950  1  5     0.00613229
1950  1  6     0.00580163
1950  1  7     0.00589905
1950  1  8     0.67302198
1950  1  9     0.35220533
1950  1 10     0.03523353
1950  1 11     0.66093238
1950  1 12     0.34635159
1950  1 13     0.04319768
1950  1 14     0.74406531
1950  1 15     0.10416841
1950  1 16     0.32542293
1950  1 17     3.85371719
1950  1 18     1.19049810
1950  1 19     0.12422656
1950  1 20     0.08872076
1950  1 21     0.13570702
1950  1 22     0.11702216
1950  1 23     0.69847248
1950  1 24     1.40633067
1950  1 25     0.56217310
1950  1 26     0.14825284
1950  1 27     0.13790317
1950  1 28     3.71142770
1950  1 29     1.51182986
1950  1 30     0.43026579
1950  1 31     0.37017176
1950  2  1     0.29662542
1950  2  2     0.25983558
1950  2  3     0.23670590
1950  2  4     3.14369973
1950  2  5     4.54198189
1950  2  6     5.90322746
1950  2  7     2.48934409
1950  2  8     1.08943801
1950  2  9     0.85737145
1950  2 10     1.28826095
1950  2 11     1.53047817
1950  2 12     0.90210782
1950  2 13     0.73502640
1950  2 14     0.76259162
1950  2 15     0.81967534
1950  2 16     0.84256056
1950  2 17     0.78983697
1950  2 18     0.79129672
1950  2 19     0.85306267
1950  2 20     0.83911459
1950  2 21     0.76562354
1950  2 22     0.73075131
1950  2 23     0.77211143
1950  2 24     0.83663082
1950  2 25     0.91244653
1950  2 26     1.05272775
1950  2 27     1.07754494
1950  2 28     0.97862613
1950  3  1     0.95878651
1950  3  2     0.96568071
1950  3  3     0.96816884
1950  3  4     1.03700304
1950  3  5     1.17350269
1950  3  6     0.90049942
1950  3  7     0.68916059
1950  3  8     0.72933608
1950  3  9     0.64534946
1950  3 10     0.56281509
1950  3 11     0.79809200
1950  3 12     0.57089310
1950  3 13     0.46061049
1950  3 14     0.48959569
1950  3 15     0.52204065
1950  3 16     0.60048950
1950  3 17     1.46908712
1950  3 18     1.64839233
1950  3 19     2.14499077
1950  3 20     2.79257613
1950  3 21     1.91036305
1950  3 22     2.84338230
1950  3 23     2.83766488
1950  3 24     7.87280704
1950  3 25     7.89497163
1950  3 26     3.79534534
1950  3 27     1.85962411
1950  3 28     1.48863310
1950  3 29     1.64149184
1950  3 30     2.27724369
1950  3 31     2.66814322
1950  4  1     2.39597968
1950  4  2     2.30889144
1950  4  3     2.29556297
1950  4  4     2.26966971
1950  4  5     2.38361016
1950  4  6     2.31675823
1950  4  7     2.95430841
1950  4  8     6.48090151
1950  4  9     6.48767586
1950  4 10     2.52628521
1950  4 11     1.65515184
1950  4 12     1.70278057
1950  4 13     2.22190466
1950  4 14     1.73609544
1950  4 15     1.35548385
1950  4 16     1.70543758
1950  4 17     2.60887856
1950  4 18     3.68457732
1950  4 19     4.41320536
1950  4 20     5.03322395
1950  4 21     5.39110650
1950  4 22     5.24337068
1950  4 23     4.55799867
1950  4 24     3.87036226
1950  4 25     3.75919061
1950  4 26     4.02198815
1950  4 27     4.23824630
1950  4 28     3.39946023
1950  4 29     2.29827601
1950  4 30     2.05613088
1950  5  1     2.48411734
1950  5  2     2.64231287
1950  5  3     2.29133148
1950  5  4     1.47912916
1950  5  5     1.25225397
1950  5  6     1.31977143
1950  5  7     1.12993927
1950  5  8     0.98310319
1950  5  9     1.13191206
1950  5 10     1.89083736
1950  5 11     3.12890693
1950  5 12     3.85170898
1950  5 13     4.46564390
1950  5 14     5.12772703
1950  5 15     5.38208590
1950  5 16     5.66497198
1950  5 17     5.92024640
1950  5 18     5.24240676
1950  5 19     4.70932260
1950  5 20     5.28509405
1950  5 21     6.34167638
1950  5 22     7.35699655
1950  5 23     7.54333828
1950  5 24     6.50930952
1950  5 25     5.69080432
1950  5 26     5.98514259
1950  5 27     6.80262500
1950  5 28     7.16830298
1950  5 29     7.44944399
1950  5 30     8.38442654
1950  5 31     9.22202624
1950  6  1     9.74115503
1950  6  2     9.53943779
1950  6  3     8.69529707
1950  6  4     8.18639344
1950  6  5     7.98830110
1950  6  6     7.12785072
1950  6  7     4.73973525
1950  6  8     2.90026634
1950  6  9     2.88242461
1950  6 10     3.10847401
1950  6 11     3.26674959
1950  6 12     2.80916908
1950  6 13     2.61590009
1950  6 14     2.90756766
1950  6 15     3.11008178
1950  6 16     3.29835382
1950  6 17     3.24441726
1950  6 18     3.21276496
1950  6 19     3.30553245
1950  6 20     3.52294611
1950  6 21     3.47447845
1950  6 22     2.95861427
1950  6 23     2.49278070
1950  6 24     1.96500951
1950  6 25     1.52882048
1950  6 26     1.44932339
1950  6 27     1.36564694
1950  6 28     1.15873036
1950  6 29     0.96361080
1950  6 30     0.81439286
1950  7  1     0.69219101
1950  7  2     0.58115150
1950  7  3     0.47604040
1950  7  4     0.41953192
1950  7  5     0.39364044
1950  7  6     0.36597249
1950  7  7     0.31525991
1950  7  8     0.29180032
1950  7  9     0.27481060
1950  7 10     0.32390730
1950  7 11     0.32462823
1950  7 12     0.26133882
1950  7 13     0.21700863
1950  7 14     0.20576542
1950  7 15     0.19394726
1950  7 16     0.18407959
1950  7 17     0.17529760
1950  7 18     0.16805589
1950  7 19     0.16130442
1950  7 20     0.15465343
1950  7 21     0.14834694
1950  7 22     0.14233190
1950  7 23     0.13688054
1950  7 24     0.13189787
1950  7 25     0.15128254
1950  7 26     0.18786619
1950  7 27     0.15448308
1950  7 28     0.11667879
1950  7 29     0.11380658
1950  7 30     0.11069764
1950  7 31     0.10682969
1950  8  1     0.10336231
1950  8  2     0.10525289
1950  8  3     0.10313413
1950  8  4     0.09632895
1950  8  5     0.09470439
1950  8  6     0.09254049
1950  8  7     0.08957650
1950  8  8     0.08685732
1950  8  9     0.08469654
1950  8 10     0.08252071
1950  8 11     0.08052624
1950  8 12     0.07841120
1950  8 13     0.07573660
1950  8 14     0.07320977
1950  8 15     0.07069703
1950  8 16     0.06788233
1950  8 17     0.06515587
1950  8 18     0.06263350
1950  8 19     0.06015011
1950  8 20     0.05805225
1950  8 21     0.05652871
1950  8 22     0.05590233
1950  8 23     0.05562002
1950  8 24     0.05484535
1950  8 25     0.05333829
1950  8 26     0.05180937
1950  8 27     0.04993597
1950  8 28     0.04730814
1950  8 29     0.04514520
1950  8 30     0.04372676
1950  8 31     0.04250601
1950  9  1     0.04081922
1950  9  2     0.03910310
1950  9  3     0.03971716
1950  9  4     0.03905190
1950  9  5     0.03631655
1950  9  6     0.03743577
1950  9  7     0.14664071
1950  9  8     0.17670398
1950  9  9     0.05795900
1950  9 10     0.04357645
1950  9 11     0.04262604
1950  9 12     0.04311979
1950  9 13     0.04143444
1950  9 14     0.03306872
1950  9 15     0.03263261
1950  9 16     0.03232509
1950  9 17     0.04110804
1950  9 18     0.15088560
1950  9 19     0.15445859
1950  9 20     0.07420147
1950  9 21     0.02867102
1950  9 22     0.02672998
1950  9 23     0.02558484
1950  9 24     0.02489454
1950  9 25     0.02411482
1950  9 26     0.02336383
1950  9 27     0.02274746
1950  9 28     0.02213583
1950  9 29     0.02225630
1950  9 30     0.02410504
1950 10  1     0.02493222
1950 10  2     0.02330244
1950 10  3     0.02117563
1950 10  4     0.01978184
1950 10  5     0.01923409
1950 10  6     0.01904949
1950 10  7     0.01817656
1950 10  8     0.01681100
1950 10  9     0.01610410
1950 10 10     0.01578553
1950 10 11     0.01499698
1950 10 12     0.01404223
1950 10 13     0.01354898
1950 10 14     0.01349648
1950 10 15     0.01333320
1950 10 16     0.01370695
1950 10 17     0.01417451
1950 10 18     0.01393717
1950 10 19     0.01322781
1950 10 20     0.01259618
1950 10 21     0.01285775
1950 10 22     0.01318202
1950 10 23     0.02600246
1950 10 24     0.41956123
1950 10 25     0.36180815
1950 10 26     1.08638474
1950 10 27     6.15013544
1950 10 28     4.14409412
1950 10 29     0.75501505
1950 10 30     2.47898047
1950 10 31     3.28748406
1950 11  1     1.86500905
1950 11  2     0.74014961
1950 11  3     0.57750843
1950 11  4     0.44250717
1950 11  5     0.35094531
1950 11  6     0.28387232
1950 11  7     0.23179597
1950 11  8     0.19630278
1950 11  9     0.16684347
1950 11 10     0.13223592
1950 11 11     0.10587338
1950 11 12     0.09327042
1950 11 13     0.11478651
1950 11 14     0.99214837
1950 11 15     0.56029759
1950 11 16     0.48028931
1950 11 17     2.33106902
1950 11 18    21.08819373
1950 11 19    55.49543143
1950 11 20    43.26628291
1950 11 21    28.06737848
1950 11 22    18.33808842
1950 11 23     8.85253788
1950 11 24     6.61429926
1950 11 25     5.10669689
1950 11 26     4.09643558
1950 11 27     3.38691951
1950 11 28     2.86416529
1950 11 29     2.48179644
1950 11 30     3.84139432
1950 12  1     4.13073394
1950 12  2     2.73388163
1950 12  3    18.75161774
1950 12  4    35.11282070
1950 12  5    22.88391917
1950 12  6     9.17908010
1950 12  7    23.34441066
1950 12  8    32.61509933
1950 12  9    17.59486077
1950 12 10     8.09538112
1950 12 11     6.28179224
1950 12 12     5.02333891
1950 12 13     4.16268111
1950 12 14    12.15015466
1950 12 15    10.85048096
1950 12 16     5.71001791
1950 12 17     4.06373739
1950 12 18     3.46858465
1950 12 19     3.00241580
1950 12 20     2.66058044
1950 12 21     2.40073008
1950 12 22     2.20179416
1950 12 23     2.04553816
1950 12 24     1.92011035
1950 12 25     1.81104037
1950 12 26     1.70154523
1950 12 27     1.60539308
1950 12 28     1.52426910
1950 12 29     1.45928691
1950 12 30     1.53900879
1950 12 31     1.45450919
1951  1  1     1.31419021
1951  1  2     1.25005509
1951  1  3     1.47627073
1951  1  4     1.36950243
1951  1  5     1.19071633
1951  1  6     1.10301007
1951  1  7     1.06729273
1951  1  8     1.02703144
1951  1  9     1.04086818
1951  1 10     2.31132944
1951  1 11     4.15581876
1951  1 12     3.76253034
1951  1 13     1.65576055
1951  1 14     1.24274191
1951  1 15     1.14675646
1951  1 16     2.75162063
1951  1 17     2.46041135
1951  1 18     4.46552415
1951  1 19     7.15724549
1951  1 20     3.28745556
1951  1 21     1.82673094
1951  1 22     3.46479694
1951  1 23     2.69053363
1951  1 24     1.82893458
1951  1 25     1.69306913
1951  1 26     1.57356452
1951  1 27     1.54113441
1951  1 28     1.51337289
1951  1 29     1.74611253
1951  1 30     1.55744204
1951  1 31     1.21525822
1951  2  1     1.12085338
1951  2  2     1.04471197
1951  2  3     0.99946975
1951  2  4     1.00194765
1951  2  5    10.72543808
1951  2  6     7.28711169
1951  2  7     2.77027452
1951  2  8     2.54380444
1951  2  9     2.21247462
1951  2 10     2.06560686
1951  2 11     3.93583638
1951  2 12     6.22954761
1951  2 13     3.10871957
1951  2 14     1.95391347
1951  2 15     1.66781148
1951  2 16     1.41392449
1951  2 17     1.24637676
1951  2 18     1.19244878
1951  2 19     1.07859148
1951  2 20     0.96729218
1951  2 21     0.94213677
1951  2 22     0.89657739
1951  2 23     0.82782000
1951  2 24     0.84394495
1951  2 25     0.85192619
1951  2 26     0.85878059
1951  2 27     0.94815293
1951  2 28     0.77306248
1951  3  1     1.92755613
1951  3  2     0.97271107
1951  3  3     0.72186518
1951  3  4     1.68788704
1951  3  5     7.83423563
1951  3  6     4.39404825
1951  3  7     2.10296748
1951  3  8     1.50142707
1951  3  9     1.37698415
1951  3 10     1.26989720
1951  3 11     1.12359949
1951  3 12     1.15416947
1951  3 13     1.38459597
1951  3 14     1.56446964
1951  3 15     2.00090106
1951  3 16     2.44203491
1951  3 17     2.28034921
1951  3 18     1.96942279
1951  3 19     2.12809509
1951  3 20     2.50527846
1951  3 21     2.65745541
1951  3 22     2.28891779
1951  3 23     2.07277929
1951  3 24     2.18786690
1951  3 25     2.41219163
1951  3 26     2.27321958
1951  3 27     1.92341336
1951  3 28     2.01530522
1951  3 29     2.42717895
1951  3 30     1.97786300
1951  3 31     1.26314882
1951  4  1     1.06045608
1951  4  2     0.96106366
1951  4  3     1.05182312
1951  4  4     1.06627751
1951  4  5     1.00554397
1951  4  6     0.97888217
1951  4  7     1.08944080
1951  4  8     1.54373674
1951  4  9     2.33688922
1951  4 10     3.28356037
1951  4 11     3.89157735
1951  4 12     3.90057281
1951  4 13     3.94032764
1951  4 14     4.09463613
1951  4 15     3.99347036
1951  4 16     3.58097947
1951  4 17     2.92137237
1951  4 18     2.37853338
1951  4 19     2.79559035
1951  4 20     2.40797476
1951  4 21     1.68651942
1951  4 22     1.97179657
1951  4 23     2.16318835
1951  4 24     1.93104235
1951  4 25     1.36506757
1951  4 26     0.96599251
1951  4 27     0.95718870
1951  4 28     3.98076890
1951  4 29     4.56074409
1951  4 30     1.72150777
1951  5  1     1.10415979
1951  5  2     0.95983675
1951  5  3     1.19384874
1951  5  4     8.15602997
1951  5  5     6.35614107
1951  5  6     4.05084176
1951  5  7     3.44796649
1951  5  8     2.61203601
1951  5  9     2.95395502
1951  5 10     3.53184012
1951  5 11     4.11260761
1951  5 12     2.90093869
1951  5 13     1.53006307
1951  5 14     1.33737139
1951  5 15     1.45589998
1951  5 16     2.41138792
1951  5 17     3.26386698
1951  5 18     3.66267792
1951  5 19     4.04318279
1951  5 20     4.27618861
1951  5 21     4.20482274
1951  5 22     4.06618506
1951  5 23     3.99789582
1951  5 24     3.72675134
1951  5 25     3.75717257
1951  5 26     3.96548647
1951  5 27     3.81588640
1951  5 28     3.24968566
1951  5 29     2.55836965
1951  5 30     2.14829092
1951  5 31     1.70335594
1951  6  1     1.34588362
1951  6  2     1.26948817
1951  6  3     1.20356956
1951  6  4     1.12826939
1951  6  5     1.05343701
1951  6  6     0.93654510
1951  6  7     0.81869552
1951  6  8     0.70241939
1951  6  9     0.64239567
1951  6 10     0.66446945
1951  6 11     0.66250019
1951  6 12     0.63659048
1951  6 13     0.59806996
1951  6 14     0.56556457
1951  6 15     0.56639336
1951  6 16     0.56411157
1951  6 17     0.54624356
1951  6 18     0.44256533
1951  6 19     0.33525178
1951  6 20     0.47441398
1951  6 21     0.46860325
1951  6 22     0.86346709
1951  6 23     0.73810790
1951  6 24     0.33153639
1951  6 25     0.38462162
1951  6 26     0.35915122
1951  6 27     0.24633218
1951  6 28     0.23358053
1951  6 29     0.20901243
1951  6 30     0.19210256
1951  7  1     0.17922760
1951  7  2     0.16940852
1951  7  3     0.16158785
1951  7  4     0.15573313
1951  7  5     0.14965300
1951  7  6     0.14323376
1951  7  7     0.13640703
1951  7  8     0.12984079
1951  7  9     0.12429208
1951  7 10     0.11975318
1951  7 11     0.11602837
1951  7 12     0.11237107
1951  7 13     0.10865306
1951  7 14     0.10530964
1951  7 15     0.10187655
1951  7 16     0.10770757
1951  7 17     0.10431409
1951  7 18     0.10903660
1951  7 19     0.10611094
1951  7 20     0.08641840
1951  7 21     0.08445045
1951  7 22     0.08201444
1951  7 23     0.07919625
1951  7 24     0.07702765
1951  7 25     0.07553265
1951  7 26     0.07368250
1951  7 27     0.07125746
1951  7 28     0.06890074
1951  7 29     0.10543485
1951  7 30     0.10382146
1951  7 31     0.06354249
1951  8  1     0.06049376
1951  8  2     0.05808284
1951  8  3     0.05683673
1951  8  4     0.05601693
1951  8  5     0.05528551
1951  8  6     0.05415916
1951  8  7     0.05275433
1951  8  8     0.05118269
1951  8  9     0.04925467
1951  8 10     0.04727086
1951  8 11     0.04564340
1951  8 12     0.04477545
1951  8 13     0.04353631
1951  8 14     0.04164941
1951  8 15     0.03958408
1951  8 16     0.03771618
1951  8 17     0.03633311
1951  8 18     0.04673043
1951  8 19     0.04854460
1951  8 20     0.04357903
1951  8 21     0.04275003
1951  8 22     0.03951423
1951  8 23     0.03919587
1951  8 24     0.03611784
1951  8 25     0.03203598
1951  8 26     0.03002790
1951  8 27     0.02867713
1951  8 28     0.02871873
1951  8 29     0.02938057
1951  8 30     0.02956531
1951  8 31     0.02857931
1951  9  1     0.02751598
1951  9  2     0.02658038
1951  9  3     0.02540608
1951  9  4     0.02456622
1951  9  5     0.02376466
1951  9  6     0.02335901
1951  9  7     0.02237814
1951  9  8     0.02071931
1951  9  9     0.01941749
1951  9 10     0.01848897
1951  9 11     0.01825013
1951  9 12     0.01799812
1951  9 13     0.01711714
1951  9 14     0.01619582
1951  9 15     0.01551261
1951  9 16     0.06445661
1951  9 17     0.07341343
1951  9 18     0.03658551
1951  9 19     0.02733112
1951  9 20     0.02797392
1951  9 21     0.03266037
1951  9 22     0.01767944
1951  9 23     0.01360586
1951  9 24     0.01338262
1951  9 25     0.01291807
1951  9 26     0.01275179
1951  9 27     0.01292324
1951  9 28     0.01308667
1951  9 29     0.01349619
1951  9 30     0.01328975
1951 10  1     0.01238983
1951 10  2     0.03516463
1951 10  3     0.03542976
1951 10  4     0.01742201
1951 10  5     0.01352441
1951 10  6     0.01295339
1951 10  7     0.01177135
1951 10  8     0.01036623
1951 10  9     0.00911501
1951 10 10     0.00858599
1951 10 11     0.00958823
1951 10 12     0.01087103
1951 10 13     0.01083637
1951 10 14     0.00966635
1951 10 15     0.00879022
1951 10 16     0.00854628
1951 10 17     0.00875855
1951 10 18     0.00867264
1951 10 19     0.00789149
1951 10 20     0.00772279
1951 10 21     0.00882479
1951 10 22     0.00987367
1951 10 23     0.00957562
1951 10 24     1.09416920
1951 10 25     1.73249460
1951 10 26     0.38580613
1951 10 27     0.01684344
1951 10 28     0.04365127
1951 10 29     0.08777748
1951 10 30     0.10687779
1951 10 31     0.09809480
1951 11  1     0.09969345
1951 11  2     0.10367322
1951 11  3     0.11653801
1951 11  4     0.13764414
1951 11  5     0.14029829
1951 11  6     0.12689193
1951 11  7     0.10258364
1951 11  8     0.08108552
1951 11  9     0.05655024
1951 11 10     0.03487920
1951 11 11     0.75436336
1951 11 12     1.99169101
1951 11 13     1.47874300
1951 11 14     0.45089812
1951 11 15     0.32410571
1951 11 16     0.20587159
1951 11 17     0.15777807
1951 11 18     0.11787595
1951 11 19     0.62127808
1951 11 20     2.72621558
1951 11 21     1.44866150
1951 11 22     0.36600820
1951 11 23     0.14052202
1951 11 24     0.09348045
1951 11 25     0.07318595
1951 11 26     0.06222972
1951 11 27     0.09920653
1951 11 28     0.06866785
1951 11 29     0.05140621
1951 11 30     0.04814793
1951 12  1     1.60450842
1951 12  2     1.90455336
1951 12  3     1.17975214
1951 12  4     1.72216982
1951 12  5     1.91539901
1951 12  6     0.55586924
1951 12  7     0.19652030
1951 12  8     0.17046641
1951 12  9     0.15092578
1951 12 10     0.13642220
1951 12 11     0.12584439
1951 12 12     0.11658856
1951 12 13     0.20385387
1951 12 14     0.11971401
1951 12 15     0.09964690
1951 12 16     0.09607447
1951 12 17     0.09039910
1951 12 18     0.08559461
1951 12 19     0.65910143
1951 12 20     0.29860370
1951 12 21     0.12535071
1951 12 22     0.11982902
1951 12 23     0.10924672
1951 12 24     0.10347556
1951 12 25     0.11578508
1951 12 26     0.32756478
1951 12 27     0.18066721
1951 12 28     3.26581547
1951 12 29     6.84781812
1951 12 30     8.90986379
1951 12 31     3.04161819
1952  1  1     1.24778290
1952  1  2     0.98191382
1952  1  3     0.80742020
1952  1  4     0.68812112
1952  1  5     0.60442941
1952  1  6     0.54804609
1952  1  7     2.70355521
1952  1  8     1.74299734
1952  1  9     0.66138525
1952  1 10     0.49760981
1952  1 11     0.94408371
1952  1 12     5.31274336
1952  1 13     5.33402393
1952  1 14     3.77453838
1952  1 15    11.26212430
1952  1 16    10.15859283
1952  1 17     3.79281343
1952  1 18     1.87331514
1952  1 19     1.55233307
1952  1 20     2.35607533
1952  1 21     1.90257398
1952  1 22     1.26658942
1952  1 23     1.06427882
1952  1 24     6.60886935
1952  1 25    15.76754710
1952  1 26     7.38201559
1952  1 27     3.05063880
1952  1 28     2.24729321
1952  1 29     1.95986206
1952  1 30     1.74489571
1952  1 31     2.06494181
1952  2  1     1.94736096
1952  2  2     7.89076249
1952  2  3     4.57594095
1952  2  4     2.17276024
1952  2  5     1.92248732
1952  2  6     1.72612955
1952  2  7     1.60572202
1952  2  8     1.52202618
1952  2  9     1.46964156
1952  2 10     1.41759656
1952  2 11     1.48719989
1952  2 12     1.50014625
1952  2 13     1.20626208
1952  2 14     1.13384250
1952  2 15     1.09555383
1952  2 16     1.50392699
1952  2 17     3.60002596
1952  2 18     2.01664266
1952  2 19     1.55269022
1952  2 20     2.27801509
1952  2 21     2.87586378
1952  2 22     1.86053578
1952  2 23     1.85000620
1952  2 24     1.49301443
1952  2 25     1.29777848
1952  2 26     1.32907590
1952  2 27     1.34732273
1952  2 28     1.58683383
1952  2 29     1.51623386
1952  3  1     3.37284969
1952  3  2     2.54682694
1952  3  3     1.46163497
1952  3  4     1.66924713
1952  3  5     1.29667612
1952  3  6     1.47917568
1952  3  7     4.63172020
1952  3  8     2.22968324
1952  3  9     1.31810001
1952  3 10     3.08319828
1952  3 11     3.92267442
1952  3 12     3.50812666
1952  3 13     2.06424253
1952  3 14     1.65058713
1952  3 15     8.56312603
1952  3 16     6.61769600
1952  3 17     2.37969753
1952  3 18     2.91583661
1952  3 19     7.96760879
1952  3 20     4.07775907
1952  3 21     1.77825686
1952  3 22     1.47378036
1952  3 23     1.53770824
1952  3 24     1.51191827
1952  3 25     1.80564551
1952  3 26     2.24453698
1952  3 27     2.67807174
1952  3 28     2.94369746
1952  3 29     3.10509201
1952  3 30     3.06641408
1952  3 31     2.82165409
1952  4  1     2.52031209
1952  4  2     2.57329241
1952  4  3     2.68244998
1952  4  4     2.94627053
1952  4  5     3.64132499
1952  4  6     3.96022119
1952  4  7     4.55310965
1952  4  8     3.75628744
1952  4  9     2.86199962
1952  4 10     4.20226956
1952  4 11     3.63046999
1952  4 12     2.91693842
1952  4 13     3.31066750
1952  4 14     4.46416519
1952  4 15     2.88056200
1952  4 16     2.60677991
1952  4 17     3.67749835
1952  4 18     4.63004063
1952  4 19     4.84059395
1952  4 20     4.07340434
1952  4 21     3.89309218
1952  4 22     4.38835654
1952  4 23     5.31087947
1952  4 24     6.03278186
1952  4 25     8.22980949
1952  4 26     7.65734591
1952  4 27     4.79610667
1952  4 28     4.35473438
1952  4 29     3.66810652
1952  4 30     3.46378805
1952  5  1     4.07307109
1952  5  2     4.65494601
1952  5  3     5.55885188
1952  5  4     5.24799595
1952  5  5     4.61195283
1952  5  6     5.01019704
1952  5  7     5.53229418
1952  5  8     4.74641523
1952  5  9     3.89186326
1952  5 10     4.69084416
1952  5 11     5.87050868
1952  5 12     6.58395714
1952  5 13     6.75682856
1952  5 14     6.50899580
1952  5 15     6.24533415
1952  5 16     6.46249877
1952  5 17     7.05860353
1952  5 18     8.13367448
1952  5 19     9.18870321
1952  5 20     9.39562350
1952  5 21     8.09329657
1952  5 22     7.62487528
1952  5 23     8.70058727
1952  5 24     9.54304997
1952  5 25     9.76654226
1952  5 26    10.02940144
1952  5 27    10.54895347
1952  5 28    10.61247307
1952  5 29    10.30141121
1952  5 30    10.04773332
1952  5 31     9.59043145
1952  6  1     8.90953197
1952  6  2     8.87973919
1952  6  3     9.37130573
1952  6  4     9.70918820
1952  6  5    10.11611730
1952  6  6    10.27544459
1952  6  7     9.37553512
1952  6  8     8.84835301
1952  6  9     8.47484027
1952  6 10     7.63661068
1952  6 11     6.57080493
1952  6 12     4.58447952
1952  6 13     3.90358314
1952  6 14     4.60790913
1952  6 15     4.80043903
1952  6 16     5.48670884
1952  6 17     6.91065982
1952  6 18     7.88012287
1952  6 19     7.81641215
1952  6 20     7.36990144
1952  6 21     6.96840337
1952  6 22     6.31225398
1952  6 23     5.66965469
1952  6 24     4.82687189
1952  6 25     4.06056139
1952  6 26     3.86460877
1952  6 27     3.79447399
1952  6 28     3.68301446
1952  6 29     3.49781341
1952  6 30     3.57410655
1952  7  1     4.08156217
1952  7  2     4.58173442
1952  7  3     4.97099339
1952  7  4     4.94564753
1952  7  5     4.66424168
1952  7  6     4.52976712
1952  7  7     4.48309143
1952  7  8     4.36461012
1952  7  9     4.08692607
1952  7 10     3.53917709
1952  7 11     2.85371247
1952  7 12     2.11882178
1952  7 13     1.75695200
1952  7 14     1.51535233
1952  7 15     1.21044290
1952  7 16     1.08298353
1952  7 17     0.98339407
1952  7 18     0.86542035
1952  7 19     0.73600978
1952  7 20     0.61528251
1952  7 21     0.54682045
1952  7 22     0.49851593
1952  7 23     0.45803651
1952  7 24     0.42297434
1952  7 25     0.44604743
1952  7 26     0.41957273
1952  7 27     0.37298138
1952  7 28     0.61331580
1952  7 29     0.63243182
1952  7 30     1.02966733
1952  7 31     1.26209919
1952  8  1     2.22466561
1952  8  2     1.67774206
1952  8  3     0.67130654
1952  8  4     0.55860324
1952  8  5     0.44873559
1952  8  6     0.37709442
1952  8  7     0.32861911
1952  8  8     0.29422278
1952  8  9     0.26900272
1952  8 10     0.25001253
1952  8 11     0.23418717
1952  8 12     0.22087514
1952  8 13     0.20939377
1952  8 14     0.19912889
1952  8 15     0.19014063
1952  8 16     0.18174390
1952  8 17     0.17419591
1952  8 18     0.16753931
1952  8 19     0.16126590
1952  8 20     0.15567826
1952  8 21     0.15048160
1952  8 22     0.14551959
1952  8 23     0.14081987
1952  8 24     0.13653820
1952  8 25     0.13302903
1952  8 26     0.12972970
1952  8 27     0.12653685
1952  8 28     0.12321665
1952  8 29     0.11943434
1952  8 30     0.11574934
1952  8 31     0.11220283
1952  9  1     0.10777863
1952  9  2     0.10388024
1952  9  3     0.10144150
1952  9  4     0.09967332
1952  9  5     0.09869622
1952  9  6     0.11348045
1952  9  7     0.10830986
1952  9  8     0.09311766
1952  9  9     0.09170992
1952  9 10     0.43740418
1952  9 11     0.54371581
1952  9 12     0.25613245
1952  9 13     0.16123894
1952  9 14     0.11217187
1952  9 15     0.08012109
1952  9 16     0.07810163
1952  9 17     0.07649105
1952  9 18     0.07463261
1952  9 19     0.11516159
1952  9 20     0.16737728
1952  9 21     0.12673343
1952  9 22     0.06858066
1952  9 23     0.06665980
1952  9 24     0.06457422
1952  9 25     0.06268948
1952  9 26     0.08255189
1952  9 27     0.09670329
1952  9 28     0.07459557
1952  9 29     0.05765611
1952  9 30     0.05574500
1952 10  1     0.05413361
1952 10  2     0.05299562
1952 10  3     0.05194378
1952 10  4     0.05104882
1952 10  5     0.05017131
1952 10  6     0.04950038
1952 10  7     0.04883841
1952 10  8     0.04853720
1952 10  9     0.04894205
1952 10 10     0.04847412
1952 10 11     0.04700997
1952 10 12     0.04534479
1952 10 13     0.04426353
1952 10 14     0.04341780
1952 10 15     0.04236583
1952 10 16     0.04108487
1952 10 17     0.04026720
1952 10 18     0.16195073
1952 10 19     0.13030997
1952 10 20     0.04089314
1952 10 21     0.03804979
1952 10 22     0.03714781
1952 10 23     0.03711535
1952 10 24     0.03689133
1952 10 25     0.03587647
1952 10 26     0.03488020
1952 10 27     0.03432351
1952 10 28     0.03379055
1952 10 29     0.03327514
1952 10 30     0.03281453
1952 10 31     0.03248062
1952 11  1     0.03270194
1952 11  2     0.03305369
1952 11  3     0.03284464
1952 11  4     0.03174936
1952 11  5     0.03044981
1952 11  6     0.02970141
1952 11  7     0.02971356
1952 11  8     0.02953164
1952 11  9     0.02916222
1952 11 10     0.02900263
1952 11 11     0.02844486
1952 11 12     0.03069307
1952 11 13     0.26333151
1952 11 14     3.35080637
1952 11 15     2.85213688
1952 11 16     0.53146921
1952 11 17     0.31538271
1952 11 18     0.22411329
1952 11 19     0.16696144
1952 11 20     0.13239901
1952 11 21     0.11614879
1952 11 22     0.09954297
1952 11 23     0.08194835
1952 11 24     0.06981248
1952 11 25     0.06158610
1952 11 26     0.05556931
1952 11 27     0.05090286
1952 11 28     0.04694222
1952 11 29     0.04368944
1952 11 30     0.04077792
1952 12  1     0.31220654
1952 12  2     1.30812893
1952 12  3     0.58499049
1952 12  4     0.07861844
1952 12  5     0.19662381
1952 12  6     0.35375556
1952 12  7     1.50628818
1952 12  8     0.49906346
1952 12  9     0.13665243
1952 12 10     0.05675219
1952 12 11     0.03698345
1952 12 12     0.03058719
1952 12 13     0.03024936
1952 12 14     0.03009144
1952 12 15     0.02908270
1952 12 16     0.02776300
1952 12 17     0.02697800
1952 12 18     0.02589021
1952 12 19     0.14319140
1952 12 20     1.18536637
1952 12 21     0.48088021
1952 12 22     0.12183938
1952 12 23     0.03399542
1952 12 24     0.03349111
1952 12 25     0.04679308
1952 12 26     0.11647658
1952 12 27     0.16624304
1952 12 28     0.26909955
1952 12 29     0.06315529
1952 12 30     0.53610911
1952 12 31     1.11711859
1953  1  1     0.17570922
1953  1  2     0.05169856
1953  1  3     0.05247454
1953  1  4     0.06261785
1953  1  5     0.06449478
1953  1  6     1.14857117
1953  1  7     1.75754076
1953  1  8     2.16487407
1953  1  9     2.65904021
1953  1 10     1.56041672
1953  1 11     0.70909430
1953  1 12     0.61618527
1953  1 13     3.92282644
1953  1 14     8.41550703
1953  1 15     3.71791449
1953  1 16     1.40462302
1953  1 17     1.10437418
1953  1 18     4.41948991
1953  1 19     3.34716785
1953  1 20     2.23926149
1953  1 21     3.76421418
1953  1 22     1.95486190
1953  1 23     1.23441807
1953  1 24     1.14580924
1953  1 25     1.11487771
1953  1 26     1.03508741
1953  1 27     0.86329251
1953  1 28     0.80227635
1953  1 29     0.95164573
1953  1 30     1.07926859
1953  1 31     1.09824462
1953  2  1     0.95915922
1953  2  2     0.81515720
1953  2  3     0.83897464
1953  2  4     0.81822918
1953  2  5     0.82342424
1953  2  6     0.70057644
1953  2  7     0.66665328
1953  2  8     0.97463501
1953  2  9     0.76054323
1953  2 10     0.50026470
1953  2 11     0.45697235
1953  2 12     0.41541206
1953  2 13     0.39913400
1953  2 14     0.43708610
1953  2 15     0.45972237
1953  2 16     0.40889767
1953  2 17     0.39971321
1953  2 18     0.38652187
1953  2 19     0.32521529
1953  2 20     0.29256675
1953  2 21     0.27439854
1953  2 22     0.25571944
1953  2 23     0.24550348
1953  2 24     0.23129696
1953  2 25     0.22716604
1953  2 26     0.24487203
1953  2 27     0.31182186
1953  2 28     0.38434751
1953  3  1     1.12073988
1953  3  2     0.53794322
1953  3  3     0.28053311
1953  3  4     0.26524854
1953  3  5     0.29821731
1953  3  6     0.47798417
1953  3  7     0.81119909
1953  3  8     1.09805125
1953  3  9     1.20500814
1953  3 10     1.99493642
1953  3 11     1.66876155
1953  3 12     0.92436822
1953  3 13     1.28143257
1953  3 14     0.72993311
1953  3 15     0.63386795
1953  3 16     0.70019753
1953  3 17     0.67538716
1953  3 18     0.56112243
1953  3 19     1.82657196
1953  3 20     3.09424267
1953  3 21     1.36031801
1953  3 22     0.76740240
1953  3 23     0.99092779
1953  3 24     1.74656554
1953  3 25     1.85549977
1953  3 26     1.63514785
1953  3 27     1.69644940
1953  3 28     1.85326489
1953  3 29     1.44654026
1953  3 30     0.89199069
1953  3 31     0.84142432
1953  4  1     0.96791118
1953  4  2     1.10490236
1953  4  3     1.46372382
1953  4  4     1.88229047
1953  4  5     2.18673639
1953  4  6     2.01364350
1953  4  7     1.23311412
1953  4  8     0.80049484
1953  4  9     0.65223877
1953  4 10     0.71929216
1953  4 11     0.47918892
1953  4 12     0.38941633
1953  4 13     0.37737261
1953  4 14     0.37228135
1953  4 15     0.46925604
1953  4 16     0.78830737
1953  4 17     1.52256264
1953  4 18     1.04396240
1953  4 19     1.01490078
1953  4 20     1.49027253
1953  4 21     1.66386072
1953  4 22     2.73467124
1953  4 23     3.32686997
1953  4 24     3.23273405
1953  4 25     3.47437627
1953  4 26     3.67294024
1953  4 27     9.35480748
1953  4 28    10.48853825
1953  4 29     3.96954240
1953  4 30     2.89525927
1953  5  1     2.21924660
1953  5  2     1.62408180
1953  5  3     1.69826849
1953  5  4     2.80327706
1953  5  5     4.01500250
1953  5  6     4.24124169
1953  5  7     3.26436391
1953  5  8     1.95342171
1953  5  9     1.33011654
1953  5 10     1.06662879
1953  5 11     0.98621538
1953  5 12     1.14383062
1953  5 13     1.50796571
1953  5 14     2.09949475
1953  5 15     3.11217070
1953  5 16     2.11374767
1953  5 17     1.34104894
1953  5 18     2.08074308
1953  5 19     3.06443390
1953  5 20     3.26416039
1953  5 21     3.14719509
1953  5 22     2.47461177
1953  5 23     2.15727983
1953  5 24     1.75150925
1953  5 25     1.77988310
1953  5 26     1.53766067
1953  5 27     1.18362205
1953  5 28     1.60380851
1953  5 29     1.49345777
1953  5 30     1.51602809
1953  5 31     2.35269536
1953  6  1     5.02570109
1953  6  2     4.15081367
1953  6  3     2.57676397
1953  6  4     2.97514835
1953  6  5     3.25013159
1953  6  6     5.32317728
1953  6  7     4.39111199
1953  6  8     2.61440688
1953  6  9     2.20914769
1953  6 10     2.19883662
1953  6 11     2.70628721
1953  6 12     3.46921401
1953  6 13     3.69121237
1953  6 14     3.82669775
1953  6 15     4.22730846
1953  6 16     4.87438955
1953  6 17     5.05875110
1953  6 18     4.86446549
1953  6 19     4.53656035
1953  6 20     4.01508000
1953  6 21     3.73598680
1953  6 22     3.73671751
1953  6 23     3.81484094
1953  6 24     3.54464989
1953  6 25     2.89944778
1953  6 26     2.37567212
1953  6 27     1.95872512
1953  6 28     1.67766147
1953  6 29     1.41469146
1953  6 30     1.08208384
1953  7  1     0.90728611
1953  7  2     0.82667402
1953  7  3     0.75893155
1953  7  4     0.70590496
1953  7  5     0.67771528
1953  7  6     0.59228280
1953  7  7     0.45935873
1953  7  8     0.39895809
1953  7  9     0.35683410
1953  7 10     0.31503219
1953  7 11     0.28644735
1953  7 12     0.26075853
1953  7 13     0.24953625
1953  7 14     0.23029388
1953  7 15     0.20762742
1953  7 16     0.19580927
1953  7 17     0.29011819
1953  7 18     0.32961894
1953  7 19     0.22126497
1953  7 20     0.15790914
1953  7 21     0.15049250
1953  7 22     0.14335030
1953  7 23     0.13689499
1953  7 24     0.13135619
1953  7 25     0.12663993
1953  7 26     0.12209611
1953  7 27     0.11728824
1953  7 28     0.11260987
1953  7 29     0.10858054
1953  7 30     0.10492471
1953  7 31     0.10142753
1953  8  1     0.09831067
1953  8  2     0.09553571
1953  8  3     0.09319235
1953  8  4     0.09079149
1953  8  5     0.08781935
1953  8  6     0.08477673
1953  8  7     0.08205815
1953  8  8     0.07943702
1953  8  9     0.07669128
1953  8 10     0.07409485
1953  8 11     0.07172953
1953  8 12     0.08113501
1953  8 13     0.07888048
1953  8 14     0.07197553
1953  8 15     0.06833649
1953  8 16     0.06239490
1953  8 17     0.06093173
1953  8 18     0.05917116
1953  8 19     0.05725753
1953  8 20     0.05564024
1953  8 21     0.05429314
1953  8 22     0.05284981
1953  8 23     0.05121333
1953  8 24     0.04985405
1953  8 25     0.04870639
1953  8 26     0.04762318
1953  8 27     0.04645515
1953  8 28     0.04520359
1953  8 29     0.04420552
1953  8 30     0.06186210
1953  8 31     0.07078021
1953  9  1     0.05332027
1953  9  2     0.04238145
1953  9  3     0.03744910
1953  9  4     0.03599859
1953  9  5     0.03468865
1953  9  6     0.03375232
1953  9  7     0.03305110
1953  9  8     0.03227380
1953  9  9     0.03114206
1953  9 10     0.02988347
1953  9 11     0.02872115
1953  9 12     0.02783141
1953  9 13     0.02738241
1953  9 14     0.02660026
1953  9 15     0.03280500
1953  9 16     0.03148471
1953  9 17     0.02466722
1953  9 18     0.02412725
1953  9 19     0.02330675
1953  9 20     0.02271933
1953  9 21     0.02247476
1953  9 22     0.02245601
1953  9 23     0.02197521
1953  9 24     0.02099150
1953  9 25     0.02010321
1953  9 26     0.01946932
1953  9 27     0.10280402
1953  9 28     0.09814477
1953  9 29     0.01851763
1953  9 30     0.01788488
1953 10  1     0.01748878
1953 10  2     0.01734702
1953 10  3     0.01698327
1953 10  4     0.01620656
1953 10  5     0.01536470
1953 10  6     0.01460651
1953 10  7     0.01410316
1953 10  8     0.01371764
1953 10  9     0.01342378
1953 10 10     0.01337910
1953 10 11     0.06898342
1953 10 12     0.05370217
1953 10 13     0.01318151
1953 10 14     0.01277797
1953 10 15     0.01272848
1953 10 16     0.01242517
1953 10 17     0.01182360
1953 10 18     0.43935731
1953 10 19     0.84081633
1953 10 20     0.28319270
1953 10 21     0.04496625
1953 10 22     0.02737765
1953 10 23     0.01935993
1953 10 24     0.01741452
1953 10 25     0.02168544
1953 10 26     0.04417289
1953 10 27     0.07833047
1953 10 28     0.10442498
1953 10 29     0.10408599
1953 10 30     0.07804317
1953 10 31     0.05168651
1953 11  1     0.04305520
1953 11  2     0.03385557
1953 11  3     0.01808147
1953 11  4     0.01049449
1953 11  5     0.00877146
1953 11  6     0.02512036
1953 11  7     0.01758866
1953 11  8     0.01099528
1953 11  9     0.00869822
1953 11 10     0.06288209
1953 11 11     0.18600035
1953 11 12     0.07730061
1953 11 13     0.03027217
1953 11 14     4.98722176
1953 11 15     3.71864987
1953 11 16     0.73556045
1953 11 17     0.64260977
1953 11 18     0.44672746
1953 11 19     0.26643592
1953 11 20     0.59186646
1953 11 21     0.26273077
1953 11 22     0.13254163
1953 11 23     0.10728784
1953 11 24     0.09101315
1953 11 25     0.09763965
1953 11 26     0.12445962
1953 11 27     0.14102151
1953 11 28     0.16595542
1953 11 29     0.16438483
1953 11 30     0.14419176
1953 12  1     0.10408687
1953 12  2     0.07231770
1953 12  3     0.06829108
1953 12  4     2.10257639
1953 12  5     0.70727972
1953 12  6     0.08406864
1953 12  7     0.32664513
1953 12  8     0.17696323
1953 12  9     0.05970136
1953 12 10     0.05024982
1953 12 11     0.03899187
1953 12 12     0.03138640
1953 12 13     0.02777887
1953 12 14     0.02853856
1953 12 15     0.03126935
1953 12 16     0.03057546
1953 12 17     0.03084371
1953 12 18     0.02685066
1953 12 19     0.02738731
1953 12 20     0.02928796
1953 12 21     0.02273269
1953 12 22     0.01771226
1953 12 23     0.01529316
1953 12 24     0.01320451
1953 12 25     0.01191512
1953 12 26     0.01076080
1953 12 27     0.01311987
1953 12 28     0.01761855
1953 12 29     0.01303636
1953 12 30     0.00936945
1953 12 31     0.00940167
1954  1  1     0.00868681
1954  1  2     0.00801686
1954  1  3     0.01833976
1954  1  4     0.01575099
1954  1  5     0.01602894
1954  1  6     0.02825725
1954  1  7     1.29228713
1954  1  8     0.88736513
1954  1  9     0.21080663
1954  1 10     0.17110604
1954  1 11     0.11943324
1954  1 12     0.24644246
1954  1 13     0.15391566
1954  1 14     0.05978371
1954  1 15     0.04855615
1954  1 16     0.04181571
1954  1 17     1.21621118
1954  1 18     0.79608599
1954  1 19     0.29188523
1954  1 20     0.09358951
1954  1 21     0.06199274
1954  1 22     0.05780554
1954  1 23     2.01067096
1954  1 24     6.74088431
1954  1 25     5.07483504
1954  1 26     1.85616356
1954  1 27     0.91142551
1954  1 28     0.66987289
1954  1 29     0.57999017
1954  1 30     0.50212292
1954  1 31     0.47036298
1954  2  1     0.46172494
1954  2  2     0.47983700
1954  2  3     0.50323837
1954  2  4     0.51973416
1954  2  5     0.57712083
1954  2  6     0.63682693
1954  2  7     0.67735076
1954  2  8     0.74738521
1954  2  9     0.77675792
1954  2 10     0.72582186
1954  2 11     0.70268555
1954  2 12     1.70946662
1954  2 13    10.74634974
1954  2 14    10.39039393
1954  2 15     4.08814301
1954  2 16     2.05094519
1954  2 17     2.34544824
1954  2 18     3.04753080
1954  2 19     1.65840724
1954  2 20     1.18919321
1954  2 21     1.15423172
1954  2 22     1.21596035
1954  2 23     1.46245376
1954  2 24     1.80015443
1954  2 25     2.10415201
1954  2 26     2.30474714
1954  2 27     2.21640634
1954  2 28     2.06045769
1954  3  1     1.77906056
1954  3  2     1.59822748
1954  3  3     1.49868846
1954  3  4     1.25475538
1954  3  5     1.11289303
1954  3  6     1.05650206
1954  3  7     0.97286171
1954  3  8     2.39517667
1954  3  9    11.43504684
1954  3 10    11.04741473
1954  3 11     4.19587890
1954  3 12     2.44935152
1954  3 13     1.88523463
1954  3 14     1.68925869
1954  3 15     1.54099061
1954  3 16     2.50430587
1954  3 17     4.49035012
1954  3 18     1.81237785
1954  3 19     1.50614871
1954  3 20     3.91526041
1954  3 21     3.80142574
1954  3 22     1.70238641
1954  3 23     1.25805466
1954  3 24     2.73264484
1954  3 25     3.74220456
1954  3 26     1.51170620
1954  3 27     1.14970621
1954  3 28     1.40166868
1954  3 29     1.82570721
1954  3 30     4.04508523
1954  3 31     1.90601903
1954  4  1     1.27975423
1954  4  2     1.32161050
1954  4  3     1.55262218
1954  4  4     1.85904786
1954  4  5     3.45378977
1954  4  6     3.68258909
1954  4  7     2.53693321
1954  4  8     2.08655266
1954  4  9     2.01718779
1954  4 10     1.99245282
1954  4 11     2.33383537
1954  4 12     3.17391635
1954  4 13     3.97813293
1954  4 14     4.29703642
1954  4 15     4.32552656
1954  4 16     4.86466988
1954  4 17     5.65603492
1954  4 18     5.85460602
1954  4 19     5.55081160
1954  4 20     4.98452076
1954  4 21     4.89056319
1954  4 22     5.21724619
1954  4 23     5.41457290
1954  4 24     5.16287829
1954  4 25     3.87706054
1954  4 26     3.62971083
1954  4 27     4.84499835
1954  4 28     7.50478754
1954  4 29     3.93834006
1954  4 30     2.43002193
1954  5  1     1.88750399
1954  5  2     1.82411673
1954  5  3     3.21610376
1954  5  4     5.35303352
1954  5  5     6.31172958
1954  5  6     6.54779012
1954  5  7     6.90962224
1954  5  8     7.09106039
1954  5  9     6.58278208
1954  5 10     5.59013896
1954  5 11     5.02339613
1954  5 12     5.02348175
1954  5 13     4.98647827
1954  5 14     5.01463912
1954  5 15     5.10887240
1954  5 16     5.04877579
1954  5 17     5.26632741
1954  5 18     5.66707490
1954  5 19     5.84804621
1954  5 20     5.65726297
1954  5 21     4.82441719
1954  5 22     3.85806420
1954  5 23     3.60541064
1954  5 24     3.68689300
1954  5 25     3.34482910
1954  5 26     2.79271537
1954  5 27     2.50687816
1954  5 28     2.49189891
1954  5 29     2.43642342
1954  5 30     2.11464381
1954  5 31     1.86412992
1954  6  1     1.80364988
1954  6  2     1.75853894
1954  6  3     1.68061896
1954  6  4     1.44453482
1954  6  5     1.07827247
1954  6  6     0.79125510
1954  6  7     0.68911212
1954  6  8     0.81322212
1954  6  9     2.22916514
1954  6 10     1.08554307
1954  6 11     1.34306366
1954  6 12     2.18124919
1954  6 13     2.37474230
1954  6 14     1.86805192
1954  6 15     1.29645753
1954  6 16     0.93593392
1954  6 17     0.74048962
1954  6 18     0.60965606
1954  6 19     0.52451461
1954  6 20     0.48259295
1954  6 21     0.46361378
1954  6 22     0.39920517
1954  6 23     0.32708167
1954  6 24     0.29316434
1954  6 25     0.26511252
1954  6 26     0.24683406
1954  6 27     0.23188612
1954  6 28     0.21781702
1954  6 29     0.20421811
1954  6 30     0.19219886
1954  7  1     0.18370658
1954  7  2     0.17477773
1954  7  3     0.16584880
1954  7  4     0.15741250
1954  7  5     0.15147436
1954  7  6     0.14580887
1954  7  7     0.13990054
1954  7  8     0.13469031
1954  7  9     0.12981106
1954  7 10     0.12481449
1954  7 11     0.11945414
1954  7 12     0.11421541
1954  7 13     0.11003240
1954  7 14     0.12664871
1954  7 15     0.12069812
1954  7 16     0.09831228
1954  7 17     0.09540160
1954  7 18     0.09256930
1954  7 19     0.08947476
1954  7 20     0.08743843
1954  7 21     0.08539301
1954  7 22     0.08285069
1954  7 23     0.07978117
1954  7 24     0.07689714
1954  7 25     0.07635432
1954  7 26     0.07449183
1954  7 27     0.07342195
1954  7 28     0.07041236
1954  7 29     0.06568297
1954  7 30     0.06383475
1954  7 31     0.06209862
1954  8  1     0.06043956
1954  8  2     0.05855102
1954  8  3     0.05696498
1954  8  4     0.05619074
1954  8  5     0.05571653
1954  8  6     0.05471957
1954  8  7     0.05260349
1954  8  8     0.05034034
1954  8  9     0.04863801
1954  8 10     0.04728464
1954  8 11     0.04621421
1954  8 12     0.04521594
1954  8 13     0.04437966
1954  8 14     0.04395257
1954  8 15     0.04333480
1954  8 16     0.04202348
1954  8 17     0.04048349
1954  8 18     0.03896630
1954  8 19     0.03766046
1954  8 20     0.03677815
1954  8 21     0.03613362
1954  8 22     0.03490871
1954  8 23     0.03347992
1954  8 24     0.03269035
1954  8 25     0.03269572
1954  8 26     0.03239391
1954  8 27     0.03144980
1954  8 28     0.03037807
1954  8 29     0.02865523
1954  8 30     0.02699009
1954  8 31     0.02591674
1954  9  1     0.02491720
1954  9  2     0.02410500
1954  9  3     0.02367097
1954  9  4     0.02368557
1954  9  5     0.02361125
1954  9  6     0.02306509
1954  9  7     0.02236594
1954  9  8     0.02185202
1954  9  9     0.02087957
1954  9 10     0.01978593
1954  9 11     0.01973122
1954  9 12     0.01981054
1954  9 13     0.01943622
1954  9 14     0.01894129
1954  9 15     0.01858379
1954  9 16     0.01835637
1954  9 17     0.01796812
1954  9 18     0.01739510
1954  9 19     0.01665670
1954  9 20     0.01554688
1954  9 21     0.01471021
1954  9 22     0.01436852
1954  9 23     0.01460605
1954  9 24     0.01455941
1954  9 25     0.01368705
1954  9 26     0.01285454
1954  9 27     0.01237933
1954  9 28     0.01199320
1954  9 29     0.01214436
1954  9 30     0.01261639
1954 10  1     0.01242582
1954 10  2     0.01214517
1954 10  3     0.01184455
1954 10  4     0.01144544
1954 10  5     0.01100231
1954 10  6     0.01040438
1954 10  7     0.01019373
1954 10  8     0.01016954
1954 10  9     0.00989620
1954 10 10     0.00946452
1954 10 11     0.00891218
1954 10 12     0.00841125
1954 10 13     0.00805860
1954 10 14     0.00789941
1954 10 15     0.00756124
1954 10 16     0.00714031
1954 10 17     0.00725833
1954 10 18     0.00738969
1954 10 19     0.00736916
1954 10 20     0.00722947
1954 10 21     0.00681727
1954 10 22     0.00645070
1954 10 23     0.00662772
1954 10 24     0.00773023
1954 10 25     0.00817308
1954 10 26     0.00774399
1954 10 27     0.00742571
1954 10 28     0.00696874
1954 10 29     0.00650437
1954 10 30     0.00606829
1954 10 31     0.00567356
1954 11  1     0.00583325
1954 11  2     0.00605192
1954 11  3     0.00596763
1954 11  4     0.00570322
1954 11  5     0.00522797
1954 11  6     0.00502666
1954 11  7     0.00490783
1954 11  8     0.01279359
1954 11  9     0.02705301
1954 11 10     0.01639825
1954 11 11     0.04732712
1954 11 12     1.13651613
1954 11 13     0.62475882
1954 11 14     0.00967222
1954 11 15     1.61805536
1954 11 16     2.19144361
1954 11 17     0.41495503
1954 11 18     0.04897947
1954 11 19     0.04317827
1954 11 20     0.04293653
1954 11 21     0.05325829
1954 11 22     0.06505344
1954 11 23     0.07070940
1954 11 24     0.07840421
1954 11 25     0.07579037
1954 11 26     0.07057633
1954 11 27     0.07605641
1954 11 28     0.06573627
1954 11 29     0.03846568
1954 11 30     0.02427920
1954 12  1     0.01975574
1954 12  2     0.95414557
1954 12  3     4.02409538
1954 12  4     3.16876322
1954 12  5     0.81841016
1954 12  6     1.07920651
1954 12  7     0.67099739
1954 12  8     0.30619521
1954 12  9     0.78172208
1954 12 10     1.62450287
1954 12 11     0.42657586
1954 12 12     0.15215960
1954 12 13     0.12160742
1954 12 14     0.10004938
1954 12 15     0.08403929
1954 12 16     0.07189854
1954 12 17     0.06278560
1954 12 18     0.05550477
1954 12 19     0.04957940
1954 12 20     0.04644756
1954 12 21     0.04484043
1954 12 22     0.04193122
1954 12 23     0.04007283
1954 12 24     0.03759898
1954 12 25     0.03194527
1954 12 26     0.02857632
1954 12 27     0.02705149
1954 12 28     0.02500916
1954 12 29     0.02306915
1954 12 30     0.02781912
1954 12 31     0.41590357
1955  1  1     4.31686077
1955  1  2     2.36911710
1955  1  3     0.66132041
1955  1  4     0.37260761
1955  1  5     0.32978384
1955  1  6     0.27984622
1955  1  7     0.24382106
1955  1  8     0.22022660
1955  1  9     0.20291749
1955  1 10     0.77222996
1955  1 11     0.33181689
1955  1 12     0.19878927
1955  1 13     0.18708464
1955  1 14     0.17410198
1955  1 15     0.19608533
1955  1 16     2.36859173
1955  1 17     0.91887422
1955  1 18     1.39286962
1955  1 19     0.91087380
1955  1 20     0.44223209
1955  1 21     0.26335296
1955  1 22     0.22997199
1955  1 23     0.22558778
1955  1 24     0.24218239
1955  1 25     0.27384881
1955  1 26     0.26497723
1955  1 27     0.26967805
1955  1 28     0.30289697
1955  1 29     0.33673122
1955  1 30     0.40911737
1955  1 31     0.49271252
1955  2  1     0.79335935
1955  2  2     0.58726654
1955  2  3     0.30063124
1955  2  4     0.25269162
1955  2  5     0.22915799
1955  2  6     0.20834056
1955  2  7     0.19603930
1955  2  8     0.20040923
1955  2  9     0.23173914
1955  2 10     0.24460106
1955  2 11     0.25691275
1955  2 12     0.24974148
1955  2 13     0.25867880
1955  2 14     0.32749284
1955  2 15     0.36364582
1955  2 16     0.76739884
1955  2 17     2.92803759
1955  2 18     1.62592756
1955  2 19     0.61934871
1955  2 20     0.50400987
1955  2 21     0.40988198
1955  2 22     0.34657664
1955  2 23     0.30311641
1955  2 24     0.27271399
1955  2 25     0.25201943
1955  2 26     0.30871046
1955  2 27     1.70887648
1955  2 28     0.74445248
1955  3  1     0.28525398
1955  3  2     0.27422413
1955  3  3     0.33038965
1955  3  4     0.38347633
1955  3  5     0.38460566
1955  3  6     0.47990480
1955  3  7     0.64930108
1955  3  8     0.80079598
1955  3  9     2.02510013
1955  3 10     1.82987923
1955  3 11     1.78896226
1955  3 12     1.45596334
1955  3 13     0.95544402
1955  3 14     0.75040864
1955  3 15     0.58526693
1955  3 16     0.49571795
1955  3 17     0.43887240
1955  3 18     0.43867298
1955  3 19     0.47035240
1955  3 20     0.42562503
1955  3 21     0.35667705
1955  3 22     0.36014512
1955  3 23     0.44168529
1955  3 24     0.60249508
1955  3 25     0.82871281
1955  3 26     1.09258258
1955  3 27     1.34560664
1955  3 28     1.42493671
1955  3 29     1.14933794
1955  3 30     0.72644970
1955  3 31     0.60020873
1955  4  1     0.66462048
1955  4  2     0.52039935
1955  4  3     0.38401477
1955  4  4     0.34287380
1955  4  5     0.30427959
1955  4  6     0.28482372
1955  4  7     0.40010731
1955  4  8     0.63051784
1955  4  9     1.01767362
1955  4 10     1.30564260
1955  4 11     0.87998078
1955  4 12     0.57927149
1955  4 13     0.70030347
1955  4 14     0.88904932
1955  4 15     0.75359729
1955  4 16     0.60516828
1955  4 17     0.72648467
1955  4 18     1.24030736
1955  4 19     0.94312894
1955  4 20     0.48646376
1955  4 21     1.20766128
1955  4 22     2.60442156
1955  4 23     1.57851965
1955  4 24     1.34134119
1955  4 25     1.55299903
1955  4 26     2.48150917
1955  4 27     1.16139206
1955  4 28     0.80694323
1955  4 29     0.71850331
1955  4 30     0.72693819
1955  5  1     2.08675692
1955  5  2     1.18370550
1955  5  3     0.72292853
1955  5  4     1.03461031
1955  5  5     1.69243097
1955  5  6     2.55123620
1955  5  7     4.43842936
1955  5  8     3.86276435
1955  5  9     2.25923089
1955  5 10     2.64031316
1955  5 11     3.79763347
1955  5 12     4.53659103
1955  5 13     4.44170076
1955  5 14     2.88755471
1955  5 15     1.56642558
1955  5 16     1.21340159
1955  5 17     1.18622602
1955  5 18     2.13602772
1955  5 19     3.87041451
1955  5 20     5.33530188
1955  5 21     6.58431458
1955  5 22     7.07859824
1955  5 23     6.42190833
1955  5 24     5.24406544
1955  5 25     3.66208228
1955  5 26     3.07793487
1955  5 27     3.49623396
1955  5 28     4.30446402
1955  5 29     5.44406687
1955  5 30     6.10574121
1955  5 31     5.02640219
1955  6  1     2.85667949
1955  6  2     2.24581938
1955  6  3     3.33390436
1955  6  4     5.01833789
1955  6  5     6.13124305
1955  6  6     6.80900845
1955  6  7     7.39188968
1955  6  8     7.61205496
1955  6  9     7.52515808
1955  6 10     6.90154318
1955  6 11     5.63903207
1955  6 12     4.44958295
1955  6 13     3.82275126
1955  6 14     3.41443275
1955  6 15     2.80471433
1955  6 16     2.25389917
1955  6 17     2.15651247
1955  6 18     2.32691167
1955  6 19     2.46321193
1955  6 20     2.53641092
1955  6 21     2.46851789
1955  6 22     2.27427275
1955  6 23     1.99643386
1955  6 24     1.59058396
1955  6 25     1.30292945
1955  6 26     1.13742568
1955  6 27     1.00502990
1955  6 28     0.89531105
1955  6 29     0.69856171
1955  6 30     0.54456277
1955  7  1     0.48742415
1955  7  2     0.41525382
1955  7  3     0.34617787
1955  7  4     0.30715518
1955  7  5     0.27602545
1955  7  6     0.25029014
1955  7  7     0.22782618
1955  7  8     0.20904655
1955  7  9     0.19358037
1955  7 10     0.21930139
1955  7 11     0.20763327
1955  7 12     0.15776467
1955  7 13     0.14779361
1955  7 14     0.13906902
1955  7 15     0.13126280
1955  7 16     0.12466528
1955  7 17     0.11926637
1955  7 18     0.11390503
1955  7 19     0.10884509
1955  7 20     0.10402088
1955  7 21     0.40196903
1955  7 22     1.09422066
1955  7 23     0.88881473
1955  7 24     0.27231071
1955  7 25     0.23098952
1955  7 26     0.19184307
1955  7 27     0.16266378
1955  7 28     0.13292168
1955  7 29     0.11629616
1955  7 30     0.10536561
1955  7 31     0.09672457
1955  8  1     0.08963245
1955  8  2     0.08365379
1955  8  3     0.09011132
1955  8  4     0.09143017
1955  8  5     0.07803508
1955  8  6     0.06901647
1955  8  7     0.06607531
1955  8  8     0.06179732
1955  8  9     0.05900434
1955  8 10     0.05653910
1955  8 11     0.05421408
1955  8 12     0.05223374
1955  8 13     0.05065467
1955  8 14     0.04904002
1955  8 15     0.04729433
1955  8 16     0.04557113
1955  8 17     0.04415109
1955  8 18     0.04272779
1955  8 19     0.04105352
1955  8 20     0.03949906
1955  8 21     0.03809513
1955  8 22     0.03664934
1955  8 23     0.03704485
1955  8 24     0.03613367
1955  8 25     0.03383412
1955  8 26     0.03317568
1955  8 27     0.03215039
1955  8 28     0.03111635
1955  8 29     0.03004951
1955  8 30     0.02877346
1955  8 31     0.02766518
1955  9  1     0.02671703
1955  9  2     0.02588369
1955  9  3     0.02508843
1955  9  4     0.02435516
1955  9  5     0.02367478
1955  9  6     0.02300048
1955  9  7     0.02238444
1955  9  8     0.02197747
1955  9  9     0.02162273
1955  9 10     0.02104778
1955  9 11     0.02034857
1955  9 12     0.01967157
1955  9 13     0.01918149
1955  9 14     0.01889643
1955  9 15     0.01897904
1955  9 16     0.01850699
1955  9 17     0.01812249
1955  9 18     0.07056654
1955  9 19     0.06981834
1955  9 20     0.01765422
1955  9 21     0.01627367
1955  9 22     0.02367104
1955  9 23     0.04473922
1955  9 24     0.12136054
1955  9 25     0.09848091
1955  9 26     0.02174336
1955  9 27     0.02118442
1955  9 28     0.01318820
1955  9 29     0.01288257
1955  9 30     0.01253397
1955 10  1     0.01199641
1955 10  2     0.01151781
1955 10  3     0.01121131
1955 10  4     0.01105112
1955 10  5     0.01092919
1955 10  6     0.01062223
1955 10  7     0.01022007
1955 10  8     0.00985567
1955 10  9     0.00958312
1955 10 10     0.00931535
1955 10 11     0.00922819
1955 10 12     0.00895215
1955 10 13     0.00849086
1955 10 14     0.00823395
1955 10 15     0.00796736
1955 10 16     0.00772698
1955 10 17     0.00752670
1955 10 18     0.01424180
1955 10 19     0.09061470
1955 10 20     0.06714266
1955 10 21     0.00731670
1955 10 22     0.00710347
1955 10 23     0.00684646
1955 10 24     0.00651437
1955 10 25     0.00626024
1955 10 26     0.00717459
1955 10 27     0.01030621
1955 10 28     0.00922301
1955 10 29     0.00616711
1955 10 30     0.00549904
1955 10 31     0.00541788
1955 11  1     0.00549922
1955 11  2     0.00542548
1955 11  3     0.00516692
1955 11  4     0.00490188
1955 11  5     0.00467891
1955 11  6     0.00458254
1955 11  7     0.00447126
1955 11  8     0.00432151
1955 11  9     0.00418926
1955 11 10     0.00402010
1955 11 11     0.00394395
1955 11 12     0.09154049
1955 11 13     0.14644905
1955 11 14     0.86960307
1955 11 15     0.21300854
1955 11 16     0.07239437
1955 11 17     0.75557468
1955 11 18     0.17010685
1955 11 19     0.00857895
1955 11 20     0.10996006
1955 11 21     0.85877430
1955 11 22     0.36912768
1955 11 23     0.01571369
1955 11 24     0.07369312
1955 11 25     0.01835505
1955 11 26     0.01506464
1955 11 27     0.03091175
1955 11 28     0.03616609
1955 11 29     0.03104328
1955 11 30     0.02671155
1955 12  1     1.79856364
1955 12  2     1.28196492
1955 12  3     0.16191084
1955 12  4     0.01296903
1955 12  5     0.00990608
1955 12  6     1.52769689
1955 12  7     0.74867590
1955 12  8     0.08884119
1955 12  9     1.15116787
1955 12 10     0.52169179
1955 12 11     0.06002249
1955 12 12     0.05502389
1955 12 13     0.04828854
1955 12 14     0.04293836
1955 12 15     0.03746153
1955 12 16     0.03278892
1955 12 17     0.07732212
1955 12 18     0.07610129
1955 12 19     2.90721993
1955 12 20     3.33030080
1955 12 21     1.67179201
1955 12 22    14.83996432
1955 12 23    52.51169290
1955 12 24    52.87015701
1955 12 25    21.91119344
1955 12 26    15.79736907
1955 12 27    15.76007344
1955 12 28     8.20655431
1955 12 29     5.22095674
1955 12 30     4.25741126
1955 12 31     5.69283536
1956  1  1     3.56344595
1956  1  2     3.93806316
1956  1  3     2.87739793
1956  1  4     2.68230313
1956  1  5     7.08321326
1956  1  6     5.39396854
1956  1  7     3.13876648
1956  1  8     4.89516055
1956  1  9     3.24095642
1956  1 10     2.36975844
1956  1 11     2.29392426
1956  1 12     2.05001393
1956  1 13     1.88081247
1956  1 14     5.36590701
1956  1 15     9.47919931
1956  1 16    12.48920759
1956  1 17     6.01177263
1956  1 18     3.31400327
1956  1 19     2.81273172
1956  1 20     3.11986405
1956  1 21     2.95506129
1956  1 22     3.33656153
1956  1 23    14.94929130
1956  1 24     8.28417997
1956  1 25    11.18845681
1956  1 26    10.16034779
1956  1 27    12.92814139
1956  1 28     6.23838768
1956  1 29     3.57337837
1956  1 30     3.06247972
1956  1 31     2.69965457
1956  2  1     2.43882370
1956  2  2     2.24404630
1956  2  3     2.09379969
1956  2  4     1.97564595
1956  2  5     1.87764924
1956  2  6     1.78774784
1956  2  7     1.71430594
1956  2  8     1.65165533
1956  2  9     1.59024232
1956  2 10     1.53939107
1956  2 11     1.51398766
1956  2 12     1.50534732
1956  2 13     1.47653445
1956  2 14     1.41479526
1956  2 15     1.34073139
1956  2 16     1.28857461
1956  2 17     1.24602210
1956  2 18     1.21594268
1956  2 19     1.18068134
1956  2 20     1.27247017
1956  2 21     1.13940356
1956  2 22     1.09411842
1956  2 23     4.81727382
1956  2 24     3.12288168
1956  2 25     1.84880819
1956  2 26     3.54179779
1956  2 27     1.73551968
1956  2 28     2.53930126
1956  2 29     2.05980052
1956  3  1     1.42515397
1956  3  2     1.33430354
1956  3  3     1.32900205
1956  3  4     1.27789292
1956  3  5     1.27427301
1956  3  6     1.15249387
1956  3  7     1.04334230
1956  3  8     1.09120126
1956  3  9     1.10403191
1956  3 10     1.15704140
1956  3 11     1.17991214
1956  3 12     1.07318264
1956  3 13     0.98684149
1956  3 14     0.95924989
1956  3 15     0.92905537
1956  3 16     0.97736612
1956  3 17     1.19630305
1956  3 18     1.42550121
1956  3 19     1.65367027
1956  3 20     1.40313263
1956  3 21     1.40263802
1956  3 22     1.70742780
1956  3 23     1.74878690
1956  3 24     2.08043396
1956  3 25     2.38263747
1956  3 26     2.15376012
1956  3 27     1.55223308
1956  3 28     1.41904295
1956  3 29     1.79430520
1956  3 30     2.02066557
1956  3 31     1.98407493
1956  4  1     1.67667946
1956  4  2     1.10674324
1956  4  3     0.92268612
1956  4  4     0.82994416
1956  4  5     0.96938191
1956  4  6     1.26949074
1956  4  7     1.74373305
1956  4  8     2.06317864
1956  4  9     2.34562898
1956  4 10     2.68401964
1956  4 11     2.44960826
1956  4 12     2.31418116
1956  4 13     1.42829066
1956  4 14     1.45270739
1956  4 15     1.06160081
1956  4 16     0.89394773
1956  4 17     1.11521109
1956  4 18     1.73543259
1956  4 19     2.19398353
1956  4 20     2.70762815
1956  4 21     3.40540717
1956  4 22     3.74042980
1956  4 23     4.08160979
1956  4 24     4.55304808
1956  4 25     4.29402561
1956  4 26     5.90427268
1956  4 27     4.92437406
1956  4 28     2.45703797
1956  4 29     2.19611300
1956  4 30     2.38516635
1956  5  1     2.85058327
1956  5  2     3.81907056
1956  5  3     4.82501292
1956  5  4    12.59070313
1956  5  5    10.09008615
1956  5  6     5.33907916
1956  5  7     5.62024069
1956  5  8     3.88006821
1956  5  9     7.11387235
1956  5 10     5.44358971
1956  5 11     4.59302364
1956  5 12     3.57468607
1956  5 13     2.28932474
1956  5 14     2.21962609
1956  5 15     3.29803707
1956  5 16     5.15474372
1956  5 17     6.53937054
1956  5 18     6.88329910
1956  5 19     6.77143121
1956  5 20     6.67734236
1956  5 21     7.26837937
1956  5 22     8.36931288
1956  5 23     9.05765003
1956  5 24     8.97633193
1956  5 25     8.25123958
1956  5 26     7.41837314
1956  5 27     6.57342712
1956  5 28     5.57126709
1956  5 29     5.56145187
1956  5 30     6.14868348
1956  5 31     6.05152058
1956  6  1     5.83550653
1956  6  2     6.58482840
1956  6  3     7.83704481
1956  6  4     7.82144117
1956  6  5     6.05627139
1956  6  6     5.26194772
1956  6  7     6.07676856
1956  6  8     6.95993719
1956  6  9     7.55928143
1956  6 10     7.81851741
1956  6 11     7.65763866
1956  6 12     7.55464047
1956  6 13     7.62767790
1956  6 14     7.07065038
1956  6 15     5.41656961
1956  6 16     4.31941169
1956  6 17     4.90961307
1956  6 18     6.01345028
1956  6 19     6.56170668
1956  6 20     5.76656259
1956  6 21     5.28218039
1956  6 22     5.99503063
1956  6 23     6.55013850
1956  6 24     6.47737880
1956  6 25     6.12365128
1956  6 26     6.19654615
1956  6 27     6.61526965
1956  6 28     6.73001778
1956  6 29     6.28955022
1956  6 30     5.35774600
1956  7  1     4.41768084
1956  7  2     3.68930299
1956  7  3     3.14106038
1956  7  4     2.96877801
1956  7  5     2.91123534
1956  7  6     2.70592594
1956  7  7     2.55407546
1956  7  8     2.57618277
1956  7  9     2.58101870
1956  7 10     2.34849681
1956  7 11     2.04101389
1956  7 12     1.85950858
1956  7 13     1.67187699
1956  7 14     1.49573937
1956  7 15     1.44243990
1956  7 16     1.43165928
1956  7 17     1.34651116
1956  7 18     1.37134555
1956  7 19     1.40620888
1956  7 20     1.36074854
1956  7 21     1.32593817
1956  7 22     1.36192794
1956  7 23     1.43259713
1956  7 24     1.50105946
1956  7 25     1.38855609
1956  7 26     1.21367387
1956  7 27     1.07506918
1956  7 28     0.82785439
1956  7 29     0.58772538
1956  7 30     0.43684751
1956  7 31     0.36940030
1956  8  1     0.31928076
1956  8  2     0.28454268
1956  8  3     0.25804660
1956  8  4     0.23607576
1956  8  5     0.21826968
1956  8  6     0.20295082
1956  8  7     0.18946233
1956  8  8     0.17755605
1956  8  9     0.16749771
1956  8 10     0.15859148
1956  8 11     0.15056299
1956  8 12     0.14400863
1956  8 13     0.13811739
1956  8 14     0.13193080
1956  8 15     0.12661504
1956  8 16     0.12232086
1956  8 17     0.12441521
1956  8 18     0.12249329
1956  8 19     0.11239780
1956  8 20     0.10669494
1956  8 21     0.10282810
1956  8 22     0.09927082
1956  8 23     0.09877551
1956  8 24     0.09578235
1956  8 25     0.09050704
1956  8 26     0.08849478
1956  8 27     0.08640792
1956  8 28     0.09035380
1956  8 29     0.09425621
1956  8 30     0.08574408
1956  8 31     0.07702785
1956  9  1     0.07426990
1956  9  2     0.07141241
1956  9  3     0.06908075
1956  9  4     0.06750388
1956  9  5     0.06623829
1956  9  6     0.06478354
1956  9  7     0.06353349
1956  9  8     0.06261827
1956  9  9     0.15298628
1956  9 10     0.18164137
1956  9 11     0.08466143
1956  9 12     0.05785956
1956  9 13     0.05750796
1956  9 14     0.05625115
1956  9 15     0.05406441
1956  9 16     0.05223577
1956  9 17     0.05052768
1956  9 18     0.04853989
1956  9 19     0.10448473
1956  9 20     0.28809494
1956  9 21     0.12307789
1956  9 22     0.04672559
1956  9 23     0.04475259
1956  9 24     0.04285957
1956  9 25     0.04159471
1956  9 26     0.07254446
1956  9 27     0.40407537
1956  9 28     0.35260656
1956  9 29     0.04984936
1956  9 30     0.06225864
1956 10  1     0.07103044
1956 10  2     0.13367740
1956 10  3     0.12520124
1956 10  4     0.15762581
1956 10  5     0.35445806
1956 10  6     0.21981219
1956 10  7     0.15903326
1956 10  8     0.14977050
1956 10  9     0.07812324
1956 10 10     0.14392113
1956 10 11     0.33194297
1956 10 12     0.28061226
1956 10 13     0.13537097
1956 10 14     0.08981099
1956 10 15     0.07349593
1956 10 16     0.05992773
1956 10 17     0.05226048
1956 10 18     0.04662913
1956 10 19     0.04262117
1956 10 20     0.03922264
1956 10 21     0.14747884
1956 10 22     0.11450512
1956 10 23     0.48864413
1956 10 24     0.65652758
1956 10 25     0.18719982
1956 10 26     0.20876798
1956 10 27     1.32199825
1956 10 28     0.92838233
1956 10 29     0.21377832
1956 10 30     0.34449596
1956 10 31     0.98794910
1956 11  1     0.32674590
1956 11  2     0.08522442
1956 11  3     0.08283840
1956 11  4     0.09370292
1956 11  5     0.13629631
1956 11  6     0.28647611
1956 11  7     0.45533213
1956 11  8     0.52864277
1956 11  9     0.59563854
1956 11 10     0.63730821
1956 11 11     0.62340935
1956 11 12     0.56619599
1956 11 13     0.51332282
1956 11 14     0.36797470
1956 11 15     0.22432813
1956 11 16     0.19236014
1956 11 17     0.19032774
1956 11 18     0.18176357
1956 11 19     0.13252845
1956 11 20     0.09966110
1956 11 21     0.08520420
1956 11 22     0.08179845
1956 11 23     0.09329423
1956 11 24     0.10327647
1956 11 25     0.10321302
1956 11 26     0.10439097
1956 11 27     0.10320774
1956 11 28     0.09543129
1956 11 29     0.08837584
1956 11 30     0.08260943
1956 12  1     0.07156831
1956 12  2     0.06443091
1956 12  3     0.06290299
1956 12  4     0.26025245
1956 12  5     1.29417223
1956 12  6     0.42672577
1956 12  7     0.10220448
1956 12  8     0.06292244
1956 12  9     0.05039727
1956 12 10     0.04374311
1956 12 11     0.04467996
1956 12 12     0.04445789
1956 12 13     0.04513016
1956 12 14     0.04223493
1956 12 15     0.03901074
1956 12 16     0.03827803
1956 12 17     0.03757452
1956 12 18     0.03764226
1956 12 19     0.03470654
1956 12 20     0.03067947
1956 12 21     0.02488358
1956 12 22     0.02108193
1956 12 23     0.02241010
1956 12 24     0.02433742
1956 12 25     0.02609740
1956 12 26     0.02798531
1956 12 27     0.03150285
1956 12 28     0.03565868
1956 12 29     0.04059926
1956 12 30     0.04552197
1956 12 31     0.03453208
1957  1  1     0.02711337
1957  1  2     0.02378064
1957  1  3     0.02188389
1957  1  4     0.01936167
1957  1  5     0.02026844
1957  1  6     0.01927155
1957  1  7     0.01523463
1957  1  8     0.06761223
1957  1  9     0.14471092
1957  1 10     0.03079266
1957  1 11     0.03369629
1957  1 12     0.64988875
1957  1 13     2.68021974
1957  1 14     1.25629602
1957  1 15     0.19869614
1957  1 16     0.09068286
1957  1 17     0.06648141
1957  1 18     0.05143855
1957  1 19     0.04186842
1957  1 20     1.49424027
1957  1 21     0.95032804
1957  1 22     0.15033967
1957  1 23     0.09167707
1957  1 24     0.06832200
1957  1 25     0.05280424
1957  1 26     0.39593258
1957  1 27     0.09382327
1957  1 28     0.03416898
1957  1 29     0.03065191
1957  1 30     0.02769724
1957  1 31     0.02550732
1957  2  1     0.02841592
1957  2  2     0.06968578
1957  2  3     0.04269017
1957  2  4     0.02600715
1957  2  5     0.03419936
1957  2  6     0.04522723
1957  2  7     0.15555238
1957  2  8     0.58641904
1957  2  9     0.33160405
1957  2 10     0.12971343
1957  2 11     1.12007311
1957  2 12     0.84542513
1957  2 13     0.39815921
1957  2 14     0.36013884
1957  2 15     0.41220989
1957  2 16     0.59815335
1957  2 17     0.82010459
1957  2 18     0.76867267
1957  2 19     0.53527697
1957  2 20     0.46963279
1957  2 21     0.72816902
1957  2 22     0.67470711
1957  2 23     6.54097110
1957  2 24     9.18343405
1957  2 25    10.45552737
1957  2 26     6.91184020
1957  2 27     3.50202807
1957  2 28     3.68574287
1957  3  1     3.87671825
1957  3  2     2.55924584
1957  3  3     1.56697783
1957  3  4     1.95592087
1957  3  5     5.48930203
1957  3  6     4.28483964
1957  3  7     2.19936321
1957  3  8     1.93564116
1957  3  9     4.33042754
1957  3 10     3.15025396
1957  3 11     1.61100065
1957  3 12     2.85788524
1957  3 13     2.30858995
1957  3 14     1.33309236
1957  3 15     1.51173143
1957  3 16     2.85130006
1957  3 17     1.55972104
1957  3 18     1.04039492
1957  3 19     0.95436723
1957  3 20     1.03992130
1957  3 21     1.03264158
1957  3 22     0.82815522
1957  3 23     0.71428176
1957  3 24     0.81632252
1957  3 25     0.93051438
1957  3 26     1.03353281
1957  3 27     1.23645688
1957  3 28     1.72597126
1957  3 29     3.43991892
1957  3 30     3.91822131
1957  3 31     2.27559210
1957  4  1     1.52535351
1957  4  2     1.14649311
1957  4  3     1.30601528
1957  4  4     1.75539146
1957  4  5     2.14201529
1957  4  6     2.26915752
1957  4  7     1.66216785
1957  4  8     1.30129590
1957  4  9     1.50512780
1957  4 10     1.55190798
1957  4 11     1.47101460
1957  4 12     1.29539781
1957  4 13     1.33986710
1957  4 14     2.96678364
1957  4 15     2.30916612
1957  4 16     1.08898023
1957  4 17     1.06129921
1957  4 18     2.87210674
1957  4 19     1.59486254
1957  4 20     1.34502176
1957  4 21     1.04525539
1957  4 22     0.73088611
1957  4 23     0.73400623
1957  4 24     0.92115112
1957  4 25     1.30799279
1957  4 26     1.85750184
1957  4 27     2.61374779
1957  4 28     3.33633097
1957  4 29     4.05399280
1957  4 30     4.42901274
1957  5  1     3.55537205
1957  5  2     2.94052913
1957  5  3     2.28488799
1957  5  4     2.42255147
1957  5  5     3.30218227
1957  5  6     3.88547957
1957  5  7     4.24901525
1957  5  8     3.31205636
1957  5  9     2.15218466
1957  5 10     1.62868570
1957  5 11     1.44614272
1957  5 12     1.14115003
1957  5 13     1.37029537
1957  5 14     1.97593862
1957  5 15     1.48050653
1957  5 16     1.44303365
1957  5 17     2.47175106
1957  5 18     6.04627543
1957  5 19    14.70032003
1957  5 20     6.54777272
1957  5 21     5.28072569
1957  5 22     3.95642206
1957  5 23     3.51189226
1957  5 24     3.51640016
1957  5 25     3.94786079
1957  5 26     5.14227173
1957  5 27     6.06486699
1957  5 28     5.92113366
1957  5 29     5.24229967
1957  5 30     4.74610085
1957  5 31     4.86800863
1957  6  1     5.60213343
1957  6  2     6.16113360
1957  6  3     6.06279081
1957  6  4     5.53569203
1957  6  5     4.90239366
1957  6  6     4.25022602
1957  6  7     3.69776867
1957  6  8     3.34682170
1957  6  9     3.02890990
1957  6 10     2.62479680
1957  6 11     2.22532632
1957  6 12     2.10723892
1957  6 13     2.00426249
1957  6 14     1.72366827
1957  6 15     1.41026371
1957  6 16     1.20088903
1957  6 17     1.16473532
1957  6 18     1.22623189
1957  6 19     1.26649692
1957  6 20     1.24748864
1957  6 21     0.95686088
1957  6 22     0.66994477
1957  6 23     0.56883652
1957  6 24     0.50098786
1957  6 25     0.44721618
1957  6 26     0.40476024
1957  6 27     0.37169519
1957  6 28     0.34433578
1957  6 29     0.32217372
1957  6 30     0.30390639
1957  7  1     0.28702195
1957  7  2     0.27160354
1957  7  3     0.25741705
1957  7  4     0.24407489
1957  7  5     0.23176382
1957  7  6     0.22422608
1957  7  7     0.26949345
1957  7  8     0.23878230
1957  7  9     0.20388374
1957  7 10     0.19515249
1957  7 11     0.17996580
1957  7 12     0.17325879
1957  7 13     0.16730176
1957  7 14     0.16245947
1957  7 15     0.15645660
1957  7 16     0.15033649
1957  7 17     0.14503003
1957  7 18     0.14037293
1957  7 19     0.13646175
1957  7 20     0.13289573
1957  7 21     0.12912983
1957  7 22     0.12559830
1957  7 23     0.12177824
1957  7 24     0.11730735
1957  7 25     0.11699105
1957  7 26     0.11389043
1957  7 27     0.10649366
1957  7 28     0.10290925
1957  7 29     0.09964413
1957  7 30     0.09648895
1957  7 31     0.09360420
1957  8  1     0.09103202
1957  8  2     0.08820954
1957  8  3     0.08539128
1957  8  4     0.08306626
1957  8  5     0.08125899
1957  8  6     0.07981186
1957  8  7     0.07775955
1957  8  8     0.07498821
1957  8  9     0.07239804
1957  8 10     0.07018181
1957  8 11     0.06820907
1957  8 12     0.06626630
1957  8 13     0.06417816
1957  8 14     0.06209492
1957  8 15     0.06031849
1957  8 16     0.05866052
1957  8 17     0.05675604
1957  8 18     0.05489969
1957  8 19     0.05326608
1957  8 20     0.05177315
1957  8 21     0.05048049
1957  8 22     0.04924222
1957  8 23     0.04793617
1957  8 24     0.04628788
1957  8 25     0.04489367
1957  8 26     0.04398087
1957  8 27     0.04300972
1957  8 28     0.04190219
1957  8 29     0.04105796
1957  8 30     0.04050257
1957  8 31     0.03944642
1957  9  1     0.03779241
1957  9  2     0.03609301
1957  9  3     0.03479969
1957  9  4     0.03370742
1957  9  5     0.03526025
1957  9  6     0.03431028
1957  9  7     0.03049598
1957  9  8     0.02940922
1957  9  9     0.02859006
1957  9 10     0.02803879
1957  9 11     0.02757336
1957  9 12     0.02889889
1957  9 13     0.02820389
1957  9 14     0.02571752
1957  9 15     0.02499662
1957  9 16     0.02443056
1957  9 17     0.12467789
1957  9 18     0.08422216
1957  9 19     0.03056725
1957  9 20     0.02244297
1957  9 21     0.02153557
1957  9 22     0.02065009
1957  9 23     0.01973347
1957  9 24     0.01900210
1957  9 25     0.01854498
1957  9 26     0.01833311
1957  9 27     0.01796361
1957  9 28     0.01745048
1957  9 29     0.06183428
1957  9 30     0.07815080
1957 10  1     0.02742466
1957 10  2     0.01633501
1957 10  3     0.02213997
1957 10  4     0.02244717
1957 10  5     0.01797486
1957 10  6     0.01555613
1957 10  7     0.01511380
1957 10  8     0.01438713
1957 10  9     0.01340620
1957 10 10     0.01294494
1957 10 11     0.07812884
1957 10 12     0.20397809
1957 10 13     0.81080104
1957 10 14     1.20390714
1957 10 15     0.39240341
1957 10 16     0.02235788
1957 10 17     0.01673819
1957 10 18     0.01809360
1957 10 19     0.01845946
1957 10 20     0.13232716
1957 10 21     0.14199298
1957 10 22     0.04194056
1957 10 23     0.08496830
1957 10 24     0.12624987
1957 10 25     0.07873234
1957 10 26     0.09729591
1957 10 27     0.14675778
1957 10 28     0.08539915
1957 10 29     0.03796567
1957 10 30     0.03658927
1957 10 31     0.03532411
1957 11  1     0.03629306
1957 11  2     0.11929314
1957 11  3     0.13585333
1957 11  4     0.04648654
1957 11  5     0.05714148
1957 11  6     0.03406268
1957 11  7     0.01506918
1957 11  8     0.02306401
1957 11  9     0.03711958
1957 11 10     0.04332422
1957 11 11     0.09469584
1957 11 12     0.07804176
1957 11 13     0.15551303
1957 11 14     2.38739637
1957 11 15     1.30087696
1957 11 16     0.26685264
1957 11 17     0.18763170
1957 11 18     0.16005728
1957 11 19     0.44530112
1957 11 20     0.35708863
1957 11 21     0.16059185
1957 11 22     0.13300732
1957 11 23     0.10499161
1957 11 24     0.11014996
1957 11 25     0.14275039
1957 11 26     0.13686408
1957 11 27     0.10037073
1957 11 28     0.07905581
1957 11 29     0.06539594
1957 11 30     0.06020314
1957 12  1     0.05373649
1957 12  2     0.04392848
1957 12  3     0.04334040
1957 12  4     0.04444545
1957 12  5     0.38965596
1957 12  6     0.17590540
1957 12  7     0.05035708
1957 12  8     0.05107337
1957 12  9     0.05279898
1957 12 10     0.05130494
1957 12 11     0.04589252
1957 12 12     0.04036435
1957 12 13     0.03749220
1957 12 14     0.05110021
1957 12 15     3.02336013
1957 12 16     7.70527227
1957 12 17     6.44384426
1957 12 18     4.02016620
1957 12 19     1.93802543
1957 12 20     0.87642563
1957 12 21     0.69136541
1957 12 22     0.88742255
1957 12 23     0.50434526
1957 12 24     0.31261921
1957 12 25     0.23502545
1957 12 26     0.19725862
1957 12 27     0.16751124
1957 12 28     0.14370871
1957 12 29     0.12615520
1957 12 30     0.11161099
1957 12 31     0.09871696
1958  1  1     0.09077235
1958  1  2     1.17700321
1958  1  3     0.67919097
1958  1  4     0.23135496
1958  1  5     0.21866303
1958  1  6     0.17752270
1958  1  7     0.14934058
1958  1  8     0.14215631
1958  1  9     0.12273127
1958  1 10     2.90253806
1958  1 11     2.49651206
1958  1 12     0.74775703
1958  1 13     0.92261181
1958  1 14     0.54162529
1958  1 15     0.33053299
1958  1 16     0.28552314
1958  1 17     0.26600967
1958  1 18     0.23054827
1958  1 19     0.20518346
1958  1 20     0.19023214
1958  1 21     0.15600317
1958  1 22     0.13334656
1958  1 23     0.64480259
1958  1 24     6.20923458
1958  1 25     6.00814202
1958  1 26     5.03620730
1958  1 27     3.69123502
1958  1 28     1.66146156
1958  1 29     1.13917797
1958  1 30     3.98846284
1958  1 31     2.71666763
1958  2  1     1.14896165
1958  2  2     1.05457086
1958  2  3     4.96018210
1958  2  4     3.48285394
1958  2  5     3.70986373
1958  2  6     1.79454080
1958  2  7     1.17087772
1958  2  8     2.23006789
1958  2  9     1.81741645
1958  2 10     1.82628353
1958  2 11     1.26866495
1958  2 12     5.14332218
1958  2 13     4.39963021
1958  2 14     1.95235356
1958  2 15     1.38043610
1958  2 16     1.21090179
1958  2 17     1.22863597
1958  2 18     1.28740617
1958  2 19     4.66812047
1958  2 20     3.07472977
1958  2 21     1.56182711
1958  2 22     1.56699349
1958  2 23     1.50544641
1958  2 24     4.51691694
1958  2 25    12.32196403
1958  2 26     6.39458591
1958  2 27     2.60981543
1958  2 28     1.95534625
1958  3  1     1.59629618
1958  3  2     1.36185807
1958  3  3     1.23636295
1958  3  4     1.10744541
1958  3  5     1.01491394
1958  3  6     1.75395799
1958  3  7     1.36202077
1958  3  8     1.14745119
1958  3  9     0.96088314
1958  3 10     0.89141870
1958  3 11     0.80209635
1958  3 12     0.94377183
1958  3 13     1.43664773
1958  3 14     2.51155422
1958  3 15     9.52201930
1958  3 16    12.99100249
1958  3 17     6.26103736
1958  3 18     2.54841471
1958  3 19     1.79861128
1958  3 20     3.59021655
1958  3 21    10.41515272
1958  3 22    10.67924658
1958  3 23     4.92073616
1958  3 24     6.12028739
1958  3 25     3.30760759
1958  3 26     2.30393851
1958  3 27     2.17670354
1958  3 28     1.94027665
1958  3 29     2.17891400
1958  3 30     6.26217564
1958  3 31     5.83242481
1958  4  1    10.66569569
1958  4  2     6.73777316
1958  4  3    15.57890160
1958  4  4    11.76012173
1958  4  5     5.81555347
1958  4  6     8.57145872
1958  4  7     4.02198482
1958  4  8     2.64765202
1958  4  9     2.55871262
1958  4 10     2.53371500
1958  4 11     2.77184046
1958  4 12     2.99767198
1958  4 13     3.34210997
1958  4 14     3.65271322
1958  4 15     3.91403138
1958  4 16     4.49833037
1958  4 17     4.93380295
1958  4 18     5.31580917
1958  4 19     5.34199180
1958  4 20     5.99209719
1958  4 21     6.58040904
1958  4 22     6.39476260
1958  4 23     4.60097912
1958  4 24     3.01199099
1958  4 25     2.60967081
1958  4 26     2.58810087
1958  4 27     2.84209546
1958  4 28     3.10782732
1958  4 29     3.45269089
1958  4 30     3.54709460
1958  5  1     3.83157767
1958  5  2     4.71639063
1958  5  3     5.59453487
1958  5  4     6.35939123
1958  5  5     7.10701093
1958  5  6     7.17030630
1958  5  7     6.74295907
1958  5  8     6.78955141
1958  5  9     7.34291616
1958  5 10     7.65315877
1958  5 11     8.00046448
1958  5 12     6.94610985
1958  5 13     4.83838318
1958  5 14     4.66021147
1958  5 15     5.89303745
1958  5 16     7.45760600
1958  5 17     8.62771388
1958  5 18     8.84977322
1958  5 19     8.14007478
1958  5 20     7.82988678
1958  5 21     7.58005052
1958  5 22     7.45352713
1958  5 23     7.21853728
1958  5 24     6.40658100
1958  5 25     6.20033647
1958  5 26     6.11559981
1958  5 27     5.81929396
1958  5 28     5.37904289
1958  5 29     5.19361804
1958  5 30     5.25909934
1958  5 31     5.32752578
1958  6  1     5.30899898
1958  6  2     4.92075276
1958  6  3     6.40588841
1958  6  4     5.55432971
1958  6  5     4.57321069
1958  6  6     4.54252729
1958  6  7     3.72533753
1958  6  8     3.11609666
1958  6  9     2.74546945
1958  6 10     2.71913689
1958  6 11     3.31228113
1958  6 12     3.67479128
1958  6 13     3.24959272
1958  6 14     2.85526632
1958  6 15     3.28503020
1958  6 16     3.51474402
1958  6 17     3.48171715
1958  6 18     3.38503849
1958  6 19     3.11728085
1958  6 20     2.84172682
1958  6 21     2.50745081
1958  6 22     2.21762744
1958  6 23     1.97084389
1958  6 24     1.68749527
1958  6 25     1.46529437
1958  6 26     1.39893716
1958  6 27     1.38591388
1958  6 28     1.15182298
1958  6 29     0.93063007
1958  6 30     0.82157959
1958  7  1     0.72618929
1958  7  2     0.61288163
1958  7  3     0.51994646
1958  7  4     0.47066789
1958  7  5     0.43041825
1958  7  6     0.39828576
1958  7  7     0.36922006
1958  7  8     0.34467027
1958  7  9     0.32436813
1958  7 10     0.30629943
1958  7 11     0.28962869
1958  7 12     0.27501524
1958  7 13     0.26249479
1958  7 14     0.25148469
1958  7 15     0.24270278
1958  7 16     0.23577223
1958  7 17     0.22844650
1958  7 18     0.22029542
1958  7 19     0.21031137
1958  7 20     0.20131752
1958  7 21     0.19393498
1958  7 22     0.19683332
1958  7 23     0.43530767
1958  7 24     0.41080981
1958  7 25     0.18907905
1958  7 26     0.17794728
1958  7 27     0.16401426
1958  7 28     0.18166571
1958  7 29     0.37698688
1958  7 30     0.28938032
1958  7 31     0.14457686
1958  8  1     0.14819700
1958  8  2     0.14515693
1958  8  3     0.13139083
1958  8  4     0.12482797
1958  8  5     0.12087114
1958  8  6     0.11683392
1958  8  7     0.13244012
1958  8  8     0.13987159
1958  8  9     0.13103181
1958  8 10     0.11552282
1958  8 11     0.10159870
1958  8 12     0.10150259
1958  8 13     0.09942628
1958  8 14     0.10960969
1958  8 15     0.13364398
1958  8 16     0.18352752
1958  8 17     0.16135285
1958  8 18     0.13659000
1958  8 19     0.12954556
1958  8 20     0.09745183
1958  8 21     0.08715957
1958  8 22     0.07996859
1958  8 23     0.07631728
1958  8 24     0.07300909
1958  8 25     0.06996842
1958  8 26     0.06737367
1958  8 27     0.06509604
1958  8 28     0.06323331
1958  8 29     0.06149302
1958  8 30     0.05963959
1958  8 31     0.05779325
1958  9  1     0.05567731
1958  9  2     0.05393545
1958  9  3     0.05313859
1958  9  4     0.05225883
1958  9  5     0.05081401
1958  9  6     0.05212483
1958  9  7     0.12726337
1958  9  8     0.76846575
1958  9  9     0.66898144
1958  9 10     0.14450278
1958  9 11     0.08917751
1958  9 12     0.07770456
1958  9 13     0.06709607
1958  9 14     0.05955969
1958  9 15     0.05333660
1958  9 16     0.04857377
1958  9 17     0.04496756
1958  9 18     0.04248759
1958  9 19     0.04040698
1958  9 20     0.03870634
1958  9 21     0.03730629
1958  9 22     0.03581539
1958  9 23     1.12940777
1958  9 24     0.97035795
1958  9 25     0.20208909
1958  9 26     0.14706391
1958  9 27     0.11065634
1958  9 28     0.08484269
1958  9 29     0.06873370
1958  9 30     0.05799544
1958 10  1     0.05032099
1958 10  2     0.04451675
1958 10  3     0.04015324
1958 10  4     0.03683833
1958 10  5     0.03416427
1958 10  6     0.03196391
1958 10  7     0.03060028
1958 10  8     0.02943366
1958 10  9     0.02776118
1958 10 10     0.02594906
1958 10 11     0.02446353
1958 10 12     0.02349446
1958 10 13     0.02278853
1958 10 14     0.02180540
1958 10 15     0.02057408
1958 10 16     0.01952401
1958 10 17     0.01876132
1958 10 18     0.01850000
1958 10 19     0.02109236
1958 10 20     0.02085522
1958 10 21     0.01913487
1958 10 22     0.01846863
1958 10 23     0.03772627
1958 10 24     0.07303307
1958 10 25     0.06916195
1958 10 26     0.03296765
1958 10 27     0.01625616
1958 10 28     0.01576369
1958 10 29     0.01548228
1958 10 30     0.01535353
1958 10 31     0.01499833
1958 11  1     0.01429647
1958 11  2     0.01362046
1958 11  3     0.01306673
1958 11  4     0.01248789
1958 11  5     0.01205878
1958 11  6     0.01169253
1958 11  7     0.01133011
1958 11  8     0.01081185
1958 11  9     0.01110484
1958 11 10     0.45406447
1958 11 11     0.32861129
1958 11 12     0.02995423
1958 11 13     0.06060749
1958 11 14     0.48262788
1958 11 15     0.43176398
1958 11 16     0.11013400
1958 11 17     0.09698700
1958 11 18     0.06906492
1958 11 19     0.05407529
1958 11 20     0.05719915
1958 11 21     0.07982838
1958 11 22     0.08837372
1958 11 23     0.10390592
1958 11 24     0.13379890
1958 11 25     0.15121210
1958 11 26     0.16695646
1958 11 27     0.12960170
1958 11 28     0.09278161
1958 11 29     0.08718048
1958 11 30     0.07169446
1958 12  1     0.08155480
1958 12  2     0.11181830
1958 12  3     0.14299790
1958 12  4     0.15074741
1958 12  5     0.13519336
1958 12  6     0.11640065
1958 12  7     0.09404589
1958 12  8     0.07507473
1958 12  9     0.05927806
1958 12 10     0.04693613
1958 12 11     0.03636289
1958 12 12     0.02796703
1958 12 13     0.02298160
1958 12 14     0.01932907
1958 12 15     0.01655205
1958 12 16     0.01431250
1958 12 17     0.01246918
1958 12 18     0.01105338
1958 12 19     0.01010735
1958 12 20     0.00933888
1958 12 21     0.06735954
1958 12 22     0.31485713
1958 12 23     0.21314629
1958 12 24     0.05864874
1958 12 25     0.16900248
1958 12 26     0.28641338
1958 12 27     3.40599539
1958 12 28     2.45397420
1958 12 29     0.58482643
1958 12 30     0.43540353
1958 12 31     0.29890699
1959  1  1     0.21397702
1959  1  2     0.15990090
1959  1  3     0.12405802
1959  1  4     0.14244562
1959  1  5     0.37771427
1959  1  6     2.00595863
1959  1  7     0.70027667
1959  1  8     0.31383196
1959  1  9     2.76537968
1959  1 10     5.34389874
1959  1 11     3.30662400
1959  1 12     1.60172245
1959  1 13     1.58602873
1959  1 14     0.91842905
1959  1 15     0.48283191
1959  1 16     0.41926719
1959  1 17     0.38488729
1959  1 18     0.37684073
1959  1 19     0.34751304
1959  1 20     0.26335254
1959  1 21     0.20583054
1959  1 22     0.18442834
1959  1 23     0.18595203
1959  1 24     0.73800257
1959  1 25     2.47026684
1959  1 26     2.02784136
1959  1 27     0.86308833
1959  1 28     0.63034977
1959  1 29     0.43026880
1959  1 30     0.31941798
1959  1 31     0.26038162
1959  2  1     0.20980327
1959  2  2     0.17727599
1959  2  3     0.15290208
1959  2  4     0.13444099
1959  2  5     0.12472048
1959  2  6     0.12316986
1959  2  7     0.67021217
1959  2  8     0.90463928
1959  2  9     0.38186358
1959  2 10     1.12417304
1959  2 11     2.12241405
1959  2 12     1.75598132
1959  2 13     0.38465043
1959  2 14     0.16308157
1959  2 15     0.27752187
1959  2 16     5.52050698
1959  2 17     4.84108023
1959  2 18     3.79333558
1959  2 19     2.62444141
1959  2 20     1.39251824
1959  2 21     0.97699844
1959  2 22     0.94230811
1959  2 23     0.72689212
1959  2 24     0.64349449
1959  2 25     0.63139635
1959  2 26     0.67617440
1959  2 27     0.74653284
1959  2 28     0.84004786
1959  3  1     0.93316330
1959  3  2     1.03095062
1959  3  3     1.15155187
1959  3  4     1.19136611
1959  3  5     1.18759565
1959  3  6     1.17320826
1959  3  7     1.16572594
1959  3  8     1.16594765
1959  3  9     1.16877980
1959  3 10     1.09233622
1959  3 11     1.05897767
1959  3 12     1.19809732
1959  3 13     1.31045343
1959  3 14     1.13445252
1959  3 15     0.94402420
1959  3 16     1.03129376
1959  3 17     1.29405911
1959  3 18     1.35397309
1959  3 19     1.19265589
1959  3 20     1.18445966
1959  3 21     1.36891483
1959  3 22     1.18810589
1959  3 23     1.37702162
1959  3 24     1.19905431
1959  3 25     0.65318909
1959  3 26     1.16837800
1959  3 27     0.93329331
1959  3 28     0.63067542
1959  3 29     0.69236451
1959  3 30     1.05327672
1959  3 31     1.05771385
1959  4  1     1.13912129
1959  4  2     1.94314352
1959  4  3     2.61166372
1959  4  4     2.84978358
1959  4  5     3.02279512
1959  4  6     3.15990249
1959  4  7     2.80252779
1959  4  8     2.16401585
1959  4  9     1.84184194
1959  4 10     1.91995381
1959  4 11     2.19429195
1959  4 12     2.23378727
1959  4 13     2.16690212
1959  4 14     1.88186642
1959  4 15     1.44310307
1959  4 16     1.15353152
1959  4 17     1.03749822
1959  4 18     0.90283748
1959  4 19     0.75853852
1959  4 20     0.87117938
1959  4 21     1.19482893
1959  4 22     1.58448003
1959  4 23     2.00598502
1959  4 24     2.37386607
1959  4 25     2.98826033
1959  4 26     6.39020291
1959  4 27     4.01551271
1959  4 28     2.29631631
1959  4 29     2.79813733
1959  4 30     3.92189917
1959  5  1     4.48969375
1959  5  2     3.02963440
1959  5  3     1.57279181
1959  5  4     1.23898406
1959  5  5     1.19182106
1959  5  6     1.59417800
1959  5  7     2.40131317
1959  5  8     2.94804387
1959  5  9     2.74688627
1959  5 10     2.66435873
1959  5 11     3.20691135
1959  5 12     3.70433656
1959  5 13     3.86508422
1959  5 14     3.15022295
1959  5 15     2.16505152
1959  5 16     1.76095662
1959  5 17     1.85247728
1959  5 18     1.60593455
1959  5 19     1.12193095
1959  5 20     0.92173599
1959  5 21     1.18140844
1959  5 22     1.43594338
1959  5 23     1.02601961
1959  5 24     0.74050290
1959  5 25     1.00486407
1959  5 26     1.11972879
1959  5 27     0.99271844
1959  5 28     0.90326622
1959  5 29     0.89814046
1959  5 30     0.92427123
1959  5 31     1.00796520
1959  6  1     1.13791966
1959  6  2     1.32615588
1959  6  3     1.31370103
1959  6  4     1.12533245
1959  6  5     1.06437828
1959  6  6     0.97725139
1959  6  7     0.80142318
1959  6  8     0.68253449
1959  6  9     0.57134653
1959  6 10     0.41747708
1959  6 11     0.30705296
1959  6 12     0.26170275
1959  6 13     0.22545105
1959  6 14     0.19655092
1959  6 15     0.17539524
1959  6 16     0.15915105
1959  6 17     0.14564511
1959  6 18     0.13391347
1959  6 19     0.12381895
1959  6 20     0.11514290
1959  6 21     0.10794508
1959  6 22     0.10139508
1959  6 23     0.09526403
1959  6 24     0.09007652
1959  6 25     0.08675106
1959  6 26     0.08324404
1959  6 27     0.07819631
1959  6 28     0.07474007
1959  6 29     0.07162332
1959  6 30     0.06865061
1959  7  1     0.06588768
1959  7  2     0.06335305
1959  7  3     0.06103510
1959  7  4     0.05889781
1959  7  5     0.05687511
1959  7  6     0.05496269
1959  7  7     0.05321552
1959  7  8     0.05150559
1959  7  9     0.04970286
1959  7 10     0.04789377
1959  7 11     0.04623839
1959  7 12     0.04472315
1959  7 13     0.04338689
1959  7 14     0.04219115
1959  7 15     0.04102048
1959  7 16     0.03974238
1959  7 17     0.03844482
1959  7 18     0.03720970
1959  7 19     0.03812031
1959  7 20     0.03679676
1959  7 21     0.03402791
1959  7 22     0.03313649
1959  7 23     0.03659101
1959  7 24     0.03620361
1959  7 25     0.03015458
1959  7 26     0.02922546
1959  7 27     0.02840994
1959  7 28     0.02767719
1959  7 29     0.02698150
1959  7 30     0.02628645
1959  7 31     0.02539185
1959  8  1     0.02453880
1959  8  2     0.02389255
1959  8  3     0.02333632
1959  8  4     0.02272658
1959  8  5     0.02210056
1959  8  6     0.02139686
1959  8  7     0.05217936
1959  8  8     0.05055611
1959  8  9     0.02662338
1959  8 10     0.01875781
1959  8 11     0.01831019
1959  8 12     0.01788294
1959  8 13     0.01743968
1959  8 14     0.01699303
1959  8 15     0.01647009
1959  8 16     0.01594995
1959  8 17     0.01546904
1959  8 18     0.01507865
1959  8 19     0.01487983
1959  8 20     0.03037178
1959  8 21     0.02047364
1959  8 22     0.01406505
1959  8 23     0.01339376
1959  8 24     0.01410553
1959  8 25     0.01296642
1959  8 26     0.01201040
1959  8 27     0.01172568
1959  8 28     0.01146816
1959  8 29     0.01113481
1959  8 30     0.01079952
1959  8 31     0.01045228
1959  9  1     0.01011260
1959  9  2     0.00980681
1959  9  3     0.00953047
1959  9  4     0.00929032
1959  9  5     0.00905635
1959  9  6     0.00879163
1959  9  7     0.00850843
1959  9  8     0.00824860
1959  9  9     0.00801498
1959  9 10     0.00776795
1959  9 11     0.06681188
1959  9 12     0.14642939
1959  9 13     0.34425276
1959  9 14     0.37270586
1959  9 15     0.13144402
1959  9 16     0.01578692
1959  9 17     0.00711245
1959  9 18     2.16235152
1959  9 19    12.41094548
1959  9 20     7.42665096
1959  9 21     1.53787674
1959  9 22     1.06096173
1959  9 23     0.73125149
1959  9 24     0.52450701
1959  9 25     0.39124722
1959  9 26     0.30222410
1959  9 27     0.24042170
1959  9 28     0.19582881
1959  9 29     0.16238124
1959  9 30     0.15517049
1959 10  1     0.14284740
1959 10  2     0.10492894
1959 10  3     0.08532139
1959 10  4     0.07371035
1959 10  5     0.06391206
1959 10  6     0.05566803
1959 10  7     0.04873041
1959 10  8     0.04274373
1959 10  9     0.03752196
1959 10 10     0.03303891
1959 10 11     0.02915922
1959 10 12     0.02584468
1959 10 13     0.02304139
1959 10 14     0.02057660
1959 10 15     0.01845453
1959 10 16     0.01662355
1959 10 17     0.01503391
1959 10 18     0.01371499
1959 10 19     0.01262688
1959 10 20     0.01169194
1959 10 21     0.01077638
1959 10 22     0.00994114
1959 10 23     0.00908323
1959 10 24     0.00830423
1959 10 25     0.00771659
1959 10 26     0.00725602
1959 10 27     0.00694099
1959 10 28     0.00671948
1959 10 29     0.00720075
1959 10 30     0.00837822
1959 10 31     0.00901600
1959 11  1     0.00751075
1959 11  2     0.00532055
1959 11  3     0.00514617
1959 11  4     0.00499154
1959 11  5     0.00481483
1959 11  6     0.00460008
1959 11  7     0.00437733
1959 11  8     0.00420616
1959 11  9     0.00408207
1959 11 10     0.00397674
1959 11 11     0.00387999
1959 11 12     0.00377826
1959 11 13     0.00371112
1959 11 14     0.00364516
1959 11 15     0.00357148
1959 11 16     0.00350750
1959 11 17     0.00342688
1959 11 18     0.00328585
1959 11 19     0.00317676
1959 11 20     0.00311405
1959 11 21     0.00303077
1959 11 22     0.00295805
1959 11 23     0.00284735
1959 11 24     0.00274870
1959 11 25     0.00268047
1959 11 26     0.00260803
1959 11 27     0.00255394
1959 11 28     0.00250523
1959 11 29     0.00244937
1959 11 30     0.00237559
1959 12  1     0.00231052
1959 12  2     0.00224875
1959 12  3     0.00219002
1959 12  4     0.00214681
1959 12  5     0.00215349
1959 12  6     0.00213867
1959 12  7     0.00206713
1959 12  8     0.00197858
1959 12  9     0.00192890
1959 12 10     0.00192255
1959 12 11     0.00189015
1959 12 12     0.00368251
1959 12 13     0.04841886
1959 12 14     0.02792835
1959 12 15     0.00700428
1959 12 16     0.01111542
1959 12 17     0.01843610
1959 12 18     0.02083448
1959 12 19     0.01624082
1959 12 20     0.01617553
1959 12 21     0.02097525
1959 12 22     0.01363112
1959 12 23     0.01255416
1959 12 24     0.44018052
1959 12 25     1.07809451
1959 12 26     0.18039779
1959 12 27     0.00481467
1959 12 28     0.00468440
1959 12 29     0.00543958
1959 12 30     0.00639954
1959 12 31     0.01911170
1960  1  1     0.01106808
1960  1  2     0.00489045
1960  1  3     0.00502633
1960  1  4     0.00497200
1960  1  5     0.00719193
1960  1  6     0.00751706
1960  1  7     0.00878331
1960  1  8     0.01207167
1960  1  9     0.02324054
1960  1 10     1.46688264
1960  1 11     0.66609892
1960  1 12     0.55623142
1960  1 13     0.07468608
1960  1 14     0.22205631
1960  1 15     0.23794574
1960  1 16     0.03090029
1960  1 17     0.00489701
1960  1 18     0.00551653
1960  1 19     0.00675902
1960  1 20     0.01007261
1960  1 21     0.01722014
1960  1 22     0.45578402
1960  1 23     0.17233410
1960  1 24     0.07771892
1960  1 25     1.62285105
1960  1 26     1.77407747
1960  1 27     0.70056826
1960  1 28     0.18003699
1960  1 29     0.14560107
1960  1 30     0.14099102
1960  1 31     0.13966795
1960  2  1     0.74311993
1960  2  2     2.62473688
1960  2  3     0.73232804
1960  2  4     0.33421514
1960  2  5     0.73987823
1960  2  6     0.57821199
1960  2  7     0.51696454
1960  2  8     5.78480260
1960  2  9     9.68313421
1960  2 10     7.06403066
1960  2 11     2.32425870
1960  2 12     1.27459347
1960  2 13     1.02639874
1960  2 14     0.86278968
1960  2 15     0.74314211
1960  2 16     0.67733072
1960  2 17     0.64947519
1960  2 18     0.87850151
1960  2 19     0.94809554
1960  2 20     0.57919502
1960  2 21     0.57795600
1960  2 22     0.54578471
1960  2 23     0.48511990
1960  2 24     0.45759712
1960  2 25     0.45805978
1960  2 26     0.44032014
1960  2 27     0.42324849
1960  2 28     0.41359683
1960  2 29     0.44169811
1960  3  1     0.43508050
1960  3  2     0.38077481
1960  3  3     0.37981895
1960  3  4     0.42107381
1960  3  5     0.70642005
1960  3  6     1.14171010
1960  3  7     1.82727730
1960  3  8     2.59935060
1960  3  9     1.61480359
1960  3 10     0.99909747
1960  3 11     0.97209275
1960  3 12     2.52575759
1960  3 13     4.60931559
1960  3 14     2.55977673
1960  3 15     1.41616072
1960  3 16     1.24481139
1960  3 17     1.32331464
1960  3 18     1.62922946
1960  3 19     2.06378440
1960  3 20     2.48955678
1960  3 21     2.91491142
1960  3 22     3.29949511
1960  3 23     3.36421441
1960  3 24     3.16603821
1960  3 25     3.26527259
1960  3 26     3.30934063
1960  3 27     7.10179227
1960  3 28    10.64714437
1960  3 29     4.75182910
1960  3 30     2.94759953
1960  3 31     3.19989086
1960  4  1     2.25423461
1960  4  2     2.55928413
1960  4  3     3.41523862
1960  4  4     4.20226066
1960  4  5     4.46698676
1960  4  6     4.32458112
1960  4  7     4.01807099
1960  4  8     3.63031692
1960  4  9     3.51935800
1960  4 10     3.57123920
1960  4 11     3.23614186
1960  4 12     2.19597405
1960  4 13     1.61103357
1960  4 14     2.01851466
1960  4 15     1.97937274
1960  4 16     1.48579283
1960  4 17     1.63500972
1960  4 18     1.90230792
1960  4 19     2.12612622
1960  4 20     2.56725707
1960  4 21     2.94224461
1960  4 22     2.12615896
1960  4 23     1.25903643
1960  4 24     1.65366811
1960  4 25     0.94757874
1960  4 26     0.69788559
1960  4 27     4.28357990
1960  4 28     3.79618172
1960  4 29     1.37457038
1960  4 30     1.13513013
1960  5  1     2.04850239
1960  5  2     2.62845920
1960  5  3     2.04818667
1960  5  4     2.33100700
1960  5  5     1.80657912
1960  5  6     1.96917454
1960  5  7     3.31944553
1960  5  8     3.90512189
1960  5  9     4.05822354
1960  5 10     4.41429570
1960  5 11     4.75958355
1960  5 12     4.95916758
1960  5 13     4.20227181
1960  5 14     3.49309834
1960  5 15     3.38942227
1960  5 16     3.05468693
1960  5 17     2.77863651
1960  5 18     2.65680940
1960  5 19     2.30612966
1960  5 20     2.19863221
1960  5 21     2.18982481
1960  5 22     1.50719001
1960  5 23     0.98977589
1960  5 24     0.82654615
1960  5 25     0.86960736
1960  5 26     1.31710672
1960  5 27     1.90730661
1960  5 28     2.41311116
1960  5 29     2.62875671
1960  5 30     2.54679312
1960  5 31     2.38659733
1960  6  1     2.41502645
1960  6  2     2.51067768
1960  6  3     2.09148029
1960  6  4     1.64970798
1960  6  5     1.41986730
1960  6  6     1.14675170
1960  6  7     0.83087540
1960  6  8     0.61036673
1960  6  9     0.50703908
1960  6 10     0.43401125
1960  6 11     0.38538207
1960  6 12     0.34180634
1960  6 13     0.30063619
1960  6 14     0.27294425
1960  6 15     0.25029542
1960  6 16     0.23064127
1960  6 17     0.21388169
1960  6 18     0.20051375
1960  6 19     0.18857688
1960  6 20     0.17707971
1960  6 21     0.16649399
1960  6 22     0.15674096
1960  6 23     0.14754830
1960  6 24     0.13948303
1960  6 25     0.13323131
1960  6 26     0.12783800
1960  6 27     0.12204873
1960  6 28     0.11660044
1960  6 29     0.11234267
1960  6 30     0.10784067
1960  7  1     0.10337648
1960  7  2     0.11762070
1960  7  3     0.11339539
1960  7  4     0.09492870
1960  7  5     0.09991991
1960  7  6     0.10320524
1960  7  7     0.09411956
1960  7  8     0.08525138
1960  7  9     0.12937872
1960  7 10     0.13478759
1960  7 11     0.08978027
1960  7 12     0.07694799
1960  7 13     0.06936149
1960  7 14     0.06833117
1960  7 15     0.06614489
1960  7 16     0.06273486
1960  7 17     0.06076118
1960  7 18     0.05890732
1960  7 19     0.05702452
1960  7 20     0.05525304
1960  7 21     0.05359730
1960  7 22     0.05917387
1960  7 23     0.05976418
1960  7 24     0.05135376
1960  7 25     0.04834311
1960  7 26     0.05018418
1960  7 27     0.05433861
1960  7 28     0.15101948
1960  7 29     0.17597471
1960  7 30     0.10205367
1960  7 31     0.06913488
1960  8  1     0.04051861
1960  8  2     0.03837973
1960  8  3     0.03724520
1960  8  4     0.03609832
1960  8  5     0.03501944
1960  8  6     0.03396621
1960  8  7     0.03299025
1960  8  8     0.03191094
1960  8  9     0.03091156
1960  8 10     0.03005049
1960  8 11     0.03990248
1960  8 12     0.03900667
1960  8 13     0.02878574
1960  8 14     0.02770388
1960  8 15     0.02607664
1960  8 16     0.02551343
1960  8 17     0.02474970
1960  8 18     0.02383114
1960  8 19     0.02293450
1960  8 20     0.02225936
1960  8 21     0.02192626
1960  8 22     0.02165093
1960  8 23     0.02124204
1960  8 24     0.02071458
1960  8 25     0.02014118
1960  8 26     0.01941692
1960  8 27     0.01883299
1960  8 28     0.01833770
1960  8 29     0.01775579
1960  8 30     0.01715885
1960  8 31     0.01670922
1960  9  1     0.01625057
1960  9  2     0.01651582
1960  9  3     0.04248514
1960  9  4     0.03668578
1960  9  5     0.01445856
1960  9  6     0.01404187
1960  9  7     0.01367437
1960  9  8     0.01327501
1960  9  9     0.01280470
1960  9 10     0.26964089
1960  9 11     0.25753604
1960  9 12     0.04236627
1960  9 13     0.02013581
1960  9 14     0.01099287
1960  9 15     0.01078297
1960  9 16     0.01059350
1960  9 17     0.01041562
1960  9 18     0.01008710
1960  9 19     0.00967354
1960  9 20     0.00934200
1960  9 21     0.00941643
1960  9 22     0.00923931
1960  9 23     0.00894045
1960  9 24     0.00856158
1960  9 25     0.00818490
1960  9 26     0.00786507
1960  9 27     0.02305704
1960  9 28     0.05124407
1960  9 29     0.03093393
1960  9 30     0.00742187
1960 10  1     0.00733599
1960 10  2     0.00747839
1960 10  3     0.00750281
1960 10  4     0.00678118
1960 10  5     0.00641351
1960 10  6     0.44476403
1960 10  7     0.38862903
1960 10  8     0.04302546
1960 10  9     0.02972776
1960 10 10     0.03061751
1960 10 11     0.01190776
1960 10 12     0.01504787
1960 10 13     0.01258661
1960 10 14     0.00895245
1960 10 15     0.00916826
1960 10 16     0.00968518
1960 10 17     0.00866268
1960 10 18     0.00649127
1960 10 19     0.00483572
1960 10 20     0.00441373
1960 10 21     0.00422747
1960 10 22     0.00408874
1960 10 23     0.00398187
1960 10 24     0.00391869
1960 10 25     0.00386835
1960 10 26     0.00375014
1960 10 27     0.00384949
1960 10 28     0.00382720
1960 10 29     0.00364202
1960 10 30     0.00348000
1960 10 31     0.00329506
1960 11  1     0.00315520
1960 11  2     0.01037211
1960 11  3     0.28059940
1960 11  4     0.65741161
1960 11  5     0.19958357
1960 11  6     0.53103275
1960 11  7     0.28196832
1960 11  8     0.03418598
1960 11  9     0.00753137
1960 11 10     0.01093552
1960 11 11     0.38028429
1960 11 12     1.59928688
1960 11 13     1.43277923
1960 11 14     0.58436796
1960 11 15     0.18603809
1960 11 16     0.08242836
1960 11 17     0.06018082
1960 11 18     0.09069703
1960 11 19     0.06969196
1960 11 20     0.04181582
1960 11 21     0.04289844
1960 11 22     0.03736307
1960 11 23     0.03318446
1960 11 24     0.04644129
1960 11 25     0.13571586
1960 11 26     2.84350640
1960 11 27     1.68428840
1960 11 28     0.33565961
1960 11 29     0.24504782
1960 11 30     0.18428620
1960 12  1     2.80304485
1960 12  2     4.79956559
1960 12  3     1.60328763
1960 12  4     0.57620521
1960 12  5     0.40322623
1960 12  6     0.29138290
1960 12  7     0.21917505
1960 12  8     0.17086370
1960 12  9     0.13748951
1960 12 10     0.11328861
1960 12 11     0.09520651
1960 12 12     0.08108137
1960 12 13     0.06979897
1960 12 14     0.06072343
1960 12 15     0.05305028
1960 12 16     0.04624094
1960 12 17     0.04108099
1960 12 18     0.03746961
1960 12 19     0.03403368
1960 12 20     0.03287732
1960 12 21     0.03327874
1960 12 22     0.03274957
1960 12 23     0.03139336
1960 12 24     0.02840052
1960 12 25     0.02707898
1960 12 26     0.02617926
1960 12 27     0.02550509
1960 12 28     0.02052633
1960 12 29     0.01655002
1960 12 30     0.01543791
1960 12 31     0.01433409
1961  1  1     0.01439534
1961  1  2     0.01291749
1961  1  3     0.01219291
1961  1  4     0.01198265
1961  1  5     0.01275959
1961  1  6     0.01579839
1961  1  7     0.02255591
1961  1  8     0.02816704
1961  1  9     0.02898395
1961  1 10     0.03235938
1961  1 11     0.03681793
1961  1 12     0.04759376
1961  1 13     0.04658887
1961  1 14     0.04879188
1961  1 15     0.05667922
1961  1 16     0.07346605
1961  1 17     0.12054588
1961  1 18     0.15473666
1961  1 19     0.14315107
1961  1 20     0.12379537
1961  1 21     0.11702915
1961  1 22     0.11702636
1961  1 23     0.11620746
1961  1 24     0.11257119
1961  1 25     0.23814793
1961  1 26     3.53923462
1961  1 27     3.19802626
1961  1 28     0.93617127
1961  1 29     0.62893113
1961  1 30     0.97185357
1961  1 31     0.98394906
1961  2  1     0.67250001
1961  2  2     0.56188174
1961  2  3     0.67701547
1961  2  4     0.31799402
1961  2  5     0.19819881
1961  2  6     0.19618830
1961  2  7     0.19543673
1961  2  8     0.15210049
1961  2  9     0.48422865
1961  2 10     0.68202103
1961  2 11     2.56714434
1961  2 12     3.06731385
1961  2 13     0.88775700
1961  2 14     0.55783761
1961  2 15     0.44221275
1961  2 16     0.72089588
1961  2 17     0.40368203
1961  2 18     0.23490818
1961  2 19     0.20348785
1961  2 20     0.20119935
1961  2 21     0.30661662
1961  2 22     0.42051988
1961  2 23     0.34885781
1961  2 24     0.27309657
1961  2 25     0.32031287
1961  2 26     0.24112426
1961  2 27     0.17116302
1961  2 28     0.15571709
1961  3  1     0.22034264
1961  3  2     0.55129591
1961  3  3     0.54551353
1961  3  4     0.30168264
1961  3  5     0.25108434
1961  3  6     0.95922717
1961  3  7     0.55722785
1961  3  8     0.22724341
1961  3  9     0.94080639
1961  3 10     0.70048262
1961  3 11     0.38514292
1961  3 12     0.37319635
1961  3 13     0.41864706
1961  3 14     0.64632083
1961  3 15     3.71915394
1961  3 16     2.58326646
1961  3 17     1.54673966
1961  3 18     0.86314291
1961  3 19     0.56192234
1961  3 20     1.01513519
1961  3 21     0.75919276
1961  3 22     1.07591663
1961  3 23     3.38903212
1961  3 24     2.74592235
1961  3 25     1.82302109
1961  3 26     1.00714250
1961  3 27     0.96442277
1961  3 28     0.70815903
1961  3 29     0.62303176
1961  3 30     0.96582127
1961  3 31     1.25187867
1961  4  1     1.23803266
1961  4  2     1.70422318
1961  4  3     2.74898024
1961  4  4     3.42732545
1961  4  5     3.21301122
1961  4  6     2.49933684
1961  4  7     1.74713304
1961  4  8     1.19191232
1961  4  9     1.18246451
1961  4 10     1.07501164
1961  4 11     1.04770908
1961  4 12     1.89844903
1961  4 13     1.74325430
1961  4 14     0.83901983
1961  4 15     1.09240307
1961  4 16     1.70309616
1961  4 17     2.25752714
1961  4 18     2.45722012
1961  4 19     1.66745475
1961  4 20     0.82431650
1961  4 21     0.65423153
1961  4 22     1.31451342
1961  4 23     1.08146576
1961  4 24     0.58494845
1961  4 25     0.39318634
1961  4 26     0.48368247
1961  4 27     0.73206152
1961  4 28     1.44357558
1961  4 29     2.26850864
1961  4 30     2.25265825
1961  5  1     2.04359749
1961  5  2     1.57013515
1961  5  3     1.30435942
1961  5  4     1.12779775
1961  5  5     0.69653892
1961  5  6     0.96911351
1961  5  7     2.00831812
1961  5  8     1.48088647
1961  5  9     2.27425311
1961  5 10     3.01460833
1961  5 11     1.97607084
1961  5 12     0.94443909
1961  5 13     0.77474766
1961  5 14     1.15035089
1961  5 15     1.72422904
1961  5 16     1.98474945
1961  5 17     2.21092075
1961  5 18     2.45798871
1961  5 19     2.62467270
1961  5 20     2.47297636
1961  5 21     1.89492444
1961  5 22     1.70462133
1961  5 23     1.69207763
1961  5 24     1.53775818
1961  5 25     1.51084076
1961  5 26     1.49589347
1961  5 27     1.23659312
1961  5 28     1.01317142
1961  5 29     1.70420999
1961  5 30     1.64378630
1961  5 31     2.29533391
1961  6  1     3.14052243
1961  6  2     2.34734437
1961  6  3     2.09038242
1961  6  4     1.67320489
1961  6  5     1.37655404
1961  6  6     1.24411941
1961  6  7     1.12122188
1961  6  8     1.04678529
1961  6  9     0.96030414
1961  6 10     0.75457619
1961  6 11     0.55769390
1961  6 12     0.46522247
1961  6 13     0.40511500
1961  6 14     0.33561202
1961  6 15     0.27904261
1961  6 16     0.24047690
1961  6 17     0.21119839
1961  6 18     0.18687898
1961  6 19     0.16918635
1961  6 20     0.15403976
1961  6 21     0.14128300
1961  6 22     0.13032092
1961  6 23     0.12100080
1961  6 24     0.11306372
1961  6 25     0.10603689
1961  6 26     0.09988933
1961  6 27     0.09450209
1961  6 28     0.08977783
1961  6 29     0.08551533
1961  6 30     0.08153355
1961  7  1     0.07762424
1961  7  2     0.07400110
1961  7  3     0.24245339
1961  7  4     0.38210422
1961  7  5     0.20273758
1961  7  6     0.06420098
1961  7  7     0.06190684
1961  7  8     0.05939588
1961  7  9     0.05707897
1961  7 10     0.05489616
1961  7 11     0.05292593
1961  7 12     0.05432269
1961  7 13     0.05279886
1961  7 14     0.04801123
1961  7 15     0.04652268
1961  7 16     0.04506254
1961  7 17     0.04366483
1961  7 18     0.04233391
1961  7 19     0.04105150
1961  7 20     0.03981824
1961  7 21     0.03867498
1961  7 22     0.03752831
1961  7 23     0.03639328
1961  7 24     0.05612505
1961  7 25     0.06034868
1961  7 26     0.05450517
1961  7 27     0.04864729
1961  7 28     0.03142091
1961  7 29     0.03052444
1961  7 30     0.02967571
1961  7 31     0.02885393
1961  8  1     0.02803525
1961  8  2     0.02790940
1961  8  3     0.03111739
1961  8  4     0.03965045
1961  8  5     0.13448725
1961  8  6     0.12579159
1961  8  7     0.07931185
1961  8  8     0.07306553
1961  8  9     0.02314135
1961  8 10     0.02474016
1961  8 11     0.20232226
1961  8 12     1.54935745
1961  8 13     1.03703848
1961  8 14     0.16568312
1961  8 15     0.13642051
1961  8 16     0.09760135
1961  8 17     0.07264357
1961  8 18     0.05708607
1961  8 19     0.05721873
1961  8 20     0.05198344
1961  8 21     0.06270188
1961  8 22     0.12991075
1961  8 23     0.15238684
1961  8 24     0.07934250
1961  8 25     0.03472980
1961  8 26     0.03018039
1961  8 27     0.02498823
1961  8 28     0.02288695
1961  8 29     0.02038697
1961  8 30     0.02504853
1961  8 31     0.03339097
1961  9  1     0.02355723
1961  9  2     0.01450025
1961  9  3     0.01368849
1961  9  4     0.01295015
1961  9  5     0.01226878
1961  9  6     0.01163765
1961  9  7     0.01110849
1961  9  8     0.01110502
1961  9  9     0.01065821
1961  9 10     0.00985925
1961  9 11     0.00939502
1961  9 12     0.00898034
1961  9 13     0.00864445
1961  9 14     0.00838245
1961  9 15     0.00813856
1961  9 16     0.24306314
1961  9 17     1.08594770
1961  9 18     0.51867578
1961  9 19     0.07859620
1961  9 20     0.06856404
1961  9 21     0.05685046
1961  9 22     0.04561568
1961  9 23     0.02743501
1961  9 24     0.02259344
1961  9 25     0.01854544
1961  9 26     0.01569264
1961  9 27     0.01359978
1961  9 28     0.09477780
1961  9 29     0.11994532
1961  9 30     0.02913490
1961 10  1     0.01550365
1961 10  2     0.01254510
1961 10  3     0.01057116
1961 10  4     0.00920109
1961 10  5     0.00819748
1961 10  6     0.00743703
1961 10  7     0.00685818
1961 10  8     0.00645377
1961 10  9     0.00611407
1961 10 10     0.00574025
1961 10 11     0.00538047
1961 10 12     0.00505311
1961 10 13     0.00476189
1961 10 14     0.00446273
1961 10 15     0.00420590
1961 10 16     0.00399866
1961 10 17     0.00383388
1961 10 18     0.00369594
1961 10 19     0.00356265
1961 10 20     0.03097215
1961 10 21     0.38047449
1961 10 22     0.35677445
1961 10 23     0.04965314
1961 10 24     0.04502620
1961 10 25     0.03326655
1961 10 26     0.02011394
1961 10 27     0.06649661
1961 10 28     0.34711886
1961 10 29     0.16498558
1961 10 30     0.03423360
1961 10 31     0.03078846
1961 11  1     0.03241716
1961 11  2     0.03706927
1961 11  3     0.05892853
1961 11  4     0.09010372
1961 11  5     0.10127995
1961 11  6     0.11643846
1961 11  7     0.12497490
1961 11  8     0.10549359
1961 11  9     0.07375258
1961 11 10     0.05033309
1961 11 11     0.03664500
1961 11 12     0.02752457
1961 11 13     0.02067623
1961 11 14     0.01613049
1961 11 15     0.01301738
1961 11 16     0.01085012
1961 11 17     0.00926320
1961 11 18     0.00801446
1961 11 19     0.00893456
1961 11 20     0.90515597
1961 11 21     0.51163943
1961 11 22     0.05671524
1961 11 23     0.02670053
1961 11 24     0.02637225
1961 11 25     0.29471435
1961 11 26     1.46591997
1961 11 27     0.62141064
1961 11 28     0.12626361
1961 11 29     0.18211716
1961 11 30     0.79719006
1961 12  1     1.05499221
1961 12  2     2.06271700
1961 12  3     1.03211523
1961 12  4     0.16219854
1961 12  5     0.09463012
1961 12  6     0.07214251
1961 12  7     0.05905636
1961 12  8     0.04724699
1961 12  9     0.03630776
1961 12 10     0.02989606
1961 12 11     0.02612413
1961 12 12     0.02285061
1961 12 13     0.02024191
1961 12 14     0.01807503
1961 12 15     0.01630839
1961 12 16     0.01485847
1961 12 17     0.01853324
1961 12 18     0.04316795
1961 12 19     0.07562908
1961 12 20     0.03541634
1961 12 21     0.01726700
1961 12 22     0.01547452
1961 12 23     0.01299655
1961 12 24     0.01364208
1961 12 25     0.01332184
1961 12 26     0.01435725
1961 12 27     0.01345315
1961 12 28     0.01315710
1961 12 29     0.01309404
1961 12 30     0.01263953
1961 12 31     0.01254015
1962  1  1     0.01710987
1962  1  2     0.02034361
1962  1  3     0.02330632
1962  1  4     0.02217465
1962  1  5     0.02446624
1962  1  6     0.04003292
1962  1  7     0.06797521
1962  1  8     0.09216797
1962  1  9     0.10337570
1962  1 10     0.10785856
1962  1 11     0.08275476
1962  1 12     0.06774512
1962  1 13     0.15405333
1962  1 14     0.04682988
1962  1 15     0.02570091
1962  1 16     0.02097123
1962  1 17     0.02003508
1962  1 18     0.16707666
1962  1 19     1.06832973
1962  1 20     2.11218858
1962  1 21     0.57204802
1962  1 22     0.17472025
1962  1 23     0.12268197
1962  1 24     0.09632704
1962  1 25     0.11552223
1962  1 26     0.12802927
1962  1 27     0.09676522
1962  1 28     0.09887283
1962  1 29     0.12728607
1962  1 30     0.14820588
1962  1 31     0.19178670
1962  2  1     0.18512692
1962  2  2     0.19782824
1962  2  3     0.19321065
1962  2  4     0.20729908
1962  2  5     0.26057610
1962  2  6     0.34571448
1962  2  7     1.98539621
1962  2  8     2.88147868
1962  2  9     9.69299579
1962  2 10    13.55002998
1962  2 11     8.82643113
1962  2 12     5.02290407
1962  2 13     4.05918791
1962  2 14     5.40642451
1962  2 15    10.47866746
1962  2 16     9.89183069
1962  2 17     5.70284471
1962  2 18     2.67939838
1962  2 19     3.32687563
1962  2 20     2.86881885
1962  2 21     2.04800993
1962  2 22     1.55448221
1962  2 23     1.38972673
1962  2 24     1.96906354
1962  2 25     1.49112707
1962  2 26     2.12240944
1962  2 27     1.25952733
1962  2 28     1.06846971
1962  3  1     1.05721713
1962  3  2     4.26420941
1962  3  3     2.64049583
1962  3  4     1.31832012
1962  3  5     1.23926012
1962  3  6     9.18013266
1962  3  7     5.13248836
1962  3  8     1.96938852
1962  3  9     1.78536955
1962  3 10     1.45122091
1962  3 11     1.96370262
1962  3 12     1.87539860
1962  3 13     1.24080557
1962  3 14     1.14435874
1962  3 15     1.10610534
1962  3 16     1.11702384
1962  3 17     1.15264661
1962  3 18     1.03725393
1962  3 19     1.03754920
1962  3 20     1.15857186
1962  3 21     1.15531137
1962  3 22     1.62478147
1962  3 23     2.84536415
1962  3 24     1.44236488
1962  3 25     1.45874889
1962  3 26     1.67227544
1962  3 27     1.74901589
1962  3 28     1.95350548
1962  3 29     1.99192241
1962  3 30     1.74996057
1962  3 31     1.67654850
1962  4  1     1.75577622
1962  4  2     1.68492517
1962  4  3     1.70119473
1962  4  4     1.85050605
1962  4  5     2.13873770
1962  4  6     2.69315448
1962  4  7     3.20452715
1962  4  8     3.39830864
1962  4  9     3.49211500
1962  4 10     3.24229229
1962  4 11     3.14494231
1962  4 12     3.84718082
1962  4 13     4.90867743
1962  4 14     5.76982932
1962  4 15     5.91765244
1962  4 16     5.16496426
1962  4 17     4.85506470
1962  4 18     5.67878235
1962  4 19     5.96882157
1962  4 20     4.36671029
1962  4 21     2.62718669
1962  4 22     3.28188497
1962  4 23     4.44301797
1962  4 24     4.97203277
1962  4 25     4.15084681
1962  4 26     2.91928871
1962  4 27     2.94532248
1962  4 28     3.69820580
1962  4 29     2.40969169
1962  4 30     1.65549504
1962  5  1     2.27123009
1962  5  2     3.54295573
1962  5  3     4.64474113
1962  5  4     5.49846045
1962  5  5     5.95557718
1962  5  6     6.05800363
1962  5  7     6.13158616
1962  5  8     6.13188134
1962  5  9     5.59535745
1962  5 10     4.70930571
1962  5 11     3.26149560
1962  5 12     2.43424089
1962  5 13     1.91671386
1962  5 14     1.47014426
1962  5 15     1.26514695
1962  5 16     1.85795585
1962  5 17     1.56881643
1962  5 18     1.55534149
1962  5 19     1.97168922
1962  5 20     1.51340854
1962  5 21     0.98235665
1962  5 22     1.54519945
1962  5 23     2.63096155
1962  5 24     2.07638740
1962  5 25     1.19399126
1962  5 26     1.03736168
1962  5 27     0.99585676
1962  5 28     1.01469406
1962  5 29     1.80904485
1962  5 30     3.26401113
1962  5 31     4.17966164
1962  6  1     5.06623004
1962  6  2     5.91297170
1962  6  3     5.69388594
1962  6  4     4.36341835
1962  6  5     3.85910263
1962  6  6     4.37788296
1962  6  7     4.94041825
1962  6  8     5.65110191
1962  6  9     6.31015057
1962  6 10     6.52210133
1962  6 11     6.26437026
1962  6 12     5.97078679
1962  6 13     5.62099547
1962  6 14     4.96591724
1962  6 15     3.92030521
1962  6 16     3.29210954
1962  6 17     3.55514588
1962  6 18     4.25331086
1962  6 19     4.74213791
1962  6 20     4.74413056
1962  6 21     4.32013845
1962  6 22     3.73996004
1962  6 23     3.36632594
1962  6 24     2.89200558
1962  6 25     2.32572697
1962  6 26     1.90531602
1962  6 27     1.66950206
1962  6 28     1.48457191
1962  6 29     1.26882186
1962  6 30     1.02069380
1962  7  1     0.79122906
1962  7  2     0.62572371
1962  7  3     0.52641562
1962  7  4     0.45869264
1962  7  5     0.40119020
1962  7  6     0.35394224
1962  7  7     0.31906895
1962  7  8     0.28977034
1962  7  9     0.26527349
1962  7 10     0.24452046
1962  7 11     0.25821727
1962  7 12     0.44028464
1962  7 13     0.36659072
1962  7 14     0.22252738
1962  7 15     0.21417892
1962  7 16     0.19084700
1962  7 17     0.16335192
1962  7 18     0.15523078
1962  7 19     0.14444611
1962  7 20     0.16103215
1962  7 21     0.17468292
1962  7 22     0.15077102
1962  7 23     0.12822275
1962  7 24     0.11630135
1962  7 25     0.10948866
1962  7 26     0.10535934
1962  7 27     0.09990687
1962  7 28     0.09632634
1962  7 29     0.09316069
1962  7 30     0.09665443
1962  7 31     0.09323088
1962  8  1     0.08451584
1962  8  2     0.08158667
1962  8  3     0.07954487
1962  8  4     0.07758093
1962  8  5     0.07556935
1962  8  6     0.07336991
1962  8  7     0.07116095
1962  8  8     0.06884696
1962  8  9     0.26219201
1962  8 10     0.20447730
1962  8 11     0.06331864
1962  8 12     0.06069027
1962  8 13     0.05838984
1962  8 14     0.05594219
1962  8 15     0.05378092
1962  8 16     0.05516871
1962  8 17     0.05410077
1962  8 18     0.04995523
1962  8 19     0.04894673
1962  8 20     0.05141782
1962  8 21     0.04949922
1962  8 22     0.04484126
1962  8 23     0.04364299
1962  8 24     0.04219993
1962  8 25     0.04056951
1962  8 26     0.03936202
1962  8 27     0.03808235
1962  8 28     0.03729879
1962  8 29     0.03707006
1962  8 30     0.03639856
1962  8 31     0.03531263
1962  9  1     0.03379620
1962  9  2     0.03224543
1962  9  3     0.03129120
1962  9  4     0.03063644
1962  9  5     0.02988536
1962  9  6     0.02891177
1962  9  7     0.02807082
1962  9  8     0.02763608
1962  9  9     0.02707970
1962  9 10     0.02621917
1962  9 11     0.02540906
1962  9 12     0.02485428
1962  9 13     0.02422307
1962  9 14     0.02359802
1962  9 15     0.02294781
1962  9 16     0.02207769
1962  9 17     0.02109981
1962  9 18     0.02048812
1962  9 19     0.02027499
1962  9 20     0.01994329
1962  9 21     0.01972044
1962  9 22     0.01904652
1962  9 23     0.01804638
1962  9 24     0.01728489
1962  9 25     0.21349301
1962  9 26     1.10186378
1962  9 27     0.84690680
1962  9 28     0.09721572
1962  9 29     0.09125621
1962  9 30     0.06649949
1962 10  1     0.05061398
1962 10  2     0.04041980
1962 10  3     0.03430886
1962 10  4     0.03302785
1962 10  5     0.04912232
1962 10  6     0.04939133
1962 10  7     0.02805021
1962 10  8     0.02206377
1962 10  9     0.02063167
1962 10 10     0.01893319
1962 10 11     0.02188429
1962 10 12     0.05410660
1962 10 13     0.49180268
1962 10 14     5.04194790
1962 10 15     3.33908521
1962 10 16     0.64099697
1962 10 17     0.47576133
1962 10 18     0.32777416
1962 10 19     0.23581178
1962 10 20     0.17693345
1962 10 21     0.13765504
1962 10 22     0.11039313
1962 10 23     0.09081200
1962 10 24     0.07639249
1962 10 25     0.06529678
1962 10 26     0.05635400
1962 10 27     0.04905176
1962 10 28     0.04304060
1962 10 29     0.03792572
1962 10 30     0.03364831
1962 10 31     0.03007096
1962 11  1     0.02702507
1962 11  2     0.02436405
1962 11  3     0.02211530
1962 11  4     0.02014986
1962 11  5     0.01838417
1962 11  6     0.01708041
1962 11  7     0.01598721
1962 11  8     0.01474583
1962 11  9     0.02001718
1962 11 10     0.01997856
1962 11 11     0.01231115
1962 11 12     0.01153612
1962 11 13     0.01108348
1962 11 14     0.01804502
1962 11 15     0.11991218
1962 11 16     0.07649242
1962 11 17     0.01240336
1962 11 18     0.01316659
1962 11 19     0.01370063
1962 11 20     0.01345573
1962 11 21     0.01601023
1962 11 22     0.01858266
1962 11 23     0.02208160
1962 11 24     0.01898873
1962 11 25     0.01227732
1962 11 26     0.06487288
1962 11 27     1.10311158
1962 11 28     0.64813691
1962 11 29     0.12297028
1962 11 30     0.11831041
1962 12  1     0.08213724
1962 12  2     0.15782948
1962 12  3     0.44973744
1962 12  4     0.29694257
1962 12  5     0.11326377
1962 12  6     0.10619087
1962 12  7     0.07470588
1962 12  8     0.05495547
1962 12  9     0.04206740
1962 12 10     0.03321525
1962 12 11     0.02714830
1962 12 12     0.02283974
1962 12 13     0.01951123
1962 12 14     0.01678664
1962 12 15     0.14825943
1962 12 16     4.85522666
1962 12 17     3.16155204
1962 12 18     1.69199799
1962 12 19     1.13199515
1962 12 20     0.51623670
1962 12 21     0.39008681
1962 12 22     0.27862321
1962 12 23     0.20651431
1962 12 24     0.15892823
1962 12 25     0.12650830
1962 12 26     0.10314284
1962 12 27     0.08530213
1962 12 28     0.07138853
1962 12 29     0.06046196
1962 12 30     0.05173196
1962 12 31     0.04457146
1963  1  1     0.03851678
1963  1  2     0.03342966
1963  1  3     0.02920928
1963  1  4     0.02550400
1963  1  5     0.02234059
1963  1  6     0.01974456
1963  1  7     0.01745287
1963  1  8     0.01544343
1963  1  9     0.01375522
1963  1 10     0.01226178
1963  1 11     0.01132661
1963  1 12     0.01081365
1963  1 13     0.00989479
1963  1 14     0.00876554
1963  1 15     0.00789270
1963  1 16     0.00715474
1963  1 17     0.00653276
1963  1 18     0.00602311
1963  1 19     0.00572219
1963  1 20     0.00543291
1963  1 21     0.00489674
1963  1 22     0.00449069
1963  1 23     0.00419127
1963  1 24     0.00394855
1963  1 25     0.00372338
1963  1 26     0.00356472
1963  1 27     0.00343523
1963  1 28     0.01677266
1963  1 29     2.14014921
1963  1 30    16.02813068
1963  1 31    39.75175748
1963  2  1    62.24809027
1963  2  2    35.85037242
1963  2  3    13.03609010
1963  2  4     8.53024741
1963  2  5     6.31593730
1963  2  6     4.82302353
1963  2  7     3.84774205
1963  2  8     3.15975756
1963  2  9     2.87573956
1963  2 10     3.77444364
1963  2 11     3.32102959
1963  2 12     2.36409581
1963  2 13     8.41164696
1963  2 14     7.06960914
1963  2 15     3.12699194
1963  2 16     2.28656567
1963  2 17     1.93510610
1963  2 18     1.67067336
1963  2 19     1.52274885
1963  2 20     1.53993144
1963  2 21     1.39250037
1963  2 22     1.17373626
1963  2 23     1.10624626
1963  2 24     1.10523141
1963  2 25     1.13639687
1963  2 26     1.14212075
1963  2 27     1.00191720
1963  2 28     0.86346111
1963  3  1     0.80726474
1963  3  2     0.72042722
1963  3  3     0.67974545
1963  3  4     0.63919575
1963  3  5     0.60238997
1963  3  6     0.57094168
1963  3  7     0.56128091
1963  3  8     0.53323553
1963  3  9     0.67471248
1963  3 10     0.54554858
1963  3 11     0.46521411
1963  3 12     0.44828113
1963  3 13     0.43090088
1963  3 14     0.45205944
1963  3 15     0.78478511
1963  3 16     0.75612824
1963  3 17     1.60871640
1963  3 18     1.27918985
1963  3 19     0.61757752
1963  3 20     0.59665494
1963  3 21     0.76623748
1963  3 22     1.01124026
1963  3 23     3.69659813
1963  3 24     2.04985621
1963  3 25     1.04938948
1963  3 26     1.17723348
1963  3 27     4.47006704
1963  3 28    15.57811507
1963  3 29     5.87172190
1963  3 30     2.34933933
1963  3 31     1.94308431
1963  4  1     1.93697838
1963  4  2     1.43070810
1963  4  3     1.18454475
1963  4  4     1.27012892
1963  4  5     1.88722224
1963  4  6     5.45229024
1963  4  7     7.76847583
1963  4  8     5.49096591
1963  4  9     3.07237407
1963  4 10     2.15243404
1963  4 11     1.84704723
1963  4 12     1.65303195
1963  4 13     1.69004982
1963  4 14     9.21080031
1963  4 15    10.49924149
1963  4 16     4.15629197
1963  4 17     2.39673613
1963  4 18     2.08563266
1963  4 19     5.31400401
1963  4 20     4.62578309
1963  4 21     4.73713416
1963  4 22     2.38226200
1963  4 23     1.70562499
1963  4 24     1.78417132
1963  4 25     1.74045439
1963  4 26     1.79746043
1963  4 27     1.35925167
1963  4 28     1.36649624
1963  4 29     1.87870037
1963  4 30     3.03470581
1963  5  1     4.05228850
1963  5  2     4.43388415
1963  5  3     4.66050236
1963  5  4     4.89985342
1963  5  5     4.89441260
1963  5  6     5.50383326
1963  5  7     6.44020126
1963  5  8     7.74838863
1963  5  9     9.48521523
1963  5 10     6.37662295
1963  5 11     6.18867795
1963  5 12     3.93803059
1963  5 13     2.85051460
1963  5 14     3.29024217
1963  5 15     3.99553954
1963  5 16     4.83126738
1963  5 17     6.30402917
1963  5 18     7.45075058
1963  5 19     7.47860372
1963  5 20     7.18627240
1963  5 21     6.82700581
1963  5 22     6.32967038
1963  5 23     5.72592834
1963  5 24     4.84794741
1963  5 25     4.35407797
1963  5 26     4.44043024
1963  5 27     4.32768817
1963  5 28     4.05799560
1963  5 29     3.34732227
1963  5 30     2.81277352
1963  5 31     3.44343328
1963  6  1     3.44375753
1963  6  2     2.65354026
1963  6  3     2.21352507
1963  6  4     1.71884595
1963  6  5     1.93970503
1963  6  6     2.37081253
1963  6  7     2.14158611
1963  6  8     1.64928770
1963  6  9     1.53166255
1963  6 10     2.06943671
1963  6 11     4.77611008
1963  6 12     3.75469707
1963  6 13     1.82794403
1963  6 14     1.81759594
1963  6 15     1.86964340
1963  6 16     1.55942490
1963  6 17     1.27457713
1963  6 18     1.15495713
1963  6 19     1.05974312
1963  6 20     0.98247433
1963  6 21     0.84055059
1963  6 22     0.71062977
1963  6 23     0.66532824
1963  6 24     0.60519400
1963  6 25     0.54384151
1963  6 26     0.53699684
1963  6 27     0.49543106
1963  6 28     0.44360541
1963  6 29     0.41631557
1963  6 30     0.39468893
1963  7  1     0.37765109
1963  7  2     0.35986595
1963  7  3     0.34179609
1963  7  4     0.32301690
1963  7  5     0.30921805
1963  7  6     0.29609398
1963  7  7     0.28142149
1963  7  8     0.26723858
1963  7  9     0.25596209
1963  7 10     0.24549323
1963  7 11     0.23583629
1963  7 12     0.22864783
1963  7 13     0.22038616
1963  7 14     0.21167523
1963  7 15     0.20498921
1963  7 16     0.19950618
1963  7 17     0.19453917
1963  7 18     0.18907176
1963  7 19     0.18256478
1963  7 20     0.17630594
1963  7 21     0.17067609
1963  7 22     0.16543743
1963  7 23     0.16075818
1963  7 24     0.15594661
1963  7 25     0.15218011
1963  7 26     0.14800538
1963  7 27     0.14262682
1963  7 28     0.13750403
1963  7 29     0.13387355
1963  7 30     0.13007211
1963  7 31     0.12617492
1963  8  1     0.12222698
1963  8  2     0.11878495
1963  8  3     0.11646974
1963  8  4     0.11391240
1963  8  5     0.10983893
1963  8  6     0.10593867
1963  8  7     0.10761524
1963  8  8     0.17254956
1963  8  9     0.16216322
1963  8 10     0.09510354
1963  8 11     0.09252492
1963  8 12     0.09019120
1963  8 13     0.08771610
1963  8 14     0.08521188
1963  8 15     0.08247712
1963  8 16     0.07994405
1963  8 17     0.07797488
1963  8 18     0.07620333
1963  8 19     0.07450362
1963  8 20     0.07269530
1963  8 21     0.07092830
1963  8 22     0.06956363
1963  8 23     0.06851157
1963  8 24     0.06734304
1963  8 25     0.06549733
1963  8 26     0.06329140
1963  8 27     0.06124707
1963  8 28     0.05935149
1963  8 29     0.05765196
1963  8 30     0.07886207
1963  8 31     0.13021389
1963  9  1     0.10391411
1963  9  2     0.05637041
1963  9  3     0.04969361
1963  9  4     0.04791945
1963  9  5     0.12958142
1963  9  6     0.20841547
1963  9  7     0.12049913
1963  9  8     0.05205168
1963  9  9     0.04539184
1963  9 10     0.04132226
1963  9 11     0.10010263
1963  9 12     0.10404306
1963  9 13     0.40025726
1963  9 14     0.29362596
1963  9 15     0.10505510
1963  9 16     0.12787029
1963  9 17     0.10016829
1963  9 18     0.11367523
1963  9 19     0.16303633
1963  9 20     0.20742167
1963  9 21     0.12086104
1963  9 22     0.05914147
1963  9 23     0.05486149
1963  9 24     0.04668420
1963  9 25     0.04066526
1963  9 26     0.03644600
1963  9 27     0.03347537
1963  9 28     0.03131906
1963  9 29     0.02974086
1963  9 30     0.02842172
1963 10  1     0.02737386
1963 10  2     0.02645073
1963 10  3     0.02535347
1963 10  4     0.02472078
1963 10  5     0.02466055
1963 10  6     0.02459077
1963 10  7     0.02386236
1963 10  8     0.02299575
1963 10  9     0.02248318
1963 10 10     0.02185000
1963 10 11     2.49611414
1963 10 12     1.96612824
1963 10 13     0.73871032
1963 10 14     0.38401589
1963 10 15     0.22099070
1963 10 16     0.15875045
1963 10 17     0.11834399
1963 10 18     0.09257855
1963 10 19     0.07498175
1963 10 20     0.06263028
1963 10 21     0.05377588
1963 10 22     0.04692872
1963 10 23     0.25371362
1963 10 24     0.23640233
1963 10 25     0.09121313
1963 10 26     0.06036161
1963 10 27     0.05193367
1963 10 28     0.04233135
1963 10 29     0.05645384
1963 10 30     0.54564378
1963 10 31     0.48498687
1963 11  1     0.11662107
1963 11  2     0.26529700
1963 11  3     0.48836487
1963 11  4     0.73493382
1963 11  5     1.56243039
1963 11  6     3.76942392
1963 11  7     1.91625632
1963 11  8     0.56875042
1963 11  9     0.44644653
1963 11 10     0.38463719
1963 11 11     0.37401542
1963 11 12     0.40050637
1963 11 13     0.43090819
1963 11 14     1.03430847
1963 11 15     7.29504416
1963 11 16     5.40145541
1963 11 17     1.37497570
1963 11 18     0.98730889
1963 11 19     0.89592157
1963 11 20     2.98051946
1963 11 21     1.46656095
1963 11 22     0.57692102
1963 11 23     1.18604241
1963 11 24     2.03347635
1963 11 25     1.07932853
1963 11 26     0.51525865
1963 11 27     0.44002856
1963 11 28     0.37682081
1963 11 29     0.33053437
1963 11 30     0.29889396
1963 12  1     0.27636885
1963 12  2     0.25193063
1963 12  3     0.23214362
1963 12  4     0.21506232
1963 12  5     0.20483114
1963 12  6     0.20073222
1963 12  7     0.19658196
1963 12  8     0.21040357
1963 12  9     1.44178975
1963 12 10     1.00266378
1963 12 11     0.35756016
1963 12 12     0.30647350
1963 12 13     0.24533337
1963 12 14     0.20536885
1963 12 15     0.17860437
1963 12 16     0.15991298
1963 12 17     0.14670676
1963 12 18     0.13799649
1963 12 19     0.12990289
1963 12 20     0.22334156
1963 12 21     0.16868015
1963 12 22     0.11781619
1963 12 23     0.11636015
1963 12 24     0.10699820
1963 12 25     0.10096256
1963 12 26     0.09740573
1963 12 27     0.09690311
1963 12 28     0.10086501
1963 12 29     0.10427212
1963 12 30     0.11114950
1963 12 31     0.11357025
1964  1  1     0.11152730
1964  1  2     0.15804330
1964  1  3     0.13071257
1964  1  4     0.09452414
1964  1  5     0.09400424
1964  1  6     0.09653245
1964  1  7     0.16768431
1964  1  8     0.11815641
1964  1  9     0.07690409
1964  1 10     0.07710352
1964  1 11     0.06824168
1964  1 12     0.06245881
1964  1 13     0.05837381
1964  1 14     0.11468854
1964  1 15     0.06546118
1964  1 16     0.05088224
1964  1 17     0.07864210
1964  1 18     0.81461972
1964  1 19     1.02549050
1964  1 20     0.52056100
1964  1 21     3.30250632
1964  1 22     3.50559665
1964  1 23     1.73716077
1964  1 24     0.61558812
1964  1 25     0.38767866
1964  1 26     0.33879479
1964  1 27     0.32850579
1964  1 28     0.32079720
1964  1 29     0.32507118
1964  1 30     0.35645319
1964  1 31     0.36795011
1964  2  1     0.38950305
1964  2  2     0.40430706
1964  2  3     0.37708689
1964  2  4     0.38597853
1964  2  5     0.39447043
1964  2  6     0.39731777
1964  2  7     0.36478755
1964  2  8     0.36903570
1964  2  9     0.46050721
1964  2 10     0.50831564
1964  2 11     0.45549878
1964  2 12     0.33620792
1964  2 13     0.28618352
1964  2 14     0.25726371
1964  2 15     0.28691847
1964  2 16     0.22738023
1964  2 17     0.20213472
1964  2 18     0.25131975
1964  2 19     0.36155300
1964  2 20     0.42611135
1964  2 21     0.39601059
1964  2 22     0.31771173
1964  2 23     0.28563131
1964  2 24     0.27097287
1964  2 25     0.25287098
1964  2 26     0.21407549
1964  2 27     0.18757378
1964  2 28     0.18128950
1964  2 29     0.17858068
1964  3  1     0.15856221
1964  3  2     0.57144549
1964  3  3     0.19615770
1964  3  4     0.17141364
1964  3  5     0.20882686
1964  3  6     0.17429494
1964  3  7     0.17618240
1964  3  8     0.12562028
1964  3  9     0.14802282
1964  3 10     0.17500356
1964  3 11     0.19689243
1964  3 12     1.69092059
1964  3 13     1.15987333
1964  3 14     0.48243712
1964  3 15     0.48341883
1964  3 16     0.65455224
1964  3 17     0.89764215
1964  3 18     1.07717187
1964  3 19     1.09475927
1964  3 20     0.98257705
1964  3 21     0.89835489
1964  3 22     0.96272623
1964  3 23     1.08315675
1964  3 24     1.84664216
1964  3 25     1.03331441
1964  3 26     0.53616992
1964  3 27     0.62373747
1964  3 28     1.05701086
1964  3 29     1.64661367
1964  3 30     2.00447001
1964  3 31     1.99144718
1964  4  1     3.01813650
1964  4  2     2.52472971
1964  4  3     1.14203693
1964  4  4     0.95936307
1964  4  5     0.88800954
1964  4  6     0.67831915
1964  4  7     0.55678243
1964  4  8     0.57824980
1964  4  9     0.82225078
1964  4 10     1.12806417
1964  4 11     1.28023275
1964  4 12     1.50324893
1964  4 13     2.04565710
1964  4 14     2.61691078
1964  4 15     3.20157046
1964  4 16     3.52717132
1964  4 17     3.06327734
1964  4 18     2.01218683
1964  4 19     1.79603822
1964  4 20     1.17191540
1964  4 21     0.81010675
1964  4 22     0.87490900
1964  4 23     0.93355442
1964  4 24     0.71190607
1964  4 25     0.52983715
1964  4 26     0.51531751
1964  4 27     0.99189537
1964  4 28     1.93474141
1964  4 29     2.59834851
1964  4 30     2.23203200
1964  5  1     1.48282714
1964  5  2     1.03625819
1964  5  3     0.87618309
1964  5  4     1.19233283
1964  5  5     0.82417251
1964  5  6     2.16064612
1964  5  7     0.95084556
1964  5  8     0.71580108
1964  5  9     1.04682147
1964  5 10     2.52413555
1964  5 11     4.04002167
1964  5 12     4.54930738
1964  5 13     4.61630400
1964  5 14     4.30168276
1964  5 15     4.03661231
1964  5 16     4.13100272
1964  5 17     3.54204126
1964  5 18     3.33909903
1964  5 19     4.28336093
1964  5 20     4.62666764
1964  5 21     3.99379516
1964  5 22     3.44235790
1964  5 23     3.50081968
1964  5 24     3.95480888
1964  5 25     3.96093171
1964  5 26     4.53336114
1964  5 27     4.29351111
1964  5 28     2.39996752
1964  5 29     1.82228656
1964  5 30     2.37436089
1964  5 31     2.86452119
1964  6  1     2.96098317
1964  6  2     2.63273875
1964  6  3     2.31161990
1964  6  4     2.15599064
1964  6  5     1.90173876
1964  6  6     1.75233923
1964  6  7     1.67044438
1964  6  8     1.60466561
1964  6  9     2.14722917
1964  6 10     1.29181424
1964  6 11     1.26155612
1964  6 12     1.99629496
1964  6 13     1.86354603
1964  6 14     1.43318911
1964  6 15     1.10152816
1964  6 16     0.77341830
1964  6 17     0.62092463
1964  6 18     0.51625130
1964  6 19     0.43842219
1964  6 20     0.39823906
1964  6 21     0.37397631
1964  6 22     0.35101041
1964  6 23     0.30564103
1964  6 24     0.25924749
1964  6 25     0.23793663
1964  6 26     0.21861658
1964  6 27     0.20226268
1964  6 28     0.18698254
1964  6 29     0.17407826
1964  6 30     0.16354075
1964  7  1     0.15369346
1964  7  2     0.14526725
1964  7  3     0.13763222
1964  7  4     0.13120278
1964  7  5     0.12557167
1964  7  6     0.11906787
1964  7  7     0.11307759
1964  7  8     0.10811707
1964  7  9     0.10396824
1964  7 10     0.09974185
1964  7 11     0.12085175
1964  7 12     0.17444603
1964  7 13     0.15352897
1964  7 14     0.09315333
1964  7 15     0.08318657
1964  7 16     0.08036525
1964  7 17     0.07752268
1964  7 18     0.07487546
1964  7 19     0.07241055
1964  7 20     0.07007866
1964  7 21     0.06789732
1964  7 22     0.06588044
1964  7 23     0.06384017
1964  7 24     0.06166223
1964  7 25     0.08900172
1964  7 26     0.09152409
1964  7 27     0.12488381
1964  7 28     0.11988171
1964  7 29     0.06043099
1964  7 30     0.05161692
1964  7 31     0.05031548
1964  8  1     0.04896127
1964  8  2     0.04762619
1964  8  3     0.04620371
1964  8  4     0.04457611
1964  8  5     0.08294306
1964  8  6     0.14863027
1964  8  7     0.11722207
1964  8  8     0.04651858
1964  8  9     0.03833917
1964  8 10     0.03726189
1964  8 11     0.03615496
1964  8 12     0.03508202
1964  8 13     0.03412203
1964  8 14     0.03319160
1964  8 15     0.03233032
1964  8 16     0.03151129
1964  8 17     0.03057357
1964  8 18     0.02952737
1964  8 19     0.02867457
1964  8 20     0.02787622
1964  8 21     0.02703579
1964  8 22     0.02617905
1964  8 23     0.02534148
1964  8 24     0.02453631
1964  8 25     0.02386973
1964  8 26     0.02328838
1964  8 27     0.02277273
1964  8 28     0.02226094
1964  8 29     0.02181341
1964  8 30     0.02126400
1964  8 31     0.10794395
1964  9  1     0.50651122
1964  9  2     0.25787812
1964  9  3     0.01978854
1964  9  4     0.01860889
1964  9  5     0.01793617
1964  9  6     0.01746729
1964  9  7     0.01711663
1964  9  8     0.01668193
1964  9  9     0.01623490
1964  9 10     0.01575205
1964  9 11     0.01517413
1964  9 12     0.01459917
1964  9 13     0.01414614
1964  9 14     0.01382809
1964  9 15     0.01350256
1964  9 16     0.01306964
1964  9 17     0.01265037
1964  9 18     0.01248394
1964  9 19     0.01221292
1964  9 20     0.01177574
1964  9 21     0.01144500
1964  9 22     0.01117808
1964  9 23     0.01077070
1964  9 24     0.01026977
1964  9 25     0.00989735
1964  9 26     0.00968822
1964  9 27     0.00954994
1964  9 28     0.00940858
1964  9 29     0.00922843
1964  9 30     0.00897414
1964 10  1     0.00864970
1964 10  2     0.00829091
1964 10  3     0.00795616
1964 10  4     0.00768672
1964 10  5     0.00745081
1964 10  6     0.00723492
1964 10  7     0.00703378
1964 10  8     0.00687589
1964 10  9     0.00679300
1964 10 10     0.00667768
1964 10 11     0.00647075
1964 10 12     0.00631405
1964 10 13     0.00614190
1964 10 14     0.00596684
1964 10 15     0.00577544
1964 10 16     0.00565732
1964 10 17     0.00559932
1964 10 18     0.00545645
1964 10 19     0.00524893
1964 10 20     0.00505841
1964 10 21     0.00490378
1964 10 22     0.00478451
1964 10 23     0.00468430
1964 10 24     0.00467555
1964 10 25     0.00464990
1964 10 26     0.00460697
1964 10 27     0.01019514
1964 10 28     0.23480803
1964 10 29     2.85953485
1964 10 30     1.29807486
1964 10 31     0.06153139
1964 11  1     0.85626923
1964 11  2     0.90757439
1964 11  3     0.21898713
1964 11  4     0.16425163
1964 11  5     0.19069303
1964 11  6     0.19741294
1964 11  7     0.18832044
1964 11  8     0.23861626
1964 11  9     3.17378881
1964 11 10     3.74674641
1964 11 11     1.43463903
1964 11 12     1.49862690
1964 11 13     1.09109712
1964 11 14     0.35869046
1964 11 15     0.16866829
1964 11 16     0.13237221
1964 11 17     0.10692002
1964 11 18     0.08855927
1964 11 19     0.07506760
1964 11 20     0.06476608
1964 11 21     0.05710163
1964 11 22     0.05336248
1964 11 23     0.04881645
1964 11 24     0.04431959
1964 11 25     0.05993948
1964 11 26     0.54518443
1964 11 27     0.51216149
1964 11 28     0.25376923
1964 11 29     0.15901427
1964 11 30     0.11241326
1964 12  1     0.16572652
1964 12  2     1.11759225
1964 12  3     0.97486910
1964 12  4     0.29413773
1964 12  5     0.23742071
1964 12  6     0.17670371
1964 12  7     0.13978474
1964 12  8     0.12053064
1964 12  9     0.11291591
1964 12 10     0.10283481
1964 12 11     1.23873804
1964 12 12     1.01565748
1964 12 13     0.33574560
1964 12 14     0.23075413
1964 12 15     0.18626015
1964 12 16     0.15570220
1964 12 17     0.13594590
1964 12 18     0.12188033
1964 12 19     1.27918093
1964 12 20     1.78688769
1964 12 21     1.34231107
1964 12 22    10.24666880
1964 12 23    39.17489581
1964 12 24    46.22576868
1964 12 25    23.37741987
1964 12 26    11.82470843
1964 12 27    14.99756913
1964 12 28    11.93534241
1964 12 29     6.24065764
1964 12 30     5.86423107
1964 12 31     5.72173745
1965  1  1     3.34522356
1965  1  2     2.61917479
1965  1  3     4.96116058
1965  1  4     4.48054394
1965  1  5     4.52867072
1965  1  6    14.52921686
1965  1  7    14.62820345
1965  1  8     5.78025499
1965  1  9     3.30688994
1965  1 10     2.80407729
1965  1 11     2.45379806
1965  1 12     2.20962412
1965  1 13     2.04022167
1965  1 14     1.92244257
1965  1 15     1.84217375
1965  1 16     1.76677290
1965  1 17     1.71894112
1965  1 18     1.71931525
1965  1 19     1.91564464
1965  1 20     2.80175924
1965  1 21     2.33953777
1965  1 22     1.82590957
1965  1 23     2.00220014
1965  1 24     7.46464604
1965  1 25     4.80277332
1965  1 26     2.39164203
1965  1 27     2.07685508
1965  1 28     1.86666525
1965  1 29     1.76414459
1965  1 30     1.73425750
1965  1 31     1.78641517
1965  2  1     1.70293070
1965  2  2     1.55705752
1965  2  3     1.51689673
1965  2  4     1.52314255
1965  2  5     2.30638623
1965  2  6     3.06581594
1965  2  7     2.08895517
1965  2  8     1.62024813
1965  2  9     1.38706549
1965  2 10     1.26088943
1965  2 11     1.16394771
1965  2 12     1.09220628
1965  2 13     1.03373099
1965  2 14     0.99340812
1965  2 15     0.95796385
1965  2 16     0.92663357
1965  2 17     0.92575105
1965  2 18     1.03302559
1965  2 19     1.29300174
1965  2 20     1.61622117
1965  2 21     1.75716546
1965  2 22     1.57203779
1965  2 23     1.28016098
1965  2 24     1.10817110
1965  2 25     1.16638405
1965  2 26     1.37609526
1965  2 27     5.22378003
1965  2 28     4.72183470
1965  3  1     2.05046606
1965  3  2     1.68325104
1965  3  3     1.47114535
1965  3  4     1.33760944
1965  3  5     1.20095171
1965  3  6     1.14256232
1965  3  7     0.98375502
1965  3  8     0.86764524
1965  3  9     0.82117167
1965  3 10     0.78318306
1965  3 11     0.76392485
1965  3 12     0.95926562
1965  3 13     2.64404485
1965  3 14     1.10654310
1965  3 15     0.88131557
1965  3 16     0.93095309
1965  3 17     0.86553637
1965  3 18     0.80759453
1965  3 19     0.78682786
1965  3 20     0.87725307
1965  3 21     1.05345170
1965  3 22     1.29386472
1965  3 23     1.39635538
1965  3 24     1.07689686
1965  3 25     0.77845968
1965  3 26     0.83494496
1965  3 27     4.22329593
1965  3 28     2.40505698
1965  3 29     1.16640576
1965  3 30     1.12081837
1965  3 31     1.41067304
1965  4  1     1.77756060
1965  4  2     2.36040120
1965  4  3     1.56807088
1965  4  4     1.00649432
1965  4  5     0.99313054
1965  4  6     1.78037778
1965  4  7     1.72392251
1965  4  8     2.77634093
1965  4  9     3.80766909
1965  4 10     9.38039866
1965  4 11     4.46400394
1965  4 12     1.62879373
1965  4 13     2.06336707
1965  4 14     1.31379017
1965  4 15     1.15434944
1965  4 16     1.49163983
1965  4 17     1.46717120
1965  4 18     1.71154343
1965  4 19     2.61934820
1965  4 20     4.41256046
1965  4 21     5.42266119
1965  4 22     4.84041367
1965  4 23     3.39157070
1965  4 24     3.63226243
1965  4 25     4.91974278
1965  4 26     5.78177500
1965  4 27     6.31081393
1965  4 28     6.66271827
1965  4 29     6.68795885
1965  4 30     6.61178530
1965  5  1     6.04483629
1965  5  2     4.11886895
1965  5  3     2.49615404
1965  5  4     2.02606952
1965  5  5     1.79704648
1965  5  6     1.48261806
1965  5  7     1.22827054
1965  5  8     1.13736864
1965  5  9     1.32840279
1965  5 10     1.85695730
1965  5 11     2.39488739
1965  5 12     2.86725586
1965  5 13     3.49916248
1965  5 14     3.26072112
1965  5 15     3.31873389
1965  5 16     4.79373915
1965  5 17     6.14726694
1965  5 18     6.31986677
1965  5 19     6.16944440
1965  5 20     5.33155702
1965  5 21     4.85439564
1965  5 22     3.45369921
1965  5 23     2.03309268
1965  5 24     1.72449371
1965  5 25     1.78318183
1965  5 26     2.59928583
1965  5 27     3.75037423
1965  5 28     4.94816698
1965  5 29     5.79337231
1965  5 30     6.15384670
1965  5 31     5.63367915
1965  6  1     4.97428383
1965  6  2     3.95132892
1965  6  3     3.65757058
1965  6  4     4.71673213
1965  6  5     5.51346054
1965  6  6     5.82552758
1965  6  7     5.64795833
1965  6  8     5.44269484
1965  6  9     4.57908821
1965  6 10     4.41355554
1965  6 11     5.32107099
1965  6 12     5.49122465
1965  6 13     4.59316356
1965  6 14     3.60375813
1965  6 15     2.80304995
1965  6 16     2.25696538
1965  6 17     2.21289557
1965  6 18     2.13576928
1965  6 19     2.51409287
1965  6 20     2.83892257
1965  6 21     2.83281082
1965  6 22     2.80908899
1965  6 23     2.68133932
1965  6 24     2.51640661
1965  6 25     2.23139925
1965  6 26     1.63430069
1965  6 27     1.27162319
1965  6 28     1.34248392
1965  6 29     1.45571239
1965  6 30     1.49688957
1965  7  1     1.33292583
1965  7  2     1.10873179
1965  7  3     0.86706145
1965  7  4     0.70892592
1965  7  5     0.63704403
1965  7  6     0.58208713
1965  7  7     0.53244871
1965  7  8     0.48425631
1965  7  9     0.44218956
1965  7 10     0.37787277
1965  7 11     0.31435415
1965  7 12     0.28468438
1965  7 13     0.26136883
1965  7 14     0.24358415
1965  7 15     0.23070619
1965  7 16     1.00894281
1965  7 17     0.84460201
1965  7 18     0.34053578
1965  7 19     0.35773165
1965  7 20     0.29232595
1965  7 21     0.21387410
1965  7 22     0.19843445
1965  7 23     0.18147965
1965  7 24     0.17556116
1965  7 25     0.22068993
1965  7 26     0.19946006
1965  7 27     0.15223347
1965  7 28     0.14765437
1965  7 29     0.13821286
1965  7 30     0.22568362
1965  7 31     0.26156293
1965  8  1     0.17114937
1965  8  2     0.13637512
1965  8  3     0.13063558
1965  8  4     0.12082956
1965  8  5     0.11331338
1965  8  6     0.10744295
1965  8  7     0.10260732
1965  8  8     0.09873524
1965  8  9     0.09559189
1965  8 10     0.09231051
1965  8 11     0.24481187
1965  8 12     0.53322553
1965  8 13     0.50370434
1965  8 14     1.04738835
1965  8 15     4.57342934
1965  8 16     5.37004443
1965  8 17     2.63730564
1965  8 18     1.17637165
1965  8 19     0.81410504
1965  8 20     0.59734116
1965  8 21     0.45046609
1965  8 22     0.35728875
1965  8 23     0.29180564
1965  8 24     0.24455245
1965  8 25     0.23245890
1965  8 26     0.20583849
1965  8 27     0.16198240
1965  8 28     0.14547244
1965  8 29     0.13068047
1965  8 30     0.12154921
1965  8 31     0.11455319
1965  9  1     0.10264883
1965  9  2     0.09202939
1965  9  3     0.08509078
1965  9  4     0.07933602
1965  9  5     0.07463837
1965  9  6     0.10313232
1965  9  7     0.74355768
1965  9  8     0.73701911
1965  9  9     0.21131820
1965  9 10     0.16428883
1965  9 11     0.12954803
1965  9 12     0.10522379
1965  9 13     0.08894431
1965  9 14     0.07761942
1965  9 15     0.06922922
1965  9 16     0.06312953
1965  9 17     0.06101424
1965  9 18     0.06318198
1965  9 19     0.07626167
1965  9 20     0.07524881
1965  9 21     0.05854192
1965  9 22     0.04561141
1965  9 23     0.04273400
1965  9 24     0.04061115
1965  9 25     0.03880898
1965  9 26     0.03769397
1965  9 27     0.03722521
1965  9 28     0.03712897
1965  9 29     0.03654512
1965  9 30     0.03505353
1965 10  1     0.03285180
1965 10  2     0.03082287
1965 10  3     0.02977057
1965 10  4     0.02927679
1965 10  5     0.02803377
1965 10  6     0.02673669
1965 10  7     0.02611364
1965 10  8     0.02499268
1965 10  9     0.02401795
1965 10 10     0.02400837
1965 10 11     0.02410156
1965 10 12     0.02358496
1965 10 13     0.02316557
1965 10 14     0.02324444
1965 10 15     0.62732139
1965 10 16     0.33252802
1965 10 17     0.04417864
1965 10 18     0.02954923
1965 10 19     0.02191788
1965 10 20     0.02126191
1965 10 21     0.02058035
1965 10 22     0.01982497
1965 10 23     0.01917575
1965 10 24     0.01874290
1965 10 25     0.01840383
1965 10 26     0.01805251
1965 10 27     0.01788852
1965 10 28     0.01755176
1965 10 29     0.01702851
1965 10 30     0.01653370
1965 10 31     0.01626097
1965 11  1     0.01633407
1965 11  2     0.01624494
1965 11  3     0.01612400
1965 11  4     0.01620728
1965 11  5     0.01615098
1965 11  6     0.01580543
1965 11  7     0.01541950
1965 11  8     0.01510890
1965 11  9     0.01515709
1965 11 10     0.01526381
1965 11 11     0.01479452
1965 11 12     0.05928896
1965 11 13     0.91997613
1965 11 14     2.75459443
1965 11 15     3.30375981
1965 11 16     3.33349465
1965 11 17     5.04852541
1965 11 18     6.18679039
1965 11 19     5.22973695
1965 11 20     2.47512469
1965 11 21     1.22290104
1965 11 22     0.94295787
1965 11 23     5.43358654
1965 11 24     6.80281681
1965 11 25     3.51867508
1965 11 26     1.66479627
1965 11 27     1.11679796
1965 11 28     0.91295444
1965 11 29     0.79089761
1965 11 30     0.70428926
1965 12  1     0.63298068
1965 12  2     0.57581412
1965 12  3     0.53504362
1965 12  4     0.50180332
1965 12  5     0.47119767
1965 12  6     0.44919920
1965 12  7     0.42838317
1965 12  8     0.40597908
1965 12  9     0.39140505
1965 12 10     0.36670491
1965 12 11     0.34127637
1965 12 12     0.84595913
1965 12 13     0.54449491
1965 12 14     0.58237755
1965 12 15     0.41077472
1965 12 16     0.32112539
1965 12 17     0.30110288
1965 12 18     0.28136105
1965 12 19     0.26561766
1965 12 20     0.25303366
1965 12 21     0.24287064
1965 12 22     0.23319945
1965 12 23     0.22413072
1965 12 24     0.21579119
1965 12 25     2.33336411
1965 12 26     1.12443530
1965 12 27     0.45360215
1965 12 28     0.60998091
1965 12 29     5.13413734
1965 12 30     5.19782670
1965 12 31     2.93176970
1966  1  1     2.24961598
1966  1  2     0.96224597
1966  1  3     0.69174120
1966  1  4     0.59181128
1966  1  5     1.13827506
1966  1  6     0.78478851
1966  1  7     0.58119442
1966  1  8     0.55299155
1966  1  9     0.50693508
1966  1 10     0.47874274
1966  1 11     0.44416100
1966  1 12     0.42370585
1966  1 13     0.41984716
1966  1 14     0.41464873
1966  1 15     0.41855406
1966  1 16     0.41867335
1966  1 17     0.37938832
1966  1 18     0.35425600
1966  1 19     0.33446690
1966  1 20     0.31289320
1966  1 21     0.29517960
1966  1 22     0.28108484
1966  1 23     0.27821646
1966  1 24     0.25908164
1966  1 25     0.24909078
1966  1 26     0.25306278
1966  1 27     0.25557952
1966  1 28     0.24762354
1966  1 29     0.25536330
1966  1 30     2.39588703
1966  1 31     1.79887523
1966  2  1     0.99449773
1966  2  2     0.80479308
1966  2  3     0.53081639
1966  2  4     0.47636488
1966  2  5     0.41189237
1966  2  6     3.01652711
1966  2  7     2.21352209
1966  2  8     0.77151932
1966  2  9     0.55845339
1966  2 10     0.57080358
1966  2 11     0.46418793
1966  2 12     0.44340004
1966  2 13     0.42713723
1966  2 14     0.39339985
1966  2 15     0.35694541
1966  2 16     0.33650719
1966  2 17     0.32899202
1966  2 18     0.34196842
1966  2 19     0.35796273
1966  2 20     0.33796763
1966  2 21     0.36617639
1966  2 22     0.47835298
1966  2 23     0.58043327
1966  2 24     0.60736386
1966  2 25     0.52210909
1966  2 26     0.63703252
1966  2 27     0.39547002
1966  2 28     0.34087229
1966  3  1     0.44130214
1966  3  2     0.37248900
1966  3  3     0.29175833
1966  3  4     0.28140013
1966  3  5     0.34181278
1966  3  6     0.48672478
1966  3  7     0.61027865
1966  3  8     0.70700603
1966  3  9     0.71684480
1966  3 10     2.55530711
1966  3 11     2.08396258
1966  3 12     1.49684348
1966  3 13     1.94013318
1966  3 14     1.74593422
1966  3 15     1.36763828
1966  3 16     1.17708683
1966  3 17     0.82731305
1966  3 18     0.80859618
1966  3 19     1.17021766
1966  3 20     1.00294651
1966  3 21     0.70133981
1966  3 22     0.65766382
1966  3 23     0.83533113
1966  3 24     1.02009824
1966  3 25     1.12250874
1966  3 26     1.38757307
1966  3 27     1.69672784
1966  3 28     2.01868353
1966  3 29     2.59259239
1966  3 30     3.36407055
1966  3 31     3.91852422
1966  4  1     4.24970623
1966  4  2     4.26982530
1966  4  3     4.08318518
1966  4  4     3.87880144
1966  4  5     3.66211268
1966  4  6     3.56788382
1966  4  7     3.52584941
1966  4  8     3.19592989
1966  4  9     2.72806449
1966  4 10     4.61011606
1966  4 11     3.89020724
1966  4 12     2.50751232
1966  4 13     1.67337145
1966  4 14     1.35147255
1966  4 15     2.01750929
1966  4 16     2.87275510
1966  4 17     3.09020604
1966  4 18     2.43259831
1966  4 19     1.52936099
1966  4 20     1.02353289
1966  4 21     0.92976183
1966  4 22     1.01710899
1966  4 23     1.42834177
1966  4 24     2.10373810
1966  4 25     2.78809757
1966  4 26     3.23682672
1966  4 27     2.63508073
1966  4 28     1.94026926
1966  4 29     1.94413640
1966  4 30     2.30245032
1966  5  1     3.03186871
1966  5  2     3.78215504
1966  5  3     4.34683818
1966  5  4     4.48315285
1966  5  5     4.49907238
1966  5  6     4.46153131
1966  5  7     4.34341237
1966  5  8     4.17459937
1966  5  9     3.95857676
1966  5 10     4.57290130
1966  5 11     3.68714803
1966  5 12     2.33487908
1966  5 13     2.27343248
1966  5 14     2.49737489
1966  5 15     2.38442741
1966  5 16     2.39244138
1966  5 17     2.44652128
1966  5 18     2.57927052
1966  5 19     2.87222694
1966  5 20     2.92189328
1966  5 21     2.72893196
1966  5 22     2.40009536
1966  5 23     1.91517908
1966  5 24     1.67737828
1966  5 25     1.67154512
1966  5 26     1.47725381
1966  5 27     1.26968333
1966  5 28     1.00361178
1966  5 29     0.73294071
1966  5 30     0.55928550
1966  5 31     0.45258365
1966  6  1     0.38556549
1966  6  2     0.33610366
1966  6  3     0.29909741
1966  6  4     0.28057555
1966  6  5     0.26652333
1966  6  6     0.26487127
1966  6  7     0.39051247
1966  6  8     0.33155806
1966  6  9     0.22188522
1966  6 10     0.19998891
1966  6 11     0.17867734
1966  6 12     0.15174223
1966  6 13     0.14150538
1966  6 14     0.14018466
1966  6 15     0.16281537
1966  6 16     0.17499783
1966  6 17     0.13875427
1966  6 18     0.10500589
1966  6 19     0.10459340
1966  6 20     0.09929638
1966  6 21     0.09064689
1966  6 22     0.08742531
1966  6 23     0.08413891
1966  6 24     0.08088322
1966  6 25     0.07746177
1966  6 26     0.07401426
1966  6 27     0.07088748
1966  6 28     0.06801513
1966  6 29     0.06573575
1966  6 30     0.06384856
1966  7  1     0.06187459
1966  7  2     0.05996736
1966  7  3     0.05829303
1966  7  4     0.05635095
1966  7  5     0.05405120
1966  7  6     0.05204188
1966  7  7     0.05054241
1966  7  8     0.05581402
1966  7  9     0.06051492
1966  7 10     0.05264434
1966  7 11     0.04582864
1966  7 12     0.04459808
1966  7 13     0.04322225
1966  7 14     0.04191621
1966  7 15     0.04049489
1966  7 16     0.03892946
1966  7 17     0.03740018
1966  7 18     0.03591386
1966  7 19     0.03461909
1966  7 20     0.03345970
1966  7 21     0.03222487
1966  7 22     0.03112179
1966  7 23     0.03007866
1966  7 24     0.02900518
1966  7 25     0.02814741
1966  7 26     0.02741438
1966  7 27     0.02651502
1966  7 28     0.02555153
1966  7 29     0.02462212
1966  7 30     0.03116329
1966  7 31     0.04245424
1966  8  1     0.04507036
1966  8  2     0.08265504
1966  8  3     0.07849256
1966  8  4     0.03049728
1966  8  5     0.01989117
1966  8  6     0.01936902
1966  8  7     0.01880065
1966  8  8     0.01821445
1966  8  9     0.01768543
1966  8 10     0.01717429
1966  8 11     0.01672396
1966  8 12     0.01633041
1966  8 13     0.01582605
1966  8 14     0.01534161
1966  8 15     0.01488770
1966  8 16     0.01441230
1966  8 17     0.02304042
1966  8 18     0.02589622
1966  8 19     0.01477529
1966  8 20     0.01372798
1966  8 21     0.01364542
1966  8 22     0.01232671
1966  8 23     0.01198653
1966  8 24     0.01161798
1966  8 25     0.01129934
1966  8 26     0.01108013
1966  8 27     0.01085755
1966  8 28     0.01055626
1966  8 29     0.01023797
1966  8 30     0.01026117
1966  8 31     0.01031394
1966  9  1     0.00980097
1966  9  2     0.00929876
1966  9  3     0.00891907
1966  9  4     0.00854535
1966  9  5     0.00826313
1966  9  6     0.00804092
1966  9  7     0.00787723
1966  9  8     0.00775027
1966  9  9     0.00755310
1966  9 10     0.00733708
1966  9 11     0.00718052
1966  9 12     0.00712169
1966  9 13     0.00715013
1966  9 14     0.00722549
1966  9 15     0.00689734
1966  9 16     0.00642388
1966  9 17     0.00610924
1966  9 18     0.11477732
1966  9 19     0.37469498
1966  9 20     0.20605493
1966  9 21     0.00829143
1966  9 22     0.00532294
1966  9 23     0.00513118
1966  9 24     0.00497938
1966  9 25     0.00491065
1966  9 26     0.00483868
1966  9 27     0.00625437
1966  9 28     0.00650556
1966  9 29     0.00437417
1966  9 30     0.00426259
1966 10  1     0.00509590
1966 10  2     0.00492919
1966 10  3     0.00409086
1966 10  4     0.00406357
1966 10  5     0.00392648
1966 10  6     0.00379203
1966 10  7     0.00369061
1966 10  8     0.00359836
1966 10  9     0.00345678
1966 10 10     0.00333788
1966 10 11     0.00337141
1966 10 12     0.00339898
1966 10 13     0.00335454
1966 10 14     0.00339721
1966 10 15     0.00335289
1966 10 16     0.00323487
1966 10 17     0.00309621
1966 10 18     0.00295618
1966 10 19     0.00279400
1966 10 20     0.01617797
1966 10 21     0.01702328
1966 10 22     0.00271595
1966 10 23     0.00259234
1966 10 24     0.00243681
1966 10 25     0.00233025
1966 10 26     0.00227426
1966 10 27     0.00225266
1966 10 28     0.00222073
1966 10 29     0.00216306
1966 10 30     0.00209567
1966 10 31     0.00203560
1966 11  1     0.00198874
1966 11  2     0.00194516
1966 11  3     0.00190460
1966 11  4     0.00190954
1966 11  5     0.00187207
1966 11  6     0.03564246
1966 11  7     1.06669462
1966 11  8     0.38047363
1966 11  9     0.02755376
1966 11 10     0.01580523
1966 11 11     0.02019994
1966 11 12     0.02106566
1966 11 13     0.00985492
1966 11 14     0.00622182
1966 11 15     0.00727776
1966 11 16     2.71015923
1966 11 17     1.75455106
1966 11 18     0.19433305
1966 11 19     0.08361390
1966 11 20     4.38921960
1966 11 21     4.24526072
1966 11 22     1.83500455
1966 11 23     0.71318092
1966 11 24     0.40907595
1966 11 25     0.29008739
1966 11 26     0.21419347
1966 11 27     0.16399801
1966 11 28     0.94450216
1966 11 29     4.08665036
1966 11 30     2.83383886
1966 12  1     0.80376222
1966 12  2     3.61842879
1966 12  3     5.29603004
1966 12  4     2.10234202
1966 12  5     5.07457272
1966 12  6    12.82393722
1966 12  7     9.22375229
1966 12  8     3.19803317
1966 12  9     1.89687059
1966 12 10     1.71692673
1966 12 11     1.34468969
1966 12 12     1.07377361
1966 12 13     0.94264053
1966 12 14     0.82688179
1966 12 15     0.73913824
1966 12 16     0.67158437
1966 12 17     0.61595545
1966 12 18     0.57089476
1966 12 19     0.53457748
1966 12 20     0.50101692
1966 12 21     0.46801840
1966 12 22     0.43922731
1966 12 23     0.41404134
1966 12 24     0.39149799
1966 12 25     0.37178326
1966 12 26     0.49746777
1966 12 27     0.35516385
1966 12 28     0.32497583
1966 12 29     0.31249187
1966 12 30     0.30264749
1966 12 31     0.29128977
1967  1  1     0.27959090
1967  1  2     0.26779424
1967  1  3     0.25745955
1967  1  4     0.24903360
1967  1  5     0.28477835
1967  1  6     0.24393075
1967  1  7     0.22557442
1967  1  8     0.21851763
1967  1  9     0.21086923
1967  1 10     0.21142711
1967  1 11     0.21940089
1967  1 12     0.22202471
1967  1 13     0.21703262
1967  1 14     0.21634887
1967  1 15     0.21940118
1967  1 16     0.22128260
1967  1 17     0.20642566
1967  1 18     0.20107092
1967  1 19     0.20733340
1967  1 20     1.24134655
1967  1 21     7.54255224
1967  1 22    10.05359197
1967  1 23     3.40024386
1967  1 24     4.23572676
1967  1 25     4.34937111
1967  1 26     1.87037286
1967  1 27     1.31815587
1967  1 28     1.12659864
1967  1 29     9.64044572
1967  1 30     9.53218330
1967  1 31     8.60773855
1967  2  1     4.31331903
1967  2  2     2.34393385
1967  2  3     1.91729610
1967  2  4     1.64127585
1967  2  5     1.53061442
1967  2  6     1.47462401
1967  2  7     1.39958651
1967  2  8     1.26282555
1967  2  9     1.18606479
1967  2 10     1.20121505
1967  2 11     1.19408970
1967  2 12     1.23157778
1967  2 13     1.26588015
1967  2 14     1.33708363
1967  2 15     1.03418351
1967  2 16     0.83421019
1967  2 17     0.76293485
1967  2 18     0.72271441
1967  2 19     0.70707161
1967  2 20     0.63725231
1967  2 21     0.60009667
1967  2 22     0.60790240
1967  2 23     0.68523817
1967  2 24     0.84306399
1967  2 25     2.34862445
1967  2 26     1.50403549
1967  2 27     0.81708029
1967  2 28     1.03796568
1967  3  1     1.13605912
1967  3  2     0.98740049
1967  3  3     0.91435893
1967  3  4     0.93935284
1967  3  5     0.70590860
1967  3  6     0.56094995
1967  3  7     0.52941592
1967  3  8     0.59656823
1967  3  9     0.65341788
1967  3 10     0.58297254
1967  3 11     1.43891948
1967  3 12     5.52047811
1967  3 13     7.15338249
1967  3 14     5.25520149
1967  3 15     1.80175206
1967  3 16    12.14192835
1967  3 17     9.24753393
1967  3 18     4.04187911
1967  3 19     2.51074209
1967  3 20     2.20935692
1967  3 21     2.06125939
1967  3 22     2.21348014
1967  3 23     2.53926912
1967  3 24     2.11227075
1967  3 25     1.63154205
1967  3 26     1.58723100
1967  3 27     1.68239880
1967  3 28     2.82213801
1967  3 29     3.37440425
1967  3 30     1.85424562
1967  3 31     3.99166366
1967  4  1     3.02546122
1967  4  2     2.00301827
1967  4  3     1.38517176
1967  4  4     1.56487732
1967  4  5     4.72150269
1967  4  6     2.99845609
1967  4  7     9.43299093
1967  4  8     3.86687675
1967  4  9     1.80255214
1967  4 10     1.67323245
1967  4 11     6.03015873
1967  4 12     2.46711778
1967  4 13     1.52167775
1967  4 14     1.53175837
1967  4 15     2.21320468
1967  4 16     1.79302750
1967  4 17     1.45932025
1967  4 18     9.16566185
1967  4 19     7.08121366
1967  4 20     4.38348819
1967  4 21     3.34278017
1967  4 22     5.34051793
1967  4 23     2.49214402
1967  4 24     3.77345805
1967  4 25     2.02387358
1967  4 26     1.59812151
1967  4 27     2.54362155
1967  4 28     2.30495000
1967  4 29     1.64754949
1967  4 30     2.00833112
1967  5  1     1.70877206
1967  5  2     1.64945135
1967  5  3     1.77224042
1967  5  4     2.08519957
1967  5  5     2.16704203
1967  5  6     1.92094406
1967  5  7     2.46716805
1967  5  8     3.91155853
1967  5  9     5.72319810
1967  5 10     7.81469846
1967  5 11     4.29797802
1967  5 12     2.64937518
1967  5 13     2.46605750
1967  5 14     3.17950157
1967  5 15     5.17767568
1967  5 16     7.63031469
1967  5 17     9.94508379
1967  5 18    11.02310315
1967  5 19    11.13253501
1967  5 20    11.61218787
1967  5 21    12.60522959
1967  5 22    13.47879259
1967  5 23    13.52225456
1967  5 24    12.66685012
1967  5 25    11.21307071
1967  5 26     9.89276546
1967  5 27     9.29279424
1967  5 28     8.84131785
1967  5 29     7.53426296
1967  5 30     5.91997480
1967  5 31     5.09401798
1967  6  1     4.45850995
1967  6  2     3.05007246
1967  6  3     3.22934647
1967  6  4     4.54697488
1967  6  5     5.86240111
1967  6  6     4.92175275
1967  6  7     4.47537709
1967  6  8     5.17082202
1967  6  9     5.50200359
1967  6 10     5.36855952
1967  6 11     5.29736917
1967  6 12     5.43927645
1967  6 13     5.02243262
1967  6 14     4.72738579
1967  6 15     5.38680025
1967  6 16     6.55520153
1967  6 17     7.58861053
1967  6 18     8.42430118
1967  6 19     8.27538583
1967  6 20     8.10368203
1967  6 21     8.30373911
1967  6 22     7.95194170
1967  6 23     7.41823084
1967  6 24     7.29597832
1967  6 25     7.46033117
1967  6 26     7.43077331
1967  6 27     7.32615619
1967  6 28     7.41639678
1967  6 29     7.56075020
1967  6 30     7.66761090
1967  7  1     7.64731220
1967  7  2     7.24540808
1967  7  3     6.25816444
1967  7  4     5.30069189
1967  7  5     4.75341109
1967  7  6     4.19059261
1967  7  7     3.61713082
1967  7  8     3.16893991
1967  7  9     2.62650388
1967  7 10     2.18964918
1967  7 11     1.97233926
1967  7 12     1.87553699
1967  7 13     1.67546335
1967  7 14     1.27641710
1967  7 15     1.03987200
1967  7 16     0.91501771
1967  7 17     0.75555316
1967  7 18     0.66716987
1967  7 19     0.60891177
1967  7 20     0.55954317
1967  7 21     0.51056178
1967  7 22     0.46537524
1967  7 23     0.43282248
1967  7 24     0.40549017
1967  7 25     0.38081112
1967  7 26     0.35889235
1967  7 27     0.33952944
1967  7 28     0.34000853
1967  7 29     0.46904188
1967  7 30     0.46072034
1967  7 31     0.30397997
1967  8  1     0.27736622
1967  8  2     0.26422481
1967  8  3     0.25245233
1967  8  4     0.24176013
1967  8  5     0.23217285
1967  8  6     0.22553479
1967  8  7     0.21927079
1967  8  8     0.21075571
1967  8  9     0.20351331
1967  8 10     0.19702614
1967  8 11     0.19054913
1967  8 12     0.18405089
1967  8 13     0.17803624
1967  8 14     0.17511311
1967  8 15     0.18063041
1967  8 16     0.17078130
1967  8 17     0.34189497
1967  8 18     0.28773086
1967  8 19     0.17461190
1967  8 20     0.18438978
1967  8 21     0.17178225
1967  8 22     0.14286936
1967  8 23     0.13446473
1967  8 24     0.13536160
1967  8 25     0.40296501
1967  8 26     0.43888136
1967  8 27     0.20156398
1967  8 28     0.12092254
1967  8 29     0.11755824
1967  8 30     0.11317117
1967  8 31     0.10972246
1967  9  1     0.10689498
1967  9  2     0.14822881
1967  9  3     0.24194389
1967  9  4     0.49073319
1967  9  5     0.58598901
1967  9  6     0.34064372
1967  9  7     0.18975561
1967  9  8     0.16901245
1967  9  9     0.14394388
1967  9 10     0.12752450
1967  9 11     0.11501735
1967  9 12     0.10623860
1967  9 13     0.09991779
1967  9 14     0.09484889
1967  9 15     0.09048336
1967  9 16     0.08659330
1967  9 17     0.09071025
1967  9 18     1.02345509
1967  9 19     0.95292335
1967  9 20     0.24912702
1967  9 21     0.18878686
1967  9 22     0.32196756
1967  9 23     0.48094462
1967  9 24     0.42361157
1967  9 25     0.27524743
1967  9 26     0.17099660
1967  9 27     0.14653287
1967  9 28     0.13332853
1967  9 29     0.12465694
1967  9 30     0.10075975
1967 10  1     0.08456150
1967 10  2     0.07859504
1967 10  3     0.73035455
1967 10  4     0.33441050
1967 10  5     0.15675960
1967 10  6     0.14539622
1967 10  7     0.09791904
1967 10  8     0.08615189
1967 10  9     0.07451394
1967 10 10     0.06703369
1967 10 11     0.06091037
1967 10 12     0.05638397
1967 10 13     0.05337706
1967 10 14     0.05092741
1967 10 15     0.04924611
1967 10 16     0.04750814
1967 10 17     0.04534669
1967 10 18     0.04363007
1967 10 19     0.04241262
1967 10 20     0.04118998
1967 10 21     0.04003382
1967 10 22     0.03938479
1967 10 23     0.03817375
1967 10 24     0.03685554
1967 10 25     0.03592910
1967 10 26     0.03520708
1967 10 27     0.03476047
1967 10 28     0.03356375
1967 10 29     0.03306828
1967 10 30     0.03281540
1967 10 31     0.03174141
1967 11  1     0.03064909
1967 11  2     0.02986860
1967 11  3     0.02908691
1967 11  4     0.02810893
1967 11  5     0.02725159
1967 11  6     0.04455181
1967 11  7     0.03860317
1967 11  8     0.02633413
1967 11  9     0.02640531
1967 11 10     0.02637904
1967 11 11     0.02565451
1967 11 12     0.02476919
1967 11 13     0.05092299
1967 11 14     0.13880722
1967 11 15     0.07849444
1967 11 16     0.02412928
1967 11 17     0.02354949
1967 11 18     0.16689085
1967 11 19     3.44210208
1967 11 20     3.18352603
1967 11 21     1.06226595
1967 11 22     0.52312659
1967 11 23     0.37314989
1967 11 24     0.27259924
1967 11 25     0.20376900
1967 11 26     0.15872174
1967 11 27     0.13530034
1967 11 28     0.15632359
1967 11 29     0.14747335
1967 11 30     0.73464988
1967 12  1     0.57259886
1967 12  2     0.11174002
1967 12  3     0.06460465
1967 12  4     0.06171237
1967 12  5     1.48070660
1967 12  6     0.55502798
1967 12  7     0.55608848
1967 12  8     0.22040795
1967 12  9     0.06734020
1967 12 10     0.05039003
1967 12 11     0.04726147
1967 12 12     0.04385488
1967 12 13     0.03926873
1967 12 14     0.03725934
1967 12 15     0.03495870
1967 12 16     0.03243507
1967 12 17     0.03115442
1967 12 18     0.30771143
1967 12 19     0.47940528
1967 12 20     0.07556503
1967 12 21     0.02916149
1967 12 22     0.02764003
1967 12 23     0.02606189
1967 12 24     0.02620313
1967 12 25     0.02836800
1967 12 26     0.02992539
1967 12 27     0.03238814
1967 12 28     0.03451048
1967 12 29     0.03212267
1967 12 30     0.02871173
1967 12 31     0.02894669
1968  1  1     0.02601258
1968  1  2     0.02619505
1968  1  3     0.02275086
1968  1  4     0.02167440
1968  1  5     0.02418265
1968  1  6     0.02577370
1968  1  7     0.02737926
1968  1  8     0.02863104
1968  1  9     0.02910914
1968  1 10     0.97313470
1968  1 11     0.84483276
1968  1 12     0.16805216
1968  1 13     0.07215762
1968  1 14     0.07789804
1968  1 15     3.95731476
1968  1 16     3.24339949
1968  1 17     0.87276309
1968  1 18     0.53346230
1968  1 19     0.41955923
1968  1 20     0.36389246
1968  1 21     0.36182281
1968  1 22     0.38676730
1968  1 23     0.41527846
1968  1 24     0.38950475
1968  1 25     0.35604642
1968  1 26     0.31993443
1968  1 27     0.73632555
1968  1 28     0.48226166
1968  1 29     0.20073692
1968  1 30     0.26604688
1968  1 31     2.18081400
1968  2  1     0.62283729
1968  2  2     0.20577191
1968  2  3     0.22541443
1968  2  4     0.21556687
1968  2  5     0.23035118
1968  2  6     0.24952060
1968  2  7     0.28513560
1968  2  8     0.26634754
1968  2  9     0.67383613
1968  2 10     1.01292557
1968  2 11     0.48145779
1968  2 12     0.30559379
1968  2 13     0.31329884
1968  2 14     0.55821757
1968  2 15     0.31733229
1968  2 16     0.30244718
1968  2 17     3.66193421
1968  2 18     3.12267694
1968  2 19     2.96219489
1968  2 20     8.69224577
1968  2 21     8.07993552
1968  2 22     4.27682606
1968  2 23     3.52133750
1968  2 24     2.92199891
1968  2 25     2.22729978
1968  2 26     2.22473199
1968  2 27     2.25604683
1968  2 28     2.22572064
1968  2 29     2.01179709
1968  3  1     1.76301130
1968  3  2     1.41847089
1968  3  3     1.29402859
1968  3  4     1.44651518
1968  3  5     1.49380163
1968  3  6     1.12165734
1968  3  7     0.90572703
1968  3  8     3.55852305
1968  3  9     1.88239678
1968  3 10     0.94555954
1968  3 11     0.80491335
1968  3 12     0.80859820
1968  3 13     2.07241831
1968  3 14     1.62620823
1968  3 15     0.85740175
1968  3 16     1.26597141
1968  3 17     3.33893555
1968  3 18     1.50702253
1968  3 19     0.83236886
1968  3 20     0.78084606
1968  3 21     0.94433863
1968  3 22     1.24886166
1968  3 23     1.29699413
1968  3 24     1.21128809
1968  3 25     1.30270969
1968  3 26     1.09873318
1968  3 27     1.05442625
1968  3 28     1.59806236
1968  3 29     2.33303571
1968  3 30     2.82359671
1968  3 31     3.00880763
1968  4  1     3.10312435
1968  4  2     2.72539529
1968  4  3     1.39537280
1968  4  4     1.03783426
1968  4  5     1.35986335
1968  4  6     1.13954252
1968  4  7     0.78697579
1968  4  8     0.85105559
1968  4  9     1.23701050
1968  4 10     1.76707034
1968  4 11     2.26695453
1968  4 12     2.45829346
1968  4 13     1.92448987
1968  4 14     1.62797625
1968  4 15     2.04029083
1968  4 16     1.76395250
1968  4 17     1.04453320
1968  4 18     0.77126569
1968  4 19     0.66665132
1968  4 20     0.59380267
1968  4 21     0.49418324
1968  4 22     0.42056177
1968  4 23     0.41800783
1968  4 24     0.52853780
1968  4 25     0.90176942
1968  4 26     1.55655337
1968  4 27     2.21567032
1968  4 28     2.67512518
1968  4 29     2.93593613
1968  4 30     3.11352911
1968  5  1     3.25202535
1968  5  2     3.28199807
1968  5  3     3.38117863
1968  5  4     3.33057173
1968  5  5     2.86439443
1968  5  6     2.03692350
1968  5  7     1.53120937
1968  5  8     1.75223034
1968  5  9     2.00591409
1968  5 10     1.94400583
1968  5 11     1.90735316
1968  5 12     1.90251048
1968  5 13     1.42736667
1968  5 14     1.69516032
1968  5 15     0.85415377
1968  5 16     1.20221281
1968  5 17     2.19311317
1968  5 18     2.63052260
1968  5 19     2.87663622
1968  5 20     2.96295020
1968  5 21     2.44965986
1968  5 22     1.54135316
1968  5 23     0.90431258
1968  5 24     0.71917476
1968  5 25     0.92005680
1968  5 26     1.36704228
1968  5 27     1.55507216
1968  5 28     1.61280431
1968  5 29     1.60062723
1968  5 30     1.44812504
1968  5 31     1.17003992
1968  6  1     0.92279173
1968  6  2     0.73710336
1968  6  3     0.57443462
1968  6  4     0.47439711
1968  6  5     0.37794124
1968  6  6     0.33291539
1968  6  7     0.32323454
1968  6  8     0.45548764
1968  6  9     0.35866648
1968  6 10     0.20565038
1968  6 11     0.18225026
1968  6 12     0.16370507
1968  6 13     0.14786329
1968  6 14     0.13539045
1968  6 15     0.12547453
1968  6 16     0.11588793
1968  6 17     0.10629937
1968  6 18     0.09897571
1968  6 19     0.09297489
1968  6 20     0.08761951
1968  6 21     0.08295751
1968  6 22     0.07838002
1968  6 23     0.07423120
1968  6 24     0.07090549
1968  6 25     0.06772463
1968  6 26     0.06461277
1968  6 27     0.06178677
1968  6 28     0.05947534
1968  6 29     0.05757895
1968  6 30     0.05583309
1968  7  1     0.05378629
1968  7  2     0.05154673
1968  7  3     0.04970154
1968  7  4     0.04802229
1968  7  5     0.04639137
1968  7  6     0.04473183
1968  7  7     0.04344608
1968  7  8     0.11201161
1968  7  9     0.14520576
1968  7 10     0.10561209
1968  7 11     0.05030479
1968  7 12     0.03728650
1968  7 13     0.03622835
1968  7 14     0.03525220
1968  7 15     0.03425645
1968  7 16     0.03327611
1968  7 17     0.03232857
1968  7 18     0.03130899
1968  7 19     0.03041374
1968  7 20     0.02949154
1968  7 21     0.02850746
1968  7 22     0.02771680
1968  7 23     0.02698458
1968  7 24     0.02619495
1968  7 25     0.02542034
1968  7 26     0.03095089
1968  7 27     0.03701835
1968  7 28     0.04562672
1968  7 29     0.09023560
1968  7 30     0.12686339
1968  7 31     0.09304479
1968  8  1     0.03478071
1968  8  2     0.02033370
1968  8  3     0.01954463
1968  8  4     0.01898515
1968  8  5     0.01846327
1968  8  6     0.01794450
1968  8  7     0.01734872
1968  8  8     0.02979532
1968  8  9     0.03174036
1968  8 10     0.01860709
1968  8 11     0.01542137
1968  8 12     0.01512640
1968  8 13     0.23546016
1968  8 14     0.17109082
1968  8 15     0.01751858
1968  8 16     0.01386755
1968  8 17     0.01352377
1968  8 18     0.01326845
1968  8 19     0.01687375
1968  8 20     0.29930362
1968  8 21     0.21290877
1968  8 22     0.22796531
1968  8 23     0.13013853
1968  8 24     0.01143732
1968  8 25     0.01111333
1968  8 26     0.01067474
1968  8 27     0.01032742
1968  8 28     0.00995888
1968  8 29     0.00956266
1968  8 30     0.00917122
1968  8 31     0.00884390
1968  9  1     0.00858200
1968  9  2     0.00879646
1968  9  3     0.00856655
1968  9  4     0.00800036
1968  9  5     0.00777647
1968  9  6     0.00752256
1968  9  7     0.00729362
1968  9  8     0.00708938
1968  9  9     0.00690725
1968  9 10     0.00676055
1968  9 11     0.00660675
1968  9 12     0.00643600
1968  9 13     0.00627517
1968  9 14     0.00612186
1968  9 15     0.00599884
1968  9 16     0.00585545
1968  9 17     0.00566313
1968  9 18     0.00546612
1968  9 19     0.00531591
1968  9 20     0.00530621
1968  9 21     0.00535919
1968  9 22     0.00526607
1968  9 23     0.00500985
1968  9 24     0.00477550
1968  9 25     0.00457010
1968  9 26     0.00440815
1968  9 27     0.00426607
1968  9 28     0.00415182
1968  9 29     0.02888915
1968  9 30     0.03321408
1968 10  1     0.00956664
1968 10  2     0.00385673
1968 10  3     0.00373258
1968 10  4     0.00362813
1968 10  5     0.00354591
1968 10  6     0.00346244
1968 10  7     0.00340722
1968 10  8     0.00337214
1968 10  9     0.00328890
1968 10 10     0.00316769
1968 10 11     0.00305191
1968 10 12     0.11048349
1968 10 13     0.60600206
1968 10 14     2.31692371
1968 10 15     1.08806386
1968 10 16     0.13977926
1968 10 17     0.10898983
1968 10 18     0.06521200
1968 10 19     0.04895291
1968 10 20     0.03598119
1968 10 21     0.02740204
1968 10 22     0.02164398
1968 10 23     0.01760830
1968 10 24     0.01464476
1968 10 25     0.01240813
1968 10 26     0.01067925
1968 10 27     0.00928703
1968 10 28     0.00814488
1968 10 29     0.01776174
1968 10 30     1.32283160
1968 10 31     0.80220177
1968 11  1     0.15106827
1968 11  2     0.96709293
1968 11  3     8.35619944
1968 11  4     6.38723403
1968 11  5     1.57474603
1968 11  6     1.02082270
1968 11  7     0.72669007
1968 11  8     0.59465694
1968 11  9     0.52498355
1968 11 10     0.43837260
1968 11 11     0.45140278
1968 11 12     3.83334592
1968 11 13     2.90238664
1968 11 14     0.82105097
1968 11 15     1.73866926
1968 11 16     0.90807087
1968 11 17     0.39579058
1968 11 18     0.32722470
1968 11 19     0.62306041
1968 11 20     0.49842336
1968 11 21     0.29858237
1968 11 22     0.31953690
1968 11 23     0.31755640
1968 11 24     0.51160295
1968 11 25     0.55337853
1968 11 26     0.29362525
1968 11 27     0.19788238
1968 11 28     0.15767279
1968 11 29     0.12718804
1968 11 30     0.10772689
1968 12  1     0.46290306
1968 12  2     0.35387846
1968 12  3     0.12244957
1968 12  4     0.10275132
1968 12  5     0.09260956
1968 12  6     0.08556088
1968 12  7     0.08169848
1968 12  8     0.07732162
1968 12  9     0.07349504
1968 12 10     0.43685014
1968 12 11     1.97608919
1968 12 12     0.79586635
1968 12 13     0.26915503
1968 12 14     0.76727410
1968 12 15     1.26350704
1968 12 16     2.48878424
1968 12 17     1.04116623
1968 12 18     0.39749235
1968 12 19     0.52108969
1968 12 20     0.32791760
1968 12 21     0.25485607
1968 12 22     0.22969744
1968 12 23     0.33974451
1968 12 24     1.44118416
1968 12 25     3.40732844
1968 12 26     2.89012270
1968 12 27     0.96375767
1968 12 28     0.82888040
1968 12 29     0.57154741
1968 12 30     0.42509303
1968 12 31     0.37825314
1969  1  1     0.34814664
1969  1  2     0.32865864
1969  1  3     0.31525813
1969  1  4     0.31475946
1969  1  5     0.31201828
1969  1  6     0.32008695
1969  1  7     0.32134249
1969  1  8     0.32028465
1969  1  9     0.30264940
1969  1 10     0.27628817
1969  1 11     0.27433365
1969  1 12     1.19647706
1969  1 13     4.61965493
1969  1 14    11.16342555
1969  1 15     4.94830839
1969  1 16     1.87269703
1969  1 17     1.41158722
1969  1 18     1.50580609
1969  1 19    23.65299489
1969  1 20    20.09448968
1969  1 21    34.16173014
1969  1 22    28.29392075
1969  1 23    11.39567970
1969  1 24     7.15993290
1969  1 25    23.72823452
1969  1 26    29.85915310
1969  1 27    15.14068402
1969  1 28     9.36675185
1969  1 29     5.95611357
1969  1 30     4.80203278
1969  1 31     3.93662630
1969  2  1     3.54325240
1969  2  2     3.20393778
1969  2  3     2.96494439
1969  2  4     2.81080136
1969  2  5     4.82801448
1969  2  6     8.00318102
1969  2  7     4.17429154
1969  2  8     2.66183450
1969  2  9     2.41460140
1969  2 10     2.30044007
1969  2 11     2.21635875
1969  2 12     3.84145194
1969  2 13     2.59516197
1969  2 14     2.11781703
1969  2 15     5.51193528
1969  2 16     5.87687633
1969  2 17     4.52083739
1969  2 18     6.17077064
1969  2 19     4.81165148
1969  2 20     3.07950853
1969  2 21     2.47735041
1969  2 22     2.07105776
1969  2 23     3.27559621
1969  2 24     9.61261225
1969  2 25     8.27332051
1969  2 26     6.12696474
1969  2 27     2.81387902
1969  2 28     2.60281802
1969  3  1     5.67634623
1969  3  2     2.96736782
1969  3  3     3.51765555
1969  3  4     2.38710203
1969  3  5     1.90411537
1969  3  6     1.79038109
1969  3  7     1.64367606
1969  3  8     1.55078556
1969  3  9     1.49199775
1969  3 10     4.37030013
1969  3 11     1.94862655
1969  3 12     1.51317168
1969  3 13     1.48245350
1969  3 14     1.34238328
1969  3 15     1.37370901
1969  3 16     1.48634367
1969  3 17     1.66712641
1969  3 18     1.63379426
1969  3 19     1.60863277
1969  3 20     1.69801190
1969  3 21     6.20245824
1969  3 22     3.44655115
1969  3 23     2.40782088
1969  3 24     2.69162469
1969  3 25     2.76188185
1969  3 26     2.79128849
1969  3 27     2.88765076
1969  3 28     3.08992060
1969  3 29     3.46688688
1969  3 30     3.77143424
1969  3 31     3.87149724
1969  4  1     3.52667527
1969  4  2     3.02388729
1969  4  3     3.72853717
1969  4  4     2.77827257
1969  4  5     4.29886585
1969  4  6    11.63975213
1969  4  7     4.76232867
1969  4  8     2.66976627
1969  4  9     2.54053404
1969  4 10     2.38645001
1969  4 11     2.75611710
1969  4 12     3.64053190
1969  4 13     3.51087504
1969  4 14     2.89042083
1969  4 15     2.41802045
1969  4 16     2.50100787
1969  4 17     3.11617659
1969  4 18     3.48491451
1969  4 19     3.20017048
1969  4 20     4.01225307
1969  4 21     5.67685543
1969  4 22     6.66912144
1969  4 23     6.29655565
1969  4 24     5.01465034
1969  4 25     3.13479337
1969  4 26     2.63190314
1969  4 27     2.91118841
1969  4 28     3.85043991
1969  4 29     4.84732487
1969  4 30     4.96522759
1969  5  1     4.78718432
1969  5  2     4.43369793
1969  5  3     4.28622056
1969  5  4     3.42714570
1969  5  5     3.49127909
1969  5  6     5.26334139
1969  5  7     6.86867841
1969  5  8     7.43698626
1969  5  9     7.82381857
1969  5 10     8.58463007
1969  5 11     9.28227197
1969  5 12     9.79642582
1969  5 13     9.31633611
1969  5 14     7.98315275
1969  5 15     6.83691515
1969  5 16     7.01532253
1969  5 17     8.32180281
1969  5 18     8.77948515
1969  5 19     8.05106097
1969  5 20     7.63037750
1969  5 21     7.82426710
1969  5 22     8.41784471
1969  5 23     9.07555816
1969  5 24     9.39252829
1969  5 25     8.95104496
1969  5 26     8.53877954
1969  5 27     8.26981303
1969  5 28     7.56865171
1969  5 29     7.97794308
1969  5 30     9.33057824
1969  5 31     9.81208444
1969  6  1     9.98726455
1969  6  2    10.25412822
1969  6  3    10.30122559
1969  6  4    10.00455749
1969  6  5     9.66158434
1969  6  6     9.21063821
1969  6  7     8.52155758
1969  6  8     8.00449010
1969  6  9     7.04326130
1969  6 10     5.88214417
1969  6 11     4.97421091
1969  6 12     4.69595877
1969  6 13     5.28123372
1969  6 14     5.83331875
1969  6 15     6.29770824
1969  6 16     6.92204833
1969  6 17     6.75739587
1969  6 18     5.99317155
1969  6 19     5.85991528
1969  6 20     5.96630279
1969  6 21     5.76755270
1969  6 22     5.38451960
1969  6 23     5.47099709
1969  6 24     5.17996268
1969  6 25     4.53514451
1969  6 26     3.91316960
1969  6 27     3.48843947
1969  6 28     3.11300682
1969  6 29     2.97417580
1969  6 30     3.25080071
1969  7  1     3.54633913
1969  7  2     3.64378943
1969  7  3     3.48342427
1969  7  4     3.29200227
1969  7  5     3.08227685
1969  7  6     2.89362327
1969  7  7     2.64810051
1969  7  8     2.48598513
1969  7  9     2.38216048
1969  7 10     2.10794335
1969  7 11     1.95640908
1969  7 12     1.86183240
1969  7 13     1.75406379
1969  7 14     1.53350288
1969  7 15     1.19633891
1969  7 16     0.94924680
1969  7 17     0.77311409
1969  7 18     0.64731987
1969  7 19     0.56447084
1969  7 20     0.50789131
1969  7 21     0.45796065
1969  7 22     0.42066647
1969  7 23     0.38727646
1969  7 24     0.35719385
1969  7 25     0.33619859
1969  7 26     0.31726223
1969  7 27     0.29495348
1969  7 28     0.28914930
1969  7 29     0.27427265
1969  7 30     0.25345267
1969  7 31     0.24246216
1969  8  1     0.23211310
1969  8  2     0.22245932
1969  8  3     0.21554726
1969  8  4     0.20755938
1969  8  5     0.19916335
1969  8  6     0.19328703
1969  8  7     0.18746910
1969  8  8     0.18140412
1969  8  9     0.17563579
1969  8 10     0.17004088
1969  8 11     0.16516769
1969  8 12     0.16071897
1969  8 13     0.15651962
1969  8 14     0.15183219
1969  8 15     0.14699268
1969  8 16     0.14286705
1969  8 17     0.20093904
1969  8 18     0.19914429
1969  8 19     0.13410922
1969  8 20     0.13068497
1969  8 21     0.12667714
1969  8 22     0.12276455
1969  8 23     0.11951304
1969  8 24     0.11677098
1969  8 25     0.11455561
1969  8 26     0.11243969
1969  8 27     0.10988712
1969  8 28     0.10737661
1969  8 29     0.10551233
1969  8 30     0.10317058
1969  8 31     0.09978514
1969  9  1     0.09659044
1969  9  2     0.09350160
1969  9  3     0.09076833
1969  9  4     0.08951708
1969  9  5     0.08798352
1969  9  6     0.08558128
1969  9  7     0.10520772
1969  9  8     0.15952052
1969  9  9     0.11823173
1969  9 10     0.07827599
1969  9 11     0.07664133
1969  9 12     0.07511871
1969  9 13     0.07373344
1969  9 14     0.07266113
1969  9 15     0.07144780
1969  9 16     0.07024219
1969  9 17     0.06911882
1969  9 18     0.06729354
1969  9 19     0.06560848
1969  9 20     0.06472287
1969  9 21     0.06469932
1969  9 22     0.06342577
1969  9 23     0.06068439
1969  9 24     0.05849568
1969  9 25     0.05673779
1969  9 26     0.05500841
1969  9 27     0.05371575
1969  9 28     0.05286971
1969  9 29     0.05540845
1969  9 30     0.05399689
1969 10  1     0.04925998
1969 10  2     0.04846398
1969 10  3     0.04939186
1969 10  4     0.05065045
1969 10  5     0.05040252
1969 10  6     0.04885722
1969 10  7     0.04687219
1969 10  8     0.04495930
1969 10  9     0.04413982
1969 10 10     0.04388889
1969 10 11     0.04369245
1969 10 12     0.04368034
1969 10 13     0.04299117
1969 10 14     0.06256736
1969 10 15     0.58609041
1969 10 16     5.18381583
1969 10 17     5.50371076
1969 10 18     2.51605886
1969 10 19     0.74299149
1969 10 20     0.54876533
1969 10 21     0.49125117
1969 10 22     0.47046750
1969 10 23     0.42118924
1969 10 24     0.37869926
1969 10 25     0.32370675
1969 10 26     0.27612456
1969 10 27     0.26656028
1969 10 28     0.24552588
1969 10 29     0.20308253
1969 10 30     0.20106107
1969 10 31     0.21226675
1969 11  1     0.22991611
1969 11  2     0.24492603
1969 11  3     0.24491386
1969 11  4     0.24069269
1969 11  5     0.20639152
1969 11  6     3.80847884
1969 11  7     2.71008425
1969 11  8     0.63423779
1969 11  9     0.42133051
1969 11 10     0.34049715
1969 11 11     0.31832958
1969 11 12     0.32553359
1969 11 13     0.34840456
1969 11 14     0.33744007
1969 11 15     0.31417780
1969 11 16     0.55164413
1969 11 17     0.42406894
1969 11 18     0.20048955
1969 11 19     0.17866619
1969 11 20     0.14920755
1969 11 21     0.14033159
1969 11 22     0.11626317
1969 11 23     0.09341500
1969 11 24     0.08708052
1969 11 25     0.08398002
1969 11 26     0.07719225
1969 11 27     0.06568393
1969 11 28     0.05704923
1969 11 29     0.05199240
1969 11 30     0.04637419
1969 12  1     0.04194971
1969 12  2     0.03885962
1969 12  3     0.03619540
1969 12  4     0.03411948
1969 12  5     0.03241952
1969 12  6     0.03081216
1969 12  7     0.02948368
1969 12  8     0.03697134
1969 12  9     0.18949319
1969 12 10     0.08270188
1969 12 11     0.03659336
1969 12 12     0.04439771
1969 12 13     0.04358590
1969 12 14     0.02983508
1969 12 15     0.03030782
1969 12 16     0.03086760
1969 12 17     0.02926764
1969 12 18     0.02862553
1969 12 19     0.29464013
1969 12 20     6.16755294
1969 12 21     7.10229510
1969 12 22     5.16139934
1969 12 23     2.07564621
1969 12 24     2.30419062
1969 12 25     3.06378820
1969 12 26     3.10595613
1969 12 27     1.40487142
1969 12 28     0.80601739
1969 12 29     0.64237516
1969 12 30     0.52556141
1969 12 31     0.44355268
1970  1  1     0.38364147
1970  1  2     0.33807467
1970  1  3     0.30218020
1970  1  4     0.27310957
1970  1  5     0.24904103
1970  1  6     0.22868940
1970  1  7     0.21129036
1970  1  8     0.33804617
1970  1  9     1.57445569
1970  1 10     6.33883331
1970  1 11     3.70935274
1970  1 12     1.39843610
1970  1 13     2.22557544
1970  1 14     4.72772143
1970  1 15     6.68391028
1970  1 16    15.12692948
1970  1 17    15.88480916
1970  1 18     8.15515741
1970  1 19     3.82280774
1970  1 20     4.94955002
1970  1 21    16.74550177
1970  1 22    16.85407374
1970  1 23     8.52836880
1970  1 24    10.11570738
1970  1 25     7.22725023
1970  1 26     3.82322130
1970  1 27     8.11359213
1970  1 28     5.63125280
1970  1 29     3.12763037
1970  1 30     2.65102978
1970  1 31     2.26996701
1970  2  1     1.99524474
1970  2  2     1.79441269
1970  2  3     1.64564894
1970  2  4     1.54472741
1970  2  5     1.46251186
1970  2  6     1.37447530
1970  2  7     1.31202620
1970  2  8     1.29229222
1970  2  9     1.28521100
1970  2 10     1.33133131
1970  2 11     1.27208216
1970  2 12     1.21344813
1970  2 13     2.25741463
1970  2 14     4.43493418
1970  2 15     2.17164379
1970  2 16     1.45316091
1970  2 17     6.92972605
1970  2 18     3.44338348
1970  2 19     1.69317989
1970  2 20     1.49682722
1970  2 21     1.34789962
1970  2 22     1.21493092
1970  2 23     1.14449814
1970  2 24     1.12178096
1970  2 25     1.16705129
1970  2 26     1.19146468
1970  2 27     1.27296738
1970  2 28     1.37476074
1970  3  1     8.22941650
1970  3  2     7.33306715
1970  3  3     2.66472635
1970  3  4     1.79969509
1970  3  5     3.88073955
1970  3  6     1.92776915
1970  3  7     1.43147134
1970  3  8     1.59049268
1970  3  9     1.31984541
1970  3 10     1.73951108
1970  3 11     1.31444142
1970  3 12     1.12810347
1970  3 13     1.33702015
1970  3 14     1.77896363
1970  3 15     1.75533482
1970  3 16     1.56514361
1970  3 17     1.65311349
1970  3 18     1.60688658
1970  3 19     1.36243057
1970  3 20     1.15522551
1970  3 21     1.14350027
1970  3 22     1.35121714
1970  3 23     1.62410477
1970  3 24     2.20276339
1970  3 25     2.70481682
1970  3 26     2.59339641
1970  3 27     2.09331500
1970  3 28     1.75542550
1970  3 29     1.48784719
1970  3 30     1.17254372
1970  3 31     0.96862465
1970  4  1     0.85659332
1970  4  2     0.77511596
1970  4  3     0.85679009
1970  4  4     1.07882556
1970  4  5     1.24996887
1970  4  6     1.45975464
1970  4  7     1.40058855
1970  4  8     1.10187839
1970  4  9     1.03769043
1970  4 10     1.39333689
1970  4 11     1.39372586
1970  4 12     1.05712136
1970  4 13     0.82277886
1970  4 14     1.44466834
1970  4 15     0.73588631
1970  4 16     0.59998151
1970  4 17     0.56812122
1970  4 18     0.57155059
1970  4 19     0.79601378
1970  4 20     0.62236852
1970  4 21     0.44609367
1970  4 22     0.70811735
1970  4 23     0.51472791
1970  4 24     0.45997083
1970  4 25     0.76479068
1970  4 26     1.01416467
1970  4 27     0.94249801
1970  4 28     0.54174067
1970  4 29     0.52152719
1970  4 30     0.78735458
1970  5  1     1.37217615
1970  5  2     2.32183532
1970  5  3     3.55623975
1970  5  4     4.42648607
1970  5  5     4.52928317
1970  5  6     4.06961264
1970  5  7     2.62743778
1970  5  8     1.54465482
1970  5  9     1.57444832
1970  5 10     2.06068434
1970  5 11     1.66520430
1970  5 12     1.03156858
1970  5 13     1.84890632
1970  5 14     2.93697278
1970  5 15     4.31376834
1970  5 16     5.92664765
1970  5 17     6.85233867
1970  5 18     7.07869116
1970  5 19     6.84017890
1970  5 20     5.52976604
1970  5 21     4.25433666
1970  5 22     4.85959903
1970  5 23     5.96792363
1970  5 24     6.29780415
1970  5 25     6.40312095
1970  5 26     6.28707343
1970  5 27     5.92902826
1970  5 28     4.97253186
1970  5 29     4.48587667
1970  5 30     4.78762258
1970  5 31     5.00730561
1970  6  1     5.29494847
1970  6  2     5.30845615
1970  6  3     4.88915918
1970  6  4     4.26744076
1970  6  5     3.65451170
1970  6  6     3.21915447
1970  6  7     2.78101951
1970  6  8     2.48402255
1970  6  9     5.40645980
1970  6 10     3.66936360
1970  6 11     1.59862651
1970  6 12     1.46164579
1970  6 13     1.33820966
1970  6 14     1.04379528
1970  6 15     0.87726717
1970  6 16     0.84591186
1970  6 17     0.85489606
1970  6 18     0.78968561
1970  6 19     0.67819494
1970  6 20     0.55775168
1970  6 21     0.44901623
1970  6 22     0.39216876
1970  6 23     0.34757206
1970  6 24     0.30764235
1970  6 25     0.27950024
1970  6 26     0.27096676
1970  6 27     0.85692983
1970  6 28     0.70029161
1970  6 29     0.28838036
1970  6 30     0.28067929
1970  7  1     0.23916314
1970  7  2     0.20988776
1970  7  3     0.18855386
1970  7  4     0.17293256
1970  7  5     0.15972523
1970  7  6     0.15203819
1970  7  7     0.17183425
1970  7  8     0.16657752
1970  7  9     0.15031936
1970  7 10     0.18462261
1970  7 11     0.15970311
1970  7 12     0.11871563
1970  7 13     0.11619017
1970  7 14     0.10850119
1970  7 15     0.10266049
1970  7 16     0.09839500
1970  7 17     0.09490339
1970  7 18     0.09094384
1970  7 19     0.08671682
1970  7 20     0.08326746
1970  7 21     0.08057638
1970  7 22     0.07865613
1970  7 23     0.07683732
1970  7 24     0.07451914
1970  7 25     0.07221666
1970  7 26     0.08470436
1970  7 27     0.08351713
1970  7 28     0.06726199
1970  7 29     0.06493196
1970  7 30     0.06293699
1970  7 31     0.06184381
1970  8  1     0.05978096
1970  8  2     0.05705734
1970  8  3     0.05528877
1970  8  4     0.05332470
1970  8  5     0.05193061
1970  8  6     0.05067019
1970  8  7     0.04871683
1970  8  8     0.04741465
1970  8  9     0.04588735
1970  8 10     0.04409092
1970  8 11     0.04228249
1970  8 12     0.04031484
1970  8 13     0.03919350
1970  8 14     0.03847000
1970  8 15     0.03767557
1970  8 16     0.03663825
1970  8 17     0.03529276
1970  8 18     0.03408070
1970  8 19     0.03333025
1970  8 20     0.03280544
1970  8 21     0.03251501
1970  8 22     0.03156947
1970  8 23     0.03053082
1970  8 24     0.02994361
1970  8 25     0.02867167
1970  8 26     0.02779391
1970  8 27     0.02701617
1970  8 28     0.02834316
1970  8 29     0.02787802
1970  8 30     0.02489718
1970  8 31     0.02445402
1970  9  1     0.02410266
1970  9  2     0.02344458
1970  9  3     0.02279389
1970  9  4     0.02241121
1970  9  5     0.02363201
1970  9  6     0.02400325
1970  9  7     0.02154511
1970  9  8     0.01947025
1970  9  9     0.01866577
1970  9 10     0.01796299
1970  9 11     0.01740695
1970  9 12     0.01728651
1970  9 13     0.01717152
1970  9 14     0.01872596
1970  9 15     0.01984328
1970  9 16     0.01843711
1970  9 17     0.01678167
1970  9 18     0.01573551
1970  9 19     0.01510806
1970  9 20     0.01573746
1970  9 21     0.01634917
1970  9 22     0.01563422
1970  9 23     0.01470038
1970  9 24     0.01389591
1970  9 25     0.01395962
1970  9 26     0.01367116
1970  9 27     0.01257463
1970  9 28     0.01180915
1970  9 29     0.01144996
1970  9 30     0.01109796
1970 10  1     0.01083300
1970 10  2     0.01048116
1970 10  3     0.01004933
1970 10  4     0.00970030
1970 10  5     0.00969220
1970 10  6     0.00966206
1970 10  7     0.01062526
1970 10  8     0.01146710
1970 10  9     0.01066358
1970 10 10     0.00991026
1970 10 11     0.00923750
1970 10 12     0.00875104
1970 10 13     0.00864556
1970 10 14     0.00876977
1970 10 15     0.00886612
1970 10 16     0.00872474
1970 10 17     0.00853804
1970 10 18     0.00831613
1970 10 19     0.00851247
1970 10 20     0.06850562
1970 10 21     0.16145036
1970 10 22     0.15026692
1970 10 23     0.16607379
1970 10 24     0.39700059
1970 10 25     0.13353864
1970 10 26     0.01106828
1970 10 27     0.01133156
1970 10 28     0.01146836
1970 10 29     0.02080336
1970 10 30     0.04952811
1970 10 31     0.06786352
1970 11  1     0.06145294
1970 11  2     0.04789965
1970 11  3     0.02839020
1970 11  4     0.25327147
1970 11  5     1.47675186
1970 11  6     1.90762994
1970 11  7     1.64093554
1970 11  8     0.37768746
1970 11  9     0.15431877
1970 11 10     0.26773008
1970 11 11     0.25897246
1970 11 12     1.43379959
1970 11 13     1.14805591
1970 11 14     0.33149363
1970 11 15     0.28355435
1970 11 16     0.20468877
1970 11 17     0.15213105
1970 11 18     0.13084149
1970 11 19     0.10148413
1970 11 20     0.08133915
1970 11 21     0.07191764
1970 11 22     0.07055759
1970 11 23     0.08059975
1970 11 24     0.10274978
1970 11 25     5.62551169
1970 11 26     8.84294121
1970 11 27     3.39034026
1970 11 28     1.56433846
1970 11 29     2.28367508
1970 11 30     1.81630263
1970 12  1     1.89243009
1970 12  2     3.46583759
1970 12  3     1.68537855
1970 12  4     1.30853204
1970 12  5     0.77279780
1970 12  6     0.50711069
1970 12  7     1.12321872
1970 12  8     1.12320228
1970 12  9     3.19738454
1970 12 10     1.81072487
1970 12 11     0.81082830
1970 12 12     0.67782276
1970 12 13     0.56641733
1970 12 14     0.48800184
1970 12 15     0.43235885
1970 12 16     2.23698898
1970 12 17     2.14658622
1970 12 18     1.06536312
1970 12 19     0.92649381
1970 12 20     0.56403959
1970 12 21     1.81362586
1970 12 22     0.89633816
1970 12 23     0.43734359
1970 12 24     0.37333118
1970 12 25     0.34445145
1970 12 26     0.32578164
1970 12 27     1.23275539
1970 12 28     0.78963352
1970 12 29     0.67162549
1970 12 30     0.42582616
1970 12 31     0.34595261
1971  1  1     0.31920422
1971  1  2     0.47362993
1971  1  3     0.29831298
1971  1  4     0.26120522
1971  1  5     0.24828255
1971  1  6     0.23425277
1971  1  7     0.22280626
1971  1  8     0.21427179
1971  1  9     0.21100086
1971  1 10     0.21567346
1971  1 11     0.22494607
1971  1 12     3.05046739
1971  1 13     4.13396867
1971  1 14     3.12209385
1971  1 15     1.10559906
1971  1 16     0.65485964
1971  1 17     0.64552557
1971  1 18     0.62806218
1971  1 19     0.61271123
1971  1 20     0.57910928
1971  1 21     0.56911174
1971  1 22     0.52931960
1971  1 23     0.48614224
1971  1 24     0.48480910
1971  1 25     0.49888176
1971  1 26     0.54274199
1971  1 27     0.62497647
1971  1 28     0.69988995
1971  1 29     0.76307085
1971  1 30     0.83820854
1971  1 31     0.88643616
1971  2  1     0.81769312
1971  2  2     0.69595368
1971  2  3     0.55363548
1971  2  4     0.47830981
1971  2  5     0.46536990
1971  2  6     0.44032022
1971  2  7     0.43210729
1971  2  8     0.46744416
1971  2  9     0.53880713
1971  2 10     0.65474615
1971  2 11     0.88159197
1971  2 12     0.97367474
1971  2 13     1.09094312
1971  2 14     1.15193340
1971  2 15     1.20094539
1971  2 16     1.19884588
1971  2 17     0.97402668
1971  2 18     0.71083719
1971  2 19     1.34803163
1971  2 20     0.87906394
1971  2 21     0.57119622
1971  2 22     0.52109441
1971  2 23     0.46310912
1971  2 24     0.42020388
1971  2 25     0.40380381
1971  2 26     0.36957295
1971  2 27     0.34597874
1971  2 28     0.45640542
1971  3  1     0.48329526
1971  3  2     0.31694092
1971  3  3     0.32556332
1971  3  4     0.35657427
1971  3  5     0.30545052
1971  3  6     0.31022687
1971  3  7     0.47824519
1971  3  8     0.63270663
1971  3  9     0.61492594
1971  3 10     0.58420938
1971  3 11     0.63971356
1971  3 12     1.06231534
1971  3 13     3.62927595
1971  3 14     1.80004663
1971  3 15     1.10733293
1971  3 16     0.90847987
1971  3 17     0.86050532
1971  3 18     0.89555423
1971  3 19     0.96770578
1971  3 20     1.12111777
1971  3 21     1.26411663
1971  3 22     1.48024883
1971  3 23     2.15492317
1971  3 24     2.26348004
1971  3 25     2.74566517
1971  3 26     6.33308026
1971  3 27     6.99336936
1971  3 28     3.59867566
1971  3 29     2.74292818
1971  3 30     3.28974941
1971  3 31     2.66927847
1971  4  1     1.79850744
1971  4  2     1.72042255
1971  4  3     2.00682811
1971  4  4     2.52589785
1971  4  5     3.10029133
1971  4  6     3.59406603
1971  4  7     3.46280730
1971  4  8     2.19760132
1971  4  9     1.68896513
1971  4 10     2.12387821
1971  4 11     1.81464520
1971  4 12     1.48482357
1971  4 13     2.14042212
1971  4 14     2.17627280
1971  4 15     1.55170814
1971  4 16     2.11125065
1971  4 17     2.68860469
1971  4 18     1.68055648
1971  4 19     1.10926805
1971  4 20     1.15034599
1971  4 21     1.03267174
1971  4 22     0.76108213
1971  4 23     0.70180709
1971  4 24     0.62973245
1971  4 25     0.57102090
1971  4 26     0.54237528
1971  4 27     0.56269467
1971  4 28     0.93535530
1971  4 29     1.84750073
1971  4 30     2.31796912
1971  5  1     2.97042786
1971  5  2     3.78782339
1971  5  3     4.41011651
1971  5  4     3.36893227
1971  5  5     1.93302142
1971  5  6     2.14422872
1971  5  7     2.36416748
1971  5  8     2.35591488
1971  5  9     1.69243088
1971  5 10     2.27134891
1971  5 11     3.70815788
1971  5 12     7.00301368
1971  5 13     6.96128381
1971  5 14     5.32230235
1971  5 15     5.51529104
1971  5 16     5.94818914
1971  5 17     4.25608054
1971  5 18     2.69585814
1971  5 19     2.86168251
1971  5 20     3.46582804
1971  5 21     3.13143219
1971  5 22     1.95153582
1971  5 23     2.18747947
1971  5 24     3.51726062
1971  5 25     4.73427013
1971  5 26     5.41948505
1971  5 27     4.62423615
1971  5 28     2.85398067
1971  5 29     1.83229003
1971  5 30     1.79338888
1971  5 31     1.42475346
1971  6  1     0.99534641
1971  6  2     0.89390067
1971  6  3     1.24756586
1971  6  4     1.94749990
1971  6  5     2.68761393
1971  6  6     3.54550289
1971  6  7     4.62961104
1971  6  8     5.28540012
1971  6  9     5.13324582
1971  6 10     4.51120934
1971  6 11     4.08870327
1971  6 12     4.60068321
1971  6 13     5.17448905
1971  6 14     5.25286458
1971  6 15     5.55275740
1971  6 16     5.78891192
1971  6 17     5.56970511
1971  6 18     4.93247050
1971  6 19     4.20836628
1971  6 20     3.68870245
1971  6 21     3.41617477
1971  6 22     3.23794290
1971  6 23     2.80931098
1971  6 24     2.37907149
1971  6 25     2.09562972
1971  6 26     1.88266524
1971  6 27     1.99316724
1971  6 28     1.47367009
1971  6 29     0.97455659
1971  6 30     0.84019886
1971  7  1     0.68858301
1971  7  2     0.57799216
1971  7  3     0.50366715
1971  7  4     0.43852537
1971  7  5     0.38953789
1971  7  6     0.34761238
1971  7  7     0.31264987
1971  7  8     0.28463922
1971  7  9     0.26209928
1971  7 10     0.24253073
1971  7 11     0.22547791
1971  7 12     0.21024752
1971  7 13     0.19651512
1971  7 14     0.18419795
1971  7 15     0.17304878
1971  7 16     0.19266647
1971  7 17     0.20672237
1971  7 18     0.19899615
1971  7 19     0.60468779
1971  7 20     0.60545286
1971  7 21     0.23611458
1971  7 22     0.20873626
1971  7 23     0.17388468
1971  7 24     0.15347276
1971  7 25     0.13836848
1971  7 26     0.12811608
1971  7 27     0.11985568
1971  7 28     0.11412469
1971  7 29     0.10891865
1971  7 30     0.32971363
1971  7 31     0.60584452
1971  8  1     0.87571126
1971  8  2     0.68563443
1971  8  3     0.28584667
1971  8  4     0.24139814
1971  8  5     0.18978521
1971  8  6     0.15694292
1971  8  7     0.13181088
1971  8  8     0.13494060
1971  8  9     0.12930903
1971  8 10     0.17394986
1971  8 11     0.16384896
1971  8 12     0.10559130
1971  8 13     0.11649673
1971  8 14     0.12876264
1971  8 15     0.09791864
1971  8 16     0.08081275
1971  8 17     0.07551386
1971  8 18     0.06920454
1971  8 19     0.06479404
1971  8 20     0.06136714
1971  8 21     0.05880189
1971  8 22     0.05653500
1971  8 23     0.05425947
1971  8 24     0.05217628
1971  8 25     0.05030663
1971  8 26     0.05108064
1971  8 27     0.05545174
1971  8 28     0.05123296
1971  8 29     0.04372197
1971  8 30     0.04261042
1971  8 31     0.04173722
1971  9  1     0.04074728
1971  9  2     0.03947582
1971  9  3     0.03880504
1971  9  4     0.03794482
1971  9  5     0.03605284
1971  9  6     0.41116357
1971  9  7     0.45993329
1971  9  8     0.13469519
1971  9  9     0.04142606
1971  9 10     0.04222808
1971  9 11     0.03732359
1971  9 12     0.03387250
1971  9 13     0.03129128
1971  9 14     0.02921884
1971  9 15     0.02793596
1971  9 16     0.02708076
1971  9 17     0.02666040
1971  9 18     0.02663124
1971  9 19     0.02635495
1971  9 20     0.02547652
1971  9 21     0.02494984
1971  9 22     0.02456162
1971  9 23     0.02361177
1971  9 24     0.02271807
1971  9 25     0.02243287
1971  9 26     0.02284741
1971  9 27     0.02306812
1971  9 28     0.02255193
1971  9 29     0.05804618
1971  9 30     0.36809177
1971 10  1     0.25589693
1971 10  2     0.08226935
1971 10  3     0.09277822
1971 10  4     0.08583140
1971 10  5     0.06653489
1971 10  6     0.04264590
1971 10  7     0.02313238
1971 10  8     0.02145928
1971 10  9     0.01899061
1971 10 10     0.01721620
1971 10 11     0.01608927
1971 10 12     0.01520921
1971 10 13     0.01445553
1971 10 14     0.01445985
1971 10 15     0.01460995
1971 10 16     0.09062819
1971 10 17     0.07154225
1971 10 18     0.02638538
1971 10 19     0.03014479
1971 10 20     0.10960626
1971 10 21     0.17154960
1971 10 22     0.13767459
1971 10 23     0.09923011
1971 10 24     0.05527434
1971 10 25     0.02553337
1971 10 26     0.02439377
1971 10 27     0.02341755
1971 10 28     0.02074388
1971 10 29     0.01797767
1971 10 30     0.01755475
1971 10 31     0.01696077
1971 11  1     0.01635147
1971 11  2     0.01748119
1971 11  3     0.03133344
1971 11  4     0.06644248
1971 11  5     0.05571115
1971 11  6     0.02858563
1971 11  7     0.02873543
1971 11  8     0.02519377
1971 11  9     0.02911337
1971 11 10     0.02775859
1971 11 11     3.07469611
1971 11 12     5.83601086
1971 11 13     2.42013305
1971 11 14     0.97816302
1971 11 15     0.47342880
1971 11 16     0.31281449
1971 11 17     0.23963237
1971 11 18     0.19530579
1971 11 19     0.15262235
1971 11 20     0.12902708
1971 11 21     0.11886375
1971 11 22     0.10065943
1971 11 23     0.08822535
1971 11 24     0.08217716
1971 11 25     0.07122394
1971 11 26     0.07047303
1971 11 27     0.36469981
1971 11 28     1.21717222
1971 11 29     1.28900282
1971 11 30     0.34397953
1971 12  1     0.14697703
1971 12  2     0.11223908
1971 12  3     0.46730939
1971 12  4     0.18183799
1971 12  5     0.06324670
1971 12  6     0.18452731
1971 12  7     0.07277528
1971 12  8     0.03763047
1971 12  9     0.03344454
1971 12 10     0.11579154
1971 12 11     0.15300145
1971 12 12     0.07137319
1971 12 13     0.36300418
1971 12 14     0.05788100
1971 12 15     0.11350467
1971 12 16     0.03085730
1971 12 17     0.01857231
1971 12 18     0.01724832
1971 12 19     0.01628151
1971 12 20     0.01563361
1971 12 21     0.01517199
1971 12 22     1.30320018
1971 12 23     2.23061548
1971 12 24     0.82060277
1971 12 25     1.81722521
1971 12 26     1.82768447
1971 12 27     0.67958406
1971 12 28     0.64814151
1971 12 29     0.26708630
1971 12 30     0.19858713
1971 12 31     0.18163606
1972  1  1     0.16837415
1972  1  2     0.15846512
1972  1  3     0.15125607
1972  1  4     0.14283135
1972  1  5     0.13601810
1972  1  6     0.13383426
1972  1  7     0.13510772
1972  1  8     0.13035823
1972  1  9     0.12257429
1972  1 10     0.12327872
1972  1 11     0.12463152
1972  1 12     0.12536113
1972  1 13     0.11906056
1972  1 14     0.14399637
1972  1 15     0.15994678
1972  1 16     0.17113115
1972  1 17     0.17380660
1972  1 18     0.17974640
1972  1 19     0.19444421
1972  1 20     0.19314555
1972  1 21     0.19678990
1972  1 22     0.17509355
1972  1 23     1.44827907
1972  1 24     0.76830465
1972  1 25     0.27333900
1972  1 26     0.77761722
1972  1 27     0.54330604
1972  1 28     1.07139495
1972  1 29     0.31558169
1972  1 30     0.19322453
1972  1 31     0.18821173
1972  2  1     0.17785281
1972  2  2     0.15569700
1972  2  3     0.15261961
1972  2  4     0.18803439
1972  2  5     1.58463581
1972  2  6     2.92736288
1972  2  7     0.89255757
1972  2  8     0.49836991
1972  2  9     0.43978172
1972  2 10     0.42075888
1972  2 11     0.42997385
1972  2 12     0.40549454
1972  2 13     0.43670686
1972  2 14     0.46622107
1972  2 15     0.42714964
1972  2 16     0.41212077
1972  2 17     0.46598704
1972  2 18     0.63051289
1972  2 19     0.75001568
1972  2 20     0.71323840
1972  2 21     0.66604084
1972  2 22     2.38410236
1972  2 23     1.80952079
1972  2 24     0.82306872
1972  2 25     0.80955611
1972  2 26     0.87813553
1972  2 27     1.08779532
1972  2 28     1.35045888
1972  2 29     2.77137537
1972  3  1     1.94270891
1972  3  2     1.17590697
1972  3  3     1.61719350
1972  3  4     1.82921759
1972  3  5     2.03990223
1972  3  6     2.53493469
1972  3  7     2.80835727
1972  3  8     2.83264412
1972  3  9     3.02331314
1972  3 10     3.11598929
1972  3 11     2.97971739
1972  3 12     2.73324907
1972  3 13     2.35699190
1972  3 14     2.21398882
1972  3 15     2.39220457
1972  3 16     2.88940060
1972  3 17     3.38107473
1972  3 18     3.56284209
1972  3 19     3.29240080
1972  3 20     3.01296203
1972  3 21     3.17595711
1972  3 22     3.06859716
1972  3 23     1.99628934
1972  3 24     1.36135807
1972  3 25     1.82333242
1972  3 26     1.48347807
1972  3 27     0.91044532
1972  3 28     0.79660870
1972  3 29     0.66733234
1972  3 30     0.60874211
1972  3 31     0.73699601
1972  4  1     0.90832958
1972  4  2     0.90308933
1972  4  3     1.13297999
1972  4  4     1.86962015
1972  4  5     3.29423724
1972  4  6     3.79834874
1972  4  7     1.75904374
1972  4  8     1.07953268
1972  4  9     0.96246975
1972  4 10     0.90918639
1972  4 11     1.65830446
1972  4 12     2.55403875
1972  4 13     2.42728684
1972  4 14     1.11530027
1972  4 15     1.01154688
1972  4 16     1.45321760
1972  4 17     1.50332690
1972  4 18     1.16894145
1972  4 19     0.83908539
1972  4 20     0.70594827
1972  4 21     0.94176078
1972  4 22     1.39157428
1972  4 23     1.89014819
1972  4 24     2.43515270
1972  4 25     1.70719305
1972  4 26     1.18508079
1972  4 27     1.84656291
1972  4 28     2.93650378
1972  4 29     3.01465316
1972  4 30     2.14140246
1972  5  1     2.18280567
1972  5  2     3.11724441
1972  5  3     3.80559308
1972  5  4     3.85579856
1972  5  5     3.64920725
1972  5  6     3.24818333
1972  5  7     2.40745414
1972  5  8     1.88035205
1972  5  9     1.69069683
1972  5 10     1.53354725
1972  5 11     2.02802323
1972  5 12     2.84611228
1972  5 13     3.74682585
1972  5 14     4.65325312
1972  5 15     4.89262871
1972  5 16     4.66652728
1972  5 17     4.03339936
1972  5 18     2.85946177
1972  5 19     2.21149893
1972  5 20     1.70037977
1972  5 21     1.10122361
1972  5 22     0.97279817
1972  5 23     1.29049459
1972  5 24     1.76988691
1972  5 25     2.21538806
1972  5 26     2.87717498
1972  5 27     3.52697760
1972  5 28     3.84548468
1972  5 29     3.95638046
1972  5 30     4.00970478
1972  5 31     3.70182282
1972  6  1     2.97261708
1972  6  2     2.45097358
1972  6  3     2.11319925
1972  6  4     1.85589923
1972  6  5     1.62460550
1972  6  6     1.60040686
1972  6  7     1.88377309
1972  6  8     1.60276420
1972  6  9     1.90487245
1972  6 10     1.69343914
1972  6 11     0.95706559
1972  6 12     0.70679869
1972  6 13     0.61064065
1972  6 14     0.52274220
1972  6 15     0.43752944
1972  6 16     0.37866780
1972  6 17     0.33729162
1972  6 18     0.29827659
1972  6 19     0.26681947
1972  6 20     0.24209731
1972  6 21     0.21886449
1972  6 22     0.20009124
1972  6 23     0.18546812
1972  6 24     0.17330334
1972  6 25     0.17810353
1972  6 26     0.16926940
1972  6 27     0.14313152
1972  6 28     0.13489837
1972  6 29     0.12741423
1972  6 30     0.12044993
1972  7  1     0.11430630
1972  7  2     0.10918160
1972  7  3     0.10466853
1972  7  4     0.10040894
1972  7  5     0.09630949
1972  7  6     0.09257128
1972  7  7     0.08932821
1972  7  8     0.08625609
1972  7  9     0.08310068
1972  7 10     0.08035244
1972  7 11     0.07759280
1972  7 12     0.07463282
1972  7 13     0.07146227
1972  7 14     0.06850870
1972  7 15     0.06573346
1972  7 16     0.06339468
1972  7 17     0.06180171
1972  7 18     0.06032865
1972  7 19     0.05884668
1972  7 20     0.05771071
1972  7 21     0.05721825
1972  7 22     0.05602327
1972  7 23     0.05381324
1972  7 24     0.05209392
1972  7 25     0.05061900
1972  7 26     0.04901730
1972  7 27     0.04744661
1972  7 28     0.04566523
1972  7 29     0.04538708
1972  7 30     0.05328393
1972  7 31     0.06093067
1972  8  1     0.05058963
1972  8  2     0.03902556
1972  8  3     0.03820033
1972  8  4     0.03683332
1972  8  5     0.03539940
1972  8  6     0.03389929
1972  8  7     0.03265979
1972  8  8     0.03168278
1972  8  9     0.03065767
1972  8 10     0.03287053
1972  8 11     0.03225832
1972  8 12     0.02843382
1972  8 13     0.02806880
1972  8 14     0.02793824
1972  8 15     0.02802050
1972  8 16     0.02765608
1972  8 17     0.02672174
1972  8 18     0.02864502
1972  8 19     0.02730363
1972  8 20     0.02409410
1972  8 21     0.02320386
1972  8 22     0.02203681
1972  8 23     0.02107360
1972  8 24     0.02038254
1972  8 25     0.01997707
1972  8 26     0.01941325
1972  8 27     0.01870711
1972  8 28     0.03165693
1972  8 29     0.08592800
1972  8 30     0.09678529
1972  8 31     0.06310774
1972  9  1     0.11535243
1972  9  2     0.15677808
1972  9  3     0.06647638
1972  9  4     0.03248643
1972  9  5     0.98078322
1972  9  6     1.12355574
1972  9  7     0.22341614
1972  9  8     0.08791002
1972  9  9     0.06798855
1972  9 10     0.05183249
1972  9 11     0.11913696
1972  9 12     0.11866060
1972  9 13     0.03975914
1972  9 14     0.04125972
1972  9 15     0.03305284
1972  9 16     0.02769119
1972  9 17     0.02425358
1972  9 18     0.02185757
1972  9 19     0.02020607
1972  9 20     0.01889718
1972  9 21     0.01728532
1972  9 22     0.01598634
1972  9 23     0.01529319
1972  9 24     0.01463737
1972  9 25     0.01400146
1972  9 26     0.01391339
1972  9 27     0.01407631
1972  9 28     0.01248030
1972  9 29     0.01135503
1972  9 30     0.01065152
1972 10  1     0.08945531
1972 10  2     0.40315334
1972 10  3     0.37745034
1972 10  4     0.19489019
1972 10  5     0.19097718
1972 10  6     0.12570592
1972 10  7     0.17754784
1972 10  8     0.20296173
1972 10  9     0.23500169
1972 10 10     0.28927271
1972 10 11     0.30237539
1972 10 12     0.15604231
1972 10 13     0.08649441
1972 10 14     0.07242447
1972 10 15     0.14239603
1972 10 16     0.09105528
1972 10 17     0.12321237
1972 10 18     0.22879082
1972 10 19     0.25948928
1972 10 20     0.27991765
1972 10 21     0.20354265
1972 10 22     0.14269301
1972 10 23     0.14919941
1972 10 24     0.11065135
1972 10 25     0.07057284
1972 10 26     0.05582100
1972 10 27     0.04488753
1972 10 28     0.03406183
1972 10 29     0.02803954
1972 10 30     0.02402014
1972 10 31     0.02155734
1972 11  1     0.02168313
1972 11  2     0.01970898
1972 11  3     0.02232023
1972 11  4     2.10118984
1972 11  5     1.37182779
1972 11  6     0.28897681
1972 11  7     0.26943925
1972 11  8     0.92425562
1972 11  9     0.50991533
1972 11 10     0.19901519
1972 11 11     0.99124948
1972 11 12     0.28686860
1972 11 13     0.09262555
1972 11 14     1.50928945
1972 11 15     0.86651297
1972 11 16     0.65750680
1972 11 17     0.25809294
1972 11 18     0.05811956
1972 11 19     0.04851336
1972 11 20     0.03786423
1972 11 21     0.02975111
1972 11 22     0.02693892
1972 11 23     0.02365048
1972 11 24     0.02182016
1972 11 25     0.02208416
1972 11 26     0.02735243
1972 11 27     0.03164133
1972 11 28     0.03143567
1972 11 29     0.02867110
1972 11 30     0.02599867
1972 12  1     0.03043959
1972 12  2     0.03227457
1972 12  3     0.04901462
1972 12  4     1.06225921
1972 12  5     0.53976103
1972 12  6     0.29224420
1972 12  7     0.30163009
1972 12  8     0.25566996
1972 12  9     0.05752980
1972 12 10     0.03077722
1972 12 11     0.02595646
1972 12 12     0.02234584
1972 12 13     0.01960584
1972 12 14     0.01751311
1972 12 15     0.01581155
1972 12 16     0.01618075
1972 12 17     1.61564590
1972 12 18     1.62450237
1972 12 19     1.92226901
1972 12 20     0.91627327
1972 12 21     0.34825476
1972 12 22     1.21829300
1972 12 23     0.86932339
1972 12 24     0.40101258
1972 12 25     0.32595377
1972 12 26     0.28484406
1972 12 27     0.25539510
1972 12 28     0.33598014
1972 12 29     0.23839282
1972 12 30     0.18405287
1972 12 31     0.16981059
1973  1  1     0.15654926
1973  1  2     0.14667580
1973  1  3     0.15114164
1973  1  4     0.13546844
1973  1  5     0.12356677
1973  1  6     0.11764826
1973  1  7     0.11206450
1973  1  8     0.14500689
1973  1  9     1.92875852
1973  1 10     1.91930002
1973  1 11     0.65481297
1973  1 12     6.11720872
1973  1 13     3.50300186
1973  1 14     1.11557205
1973  1 15     0.87461976
1973  1 16     6.22279660
1973  1 17     9.08427670
1973  1 18     4.54098249
1973  1 19     3.94175450
1973  1 20     2.15268277
1973  1 21     1.54927582
1973  1 22     1.19630779
1973  1 23     0.98867196
1973  1 24     0.87148090
1973  1 25     0.80551886
1973  1 26     0.77198715
1973  1 27     0.65723659
1973  1 28     0.62726607
1973  1 29     0.66076204
1973  1 30     1.78594649
1973  1 31     0.98897390
1973  2  1     0.64724074
1973  2  2     0.59378280
1973  2  3     0.55621689
1973  2  4     1.77453812
1973  2  5     1.00773358
1973  2  6     1.17657456
1973  2  7     3.74634373
1973  2  8     1.81776232
1973  2  9     0.85090826
1973  2 10     6.93488581
1973  2 11    11.61217820
1973  2 12     7.32574997
1973  2 13     3.08272500
1973  2 14     2.80157821
1973  2 15     3.24822750
1973  2 16     1.59557742
1973  2 17     1.20860463
1973  2 18     1.09921924
1973  2 19     1.00779217
1973  2 20     0.98328343
1973  2 21     1.01024523
1973  2 22     0.95654932
1973  2 23     0.90966648
1973  2 24     1.24672545
1973  2 25     1.70439141
1973  2 26     1.23841987
1973  2 27     4.69227183
1973  2 28     6.69501167
1973  3  1     3.05618483
1973  3  2     1.64016342
1973  3  3     1.44415955
1973  3  4     4.10868782
1973  3  5     2.07445130
1973  3  6     1.84299190
1973  3  7     2.93605113
1973  3  8     2.87450233
1973  3  9     1.43067856
1973  3 10     1.16584622
1973  3 11     3.85902749
1973  3 12     2.01027250
1973  3 13     1.41790648
1973  3 14     1.26343356
1973  3 15     1.09837669
1973  3 16     1.07500877
1973  3 17     1.14738252
1973  3 18     1.02297917
1973  3 19     0.99620344
1973  3 20     5.82798078
1973  3 21     3.33621200
1973  3 22     3.68409347
1973  3 23     1.76408221
1973  3 24     1.37267732
1973  3 25     1.36164791
1973  3 26     1.92638217
1973  3 27     1.43128726
1973  3 28     1.48626152
1973  3 29     1.07076073
1973  3 30     0.96592807
1973  3 31     2.23655436
1973  4  1     1.32639923
1973  4  2     0.97460644
1973  4  3     0.91921601
1973  4  4     1.05530566
1973  4  5     1.30353702
1973  4  6     1.51260571
1973  4  7     1.65295959
1973  4  8     1.68929216
1973  4  9     1.79609005
1973  4 10     1.95048380
1973  4 11     2.05939687
1973  4 12     2.24114254
1973  4 13     2.17821668
1973  4 14     1.81062479
1973  4 15     1.14906572
1973  4 16     0.96855163
1973  4 17     1.17137833
1973  4 18     1.07223129
1973  4 19     0.81843547
1973  4 20     0.79823529
1973  4 21     0.79590961
1973  4 22     0.99041868
1973  4 23     1.65996368
1973  4 24     2.34525155
1973  4 25     2.81991315
1973  4 26     3.63950625
1973  4 27     4.46516198
1973  4 28     4.66912688
1973  4 29     3.75856650
1973  4 30     2.45653324
1973  5  1     2.16099963
1973  5  2     2.63742229
1973  5  3     3.12746662
1973  5  4     2.92889356
1973  5  5     1.96364659
1973  5  6     1.31352041
1973  5  7     2.01803714
1973  5  8     3.28132264
1973  5  9     4.29498121
1973  5 10     5.30244892
1973  5 11     6.67172417
1973  5 12     7.46707248
1973  5 13     8.24447961
1973  5 14     8.87581873
1973  5 15     8.69103026
1973  5 16     8.85922073
1973  5 17     9.22379303
1973  5 18     9.58952454
1973  5 19    10.27294489
1973  5 20     9.09735701
1973  5 21     7.36668999
1973  5 22     6.60209217
1973  5 23     6.59983825
1973  5 24     6.74110838
1973  5 25     6.06173688
1973  5 26     4.45756554
1973  5 27     3.90656052
1973  5 28     5.14027287
1973  5 29     6.56689802
1973  5 30     7.27362855
1973  5 31     7.31123253
1973  6  1     6.80689164
1973  6  2     5.06484967
1973  6  3     3.96559333
1973  6  4     4.07047036
1973  6  5     4.35311076
1973  6  6     4.55812487
1973  6  7     4.23218925
1973  6  8     3.78994300
1973  6  9     3.53247803
1973  6 10     3.01725238
1973  6 11     2.32204736
1973  6 12     1.85889273
1973  6 13     1.56580980
1973  6 14     1.30941455
1973  6 15     1.03170564
1973  6 16     0.86343195
1973  6 17     0.78660268
1973  6 18     0.67544012
1973  6 19     0.56450118
1973  6 20     0.49552837
1973  6 21     0.44543454
1973  6 22     0.40034161
1973  6 23     0.36475488
1973  6 24     0.33591953
1973  6 25     0.31052448
1973  6 26     0.29827776
1973  6 27     0.36521158
1973  6 28     0.33201224
1973  6 29     0.23665093
1973  6 30     0.22436582
1973  7  1     0.21369090
1973  7  2     0.20300185
1973  7  3     0.19276652
1973  7  4     0.18330847
1973  7  5     0.17453678
1973  7  6     0.16715149
1973  7  7     0.16102980
1973  7  8     0.15521535
1973  7  9     0.14927864
1973  7 10     0.14318977
1973  7 11     0.13768265
1973  7 12     0.13332258
1973  7 13     0.13150407
1973  7 14     0.12900590
1973  7 15     0.15396572
1973  7 16     0.16727450
1973  7 17     0.14268003
1973  7 18     0.11974809
1973  7 19     0.10803690
1973  7 20     0.10504143
1973  7 21     0.10266634
1973  7 22     0.10014716
1973  7 23     0.09801043
1973  7 24     0.09513184
1973  7 25     0.09075137
1973  7 26     0.08958032
1973  7 27     0.08645657
1973  7 28     0.08209629
1973  7 29     0.07977127
1973  7 30     0.07769182
1973  7 31     0.08299388
1973  8  1     0.10330956
1973  8  2     0.11757628
1973  8  3     0.13146218
1973  8  4     0.15367545
1973  8  5     0.14668626
1973  8  6     0.25917933
1973  8  7     0.18204812
1973  8  8     0.06358125
1973  8  9     0.05933589
1973  8 10     0.05803440
1973  8 11     0.05633962
1973  8 12     0.05446998
1973  8 13     0.05452459
1973  8 14     0.05691547
1973  8 15     0.05363437
1973  8 16     0.04731121
1973  8 17     0.04625200
1973  8 18     0.04497582
1973  8 19     0.04365770
1973  8 20     0.04284304
1973  8 21     0.04149064
1973  8 22     0.04072254
1973  8 23     0.04097645
1973  8 24     0.04083472
1973  8 25     0.03980863
1973  8 26     0.06963443
1973  8 27     0.06859786
1973  8 28     0.04249634
1973  8 29     0.03514403
1973  8 30     0.03347904
1973  8 31     0.03236731
1973  9  1     0.03194616
1973  9  2     0.03171754
1973  9  3     0.03072301
1973  9  4     0.02958598
1973  9  5     0.02851227
1973  9  6     0.02767540
1973  9  7     0.02679690
1973  9  8     0.02617028
1973  9  9     0.02593907
1973  9 10     0.02541717
1973  9 11     0.02433330
1973  9 12     0.02326439
1973  9 13     0.02222899
1973  9 14     0.02146444
1973  9 15     0.02134308
1973  9 16     0.02120611
1973  9 17     0.02071311
1973  9 18     0.02029781
1973  9 19     0.01965637
1973  9 20     0.01917615
1973  9 21     0.01917224
1973  9 22     0.02216485
1973  9 23     0.05180191
1973  9 24     0.03887285
1973  9 25     0.01860937
1973  9 26     0.01771120
1973  9 27     0.01648808
1973  9 28     0.01544062
1973  9 29     0.01482031
1973  9 30     0.01456333
1973 10  1     0.01405546
1973 10  2     0.01390128
1973 10  3     0.01454914
1973 10  4     0.01448057
1973 10  5     0.01354566
1973 10  6     0.01296191
1973 10  7     0.19509774
1973 10  8     1.94011520
1973 10  9     0.61852404
1973 10 10     0.02438723
1973 10 11     0.03013409
1973 10 12     0.04013872
1973 10 13     0.05484750
1973 10 14     0.06157072
1973 10 15     0.03682756
1973 10 16     0.01239037
1973 10 17     0.00968515
1973 10 18     0.00957202
1973 10 19     0.00948942
1973 10 20     0.02345981
1973 10 21     0.02126275
1973 10 22     0.14679691
1973 10 23     2.50775515
1973 10 24     1.47229597
1973 10 25     0.18306619
1973 10 26     0.15503187
1973 10 27     0.10468520
1973 10 28     0.07438397
1973 10 29     0.05582936
1973 10 30     0.04411741
1973 10 31     0.03558049
1973 11  1     0.02937024
1973 11  2     0.02564985
1973 11  3     0.02338098
1973 11  4     0.02139414
1973 11  5     0.02044101
1973 11  6     0.52455898
1973 11  7     1.20809282
1973 11  8     0.72230224
1973 11  9     0.48560487
1973 11 10     2.69438775
1973 11 11     6.80179539
1973 11 12    11.86234421
1973 11 13     6.33765535
1973 11 14     2.98376943
1973 11 15     1.82268449
1973 11 16     1.23479190
1973 11 17     1.32325625
1973 11 18     3.72395211
1973 11 19     2.21264653
1973 11 20     0.88071030
1973 11 21     0.73000600
1973 11 22     0.57184910
1973 11 23     0.47970536
1973 11 24     0.51483264
1973 11 25     0.39851509
1973 11 26     0.48223513
1973 11 27     0.34659235
1973 11 28     0.27468115
1973 11 29     0.25828992
1973 11 30     0.29805974
1973 12  1     8.54876828
1973 12  2     5.80351958
1973 12  3     1.58727764
1973 12  4     1.16844321
1973 12  5     0.88873785
1973 12  6     0.71978934
1973 12  7     0.61787397
1973 12  8     0.54222541
1973 12  9     0.48901853
1973 12 10     0.45110574
1973 12 11     0.41956218
1973 12 12     1.00789160
1973 12 13     1.93661155
1973 12 14     1.82507883
1973 12 15     0.79960721
1973 12 16     0.57443377
1973 12 17     0.64984257
1973 12 18     0.79519306
1973 12 19     0.48889193
1973 12 20     0.39584825
1973 12 21     0.45905441
1973 12 22     3.59542700
1973 12 23     1.83457398
1973 12 24     0.68425696
1973 12 25     0.57978684
1973 12 26     0.52763303
1973 12 27     5.76614748
1973 12 28     7.53452143
1973 12 29     6.59382138
1973 12 30     5.22868900
1973 12 31     2.69685858
1974  1  1     2.30293626
1974  1  2     1.56462935
1974  1  3     1.16809339
1974  1  4     1.12796207
1974  1  5     1.51348376
1974  1  6     2.85853134
1974  1  7     2.65845455
1974  1  8     1.21862470
1974  1  9     0.80669478
1974  1 10     0.71453841
1974  1 11     0.64018936
1974  1 12     1.62985895
1974  1 13     1.07638183
1974  1 14     0.73953068
1974  1 15     0.83451853
1974  1 16     1.40004240
1974  1 17     6.72267639
1974  1 18     5.98782603
1974  1 19     5.93332069
1974  1 20     4.28365173
1974  1 21     2.88094631
1974  1 22     1.97972899
1974  1 23     1.53264347
1974  1 24     1.33268096
1974  1 25     1.18173355
1974  1 26     1.05335679
1974  1 27     0.92608287
1974  1 28     0.85312996
1974  1 29     0.81668056
1974  1 30     0.80031129
1974  1 31     0.78910759
1974  2  1     0.79400292
1974  2  2     0.68547111
1974  2  3     0.65571997
1974  2  4     0.69087526
1974  2  5     0.67639958
1974  2  6     0.61007426
1974  2  7     0.56241634
1974  2  8     0.56428883
1974  2  9     0.55986141
1974  2 10     0.56428582
1974  2 11     0.55366563
1974  2 12     0.52892945
1974  2 13     0.77379315
1974  2 14     0.54258938
1974  2 15     0.43664717
1974  2 16     0.46419930
1974  2 17     0.43218351
1974  2 18     0.38302297
1974  2 19     0.90150662
1974  2 20     0.81447565
1974  2 21     0.45551442
1974  2 22     0.51434994
1974  2 23     0.40858853
1974  2 24     0.41219255
1974  2 25     0.49374750
1974  2 26     0.59253967
1974  2 27     0.52718390
1974  2 28     0.52033635
1974  3  1     6.09658080
1974  3  2    11.32700896
1974  3  3     6.81206081
1974  3  4     2.43955519
1974  3  5     1.63137049
1974  3  6     1.54361844
1974  3  7     1.54853360
1974  3  8     3.08687137
1974  3  9     2.28154556
1974  3 10     1.39279127
1974  3 11     1.15541938
1974  3 12     1.95414933
1974  3 13     1.71606912
1974  3 14     1.62965127
1974  3 15     2.14267701
1974  3 16     2.51818813
1974  3 17     2.41762225
1974  3 18     1.94681404
1974  3 19     2.05494947
1974  3 20     2.14797253
1974  3 21     1.99743752
1974  3 22     1.72981059
1974  3 23     1.45282389
1974  3 24     1.29137431
1974  3 25     1.51275809
1974  3 26     2.10181746
1974  3 27     3.77735658
1974  3 28     7.63402437
1974  3 29     5.69242149
1974  3 30     6.82123749
1974  3 31     5.60089858
1974  4  1     6.91256825
1974  4  2    11.80081362
1974  4  3     4.48472508
1974  4  4     2.36133199
1974  4  5     2.33683364
1974  4  6     2.47387905
1974  4  7     2.52534620
1974  4  8     2.73115713
1974  4  9     3.28419594
1974  4 10     2.69520183
1974  4 11     1.77547174
1974  4 12     1.81732559
1974  4 13     2.01863141
1974  4 14     2.10563522
1974  4 15     2.30607279
1974  4 16     2.42077041
1974  4 17     2.68242538
1974  4 18     2.79707204
1974  4 19     2.13561257
1974  4 20     1.41775796
1974  4 21     1.47061456
1974  4 22     1.84969513
1974  4 23     2.29945237
1974  4 24     4.62484065
1974  4 25     3.86751705
1974  4 26     1.93977596
1974  4 27     1.47289781
1974  4 28     1.60816647
1974  4 29     2.01935330
1974  4 30     2.80298184
1974  5  1     3.79880934
1974  5  2     4.68300895
1974  5  3     4.77611799
1974  5  4     4.40105722
1974  5  5     4.90120507
1974  5  6     5.58570578
1974  5  7     6.50053247
1974  5  8     7.37613556
1974  5  9     7.50719391
1974  5 10     6.99857313
1974  5 11     6.62054171
1974  5 12     6.62844423
1974  5 13     6.06383898
1974  5 14     5.13753276
1974  5 15     4.95119074
1974  5 16     4.34554732
1974  5 17     2.82066674
1974  5 18     1.89183344
1974  5 19     1.54383455
1974  5 20     1.27968035
1974  5 21     1.43451660
1974  5 22     2.35038193
1974  5 23     3.35000082
1974  5 24     4.40086004
1974  5 25     5.39364456
1974  5 26     6.39856466
1974  5 27     7.22910024
1974  5 28     7.09347508
1974  5 29     6.13464151
1974  5 30     4.99988900
1974  5 31     4.59101145
1974  6  1     4.77918776
1974  6  2     5.02639938
1974  6  3     4.98755442
1974  6  4     4.79768457
1974  6  5     4.71353587
1974  6  6     4.26241212
1974  6  7     3.49176218
1974  6  8     2.79054615
1974  6  9     2.43420149
1974  6 10     2.45235171
1974  6 11     2.53862258
1974  6 12     2.42925006
1974  6 13     2.01748995
1974  6 14     1.50364014
1974  6 15     1.10226699
1974  6 16     0.87842563
1974  6 17     0.74767940
1974  6 18     0.64227176
1974  6 19     0.57272238
1974  6 20     0.51552970
1974  6 21     0.46415870
1974  6 22     0.41924017
1974  6 23     0.38255456
1974  6 24     0.35451080
1974  6 25     0.33045363
1974  6 26     0.31029453
1974  6 27     0.29114438
1974  6 28     0.27267662
1974  6 29     0.25597275
1974  6 30     0.24151909
1974  7  1     0.23011247
1974  7  2     0.22040397
1974  7  3     0.21079716
1974  7  4     0.20103197
1974  7  5     0.19241464
1974  7  6     0.18580322
1974  7  7     0.18013996
1974  7  8     0.17402826
1974  7  9     0.31678734
1974  7 10     3.92108912
1974  7 11     2.79131289
1974  7 12     0.70822726
1974  7 13     0.49401328
1974  7 14     0.38640287
1974  7 15     0.31041473
1974  7 16     0.26148766
1974  7 17     0.22876022
1974  7 18     0.20414494
1974  7 19     0.18471024
1974  7 20     0.16947109
1974  7 21     0.15832125
1974  7 22     0.14856237
1974  7 23     0.13952020
1974  7 24     0.15816671
1974  7 25     0.91674747
1974  7 26     0.94681400
1974  7 27     0.28114235
1974  7 28     0.22201364
1974  7 29     0.22715743
1974  7 30     0.45005092
1974  7 31     0.59044084
1974  8  1     0.38351558
1974  8  2     0.21983580
1974  8  3     0.19211381
1974  8  4     0.16515375
1974  8  5     0.24707714
1974  8  6     0.23151665
1974  8  7     0.13761555
1974  8  8     0.12484343
1974  8  9     0.11078515
1974  8 10     0.10229956
1974  8 11     0.09464751
1974  8 12     0.08684911
1974  8 13     0.08239126
1974  8 14     0.07904588
1974  8 15     0.07566766
1974  8 16     0.07216078
1974  8 17     0.06913964
1974  8 18     0.06643556
1974  8 19     0.06427466
1974  8 20     0.06270961
1974  8 21     0.06073928
1974  8 22     0.05809118
1974  8 23     0.05565112
1974  8 24     0.05354018
1974  8 25     0.05167859
1974  8 26     0.05037549
1974  8 27     0.04914795
1974  8 28     0.04790470
1974  8 29     0.04652280
1974  8 30     0.04516193
1974  8 31     0.04414666
1974  9  1     0.04303027
1974  9  2     0.04166222
1974  9  3     0.03997720
1974  9  4     0.03861831
1974  9  5     0.03763767
1974  9  6     0.03629309
1974  9  7     0.03517611
1974  9  8     0.03439727
1974  9  9     0.03360545
1974  9 10     0.03275631
1974  9 11     0.03217464
1974  9 12     0.03204441
1974  9 13     0.03184687
1974  9 14     0.03166832
1974  9 15     0.03133708
1974  9 16     0.03024541
1974  9 17     0.02905491
1974  9 18     0.02801452
1974  9 19     0.02694757
1974  9 20     0.02614665
1974  9 21     0.02535112
1974  9 22     0.02437903
1974  9 23     0.02364723
1974  9 24     0.02330554
1974  9 25     0.02278933
1974  9 26     0.02303639
1974  9 27     0.02364631
1974  9 28     0.02287811
1974  9 29     0.02183004
1974  9 30     0.02140972
1974 10  1     0.02092533
1974 10  2     0.04131618
1974 10  3     0.15794092
1974 10  4     0.12469543
1974 10  5     0.14622576
1974 10  6     0.08214244
1974 10  7     0.04139548
1974 10  8     0.14161343
1974 10  9     0.10870362
1974 10 10     0.01960773
1974 10 11     0.01849021
1974 10 12     0.02101582
1974 10 13     0.02330599
1974 10 14     0.01993490
1974 10 15     0.01600741
1974 10 16     0.01522659
1974 10 17     0.01455008
1974 10 18     0.01426624
1974 10 19     0.01377543
1974 10 20     0.01343091
1974 10 21     0.01379929
1974 10 22     0.01447611
1974 10 23     0.01462258
1974 10 24     0.01437994
1974 10 25     0.01418456
1974 10 26     0.01368659
1974 10 27     0.01339918
1974 10 28     2.57785041
1974 10 29     2.08398187
1974 10 30     0.31297617
1974 10 31     0.41394340
1974 11  1     0.37152511
1974 11  2     0.14143353
1974 11  3     0.07320242
1974 11  4     0.06425468
1974 11  5     0.05980725
1974 11  6     0.05713131
1974 11  7     0.06833501
1974 11  8     0.46760939
1974 11  9     0.25386707
1974 11 10     0.09346503
1974 11 11     0.13363086
1974 11 12     0.16264880
1974 11 13     0.22123413
1974 11 14     0.28135688
1974 11 15     0.27728006
1974 11 16     0.24959505
1974 11 17     0.20026268
1974 11 18     0.17744766
1974 11 19     0.14015109
1974 11 20     0.11306278
1974 11 21     1.47541286
1974 11 22     2.36924153
1974 11 23     0.83526578
1974 11 24     0.34862477
1974 11 25     0.25091981
1974 11 26     0.18278850
1974 11 27     0.14229621
1974 11 28     0.11130213
1974 11 29     0.08810043
1974 11 30     0.07405145
1974 12  1     0.06245725
1974 12  2     0.05380666
1974 12  3     1.21868568
1974 12  4     3.19718809
1974 12  5     1.24716432
1974 12  6     0.24976003
1974 12  7     0.16991356
1974 12  8     0.12578528
1974 12  9     0.09787370
1974 12 10     0.07847191
1974 12 11     0.06554517
1974 12 12     0.05745835
1974 12 13     0.12012554
1974 12 14     0.07089410
1974 12 15     0.04088331
1974 12 16     0.03888331
1974 12 17     0.03682032
1974 12 18     0.03236574
1974 12 19     0.02878007
1974 12 20     0.02896610
1974 12 21     0.02821997
1974 12 22     0.02503368
1974 12 23     0.02258759
1974 12 24     0.02132401
1974 12 25     0.01991064
1974 12 26     0.01850473
1974 12 27     0.01706715
1974 12 28     0.59075290
1974 12 29     0.19529637
1974 12 30     0.03207333
1974 12 31     0.03055050
1975  1  1     0.02503855
1975  1  2     0.02106508
1975  1  3     0.01859127
1975  1  4     0.03041788
1975  1  5     0.02626014
1975  1  6     1.66878954
1975  1  7     3.28979974
1975  1  8     5.38088690
1975  1  9     3.53910622
1975  1 10     1.09776402
1975  1 11     0.78444960
1975  1 12     0.58352882
1975  1 13     0.46707038
1975  1 14     0.43030654
1975  1 15     0.40495976
1975  1 16     0.40886876
1975  1 17     0.42311635
1975  1 18     0.44640226
1975  1 19     0.47419345
1975  1 20     0.48587682
1975  1 21     0.44621012
1975  1 22     0.42261402
1975  1 23     0.42073683
1975  1 24     0.41113870
1975  1 25     0.42763481
1975  1 26     0.43608555
1975  1 27     0.31678695
1975  1 28     0.22503154
1975  1 29     0.19900489
1975  1 30     0.16363832
1975  1 31     0.13993318
1975  2  1     0.79810695
1975  2  2     4.09800242
1975  2  3     2.82789325
1975  2  4     2.32071439
1975  2  5     1.21354453
1975  2  6     0.52392668
1975  2  7     0.50962600
1975  2  8     0.83061123
1975  2  9     5.57882229
1975  2 10     7.18210921
1975  2 11     3.03820178
1975  2 12     1.33342383
1975  2 13     2.35331532
1975  2 14     2.43425500
1975  2 15     1.18171016
1975  2 16     0.88461021
1975  2 17     0.76703983
1975  2 18     0.68192297
1975  2 19     0.65151976
1975  2 20     2.67377369
1975  2 21     1.31385610
1975  2 22     0.75008594
1975  2 23     0.75031554
1975  2 24     0.80445433
1975  2 25     0.93525411
1975  2 26     1.06240422
1975  2 27     1.16926097
1975  2 28     1.32891021
1975  3  1     1.44593986
1975  3  2     1.39221294
1975  3  3     1.25516231
1975  3  4     1.47702644
1975  3  5     2.15751683
1975  3  6     5.08035112
1975  3  7     4.15392532
1975  3  8     6.84141615
1975  3  9     4.94553120
1975  3 10     2.56962814
1975  3 11     1.82762508
1975  3 12     1.34691931
1975  3 13     1.21184269
1975  3 14     2.14765587
1975  3 15     1.25156149
1975  3 16     4.28033443
1975  3 17     1.85461745
1975  3 18     1.10447250
1975  3 19     1.38078484
1975  3 20     1.85610954
1975  3 21     1.49969347
1975  3 22     7.37666744
1975  3 23     3.04467170
1975  3 24     1.65113752
1975  3 25    10.97237173
1975  3 26     6.49273526
1975  3 27     2.45300779
1975  3 28     1.96729492
1975  3 29     1.64817817
1975  3 30     1.73800248
1975  3 31     2.23247024
1975  4  1     1.82780984
1975  4  2     1.32858408
1975  4  3     1.23419835
1975  4  4     1.13133491
1975  4  5     4.48619437
1975  4  6     6.69717891
1975  4  7     3.09847361
1975  4  8     2.14346101
1975  4  9     1.56467599
1975  4 10     1.42221062
1975  4 11     1.44670605
1975  4 12     1.55508519
1975  4 13     1.62824565
1975  4 14     1.74644268
1975  4 15     2.85430495
1975  4 16     2.83135716
1975  4 17     1.85374695
1975  4 18     1.30325824
1975  4 19     1.21034602
1975  4 20     1.26006628
1975  4 21     1.58830495
1975  4 22     1.84234567
1975  4 23     1.74023464
1975  4 24     1.80303967
1975  4 25     3.95937399
1975  4 26     2.86705743
1975  4 27     1.50248458
1975  4 28     1.52786398
1975  4 29     1.89197793
1975  4 30     2.28700024
1975  5  1     2.46567901
1975  5  2     2.58454379
1975  5  3     3.02264942
1975  5  4     3.56228036
1975  5  5     2.20388785
1975  5  6     1.52042713
1975  5  7     1.60278430
1975  5  8     2.21148580
1975  5  9     2.92294894
1975  5 10     3.54208494
1975  5 11     4.30154603
1975  5 12     5.29965814
1975  5 13     6.93049953
1975  5 14     8.36948173
1975  5 15     7.81411772
1975  5 16     6.46662852
1975  5 17     6.64572416
1975  5 18     7.81870010
1975  5 19     8.45946022
1975  5 20     6.44157102
1975  5 21     3.61208038
1975  5 22     3.20360642
1975  5 23     4.28364972
1975  5 24     5.67956229
1975  5 25     6.59005337
1975  5 26     7.07401426
1975  5 27     7.33896715
1975  5 28     7.51366315
1975  5 29     8.34567015
1975  5 30     9.15732234
1975  5 31     9.43092883
1975  6  1     9.77793031
1975  6  2     9.31134139
1975  6  3     8.22606108
1975  6  4     7.72211182
1975  6  5     7.92866889
1975  6  6     8.22060388
1975  6  7     7.86851916
1975  6  8     7.19474839
1975  6  9     6.83511731
1975  6 10     6.61151175
1975  6 11     6.49508811
1975  6 12     6.25069734
1975  6 13     5.82371910
1975  6 14     5.85697842
1975  6 15     5.61845952
1975  6 16     4.78467938
1975  6 17     4.03319827
1975  6 18     3.03813827
1975  6 19     2.20056020
1975  6 20     2.24922771
1975  6 21     2.15223462
1975  6 22     2.16083860
1975  6 23     2.21321388
1975  6 24     2.11949119
1975  6 25     1.70892458
1975  6 26     1.38936043
1975  6 27     1.33539018
1975  6 28     1.20673655
1975  6 29     1.13030459
1975  6 30     1.07921872
1975  7  1     1.07585957
1975  7  2     1.03663248
1975  7  3     0.94265070
1975  7  4     0.81786678
1975  7  5     0.64234933
1975  7  6     0.51314907
1975  7  7     0.45417696
1975  7  8     0.40908659
1975  7  9     0.37153718
1975  7 10     0.34197096
1975  7 11     0.32007169
1975  7 12     0.30029458
1975  7 13     0.28359136
1975  7 14     0.26763933
1975  7 15     0.25558294
1975  7 16     0.24650947
1975  7 17     0.23706869
1975  7 18     0.22431329
1975  7 19     0.21922461
1975  7 20     0.20972603
1975  7 21     0.19642135
1975  7 22     0.18883822
1975  7 23     0.18130215
1975  7 24     0.17441778
1975  7 25     0.16776553
1975  7 26     0.16620506
1975  7 27     0.16702426
1975  7 28     0.15972390
1975  7 29     0.14815989
1975  7 30     0.14531971
1975  7 31     0.14262241
1975  8  1     0.13783828
1975  8  2     0.13241895
1975  8  3     0.12759203
1975  8  4     0.12323371
1975  8  5     0.11938441
1975  8  6     0.11586762
1975  8  7     0.11347877
1975  8  8     0.11096469
1975  8  9     0.10735382
1975  8 10     0.10402955
1975  8 11     0.10132059
1975  8 12     0.10153203
1975  8 13     0.09887790
1975  8 14     0.12144215
1975  8 15     0.11553846
1975  8 16     0.08919536
1975  8 17     0.08681446
1975  8 18     0.11042817
1975  8 19     2.10047853
1975  8 20     2.05236805
1975  8 21     0.74433618
1975  8 22     0.32832629
1975  8 23     0.25108508
1975  8 24     0.19291530
1975  8 25     0.15684378
1975  8 26     0.13268078
1975  8 27     0.11673715
1975  8 28     0.10557849
1975  8 29     0.09663078
1975  8 30     0.08917966
1975  8 31     0.08293736
1975  9  1     0.07774059
1975  9  2     0.07331268
1975  9  3     0.06928417
1975  9  4     0.06519997
1975  9  5     0.06115957
1975  9  6     0.05742306
1975  9  7     0.05442741
1975  9  8     0.07589346
1975  9  9     0.26278915
1975  9 10     0.88951309
1975  9 11     0.87733528
1975  9 12     0.32736848
1975  9 13     0.19533040
1975  9 14     0.14011717
1975  9 15     0.11942980
1975  9 16     0.09929711
1975  9 17     0.07884610
1975  9 18     0.06895286
1975  9 19     0.07034900
1975  9 20     0.06607971
1975  9 21     0.05247469
1975  9 22     0.04896590
1975  9 23     0.04593328
1975  9 24     0.04327641
1975  9 25     0.04091362
1975  9 26     0.03888421
1975  9 27     0.03724382
1975  9 28     0.03576199
1975  9 29     0.03464647
1975  9 30     0.03353119
1975 10  1     0.03209008
1975 10  2     0.03066564
1975 10  3     0.02935916
1975 10  4     0.02815494
1975 10  5     0.02724307
1975 10  6     0.11966825
1975 10  7     0.89529677
1975 10  8     0.69838002
1975 10  9     0.20086335
1975 10 10     1.64949159
1975 10 11     5.04190992
1975 10 12     3.40818422
1975 10 13     0.99035996
1975 10 14     0.74300513
1975 10 15     0.54668244
1975 10 16     0.42182194
1975 10 17     0.33218273
1975 10 18     0.28204373
1975 10 19     0.24035436
1975 10 20     0.21643391
1975 10 21     0.20204991
1975 10 22     0.27349148
1975 10 23     0.21547709
1975 10 24     0.11817550
1975 10 25     0.11277805
1975 10 26     1.07778137
1975 10 27     2.34049451
1975 10 28     0.94150718
1975 10 29     0.29827020
1975 10 30     3.25782393
1975 10 31     2.96517483
1975 11  1     0.95874761
1975 11  2     0.91758167
1975 11  3     0.91854401
1975 11  4     0.91408212
1975 11  5     0.88698691
1975 11  6     0.81192319
1975 11  7     0.69599272
1975 11  8     0.61162405
1975 11  9     0.43912744
1975 11 10     1.79418714
1975 11 11     1.24150077
1975 11 12     0.42866677
1975 11 13     0.39425145
1975 11 14     0.39328700
1975 11 15     0.39342049
1975 11 16     0.60757479
1975 11 17     0.70427991
1975 11 18     0.38708289
1975 11 19     0.24422618
1975 11 20     0.19620318
1975 11 21     0.15647174
1975 11 22     0.12957195
1975 11 23     0.11108948
1975 11 24     0.10456154
1975 11 25     0.11158483
1975 11 26     0.11510430
1975 11 27     0.09460122
1975 11 28     0.52839980
1975 11 29     0.35104063
1975 11 30     0.12566266
1975 12  1     0.11329152
1975 12  2     0.10959092
1975 12  3     0.12094136
1975 12  4     0.12764731
1975 12  5     0.12788650
1975 12  6     0.11273907
1975 12  7     0.10413480
1975 12  8     0.10589016
1975 12  9     0.10912498
1975 12 10     0.11089592
1975 12 11     0.08971279
1975 12 12     0.86538224
1975 12 13     0.69514237
1975 12 14     0.25186231
1975 12 15     0.20305106
1975 12 16     0.14816065
1975 12 17     0.11806577
1975 12 18     0.09939080
1975 12 19     0.08413146
1975 12 20     0.07164773
1975 12 21     0.06571549
1975 12 22     0.16417798
1975 12 23     0.11555327
1975 12 24     0.06502771
1975 12 25     0.06842290
1975 12 26     0.06391974
1975 12 27     0.06451900
1975 12 28     0.06299935
1975 12 29     0.07201781
1975 12 30     0.05787185
1975 12 31     0.04235054
1976  1  1     0.04036411
1976  1  2     0.03639356
1976  1  3     0.03330773
1976  1  4     0.03089664
1976  1  5     0.10337414
1976  1  6     0.11323289
1976  1  7     0.04221993
1976  1  8     0.04362529
1976  1  9     0.08323570
1976  1 10     0.21477815
1976  1 11     0.05630441
1976  1 12     0.04448623
1976  1 13     0.04360064
1976  1 14     0.04117698
1976  1 15     0.05224630
1976  1 16     0.09690377
1976  1 17     0.17460340
1976  1 18     0.19260951
1976  1 19     0.15661063
1976  1 20     0.13907521
1976  1 21     0.12003567
1976  1 22     0.09038031
1976  1 23     0.08320233
1976  1 24     0.10918526
1976  1 25     0.09516068
1976  1 26     0.06773046
1976  1 27     0.08479377
1976  1 28     0.14706545
1976  1 29     0.21833171
1976  1 30     0.27539735
1976  1 31     0.28433311
1976  2  1     0.23333062
1976  2  2     0.19616035
1976  2  3     0.17754818
1976  2  4     0.25612974
1976  2  5     0.31894097
1976  2  6     0.56136764
1976  2  7     0.22115186
1976  2  8     0.27134228
1976  2  9     0.42387448
1976  2 10     0.43572120
1976  2 11     0.14329628
1976  2 12     0.10055059
1976  2 13     0.10853168
1976  2 14     1.09516025
1976  2 15     0.87268392
1976  2 16     0.35500684
1976  2 17     0.24483186
1976  2 18     0.23837189
1976  2 19     1.33984723
1976  2 20     0.86792264
1976  2 21     0.33753843
1976  2 22     0.31855610
1976  2 23     0.31522426
1976  2 24     0.26939029
1976  2 25     0.24544922
1976  2 26     0.26573265
1976  2 27     0.30370536
1976  2 28     0.36498110
1976  2 29     0.56282868
1976  3  1     2.82994088
1976  3  2     1.08991346
1976  3  3     0.60167279
1976  3  4     0.35082541
1976  3  5     0.24274108
1976  3  6     0.22861238
1976  3  7     0.27384859
1976  3  8     0.31897125
1976  3  9     0.32492807
1976  3 10     0.31463498
1976  3 11     0.30582301
1976  3 12     0.29097500
1976  3 13     0.34661978
1976  3 14     0.51826758
1976  3 15     0.68544636
1976  3 16     0.93882849
1976  3 17     1.76400237
1976  3 18     2.19729244
1976  3 19     1.61393813
1976  3 20     0.76943191
1976  3 21     0.72362269
1976  3 22     1.10276807
1976  3 23     1.43160615
1976  3 24     1.34356144
1976  3 25     1.02266588
1976  3 26     0.73504732
1976  3 27     0.61577925
1976  3 28     0.50859902
1976  3 29     0.43413310
1976  3 30     0.61134946
1976  3 31     0.97841977
1976  4  1     0.77655752
1976  4  2     0.45324724
1976  4  3     0.53432454
1976  4  4     0.45698330
1976  4  5     0.32539457
1976  4  6     0.28677162
1976  4  7     0.30113525
1976  4  8     1.27824729
1976  4  9     1.08931287
1976  4 10     0.48542846
1976  4 11     1.86433854
1976  4 12     1.19280824
1976  4 13     0.54164033
1976  4 14     0.43633260
1976  4 15     0.62843989
1976  4 16     0.61040134
1976  4 17     0.40271452
1976  4 18     0.52887879
1976  4 19     0.54297203
1976  4 20     0.82507238
1976  4 21     1.45941485
1976  4 22     1.75781101
1976  4 23     1.66088439
1976  4 24     1.96493886
1976  4 25     2.23644186
1976  4 26     1.50109729
1976  4 27     0.82555704
1976  4 28     0.70136415
1976  4 29     0.72038457
1976  4 30     1.33240206
1976  5  1     2.48371756
1976  5  2     2.88456319
1976  5  3     2.58318072
1976  5  4     2.43505485
1976  5  5     2.69156924
1976  5  6     2.52193624
1976  5  7     2.79287748
1976  5  8     2.89628182
1976  5  9     3.52707293
1976  5 10     4.03383901
1976  5 11     3.51619357
1976  5 12     3.33034926
1976  5 13     3.53953854
1976  5 14     3.54428625
1976  5 15     2.94759955
1976  5 16     2.44268891
1976  5 17     2.02360720
1976  5 18     1.51867861
1976  5 19     1.20803104
1976  5 20     1.01734245
1976  5 21     0.90302642
1976  5 22     0.80036832
1976  5 23     0.71845051
1976  5 24     0.63490419
1976  5 25     0.56091992
1976  5 26     0.50177055
1976  5 27     0.39608350
1976  5 28     0.30445381
1976  5 29     0.25864111
1976  5 30     0.22496746
1976  5 31     0.19925414
1976  6  1     0.17859149
1976  6  2     0.16148636
1976  6  3     0.14743282
1976  6  4     0.13520255
1976  6  5     0.12428746
1976  6  6     0.11464362
1976  6  7     0.10633543
1976  6  8     0.09932637
1976  6  9     0.09305075
1976  6 10     0.10763281
1976  6 11     0.13650430
1976  6 12     0.10898252
1976  6 13     0.07435256
1976  6 14     0.07045499
1976  6 15     0.06700087
1976  6 16     0.06385171
1976  6 17     0.06107183
1976  6 18     0.05858505
1976  6 19     0.05628083
1976  6 20     0.05415176
1976  6 21     0.05221388
1976  6 22     0.05045603
1976  6 23     0.04868177
1976  6 24     0.04684933
1976  6 25     0.04520163
1976  6 26     0.04372485
1976  6 27     0.04227899
1976  6 28     0.04085287
1976  6 29     0.03952845
1976  6 30     0.03841540
1976  7  1     0.03739322
1976  7  2     0.03630414
1976  7  3     0.03516740
1976  7  4     0.03405405
1976  7  5     0.03299907
1976  7  6     0.03198026
1976  7  7     0.03102254
1976  7  8     0.03011268
1976  7  9     0.02921783
1976  7 10     0.02832856
1976  7 11     0.02747346
1976  7 12     0.02674618
1976  7 13     0.02600381
1976  7 14     0.11091952
1976  7 15     0.14475010
1976  7 16     0.28380340
1976  7 17     0.21124553
1976  7 18     0.04312765
1976  7 19     0.12167293
1976  7 20     0.11740039
1976  7 21     0.02233108
1976  7 22     0.02190202
1976  7 23     0.11975686
1976  7 24     0.12092635
1976  7 25     0.03829298
1976  7 26     0.03736516
1976  7 27     0.03459849
1976  7 28     0.18316481
1976  7 29     0.21206089
1976  7 30     0.06168121
1976  7 31     0.57750298
1976  8  1     0.61746247
1976  8  2     0.16970653
1976  8  3     0.13734557
1976  8  4     0.09738891
1976  8  5     0.07260884
1976  8  6     0.05669539
1976  8  7     0.04614131
1976  8  8     0.03879677
1976  8  9     0.03344819
1976  8 10     0.02970581
1976  8 11     0.02654564
1976  8 12     0.02368105
1976  8 13     0.02200241
1976  8 14     0.74452254
1976  8 15     2.21211674
1976  8 16     1.98281805
1976  8 17     0.91474075
1976  8 18     0.44251100
1976  8 19     0.51102271
1976  8 20     0.41906422
1976  8 21     0.25694027
1976  8 22     0.17760517
1976  8 23     0.34486216
1976  8 24     0.25123805
1976  8 25     0.11752295
1976  8 26     0.10573961
1976  8 27     0.08053340
1976  8 28     0.06359813
1976  8 29     0.05174774
1976  8 30     0.04312675
1976  8 31     0.03660331
1976  9  1     0.03151040
1976  9  2     0.02745022
1976  9  3     0.02412318
1976  9  4     0.03486557
1976  9  5     0.12005007
1976  9  6     0.11220044
1976  9  7     0.08917328
1976  9  8     0.06891482
1976  9  9     0.02147496
1976  9 10     0.69200792
1976  9 11     2.91697072
1976  9 12     1.82665977
1976  9 13     0.56841050
1976  9 14     0.36658788
1976  9 15     0.28441215
1976  9 16     0.22120124
1976  9 17     0.15461491
1976  9 18     0.11464273
1976  9 19     0.09192878
1976  9 20     0.09023353
1976  9 21     0.12424989
1976  9 22     0.11145734
1976  9 23     0.06098603
1976  9 24     0.05125463
1976  9 25     0.04350765
1976  9 26     0.03685301
1976  9 27     0.02991762
1976  9 28     0.02880036
1976  9 29     0.33798238
1976  9 30     0.51312171
1976 10  1     0.40511423
1976 10  2     1.66223733
1976 10  3     1.09925206
1976 10  4     0.34617791
1976 10  5     0.23655938
1976 10  6     0.17308078
1976 10  7     0.12544100
1976 10  8     0.09742398
1976 10  9     0.07700940
1976 10 10     0.05998961
1976 10 11     0.04968887
1976 10 12     0.04195198
1976 10 13     0.03592928
1976 10 14     0.03111482
1976 10 15     0.02718648
1976 10 16     0.02393297
1976 10 17     0.02120886
1976 10 18     0.01888869
1976 10 19     0.01689410
1976 10 20     0.01517837
1976 10 21     0.01370565
1976 10 22     0.01244421
1976 10 23     0.23269585
1976 10 24     0.16615900
1976 10 25     0.01676884
1976 10 26     0.01904909
1976 10 27     0.01488679
1976 10 28     0.01218292
1976 10 29     0.01035352
1976 10 30     0.00905861
1976 10 31     0.00809924
1976 11  1     0.00733245
1976 11  2     0.00670306
1976 11  3     0.00618579
1976 11  4     0.00575244
1976 11  5     0.00538225
1976 11  6     0.00506057
1976 11  7     0.00478278
1976 11  8     0.00454420
1976 11  9     0.00433388
1976 11 10     0.00415305
1976 11 11     0.00399814
1976 11 12     0.00522670
1976 11 13     0.01499278
1976 11 14     2.06480955
1976 11 15     1.80493837
1976 11 16     0.69821689
1976 11 17     0.27892760
1976 11 18     0.21205619
1976 11 19     0.14679713
1976 11 20     0.10580174
1976 11 21     0.07936928
1976 11 22     0.06144243
1976 11 23     0.04886596
1976 11 24     0.03991512
1976 11 25     0.03321222
1976 11 26     0.02801053
1976 11 27     0.02387010
1976 11 28     0.02050305
1976 11 29     0.01770162
1976 11 30     0.01534958
1976 12  1     0.01336189
1976 12  2     0.01167623
1976 12  3     0.01024362
1976 12  4     0.00901963
1976 12  5     0.00797813
1976 12  6     0.00709385
1976 12  7     0.00631760
1976 12  8     0.00564433
1976 12  9     0.00506228
1976 12 10     0.00457189
1976 12 11     0.00414430
1976 12 12     0.00376440
1976 12 13     0.00343483
1976 12 14     0.00315226
1976 12 15     0.00290198
1976 12 16     0.00268232
1976 12 17     0.00249743
1976 12 18     0.00233674
1976 12 19     0.00218737
1976 12 20     0.00205210
1976 12 21     0.00193862
1976 12 22     0.00184405
1976 12 23     0.00175568
1976 12 24     0.00166599
1976 12 25     0.00157156
1976 12 26     0.00148494
1976 12 27     0.00141267
1976 12 28     0.00135349
1976 12 29     0.00129825
1976 12 30     0.19158402
1976 12 31     0.13325514
1977  1  1     0.06143703
1977  1  2     0.84555266
1977  1  3     1.07559722
1977  1  4     0.40367831
1977  1  5     0.04874973
1977  1  6     0.01761934
1977  1  7     0.01269376
1977  1  8     0.00999997
1977  1  9     0.00956527
1977  1 10     0.00995690
1977  1 11     0.01048359
1977  1 12     0.00966270
1977  1 13     0.01031269
1977  1 14     0.01184179
1977  1 15     0.01205046
1977  1 16     0.01485360
1977  1 17     0.02033167
1977  1 18     0.02862483
1977  1 19     0.03499727
1977  1 20     0.04931707
1977  1 21     0.07217313
1977  1 22     0.06688339
1977  1 23     0.08906796
1977  1 24     0.06815467
1977  1 25     0.03901853
1977  1 26     0.03703770
1977  1 27     0.03954763
1977  1 28     0.04366078
1977  1 29     0.05303057
1977  1 30     0.06384723
1977  1 31     0.08074942
1977  2  1     0.05393066
1977  2  2     0.02508140
1977  2  3     0.02124105
1977  2  4     0.01902546
1977  2  5     0.02112365
1977  2  6     0.02772182
1977  2  7     0.05216430
1977  2  8     0.07178683
1977  2  9     0.29373146
1977  2 10     0.12266248
1977  2 11     0.04984865
1977  2 12     0.09555998
1977  2 13     0.16096715
1977  2 14     0.22685505
1977  2 15     0.32071107
1977  2 16     0.39876370
1977  2 17     0.50180888
1977  2 18     0.59790260
1977  2 19     0.65733519
1977  2 20     0.63495706
1977  2 21     2.97150932
1977  2 22     3.44916893
1977  2 23     1.02520368
1977  2 24     0.63170088
1977  2 25     0.39203339
1977  2 26     0.28230745
1977  2 27     0.22101379
1977  2 28     0.17833803
1977  3  1     0.15378489
1977  3  2     0.10896969
1977  3  3     0.08882430
1977  3  4     0.07664446
1977  3  5     0.08246111
1977  3  6     0.09616236
1977  3  7     0.11496260
1977  3  8     0.14383920
1977  3  9     0.21507915
1977  3 10     0.40421823
1977  3 11     0.12534479
1977  3 12     0.06771605
1977  3 13     0.06081787
1977  3 14     0.04941780
1977  3 15     0.03780604
1977  3 16     0.16434463
1977  3 17     0.18445586
1977  3 18     0.04689524
1977  3 19     0.03137147
1977  3 20     0.04939554
1977  3 21     0.14600857
1977  3 22     0.36092710
1977  3 23     0.44157864
1977  3 24     0.35149493
1977  3 25     0.27644314
1977  3 26     0.15795622
1977  3 27     0.14325483
1977  3 28     0.13244166
1977  3 29     0.08532812
1977  3 30     0.06343101
1977  3 31     0.15310225
1977  4  1     0.07444624
1977  4  2     0.04893710
1977  4  3     0.07455741
1977  4  4     0.24781964
1977  4  5     0.75977615
1977  4  6     1.47255294
1977  4  7     1.99016691
1977  4  8     2.02987650
1977  4  9     1.63478052
1977  4 10     0.84498189
1977  4 11     0.57591491
1977  4 12     0.70348286
1977  4 13     0.91754923
1977  4 14     0.88173026
1977  4 15     1.05225768
1977  4 16     1.47148252
1977  4 17     1.40684977
1977  4 18     0.99846997
1977  4 19     0.82681593
1977  4 20     0.79616119
1977  4 21     0.82382281
1977  4 22     1.04521381
1977  4 23     1.20453105
1977  4 24     1.18710382
1977  4 25     1.09095747
1977  4 26     0.81418111
1977  4 27     0.58587705
1977  4 28     0.51782716
1977  4 29     0.42819309
1977  4 30     0.68355811
1977  5  1     1.29373003
1977  5  2     0.95354950
1977  5  3     0.56588868
1977  5  4     0.34031455
1977  5  5     0.24474177
1977  5  6     0.20040779
1977  5  7     0.15849919
1977  5  8     0.14480593
1977  5  9     0.36875772
1977  5 10     0.66520427
1977  5 11     0.36985964
1977  5 12     1.09703864
1977  5 13     0.52969552
1977  5 14     0.46300322
1977  5 15     0.67527754
1977  5 16     0.65272076
1977  5 17     0.41944949
1977  5 18     0.44558785
1977  5 19     0.72383800
1977  5 20     1.14023346
1977  5 21     2.07925731
1977  5 22     2.67218317
1977  5 23     3.55514547
1977  5 24     2.74255605
1977  5 25     1.35321517
1977  5 26     1.10680385
1977  5 27     0.98169895
1977  5 28     1.13042806
1977  5 29     1.69843357
1977  5 30     2.29075329
1977  5 31     2.54100485
1977  6  1     2.03235758
1977  6  2     1.26552731
1977  6  3     0.83644932
1977  6  4     0.60443926
1977  6  5     0.46906840
1977  6  6     0.37647241
1977  6  7     0.31846847
1977  6  8     0.40088574
1977  6  9     3.57764323
1977  6 10     4.55692573
1977  6 11     1.93861148
1977  6 12     0.98989616
1977  6 13     0.74828681
1977  6 14     0.56140960
1977  6 15     0.43668058
1977  6 16     0.35421569
1977  6 17     0.29580921
1977  6 18     0.26355173
1977  6 19     0.31051574
1977  6 20     0.28102709
1977  6 21     0.19429708
1977  6 22     0.17572950
1977  6 23     0.15391609
1977  6 24     0.13591054
1977  6 25     0.12687579
1977  6 26     0.11863965
1977  6 27     0.15258448
1977  6 28     0.15669692
1977  6 29     0.10867902
1977  6 30     0.09617023
1977  7  1     0.09621915
1977  7  2     0.08471082
1977  7  3     0.07358595
1977  7  4     0.06774122
1977  7  5     0.06405851
1977  7  6     0.05981134
1977  7  7     0.05677994
1977  7  8     0.05408851
1977  7  9     0.05168670
1977  7 10     0.04951098
1977  7 11     0.04741912
1977  7 12     0.04550007
1977  7 13     0.04379337
1977  7 14     0.04216795
1977  7 15     0.04060479
1977  7 16     0.03913445
1977  7 17     0.03773855
1977  7 18     0.03647403
1977  7 19     0.03531208
1977  7 20     0.03598217
1977  7 21     0.04109390
1977  7 22     0.04083644
1977  7 23     0.03408311
1977  7 24     0.03020851
1977  7 25     0.02934125
1977  7 26     0.02848659
1977  7 27     0.02761845
1977  7 28     0.02678195
1977  7 29     0.02599574
1977  7 30     0.02522641
1977  7 31     0.02447742
1977  8  1     0.02375417
1977  8  2     0.02305306
1977  8  3     0.02260346
1977  8  4     0.02226170
1977  8  5     0.02145571
1977  8  6     0.02057050
1977  8  7     0.01999119
1977  8  8     0.01942911
1977  8  9     0.01886454
1977  8 10     0.01831346
1977  8 11     0.01777760
1977  8 12     0.01744783
1977  8 13     0.01946402
1977  8 14     0.01880502
1977  8 15     0.01582386
1977  8 16     0.01536573
1977  8 17     0.02230555
1977  8 18     0.02273675
1977  8 19     0.01519544
1977  8 20     0.04023336
1977  8 21     0.03672339
1977  8 22     0.01290328
1977  8 23     0.01253476
1977  8 24     0.01218039
1977  8 25     0.01186042
1977  8 26     0.01244059
1977  8 27     0.01236474
1977  8 28     0.01091668
1977  8 29     0.01056366
1977  8 30     0.01024553
1977  8 31     0.00996174
1977  9  1     0.00968659
1977  9  2     0.00941487
1977  9  3     0.00914485
1977  9  4     0.00887176
1977  9  5     0.00860762
1977  9  6     0.00835208
1977  9  7     0.00811354
1977  9  8     0.00788954
1977  9  9     0.00766101
1977  9 10     0.00744680
1977  9 11     0.00724640
1977  9 12     0.01677504
1977  9 13     0.01671271
1977  9 14     0.00668867
1977  9 15     0.00653117
1977  9 16     0.01386761
1977  9 17     0.13816838
1977  9 18     0.09319024
1977  9 19     0.01324966
1977  9 20     0.20753829
1977  9 21     0.14272661
1977  9 22     0.00542119
1977  9 23     0.00526457
1977  9 24     0.00510614
1977  9 25     0.00495221
1977  9 26     0.00481149
1977  9 27     0.00467839
1977  9 28     0.00455617
1977  9 29     0.00443015
1977  9 30     0.00432886
1977 10  1     0.00422431
1977 10  2     0.00408929
1977 10  3     0.00395976
1977 10  4     0.00384508
1977 10  5     0.00373024
1977 10  6     0.01426153
1977 10  7     0.01737144
1977 10  8     0.00607453
1977 10  9     0.00336442
1977 10 10     0.00327588
1977 10 11     0.00317854
1977 10 12     0.00307513
1977 10 13     0.00298563
1977 10 14     0.00289857
1977 10 15     0.00280721
1977 10 16     0.00272118
1977 10 17     0.00265581
1977 10 18     0.00259187
1977 10 19     0.00252477
1977 10 20     0.00247810
1977 10 21     0.00244221
1977 10 22     0.00238608
1977 10 23     0.00230553
1977 10 24     0.00221681
1977 10 25     0.00214965
1977 10 26     0.00210100
1977 10 27     0.32882494
1977 10 28     0.23031077
1977 10 29     0.00437952
1977 10 30     0.00296981
1977 10 31     0.00250720
1977 11  1     0.00262753
1977 11  2     0.00203180
1977 11  3     0.08629165
1977 11  4     0.01531352
1977 11  5     0.83675052
1977 11  6     0.56935988
1977 11  7     0.00500293
1977 11  8     0.00402835
1977 11  9     0.00294219
1977 11 10     0.00391745
1977 11 11     0.00539957
1977 11 12     0.00411235
1977 11 13     0.00140669
1977 11 14     0.00136338
1977 11 15     0.00132544
1977 11 16     0.00128962
1977 11 17     0.00124820
1977 11 18     0.00122653
1977 11 19     0.00120953
1977 11 20     0.04060284
1977 11 21     1.05098711
1977 11 22     3.85837570
1977 11 23     2.21930137
1977 11 24     0.32335063
1977 11 25     0.24293671
1977 11 26     0.19489955
1977 11 27     0.16776916
1977 11 28     0.14429031
1977 11 29     0.11975250
1977 11 30     0.09986271
1977 12  1     0.07806795
1977 12  2     0.06195952
1977 12  3     0.06548407
1977 12  4     0.06678299
1977 12  5     0.05846231
1977 12  6     0.04784920
1977 12  7     0.04743324
1977 12  8     0.04088559
1977 12  9     0.02722757
1977 12 10     0.02271603
1977 12 11     0.02707869
1977 12 12     0.25876585
1977 12 13     0.09600021
1977 12 14     0.54961103
1977 12 15     3.87612058
1977 12 16     2.11491492
1977 12 17     2.19192903
1977 12 18     3.06866772
1977 12 19     1.40000881
1977 12 20     0.48953619
1977 12 21     0.38828671
1977 12 22     1.33701104
1977 12 23     4.47080527
1977 12 24     2.39716761
1977 12 25     0.83579782
1977 12 26     0.69004688
1977 12 27     4.07044184
1977 12 28     4.52216756
1977 12 29     2.17526254
1977 12 30     2.94364087
1977 12 31     2.12014887
1978  1  1     1.08376611
1978  1  2     0.90735812
1978  1  3     1.07471835
1978  1  4     0.95082353
1978  1  5     2.98755415
1978  1  6     4.36777623
1978  1  7     1.78394694
1978  1  8     0.88665484
1978  1  9     2.00723837
1978  1 10     2.49131715
1978  1 11     1.23287427
1978  1 12     0.82956486
1978  1 13     0.97620624
1978  1 14     2.24404052
1978  1 15     6.76102509
1978  1 16     7.14222457
1978  1 17     9.27392837
1978  1 18     4.60343064
1978  1 19     5.80754347
1978  1 20     3.32028268
1978  1 21     1.81873678
1978  1 22     1.52331918
1978  1 23     1.34415892
1978  1 24     1.20598606
1978  1 25     1.10650919
1978  1 26     1.03300133
1978  1 27     0.98204560
1978  1 28     0.94140748
1978  1 29     0.91286383
1978  1 30     0.88997098
1978  1 31     0.85752951
1978  2  1     0.81082706
1978  2  2     0.77397356
1978  2  3     0.76075372
1978  2  4     0.76937894
1978  2  5     2.64717265
1978  2  6     6.87864591
1978  2  7     6.06588206
1978  2  8     8.40420965
1978  2  9    11.38105582
1978  2 10     9.60107548
1978  2 11     4.84098048
1978  2 12     2.71991535
1978  2 13     5.11890761
1978  2 14     2.81841705
1978  2 15     1.89454100
1978  2 16     1.70041198
1978  2 17     1.54276310
1978  2 18     1.44806088
1978  2 19     1.40317645
1978  2 20     1.34681994
1978  2 21     1.29052016
1978  2 22     1.31091081
1978  2 23     1.34321510
1978  2 24     1.43462778
1978  2 25     1.44023730
1978  2 26     1.44953919
1978  2 27     1.45998814
1978  2 28     1.40638043
1978  3  1     1.58712489
1978  3  2     5.75968944
1978  3  3    10.17962843
1978  3  4    14.30086639
1978  3  5    14.80109416
1978  3  6     8.64135801
1978  3  7     4.27109052
1978  3  8     3.56498150
1978  3  9     4.10431653
1978  3 10     3.92420739
1978  3 11     3.64559705
1978  3 12     3.41489822
1978  3 13     2.40916494
1978  3 14     2.09461405
1978  3 15     2.10047569
1978  3 16     2.32270438
1978  3 17     2.65711846
1978  3 18     3.10796105
1978  3 19     3.29825923
1978  3 20     3.20917413
1978  3 21     5.09408615
1978  3 22     6.53725328
1978  3 23     3.87729223
1978  3 24     2.66842155
1978  3 25     2.51073910
1978  3 26     3.03537961
1978  3 27     3.48398367
1978  3 28     3.52167235
1978  3 29     3.76375029
1978  3 30     5.14358555
1978  3 31    10.37139185
1978  4  1     6.91727567
1978  4  2     4.12213376
1978  4  3     3.69256148
1978  4  4     4.31422897
1978  4  5     3.62158742
1978  4  6     5.10457099
1978  4  7     5.87394350
1978  4  8     2.79532952
1978  4  9     2.28879834
1978  4 10     3.31962644
1978  4 11     4.42958278
1978  4 12     4.65564002
1978  4 13     4.29451659
1978  4 14     3.49428888
1978  4 15     2.62989195
1978  4 16     6.57285781
1978  4 17     3.16527504
1978  4 18     2.19948090
1978  4 19     2.40544406
1978  4 20     2.45412999
1978  4 21     2.23910585
1978  4 22     1.92276674
1978  4 23     2.21091613
1978  4 24     2.95069626
1978  4 25    16.94690241
1978  4 26    14.87426413
1978  4 27     6.39632612
1978  4 28     4.04169056
1978  4 29     3.71404076
1978  4 30     3.67767978
1978  5  1     3.14316351
1978  5  2     3.37967189
1978  5  3     4.40131171
1978  5  4     5.04337096
1978  5  5     4.62115861
1978  5  6     3.48748387
1978  5  7     3.32610859
1978  5  8     3.89566508
1978  5  9     4.67858668
1978  5 10     5.24835471
1978  5 11     5.12048945
1978  5 12     5.11724509
1978  5 13     6.07852050
1978  5 14     7.13746196
1978  5 15     6.76017160
1978  5 16     4.43694628
1978  5 17     3.49329501
1978  5 18     4.52530521
1978  5 19     5.52371918
1978  5 20     6.46261641
1978  5 21     7.11707139
1978  5 22     6.89162831
1978  5 23     5.81867661
1978  5 24     3.83197532
1978  5 25     2.43177076
1978  5 26     2.28897429
1978  5 27     2.85609625
1978  5 28     4.45390088
1978  5 29     6.48210375
1978  5 30     7.67224980
1978  5 31     7.63264181
1978  6  1     7.28022621
1978  6  2     7.20749794
1978  6  3     6.92685756
1978  6  4     6.53466347
1978  6  5     7.21111160
1978  6  6     8.45679217
1978  6  7     9.21559810
1978  6  8     9.57257974
1978  6  9     9.70154840
1978  6 10     9.12146992
1978  6 11     7.61417620
1978  6 12     7.03793402
1978  6 13     7.34350355
1978  6 14     7.02738006
1978  6 15     6.00200549
1978  6 16     5.23628434
1978  6 17     5.26726259
1978  6 18     5.83068724
1978  6 19     5.79081700
1978  6 20     5.63864515
1978  6 21     5.89207026
1978  6 22     5.86598206
1978  6 23     5.81220792
1978  6 24     5.49661311
1978  6 25     4.87995546
1978  6 26     4.49704212
1978  6 27     4.86654947
1978  6 28     4.43814335
1978  6 29     3.65913402
1978  6 30     3.70175952
1978  7  1     3.73416356
1978  7  2     3.42862261
1978  7  3     2.89583733
1978  7  4     2.78736803
1978  7  5     2.93657361
1978  7  6     3.03648836
1978  7  7     3.14658092
1978  7  8     3.06333681
1978  7  9     2.92921716
1978  7 10     2.64591739
1978  7 11     2.22524012
1978  7 12     1.95690525
1978  7 13     1.76799773
1978  7 14     1.57998055
1978  7 15     1.26662936
1978  7 16     0.98375765
1978  7 17     0.80476799
1978  7 18     0.67759413
1978  7 19     0.58276714
1978  7 20     0.51467237
1978  7 21     0.46743103
1978  7 22     0.42736463
1978  7 23     0.38865424
1978  7 24     0.35210154
1978  7 25     0.32396561
1978  7 26     0.33376647
1978  7 27     0.31279209
1978  7 28     0.27449244
1978  7 29     0.25993108
1978  7 30     0.24057525
1978  7 31     0.22824685
1978  8  1     0.21710747
1978  8  2     0.21185095
1978  8  3     0.20327853
1978  8  4     0.19131018
1978  8  5     0.18499042
1978  8  6     0.18447666
1978  8  7     0.17936781
1978  8  8     0.31944127
1978  8  9     0.32727388
1978  8 10     0.21631977
1978  8 11     0.15441496
1978  8 12     0.14525459
1978  8 13     0.14231483
1978  8 14     0.13965943
1978  8 15     0.13533469
1978  8 16     0.13108291
1978  8 17     0.12947891
1978  8 18     0.12664429
1978  8 19     0.12133281
1978  8 20     0.11729559
1978  8 21     0.11420645
1978  8 22     0.11155097
1978  8 23     0.10940739
1978  8 24     0.10717698
1978  8 25     0.10450139
1978  8 26     0.10171508
1978  8 27     0.09868193
1978  8 28     0.09563210
1978  8 29     0.09231766
1978  8 30     0.08952106
1978  8 31     0.08770730
1978  9  1     0.08567403
1978  9  2     0.08312987
1978  9  3     0.08204489
1978  9  4     0.28275971
1978  9  5     1.90249596
1978  9  6     4.89016967
1978  9  7     4.05894751
1978  9  8     1.70539719
1978  9  9     0.74638805
1978  9 10     3.10634180
1978  9 11     2.46732085
1978  9 12     0.91138942
1978  9 13     0.60661247
1978  9 14     1.30639342
1978  9 15     1.19261020
1978  9 16     0.57722335
1978  9 17     0.42354525
1978  9 18     0.33207679
1978  9 19     0.26941810
1978  9 20     0.22284104
1978  9 21     0.18906920
1978  9 22     0.16278319
1978  9 23     0.14327447
1978  9 24     0.12755237
1978  9 25     0.11332976
1978  9 26     0.10257657
1978  9 27     0.09379608
1978  9 28     0.08643723
1978  9 29     0.08015440
1978  9 30     0.07463535
1978 10  1     0.06952711
1978 10  2     0.06523758
1978 10  3     0.06151491
1978 10  4     0.05808042
1978 10  5     0.05515612
1978 10  6     0.05260149
1978 10  7     0.05028196
1978 10  8     0.04839900
1978 10  9     0.04677986
1978 10 10     0.04510428
1978 10 11     0.04319633
1978 10 12     0.04150964
1978 10 13     0.03995150
1978 10 14     0.03828310
1978 10 15     0.03699193
1978 10 16     0.03635557
1978 10 17     0.03606205
1978 10 18     0.03535738
1978 10 19     0.03433649
1978 10 20     0.03374969
1978 10 21     0.03334502
1978 10 22     0.03249329
1978 10 23     0.03177896
1978 10 24     0.03114586
1978 10 25     0.03011983
1978 10 26     0.02918003
1978 10 27     0.02850646
1978 10 28     0.02780975
1978 10 29     0.02717550
1978 10 30     0.04213071
1978 10 31     0.05751032
1978 11  1     0.07224150
1978 11  2     0.05682286
1978 11  3     0.04296952
1978 11  4     0.06343267
1978 11  5     0.07308593
1978 11  6     0.07677799
1978 11  7     0.07799765
1978 11  8     0.07219359
1978 11  9     0.06193340
1978 11 10     0.04212252
1978 11 11     0.13567603
1978 11 12     0.07042800
1978 11 13     0.32400495
1978 11 14     0.06931900
1978 11 15     0.03276610
1978 11 16     0.03484335
1978 11 17     0.03970248
1978 11 18     0.04501382
1978 11 19     0.04426465
1978 11 20     0.21228493
1978 11 21     1.13947370
1978 11 22     0.84747312
1978 11 23     0.18304169
1978 11 24     0.03723240
1978 11 25     0.02553499
1978 11 26     0.02526512
1978 11 27     0.02539232
1978 11 28     0.02529031
1978 11 29     0.02579875
1978 11 30     0.19562090
1978 12  1     0.48426067
1978 12  2     0.13851359
1978 12  3     0.06812135
1978 12  4     0.07102942
1978 12  5     0.05073028
1978 12  6     0.02568545
1978 12  7     0.02424572
1978 12  8     0.02364567
1978 12  9     0.02224667
1978 12 10     0.02395752
1978 12 11     0.02562959
1978 12 12     0.02603600
1978 12 13     0.02468978
1978 12 14     0.02399125
1978 12 15     0.02308417
1978 12 16     0.02172073
1978 12 17     0.50392068
1978 12 18     0.94706346
1978 12 19     0.65291500
1978 12 20     0.12419328
1978 12 21     0.03812630
1978 12 22     0.02989969
1978 12 23     0.02752330
1978 12 24     0.02546516
1978 12 25     0.02572353
1978 12 26     0.02659535
1978 12 27     0.02432020
1978 12 28     0.02196719
1978 12 29     0.02104961
1978 12 30     0.02021100
1978 12 31     0.01995580
1979  1  1     0.02075449
1979  1  2     0.02017256
1979  1  3     0.02366439
1979  1  4     0.03296938
1979  1  5     0.07907075
1979  1  6     0.06963640
1979  1  7     0.14072126
1979  1  8     0.87663992
1979  1  9     1.82990154
1979  1 10     1.80876267
1979  1 11    13.02797731
1979  1 12    14.64795353
1979  1 13     5.01069540
1979  1 14     3.92556297
1979  1 15     4.54257085
1979  1 16     2.36790159
1979  1 17     2.06717129
1979  1 18     1.73724754
1979  1 19     1.10905166
1979  1 20     0.92265626
1979  1 21     0.82121693
1979  1 22     0.73994760
1979  1 23     0.67736248
1979  1 24     0.72756949
1979  1 25     0.62312353
1979  1 26     0.54879703
1979  1 27     0.50987538
1979  1 28     0.48205309
1979  1 29     0.45704400
1979  1 30     0.43487753
1979  1 31     1.95524588
1979  2  1     1.44326992
1979  2  2     1.38078386
1979  2  3     0.57751943
1979  2  4     0.44016289
1979  2  5     0.43697512
1979  2  6     0.48325857
1979  2  7     0.53244608
1979  2  8     0.56307445
1979  2  9     0.57273250
1979  2 10     0.58280571
1979  2 11     0.56415551
1979  2 12     0.59230574
1979  2 13     3.12196990
1979  2 14    10.88267192
1979  2 15     4.30316594
1979  2 16     2.01119982
1979  2 17     1.38197691
1979  2 18     1.09851334
1979  2 19     5.34696377
1979  2 20     2.49161876
1979  2 21     9.48456238
1979  2 22     6.53479914
1979  2 23     6.17432218
1979  2 24     2.57453678
1979  2 25     1.49520290
1979  2 26     2.00217613
1979  2 27     1.42998105
1979  2 28     1.21486921
1979  3  1     9.66937133
1979  3  2     3.34220674
1979  3  3     1.51108162
1979  3  4     1.46216491
1979  3  5     1.49766366
1979  3  6     1.64371202
1979  3  7     1.86670623
1979  3  8     2.06041641
1979  3  9     2.32585626
1979  3 10     2.60225900
1979  3 11     2.79304222
1979  3 12     3.76441062
1979  3 13     3.31516907
1979  3 14     2.44863280
1979  3 15     2.09833251
1979  3 16     4.85941770
1979  3 17     2.21947119
1979  3 18     1.45431443
1979  3 19     1.32800825
1979  3 20     1.28529070
1979  3 21     1.77709229
1979  3 22     1.56431643
1979  3 23     1.25310152
1979  3 24     1.31276280
1979  3 25     1.57072398
1979  3 26     1.91480043
1979  3 27     6.59269590
1979  3 28    10.87440149
1979  3 29     4.31236778
1979  3 30     2.41652758
1979  3 31     2.00159400
1979  4  1     1.73607204
1979  4  2     1.60131473
1979  4  3     1.57589746
1979  4  4     1.83485751
1979  4  5     2.43876955
1979  4  6     2.77513910
1979  4  7     2.31707542
1979  4  8     2.15037273
1979  4  9     2.30895802
1979  4 10     1.83100179
1979  4 11     1.62986144
1979  4 12     1.73268579
1979  4 13     2.17301324
1979  4 14     2.88380786
1979  4 15     3.39105376
1979  4 16     3.33103040
1979  4 17     3.09197845
1979  4 18     2.16665929
1979  4 19     1.52741305
1979  4 20     1.52771928
1979  4 21     1.96802041
1979  4 22     2.33576406
1979  4 23     2.54654353
1979  4 24     2.14614355
1979  4 25     2.12908587
1979  4 26     3.34050236
1979  4 27     6.44419630
1979  4 28     5.25377209
1979  4 29     3.86950134
1979  4 30     4.15894411
1979  5  1     4.11415369
1979  5  2     3.56866034
1979  5  3     3.87051904
1979  5  4     4.94330727
1979  5  5     5.21610087
1979  5  6     4.56640443
1979  5  7     4.69010461
1979  5  8     3.78212732
1979  5  9     2.34518210
1979  5 10     2.08727992
1979  5 11     2.65994791
1979  5 12     4.20787010
1979  5 13     6.18338859
1979  5 14     7.54586854
1979  5 15     8.06515601
1979  5 16     8.08554490
1979  5 17     8.20354933
1979  5 18     8.72546723
1979  5 19     9.11731211
1979  5 20     9.07229510
1979  5 21     8.73476194
1979  5 22     8.37978961
1979  5 23     8.14970198
1979  5 24     7.52715430
1979  5 25     7.35679930
1979  5 26     8.01992319
1979  5 27     8.28795308
1979  5 28     7.51974356
1979  5 29     6.32062500
1979  5 30     5.50017791
1979  5 31     5.44769312
1979  6  1     5.83835378
1979  6  2     6.18907344
1979  6  3     6.46890847
1979  6  4     6.36718645
1979  6  5     6.15477658
1979  6  6     5.77892444
1979  6  7     4.85088695
1979  6  8     3.86828736
1979  6  9     3.14102295
1979  6 10     2.83001325
1979  6 11     2.66839648
1979  6 12     2.45614360
1979  6 13     2.28449774
1979  6 14     1.97462895
1979  6 15     1.53725029
1979  6 16     1.25959807
1979  6 17     1.05716598
1979  6 18     0.87074235
1979  6 19     0.75422686
1979  6 20     0.72262476
1979  6 21     0.71624853
1979  6 22     0.69771035
1979  6 23     0.62493016
1979  6 24     0.53314071
1979  6 25     0.48253612
1979  6 26     0.44681118
1979  6 27     0.41253386
1979  6 28     0.38021409
1979  6 29     0.35301624
1979  6 30     0.33118879
1979  7  1     0.31341277
1979  7  2     0.30856667
1979  7  3     0.29353882
1979  7  4     0.27235170
1979  7  5     0.26080567
1979  7  6     0.24986278
1979  7  7     0.23990409
1979  7  8     0.23073063
1979  7  9     0.22111375
1979  7 10     0.21256462
1979  7 11     0.20577093
1979  7 12     0.19822932
1979  7 13     0.19081868
1979  7 14     0.18356518
1979  7 15     0.17706948
1979  7 16     0.17129802
1979  7 17     0.16573708
1979  7 18     0.16075564
1979  7 19     0.16465854
1979  7 20     0.20780180
1979  7 21     0.21878048
1979  7 22     0.20026422
1979  7 23     0.16803273
1979  7 24     0.13830766
1979  7 25     0.13914160
1979  7 26     0.13537131
1979  7 27     0.12572083
1979  7 28     0.12287588
1979  7 29     0.11940496
1979  7 30     0.11546925
1979  7 31     0.11186042
1979  8  1     0.10845585
1979  8  2     0.10505287
1979  8  3     0.10220335
1979  8  4     0.09977818
1979  8  5     0.09768276
1979  8  6     0.09538374
1979  8  7     0.10372837
1979  8  8     0.10119985
1979  8  9     0.08963515
1979  8 10     0.08539879
1979  8 11     0.08265282
1979  8 12     0.09364005
1979  8 13     0.10399871
1979  8 14     0.09712914
1979  8 15     0.08340928
1979  8 16     0.07974219
1979  8 17     0.08664210
1979  8 18     0.08465731
1979  8 19     0.07799251
1979  8 20     0.07285959
1979  8 21     0.06875823
1979  8 22     0.06709945
1979  8 23     0.06379095
1979  8 24     0.06173449
1979  8 25     0.05977637
1979  8 26     0.05807176
1979  8 27     0.05618250
1979  8 28     0.05443800
1979  8 29     0.07722677
1979  8 30     0.07941865
1979  8 31     0.06056295
1979  9  1     0.05029065
1979  9  2     0.04799263
1979  9  3     0.04647119
1979  9  4     0.04497057
1979  9  5     0.04329578
1979  9  6     0.04153039
1979  9  7     0.03993584
1979  9  8     0.03852088
1979  9  9     0.03777534
1979  9 10     0.03708102
1979  9 11     0.03599085
1979  9 12     0.03473023
1979  9 13     0.03337408
1979  9 14     0.03217568
1979  9 15     0.03127060
1979  9 16     0.03072941
1979  9 17     0.03005643
1979  9 18     0.02969559
1979  9 19     0.02982673
1979  9 20     0.02986925
1979  9 21     0.02924666
1979  9 22     0.02794440
1979  9 23     0.02700569
1979  9 24     0.02753473
1979  9 25     0.07606324
1979  9 26     0.07731741
1979  9 27     0.02716733
1979  9 28     0.02588689
1979  9 29     0.02407059
1979  9 30     0.02306524
1979 10  1     0.02265527
1979 10  2     0.02485423
1979 10  3     0.02366475
1979 10  4     0.02014512
1979 10  5     0.01935484
1979 10  6     0.01868808
1979 10  7     0.01863283
1979 10  8     0.01941752
1979 10  9     0.02028304
1979 10 10     0.01954592
1979 10 11     0.01819763
1979 10 12     0.01776043
1979 10 13     0.01770885
1979 10 14     0.01775455
1979 10 15     0.01744630
1979 10 16     0.01774534
1979 10 17     0.01707054
1979 10 18     0.05055031
1979 10 19     0.77130495
1979 10 20     2.93051627
1979 10 21     1.40344248
1979 10 22     0.16338197
1979 10 23     0.16645749
1979 10 24     0.13666528
1979 10 25     0.25348562
1979 10 26     0.78995985
1979 10 27     0.30258953
1979 10 28     0.09371018
1979 10 29     0.07405327
1979 10 30     0.05517190
1979 10 31     0.04532783
1979 11  1     0.03841807
1979 11  2     0.03582648
1979 11  3     0.66829815
1979 11  4     1.06076355
1979 11  5     0.33246318
1979 11  6     0.09905632
1979 11  7     0.07835793
1979 11  8     0.08408568
1979 11  9     0.07206417
1979 11 10     0.05009672
1979 11 11     0.04896319
1979 11 12     0.04834330
1979 11 13     0.05744911
1979 11 14     0.07298406
1979 11 15     0.08483676
1979 11 16     0.13514613
1979 11 17     3.39004534
1979 11 18     2.29935777
1979 11 19     0.53516193
1979 11 20     0.38132165
1979 11 21     0.26567534
1979 11 22     0.19336821
1979 11 23     1.02396236
1979 11 24     0.90744008
1979 11 25     0.91825115
1979 11 26     3.54788187
1979 11 27     2.46709919
1979 11 28     0.71132866
1979 11 29     0.53224521
1979 11 30     0.38631461
1979 12  1     0.29356282
1979 12  2     0.26524294
1979 12  3     0.23018180
1979 12  4     0.18632414
1979 12  5     0.17219792
1979 12  6     0.15391710
1979 12  7     0.14109184
1979 12  8     0.13631244
1979 12  9     0.12760877
1979 12 10     0.11193306
1979 12 11     0.08732727
1979 12 12     0.06878685
1979 12 13     0.05910167
1979 12 14     0.04949982
1979 12 15     0.04358481
1979 12 16     0.03952409
1979 12 17     0.03559156
1979 12 18     0.03483469
1979 12 19     0.03501533
1979 12 20     0.03449201
1979 12 21     0.16852941
1979 12 22     0.46298329
1979 12 23     0.11901405
1979 12 24     1.13439757
1979 12 25     1.20753720
1979 12 26     0.44644247
1979 12 27     0.08838339
1979 12 28     0.02745894
1979 12 29     0.02722655
1979 12 30     0.32427384
1979 12 31     5.42432103
1980  1  1     6.34545953
1980  1  2     2.55997319
1980  1  3     1.36027657
1980  1  4     0.80157597
1980  1  5     0.64033003
1980  1  6     0.51967901
1980  1  7     0.44280750
1980  1  8     0.46395028
1980  1  9     2.98776232
1980  1 10     6.67653311
1980  1 11     9.67686448
1980  1 12    24.81485513
1980  1 13    42.48536193
1980  1 14    41.44403751
1980  1 15    27.67603677
1980  1 16    14.60342964
1980  1 17    10.48558648
1980  1 18     9.79834813
1980  1 19     5.92519598
1980  1 20     4.44869674
1980  1 21     3.76132121
1980  1 22     3.26429101
1980  1 23     2.89566167
1980  1 24     2.60482607
1980  1 25     2.38085635
1980  1 26     2.19766663
1980  1 27     2.07297713
1980  1 28     2.06762736
1980  1 29     2.60165330
1980  1 30     1.90912569
1980  1 31     1.67210703
1980  2  1     1.57028872
1980  2  2     1.49931071
1980  2  3     1.46463668
1980  2  4     1.46335134
1980  2  5     1.51216380
1980  2  6     1.55857684
1980  2  7     1.40837999
1980  2  8     1.22268139
1980  2  9     1.15665517
1980  2 10     1.10199620
1980  2 11     1.04939509
1980  2 12     0.99896382
1980  2 13     0.97217779
1980  2 14     1.13447463
1980  2 15     9.06846627
1980  2 16     9.78115892
1980  2 17    12.74426238
1980  2 18    15.09825003
1980  2 19    17.61270883
1980  2 20    19.62616198
1980  2 21    14.42408283
1980  2 22     9.57485516
1980  2 23     5.41401502
1980  2 24     3.75858457
1980  2 25     3.23887793
1980  2 26     3.01810484
1980  2 27     2.92728521
1980  2 28     7.56547466
1980  2 29     5.87416764
1980  3  1     3.30064250
1980  3  2     2.95697476
1980  3  3     6.20037187
1980  3  4     6.02841795
1980  3  5     5.83938586
1980  3  6     8.83181538
1980  3  7     4.73808704
1980  3  8     3.04764613
1980  3  9     2.65673874
1980  3 10     2.42399512
1980  3 11     2.34574643
1980  3 12     2.38939173
1980  3 13     2.06967425
1980  3 14     2.03474725
1980  3 15     2.08154289
1980  3 16     1.87157910
1980  3 17     1.79455181
1980  3 18     1.90559943
1980  3 19     1.76179952
1980  3 20     1.77975884
1980  3 21     1.66412743
1980  3 22     1.50768270
1980  3 23     1.55944303
1980  3 24     1.61701405
1980  3 25     1.48121075
1980  3 26     1.36137204
1980  3 27     1.31828298
1980  3 28     1.30131141
1980  3 29     1.39717825
1980  3 30     1.61782724
1980  3 31     1.58306369
1980  4  1     1.34246349
1980  4  2     1.21053556
1980  4  3     1.14352220
1980  4  4     1.20310545
1980  4  5     2.83575361
1980  4  6     3.28483773
1980  4  7     1.92532766
1980  4  8     1.66150263
1980  4  9     1.91656688
1980  4 10     1.96368085
1980  4 11     2.22983446
1980  4 12     2.43408591
1980  4 13     2.78117778
1980  4 14     3.22747496
1980  4 15     3.02971918
1980  4 16     3.29755084
1980  4 17     4.22982319
1980  4 18     4.79665826
1980  4 19     4.84465006
1980  4 20     4.88754621
1980  4 21     5.04726467
1980  4 22     3.28062606
1980  4 23     2.00608338
1980  4 24     1.64595434
1980  4 25     1.52141388
1980  4 26     1.84331321
1980  4 27     2.76082643
1980  4 28     4.23868997
1980  4 29     4.92682597
1980  4 30     3.16717549
1980  5  1     2.28161498
1980  5  2     2.89677587
1980  5  3     3.96369575
1980  5  4     4.87352344
1980  5  5     5.58324570
1980  5  6     5.42877942
1980  5  7     4.41233008
1980  5  8     3.90820779
1980  5  9     3.90356467
1980  5 10     4.96695283
1980  5 11     2.76647442
1980  5 12     1.77914915
1980  5 13     1.66695233
1980  5 14     3.07119678
1980  5 15     3.80540496
1980  5 16     3.84901812
1980  5 17     4.45923327
1980  5 18     5.23794362
1980  5 19     6.29731069
1980  5 20     7.68418560
1980  5 21     8.91835379
1980  5 22     8.14509509
1980  5 23     5.18027869
1980  5 24     2.99272971
1980  5 25     2.17956882
1980  5 26     1.77288119
1980  5 27     1.52936054
1980  5 28     1.78033425
1980  5 29     2.05697032
1980  5 30     2.60717443
1980  5 31     3.03388729
1980  6  1     3.20343461
1980  6  2     3.22895894
1980  6  3     2.91522771
1980  6  4     2.60058072
1980  6  5     2.03254080
1980  6  6     1.81249830
1980  6  7     2.49493666
1980  6  8     3.72772225
1980  6  9     4.95179213
1980  6 10     5.66819391
1980  6 11     5.70523568
1980  6 12     5.14001236
1980  6 13     3.94039978
1980  6 14     3.44816724
1980  6 15     4.31739466
1980  6 16     5.39159739
1980  6 17     6.45616891
1980  6 18     7.00435832
1980  6 19     6.96617959
1980  6 20     6.86840901
1980  6 21     6.37181164
1980  6 22     5.64933042
1980  6 23     5.07650019
1980  6 24     4.76334455
1980  6 25     4.86750055
1980  6 26     5.15002265
1980  6 27     5.15176831
1980  6 28     5.21435226
1980  6 29     5.40051988
1980  6 30     5.43352113
1980  7  1     5.14816492
1980  7  2     5.13375827
1980  7  3     4.32397610
1980  7  4     3.36314810
1980  7  5     3.06051180
1980  7  6     2.92083720
1980  7  7     2.68505623
1980  7  8     2.38589834
1980  7  9     2.19832466
1980  7 10     2.08708813
1980  7 11     2.09091667
1980  7 12     2.08447026
1980  7 13     1.97501714
1980  7 14     1.81443953
1980  7 15     1.77626313
1980  7 16     1.70301221
1980  7 17     1.48453955
1980  7 18     1.27939507
1980  7 19     1.01751961
1980  7 20     0.81082734
1980  7 21     0.71806738
1980  7 22     0.67405433
1980  7 23     0.60264599
1980  7 24     0.49576384
1980  7 25     0.43599666
1980  7 26     0.39805205
1980  7 27     0.36666335
1980  7 28     0.33229057
1980  7 29     0.30676768
1980  7 30     0.28720121
1980  7 31     0.26304989
1980  8  1     0.24461501
1980  8  2     0.23152698
1980  8  3     0.21760533
1980  8  4     0.20650405
1980  8  5     0.19730175
1980  8  6     0.19001673
1980  8  7     0.18235156
1980  8  8     0.17469443
1980  8  9     0.16801006
1980  8 10     0.16179797
1980  8 11     0.15546864
1980  8 12     0.14960347
1980  8 13     0.14577175
1980  8 14     0.14301644
1980  8 15     0.14040904
1980  8 16     0.13706665
1980  8 17     0.13279527
1980  8 18     0.12882377
1980  8 19     0.12608329
1980  8 20     0.12329327
1980  8 21     0.11945835
1980  8 22     0.12208283
1980  8 23     0.12309079
1980  8 24     0.11652239
1980  8 25     0.11383723
1980  8 26     0.11103621
1980  8 27     0.10502399
1980  8 28     0.10119894
1980  8 29     0.09934726
1980  8 30     0.09745783
1980  8 31     0.09544279
1980  9  1     0.09270414
1980  9  2     0.08963201
1980  9  3     0.08715040
1980  9  4     0.08477256
1980  9  5     0.08259071
1980  9  6     0.08041456
1980  9  7     0.14143195
1980  9  8     0.18178218
1980  9  9     0.13276675
1980  9 10     0.11328372
1980  9 11     0.09265577
1980  9 12     0.09153412
1980  9 13     0.09689033
1980  9 14     0.08127397
1980  9 15     0.07156571
1980  9 16     0.06792702
1980  9 17     0.06474902
1980  9 18     0.06240686
1980  9 19     0.06539819
1980  9 20     0.06541942
1980  9 21     0.06105089
1980  9 22     0.06071255
1980  9 23     0.06656868
1980  9 24     0.06415886
1980  9 25     0.05452421
1980  9 26     0.05286443
1980  9 27     0.05164199
1980  9 28     0.05080367
1980  9 29     0.04989841
1980  9 30     0.04840390
1980 10  1     0.04640215
1980 10  2     0.04490601
1980 10  3     0.04373972
1980 10  4     0.04276633
1980 10  5     0.04198798
1980 10  6     0.04123436
1980 10  7     0.04045483
1980 10  8     0.03979942
1980 10  9     0.03920074
1980 10 10     0.03865774
1980 10 11     0.03855364
1980 10 12     0.15605213
1980 10 13     0.14086076
1980 10 14     0.04170389
1980 10 15     0.08715000
1980 10 16     0.08213012
1980 10 17     0.05137611
1980 10 18     0.06948041
1980 10 19     0.09541076
1980 10 20     0.07803248
1980 10 21     0.04776837
1980 10 22     0.03399687
1980 10 23     0.03257994
1980 10 24     0.03195479
1980 10 25     0.07246140
1980 10 26     0.34878722
1980 10 27     0.21109335
1980 10 28     0.03221989
1980 10 29     0.03150764
1980 10 30     0.03416542
1980 10 31     0.03361956
1980 11  1     0.02895294
1980 11  2     0.02782875
1980 11  3     0.02675809
1980 11  4     0.02578534
1980 11  5     0.02494811
1980 11  6     0.02451745
1980 11  7     0.02446176
1980 11  8     0.02409570
1980 11  9     0.02395710
1980 11 10     0.02367385
1980 11 11     0.47588199
1980 11 12     0.54372437
1980 11 13     0.08290122
1980 11 14     0.02843885
1980 11 15     0.02781380
1980 11 16     0.02739221
1980 11 17     0.02676062
1980 11 18     0.02595937
1980 11 19     0.02558220
1980 11 20     0.02533976
1980 11 21     0.02497027
1980 11 22     0.02705858
1980 11 23     0.02691926
1980 11 24     0.03186229
1980 11 25     0.03050366
1980 11 26     0.02789545
1980 11 27     0.02672582
1980 11 28     0.02688922
1980 11 29     0.03259152
1980 11 30     0.05497756
1980 12  1     0.07864613
1980 12  2     0.03428499
1980 12  3     0.96136416
1980 12  4     6.95159734
1980 12  5     5.25498218
1980 12  6     1.13756713
1980 12  7     0.75830224
1980 12  8     0.52969237
1980 12  9     0.38607546
1980 12 10     0.29328096
1980 12 11     0.23172731
1980 12 12     0.19095688
1980 12 13     0.16421806
1980 12 14     0.14131693
1980 12 15     0.12614998
1980 12 16     0.13088333
1980 12 17     0.13889246
1980 12 18     0.14397394
1980 12 19     0.14078696
1980 12 20     0.13246496
1980 12 21     0.12613853
1980 12 22     0.18364949
1980 12 23     0.16866846
1980 12 24     0.12157813
1980 12 25     0.10577710
1980 12 26     0.11805476
1980 12 27     0.11333828
1980 12 28     0.09458956
1980 12 29     0.07874685
1980 12 30     0.06884415
1980 12 31     0.05869808
1981  1  1     0.04603015
1981  1  2     0.04054230
1981  1  3     0.04060917
1981  1  4     0.06354235
1981  1  5     0.11090310
1981  1  6     0.03677418
1981  1  7     0.02544365
1981  1  8     0.02356518
1981  1  9     0.02209356
1981  1 10     0.02082282
1981  1 11     0.01974920
1981  1 12     0.01884632
1981  1 13     0.01844885
1981  1 14     0.01773243
1981  1 15     0.01797889
1981  1 16     0.17883154
1981  1 17     0.12619498
1981  1 18     0.05279911
1981  1 19     0.04489394
1981  1 20     0.04752948
1981  1 21     0.05352319
1981  1 22     0.05249657
1981  1 23     3.71918101
1981  1 24     2.75803201
1981  1 25     0.63082303
1981  1 26     0.79259705
1981  1 27     1.94014375
1981  1 28     2.50110623
1981  1 29     3.91485973
1981  1 30     2.01014986
1981  1 31     0.53084118
1981  2  1     0.26261984
1981  2  2     0.22796163
1981  2  3     0.20708738
1981  2  4     0.19066309
1981  2  5     0.18448720
1981  2  6     0.18477310
1981  2  7     0.18632865
1981  2  8     0.20695016
1981  2  9     1.30959291
1981  2 10     0.71108055
1981  2 11     0.39765098
1981  2 12     0.34075993
1981  2 13     0.38388233
1981  2 14     2.63551673
1981  2 15     2.30509852
1981  2 16     0.97467499
1981  2 17     1.04100777
1981  2 18     1.00804016
1981  2 19     1.16854230
1981  2 20     1.07892516
1981  2 21     0.83055968
1981  2 22     0.92882174
1981  2 23     0.99411245
1981  2 24     1.48215833
1981  2 25     1.87789121
1981  2 26     0.95290505
1981  2 27     0.55225878
1981  2 28     0.44128218
1981  3  1     0.89198857
1981  3  2     1.03717712
1981  3  3     0.58789546
1981  3  4     0.42593398
1981  3  5     1.42687260
1981  3  6     0.58543665
1981  3  7     0.45382721
1981  3  8     0.45183935
1981  3  9     0.52651371
1981  3 10     0.69744068
1981  3 11     0.79350736
1981  3 12     0.87616071
1981  3 13     1.78662401
1981  3 14     1.04805481
1981  3 15     0.55666699
1981  3 16     1.24674509
1981  3 17     0.81572583
1981  3 18     0.72288559
1981  3 19     3.22492240
1981  3 20     5.20760389
1981  3 21     2.55260865
1981  3 22     2.20273419
1981  3 23     2.47144098
1981  3 24     1.35320717
1981  3 25     1.52962367
1981  3 26     5.91419791
1981  3 27     2.59337257
1981  3 28     1.24174908
1981  3 29     1.28088875
1981  3 30     1.15434505
1981  3 31     1.00895035
1981  4  1     1.18365558
1981  4  2     1.07032808
1981  4  3     0.81301737
1981  4  4     0.75967209
1981  4  5     1.09469858
1981  4  6     1.60958685
1981  4  7     1.69518209
1981  4  8     1.41356397
1981  4  9     1.36653888
1981  4 10     1.49646952
1981  4 11     1.34749470
1981  4 12     1.06091991
1981  4 13     1.32104629
1981  4 14     1.92331188
1981  4 15     2.79529416
1981  4 16     3.15632364
1981  4 17     3.21779818
1981  4 18     3.63304229
1981  4 19     4.32336577
1981  4 20     3.62520006
1981  4 21     2.06993799
1981  4 22     2.61219558
1981  4 23     4.21935360
1981  4 24     5.18272374
1981  4 25     5.05162620
1981  4 26     5.10708376
1981  4 27     3.44191000
1981  4 28     2.93424815
1981  4 29     4.88104069
1981  4 30     6.45304116
1981  5  1     6.80254375
1981  5  2     6.03062402
1981  5  3     4.42948823
1981  5  4     3.22520365
1981  5  5     3.01070653
1981  5  6     2.37339918
1981  5  7     1.75383498
1981  5  8     1.97150996
1981  5  9     2.76083544
1981  5 10     3.60811405
1981  5 11     3.89436217
1981  5 12     3.87179861
1981  5 13     3.98205621
1981  5 14     4.00402143
1981  5 15     3.15313932
1981  5 16     1.90714598
1981  5 17     1.47710312
1981  5 18     1.98791984
1981  5 19     2.76567147
1981  5 20     1.94682064
1981  5 21     1.15449133
1981  5 22     1.52255050
1981  5 23     2.30893226
1981  5 24     2.98839371
1981  5 25     3.27426342
1981  5 26     3.99881132
1981  5 27     4.49863631
1981  5 28     3.70850814
1981  5 29     3.01498932
1981  5 30     2.88162508
1981  5 31     2.60098397
1981  6  1     2.14543266
1981  6  2     1.77453602
1981  6  3     1.53284497
1981  6  4     1.19074399
1981  6  5     0.87702995
1981  6  6     0.69220591
1981  6  7     0.58919732
1981  6  8     0.50836963
1981  6  9     0.43711811
1981  6 10     0.37772004
1981  6 11     0.33869179
1981  6 12     0.30738257
1981  6 13     0.28118223
1981  6 14     0.25819139
1981  6 15     0.23727318
1981  6 16     0.21895389
1981  6 17     0.20314346
1981  6 18     0.18968956
1981  6 19     0.17791811
1981  6 20     0.16721747
1981  6 21     0.15766516
1981  6 22     0.14918202
1981  6 23     0.14167643
1981  6 24     0.13488200
1981  6 25     0.12871851
1981  6 26     0.12301762
1981  6 27     0.11767501
1981  6 28     0.11422940
1981  6 29     0.10972916
1981  6 30     0.12772197
1981  7  1     0.15578237
1981  7  2     0.12944744
1981  7  3     0.09621382
1981  7  4     0.09035408
1981  7  5     0.08833902
1981  7  6     0.09002893
1981  7  7     0.08545103
1981  7  8     0.07933844
1981  7  9     0.07700687
1981  7 10     0.07469945
1981  7 11     0.07271276
1981  7 12     0.07070129
1981  7 13     0.06864461
1981  7 14     0.06651406
1981  7 15     0.06407863
1981  7 16     0.06171201
1981  7 17     0.05981986
1981  7 18     0.05826008
1981  7 19     0.05664341
1981  7 20     0.05495129
1981  7 21     0.05314884
1981  7 22     0.05145011
1981  7 23     0.04992584
1981  7 24     0.04850440
1981  7 25     0.04729426
1981  7 26     0.04609506
1981  7 27     0.04462185
1981  7 28     0.04306472
1981  7 29     0.04186552
1981  7 30     0.04098497
1981  7 31     0.04003415
1981  8  1     0.03875438
1981  8  2     0.03760478
1981  8  3     0.03665610
1981  8  4     0.03557478
1981  8  5     0.03431146
1981  8  6     0.03287474
1981  8  7     0.03155942
1981  8  8     0.03050182
1981  8  9     0.02950130
1981  8 10     0.03021816
1981  8 11     0.02984075
1981  8 12     0.02755035
1981  8 13     0.02666356
1981  8 14     0.02590793
1981  8 15     0.02516603
1981  8 16     0.03175199
1981  8 17     0.04029773
1981  8 18     0.03270762
1981  8 19     0.02234585
1981  8 20     0.02217417
1981  8 21     0.02176030
1981  8 22     0.02098500
1981  8 23     0.02015169
1981  8 24     0.02035565
1981  8 25     0.01982369
1981  8 26     0.01817907
1981  8 27     0.01909474
1981  8 28     0.02122704
1981  8 29     0.01909237
1981  8 30     0.01601945
1981  8 31     0.01574910
1981  9  1     0.01527037
1981  9  2     0.01493635
1981  9  3     0.01460313
1981  9  4     0.01422261
1981  9  5     0.01387617
1981  9  6     0.01358271
1981  9  7     0.01323604
1981  9  8     0.01278394
1981  9  9     0.01311225
1981  9 10     0.01271700
1981  9 11     0.01148884
1981  9 12     0.01847033
1981  9 13     0.02016015
1981  9 14     0.04175926
1981  9 15     0.04051540
1981  9 16     0.01433719
1981  9 17     0.01668192
1981  9 18     0.01820371
1981  9 19     0.01343387
1981  9 20     0.00898305
1981  9 21     0.00883260
1981  9 22     0.00868534
1981  9 23     0.00861681
1981  9 24     0.01610259
1981  9 25     0.16344104
1981  9 26     0.10640428
1981  9 27     0.00794705
1981  9 28     0.00768272
1981  9 29     0.00763501
1981  9 30     0.00763300
1981 10  1     0.00726584
1981 10  2     0.01790112
1981 10  3     0.17110726
1981 10  4     0.17268874
1981 10  5     0.04948102
1981 10  6     0.01618695
1981 10  7     0.14840530
1981 10  8     0.28658974
1981 10  9     0.12293556
1981 10 10     0.33200365
1981 10 11     1.14388051
1981 10 12     0.61148427
1981 10 13     0.04144395
1981 10 14     0.03460562
1981 10 15     0.02330287
1981 10 16     0.03114380
1981 10 17     0.05690404
1981 10 18     0.08889443
1981 10 19     0.09679171
1981 10 20     0.06285704
1981 10 21     0.02060706
1981 10 22     0.00533087
1981 10 23     0.00481025
1981 10 24     0.00460909
1981 10 25     0.00455325
1981 10 26     0.00439359
1981 10 27     0.44835886
1981 10 28     3.50724553
1981 10 29     3.25720524
1981 10 30     0.81794717
1981 10 31     0.35383280
1981 11  1     0.30068651
1981 11  2     0.39377379
1981 11  3     0.49853209
1981 11  4     0.47054991
1981 11  5     0.45688100
1981 11  6     0.84656186
1981 11  7     0.79936524
1981 11  8     0.43780338
1981 11  9     0.35134097
1981 11 10     0.34725213
1981 11 11     0.28154156
1981 11 12     0.47220352
1981 11 13     7.16878249
1981 11 14    16.46188487
1981 11 15     9.78148324
1981 11 16     3.20077585
1981 11 17     6.52881374
1981 11 18     4.88507481
1981 11 19     2.06248144
1981 11 20     1.52133958
1981 11 21     1.17901221
1981 11 22     5.16184153
1981 11 23     4.39373346
1981 11 24     3.87313923
1981 11 25     3.24573277
1981 11 26     1.66697290
1981 11 27     1.66598641
1981 11 28     1.37387218
1981 11 29     0.87675089
1981 11 30     0.69471730
1981 12  1     0.60191307
1981 12  2     0.53149904
1981 12  3     0.47864086
1981 12  4     0.43819479
1981 12  5     0.40592439
1981 12  6     0.38042561
1981 12  7     0.35729173
1981 12  8     0.34129554
1981 12  9     0.45052508
1981 12 10     0.50918943
1981 12 11     0.33645346
1981 12 12     0.36228836
1981 12 13     1.49237952
1981 12 14     1.01294488
1981 12 15     0.47975592
1981 12 16     0.42431675
1981 12 17     0.35865390
1981 12 18     0.49702819
1981 12 19     6.57140705
1981 12 20    14.68742972
1981 12 21    13.50205420
1981 12 22     5.83472628
1981 12 23     2.94074384
1981 12 24     2.18142935
1981 12 25     1.70445387
1981 12 26     1.40950101
1981 12 27     2.98329663
1981 12 28     2.96043339
1981 12 29     4.55188643
1981 12 30     6.15397855
1981 12 31     3.23441945
1982  1  1     9.75385157
1982  1  2     9.67741436
1982  1  3     6.74158740
1982  1  4    11.15128010
1982  1  5    12.67909185
1982  1  6     5.21349349
1982  1  7     2.38307726
1982  1  8     1.91309831
1982  1  9     1.68815245
1982  1 10     1.53494630
1982  1 11     1.41891099
1982  1 12     1.31223117
1982  1 13     1.26078623
1982  1 14     1.20389541
1982  1 15     1.19055874
1982  1 16     1.16647974
1982  1 17     1.12670024
1982  1 18     1.93222153
1982  1 19     2.47784279
1982  1 20     5.58723026
1982  1 21     2.46681783
1982  1 22     1.31022667
1982  1 23     1.12221338
1982  1 24     1.04533749
1982  1 25     1.24436186
1982  1 26     3.15687764
1982  1 27     4.45419455
1982  1 28     3.73398024
1982  1 29     2.24968100
1982  1 30     1.57859414
1982  1 31     1.47750165
1982  2  1     1.39706285
1982  2  2     1.33190628
1982  2  3     1.26259272
1982  2  4     1.14319956
1982  2  5     1.06805994
1982  2  6     1.03928034
1982  2  7     0.98876280
1982  2  8     0.98327542
1982  2  9     0.93055852
1982  2 10     0.87992432
1982  2 11     0.91350713
1982  2 12     1.24078912
1982  2 13     4.94995299
1982  2 14    16.11169279
1982  2 15    31.70304725
1982  2 16    26.80055743
1982  2 17    13.90102459
1982  2 18     6.34082991
1982  2 19     5.26899824
1982  2 20     4.84784340
1982  2 21     4.61635028
1982  2 22     4.22138942
1982  2 23     3.58720826
1982  2 24     3.08028089
1982  2 25     2.85013556
1982  2 26     2.57419801
1982  2 27     2.41048160
1982  2 28     2.49281798
1982  3  1     5.27052296
1982  3  2     7.28770658
1982  3  3     6.20479429
1982  3  4     3.20582057
1982  3  5     2.48925761
1982  3  6     2.32337548
1982  3  7     2.25519035
1982  3  8     2.31364822
1982  3  9     4.09161108
1982  3 10    11.22812082
1982  3 11    11.22984094
1982  3 12     6.85415720
1982  3 13     7.89238629
1982  3 14    13.00377886
1982  3 15     8.68266946
1982  3 16     6.16331102
1982  3 17     4.92940954
1982  3 18     4.56968105
1982  3 19     3.67723545
1982  3 20     2.58392991
1982  3 21     2.27129230
1982  3 22     2.15387891
1982  3 23     2.13965380
1982  3 24     2.42144250
1982  3 25     3.32267373
1982  3 26     3.92658051
1982  3 27     4.41298014
1982  3 28    12.05555867
1982  3 29    11.77445134
1982  3 30     8.96529792
1982  3 31    11.91932022
1982  4  1     9.13005285
1982  4  2     6.19697785
1982  4  3     4.05825517
1982  4  4     4.49182406
1982  4  5     3.95956122
1982  4  6     2.73514832
1982  4  7     2.27167306
1982  4  8     2.18208941
1982  4  9     2.36601422
1982  4 10    10.56232077
1982  4 11    22.45235868
1982  4 12    16.69719714
1982  4 13     8.61658528
1982  4 14     5.15078896
1982  4 15     4.32486068
1982  4 16     3.77929352
1982  4 17     3.71350997
1982  4 18     4.16898566
1982  4 19     4.68664520
1982  4 20     4.81284913
1982  4 21     4.85564011
1982  4 22     5.05108094
1982  4 23     5.13941182
1982  4 24     5.17128163
1982  4 25     5.29015987
1982  4 26     5.52227591
1982  4 27     5.77147385
1982  4 28     6.13815647
1982  4 29     6.08400168
1982  4 30     5.86023088
1982  5  1     6.12384156
1982  5  2     6.43267296
1982  5  3     6.96096861
1982  5  4     7.02271995
1982  5  5     6.91847222
1982  5  6     7.05275377
1982  5  7     7.13000013
1982  5  8     6.97189282
1982  5  9     5.59496259
1982  5 10     3.79428542
1982  5 11     2.88268445
1982  5 12     2.71630397
1982  5 13     3.28311801
1982  5 14     4.18884134
1982  5 15     4.75870347
1982  5 16     5.56778087
1982  5 17     5.97242017
1982  5 18     5.42259187
1982  5 19     4.67141123
1982  5 20     5.24806762
1982  5 21     6.45051569
1982  5 22     7.28131599
1982  5 23     8.28284255
1982  5 24     9.43573435
1982  5 25    10.05051532
1982  5 26     9.99296673
1982  5 27     8.85402995
1982  5 28     6.57491886
1982  5 29     5.09257369
1982  5 30     4.91099491
1982  5 31     4.78996979
1982  6  1     4.80277222
1982  6  2     4.67022252
1982  6  3     3.94393677
1982  6  4     3.57071432
1982  6  5     3.16014361
1982  6  6     2.72502280
1982  6  7     3.07274892
1982  6  8     3.89897901
1982  6  9     5.02171913
1982  6 10     6.02508912
1982  6 11     6.53795851
1982  6 12     6.37817089
1982  6 13     5.43335344
1982  6 14     5.14877181
1982  6 15     6.26174103
1982  6 16     7.33126200
1982  6 17     7.95355556
1982  6 18     7.84191612
1982  6 19     7.16630541
1982  6 20     6.60108772
1982  6 21     6.01797842
1982  6 22     5.91147173
1982  6 23     5.69065725
1982  6 24     4.93329237
1982  6 25     4.25092356
1982  6 26     4.02410455
1982  6 27     4.14510527
1982  6 28     5.22604021
1982  6 29     5.92934762
1982  6 30     5.39152511
1982  7  1     3.95624542
1982  7  2     3.11762996
1982  7  3     2.96547852
1982  7  4     2.67996775
1982  7  5     2.41430370
1982  7  6     2.32722201
1982  7  7     2.35600855
1982  7  8     2.38673031
1982  7  9     2.21008491
1982  7 10     1.92300101
1982  7 11     1.81348461
1982  7 12     1.74378354
1982  7 13     1.66005768
1982  7 14     1.44848939
1982  7 15     1.10309614
1982  7 16     0.85738314
1982  7 17     0.74795101
1982  7 18     0.64332137
1982  7 19     0.55566336
1982  7 20     0.50185789
1982  7 21     0.46060329
1982  7 22     0.42425813
1982  7 23     0.39321279
1982  7 24     0.37081620
1982  7 25     0.35628667
1982  7 26     0.34110554
1982  7 27     0.47396897
1982  7 28     0.45827003
1982  7 29     0.36048102
1982  7 30     0.35252873
1982  7 31     0.26282335
1982  8  1     0.25360232
1982  8  2     0.24174271
1982  8  3     0.23206737
1982  8  4     0.22277832
1982  8  5     0.21397740
1982  8  6     0.20476226
1982  8  7     0.21484592
1982  8  8     0.21284831
1982  8  9     0.18964457
1982  8 10     0.17895895
1982  8 11     0.17422611
1982  8 12     0.16894280
1982  8 13     0.16392318
1982  8 14     0.15981006
1982  8 15     0.15557355
1982  8 16     0.15116692
1982  8 17     0.14658328
1982  8 18     0.14206303
1982  8 19     0.13821535
1982  8 20     0.14105071
1982  8 21     0.14767545
1982  8 22     0.18456562
1982  8 23     0.52719573
1982  8 24     0.52335085
1982  8 25     0.18391727
1982  8 26     0.17985142
1982  8 27     0.22021890
1982  8 28     0.34329875
1982  8 29     0.32939264
1982  8 30     0.18578658
1982  8 31     0.15086307
1982  9  1     0.14035302
1982  9  2     0.12665175
1982  9  3     0.11657604
1982  9  4     0.10976997
1982  9  5     0.10477474
1982  9  6     0.10127925
1982  9  7     0.09760633
1982  9  8     0.09290866
1982  9  9     0.08994043
1982  9 10     0.08750434
1982  9 11     0.09239018
1982  9 12     0.09007362
1982  9 13     0.08259185
1982  9 14     0.08358816
1982  9 15     0.19186002
1982  9 16     0.43731287
1982  9 17     0.33341673
1982  9 18     0.19419295
1982  9 19     0.15465429
1982  9 20     0.09426327
1982  9 21     0.08071201
1982  9 22     0.06930257
1982  9 23     0.47172458
1982  9 24     3.22320372
1982  9 25     6.70387689
1982  9 26     8.19484663
1982  9 27     4.84328348
1982  9 28     1.68219154
1982  9 29     1.26685095
1982  9 30     0.92847830
1982 10  1     0.69132508
1982 10  2     0.58152002
1982 10  3     0.46722719
1982 10  4     0.36433820
1982 10  5     0.31234041
1982 10  6     0.28906466
1982 10  7     0.30257953
1982 10  8     0.22593688
1982 10  9     0.18078712
1982 10 10     0.16167611
1982 10 11     0.14506396
1982 10 12     0.13106245
1982 10 13     0.11912889
1982 10 14     0.10896293
1982 10 15     0.15230301
1982 10 16     0.13247225
1982 10 17     0.08677873
1982 10 18     0.08165293
1982 10 19     0.07651579
1982 10 20     0.07189816
1982 10 21     0.37019523
1982 10 22     1.26827005
1982 10 23     1.65629069
1982 10 24     3.14890847
1982 10 25     7.46644489
1982 10 26    11.22010059
1982 10 27     7.00798405
1982 10 28     2.40493796
1982 10 29     3.00381981
1982 10 30     6.91190121
1982 10 31     5.83977437
1982 11  1     2.39959852
1982 11  2     1.58822119
1982 11  3     1.23912595
1982 11  4     0.97915134
1982 11  5     0.80366681
1982 11  6     0.67798699
1982 11  7     0.58129146
1982 11  8     0.57394102
1982 11  9     1.19089595
1982 11 10     2.02345679
1982 11 11     0.86539247
1982 11 12     0.45266216
1982 11 13     0.40931238
1982 11 14     0.37271393
1982 11 15     0.34467075
1982 11 16     0.32211948
1982 11 17     0.75895074
1982 11 18     6.85487125
1982 11 19    10.16929084
1982 11 20     3.50669622
1982 11 21     1.66414767
1982 11 22     2.32769868
1982 11 23     2.15261514
1982 11 24     1.39394939
1982 11 25     0.99885555
1982 11 26     0.87659712
1982 11 27     0.82919974
1982 11 28     3.47573993
1982 11 29    11.54862083
1982 11 30    13.20307464
1982 12  1     6.27158254
1982 12  2     2.72350980
1982 12  3     2.03228761
1982 12  4     1.68762156
1982 12  5     1.45470343
1982 12  6     1.28851267
1982 12  7     1.15771017
1982 12  8     1.07050424
1982 12  9     1.00315940
1982 12 10     0.94854081
1982 12 11     0.89617045
1982 12 12     0.90312906
1982 12 13     1.08743896
1982 12 14     0.91825720
1982 12 15     0.81277068
1982 12 16     0.87152762
1982 12 17     1.11191416
1982 12 18     0.99972341
1982 12 19     0.86576529
1982 12 20     1.65052072
1982 12 21     9.83771098
1982 12 22    18.63557320
1982 12 23    15.86662319
1982 12 24     5.69099948
1982 12 25     3.02149705
1982 12 26     2.45716157
1982 12 27     2.06748719
1982 12 28     1.79990974
1982 12 29     1.61010238
1982 12 30     1.47023592
1982 12 31     1.36341413
1983  1  1     1.27827473
1983  1  2     1.20833191
1983  1  3     1.15036038
1983  1  4     1.10066812
1983  1  5     1.05765742
1983  1  6     1.02144929
1983  1  7     0.99079388
1983  1  8     0.96340739
1983  1  9     0.94464127
1983  1 10     0.93273415
1983  1 11     0.92200495
1983  1 12     0.92307122
1983  1 13     0.91089821
1983  1 14     0.89598296
1983  1 15     0.89619284
1983  1 16     1.32772174
1983  1 17     1.58098177
1983  1 18     3.62328636
1983  1 19     3.84474395
1983  1 20     2.14773706
1983  1 21     1.63149895
1983  1 22     9.77210007
1983  1 23     9.62260259
1983  1 24    12.92965243
1983  1 25     7.76421407
1983  1 26     9.71612191
1983  1 27    21.64106498
1983  1 28    16.03819181
1983  1 29    10.74469744
1983  1 30     6.51284369
1983  1 31     3.90863988
1983  2  1     3.23117967
1983  2  2     2.73928792
1983  2  3     2.39593802
1983  2  4     2.14972792
1983  2  5     2.00499939
1983  2  6     4.97966405
1983  2  7    16.15276125
1983  2  8    11.99004013
1983  2  9     4.58957426
1983  2 10     2.77928267
1983  2 11     2.44505737
1983  2 12     2.66895730
1983  2 13     6.33983432
1983  2 14     3.27668163
1983  2 15     2.33413333
1983  2 16     2.15917180
1983  2 17     2.85448107
1983  2 18     5.08684201
1983  2 19     4.01152562
1983  2 20     2.56095937
1983  2 21     2.24251946
1983  2 22     2.26631065
1983  2 23     2.29644145
1983  2 24     2.15471477
1983  2 25     3.34105769
1983  2 26     6.02571921
1983  2 27    13.40120927
1983  2 28    10.81377146
1983  3  1    17.40010769
1983  3  2    15.53829537
1983  3  3    10.72813632
1983  3  4     6.25359589
1983  3  5     4.92834269
1983  3  6     4.26103047
1983  3  7     4.55859192
1983  3  8     3.98250138
1983  3  9     3.48797393
1983  3 10     3.79410284
1983  3 11     5.08460370
1983  3 12    15.71742360
1983  3 13    16.67530043
1983  3 14    10.28108971
1983  3 15     5.41398442
1983  3 16     5.45883365
1983  3 17     7.90893994
1983  3 18     8.47335879
1983  3 19     4.49501709
1983  3 20     4.05066975
1983  3 21     8.52628222
1983  3 22     4.62825779
1983  3 23     6.23083829
1983  3 24     7.63510628
1983  3 25     7.60509923
1983  3 26     4.15751183
1983  3 27     5.09441666
1983  3 28     4.45942106
1983  3 29     3.41840141
1983  3 30     3.11120361
1983  3 31     4.31008115
1983  4  1     3.99783333
1983  4  2     3.28055213
1983  4  3     2.81717861
1983  4  4     2.41911010
1983  4  5     2.28647755
1983  4  6     2.19752770
1983  4  7     2.13421822
1983  4  8     2.19777147
1983  4  9     2.42193365
1983  4 10     2.45550811
1983  4 11     2.09440951
1983  4 12     1.89693611
1983  4 13     1.80686706
1983  4 14     1.70252886
1983  4 15     1.68866814
1983  4 16     2.04999309
1983  4 17     2.63924291
1983  4 18     2.83302834
1983  4 19     2.88230983
1983  4 20     3.59119922
1983  4 21     3.17900598
1983  4 22     2.66616116
1983  4 23     4.49035349
1983  4 24     6.29203910
1983  4 25     5.28540109
1983  4 26     3.07313398
1983  4 27     4.25998198
1983  4 28     8.77548549
1983  4 29    10.00435128
1983  4 30     8.32638258
1983  5  1     7.02057394
1983  5  2     3.49262414
1983  5  3     2.95841292
1983  5  4     3.15383861
1983  5  5     3.94661363
1983  5  6     3.41542234
1983  5  7     2.84657959
1983  5  8     2.89486290
1983  5  9     2.75428094
1983  5 10     2.35138277
1983  5 11     2.10854810
1983  5 12     2.31952674
1983  5 13     3.05603320
1983  5 14     3.34958013
1983  5 15     3.38460756
1983  5 16     3.36461399
1983  5 17     3.68395795
1983  5 18     4.63159289
1983  5 19     5.90519904
1983  5 20     7.29144585
1983  5 21     8.70088574
1983  5 22     9.85046524
1983  5 23    10.70806476
1983  5 24    11.82291552
1983  5 25    12.75128750
1983  5 26    13.46536474
1983  5 27    14.21830526
1983  5 28    15.00237802
1983  5 29    14.69269567
1983  5 30    13.12755101
1983  5 31    11.45922364
1983  6  1     9.31526103
1983  6  2     7.45566118
1983  6  3     7.40169850
1983  6  4     8.00025230
1983  6  5     8.93852002
1983  6  6    10.54624060
1983  6  7    11.64269020
1983  6  8    11.52170848
1983  6  9    11.34450615
1983  6 10    11.24185823
1983  6 11    11.07689624
1983  6 12     9.67007912
1983  6 13     9.02030657
1983  6 14    10.04886012
1983  6 15    10.83096067
1983  6 16    11.59831865
1983  6 17    11.95909114
1983  6 18    11.64037353
1983  6 19    10.34712494
1983  6 20     9.24719010
1983  6 21     9.19103989
1983  6 22     9.50805939
1983  6 23     9.75285925
1983  6 24     9.40595587
1983  6 25     9.25592959
1983  6 26     9.28431223
1983  6 27     8.80208694
1983  6 28     8.52749574
1983  6 29     8.30642039
1983  6 30     8.01367126
1983  7  1     8.04530545
1983  7  2     7.85891765
1983  7  3     7.54521127
1983  7  4     7.97663039
1983  7  5     8.79129959
1983  7  6     8.52783318
1983  7  7     7.34026127
1983  7  8     6.26129202
1983  7  9     5.39935022
1983  7 10     5.14391354
1983  7 11     5.68334368
1983  7 12     6.34136274
1983  7 13     6.69957623
1983  7 14     6.64826102
1983  7 15     5.95666333
1983  7 16     5.14137653
1983  7 17     4.58186902
1983  7 18     4.09596343
1983  7 19     3.70310074
1983  7 20     3.54413195
1983  7 21     3.51885109
1983  7 22     3.57465229
1983  7 23     3.43701166
1983  7 24     3.12749123
1983  7 25     2.90661026
1983  7 26     2.67666019
1983  7 27     2.49057245
1983  7 28     2.42195611
1983  7 29     2.42146814
1983  7 30     2.38850532
1983  7 31     2.31015507
1983  8  1     2.16639496
1983  8  2     2.05423379
1983  8  3     1.87024324
1983  8  4     1.58332269
1983  8  5     1.41067027
1983  8  6     1.36033552
1983  8  7     1.32889116
1983  8  8     1.22185333
1983  8  9     0.94594308
1983  8 10     0.72672154
1983  8 11     0.61214370
1983  8 12     0.51520579
1983  8 13     0.45754607
1983  8 14     0.45417774
1983  8 15     0.69354876
1983  8 16     0.58255102
1983  8 17     0.38603008
1983  8 18     0.35929638
1983  8 19     0.51763243
1983  8 20     0.47864041
1983  8 21     0.48287440
1983  8 22     0.50039026
1983  8 23     0.37529161
1983  8 24     0.34731102
1983  8 25     0.33327318
1983  8 26     0.30533508
1983  8 27     0.29618597
1983  8 28     0.27008742
1983  8 29     0.25509253
1983  8 30     0.25031514
1983  8 31     0.53739240
1983  9  1     0.93534171
1983  9  2     0.62979193
1983  9  3     0.30809906
1983  9  4     0.28141797
1983  9  5     0.24245141
1983  9  6     0.21563327
1983  9  7     0.19847429
1983  9  8     0.18692924
1983  9  9     0.17870707
1983  9 10     0.17132787
1983  9 11     0.16342734
1983  9 12     0.15660100
1983  9 13     0.15081048
1983  9 14     0.14558624
1983  9 15     0.14119164
1983  9 16     0.13725104
1983  9 17     0.13358348
1983  9 18     0.13094908
1983  9 19     0.12843696
1983  9 20     0.12533918
1983  9 21     0.18794661
1983  9 22     0.35484209
1983  9 23     0.30987757
1983  9 24     0.16223994
1983  9 25     0.12398407
1983  9 26     0.12036741
1983  9 27     0.70275605
1983  9 28     1.02127643
1983  9 29     2.34327568
1983  9 30     4.30961670
1983 10  1     3.59752086
1983 10  2     2.36102610
1983 10  3     2.06023439
1983 10  4     1.25868518
1983 10  5     0.71366830
1983 10  6     0.56362795
1983 10  7     0.43712907
1983 10  8     0.38067851
1983 10  9     0.31904550
1983 10 10     0.25599673
1983 10 11     0.22460473
1983 10 12     0.19891748
1983 10 13     0.17925047
1983 10 14     0.16530091
1983 10 15     0.15301849
1983 10 16     0.14129242
1983 10 17     0.13118825
1983 10 18     0.12213295
1983 10 19     0.11406486
1983 10 20     0.10697168
1983 10 21     0.10081566
1983 10 22     0.09583467
1983 10 23     0.10566475
1983 10 24     0.11056133
1983 10 25     0.10070993
1983 10 26     0.08686670
1983 10 27     0.07806233
1983 10 28     0.07513563
1983 10 29     0.11982359
1983 10 30     0.13933949
1983 10 31     0.65046208
1983 11  1     0.90219184
1983 11  2     1.04513823
1983 11  3     0.65923520
1983 11  4     0.26836232
1983 11  5     0.22796981
1983 11  6     0.22338904
1983 11  7     0.28560773
1983 11  8     0.21512865
1983 11  9     0.13846416
1983 11 10     2.16130734
1983 11 11     7.71562973
1983 11 12     6.79861325
1983 11 13     4.36551551
1983 11 14     2.90358013
1983 11 15     1.61353087
1983 11 16     5.02780920
1983 11 17     9.52931255
1983 11 18     7.83418078
1983 11 19     5.36373494
1983 11 20     7.22603948
1983 11 21     3.94733992
1983 11 22     2.00878682
1983 11 23     1.54973485
1983 11 24     2.67397386
1983 11 25     5.49521294
1983 11 26     2.46807971
1983 11 27     1.35012320
1983 11 28     1.16008431
1983 11 29     1.00938808
1983 11 30     0.89997484
1983 12  1     0.85377615
1983 12  2     1.28141458
1983 12  3     3.70150097
1983 12  4     5.04628018
1983 12  5     1.90433201
1983 12  6     1.13226201
1983 12  7     0.99770976
1983 12  8     0.93293509
1983 12  9     3.16282030
1983 12 10     6.77897391
1983 12 11     4.63719545
1983 12 12     3.21242646
1983 12 13     1.84581901
1983 12 14     1.38783668
1983 12 15     1.21473996
1983 12 16     1.14983388
1983 12 17     1.23040868
1983 12 18     1.04890280
1983 12 19     0.90532510
1983 12 20     0.85943974
1983 12 21     0.84799941
1983 12 22     1.38543288
1983 12 23     2.41725532
1983 12 24     1.90041146
1983 12 25    21.71319387
1983 12 26    17.68025576
1983 12 27    14.40726542
1983 12 28     6.54557561
1983 12 29     4.01734507
1983 12 30     3.92030924
1983 12 31     5.68484913
1984  1  1     3.93278750
1984  1  2     2.54752331
1984  1  3     2.21997968
1984  1  4     1.97095554
1984  1  5     1.79992294
1984  1  6     1.66466824
1984  1  7     1.55614530
1984  1  8     1.47492008
1984  1  9     1.40886720
1984  1 10     1.33461260
1984  1 11     1.26450851
1984  1 12     1.19669651
1984  1 13     1.13727631
1984  1 14     1.08772377
1984  1 15     1.04307173
1984  1 16     1.27476491
1984  1 17     1.04957076
1984  1 18     0.95579348
1984  1 19     0.91765972
1984  1 20     0.89001148
1984  1 21     0.86450295
1984  1 22     0.84041144
1984  1 23     0.81709579
1984  1 24     0.81634381
1984  1 25     0.83914952
1984  1 26     0.84756180
1984  1 27     0.83554631
1984  1 28     0.88238597
1984  1 29     0.94049241
1984  1 30     0.97121473
1984  1 31     0.98188278
1984  2  1     0.94294392
1984  2  2     0.87951395
1984  2  3     0.86340695
1984  2  4     0.86523293
1984  2  5     0.88378394
1984  2  6     0.86948805
1984  2  7     0.88160033
1984  2  8     0.89033582
1984  2  9     1.63528973
1984  2 10     2.05714361
1984  2 11     1.12272465
1984  2 12     0.78579542
1984  2 13     2.10201830
1984  2 14     2.44192277
1984  2 15     4.75485500
1984  2 16     6.13537288
1984  2 17     2.99203091
1984  2 18     1.46446891
1984  2 19     1.22536893
1984  2 20     1.99217620
1984  2 21     3.24293678
1984  2 22     2.12994746
1984  2 23     1.22923344
1984  2 24     1.09692620
1984  2 25     0.99447892
1984  2 26     0.88617035
1984  2 27     0.86513588
1984  2 28     0.89261013
1984  2 29     0.91843821
1984  3  1     0.95419475
1984  3  2     0.99393633
1984  3  3     1.08196650
1984  3  4     1.13245926
1984  3  5     1.14227600
1984  3  6     1.11301516
1984  3  7     1.11414873
1984  3  8     1.21293292
1984  3  9     1.27752500
1984  3 10     1.27787510
1984  3 11     1.26854809
1984  3 12     1.23467392
1984  3 13     3.17711032
1984  3 14     5.15733444
1984  3 15     4.02435016
1984  3 16     3.94388865
1984  3 17     3.66865911
1984  3 18     2.16163914
1984  3 19     1.57027105
1984  3 20     1.87706831
1984  3 21     2.18267665
1984  3 22     2.01591290
1984  3 23     1.82432754
1984  3 24     1.93012021
1984  3 25     2.09360759
1984  3 26     2.09360070
1984  3 27     1.71650683
1984  3 28     1.54968777
1984  3 29     1.48498832
1984  3 30     1.25930918
1984  3 31     1.44738170
1984  4  1     1.01630286
1984  4  2     0.77264821
1984  4  3     0.71473987
1984  4  4     0.78180033
1984  4  5     0.83424424
1984  4  6     0.81786624
1984  4  7     0.82912072
1984  4  8     1.17613928
1984  4  9     1.07077779
1984  4 10     1.09057087
1984  4 11     1.10978650
1984  4 12     1.09833155
1984  4 13     1.70085662
1984  4 14     2.69882399
1984  4 15     3.43798842
1984  4 16     3.97821401
1984  4 17     4.08488576
1984  4 18     3.83475495
1984  4 19     2.34220274
1984  4 20     1.63581284
1984  4 21     1.38247098
1984  4 22     1.83311805
1984  4 23     2.66315753
1984  4 24     2.85340529
1984  4 25     1.95978622
1984  4 26     1.20350944
1984  4 27     0.97144337
1984  4 28     0.80444885
1984  4 29     0.73381447
1984  4 30     0.90604345
1984  5  1     1.24254551
1984  5  2     3.01627711
1984  5  3     4.13096088
1984  5  4     4.06505289
1984  5  5     3.26203417
1984  5  6     2.59117771
1984  5  7     3.36919696
1984  5  8     4.77894923
1984  5  9     5.83841100
1984  5 10     6.38927542
1984  5 11     6.70769540
1984  5 12     6.92679078
1984  5 13     7.29082565
1984  5 14     7.49820122
1984  5 15     5.42219922
1984  5 16     3.28231953
1984  5 17     3.51186077
1984  5 18     4.52796532
1984  5 19     5.88426001
1984  5 20     6.91519363
1984  5 21     7.00892799
1984  5 22     7.23075191
1984  5 23     7.46714078
1984  5 24     7.27303415
1984  5 25     6.81078830
1984  5 26     6.83012387
1984  5 27     7.20252017
1984  5 28     7.53816586
1984  5 29     7.95721361
1984  5 30     7.79095810
1984  5 31     6.92565274
1984  6  1     5.98081264
1984  6  2     5.39742401
1984  6  3     4.77039394
1984  6  4     4.82725706
1984  6  5     5.50555926
1984  6  6     4.59377538
1984  6  7     4.03368393
1984  6  8     3.50479369
1984  6  9     2.65138068
1984  6 10     2.56041400
1984  6 11     2.43458897
1984  6 12     2.50003265
1984  6 13     2.50207204
1984  6 14     2.51440335
1984  6 15     2.73752558
1984  6 16     2.73896177
1984  6 17     2.55630160
1984  6 18     2.31950418
1984  6 19     2.01791108
1984  6 20     1.61733624
1984  6 21     1.31391968
1984  6 22     1.15375426
1984  6 23     1.05666335
1984  6 24     0.86258132
1984  6 25     0.65803468
1984  6 26     0.55096215
1984  6 27     0.48605976
1984  6 28     0.42936044
1984  6 29     0.38152179
1984  6 30     0.34240898
1984  7  1     0.31481513
1984  7  2     0.28442742
1984  7  3     0.25775429
1984  7  4     0.23992905
1984  7  5     0.22972161
1984  7  6     0.21666556
1984  7  7     0.20234316
1984  7  8     0.19519233
1984  7  9     0.18558453
1984  7 10     0.17583598
1984  7 11     0.16859409
1984  7 12     0.16159070
1984  7 13     0.15303936
1984  7 14     0.14613292
1984  7 15     0.14175597
1984  7 16     0.13765788
1984  7 17     0.13499265
1984  7 18     0.71958909
1984  7 19     0.86513938
1984  7 20     0.33163739
1984  7 21     0.20887617
1984  7 22     0.19588751
1984  7 23     0.20416946
1984  7 24     0.16972081
1984  7 25     0.15563997
1984  7 26     0.14678475
1984  7 27     0.14677260
1984  7 28     0.13687487
1984  7 29     0.11889464
1984  7 30     0.28172482
1984  7 31     0.32487951
1984  8  1     0.16775259
1984  8  2     0.14238493
1984  8  3     0.12668302
1984  8  4     0.10997051
1984  8  5     0.10122210
1984  8  6     0.09485711
1984  8  7     0.08985834
1984  8  8     0.08532948
1984  8  9     0.08134442
1984  8 10     0.09507919
1984  8 11     0.09554570
1984  8 12     0.07683728
1984  8 13     0.07195307
1984  8 14     0.06936942
1984  8 15     0.06951397
1984  8 16     0.07343243
1984  8 17     0.06916671
1984  8 18     0.06207433
1984  8 19     0.06038853
1984  8 20     0.05935472
1984  8 21     0.25009639
1984  8 22     0.33261767
1984  8 23     0.18414952
1984  8 24     0.10482278
1984  8 25     0.08072876
1984  8 26     0.07185961
1984  8 27     0.06356835
1984  8 28     0.05840453
1984  8 29     0.05519161
1984  8 30     0.05268702
1984  8 31     0.05163575
1984  9  1     0.05995162
1984  9  2     0.05831027
1984  9  3     0.04617711
1984  9  4     0.04419340
1984  9  5     0.04275970
1984  9  6     0.04128832
1984  9  7     0.04049058
1984  9  8     0.03979238
1984  9  9     0.03828843
1984  9 10     0.03702100
1984  9 11     0.03642083
1984  9 12     0.03636051
1984  9 13     0.03546853
1984  9 14     0.03412275
1984  9 15     0.03322798
1984  9 16     0.06360747
1984  9 17     0.06787835
1984  9 18     0.07612074
1984  9 19     0.17368602
1984  9 20     0.13052915
1984  9 21     0.04279222
1984  9 22     0.03330166
1984  9 23     0.03171861
1984  9 24     0.03138966
1984  9 25     0.03129986
1984  9 26     0.02982083
1984  9 27     0.02834838
1984  9 28     0.02736773
1984  9 29     0.02667288
1984  9 30     0.07295314
1984 10  1     0.14936576
1984 10  2     0.09065289
1984 10  3     0.03232807
1984 10  4     0.02658833
1984 10  5     0.02587067
1984 10  6     0.02487938
1984 10  7     0.02384392
1984 10  8     0.02284895
1984 10  9     0.02228948
1984 10 10     0.21511759
1984 10 11     1.43348546
1984 10 12     1.09548984
1984 10 13     0.36671192
1984 10 14     0.12716692
1984 10 15     0.10261921
1984 10 16     0.80335525
1984 10 17     0.88075318
1984 10 18     0.28921607
1984 10 19     0.17864706
1984 10 20     0.16755281
1984 10 21     0.09722869
1984 10 22     0.06426329
1984 10 23     0.07593399
1984 10 24     0.10237449
1984 10 25     0.16516056
1984 10 26     0.26091064
1984 10 27     0.20561504
1984 10 28     0.10956993
1984 10 29     0.10963205
1984 10 30     0.22744474
1984 10 31     0.17181762
1984 11  1     0.11659045
1984 11  2     1.50606318
1984 11  3     2.63124719
1984 11  4     1.42264295
1984 11  5     0.89338037
1984 11  6     1.44906677
1984 11  7     2.46807242
1984 11  8     2.36977434
1984 11  9     1.20990486
1984 11 10     0.52164360
1984 11 11     0.39770178
1984 11 12     2.71838426
1984 11 13     4.36844943
1984 11 14     1.94763765
1984 11 15     0.92529786
1984 11 16     0.96128061
1984 11 17     0.67647115
1984 11 18     0.56456181
1984 11 19     0.40301129
1984 11 20     0.76387647
1984 11 21     1.26832573
1984 11 22     0.69547574
1984 11 23     0.52009884
1984 11 24     0.89096668
1984 11 25     0.63409009
1984 11 26     0.29599981
1984 11 27     1.41928121
1984 11 28     2.16258345
1984 11 29     1.13744445
1984 11 30     0.47016370
1984 12  1     0.38950821
1984 12  2     0.38383994
1984 12  3     0.30716333
1984 12  4     0.27430561
1984 12  5     0.25391096
1984 12  6     0.23555320
1984 12  7     0.22522252
1984 12  8     0.21084829
1984 12  9     0.48382648
1984 12 10     1.07580788
1984 12 11     0.66437649
1984 12 12     0.36678058
1984 12 13     0.31478418
1984 12 14     0.26838627
1984 12 15     0.42781058
1984 12 16     0.64098338
1984 12 17     0.32448278
1984 12 18     0.23324493
1984 12 19     0.21146356
1984 12 20     0.18194401
1984 12 21     0.17160366
1984 12 22     0.16408585
1984 12 23     0.15759487
1984 12 24     0.15309663
1984 12 25     0.15174665
1984 12 26     0.14514532
1984 12 27     0.13950754
1984 12 28     0.13425576
1984 12 29     0.12954898
1984 12 30     0.12762560
1984 12 31     0.12386347
1985  1  1     0.12310811
1985  1  2     0.12888728
1985  1  3     0.13382690
1985  1  4     0.13880873
1985  1  5     0.14734186
1985  1  6     0.20981353
1985  1  7     0.62927220
1985  1  8     0.93943639
1985  1  9     0.33596558
1985  1 10     0.20332497
1985  1 11     0.18156687
1985  1 12     0.16814007
1985  1 13     0.16339294
1985  1 14     0.15569449
1985  1 15     0.16433392
1985  1 16     0.17058259
1985  1 17     0.17804646
1985  1 18     0.19531682
1985  1 19     0.21869262
1985  1 20     0.22717895
1985  1 21     0.20638714
1985  1 22     0.18525119
1985  1 23     0.16077120
1985  1 24     0.14389614
1985  1 25     0.14743191
1985  1 26     0.15952861
1985  1 27     0.14299804
1985  1 28     0.14408179
1985  1 29     0.39438995
1985  1 30     0.13498195
1985  1 31     0.09893077
1985  2  1     0.10385452
1985  2  2     0.12814790
1985  2  3     0.09064485
1985  2  4     0.33384398
1985  2  5     0.11799773
1985  2  6     0.08307106
1985  2  7     1.63445937
1985  2  8     1.25273218
1985  2  9     1.01832531
1985  2 10     0.72436417
1985  2 11     0.19597472
1985  2 12     0.19506136
1985  2 13     0.27376509
1985  2 14     0.33336912
1985  2 15     0.46194000
1985  2 16     0.57676488
1985  2 17     0.74641674
1985  2 18     0.80579782
1985  2 19     0.82510341
1985  2 20     0.74398519
1985  2 21     0.60740833
1985  2 22     0.73742910
1985  2 23     0.85684077
1985  2 24     0.89068671
1985  2 25     0.89279477
1985  2 26     0.93806714
1985  2 27     0.98960880
1985  2 28     1.10246626
1985  3  1     1.31114879
1985  3  2     1.79653541
1985  3  3     1.02290128
1985  3  4     0.62686035
1985  3  5     0.98749499
1985  3  6     1.72469748
1985  3  7     1.08007041
1985  3  8     0.57400470
1985  3  9     0.63177951
1985  3 10     1.69795388
1985  3 11     2.51446326
1985  3 12     1.38198434
1985  3 13     0.95944767
1985  3 14     0.96744829
1985  3 15     0.93174402
1985  3 16     0.91986211
1985  3 17     1.16637014
1985  3 18     1.42281309
1985  3 19     0.98522929
1985  3 20     0.85977002
1985  3 21     0.86344298
1985  3 22     0.72978688
1985  3 23     0.74925250
1985  3 24     0.87509410
1985  3 25     0.82289665
1985  3 26     2.36179433
1985  3 27     4.11563882
1985  3 28     2.89037580
1985  3 29     1.20072133
1985  3 30     0.83958790
1985  3 31     0.95434510
1985  4  1     1.61543828
1985  4  2     2.61082004
1985  4  3     3.40217923
1985  4  4     3.76903835
1985  4  5     3.88334509
1985  4  6     4.26637994
1985  4  7     4.60702689
1985  4  8     4.87418519
1985  4  9     4.99717567
1985  4 10     4.78490050
1985  4 11     4.32117148
1985  4 12     4.13875313
1985  4 13     4.66675741
1985  4 14     5.57338760
1985  4 15     5.79158045
1985  4 16     5.49692969
1985  4 17     5.22968440
1985  4 18     3.26157652
1985  4 19     2.03883674
1985  4 20     1.67267975
1985  4 21     1.38565167
1985  4 22     1.35516449
1985  4 23     1.82909730
1985  4 24     2.15500349
1985  4 25     1.70679086
1985  4 26     1.35189574
1985  4 27     1.86035734
1985  4 28     2.71137500
1985  4 29     3.51481711
1985  4 30     4.10142829
1985  5  1     4.89627581
1985  5  2     5.58197483
1985  5  3     5.36101973
1985  5  4     4.33463347
1985  5  5     3.83342440
1985  5  6     3.89294553
1985  5  7     3.62993654
1985  5  8     3.27379679
1985  5  9     2.88366183
1985  5 10     2.01683314
1985  5 11     1.45893080
1985  5 12     1.61724314
1985  5 13     2.07261310
1985  5 14     2.89637950
1985  5 15     3.22520560
1985  5 16     3.07831880
1985  5 17     3.14413591
1985  5 18     3.26750009
1985  5 19     3.48539886
1985  5 20     3.44667906
1985  5 21     3.34343359
1985  5 22     3.52455522
1985  5 23     3.66031598
1985  5 24     3.52142453
1985  5 25     3.08334245
1985  5 26     2.65338622
1985  5 27     2.17900961
1985  5 28     1.74381466
1985  5 29     1.46687323
1985  5 30     1.21909095
1985  5 31     1.11426539
1985  6  1     0.99012912
1985  6  2     0.93407279
1985  6  3     1.02640805
1985  6  4     0.94578892
1985  6  5     0.91832677
1985  6  6     0.88801009
1985  6  7     0.72772143
1985  6  8     0.53214177
1985  6  9     0.43887058
1985  6 10     0.36975273
1985  6 11     0.32224555
1985  6 12     0.28327771
1985  6 13     0.25314881
1985  6 14     0.23147437
1985  6 15     0.21348175
1985  6 16     0.19814891
1985  6 17     0.18499634
1985  6 18     0.17351748
1985  6 19     0.16333937
1985  6 20     0.17422388
1985  6 21     0.16555537
1985  6 22     0.13992328
1985  6 23     0.13332077
1985  6 24     0.12750842
1985  6 25     0.12303783
1985  6 26     0.11871403
1985  6 27     0.11417134
1985  6 28     0.11385333
1985  6 29     0.10917222
1985  6 30     0.10073352
1985  7  1     0.09709453
1985  7  2     0.09334568
1985  7  3     0.08940495
1985  7  4     0.08582431
1985  7  5     0.08316426
1985  7  6     0.08039042
1985  7  7     0.07779544
1985  7  8     0.07535528
1985  7  9     0.07249542
1985  7 10     0.07007137
1985  7 11     0.07199296
1985  7 12     0.08283638
1985  7 13     0.07692599
1985  7 14     0.06551237
1985  7 15     0.06358063
1985  7 16     0.05835021
1985  7 17     0.05679214
1985  7 18     0.06103254
1985  7 19     0.07258721
1985  7 20     0.25027735
1985  7 21     0.29805636
1985  7 22     0.14016996
1985  7 23     0.06611253
1985  7 24     0.10515632
1985  7 25     0.14305619
1985  7 26     0.09866226
1985  7 27     0.05889039
1985  7 28     0.05423409
1985  7 29     0.04620982
1985  7 30     0.04098272
1985  7 31     0.04041217
1985  8  1     0.03852877
1985  8  2     0.03713712
1985  8  3     0.03556311
1985  8  4     0.03396033
1985  8  5     0.03276398
1985  8  6     0.03176596
1985  8  7     0.03074458
1985  8  8     0.02991272
1985  8  9     0.02924256
1985  8 10     0.02834737
1985  8 11     0.02751305
1985  8 12     0.02697884
1985  8 13     0.02610161
1985  8 14     0.02522740
1985  8 15     0.02779540
1985  8 16     0.02704144
1985  8 17     0.04884072
1985  8 18     0.07761491
1985  8 19     0.04883288
1985  8 20     0.02150073
1985  8 21     0.02087886
1985  8 22     0.02017671
1985  8 23     0.01925186
1985  8 24     0.01834461
1985  8 25     0.01764082
1985  8 26     0.01711308
1985  8 27     0.01670994
1985  8 28     0.01632124
1985  8 29     0.01586363
1985  8 30     0.01541932
1985  8 31     0.01492126
1985  9  1     0.01543021
1985  9  2     0.01887799
1985  9  3     0.10956226
1985  9  4     0.24365157
1985  9  5     0.26509161
1985  9  6     0.23253479
1985  9  7     0.65003283
1985  9  8     0.17695899
1985  9  9     0.26438775
1985  9 10     0.28105125
1985  9 11     1.32819113
1985  9 12     1.44925912
1985  9 13     0.45177897
1985  9 14     0.32713283
1985  9 15     0.25182439
1985  9 16     0.18865504
1985  9 17     0.14223144
1985  9 18     0.45666872
1985  9 19     0.27703995
1985  9 20     0.13294542
1985  9 21     0.10953744
1985  9 22     0.07280295
1985  9 23     0.06014711
1985  9 24     0.04964264
1985  9 25     0.04120933
1985  9 26     0.03517728
1985  9 27     0.03935352
1985  9 28     0.03501211
1985  9 29     0.02492339
1985  9 30     0.02404336
1985 10  1     0.02178790
1985 10  2     0.01895046
1985 10  3     0.01716796
1985 10  4     0.01556903
1985 10  5     0.01453655
1985 10  6     0.84903881
1985 10  7     1.54811672
1985 10  8     1.69006905
1985 10  9     1.22541230
1985 10 10     0.55803016
1985 10 11     0.48117690
1985 10 12     0.45572023
1985 10 13     0.32225824
1985 10 14     0.21382102
1985 10 15     0.16782037
1985 10 16     0.13245752
1985 10 17     0.10118081
1985 10 18     0.08119515
1985 10 19     0.06705948
1985 10 20     0.46109336
1985 10 21     1.80336103
1985 10 22     1.60683335
1985 10 23     0.52865902
1985 10 24     0.57923791
1985 10 25     0.68132685
1985 10 26     0.66730498
1985 10 27     0.52020058
1985 10 28     0.34056626
1985 10 29     0.22685040
1985 10 30     0.17223461
1985 10 31     0.13265357
1985 11  1     0.10499442
1985 11  2     0.08656048
1985 11  3     0.07428378
1985 11  4     0.06555367
1985 11  5     0.05654712
1985 11  6     0.04858328
1985 11  7     0.04348527
1985 11  8     0.03751582
1985 11  9     0.05983164
1985 11 10     0.33352118
1985 11 11     0.75515221
1985 11 12     0.27035185
1985 11 13     0.04471474
1985 11 14     0.02623892
1985 11 15     0.02549108
1985 11 16     0.04312688
1985 11 17     0.05231214
1985 11 18     0.05221040
1985 11 19     0.02590788
1985 11 20     0.01979968
1985 11 21     0.02103774
1985 11 22     0.02594157
1985 11 23     0.36254515
1985 11 24     1.67073926
1985 11 25     1.46929859
1985 11 26     0.41797502
1985 11 27     0.11753935
1985 11 28     0.40408611
1985 11 29     0.66229000
1985 11 30     0.36462618
1985 12  1     0.50410521
1985 12  2     3.01427763
1985 12  3     3.61331344
1985 12  4     1.53420044
1985 12  5     0.73928095
1985 12  6     0.76592380
1985 12  7     0.76623648
1985 12  8     0.76112473
1985 12  9     0.50599615
1985 12 10     0.33753545
1985 12 11     0.28515101
1985 12 12     0.24499571
1985 12 13     0.21621789
1985 12 14     0.19520841
1985 12 15     0.17814262
1985 12 16     0.16441598
1985 12 17     0.15470932
1985 12 18     0.14570158
1985 12 19     0.14040816
1985 12 20     0.13704941
1985 12 21     0.13453032
1985 12 22     0.13317353
1985 12 23     0.13237601
1985 12 24     0.13081077
1985 12 25     0.13413980
1985 12 26     0.13038130
1985 12 27     0.12150532
1985 12 28     0.13545006
1985 12 29     1.24712013
1985 12 30     4.15279359
1985 12 31     3.35158729
1986  1  1     1.27833777
1986  1  2     0.81772676
1986  1  3     0.96249160
1986  1  4     4.50081601
1986  1  5     8.14922985
1986  1  6     6.14524540
1986  1  7     2.72701168
1986  1  8     1.64923249
1986  1  9     1.30479062
1986  1 10     1.06575113
1986  1 11     0.92678055
1986  1 12     0.81912910
1986  1 13     0.71375686
1986  1 14     1.05103753
1986  1 15     1.90762709
1986  1 16     3.75922820
1986  1 17     4.22016363
1986  1 18     2.57754440
1986  1 19     1.53775919
1986  1 20     1.32168197
1986  1 21     0.97260737
1986  1 22     0.97746062
1986  1 23     0.97664168
1986  1 24     0.72683964
1986  1 25     0.60301834
1986  1 26     0.61700893
1986  1 27     0.67354865
1986  1 28     0.77668905
1986  1 29     2.97009499
1986  1 30     5.82115402
1986  1 31     5.14143658
1986  2  1     2.89989622
1986  2  2     3.82415353
1986  2  3     2.47060456
1986  2  4     1.47690002
1986  2  5     1.02511486
1986  2  6     0.82663006
1986  2  7     0.70062405
1986  2  8     0.60796742
1986  2  9     0.54037838
1986  2 10     0.48851796
1986  2 11     1.68688325
1986  2 12     1.29671415
1986  2 13     5.12162220
1986  2 14     9.73220095
1986  2 15    19.22965248
1986  2 16    22.31545188
1986  2 17    27.57289766
1986  2 18    35.25000566
1986  2 19    27.31128504
1986  2 20    12.61012245
1986  2 21     7.19774250
1986  2 22     5.24820921
1986  2 23     4.43767139
1986  2 24     4.07156997
1986  2 25     3.95435319
1986  2 26     3.90143129
1986  2 27     3.91567729
1986  2 28     4.03522933
1986  3  1     4.16026331
1986  3  2     4.09291082
1986  3  3     3.87546105
1986  3  4     3.76537850
1986  3  5     3.82749596
1986  3  6     3.86281144
1986  3  7     9.72070231
1986  3  8    29.54148127
1986  3  9    18.68139023
1986  3 10    10.41688969
1986  3 11    10.76431303
1986  3 12     8.03871550
1986  3 13     5.36043755
1986  3 14     4.06600919
1986  3 15     6.53706492
1986  3 16     5.68294223
1986  3 17     3.33651799
1986  3 18     2.77722852
1986  3 19     2.73272896
1986  3 20     2.87452470
1986  3 21     3.26266681
1986  3 22     3.72227451
1986  3 23     3.98012273
1986  3 24     3.94357548
1986  3 25     3.73610396
1986  3 26     3.98805246
1986  3 27     4.78239992
1986  3 28     5.53389082
1986  3 29     5.82668469
1986  3 30     5.72177208
1986  3 31     5.48328458
1986  4  1     4.72008720
1986  4  2     3.34593530
1986  4  3     2.49065075
1986  4  4     2.28622022
1986  4  5     2.51647979
1986  4  6     2.98100860
1986  4  7     3.95757505
1986  4  8     3.02739416
1986  4  9     2.08011432
1986  4 10     2.26848196
1986  4 11     2.81120034
1986  4 12     2.89537461
1986  4 13     2.20114646
1986  4 14     1.80596916
1986  4 15     1.86522214
1986  4 16     1.85537285
1986  4 17     1.47410145
1986  4 18     1.31292681
1986  4 19     1.60886165
1986  4 20     2.58240385
1986  4 21     4.02252238
1986  4 22     4.95169545
1986  4 23     4.58011408
1986  4 24     3.51784681
1986  4 25     2.73819310
1986  4 26     2.31609542
1986  4 27     2.48885669
1986  4 28     3.39078694
1986  4 29     3.67193399
1986  4 30     3.42526867
1986  5  1     3.63824601
1986  5  2     3.93093020
1986  5  3     4.41800902
1986  5  4     4.20231595
1986  5  5     2.73332564
1986  5  6     1.93869933
1986  5  7     1.56883699
1986  5  8     1.44488099
1986  5  9     1.88143740
1986  5 10     2.92498370
1986  5 11     2.90532923
1986  5 12     2.70825570
1986  5 13     3.55409503
1986  5 14     4.13060767
1986  5 15     4.42032919
1986  5 16     4.61926157
1986  5 17     5.08760175
1986  5 18     5.88909884
1986  5 19     6.27336461
1986  5 20     6.20864678
1986  5 21     5.40133331
1986  5 22     3.86463423
1986  5 23     3.63602341
1986  5 24     4.61367969
1986  5 25     5.68392081
1986  5 26     7.16747369
1986  5 27     7.78335841
1986  5 28     7.75699313
1986  5 29     7.88591711
1986  5 30     8.26984630
1986  5 31     8.33712483
1986  6  1     8.24626303
1986  6  2     7.95211295
1986  6  3     7.59586158
1986  6  4     7.30766483
1986  6  5     6.59729368
1986  6  6     5.88387784
1986  6  7     5.39619789
1986  6  8     5.16059886
1986  6  9     4.98341428
1986  6 10     5.10229331
1986  6 11     5.23603266
1986  6 12     4.76043424
1986  6 13     4.03411309
1986  6 14     3.52835840
1986  6 15     3.01102326
1986  6 16     2.41790870
1986  6 17     2.06109115
1986  6 18     1.85680839
1986  6 19     1.63076099
1986  6 20     1.49394301
1986  6 21     1.41606606
1986  6 22     1.26549407
1986  6 23     1.09278808
1986  6 24     1.00503751
1986  6 25     0.95941677
1986  6 26     0.91518855
1986  6 27     0.82733191
1986  6 28     0.70435745
1986  6 29     0.59651841
1986  6 30     0.49563073
1986  7  1     0.44970175
1986  7  2     0.41087413
1986  7  3     0.37585875
1986  7  4     0.34862453
1986  7  5     0.32791259
1986  7  6     0.30786955
1986  7  7     0.28791043
1986  7  8     0.27049487
1986  7  9     0.25720667
1986  7 10     0.24445010
1986  7 11     0.23267022
1986  7 12     0.22202312
1986  7 13     0.21362229
1986  7 14     0.20581228
1986  7 15     0.19824528
1986  7 16     0.19297349
1986  7 17     0.18853974
1986  7 18     0.18292079
1986  7 19     0.17569610
1986  7 20     0.16891258
1986  7 21     0.16324943
1986  7 22     0.16992178
1986  7 23     0.28343978
1986  7 24     0.43312889
1986  7 25     0.65921651
1986  7 26     0.44025556
1986  7 27     0.17055543
1986  7 28     0.14235204
1986  7 29     0.13738223
1986  7 30     0.13250662
1986  7 31     0.12776582
1986  8  1     0.12302347
1986  8  2     0.11869260
1986  8  3     0.11537770
1986  8  4     0.11244627
1986  8  5     0.10949423
1986  8  6     0.10671242
1986  8  7     0.10431794
1986  8  8     0.10173665
1986  8  9     0.09900235
1986  8 10     0.09769607
1986  8 11     0.09554098
1986  8 12     0.09183075
1986  8 13     0.08949017
1986  8 14     0.08751011
1986  8 15     0.08544161
1986  8 16     0.08370524
1986  8 17     0.08581154
1986  8 18     0.08421311
1986  8 19     0.07832444
1986  8 20     0.08674562
1986  8 21     0.08196253
1986  8 22     0.07523231
1986  8 23     0.07329266
1986  8 24     0.06931149
1986  8 25     0.06802904
1986  8 26     0.06712096
1986  8 27     0.06767352
1986  8 28     0.06929915
1986  8 29     0.06620180
1986  8 30     0.06138968
1986  8 31     0.06018603
1986  9  1     0.05915727
1986  9  2     0.05802539
1986  9  3     0.05620304
1986  9  4     0.05439018
1986  9  5     0.05319031
1986  9  6     0.05182133
1986  9  7     0.04992372
1986  9  8     0.04987887
1986  9  9     0.05040924
1986  9 10     0.05057959
1986  9 11     0.04998995
1986  9 12     0.04801817
1986  9 13     0.05267483
1986  9 14     0.05289279
1986  9 15     0.04729196
1986  9 16     0.04700019
1986  9 17     0.18021570
1986  9 18     0.24762846
1986  9 19     0.27521146
1986  9 20     0.14807348
1986  9 21     0.04401021
1986  9 22     0.04265308
1986  9 23     0.11012393
1986  9 24     1.08893121
1986  9 25     0.80185267
1986  9 26     0.68169785
1986  9 27     0.56768777
1986  9 28     0.36088215
1986  9 29     0.35166464
1986  9 30     0.50347981
1986 10  1     0.68858162
1986 10  2     0.53964806
1986 10  3     0.32884398
1986 10  4     0.33816428
1986 10  5     0.41557851
1986 10  6     0.45961591
1986 10  7     0.44382542
1986 10  8     0.34971819
1986 10  9     0.24623813
1986 10 10     0.16909857
1986 10 11     0.12240018
1986 10 12     0.09898840
1986 10 13     0.08269618
1986 10 14     0.07002910
1986 10 15     0.06083412
1986 10 16     0.05398172
1986 10 17     0.04888992
1986 10 18     0.04596365
1986 10 19     0.04595872
1986 10 20     0.04266005
1986 10 21     0.03703789
1986 10 22     0.04301279
1986 10 23     0.04132544
1986 10 24     0.03098940
1986 10 25     0.02918683
1986 10 26     0.02723704
1986 10 27     0.02558306
1986 10 28     0.02505099
1986 10 29     0.02442674
1986 10 30     0.02303858
1986 10 31     0.02304920
1986 11  1     0.02631508
1986 11  2     0.02633766
1986 11  3     0.02418647
1986 11  4     0.02267402
1986 11  5     0.02014367
1986 11  6     0.02003712
1986 11  7     0.02084973
1986 11  8     0.02123386
1986 11  9     0.02057015
1986 11 10     0.01964838
1986 11 11     0.01892372
1986 11 12     0.01831844
1986 11 13     0.01769833
1986 11 14     0.01719067
1986 11 15     0.01720620
1986 11 16     0.01694645
1986 11 17     0.01602460
1986 11 18     0.01601237
1986 11 19     0.01582554
1986 11 20     0.01555628
1986 11 21     0.01870023
1986 11 22     0.01651554
1986 11 23     0.01678862
1986 11 24     0.01762713
1986 11 25     0.01635929
1986 11 26     0.01474071
1986 11 27     0.01439383
1986 11 28     0.08192133
1986 11 29     0.10292081
1986 11 30     0.02920685
1986 12  1     0.02017083
1986 12  2     0.02268362
1986 12  3     0.02388264
1986 12  4     0.02299051
1986 12  5     0.23954110
1986 12  6     0.48957033
1986 12  7     0.29819612
1986 12  8     0.08396899
1986 12  9     0.04125777
1986 12 10     0.03615630
1986 12 11     0.02920666
1986 12 12     0.02471273
1986 12 13     0.02154368
1986 12 14     0.01960276
1986 12 15     0.01859311
1986 12 16     0.01799700
1986 12 17     0.01730139
1986 12 18     0.02294116
1986 12 19     0.03978651
1986 12 20     0.11940237
1986 12 21     0.03800397
1986 12 22     0.01755612
1986 12 23     0.01640765
1986 12 24     0.01523272
1986 12 25     0.01416418
1986 12 26     0.01371265
1986 12 27     0.01334632
1986 12 28     0.01319720
1986 12 29     0.01302424
1986 12 30     0.01291741
1986 12 31     0.01355683
1987  1  1     0.04843751
1987  1  2     0.27523412
1987  1  3     0.36839069
1987  1  4     2.88241315
1987  1  5     0.86937731
1987  1  6     0.12666270
1987  1  7     0.10963809
1987  1  8     0.06845147
1987  1  9     0.04785824
1987  1 10     0.04019654
1987  1 11     0.03785468
1987  1 12     0.03573724
1987  1 13     0.03036970
1987  1 14     0.02426260
1987  1 15     0.02075301
1987  1 16     0.01961277
1987  1 17     0.01838771
1987  1 18     0.01824543
1987  1 19     0.01658310
1987  1 20     0.01535788
1987  1 21     0.01475208
1987  1 22     0.01429609
1987  1 23     0.04974527
1987  1 24     0.15865053
1987  1 25     0.12466759
1987  1 26     0.06191335
1987  1 27     0.09833444
1987  1 28     1.15772893
1987  1 29     0.63249190
1987  1 30     0.13242807
1987  1 31     0.10133445
1987  2  1     0.07139263
1987  2  2     0.06002357
1987  2  3     0.22465895
1987  2  4     0.05659223
1987  2  5     0.02915121
1987  2  6     0.02959755
1987  2  7     0.06196758
1987  2  8     0.09188326
1987  2  9     0.11465525
1987  2 10     0.49484600
1987  2 11     1.02977824
1987  2 12     1.45091687
1987  2 13     3.91900255
1987  2 14     2.45614178
1987  2 15     0.99292405
1987  2 16     0.54833325
1987  2 17     0.31513508
1987  2 18     0.25547944
1987  2 19     0.21711587
1987  2 20     0.19456278
1987  2 21     0.17655962
1987  2 22     0.16164826
1987  2 23     0.24262205
1987  2 24     0.23252434
1987  2 25     0.17137058
1987  2 26     0.13935144
1987  2 27     0.13955882
1987  2 28     0.14014484
1987  3  1     0.13731753
1987  3  2     0.17148529
1987  3  3     0.21624670
1987  3  4     0.41699560
1987  3  5     2.85700509
1987  3  6     6.40967574
1987  3  7     3.22572476
1987  3  8     1.29970777
1987  3  9     0.96125339
1987  3 10     0.72340230
1987  3 11     0.61199691
1987  3 12     1.01501237
1987  3 13     4.38884831
1987  3 14     2.49439511
1987  3 15     2.92414889
1987  3 16     1.22637795
1987  3 17     0.67012217
1987  3 18     0.84833307
1987  3 19     0.68656933
1987  3 20     0.50843665
1987  3 21     0.59600730
1987  3 22     0.69740941
1987  3 23     0.77120051
1987  3 24     0.56852891
1987  3 25     0.46827133
1987  3 26     0.62639571
1987  3 27     0.77944049
1987  3 28     0.97053730
1987  3 29     1.03293945
1987  3 30     0.99142342
1987  3 31     1.15643323
1987  4  1     1.47890308
1987  4  2     1.75007211
1987  4  3     3.61553039
1987  4  4     2.71451953
1987  4  5     1.10895394
1987  4  6     1.08113155
1987  4  7     1.39266525
1987  4  8     1.90955206
1987  4  9     2.35006581
1987  4 10     2.73825776
1987  4 11     3.05868806
1987  4 12     2.44176007
1987  4 13     2.08330840
1987  4 14     2.65399226
1987  4 15     3.17690875
1987  4 16     3.64690357
1987  4 17     3.93079139
1987  4 18     3.48789809
1987  4 19     2.12020262
1987  4 20     1.30678951
1987  4 21     1.68898715
1987  4 22     2.42780360
1987  4 23     3.00230013
1987  4 24     3.16657948
1987  4 25     3.07764943
1987  4 26     3.32124828
1987  4 27     3.41454707
1987  4 28     3.27914906
1987  4 29     3.25450368
1987  4 30     4.02249459
1987  5  1     2.80823788
1987  5  2     1.33282167
1987  5  3     1.11414568
1987  5  4     1.10980755
1987  5  5     1.15055075
1987  5  6     1.13845203
1987  5  7     1.07832517
1987  5  8     0.90286346
1987  5  9     1.15721070
1987  5 10     2.03374290
1987  5 11     1.64068595
1987  5 12     0.86410325
1987  5 13     0.62788430
1987  5 14     0.53082469
1987  5 15     0.47056397
1987  5 16     0.52353252
1987  5 17     0.98613707
1987  5 18     0.93893425
1987  5 19     0.56655539
1987  5 20     0.47624742
1987  5 21     1.05478747
1987  5 22     1.09118724
1987  5 23     0.81069385
1987  5 24     0.64683812
1987  5 25     0.49490759
1987  5 26     0.42150612
1987  5 27     0.43952544
1987  5 28     0.64813345
1987  5 29     0.56439749
1987  5 30     0.35505283
1987  5 31     0.30060873
1987  6  1     0.23358211
1987  6  2     0.18647491
1987  6  3     0.16059318
1987  6  4     0.13995847
1987  6  5     0.12476106
1987  6  6     0.13821356
1987  6  7     0.18541018
1987  6  8     0.22981978
1987  6  9     0.17752056
1987  6 10     0.10622049
1987  6 11     0.10715905
1987  6 12     0.09695547
1987  6 13     0.08658234
1987  6 14     0.07263133
1987  6 15     0.09153959
1987  6 16     0.08509347
1987  6 17     0.06609422
1987  6 18     0.05705491
1987  6 19     0.05428788
1987  6 20     0.05182213
1987  6 21     0.04964042
1987  6 22     0.04770769
1987  6 23     0.04579244
1987  6 24     0.04389052
1987  6 25     0.04212677
1987  6 26     0.04117695
1987  6 27     0.04064601
1987  6 28     0.03854095
1987  6 29     0.04611710
1987  6 30     0.04964387
1987  7  1     0.04262659
1987  7  2     0.03704993
1987  7  3     0.03276039
1987  7  4     0.03774002
1987  7  5     0.03819612
1987  7  6     0.03181840
1987  7  7     0.02887682
1987  7  8     0.02746252
1987  7  9     0.02661271
1987  7 10     0.02581006
1987  7 11     0.02506005
1987  7 12     0.02669125
1987  7 13     0.02598716
1987  7 14     0.02294224
1987  7 15     0.06392557
1987  7 16     0.08825072
1987  7 17     0.04626468
1987  7 18     0.02104780
1987  7 19     0.02208431
1987  7 20     0.02147327
1987  7 21     0.01892010
1987  7 22     0.01892174
1987  7 23     0.01837070
1987  7 24     0.01737362
1987  7 25     0.01693796
1987  7 26     0.01646286
1987  7 27     0.01587782
1987  7 28     0.01540926
1987  7 29     0.01496738
1987  7 30     0.01455946
1987  7 31     0.01415194
1987  8  1     0.01371930
1987  8  2     0.01329107
1987  8  3     0.01286805
1987  8  4     0.01648714
1987  8  5     0.01612322
1987  8  6     0.01175118
1987  8  7     0.01143399
1987  8  8     0.01114385
1987  8  9     0.01083164
1987  8 10     0.01052139
1987  8 11     0.01023016
1987  8 12     0.00996093
1987  8 13     0.00970251
1987  8 14     0.00946471
1987  8 15     0.00927671
1987  8 16     0.00904371
1987  8 17     0.00871892
1987  8 18     0.00841936
1987  8 19     0.00816808
1987  8 20     0.00794086
1987  8 21     0.00774450
1987  8 22     0.00754872
1987  8 23     0.00737334
1987  8 24     0.00718835
1987  8 25     0.00695474
1987  8 26     0.00675089
1987  8 27     0.00654498
1987  8 28     0.00635046
1987  8 29     0.00616559
1987  8 30     0.00603424
1987  8 31     0.00586223
1987  9  1     0.00564084
1987  9  2     0.02057955
1987  9  3     0.01747342
1987  9  4     0.00525712
1987  9  5     0.00511916
1987  9  6     0.00498684
1987  9  7     0.00487149
1987  9  8     0.00474515
1987  9  9     0.00460338
1987  9 10     0.00447078
1987  9 11     0.00435738
1987  9 12     0.00424455
1987  9 13     0.00414026
1987  9 14     0.00403963
1987  9 15     0.00393313
1987  9 16     0.00382831
1987  9 17     0.00371825
1987  9 18     0.00360444
1987  9 19     0.00348684
1987  9 20     0.00337492
1987  9 21     0.00326963
1987  9 22     0.00315476
1987  9 23     0.00306441
1987  9 24     0.00299427
1987  9 25     0.00294009
1987  9 26     0.00288757
1987  9 27     0.00281781
1987  9 28     0.00273033
1987  9 29     0.00263947
1987  9 30     0.00254955
1987 10  1     0.00247833
1987 10  2     0.00241220
1987 10  3     0.00234570
1987 10  4     0.00227705
1987 10  5     0.00221188
1987 10  6     0.00216046
1987 10  7     0.00212060
1987 10  8     0.00208169
1987 10  9     0.00205359
1987 10 10     0.00202058
1987 10 11     0.00209562
1987 10 12     0.01290821
1987 10 13     0.02177905
1987 10 14     0.00935405
1987 10 15     0.00181590
1987 10 16     0.00175937
1987 10 17     0.00170972
1987 10 18     0.00166327
1987 10 19     0.00162184
1987 10 20     0.00158253
1987 10 21     0.00153353
1987 10 22     0.22216340
1987 10 23     0.78674804
1987 10 24     0.45863836
1987 10 25     0.07800187
1987 10 26     0.02082764
1987 10 27     0.00921955
1987 10 28     0.86099492
1987 10 29     1.71285813
1987 10 30     0.71221841
1987 10 31     0.09287683
1987 11  1     0.33036206
1987 11  2     0.47790984
1987 11  3     0.27318563
1987 11  4     0.17054258
1987 11  5     0.39336785
1987 11  6     1.08580936
1987 11  7     0.92757552
1987 11  8     0.38647902
1987 11  9     0.29341019
1987 11 10     0.23270602
1987 11 11     0.17023262
1987 11 12     0.16967081
1987 11 13     0.65162739
1987 11 14     1.43989377
1987 11 15     0.61516493
1987 11 16     0.23027051
1987 11 17     0.49944692
1987 11 18     1.05335825
1987 11 19     0.72296266
1987 11 20     0.28817233
1987 11 21     1.09326084
1987 11 22     0.68175384
1987 11 23     0.22522325
1987 11 24     0.17352448
1987 11 25     0.13541308
1987 11 26     0.10225042
1987 11 27     0.07747108
1987 11 28     0.06300224
1987 11 29     0.05226934
1987 11 30     0.04406890
1987 12  1     0.10856998
1987 12  2     0.07864236
1987 12  3     0.03585746
1987 12  4     0.03445474
1987 12  5     0.04297951
1987 12  6     0.03049533
1987 12  7     0.54187150
1987 12  8     0.21869643
1987 12  9     0.22369564
1987 12 10     0.12209547
1987 12 11     0.05420817
1987 12 12     0.02621757
1987 12 13     0.02089320
1987 12 14     0.01686724
1987 12 15     0.01424946
1987 12 16     0.02811029
1987 12 17     0.02195392
1987 12 18     0.01228392
1987 12 19     0.02369157
1987 12 20     0.01479689
1987 12 21     0.13999910
1987 12 22     0.45417213
1987 12 23     0.45763227
1987 12 24     0.07111853
1987 12 25     0.02578982
1987 12 26     0.01891597
1987 12 27     0.01524069
1987 12 28     0.40348657
1987 12 29     0.69950229
1987 12 30     0.49720780
1987 12 31     0.05152938
1988  1  1     0.00914085
1988  1  2     0.00827084
1988  1  3     0.91008833
1988  1  4     1.16477248
1988  1  5     1.81341925
1988  1  6     0.99787568
1988  1  7     0.33451357
1988  1  8     0.92719140
1988  1  9     0.57965561
1988  1 10     0.27811735
1988  1 11     1.23984664
1988  1 12     0.77218977
1988  1 13     0.31834095
1988  1 14     0.29150477
1988  1 15     1.47094108
1988  1 16     1.04108365
1988  1 17     1.76589842
1988  1 18     0.91820304
1988  1 19     0.36020937
1988  1 20     0.28564983
1988  1 21     0.25607139
1988  1 22     0.27462976
1988  1 23     0.30913971
1988  1 24     0.34464746
1988  1 25     0.36075345
1988  1 26     0.36481819
1988  1 27     0.39034237
1988  1 28     0.44764914
1988  1 29     0.53312031
1988  1 30     0.58984858
1988  1 31     0.37945389
1988  2  1     0.27783903
1988  2  2     0.24427579
1988  2  3     0.21984080
1988  2  4     0.20058275
1988  2  5     0.19410318
1988  2  6     0.20553030
1988  2  7     0.24477891
1988  2  8     0.30915719
1988  2  9     0.36704795
1988  2 10     0.41185182
1988  2 11     0.43276758
1988  2 12     0.42438480
1988  2 13     0.42489249
1988  2 14     0.42639116
1988  2 15     0.45231665
1988  2 16     0.46266275
1988  2 17     0.34596072
1988  2 18     0.26210812
1988  2 19     0.23276046
1988  2 20     0.25301256
1988  2 21     0.32220226
1988  2 22     0.41532816
1988  2 23     0.46050205
1988  2 24     0.54485250
1988  2 25     0.60406920
1988  2 26     0.69964371
1988  2 27     1.70842306
1988  2 28     2.66212542
1988  2 29     2.16493809
1988  3  1     1.36665402
1988  3  2     1.87195683
1988  3  3     0.88448615
1988  3  4     0.63270664
1988  3  5     0.71453731
1988  3  6     0.74756993
1988  3  7     0.69562934
1988  3  8     0.70378499
1988  3  9     0.79250251
1988  3 10     0.57802202
1988  3 11     0.38433479
1988  3 12     0.34036724
1988  3 13     0.28896172
1988  3 14     0.27069279
1988  3 15     0.31613395
1988  3 16     0.31831572
1988  3 17     0.34217546
1988  3 18     0.43743832
1988  3 19     0.61923026
1988  3 20     1.09132813
1988  3 21     1.53162578
1988  3 22     1.39427355
1988  3 23     1.46294471
1988  3 24     1.48065827
1988  3 25     1.47238360
1988  3 26     1.99079877
1988  3 27     2.48238995
1988  3 28     1.91019773
1988  3 29     1.02861839
1988  3 30     0.89978595
1988  3 31     0.87276934
1988  4  1     0.84712486
1988  4  2     0.99469776
1988  4  3     1.36365801
1988  4  4     1.76668701
1988  4  5     1.95538829
1988  4  6     2.42981428
1988  4  7     2.87965779
1988  4  8     2.54637365
1988  4  9     2.08779567
1988  4 10     2.37865765
1988  4 11     3.05538127
1988  4 12     3.24717660
1988  4 13     3.05222366
1988  4 14     5.13749656
1988  4 15     3.99885830
1988  4 16     1.56966927
1988  4 17     1.18824426
1988  4 18     1.02922680
1988  4 19     0.94087511
1988  4 20     3.41074033
1988  4 21     2.08246268
1988  4 22     1.04200088
1988  4 23     1.22544109
1988  4 24     0.68973572
1988  4 25     1.04628627
1988  4 26     1.26036042
1988  4 27     2.27086919
1988  4 28     2.82605380
1988  4 29     1.97006764
1988  4 30     1.47234760
1988  5  1     1.11794394
1988  5  2     0.70241695
1988  5  3     0.80044298
1988  5  4     1.03583608
1988  5  5     0.83094219
1988  5  6     0.58204401
1988  5  7     0.45791835
1988  5  8     0.52744683
1988  5  9     0.70009878
1988  5 10     1.51397909
1988  5 11     2.84621673
1988  5 12     3.89353574
1988  5 13     4.19546017
1988  5 14     3.81021656
1988  5 15     3.77785957
1988  5 16     4.31340954
1988  5 17     4.89527163
1988  5 18     3.25236326
1988  5 19     2.31327812
1988  5 20     2.74925592
1988  5 21     3.03854472
1988  5 22     3.00061740
1988  5 23     2.70096071
1988  5 24     2.29360065
1988  5 25     1.85204684
1988  5 26     1.45155423
1988  5 27     1.15743049
1988  5 28     1.01869234
1988  5 29     3.54940945
1988  5 30     2.90430019
1988  5 31     1.19550282
1988  6  1     1.17393429
1988  6  2     0.98908983
1988  6  3     0.81446805
1988  6  4     0.64823848
1988  6  5     0.49573230
1988  6  6     0.40875835
1988  6  7     0.42186608
1988  6  8     0.35318953
1988  6  9     0.32411105
1988  6 10     0.29014190
1988  6 11     0.23502774
1988  6 12     0.22467514
1988  6 13     0.21014779
1988  6 14     0.19774001
1988  6 15     0.18024132
1988  6 16     0.16450282
1988  6 17     0.15337484
1988  6 18     0.13695526
1988  6 19     0.12426979
1988  6 20     0.12817772
1988  6 21     0.17431681
1988  6 22     0.14410300
1988  6 23     0.09786155
1988  6 24     0.09272788
1988  6 25     0.16599473
1988  6 26     0.19721254
1988  6 27     0.11354155
1988  6 28     0.08765990
1988  6 29     0.08896233
1988  6 30     0.08322108
1988  7  1     0.07520194
1988  7  2     0.06685752
1988  7  3     0.06420791
1988  7  4     0.06206089
1988  7  5     0.06024168
1988  7  6     0.05832977
1988  7  7     0.05632710
1988  7  8     0.05416247
1988  7  9     0.05206040
1988  7 10     0.05080177
1988  7 11     0.04932532
1988  7 12     0.04791840
1988  7 13     0.04666046
1988  7 14     0.04447329
1988  7 15     0.04493021
1988  7 16     0.06483903
1988  7 17     0.06246697
1988  7 18     0.03910410
1988  7 19     0.03831217
1988  7 20     0.03721959
1988  7 21     0.03574547
1988  7 22     0.03470633
1988  7 23     0.03371188
1988  7 24     0.12632619
1988  7 25     0.14974042
1988  7 26     0.07428258
1988  7 27     0.05471928
1988  7 28     0.05577821
1988  7 29     0.04198659
1988  7 30     0.03333958
1988  7 31     0.03501313
1988  8  1     0.03967236
1988  8  2     0.03061841
1988  8  3     0.02577597
1988  8  4     0.02806308
1988  8  5     0.02873864
1988  8  6     0.02593385
1988  8  7     0.03135952
1988  8  8     0.02999964
1988  8  9     0.02773693
1988  8 10     0.02595575
1988  8 11     0.02076003
1988  8 12     0.02144154
1988  8 13     0.01980846
1988  8 14     0.02074940
1988  8 15     0.02081802
1988  8 16     0.01770313
1988  8 17     0.01661569
1988  8 18     0.01610509
1988  8 19     0.01561346
1988  8 20     0.01512099
1988  8 21     0.01487575
1988  8 22     0.01453804
1988  8 23     0.01389968
1988  8 24     0.01382201
1988  8 25     0.02115897
1988  8 26     0.06679920
1988  8 27     0.06212227
1988  8 28     0.02078299
1988  8 29     0.01595371
1988  8 30     0.01468041
1988  8 31     0.01103781
1988  9  1     0.05504777
1988  9  2     0.05137176
1988  9  3     0.02982378
1988  9  4     0.02960412
1988  9  5     0.01760666
1988  9  6     0.01479602
1988  9  7     0.01378658
1988  9  8     0.00891486
1988  9  9     0.00875097
1988  9 10     0.00856844
1988  9 11     0.00817153
1988  9 12     0.00796443
1988  9 13     0.00779901
1988  9 14     0.00832676
1988  9 15     0.00829082
1988  9 16     0.00713759
1988  9 17     0.00695445
1988  9 18     0.00678768
1988  9 19     0.01417377
1988  9 20     0.03162927
1988  9 21     0.06766291
1988  9 22     0.04771361
1988  9 23     0.00697990
1988  9 24     0.00581291
1988  9 25     0.00564406
1988  9 26     0.00550968
1988  9 27     0.00537285
1988  9 28     0.00520873
1988  9 29     0.00504299
1988  9 30     0.00488343
1988 10  1     0.00473782
1988 10  2     0.00460814
1988 10  3     0.00449410
1988 10  4     0.00438475
1988 10  5     0.00427850
1988 10  6     0.02096573
1988 10  7     0.01679289
1988 10  8     0.00399411
1988 10  9     0.00387244
1988 10 10     0.00376310
1988 10 11     0.00366683
1988 10 12     0.00358766
1988 10 13     0.00351459
1988 10 14     0.00343563
1988 10 15     0.00337113
1988 10 16     0.00326920
1988 10 17     0.00314189
1988 10 18     0.00303449
1988 10 19     0.00294824
1988 10 20     0.00287906
1988 10 21     0.00281468
1988 10 22     0.00274228
1988 10 23     0.00267461
1988 10 24     0.00261431
1988 10 25     0.00255360
1988 10 26     0.00249169
1988 10 27     0.00243035
1988 10 28     0.00238998
1988 10 29     0.00235072
1988 10 30     0.00229866
1988 10 31     0.00223647
1988 11  1     0.00216326
1988 11  2     0.00215874
1988 11  3     0.00211688
1988 11  4     0.00203211
1988 11  5     0.00197039
1988 11  6     0.00190061
1988 11  7     0.00186659
1988 11  8     0.00186424
1988 11  9     0.00313291
1988 11 10     0.02534856
1988 11 11     0.02104338
1988 11 12     0.00634080
1988 11 13     0.57681249
1988 11 14     2.59696178
1988 11 15     0.98330045
1988 11 16     0.08885876
1988 11 17     0.17669968
1988 11 18     0.07288874
1988 11 19     0.01221769
1988 11 20     0.00863372
1988 11 21     0.00860222
1988 11 22     0.12538434
1988 11 23     0.86650098
1988 11 24     1.35066233
1988 11 25     0.60281064
1988 11 26     0.16096555
1988 11 27     0.03475102
1988 11 28     0.02044915
1988 11 29     0.01814330
1988 11 30     0.01583724
1988 12  1     0.01553514
1988 12  2     0.01803775
1988 12  3     0.01939541
1988 12  4     0.01874554
1988 12  5     0.01926767
1988 12  6     0.02277647
1988 12  7     0.02006148
1988 12  8     0.01713060
1988 12  9     0.01990173
1988 12 10     0.01982476
1988 12 11     0.01979348
1988 12 12     0.01953893
1988 12 13     0.02038009
1988 12 14     0.02207694
1988 12 15     0.01959145
1988 12 16     0.01329497
1988 12 17     0.12713539
1988 12 18     0.11494820
1988 12 19     0.14014144
1988 12 20     0.50964079
1988 12 21     0.46992237
1988 12 22     0.09068892
1988 12 23     0.34493205
1988 12 24     0.76479499
1988 12 25     0.25467991
1988 12 26     0.04010077
1988 12 27     0.02585458
1988 12 28     0.01834136
1988 12 29     0.00723703
1988 12 30     0.00727297
1988 12 31     0.13670701
1989  1  1     0.06611354
1989  1  2     0.01411272
1989  1  3     0.00740195
1989  1  4     0.00622816
1989  1  5     0.02163513
1989  1  6     0.58497148
1989  1  7     0.09846317
1989  1  8     0.00932120
1989  1  9     0.00473505
1989  1 10     0.00538725
1989  1 11     0.08278111
1989  1 12     0.01453434
1989  1 13     0.00542864
1989  1 14     0.00697761
1989  1 15     0.00529321
1989  1 16     0.00587929
1989  1 17     0.00991007
1989  1 18     0.01826364
1989  1 19     0.02685698
1989  1 20     0.03462608
1989  1 21     0.03596074
1989  1 22     0.03794748
1989  1 23     0.03716439
1989  1 24     0.02586287
1989  1 25     0.01823383
1989  1 26     0.02665825
1989  1 27     0.03296989
1989  1 28     0.03599255
1989  1 29     0.04740379
1989  1 30     0.07452730
1989  1 31     0.09342511
1989  2  1     0.10976824
1989  2  2     0.19616588
1989  2  3     0.22817186
1989  2  4     0.74159041
1989  2  5     0.08238280
1989  2  6     0.00877567
1989  2  7     0.00846091
1989  2  8     0.06002495
1989  2  9     0.26298266
1989  2 10     0.56495514
1989  2 11     0.13503495
1989  2 12     0.01541837
1989  2 13     0.01478478
1989  2 14     0.01241877
1989  2 15     0.01935122
1989  2 16     0.03850176
1989  2 17     0.05848447
1989  2 18     0.09016275
1989  2 19     0.65250924
1989  2 20     0.34970544
1989  2 21     0.17273062
1989  2 22     0.33916037
1989  2 23     0.39590859
1989  2 24     0.50917600
1989  2 25     0.60386133
1989  2 26     0.66632394
1989  2 27     0.65225317
1989  2 28     0.55283501
1989  3  1     0.54659318
1989  3  2     5.62073152
1989  3  3     3.62464082
1989  3  4     0.82196807
1989  3  5     0.87128840
1989  3  6     1.86730366
1989  3  7     3.93798761
1989  3  8     7.92970062
1989  3  9     6.57669455
1989  3 10     3.52070900
1989  3 11     5.54156397
1989  3 12     4.31308695
1989  3 13     3.24205656
1989  3 14     2.56946708
1989  3 15     1.85213217
1989  3 16     2.22365501
1989  3 17     2.60428541
1989  3 18     1.85802844
1989  3 19     3.78986486
1989  3 20     3.35477908
1989  3 21     2.31933816
1989  3 22     2.46045926
1989  3 23     2.73122191
1989  3 24     5.53439463
1989  3 25     8.72732161
1989  3 26     5.11671665
1989  3 27     2.48360442
1989  3 28     3.82666980
1989  3 29     4.67236290
1989  3 30     3.88481653
1989  3 31     3.85407619
1989  4  1     3.59926802
1989  4  2     2.96843655
1989  4  3     2.37152391
1989  4  4     2.06549277
1989  4  5     2.75414060
1989  4  6     3.71629582
1989  4  7     4.53866454
1989  4  8     5.24252785
1989  4  9     5.47137605
1989  4 10     5.42367111
1989  4 11     5.23983448
1989  4 12     4.89963792
1989  4 13     4.57877811
1989  4 14     4.61755518
1989  4 15     4.65383532
1989  4 16     4.24701066
1989  4 17     3.98529389
1989  4 18     3.99285057
1989  4 19     4.27352050
1989  4 20     4.45643114
1989  4 21     4.14058929
1989  4 22     2.92057834
1989  4 23     1.74833749
1989  4 24     1.72550999
1989  4 25     1.45402463
1989  4 26     1.00150627
1989  4 27     0.85991395
1989  4 28     0.78874119
1989  4 29     0.95431878
1989  4 30     1.55604319
1989  5  1     2.12129287
1989  5  2     2.48430895
1989  5  3     2.86025667
1989  5  4     3.46187500
1989  5  5     4.37464836
1989  5  6     4.91137629
1989  5  7     5.15794745
1989  5  8     5.19324052
1989  5  9     5.20611565
1989  5 10     6.11539671
1989  5 11     4.39789816
1989  5 12     2.06377529
1989  5 13     2.07978642
1989  5 14     1.95974141
1989  5 15     2.89130007
1989  5 16     3.01830038
1989  5 17     2.57428066
1989  5 18     2.73329130
1989  5 19     2.21522445
1989  5 20     1.84404856
1989  5 21     1.96064754
1989  5 22     1.99189925
1989  5 23     1.89998642
1989  5 24     1.41121116
1989  5 25     0.99973069
1989  5 26     1.00931972
1989  5 27     1.15427571
1989  5 28     1.25853930
1989  5 29     0.99078302
1989  5 30     0.65379978
1989  5 31     0.64324318
1989  6  1     0.83597971
1989  6  2     1.03602261
1989  6  3     1.37712007
1989  6  4     1.28462905
1989  6  5     0.90254560
1989  6  6     0.69995915
1989  6  7     0.86634111
1989  6  8     1.31883318
1989  6  9     1.03298257
1989  6 10     0.66443759
1989  6 11     0.55802965
1989  6 12     0.46758087
1989  6 13     0.42346895
1989  6 14     0.37325667
1989  6 15     0.32053922
1989  6 16     0.29568437
1989  6 17     0.26715742
1989  6 18     0.23614125
1989  6 19     0.22093531
1989  6 20     0.20564479
1989  6 21     0.18546851
1989  6 22     0.17047042
1989  6 23     0.15944610
1989  6 24     0.15171059
1989  6 25     0.14699176
1989  6 26     0.13828830
1989  6 27     0.14504240
1989  6 28     0.14321183
1989  6 29     0.12251929
1989  6 30     0.11459464
1989  7  1     0.10944853
1989  7  2     0.10435507
1989  7  3     0.09960796
1989  7  4     0.09555505
1989  7  5     0.09192423
1989  7  6     0.08837855
1989  7  7     0.08928981
1989  7  8     0.08535638
1989  7  9     0.07861643
1989  7 10     0.07662355
1989  7 11     0.07466816
1989  7 12     0.07213942
1989  7 13     0.06986403
1989  7 14     0.06762975
1989  7 15     0.06535330
1989  7 16     0.06368252
1989  7 17     0.06202235
1989  7 18     0.05976644
1989  7 19     0.05746773
1989  7 20     0.05547938
1989  7 21     0.05376954
1989  7 22     0.05233433
1989  7 23     0.05099430
1989  7 24     0.04953040
1989  7 25     0.04806615
1989  7 26     0.04668252
1989  7 27     0.04537339
1989  7 28     0.04412647
1989  7 29     0.04286286
1989  7 30     0.04168098
1989  7 31     0.04057221
1989  8  1     0.03961829
1989  8  2     0.03863898
1989  8  3     0.03751845
1989  8  4     0.03634866
1989  8  5     0.03521726
1989  8  6     0.03407767
1989  8  7     0.03394431
1989  8  8     0.23547225
1989  8  9     0.43915468
1989  8 10     0.22068346
1989  8 11     0.04933103
1989  8 12     0.02942603
1989  8 13     0.02839525
1989  8 14     0.02721950
1989  8 15     0.02629261
1989  8 16     0.02555161
1989  8 17     0.02490368
1989  8 18     0.02443341
1989  8 19     0.02386152
1989  8 20     0.05104783
1989  8 21     0.05219945
1989  8 22     0.02823657
1989  8 23     0.02255299
1989  8 24     0.02104453
1989  8 25     0.02069594
1989  8 26     0.01993345
1989  8 27     0.01915554
1989  8 28     0.01845662
1989  8 29     0.01781311
1989  8 30     0.01732008
1989  8 31     0.01694870
1989  9  1     0.01656620
1989  9  2     0.01608174
1989  9  3     0.01554293
1989  9  4     0.01502915
1989  9  5     0.01455690
1989  9  6     0.01411567
1989  9  7     0.01528051
1989  9  8     0.01554379
1989  9  9     0.01334150
1989  9 10     0.01287169
1989  9 11     0.01865054
1989  9 12     0.01853805
1989  9 13     0.01384746
1989  9 14     0.01278768
1989  9 15     0.01097028
1989  9 16     0.01204952
1989  9 17     2.35744328
1989  9 18     2.01135259
1989  9 19     1.53536254
1989  9 20     1.14110172
1989  9 21     0.85476707
1989  9 22     0.77016399
1989  9 23     0.45649491
1989  9 24     0.27303883
1989  9 25     0.20828600
1989  9 26     0.14383348
1989  9 27     0.11875145
1989  9 28     0.09686606
1989  9 29     2.35779243
1989  9 30     2.48458419
1989 10  1     1.05507954
1989 10  2     0.48242872
1989 10  3     0.35158582
1989 10  4     0.25402729
1989 10  5     0.18819389
1989 10  6     0.14469845
1989 10  7     0.11484166
1989 10  8     0.09356773
1989 10  9     0.07775742
1989 10 10     0.06558405
1989 10 11     0.05602550
1989 10 12     0.04834796
1989 10 13     0.04199633
1989 10 14     0.03668499
1989 10 15     0.03225255
1989 10 16     0.02857012
1989 10 17     0.02534954
1989 10 18     0.02249053
1989 10 19     0.02002319
1989 10 20     0.01796479
1989 10 21     0.13155162
1989 10 22     0.42165211
1989 10 23     1.03405038
1989 10 24     8.48762506
1989 10 25     6.75442827
1989 10 26     1.73315714
1989 10 27     0.97639511
1989 10 28     0.68139313
1989 10 29     0.49657111
1989 10 30     0.38215731
1989 10 31     0.32187768
1989 11  1     0.33689777
1989 11  2     0.41254946
1989 11  3     0.50977526
1989 11  4     0.61119736
1989 11  5     0.69665196
1989 11  6     0.66037148
1989 11  7     0.55652341
1989 11  8     0.43628086
1989 11  9     0.38635063
1989 11 10     0.40776596
1989 11 11     0.41243032
1989 11 12     0.38691867
1989 11 13     0.31404950
1989 11 14     0.22932436
1989 11 15     0.17628035
1989 11 16     0.15015768
1989 11 17     0.12885535
1989 11 18     0.11172426
1989 11 19     0.10246497
1989 11 20     0.08382511
1989 11 21     0.06656717
1989 11 22     0.05813412
1989 11 23     0.05022338
1989 11 24     0.51900955
1989 11 25     0.69918057
1989 11 26     3.86122623
1989 11 27     2.00306273
1989 11 28     0.52969527
1989 11 29     0.40732335
1989 11 30     0.31249422
1989 12  1     0.24948109
1989 12  2     0.20583669
1989 12  3     0.17575015
1989 12  4     0.15526112
1989 12  5     0.14105793
1989 12  6     0.13070207
1989 12  7     0.12619351
1989 12  8     0.12373252
1989 12  9     0.11994670
1989 12 10     0.11248163
1989 12 11     0.09658758
1989 12 12     0.08525566
1989 12 13     0.07984589
1989 12 14     0.07577143
1989 12 15     0.07282905
1989 12 16     0.07055267
1989 12 17     0.06542176
1989 12 18     0.06070256
1989 12 19     0.05794124
1989 12 20     0.05531242
1989 12 21     0.05334041
1989 12 22     0.05168558
1989 12 23     0.05369148
1989 12 24     0.05830944
1989 12 25     0.06126120
1989 12 26     0.06136688
1989 12 27     0.06092190
1989 12 28     0.05323054
1989 12 29     0.04598581
1989 12 30     0.04605853
1989 12 31     0.05565129
1990  1  1     0.19659154
1990  1  2     0.58714525
1990  1  3     0.24462092
1990  1  4     0.06221983
1990  1  5     0.05578959
1990  1  6     0.04787011
1990  1  7     0.04667471
1990  1  8     0.30584578
1990  1  9     0.26010617
1990  1 10     0.15302116
1990  1 11     0.21245903
1990  1 12     0.81685767
1990  1 13     5.45939258
1990  1 14     5.83015427
1990  1 15     2.31726246
1990  1 16     1.72562389
1990  1 17     1.21874754
1990  1 18     0.72350410
1990  1 19     0.58398419
1990  1 20     0.48673024
1990  1 21     0.42086755
1990  1 22     0.38911015
1990  1 23     0.37901499
1990  1 24     0.39481010
1990  1 25     0.39012368
1990  1 26     0.37332933
1990  1 27     0.30937222
1990  1 28     0.28637347
1990  1 29     0.31238065
1990  1 30     0.53061853
1990  1 31     1.14645529
1990  2  1     0.91763457
1990  2  2     0.37224829
1990  2  3     0.27610909
1990  2  4     1.67721856
1990  2  5     0.85530578
1990  2  6     0.43235067
1990  2  7     0.45490033
1990  2  8     0.32298115
1990  2  9     0.28025274
1990  2 10     0.29187362
1990  2 11     0.35863817
1990  2 12     0.41044633
1990  2 13     0.35967681
1990  2 14     0.27935938
1990  2 15     0.24561107
1990  2 16     0.35109731
1990  2 17     1.28245586
1990  2 18     0.70003274
1990  2 19     0.24687430
1990  2 20     0.19374900
1990  2 21     0.20026001
1990  2 22     0.30618831
1990  2 23     0.49857513
1990  2 24     0.76779611
1990  2 25     0.96285273
1990  2 26     1.15088631
1990  2 27     1.18946003
1990  2 28     1.20699616
1990  3  1     1.24519850
1990  3  2     1.15187413
1990  3  3     2.49601096
1990  3  4     1.81078320
1990  3  5     2.29089569
1990  3  6     1.13528172
1990  3  7     0.75749007
1990  3  8     0.87236381
1990  3  9     0.87854158
1990  3 10     0.80032180
1990  3 11     1.63144847
1990  3 12     1.15372322
1990  3 13     0.63232468
1990  3 14     0.49951753
1990  3 15     0.59110695
1990  3 16     0.83919083
1990  3 17     1.29298639
1990  3 18     1.76276239
1990  3 19     2.13647307
1990  3 20     2.44612865
1990  3 21     2.63484929
1990  3 22     2.81181434
1990  3 23     2.80216227
1990  3 24     2.76267325
1990  3 25     2.74845325
1990  3 26     2.46423872
1990  3 27     2.11585150
1990  3 28     1.65077839
1990  3 29     1.28213507
1990  3 30     1.32662768
1990  3 31     1.43257535
1990  4  1     1.55839203
1990  4  2     1.77712480
1990  4  3     2.12221457
1990  4  4     2.40740228
1990  4  5     2.43269999
1990  4  6     2.29005388
1990  4  7     2.12078259
1990  4  8     2.84056086
1990  4  9     2.22598147
1990  4 10     1.66363061
1990  4 11     2.38335055
1990  4 12     2.81547805
1990  4 13     3.04347018
1990  4 14     3.55900365
1990  4 15     3.82383459
1990  4 16     3.52141554
1990  4 17     2.79161020
1990  4 18     1.82000296
1990  4 19     1.69596358
1990  4 20     2.40437978
1990  4 21     3.06316882
1990  4 22     2.27751294
1990  4 23     4.94969344
1990  4 24     4.58449838
1990  4 25     2.10848587
1990  4 26     2.20293934
1990  4 27     2.72253518
1990  4 28     3.09475417
1990  4 29     2.75852582
1990  4 30     1.80208661
1990  5  1     1.20373652
1990  5  2     1.04811431
1990  5  3     1.33059544
1990  5  4     1.88081367
1990  5  5     2.41039014
1990  5  6     2.63995784
1990  5  7     2.30342562
1990  5  8     1.85434484
1990  5  9     1.52227117
1990  5 10     1.26764556
1990  5 11     1.00085358
1990  5 12     0.69905710
1990  5 13     0.67482989
1990  5 14     0.79721640
1990  5 15     0.73013341
1990  5 16     0.57206474
1990  5 17     0.62812191
1990  5 18     0.61962518
1990  5 19     0.48488854
1990  5 20     0.41790869
1990  5 21     0.37441360
1990  5 22     0.42925611
1990  5 23     0.73945899
1990  5 24     1.80652699
1990  5 25     0.88683467
1990  5 26     0.73242454
1990  5 27     1.89611391
1990  5 28     5.12443432
1990  5 29     2.56119818
1990  5 30     1.34179774
1990  5 31     1.92976188
1990  6  1     1.21693917
1990  6  2     1.13919154
1990  6  3     1.86711954
1990  6  4     2.12142781
1990  6  5     1.63511296
1990  6  6     1.12859230
1990  6  7     0.85544551
1990  6  8     0.70281507
1990  6  9     0.62519290
1990  6 10     0.53814604
1990  6 11     0.43347942
1990  6 12     0.34489696
1990  6 13     0.30964277
1990  6 14     0.29979379
1990  6 15     0.44913876
1990  6 16     0.85147837
1990  6 17     0.60796614
1990  6 18     0.31781897
1990  6 19     0.30940939
1990  6 20     0.25760402
1990  6 21     0.21828403
1990  6 22     0.18872803
1990  6 23     0.17134858
1990  6 24     0.15786772
1990  6 25     0.14683781
1990  6 26     0.13761143
1990  6 27     0.12965480
1990  6 28     0.12275213
1990  6 29     0.11632342
1990  6 30     0.11067507
1990  7  1     0.10564658
1990  7  2     0.10195695
1990  7  3     0.09772398
1990  7  4     0.09367750
1990  7  5     0.09017625
1990  7  6     0.08681947
1990  7  7     0.08353623
1990  7  8     0.08045322
1990  7  9     0.07879880
1990  7 10     0.07613861
1990  7 11     0.07336033
1990  7 12     0.08786267
1990  7 13     0.10322838
1990  7 14     0.33474104
1990  7 15     0.32686422
1990  7 16     0.19124023
1990  7 17     0.20022113
1990  7 18     0.17491875
1990  7 19     0.16213316
1990  7 20     0.11006155
1990  7 21     0.09062813
1990  7 22     0.11602115
1990  7 23     0.10885678
1990  7 24     0.06660051
1990  7 25     0.06655869
1990  7 26     0.06128171
1990  7 27     0.05547573
1990  7 28     0.05909000
1990  7 29     0.06402465
1990  7 30     0.05389543
1990  7 31     0.04413668
1990  8  1     0.04233660
1990  8  2     0.04534589
1990  8  3     0.04394665
1990  8  4     0.03767491
1990  8  5     0.03680809
1990  8  6     0.03613194
1990  8  7     0.03620792
1990  8  8     0.03710188
1990  8  9     0.11764784
1990  8 10     0.09066192
1990  8 11     0.03133080
1990  8 12     0.03243819
1990  8 13     0.03722730
1990  8 14     0.03311837
1990  8 15     0.02768062
1990  8 16     0.02572455
1990  8 17     0.03228932
1990  8 18     0.03572210
1990  8 19     0.02792268
1990  8 20     0.03028251
1990  8 21     0.02984585
1990  8 22     0.02179137
1990  8 23     0.02101876
1990  8 24     0.02036319
1990  8 25     0.02127312
1990  8 26     0.03648878
1990  8 27     0.03449786
1990  8 28     0.01841514
1990  8 29     0.01777570
1990  8 30     0.01715983
1990  8 31     0.01672166
1990  9  1     0.01628003
1990  9  2     0.01579914
1990  9  3     0.01532092
1990  9  4     0.01490605
1990  9  5     0.01443516
1990  9  6     0.01392992
1990  9  7     0.01349326
1990  9  8     0.01312977
1990  9  9     0.01274792
1990  9 10     0.01230686
1990  9 11     0.01188731
1990  9 12     0.01154607
1990  9 13     0.01132876
1990  9 14     0.01105116
1990  9 15     0.01089949
1990  9 16     0.03270923
1990  9 17     0.02542401
1990  9 18     0.01015814
1990  9 19     0.02740542
1990  9 20     0.17901672
1990  9 21     0.11870824
1990  9 22     0.02115450
1990  9 23     0.12365160
1990  9 24     0.19131851
1990  9 25     0.09422752
1990  9 26     0.02553698
1990  9 27     0.06622346
1990  9 28     0.11830723
1990  9 29     0.08406396
1990  9 30     0.05271764
1990 10  1     0.03639283
1990 10  2     0.01284169
1990 10  3     0.01376308
1990 10  4     0.01133343
1990 10  5     0.00973084
1990 10  6     0.00879513
1990 10  7     0.00823047
1990 10  8     0.00782461
1990 10  9     0.00736083
1990 10 10     0.00692001
1990 10 11     0.00654957
1990 10 12     0.00625245
1990 10 13     0.00599665
1990 10 14     0.00577201
1990 10 15     0.00554218
1990 10 16     0.00532503
1990 10 17     0.00520532
1990 10 18     0.01217706
1990 10 19     0.07202034
1990 10 20     0.05344756
1990 10 21     0.00493159
1990 10 22     0.00467610
1990 10 23     0.00442651
1990 10 24     0.00423319
1990 10 25     0.00403836
1990 10 26     0.00389036
1990 10 27     0.00379528
1990 10 28     0.00370669
1990 10 29     0.00361638
1990 10 30     0.00361694
1990 10 31     0.05366757
1990 11  1     0.49192618
1990 11  2     0.25437645
1990 11  3     0.02611978
1990 11  4     0.01841826
1990 11  5     0.03936580
1990 11  6     0.03260031
1990 11  7     0.01096280
1990 11  8     0.00667432
1990 11  9     0.01335738
1990 11 10     0.01846489
1990 11 11     0.01692241
1990 11 12     0.01621522
1990 11 13     0.01528413
1990 11 14     0.01155121
1990 11 15     0.00682376
1990 11 16     0.00340221
1990 11 17     0.00230878
1990 11 18     0.00225270
1990 11 19     0.02793142
1990 11 20     0.20097777
1990 11 21     0.08734366
1990 11 22     0.00509487
1990 11 23     0.00518673
1990 11 24     0.01665196
1990 11 25     0.31604101
1990 11 26     0.85350691
1990 11 27     0.25678207
1990 11 28     0.05120245
1990 11 29     0.03586514
1990 11 30     0.02618204
1990 12  1     0.02093954
1990 12  2     0.01681019
1990 12  3     0.01333127
1990 12  4     0.01330996
1990 12  5     0.01385852
1990 12  6     0.01388474
1990 12  7     0.01347030
1990 12  8     0.01262181
1990 12  9     0.01282011
1990 12 10     0.01529400
1990 12 11     0.07927614
1990 12 12     0.06392287
1990 12 13     0.01233281
1990 12 14     0.01684653
1990 12 15     0.01328592
1990 12 16     0.18580083
1990 12 17     0.03234482
1990 12 18     0.00803721
1990 12 19     0.21827521
1990 12 20     0.09516839
1990 12 21     0.00859409
1990 12 22     0.00708662
1990 12 23     0.00691104
1990 12 24     0.00649252
1990 12 25     0.00618043
1990 12 26     0.00645144
1990 12 27     0.00618042
1990 12 28     0.00575263
1990 12 29     0.00585317
1990 12 30     0.00551480
1990 12 31     0.00526999
1991  1  1     0.00754467
1991  1  2     0.01060653
1991  1  3     0.01490120
1991  1  4     0.39792758
1991  1  5     0.19245367
1991  1  6     0.00964366
1991  1  7     0.01024476
1991  1  8     0.01596635
1991  1  9     0.01306365
1991  1 10     0.00835717
1991  1 11     0.01162752
1991  1 12     0.01975541
1991  1 13     0.02614954
1991  1 14     0.02652638
1991  1 15     0.02693487
1991  1 16     0.02621124
1991  1 17     0.03160570
1991  1 18     0.04495718
1991  1 19     0.04728486
1991  1 20     0.03754406
1991  1 21     0.02588586
1991  1 22     0.02077467
1991  1 23     0.02315834
1991  1 24     0.03329486
1991  1 25     0.03690372
1991  1 26     0.03750784
1991  1 27     0.03398986
1991  1 28     0.02650395
1991  1 29     0.02113633
1991  1 30     0.03292270
1991  1 31     0.05087886
1991  2  1     0.04203455
1991  2  2     0.07449321
1991  2  3     0.20884212
1991  2  4     0.49913346
1991  2  5     1.80816416
1991  2  6     1.22178897
1991  2  7     0.28294572
1991  2  8     0.30221751
1991  2  9     0.27834058
1991  2 10     0.24589077
1991  2 11     0.23474940
1991  2 12     0.22035352
1991  2 13     0.24971293
1991  2 14     0.31455985
1991  2 15     0.43976559
1991  2 16     0.53934058
1991  2 17     0.37121902
1991  2 18     0.19510813
1991  2 19     0.15143544
1991  2 20     0.18346440
1991  2 21     0.27308432
1991  2 22     0.28325295
1991  2 23     0.22608541
1991  2 24     0.24002114
1991  2 25     0.30481190
1991  2 26     0.30755485
1991  2 27     0.57089520
1991  2 28     1.81142757
1991  3  1     2.84580137
1991  3  2     1.88217910
1991  3  3     1.12995749
1991  3  4     5.44352658
1991  3  5     6.53251487
1991  3  6     2.42802361
1991  3  7     0.93408200
1991  3  8     0.75673415
1991  3  9     0.66038207
1991  3 10     0.81190069
1991  3 11     2.16435507
1991  3 12     1.11938043
1991  3 13     2.15690956
1991  3 14     1.11300097
1991  3 15     1.09379297
1991  3 16     0.60102014
1991  3 17     0.61712579
1991  3 18     3.19502479
1991  3 19     3.55718056
1991  3 20     2.21406416
1991  3 21     1.19808868
1991  3 22     0.77760630
1991  3 23     0.66827745
1991  3 24     2.82270586
1991  3 25     7.69560984
1991  3 26     4.13234267
1991  3 27     1.78016183
1991  3 28     1.19861034
1991  3 29     1.04988515
1991  3 30     1.05912939
1991  3 31     1.35802139
1991  4  1     1.86687191
1991  4  2     1.32564409
1991  4  3     1.18789740
1991  4  4     1.59387049
1991  4  5     1.99185979
1991  4  6     2.29597177
1991  4  7     1.86623834
1991  4  8     1.37875191
1991  4  9     1.49579307
1991  4 10     1.64888220
1991  4 11     1.33962818
1991  4 12     1.01354724
1991  4 13     1.11929702
1991  4 14     1.33156121
1991  4 15     1.40099482
1991  4 16     1.13834980
1991  4 17     0.92880060
1991  4 18     0.97974124
1991  4 19     1.10717623
1991  4 20     1.22551711
1991  4 21     1.23243539
1991  4 22     1.31195929
1991  4 23     1.59136069
1991  4 24     1.72181797
1991  4 25     1.59861034
1991  4 26     1.14943095
1991  4 27     1.05424515
1991  4 28     1.33201933
1991  4 29     1.94941177
1991  4 30     2.61994076
1991  5  1     2.48513381
1991  5  2     1.53364922
1991  5  3     0.99983845
1991  5  4     1.08511518
1991  5  5     1.88005018
1991  5  6     3.41229903
1991  5  7     4.37857896
1991  5  8     4.86583171
1991  5  9     3.43904064
1991  5 10     1.73277277
1991  5 11     1.36529504
1991  5 12     1.47775125
1991  5 13     2.25801629
1991  5 14     2.57542729
1991  5 15     2.19647983
1991  5 16     3.05838107
1991  5 17     3.37229416
1991  5 18     2.28801468
1991  5 19     1.34153143
1991  5 20     1.36366513
1991  5 21     1.68761505
1991  5 22     2.84348918
1991  5 23     4.30826493
1991  5 24     5.34895041
1991  5 25     6.06396830
1991  5 26     5.78549802
1991  5 27     4.84500917
1991  5 28     4.18162891
1991  5 29     4.01139482
1991  5 30     3.90245598
1991  5 31     3.37812857
1991  6  1     3.67731276
1991  6  2     4.66849109
1991  6  3     5.43055837
1991  6  4     5.93475948
1991  6  5     5.74486581
1991  6  6     4.92185657
1991  6  7     4.55586378
1991  6  8     5.06175529
1991  6  9     5.69631021
1991  6 10     6.21511033
1991  6 11     6.63128556
1991  6 12     6.61240934
1991  6 13     6.17898822
1991  6 14     4.99505501
1991  6 15     3.69725499
1991  6 16     3.19728076
1991  6 17     2.98823837
1991  6 18     2.76148212
1991  6 19     2.35105293
1991  6 20     1.77476924
1991  6 21     1.45000562
1991  6 22     1.30717473
1991  6 23     1.12640168
1991  6 24     0.90482791
1991  6 25     0.71569453
1991  6 26     0.61520051
1991  6 27     0.57062903
1991  6 28     0.82696862
1991  6 29     1.40420813
1991  6 30     1.00638720
1991  7  1     0.57034786
1991  7  2     0.53288470
1991  7  3     0.43072608
1991  7  4     0.34372555
1991  7  5     0.29621179
1991  7  6     0.26261871
1991  7  7     0.23739015
1991  7  8     0.21711935
1991  7  9     0.20094435
1991  7 10     0.18717789
1991  7 11     0.17471059
1991  7 12     0.16349408
1991  7 13     0.15360390
1991  7 14     0.14533025
1991  7 15     0.13836970
1991  7 16     0.13176424
1991  7 17     0.12561467
1991  7 18     0.14038139
1991  7 19     0.14008731
1991  7 20     0.12375877
1991  7 21     0.11353193
1991  7 22     0.10171759
1991  7 23     0.09715531
1991  7 24     0.09329210
1991  7 25     0.09198933
1991  7 26     0.08884641
1991  7 27     0.08323388
1991  7 28     0.08001438
1991  7 29     0.07711728
1991  7 30     0.07767324
1991  7 31     0.08542586
1991  8  1     0.09229638
1991  8  2     0.07942609
1991  8  3     0.06618051
1991  8  4     0.06433213
1991  8  5     0.06271881
1991  8  6     0.06098335
1991  8  7     0.05910153
1991  8  8     0.05721743
1991  8  9     0.05516842
1991  8 10     0.05329130
1991  8 11     0.05192286
1991  8 12     0.05039079
1991  8 13     0.05169357
1991  8 14     0.04948183
1991  8 15     0.06528675
1991  8 16     0.07929963
1991  8 17     0.06237902
1991  8 18     0.04518891
1991  8 19     0.04095213
1991  8 20     0.03976907
1991  8 21     0.03852673
1991  8 22     0.03729148
1991  8 23     0.03614584
1991  8 24     0.03508427
1991  8 25     0.03403078
1991  8 26     0.03331994
1991  8 27     0.03285539
1991  8 28     0.03258376
1991  8 29     0.03146542
1991  8 30     0.02996044
1991  8 31     0.02897487
1991  9  1     0.02815387
1991  9  2     0.02727631
1991  9  3     0.02765056
1991  9  4     0.03346810
1991  9  5     0.04846258
1991  9  6     0.10105626
1991  9  7     0.09803060
1991  9  8     0.03915643
1991  9  9     0.05652777
1991  9 10     0.07255502
1991  9 11     0.03559241
1991  9 12     0.02136611
1991  9 13     0.02056799
1991  9 14     0.03082136
1991  9 15     0.03054547
1991  9 16     0.01853171
1991  9 17     0.01788074
1991  9 18     0.01733012
1991  9 19     0.01682316
1991  9 20     0.01636718
1991  9 21     0.01595301
1991  9 22     0.01553748
1991  9 23     0.01512178
1991  9 24     0.01471190
1991  9 25     0.01428612
1991  9 26     0.02921318
1991  9 27     0.02515195
1991  9 28     0.01333464
1991  9 29     0.01295964
1991  9 30     0.01256787
1991 10  1     0.01220686
1991 10  2     0.01188252
1991 10  3     0.01156997
1991 10  4     0.01126579
1991 10  5     0.01096718
1991 10  6     0.01069084
1991 10  7     0.01044218
1991 10  8     0.01018323
1991 10  9     0.00993094
1991 10 10     0.00966796
1991 10 11     0.00938191
1991 10 12     0.00957113
1991 10 13     0.00927436
1991 10 14     0.00868747
1991 10 15     0.00843214
1991 10 16     0.00821806
1991 10 17     0.00804350
1991 10 18     0.00785189
1991 10 19     0.00764303
1991 10 20     0.00745495
1991 10 21     0.00727569
1991 10 22     0.00891972
1991 10 23     0.02035504
1991 10 24     0.01612658
1991 10 25     0.09532866
1991 10 26     3.22218921
1991 10 27     3.35864874
1991 10 28     0.66786489
1991 10 29     0.05312315
1991 10 30     0.04417325
1991 10 31     0.03499873
1991 11  1     0.02902035
1991 11  2     0.04312226
1991 11  3     0.08481114
1991 11  4     0.13928925
1991 11  5     0.18845604
1991 11  6     0.23893618
1991 11  7     0.29443735
1991 11  8     0.37468906
1991 11  9     0.40400061
1991 11 10     0.37882519
1991 11 11     0.30496165
1991 11 12     0.24515398
1991 11 13     0.23421574
1991 11 14     0.18546263
1991 11 15     0.11102773
1991 11 16     0.08354346
1991 11 17     0.65234890
1991 11 18     1.49610973
1991 11 19     0.51161904
1991 11 20     0.13997257
1991 11 21     0.14488411
1991 11 22     0.12546323
1991 11 23     0.07692872
1991 11 24     0.07881404
1991 11 25     0.08739721
1991 11 26     0.10173080
1991 11 27     0.13952327
1991 11 28     0.13500633
1991 11 29     0.07143718
1991 11 30     0.04538950
1991 12  1     0.03652682
1991 12  2     0.02886468
1991 12  3     0.02357482
1991 12  4     0.02133489
1991 12  5     0.02123300
1991 12  6     0.04284687
1991 12  7     0.29586019
1991 12  8     0.43604965
1991 12  9     0.21486596
1991 12 10     0.10987808
1991 12 11     0.06886944
1991 12 12     0.05320113
1991 12 13     0.03969906
1991 12 14     0.03363633
1991 12 15     0.02938110
1991 12 16     0.02494461
1991 12 17     0.02370176
1991 12 18     0.45599269
1991 12 19     0.38721578
1991 12 20     0.10858394
1991 12 21     0.06899727
1991 12 22     0.04848890
1991 12 23     0.03607281
1991 12 24     0.02836436
1991 12 25     0.02315187
1991 12 26     0.01958473
1991 12 27     0.07181062
1991 12 28     1.29375977
1991 12 29     1.54093874
1991 12 30     0.38488910
1991 12 31     0.07796673
1992  1  1     0.04715012
1992  1  2     0.03728147
1992  1  3     0.03228545
1992  1  4     0.07232925
1992  1  5     2.11463178
1992  1  6     0.89608279
1992  1  7     0.45638382
1992  1  8     0.28434785
1992  1  9     0.11569465
1992  1 10     0.09045321
1992  1 11     0.07743866
1992  1 12     0.06689476
1992  1 13     0.05963909
1992  1 14     0.05520534
1992  1 15     0.05239829
1992  1 16     0.05277942
1992  1 17     0.05833217
1992  1 18     0.06760344
1992  1 19     0.06818953
1992  1 20     0.05889067
1992  1 21     0.05245066
1992  1 22     0.05327158
1992  1 23     0.06127772
1992  1 24     0.07029895
1992  1 25     0.09423161
1992  1 26     0.11180604
1992  1 27     0.11163844
1992  1 28     0.13498773
1992  1 29     0.12200171
1992  1 30     0.13158090
1992  1 31     0.17286605
1992  2  1     0.15867045
1992  2  2     0.10561525
1992  2  3     0.08675811
1992  2  4     0.10256150
1992  2  5     0.09457572
1992  2  6     0.09295841
1992  2  7     0.45196852
1992  2  8     0.44389491
1992  2  9     0.18596967
1992  2 10     0.81852648
1992  2 11     1.99485212
1992  2 12     2.35418681
1992  2 13     2.85252592
1992  2 14     1.18394684
1992  2 15     4.39313465
1992  2 16     3.09919501
1992  2 17     1.44151930
1992  2 18     0.83165969
1992  2 19     0.67457490
1992  2 20     2.94621988
1992  2 21     1.98319091
1992  2 22     1.25363896
1992  2 23     1.06634034
1992  2 24     0.95459067
1992  2 25     0.97280193
1992  2 26     1.10322195
1992  2 27     1.29495114
1992  2 28     1.46097189
1992  2 29     1.47620532
1992  3  1     1.38558812
1992  3  2     1.26514514
1992  3  3     1.62487604
1992  3  4     1.33175871
1992  3  5     0.87837719
1992  3  6     5.54451075
1992  3  7     2.50398598
1992  3  8     1.03144789
1992  3  9     0.83853177
1992  3 10     0.73957633
1992  3 11     0.75560175
1992  3 12     0.83880270
1992  3 13     1.17484475
1992  3 14     1.34723115
1992  3 15     2.87577612
1992  3 16     2.83467804
1992  3 17     1.38340184
1992  3 18     0.96091003
1992  3 19     0.89538347
1992  3 20     1.06159247
1992  3 21     1.12530067
1992  3 22     1.42679898
1992  3 23     1.63947544
1992  3 24     1.12373479
1992  3 25     0.97461371
1992  3 26     1.63559764
1992  3 27     1.64729586
1992  3 28     1.72058985
1992  3 29     1.91831003
1992  3 30     1.78658882
1992  3 31     2.07903776
1992  4  1     1.92939545
1992  4  2     2.11629183
1992  4  3     2.51500393
1992  4  4     2.83783905
1992  4  5     2.41942643
1992  4  6     1.77507277
1992  4  7     1.66565564
1992  4  8     2.02555198
1992  4  9     2.54597607
1992  4 10     2.82353815
1992  4 11     2.88050475
1992  4 12     2.97942767
1992  4 13     4.10450087
1992  4 14     3.43955452
1992  4 15     2.56448873
1992  4 16     2.28833587
1992  4 17     2.44511004
1992  4 18     2.68445912
1992  4 19     2.37884611
1992  4 20     2.57935642
1992  4 21     3.17800639
1992  4 22     2.82910080
1992  4 23     1.93905036
1992  4 24     2.03340515
1992  4 25     3.02364273
1992  4 26     3.84268441
1992  4 27     4.02953264
1992  4 28     4.09911827
1992  4 29     4.42633991
1992  4 30     4.35482259
1992  5  1     3.08672036
1992  5  2     2.18133918
1992  5  3     2.49481069
1992  5  4     2.85413155
1992  5  5     2.97082868
1992  5  6     3.22115246
1992  5  7     2.83450870
1992  5  8     2.40329315
1992  5  9     2.15587781
1992  5 10     1.73633633
1992  5 11     1.51715844
1992  5 12     1.41314830
1992  5 13     1.17041157
1992  5 14     0.93805183
1992  5 15     0.77395863
1992  5 16     0.64062166
1992  5 17     0.56157909
1992  5 18     0.48801851
1992  5 19     0.40467149
1992  5 20     0.33426293
1992  5 21     0.28585513
1992  5 22     0.25390186
1992  5 23     0.22870292
1992  5 24     0.20754523
1992  5 25     0.18932982
1992  5 26     0.17382367
1992  5 27     0.17426157
1992  5 28     0.22859551
1992  5 29     0.21183601
1992  5 30     0.13563302
1992  5 31     0.13815101
1992  6  1     0.12519388
1992  6  2     0.11386368
1992  6  3     0.10697822
1992  6  4     0.09723254
1992  6  5     0.09227927
1992  6  6     0.09058471
1992  6  7     0.08774192
1992  6  8     0.08170474
1992  6  9     0.07766240
1992  6 10     0.07438923
1992  6 11     0.07176217
1992  6 12     0.08335184
1992  6 13     0.07823869
1992  6 14     0.06677811
1992  6 15     0.07875659
1992  6 16     0.10349734
1992  6 17     0.10837520
1992  6 18     0.08229942
1992  6 19     0.05930342
1992  6 20     0.05766884
1992  6 21     0.08908921
1992  6 22     0.07956580
1992  6 23     0.05159390
1992  6 24     0.12787023
1992  6 25     0.75696818
1992  6 26     0.52347454
1992  6 27     0.08545148
1992  6 28     0.08947082
1992  6 29     0.09990180
1992  6 30     1.28619973
1992  7  1     0.98820618
1992  7  2     0.24204643
1992  7  3     0.20472127
1992  7  4     0.15002847
1992  7  5     0.11482081
1992  7  6     0.09208944
1992  7  7     0.07680823
1992  7  8     0.06606268
1992  7  9     0.05819636
1992  7 10     0.05282344
1992  7 11     0.04819608
1992  7 12     4.40520310
1992  7 13     4.47732267
1992  7 14     1.89835756
1992  7 15     6.35798187
1992  7 16     5.36468816
1992  7 17     1.89028550
1992  7 18     1.32069840
1992  7 19     0.88379648
1992  7 20     0.67501558
1992  7 21     0.51833605
1992  7 22     0.41206823
1992  7 23     0.33710237
1992  7 24     0.28200969
1992  7 25     0.23992959
1992  7 26     0.20672800
1992  7 27     0.22089697
1992  7 28     0.19888616
1992  7 29     0.13930693
1992  7 30     0.12373360
1992  7 31     0.11053157
1992  8  1     0.09918571
1992  8  2     0.08937245
1992  8  3     0.08089158
1992  8  4     0.07354126
1992  8  5     0.07412036
1992  8  6     0.07452489
1992  8  7     0.06216451
1992  8  8     0.05276757
1992  8  9     0.04902974
1992  8 10     0.04562399
1992  8 11     0.04253623
1992  8 12     0.05797020
1992  8 13     0.07941160
1992  8 14     0.08150166
1992  8 15     0.06849438
1992  8 16     0.04496652
1992  8 17     0.03100730
1992  8 18     0.03000421
1992  8 19     0.02842985
1992  8 20     0.02709306
1992  8 21     0.02597068
1992  8 22     0.02513158
1992  8 23     0.02435999
1992  8 24     0.02343586
1992  8 25     0.02253961
1992  8 26     0.02169678
1992  8 27     0.02083710
1992  8 28     0.02009993
1992  8 29     0.03781822
1992  8 30     0.07090853
1992  8 31     0.08821551
1992  9  1     0.05541965
1992  9  2     0.01917661
1992  9  3     0.01700165
1992  9  4     0.01680062
1992  9  5     0.01635024
1992  9  6     0.01561691
1992  9  7     0.01515304
1992  9  8     0.01471922
1992  9  9     0.01427730
1992  9 10     0.01384493
1992  9 11     0.01344807
1992  9 12     0.01311102
1992  9 13     0.01276827
1992  9 14     0.01241279
1992  9 15     0.01207985
1992  9 16     0.01174056
1992  9 17     0.04522333
1992  9 18     0.08442973
1992  9 19     0.05131781
1992  9 20     0.01048050
1992  9 21     0.01016237
1992  9 22     0.00985216
1992  9 23     0.00957301
1992  9 24     0.00933302
1992  9 25     0.00911729
1992  9 26     0.00887145
1992  9 27     0.00859102
1992  9 28     0.00833115
1992  9 29     0.00808962
1992  9 30     0.00786154
1992 10  1     0.00765799
1992 10  2     0.02948495
1992 10  3     0.02743341
1992 10  4     0.00722312
1992 10  5     0.00699581
1992 10  6     0.00677502
1992 10  7     0.00655526
1992 10  8     0.00634894
1992 10  9     0.00618291
1992 10 10     0.00602250
1992 10 11     0.00584244
1992 10 12     0.00567290
1992 10 13     0.00551976
1992 10 14     0.00538397
1992 10 15     0.00527852
1992 10 16     0.00517648
1992 10 17     0.00504303
1992 10 18     0.00490228
1992 10 19     0.00477103
1992 10 20     0.00465349
1992 10 21     0.24903761
1992 10 22     0.12450735
1992 10 23     0.04500702
1992 10 24     0.00419741
1992 10 25     0.00986607
1992 10 26     0.00875566
1992 10 27     0.00998567
1992 10 28     0.37152840
1992 10 29     1.27158639
1992 10 30     3.41801721
1992 10 31     2.44662391
1992 11  1     0.69124117
1992 11  2     0.52048762
1992 11  3     0.54584562
1992 11  4     0.45393147
1992 11  5     0.39153163
1992 11  6     0.35088107
1992 11  7     0.33432259
1992 11  8     0.30822017
1992 11  9     0.20380547
1992 11 10     0.13537579
1992 11 11     0.11085725
1992 11 12     0.08421098
1992 11 13     0.07205071
1992 11 14     0.07824866
1992 11 15     0.07769765
1992 11 16     0.06890811
1992 11 17     0.05931470
1992 11 18     0.04905790
1992 11 19     0.03898471
1992 11 20     0.03515233
1992 11 21     0.02762334
1992 11 22     0.06178492
1992 11 23     0.04995070
1992 11 24     0.02121227
1992 11 25     0.01651278
1992 11 26     0.01881418
1992 11 27     0.01703389
1992 11 28     0.01379156
1992 11 29     0.01181907
1992 11 30     0.01015556
1992 12  1     0.00944342
1992 12  2     0.01069660
1992 12  3     0.01002995
1992 12  4     0.00784679
1992 12  5     0.00741012
1992 12  6     0.01242062
1992 12  7     1.59017650
1992 12  8     0.68147190
1992 12  9     1.85585548
1992 12 10     0.97097007
1992 12 11     1.72138165
1992 12 12     1.17658548
1992 12 13     0.27888106
1992 12 14     0.15705055
1992 12 15     0.13247912
1992 12 16     0.11547604
1992 12 17     0.10681467
1992 12 18     0.25498435
1992 12 19     0.10436926
1992 12 20     0.08168873
1992 12 21     0.07687156
1992 12 22     0.07258057
1992 12 23     0.06904586
1992 12 24     0.06758131
1992 12 25     0.06653683
1992 12 26     0.06485093
1992 12 27     0.06177772
1992 12 28     0.06683621
1992 12 29     3.30951079
1992 12 30     1.78730011
1992 12 31     0.38646914
1993  1  1     0.38477613
1993  1  2     1.04191808
1993  1  3     0.30458121
1993  1  4     0.18093883
1993  1  5     0.16494520
1993  1  6     0.17233354
1993  1  7     4.62922991
1993  1  8     4.89338229
1993  1  9     3.37665757
1993  1 10     2.92086132
1993  1 11     1.32098661
1993  1 12     0.77078328
1993  1 13     5.35249721
1993  1 14    11.14174222
1993  1 15     4.57287470
1993  1 16     5.10025270
1993  1 17     4.29410612
1993  1 18     7.68356714
1993  1 19     3.00003279
1993  1 20     2.20906099
1993  1 21     6.30868638
1993  1 22     8.09113767
1993  1 23     4.08311848
1993  1 24     2.20740887
1993  1 25     1.90177812
1993  1 26     1.69254880
1993  1 27     1.56095212
1993  1 28     1.46533168
1993  1 29     1.38569457
1993  1 30     1.29039618
1993  1 31     1.18715798
1993  2  1     1.09710507
1993  2  2     1.03876793
1993  2  3     1.01198916
1993  2  4     0.98911336
1993  2  5     1.14312063
1993  2  6     1.31249035
1993  2  7     1.03272892
1993  2  8     2.05051889
1993  2  9     6.60960608
1993  2 10     2.75717148
1993  2 11     2.83287607
1993  2 12     1.90795679
1993  2 13     1.33318754
1993  2 14     1.22253291
1993  2 15     1.13349989
1993  2 16     1.07322210
1993  2 17     1.14824826
1993  2 18     1.64640418
1993  2 19     6.83227052
1993  2 20     8.03543335
1993  2 21     5.10515973
1993  2 22     2.43114524
1993  2 23     2.91546779
1993  2 24     4.55364693
1993  2 25     2.62413696
1993  2 26     2.03029712
1993  2 27     2.35090627
1993  2 28     1.47139902
1993  3  1     1.26238855
1993  3  2     1.19059221
1993  3  3     1.23385820
1993  3  4     1.26145608
1993  3  5     1.34118189
1993  3  6     1.54860380
1993  3  7     1.83661157
1993  3  8     2.00190979
1993  3  9     2.07901318
1993  3 10     2.07945825
1993  3 11     2.03957497
1993  3 12     2.14798002
1993  3 13     2.46498027
1993  3 14     4.59340800
1993  3 15     4.08242478
1993  3 16     2.80037798
1993  3 17     8.18914431
1993  3 18     8.44028217
1993  3 19     5.05956950
1993  3 20     4.13662819
1993  3 21     4.06946111
1993  3 22     4.21815985
1993  3 23     4.69039542
1993  3 24    12.22306137
1993  3 25    16.37023874
1993  3 26    14.61576909
1993  3 27     7.87170298
1993  3 28     5.58735725
1993  3 29     4.35797816
1993  3 30     3.36138934
1993  3 31     3.61813963
1993  4  1    10.51830303
1993  4  2     6.74603291
1993  4  3     3.70340549
1993  4  4     4.91611140
1993  4  5     4.13487923
1993  4  6     2.78131111
1993  4  7     2.41255038
1993  4  8     2.39756063
1993  4  9     2.91287436
1993  4 10     2.84322352
1993  4 11     2.35567943
1993  4 12     2.08218129
1993  4 13     1.91848774
1993  4 14     1.92429666
1993  4 15     2.19751713
1993  4 16     2.34123542
1993  4 17     2.55499742
1993  4 18     3.58734886
1993  4 19     2.73729481
1993  4 20     2.54966191
1993  4 21     3.56465464
1993  4 22     4.36527024
1993  4 23     3.40956558
1993  4 24     2.21206857
1993  4 25     2.28409010
1993  4 26     3.14670137
1993  4 27     3.47219171
1993  4 28     3.63369082
1993  4 29     4.68461530
1993  4 30     5.55695472
1993  5  1     5.87381925
1993  5  2     6.19874028
1993  5  3     6.00843011
1993  5  4     4.55499167
1993  5  5     3.73036164
1993  5  6     4.29062833
1993  5  7     4.24712131
1993  5  8     4.27583801
1993  5  9     4.94497141
1993  5 10     6.25043337
1993  5 11     7.39926436
1993  5 12     6.56426503
1993  5 13     4.95618567
1993  5 14     5.01134115
1993  5 15     6.09284825
1993  5 16     6.79123654
1993  5 17     7.51918843
1993  5 18     7.71695295
1993  5 19     7.50049352
1993  5 20     7.37494163
1993  5 21     6.81891845
1993  5 22     6.11434158
1993  5 23     6.25216987
1993  5 24     6.71480350
1993  5 25     8.20148344
1993  5 26     6.86926765
1993  5 27     4.96789274
1993  5 28     4.13626516
1993  5 29     3.97772410
1993  5 30     4.55817915
1993  5 31     6.59825565
1993  6  1     6.35541942
1993  6  2     4.22357416
1993  6  3     3.38125008
1993  6  4     3.55169361
1993  6  5     5.21855887
1993  6  6     4.12823872
1993  6  7     3.12606135
1993  6  8     2.69294419
1993  6  9     3.58981288
1993  6 10     4.81334628
1993  6 11     5.26387883
1993  6 12     4.86295110
1993  6 13     4.92640700
1993  6 14     5.34614898
1993  6 15     5.38820124
1993  6 16     4.96349160
1993  6 17     4.49209231
1993  6 18     4.38334171
1993  6 19     4.41175423
1993  6 20     4.19820369
1993  6 21     3.71128088
1993  6 22     3.00873312
1993  6 23     2.51254421
1993  6 24     2.50402904
1993  6 25     2.65478780
1993  6 26     2.58134334
1993  6 27     2.36426625
1993  6 28     2.07688841
1993  6 29     1.72271948
1993  6 30     1.43388866
1993  7  1     1.27387165
1993  7  2     1.18961466
1993  7  3     1.00019456
1993  7  4     0.79290759
1993  7  5     0.65899987
1993  7  6     0.55610836
1993  7  7     0.49028399
1993  7  8     0.44069295
1993  7  9     0.40104803
1993  7 10     0.36765711
1993  7 11     0.33685622
1993  7 12     0.31253895
1993  7 13     0.29383864
1993  7 14     0.27748692
1993  7 15     0.26308498
1993  7 16     0.25076487
1993  7 17     0.23846868
1993  7 18     0.22561534
1993  7 19     0.21442016
1993  7 20     0.20522748
1993  7 21     0.19723739
1993  7 22     0.18922897
1993  7 23     0.18073186
1993  7 24     0.17327218
1993  7 25     0.16603103
1993  7 26     0.15994662
1993  7 27     0.15438286
1993  7 28     0.14851710
1993  7 29     0.14359012
1993  7 30     0.13960350
1993  7 31     0.13417455
1993  8  1     0.12820301
1993  8  2     0.12289562
1993  8  3     0.12192721
1993  8  4     0.11807715
1993  8  5     0.11238163
1993  8  6     0.10947824
1993  8  7     0.10656651
1993  8  8     0.10413146
1993  8  9     0.10126164
1993  8 10     0.09797747
1993  8 11     0.09585878
1993  8 12     0.09458727
1993  8 13     0.09221302
1993  8 14     0.08936153
1993  8 15     0.08642247
1993  8 16     0.08459878
1993  8 17     0.08256327
1993  8 18     0.07972247
1993  8 19     0.07738452
1993  8 20     0.07574663
1993  8 21     0.07363445
1993  8 22     0.07079444
1993  8 23     0.06803919
1993  8 24     0.06557543
1993  8 25     0.06339495
1993  8 26     0.06206906
1993  8 27     0.06077590
1993  8 28     0.05896597
1993  8 29     0.05695596
1993  8 30     0.05515885
1993  8 31     0.05405230
1993  9  1     0.05283764
1993  9  2     0.05072868
1993  9  3     0.04837678
1993  9  4     0.04708435
1993  9  5     0.04594139
1993  9  6     0.04491773
1993  9  7     0.04426229
1993  9  8     0.04289219
1993  9  9     0.04116834
1993  9 10     0.03959103
1993  9 11     0.03806677
1993  9 12     0.03725903
1993  9 13     0.03718712
1993  9 14     0.03693558
1993  9 15     0.03632828
1993  9 16     0.03700841
1993  9 17     0.03746911
1993  9 18     0.03643455
1993  9 19     0.03537593
1993  9 20     0.03318907
1993  9 21     0.03181094
1993  9 22     0.03123317
1993  9 23     0.03072756
1993  9 24     0.02996220
1993  9 25     0.02852300
1993  9 26     0.02717210
1993  9 27     0.02617202
1993  9 28     0.02511352
1993  9 29     0.02405873
1993  9 30     0.02318083
1993 10  1     0.02285701
1993 10  2     0.02274835
1993 10  3     0.02203148
1993 10  4     0.02184622
1993 10  5     0.03073425
1993 10  6     0.03975497
1993 10  7     0.02990731
1993 10  8     0.02163785
1993 10  9     0.02109472
1993 10 10     0.02176892
1993 10 11     0.37826993
1993 10 12     0.24771065
1993 10 13     0.01953521
1993 10 14     0.12055437
1993 10 15     0.42117689
1993 10 16     0.65578310
1993 10 17     0.47920713
1993 10 18     0.15297969
1993 10 19     0.03998810
1993 10 20     0.04446960
1993 10 21     0.06479244
1993 10 22     0.05682914
1993 10 23     0.03626148
1993 10 24     0.02439937
1993 10 25     0.01885860
1993 10 26     0.01751121
1993 10 27     0.01587876
1993 10 28     0.01490745
1993 10 29     0.01437065
1993 10 30     0.01363721
1993 10 31     0.01290539
1993 11  1     0.01264051
1993 11  2     0.01243595
1993 11  3     0.01200831
1993 11  4     0.01145941
1993 11  5     0.01118340
1993 11  6     0.01110410
1993 11  7     0.01086686
1993 11  8     0.01059148
1993 11  9     0.01032360
1993 11 10     0.01022027
1993 11 11     0.28200563
1993 11 12     0.37110142
1993 11 13     0.13522129
1993 11 14     0.01369935
1993 11 15     0.01379203
1993 11 16     0.01353785
1993 11 17     0.01248737
1993 11 18     0.01187632
1993 11 19     0.01171107
1993 11 20     0.01188488
1993 11 21     0.01266688
1993 11 22     0.12979977
1993 11 23     0.13039221
1993 11 24     0.02082710
1993 11 25     0.01376666
1993 11 26     0.01317035
1993 11 27     0.01533229
1993 11 28     0.02846131
1993 11 29     0.09822055
1993 11 30     1.03400007
1993 12  1     0.44394019
1993 12  2     0.03310435
1993 12  3     0.21044586
1993 12  4     0.15417816
1993 12  5     0.04715543
1993 12  6     0.03996550
1993 12  7     0.03035217
1993 12  8     0.03591130
1993 12  9     0.16932095
1993 12 10     0.13389119
1993 12 11     0.30862830
1993 12 12     1.69588493
1993 12 13     0.57815062
1993 12 14     0.19959539
1993 12 15     0.48903841
1993 12 16     0.09864412
1993 12 17     0.03398443
1993 12 18     0.02835989
1993 12 19     0.02429120
1993 12 20     0.02165321
1993 12 21     0.01998933
1993 12 22     0.01880885
1993 12 23     0.01879201
1993 12 24     0.01991662
1993 12 25     0.01885574
1993 12 26     0.01914617
1993 12 27     0.05327492
1993 12 28     0.03020254
1993 12 29     0.01572118
1993 12 30     0.01731151
1993 12 31     0.01746757
1994  1  1     0.01556201
1994  1  2     0.01593047
1994  1  3     0.01969726
1994  1  4     0.17011253
1994  1  5     0.43372423
1994  1  6     0.15449921
1994  1  7     0.03993088
1994  1  8     0.03970905
1994  1  9     0.03015180
1994  1 10     0.02282077
1994  1 11     0.01799182
1994  1 12     0.01540872
1994  1 13     0.01873747
1994  1 14     0.02586985
1994  1 15     0.03877043
1994  1 16     0.03567771
1994  1 17     0.03591350
1994  1 18     0.05782793
1994  1 19     0.07740046
1994  1 20     0.08331228
1994  1 21     0.07634926
1994  1 22     0.14993183
1994  1 23     0.70501351
1994  1 24     0.69014641
1994  1 25     1.09891421
1994  1 26     0.33845018
1994  1 27     0.07363199
1994  1 28     0.04296947
1994  1 29     0.03336314
1994  1 30     0.02676521
1994  1 31     0.02301262
1994  2  1     0.02081709
1994  2  2     0.01852875
1994  2  3     0.01722821
1994  2  4     0.01828185
1994  2  5     0.01650858
1994  2  6     0.02084856
1994  2  7     0.82323452
1994  2  8     2.32552801
1994  2  9     0.44689298
1994  2 10     0.04069205
1994  2 11     0.35971906
1994  2 12     0.10401568
1994  2 13     0.04558319
1994  2 14     0.06308634
1994  2 15     0.08395205
1994  2 16     0.09374586
1994  2 17     2.41716321
1994  2 18     2.60377784
1994  2 19     0.80017772
1994  2 20     0.71923294
1994  2 21     0.35213264
1994  2 22     0.62081181
1994  2 23     0.27860451
1994  2 24     0.25994780
1994  2 25     0.39879455
1994  2 26     0.60313406
1994  2 27     0.94482935
1994  2 28     0.74344994
1994  3  1     0.61082176
1994  3  2     0.77641704
1994  3  3     0.94727396
1994  3  4     1.07950560
1994  3  5     3.41183444
1994  3  6     4.01025701
1994  3  7     1.99033199
1994  3  8     1.45237142
1994  3  9     1.36510948
1994  3 10     1.36273962
1994  3 11     1.26650564
1994  3 12     1.08092424
1994  3 13     1.28676996
1994  3 14     1.77796394
1994  3 15     2.24096447
1994  3 16     2.32904308
1994  3 17     1.68593721
1994  3 18     1.50370923
1994  3 19     2.24011335
1994  3 20     1.79145125
1994  3 21     1.21502380
1994  3 22     0.96536998
1994  3 23     0.66082279
1994  3 24     0.55682239
1994  3 25     0.58048622
1994  3 26     0.48690191
1994  3 27     0.54638666
1994  3 28     0.99931851
1994  3 29     1.38644110
1994  3 30     1.64263812
1994  3 31     1.82757238
1994  4  1     1.63675188
1994  4  2     1.53828498
1994  4  3     1.71410576
1994  4  4     1.32743007
1994  4  5     0.85603738
1994  4  6     0.87436174
1994  4  7     0.72041246
1994  4  8     0.71770468
1994  4  9     1.79623032
1994  4 10     0.90728361
1994  4 11     0.60727863
1994  4 12     0.84334438
1994  4 13     1.58682180
1994  4 14     2.18528873
1994  4 15     2.45235419
1994  4 16     2.89768546
1994  4 17     3.39133528
1994  4 18     3.70252153
1994  4 19     3.64268386
1994  4 20     3.41551775
1994  4 21     3.28412498
1994  4 22     2.60268813
1994  4 23     1.88447725
1994  4 24     1.95801847
1994  4 25     1.48384354
1994  4 26     2.60560248
1994  4 27     1.15759316
1994  4 28     0.92227931
1994  4 29     0.87649258
1994  4 30     1.28762331
1994  5  1     2.10293108
1994  5  2     2.73679154
1994  5  3     2.70325324
1994  5  4     2.73636424
1994  5  5     2.82963314
1994  5  6     2.62566721
1994  5  7     2.20261789
1994  5  8     1.63321065
1994  5  9     1.83557414
1994  5 10     2.59261822
1994  5 11     3.34025241
1994  5 12     3.70291149
1994  5 13     3.35236239
1994  5 14     2.93915789
1994  5 15     2.51763694
1994  5 16     1.77498261
1994  5 17     1.12756437
1994  5 18     1.92605884
1994  5 19     2.43106887
1994  5 20     1.37345039
1994  5 21     1.17450961
1994  5 22     2.03430923
1994  5 23     2.93252095
1994  5 24     3.03455590
1994  5 25     2.65192114
1994  5 26     2.17679126
1994  5 27     1.67720153
1994  5 28     1.22856787
1994  5 29     0.97556090
1994  5 30     0.92819106
1994  5 31     2.19207006
1994  6  1     2.10444117
1994  6  2     0.86299268
1994  6  3     0.70942447
1994  6  4     0.55294918
1994  6  5     0.43929997
1994  6  6     0.37239455
1994  6  7     0.32200059
1994  6  8     0.28354421
1994  6  9     0.25314673
1994  6 10     0.22789243
1994  6 11     0.20700900
1994  6 12     0.19000820
1994  6 13     0.17558744
1994  6 14     0.16336932
1994  6 15     0.15302396
1994  6 16     0.14411101
1994  6 17     0.13546166
1994  6 18     0.12722945
1994  6 19     0.11968662
1994  6 20     0.11290814
1994  6 21     0.10710711
1994  6 22     0.10193183
1994  6 23     0.09725129
1994  6 24     0.09299824
1994  6 25     0.08910995
1994  6 26     0.08554716
1994  6 27     0.08215655
1994  6 28     0.07894321
1994  6 29     0.07598285
1994  6 30     0.07329276
1994  7  1     0.07077673
1994  7  2     0.06846573
1994  7  3     0.06631926
1994  7  4     0.06419635
1994  7  5     0.06212403
1994  7  6     0.06017919
1994  7  7     0.05826130
1994  7  8     0.05635564
1994  7  9     0.05452798
1994  7 10     0.05284883
1994  7 11     0.05131468
1994  7 12     0.04983701
1994  7 13     0.04834594
1994  7 14     0.04689548
1994  7 15     0.04551014
1994  7 16     0.04417432
1994  7 17     0.04290320
1994  7 18     0.04417511
1994  7 19     0.04361121
1994  7 20     0.03935377
1994  7 21     0.04727945
1994  7 22     0.04931850
1994  7 23     0.03926862
1994  7 24     0.03512047
1994  7 25     0.03402431
1994  7 26     0.03304210
1994  7 27     0.03198373
1994  7 28     0.03098052
1994  7 29     0.03002523
1994  7 30     0.02907808
1994  7 31     0.02830721
1994  8  1     0.02758885
1994  8  2     0.02681453
1994  8  3     0.02603403
1994  8  4     0.02522437
1994  8  5     0.02446216
1994  8  6     0.02374954
1994  8  7     0.02305785
1994  8  8     0.02239378
1994  8  9     0.02177748
1994  8 10     0.02115941
1994  8 11     0.02053671
1994  8 12     0.01993822
1994  8 13     0.01934338
1994  8 14     0.01876524
1994  8 15     0.01819819
1994  8 16     0.01765193
1994  8 17     0.01715307
1994  8 18     0.01669487
1994  8 19     0.01625360
1994  8 20     0.01582332
1994  8 21     0.01539803
1994  8 22     0.01499165
1994  8 23     0.01458920
1994  8 24     0.01417470
1994  8 25     0.01376333
1994  8 26     0.01334924
1994  8 27     0.01294018
1994  8 28     0.01258115
1994  8 29     0.01226111
1994  8 30     0.01192757
1994  8 31     0.01158647
1994  9  1     0.01126649
1994  9  2     0.01097606
1994  9  3     0.01071366
1994  9  4     0.01041854
1994  9  5     0.01009000
1994  9  6     0.00975312
1994  9  7     0.00943929
1994  9  8     0.00919257
1994  9  9     0.00897672
1994  9 10     0.00879612
1994  9 11     0.00862406
1994  9 12     0.01157948
1994  9 13     0.03443594
1994  9 14     0.02735418
1994  9 15     0.00774937
1994  9 16     0.00744896
1994  9 17     0.00715838
1994  9 18     0.00691965
1994  9 19     0.01624872
1994  9 20     0.03573024
1994  9 21     0.02666148
1994  9 22     0.00619230
1994  9 23     0.00602082
1994  9 24     0.17467231
1994  9 25     0.13076871
1994  9 26     0.00560642
1994  9 27     0.00542088
1994  9 28     0.14006253
1994  9 29     0.54165238
1994  9 30     0.27858065
1994 10  1     0.00746544
1994 10  2     0.00485883
1994 10  3     0.21090731
1994 10  4     0.83118819
1994 10  5     2.38683105
1994 10  6     0.97071063
1994 10  7     0.25633766
1994 10  8     0.17293673
1994 10  9     0.26809723
1994 10 10     0.34567899
1994 10 11     0.39591468
1994 10 12     0.46363971
1994 10 13     0.38084455
1994 10 14     0.21136493
1994 10 15     0.15340774
1994 10 16     0.10872848
1994 10 17     0.07374763
1994 10 18     0.06797808
1994 10 19     0.08449439
1994 10 20     0.08628469
1994 10 21     0.07818611
1994 10 22     0.07517114
1994 10 23     0.06885481
1994 10 24     0.05984494
1994 10 25     0.04261817
1994 10 26     0.03047916
1994 10 27     0.02453047
1994 10 28     0.02002148
1994 10 29     0.01642777
1994 10 30     0.01372154
1994 10 31     0.01178885
1994 11  1     0.05190524
1994 11  2     0.51356196
1994 11  3     0.32305750
1994 11  4     0.06723970
1994 11  5     1.09036650
1994 11  6     5.77776394
1994 11  7     5.08388306
1994 11  8     1.97573531
1994 11  9     1.48119747
1994 11 10     2.04394826
1994 11 11     0.91090409
1994 11 12     0.45237679
1994 11 13     0.35679614
1994 11 14     0.26939464
1994 11 15     0.21267308
1994 11 16     0.40274249
1994 11 17     0.51945144
1994 11 18     0.57832994
1994 11 19     0.15839609
1994 11 20     0.16225998
1994 11 21     0.10961076
1994 11 22     0.07531549
1994 11 23     0.06961578
1994 11 24     0.06701851
1994 11 25     0.77847579
1994 11 26     1.35485450
1994 11 27     0.33907062
1994 11 28     0.15527037
1994 11 29     0.10556816
1994 11 30     0.08883995
1994 12  1     0.08773354
1994 12  2     0.08490894
1994 12  3     0.09482786
1994 12  4     1.07678233
1994 12  5     0.79603490
1994 12  6     0.34488456
1994 12  7     0.29413348
1994 12  8     0.21322182
1994 12  9     0.15695688
1994 12 10     0.13024649
1994 12 11     0.11752475
1994 12 12     0.32460967
1994 12 13     0.99634141
1994 12 14     0.40801874
1994 12 15     0.33338205
1994 12 16     0.20940377
1994 12 17     0.15495076
1994 12 18     0.14120994
1994 12 19     0.13388682
1994 12 20     0.13143234
1994 12 21     0.13110144
1994 12 22     0.12848472
1994 12 23     0.12281285
1994 12 24     0.79619898
1994 12 25     2.40383254
1994 12 26     1.08732573
1994 12 27     0.40719725
1994 12 28     1.19671141
1994 12 29     0.83820218
1994 12 30     0.42769729
1994 12 31     0.37323921
1995  1  1     0.42197664
1995  1  2     0.29869087
1995  1  3     0.32967688
1995  1  4     0.35276289
1995  1  5     5.50429795
1995  1  6     3.79862256
1995  1  7     2.65675752
1995  1  8     3.04906532
1995  1  9     4.40898808
1995  1 10    10.63209529
1995  1 11    11.79305769
1995  1 12     6.50280142
1995  1 13     9.04468168
1995  1 14     8.49669030
1995  1 15    12.57439083
1995  1 16    10.66493000
1995  1 17     4.73048741
1995  1 18     3.00282832
1995  1 19     2.51061590
1995  1 20     2.17283447
1995  1 21     1.92582810
1995  1 22     1.74565718
1995  1 23     3.78159951
1995  1 24     6.07739207
1995  1 25    10.89151959
1995  1 26     6.21200664
1995  1 27     8.93857603
1995  1 28     5.91259839
1995  1 29     3.02309459
1995  1 30     2.39111260
1995  1 31     2.17894474
1995  2  1     2.04919588
1995  2  2     1.95452136
1995  2  3     1.90775007
1995  2  4     1.94212467
1995  2  5     1.92607955
1995  2  6     1.86500678
1995  2  7     1.76957580
1995  2  8     1.80980460
1995  2  9     1.63425558
1995  2 10     1.41104658
1995  2 11     1.35860904
1995  2 12     1.28959896
1995  2 13     1.24594388
1995  2 14     2.41916373
1995  2 15     1.54817659
1995  2 16     1.19801903
1995  2 17     1.15103359
1995  2 18     1.18881316
1995  2 19     1.38416008
1995  2 20     1.77417467
1995  2 21     2.10658407
1995  2 22     2.18449115
1995  2 23     2.18464217
1995  2 24     2.34155280
1995  2 25     2.42444176
1995  2 26     2.30129992
1995  2 27     2.20213312
1995  2 28     2.10996200
1995  3  1     2.01664543
1995  3  2     2.02698337
1995  3  3     5.84408916
1995  3  4     5.74624746
1995  3  5     3.17102230
1995  3  6     2.24301666
1995  3  7     1.67267863
1995  3  8     1.72430548
1995  3  9     8.08242073
1995  3 10    21.07702530
1995  3 11    32.47552233
1995  3 12    22.23614504
1995  3 13     8.71639126
1995  3 14     6.07188604
1995  3 15     4.81091424
1995  3 16     4.18139236
1995  3 17     4.09464565
1995  3 18     5.22233613
1995  3 19     7.42120406
1995  3 20     6.58513743
1995  3 21    14.53564270
1995  3 22     8.45977902
1995  3 23    13.21997348
1995  3 24     8.06044231
1995  3 25     3.90800184
1995  3 26     3.07477501
1995  3 27     2.83912237
1995  3 28     2.66657116
1995  3 29     2.55582991
1995  3 30     2.58817383
1995  3 31     2.78165774
1995  4  1     2.93905342
1995  4  2     2.88900535
1995  4  3     3.11628940
1995  4  4     3.56212102
1995  4  5     4.04025779
1995  4  6     4.22645620
1995  4  7     6.19978218
1995  4  8     6.38465090
1995  4  9     3.99225797
1995  4 10     2.81682454
1995  4 11     2.72900772
1995  4 12     3.25701437
1995  4 13     3.88663615
1995  4 14     4.24464233
1995  4 15     2.60565830
1995  4 16     2.35324912
1995  4 17     2.06236068
1995  4 18     2.22469878
1995  4 19     1.89815493
1995  4 20     2.50147603
1995  4 21     2.13061254
1995  4 22     1.80546207
1995  4 23     2.35837473
1995  4 24     3.47142658
1995  4 25     4.25790747
1995  4 26     4.70973537
1995  4 27     5.14230025
1995  4 28    10.29700703
1995  4 29    12.96286051
1995  4 30    19.02718357
1995  5  1    22.53470724
1995  5  2    17.63664584
1995  5  3    10.28032064
1995  5  4     7.37172099
1995  5  5     7.68154298
1995  5  6     8.37296559
1995  5  7     4.75462770
1995  5  8     3.82148515
1995  5  9     4.18231957
1995  5 10     4.67318266
1995  5 11     4.96454621
1995  5 12     4.53846791
1995  5 13     7.46508612
1995  5 14     5.43764176
1995  5 15     4.51763505
1995  5 16     4.32287564
1995  5 17     3.81543021
1995  5 18     4.86205958
1995  5 19     6.40761275
1995  5 20     7.54827870
1995  5 21     8.18145030
1995  5 22     8.16134333
1995  5 23     7.31654359
1995  5 24     7.23115496
1995  5 25     7.59271111
1995  5 26     6.36318979
1995  5 27     6.61038762
1995  5 28     7.28458173
1995  5 29     7.43528701
1995  5 30     8.42480105
1995  5 31     9.66216284
1995  6  1    10.52820391
1995  6  2     9.74343879
1995  6  3     8.01688418
1995  6  4     7.68953304
1995  6  5     7.75513343
1995  6  6     5.80462630
1995  6  7     3.69192646
1995  6  8     2.90286100
1995  6  9     2.98739126
1995  6 10     4.44076711
1995  6 11     6.29196286
1995  6 12     7.38651699
1995  6 13     7.72492302
1995  6 14     7.46636707
1995  6 15     6.24489988
1995  6 16     5.62771643
1995  6 17     3.11551468
1995  6 18     3.10249613
1995  6 19     3.81936603
1995  6 20     3.77800064
1995  6 21     3.85907515
1995  6 22     4.66228100
1995  6 23     6.00718689
1995  6 24     7.45881921
1995  6 25     8.53201575
1995  6 26     9.15901125
1995  6 27     9.27778438
1995  6 28     8.94287083
1995  6 29     8.72249329
1995  6 30     8.44496543
1995  7  1     8.06176006
1995  7  2     7.67076695
1995  7  3     7.34154345
1995  7  4     7.05411673
1995  7  5     6.93645865
1995  7  6     6.98994747
1995  7  7     6.47645151
1995  7  8     5.92441994
1995  7  9     5.79249679
1995  7 10     5.34312493
1995  7 11     4.74625043
1995  7 12     4.23367946
1995  7 13     3.69567530
1995  7 14     3.47934548
1995  7 15     3.62760510
1995  7 16     3.73976824
1995  7 17     3.56617299
1995  7 18     3.15335005
1995  7 19     2.68072398
1995  7 20     2.37385962
1995  7 21     2.18795855
1995  7 22     1.98550263
1995  7 23     1.80379233
1995  7 24     1.72710374
1995  7 25     1.56473574
1995  7 26     1.40375547
1995  7 27     1.34916412
1995  7 28     1.14070758
1995  7 29     0.87750885
1995  7 30     0.74053364
1995  7 31     0.65820474
1995  8  1     0.60890011
1995  8  2     0.57102530
1995  8  3     0.53677727
1995  8  4     0.50651460
1995  8  5     0.45772523
1995  8  6     0.39064291
1995  8  7     0.34396555
1995  8  8     0.31930669
1995  8  9     0.29745957
1995  8 10     0.27886597
1995  8 11     0.26512592
1995  8 12     0.25248561
1995  8 13     0.23905362
1995  8 14     0.23356122
1995  8 15     0.23596528
1995  8 16     0.22544575
1995  8 17     0.20702090
1995  8 18     0.19791638
1995  8 19     0.19001009
1995  8 20     0.17908775
1995  8 21     0.17097366
1995  8 22     0.16797389
1995  8 23     0.16338954
1995  8 24     0.15542418
1995  8 25     0.15860491
1995  8 26     0.15805329
1995  8 27     0.14781054
1995  8 28     0.14103313
1995  8 29     0.13759614
1995  8 30     0.13319878
1995  8 31     0.12879788
1995  9  1     0.12407113
1995  9  2     0.11933739
1995  9  3     0.14009054
1995  9  4     0.13901288
1995  9  5     0.11227695
1995  9  6     0.10949518
1995  9  7     0.10604729
1995  9  8     0.10322391
1995  9  9     0.10070346
1995  9 10     0.09871230
1995  9 11     0.09637797
1995  9 12     0.09339426
1995  9 13     0.09052025
1995  9 14     0.08722889
1995  9 15     0.08378057
1995  9 16     0.08192554
1995  9 17     0.08144085
1995  9 18     0.08019525
1995  9 19     0.07750793
1995  9 20     0.07461016
1995  9 21     0.07243823
1995  9 22     0.07140499
1995  9 23     0.07050081
1995  9 24     0.06918745
1995  9 25     0.06793622
1995  9 26     0.06727295
1995  9 27     0.06664937
1995  9 28     0.06522420
1995  9 29     0.06516015
1995  9 30     0.06392351
1995 10  1     0.06127016
1995 10  2     0.05845182
1995 10  3     0.05620336
1995 10  4     0.05492751
1995 10  5     0.05460842
1995 10  6     0.05404330
1995 10  7     0.05260768
1995 10  8     0.05119424
1995 10  9     0.04990829
1995 10 10     0.04821798
1995 10 11     0.04647768
1995 10 12     0.04531354
1995 10 13     0.04470845
1995 10 14     0.04356991
1995 10 15     0.04216069
1995 10 16     0.04149319
1995 10 17     0.04108342
1995 10 18     0.03966267
1995 10 19     0.03810013
1995 10 20     0.03726910
1995 10 21     0.03632061
1995 10 22     0.03666216
1995 10 23     0.03819248
1995 10 24     0.03810972
1995 10 25     0.03697109
1995 10 26     0.03526191
1995 10 27     0.03323149
1995 10 28     0.03141777
1995 10 29     0.03073925
1995 10 30     0.03149975
1995 10 31     0.03100274
1995 11  1     0.02974586
1995 11  2     0.02999259
1995 11  3     0.02980886
1995 11  4     0.02920994
1995 11  5     0.02858546
1995 11  6     0.02782304
1995 11  7     0.02678692
1995 11  8     0.02542670
1995 11  9     0.02431916
1995 11 10     0.02433165
1995 11 11     0.02443826
1995 11 12     0.02325716
1995 11 13     0.02219148
1995 11 14     0.02177719
1995 11 15     0.02140391
1995 11 16     0.02099495
1995 11 17     0.02076891
1995 11 18     0.02047573
1995 11 19     0.01997276
1995 11 20     0.01971885
1995 11 21     0.01958473
1995 11 22     0.01940039
1995 11 23     0.01888223
1995 11 24     0.01787474
1995 11 25     0.02413258
1995 11 26     0.08466753
1995 11 27     0.06315432
1995 11 28     0.01943140
1995 11 29     0.01798638
1995 11 30     0.01681751
1995 12  1     0.01654941
1995 12  2     0.01634230
1995 12  3     0.04858332
1995 12  4     0.33612583
1995 12  5     0.28009419
1995 12  6     0.05632017
1995 12  7     0.05058935
1995 12  8     0.04427344
1995 12  9     0.01801307
1995 12 10     0.01493440
1995 12 11     0.97080444
1995 12 12     8.37818871
1995 12 13     7.70429314
1995 12 14     2.22396654
1995 12 15     0.88465769
1995 12 16     0.97783298
1995 12 17     0.45357515
1995 12 18     0.28551052
1995 12 19     0.22441727
1995 12 20     0.18217142
1995 12 21     0.15192944
1995 12 22     0.13559245
1995 12 23     0.13853723
1995 12 24     0.10676733
1995 12 25     0.08663176
1995 12 26     0.07706878
1995 12 27     0.06944581
1995 12 28     0.08543002
1995 12 29     0.08808696
1995 12 30     1.88614224
1995 12 31     1.04287614
1996  1  1     0.29093740
1996  1  2     0.19522370
1996  1  3     0.16848535
1996  1  4     0.14178610
1996  1  5     0.12090870
1996  1  6     0.10509417
1996  1  7     0.10671650
1996  1  8     0.11648991
1996  1  9     0.12315649
1996  1 10     0.11896864
1996  1 11     0.11078606
1996  1 12     0.12492681
1996  1 13     0.14947895
1996  1 14     0.14535064
1996  1 15     0.26597215
1996  1 16     4.01071012
1996  1 17     7.46830056
1996  1 18     2.91805516
1996  1 19     3.95190607
1996  1 20     2.06403602
1996  1 21     2.03158228
1996  1 22     1.34455139
1996  1 23     0.74955194
1996  1 24     0.95391724
1996  1 25     5.28765556
1996  1 26     2.09929042
1996  1 27     1.47009824
1996  1 28     4.03881420
1996  1 29     2.49287534
1996  1 30     1.15983870
1996  1 31     2.12787117
1996  2  1     1.85007488
1996  2  2     1.03145678
1996  2  3     0.84787730
1996  2  4     4.69932360
1996  2  5    17.19603328
1996  2  6     9.61926628
1996  2  7     3.50111782
1996  2  8     2.78728756
1996  2  9     2.43802573
1996  2 10     2.18426536
1996  2 11     2.02280123
1996  2 12     1.98016041
1996  2 13     1.91384632
1996  2 14     1.97982906
1996  2 15     2.05133999
1996  2 16     2.46415467
1996  2 17     2.31526572
1996  2 18     2.15323475
1996  2 19    12.00443269
1996  2 20    22.35829762
1996  2 21    11.69445054
1996  2 22    12.93633105
1996  2 23     5.38384527
1996  2 24     3.49024411
1996  2 25     2.94820238
1996  2 26     2.57702487
1996  2 27     2.03359055
1996  2 28     1.75779257
1996  2 29     1.61280425
1996  3  1     1.58544371
1996  3  2     1.76653459
1996  3  3     1.69159698
1996  3  4     6.74346238
1996  3  5    15.17251651
1996  3  6     6.09773015
1996  3  7     2.87362688
1996  3  8     2.74194107
1996  3  9     3.01861729
1996  3 10     3.18893837
1996  3 11     4.24301302
1996  3 12     7.51580840
1996  3 13     4.81208221
1996  3 14     2.79891640
1996  3 15     2.38678150
1996  3 16     2.39414749
1996  3 17     2.71729040
1996  3 18     3.32967895
1996  3 19     3.96424673
1996  3 20     4.36592931
1996  3 21     4.42290087
1996  3 22     4.10151247
1996  3 23     2.95118452
1996  3 24     2.06991322
1996  3 25     1.87355120
1996  3 26     1.68545115
1996  3 27     1.69223067
1996  3 28     5.23941976
1996  3 29     4.07512775
1996  3 30     2.07177268
1996  3 31     2.26365231
1996  4  1     3.60160853
1996  4  2     5.90962521
1996  4  3     3.61667313
1996  4  4     2.48689656
1996  4  5     2.75444042
1996  4  6     3.21917761
1996  4  7     3.76520272
1996  4  8     4.38788848
1996  4  9     4.55383892
1996  4 10     3.47285847
1996  4 11     2.37068926
1996  4 12     2.13575261
1996  4 13     1.77902101
1996  4 14     1.49868385
1996  4 15     2.33966829
1996  4 16     5.18019808
1996  4 17     6.03422724
1996  4 18     4.65193609
1996  4 19     2.60369679
1996  4 20     1.98651965
1996  4 21     1.61062459
1996  4 22     1.63447165
1996  4 23     2.43290953
1996  4 24     3.97309075
1996  4 25     4.78396857
1996  4 26     5.23092858
1996  4 27     5.76117528
1996  4 28     5.72907895
1996  4 29     5.32704342
1996  4 30     5.78098474
1996  5  1     6.75168808
1996  5  2     6.96409029
1996  5  3     6.40832007
1996  5  4     5.35010612
1996  5  5     4.76998793
1996  5  6     4.88660330
1996  5  7     4.79899237
1996  5  8     4.51852413
1996  5  9     3.74802851
1996  5 10     3.72729428
1996  5 11     5.04450707
1996  5 12     6.44630204
1996  5 13     7.00739630
1996  5 14     7.27263264
1996  5 15     7.85332190
1996  5 16    15.74349752
1996  5 17    17.23297669
1996  5 18    10.70482938
1996  5 19     6.67592982
1996  5 20     4.54025542
1996  5 21     3.94953137
1996  5 22     3.70577144
1996  5 23     2.88895093
1996  5 24     4.13352652
1996  5 25     3.69677351
1996  5 26     3.32957178
1996  5 27     3.83757828
1996  5 28     3.20220558
1996  5 29     2.79702642
1996  5 30     2.97314283
1996  5 31     2.96525122
1996  6  1     3.62699479
1996  6  2     4.59087103
1996  6  3     5.61552349
1996  6  4     6.10746150
1996  6  5     6.01177764
1996  6  6     5.90137254
1996  6  7     5.78824933
1996  6  8     5.14427681
1996  6  9     4.41751899
1996  6 10     3.74820226
1996  6 11     3.12768003
1996  6 12     2.88397570
1996  6 13     2.83811540
1996  6 14     2.73447771
1996  6 15     2.42756426
1996  6 16     1.98083233
1996  6 17     1.58284241
1996  6 18     1.31636050
1996  6 19     1.17496332
1996  6 20     1.09219022
1996  6 21     1.01025167
1996  6 22     0.92253391
1996  6 23     0.83339789
1996  6 24     0.71873349
1996  6 25     0.71509601
1996  6 26     1.07185506
1996  6 27     1.14809689
1996  6 28     0.69572953
1996  6 29     0.55005698
1996  6 30     0.48333886
1996  7  1     0.42695912
1996  7  2     0.38080774
1996  7  3     0.34650754
1996  7  4     0.32220651
1996  7  5     0.30338473
1996  7  6     0.28617869
1996  7  7     0.27032109
1996  7  8     0.25819031
1996  7  9     0.24650911
1996  7 10     0.25634827
1996  7 11     0.27131320
1996  7 12     0.30935079
1996  7 13     0.26500335
1996  7 14     0.35275635
1996  7 15     0.30629516
1996  7 16     0.20115699
1996  7 17     0.19934193
1996  7 18     0.18926026
1996  7 19     0.18050585
1996  7 20     0.17196943
1996  7 21     0.16369920
1996  7 22     0.15654294
1996  7 23     0.15640606
1996  7 24     0.15871921
1996  7 25     0.14970892
1996  7 26     0.13592845
1996  7 27     0.13981034
1996  7 28     0.15243840
1996  7 29     0.16135031
1996  7 30     0.16878679
1996  7 31     0.14287771
1996  8  1     0.11425260
1996  8  2     0.11122787
1996  8  3     0.10925732
1996  8  4     0.10776455
1996  8  5     0.10505956
1996  8  6     0.10203997
1996  8  7     0.09900558
1996  8  8     0.09530578
1996  8  9     0.09142022
1996  8 10     0.08796452
1996  8 11     0.08575857
1996  8 12     0.13155299
1996  8 13     0.17861380
1996  8 14     0.16127425
1996  8 15     0.09535940
1996  8 16     0.07551399
1996  8 17     0.07401623
1996  8 18     0.07309580
1996  8 19     0.07199509
1996  8 20     0.07045847
1996  8 21     0.06884217
1996  8 22     0.06685531
1996  8 23     0.06448734
1996  8 24     0.06178282
1996  8 25     0.05983863
1996  8 26     0.05873745
1996  8 27     0.05801204
1996  8 28     0.05702675
1996  8 29     0.05470802
1996  8 30     0.05218903
1996  8 31     0.05026088
1996  9  1     0.04851089
1996  9  2     0.04762987
1996  9  3     0.04726809
1996  9  4     0.04592649
1996  9  5     0.04599171
1996  9  6     0.04659811
1996  9  7     0.04517836
1996  9  8     0.04318451
1996  9  9     0.04124153
1996  9 10     0.03958220
1996  9 11     0.03855703
1996  9 12     0.03828049
1996  9 13     0.04015674
1996  9 14     0.10319667
1996  9 15     0.09699402
1996  9 16     0.03951365
1996  9 17     0.03853024
1996  9 18     0.03679360
1996  9 19     0.03513995
1996  9 20     0.03352312
1996  9 21     0.03160959
1996  9 22     0.02980171
1996  9 23     0.02914377
1996  9 24     0.02922677
1996  9 25     0.02860315
1996  9 26     0.02793452
1996  9 27     0.02754618
1996  9 28     0.02693850
1996  9 29     0.02553918
1996  9 30     0.02419741
1996 10  1     0.03685948
1996 10  2     0.10867883
1996 10  3     0.07314016
1996 10  4     0.02252942
1996 10  5     0.02141175
1996 10  6     0.02043069
1996 10  7     0.01950293
1996 10  8     0.01847972
1996 10  9     0.01765769
1996 10 10     0.01748990
1996 10 11     0.01787825
1996 10 12     0.01865903
1996 10 13     0.01875386
1996 10 14     0.01853981
1996 10 15     0.01860716
1996 10 16     0.01825116
1996 10 17     0.01830035
1996 10 18     0.02130685
1996 10 19     0.21262133
1996 10 20     0.15428657
1996 10 21     0.02042582
1996 10 22     0.01973266
1996 10 23     0.01876946
1996 10 24     0.06210968
1996 10 25     0.24070528
1996 10 26     0.28436345
1996 10 27     0.07997901
1996 10 28     0.02899207
1996 10 29     0.07870679
1996 10 30     0.89588564
1996 10 31     0.33971298
1996 11  1     0.06141150
1996 11  2     0.02459708
1996 11  3     0.03541365
1996 11  4     0.04231634
1996 11  5     0.02936699
1996 11  6     0.01917005
1996 11  7     0.02336843
1996 11  8     0.04835048
1996 11  9     0.09242659
1996 11 10     0.12516100
1996 11 11     0.12293904
1996 11 12     0.12312496
1996 11 13     0.12270166
1996 11 14     0.10563268
1996 11 15     0.05685645
1996 11 16     0.02327121
1996 11 17     2.46129009
1996 11 18     5.95626626
1996 11 19     3.93090121
1996 11 20     3.46893072
1996 11 21     3.52993981
1996 11 22    10.42214221
1996 11 23     9.68612402
1996 11 24     3.45590307
1996 11 25     1.96141724
1996 11 26     1.45759629
1996 11 27     1.11880850
1996 11 28     0.89725329
1996 11 29     0.78635488
1996 11 30     0.62779057
1996 12  1     0.77387160
1996 12  2     0.55390043
1996 12  3     0.43346552
1996 12  4     0.39113364
1996 12  5     4.20612487
1996 12  6     3.68717963
1996 12  7     1.57253159
1996 12  8     1.31643300
1996 12  9     1.92305218
1996 12 10     8.49022057
1996 12 11    12.81276273
1996 12 12    11.20361406
1996 12 13     8.21474198
1996 12 14     4.57077801
1996 12 15     2.68548529
1996 12 16     2.13889818
1996 12 17     1.72947479
1996 12 18     1.44816795
1996 12 19     1.24650384
1996 12 20     1.10020614
1996 12 21     3.33155816
1996 12 22     5.66694022
1996 12 23     7.28624671
1996 12 24     2.64803936
1996 12 25     1.32091204
1996 12 26     4.32539942
1996 12 27     6.24546271
1996 12 28     2.86119895
1996 12 29     2.22660179
1996 12 30    12.15955429
1996 12 31    10.81277157
1997  1  1    29.39863238
1997  1  2    60.61022444
1997  1  3    54.53232551
1997  1  4    21.86445763
1997  1  5    11.43850915
1997  1  6     8.51290016
1997  1  7     6.63045016
1997  1  8     5.44901863
1997  1  9     4.61843578
1997  1 10     4.02550070
1997  1 11     3.58334291
1997  1 12     3.40746895
1997  1 13     3.92556778
1997  1 14     3.06172425
1997  1 15     2.98870670
1997  1 16     2.75819751
1997  1 17     2.42846153
1997  1 18     2.30445469
1997  1 19     2.58564349
1997  1 20    10.98196073
1997  1 21    11.99812873
1997  1 22     9.84192072
1997  1 23    18.47702056
1997  1 24     8.21734418
1997  1 25    14.44187044
1997  1 26    21.45709712
1997  1 27    12.64389524
1997  1 28     6.27952172
1997  1 29     4.57318089
1997  1 30     3.94787403
1997  1 31     3.52593672
1997  2  1     3.21198226
1997  2  2     2.91704227
1997  2  3     2.68898559
1997  2  4     2.52622831
1997  2  5     2.38542421
1997  2  6     2.25429599
1997  2  7     2.14374013
1997  2  8     2.15199487
1997  2  9     2.01074355
1997  2 10     1.90742106
1997  2 11     1.84186626
1997  2 12     1.78491934
1997  2 13     1.71854335
1997  2 14     1.68195088
1997  2 15     1.70492475
1997  2 16     1.75807378
1997  2 17     2.60373370
1997  2 18     2.28267268
1997  2 19     1.76343698
1997  2 20     1.69793429
1997  2 21     1.57482883
1997  2 22     1.48015696
1997  2 23     1.41510060
1997  2 24     1.34060270
1997  2 25     1.27738549
1997  2 26     1.28839328
1997  2 27     1.31701627
1997  2 28     1.21922284
1997  3  1     1.13962897
1997  3  2     1.12995700
1997  3  3     1.10642372
1997  3  4     1.04677282
1997  3  5     1.00991658
1997  3  6     1.04791029
1997  3  7     1.10359249
1997  3  8     1.17531125
1997  3  9     1.36834123
1997  3 10     1.77729441
1997  3 11     2.29256563
1997  3 12     2.34252096
1997  3 13     2.03406291
1997  3 14     1.99898627
1997  3 15     2.24428364
1997  3 16     2.52722837
1997  3 17     2.23613756
1997  3 18     2.12088937
1997  3 19     2.98283482
1997  3 20     3.81326455
1997  3 21     3.90631309
1997  3 22     3.70823605
1997  3 23     3.64578570
1997  3 24     3.46617500
1997  3 25     3.54774790
1997  3 26     3.90458255
1997  3 27     3.96752145
1997  3 28     3.64429770
1997  3 29     2.96225306
1997  3 30     2.72370797
1997  3 31     2.60125513
1997  4  1     1.80457902
1997  4  2     1.31183115
1997  4  3     1.11750748
1997  4  4     1.00080173
1997  4  5     0.90030568
1997  4  6     0.78981482
1997  4  7     0.72031407
1997  4  8     0.71407742
1997  4  9     0.65683538
1997  4 10     0.59516505
1997  4 11     0.55886361
1997  4 12     0.52591680
1997  4 13     0.53953038
1997  4 14     0.72290054
1997  4 15     1.23084483
1997  4 16     1.95720420
1997  4 17     2.62823102
1997  4 18     3.02341216
1997  4 19     5.05624090
1997  4 20     4.66161178
1997  4 21     3.88988240
1997  4 22     3.62339492
1997  4 23     3.20758195
1997  4 24     2.27892285
1997  4 25     1.49972467
1997  4 26     2.15851485
1997  4 27     3.28353257
1997  4 28     3.42604233
1997  4 29     2.69766831
1997  4 30     2.17796815
1997  5  1     1.99058898
1997  5  2     2.05805496
1997  5  3     2.35186105
1997  5  4     3.17699664
1997  5  5     4.04407339
1997  5  6     4.43512983
1997  5  7     4.44066934
1997  5  8     4.54322553
1997  5  9     4.96114834
1997  5 10     5.58770677
1997  5 11     6.15264233
1997  5 12     6.73257561
1997  5 13     7.00056586
1997  5 14     6.83374254
1997  5 15     6.59843706
1997  5 16     6.42543397
1997  5 17     6.29197542
1997  5 18     6.55301463
1997  5 19     6.89015007
1997  5 20     6.12904143
1997  5 21     4.89440561
1997  5 22     4.28900933
1997  5 23     3.94443115
1997  5 24     3.82194972
1997  5 25     2.90488063
1997  5 26     2.49836436
1997  5 27     3.26074989
1997  5 28     3.88141663
1997  5 29     4.33372310
1997  5 30     4.70955438
1997  5 31     4.88314970
1997  6  1     4.60008837
1997  6  2     4.05645571
1997  6  3     3.76302473
1997  6  4     3.51620771
1997  6  5     3.33344340
1997  6  6     2.84705996
1997  6  7     2.54808198
1997  6  8     2.51533356
1997  6  9     2.38229904
1997  6 10     2.03707615
1997  6 11     1.73729891
1997  6 12     1.54457263
1997  6 13     1.30053656
1997  6 14     1.54663153
1997  6 15     1.73067214
1997  6 16     1.66861582
1997  6 17     1.63278741
1997  6 18     1.60984895
1997  6 19     1.57025486
1997  6 20     1.35781635
1997  6 21     1.05395512
1997  6 22     0.85205015
1997  6 23     0.72720953
1997  6 24     0.65389255
1997  6 25     0.63042152
1997  6 26     0.53035775
1997  6 27     0.43359935
1997  6 28     0.38622307
1997  6 29     0.33893424
1997  6 30     0.30529022
1997  7  1     0.26881391
1997  7  2     0.23099399
1997  7  3     0.20789459
1997  7  4     0.19018891
1997  7  5     0.17598902
1997  7  6     0.16464618
1997  7  7     0.15492044
1997  7  8     0.14604126
1997  7  9     0.13800058
1997  7 10     0.13169453
1997  7 11     0.12676115
1997  7 12     0.12191419
1997  7 13     0.11702167
1997  7 14     0.11186034
1997  7 15     0.10686245
1997  7 16     0.10297173
1997  7 17     0.09967908
1997  7 18     0.09735201
1997  7 19     0.09485757
1997  7 20     0.09104173
1997  7 21     0.08735498
1997  7 22     0.17351752
1997  7 23     0.29529677
1997  7 24     0.26708175
1997  7 25     0.15522141
1997  7 26     0.07785089
1997  7 27     0.07550810
1997  7 28     0.07384026
1997  7 29     0.08159992
1997  7 30     0.12633567
1997  7 31     0.11343587
1997  8  1     0.06737717
1997  8  2     0.09713321
1997  8  3     0.09267973
1997  8  4     0.06527156
1997  8  5     0.05949343
1997  8  6     0.05732287
1997  8  7     0.05469532
1997  8  8     0.08409207
1997  8  9     0.10118972
1997  8 10     0.07124587
1997  8 11     0.05283945
1997  8 12     0.05164596
1997  8 13     0.05006754
1997  8 14     0.04856442
1997  8 15     0.04695432
1997  8 16     0.04544640
1997  8 17     0.04565038
1997  8 18     0.04528186
1997  8 19     0.04339214
1997  8 20     0.04170667
1997  8 21     0.04073161
1997  8 22     0.04021766
1997  8 23     0.03881611
1997  8 24     0.03768668
1997  8 25     0.03738961
1997  8 26     0.03692336
1997  8 27     0.03614086
1997  8 28     0.03548107
1997  8 29     0.03482665
1997  8 30     0.03394146
1997  8 31     0.03276443
1997  9  1     0.06999693
1997  9  2     0.09965340
1997  9  3     0.20761152
1997  9  4     0.14875499
1997  9  5     0.03893459
1997  9  6     0.03825066
1997  9  7     0.03073019
1997  9  8     0.03046189
1997  9  9     0.02666475
1997  9 10     0.02617461
1997  9 11     0.02615555
1997  9 12     0.02609284
1997  9 13     0.02545536
1997  9 14     0.02475065
1997  9 15     0.02447458
1997  9 16     0.02492742
1997  9 17     0.02473794
1997  9 18     0.02347233
1997  9 19     0.02339175
1997  9 20     0.02426122
1997  9 21     0.02340972
1997  9 22     0.02557724
1997  9 23     0.02514820
1997  9 24     0.01981786
1997  9 25     0.03958798
1997  9 26     0.06332915
1997  9 27     0.03968262
1997  9 28     0.01854541
1997  9 29     0.01789961
1997  9 30     0.01694831
1997 10  1     0.05140879
1997 10  2     0.09212593
1997 10  3     0.04693950
1997 10  4     0.01677415
1997 10  5     0.01582286
1997 10  6     0.01731953
1997 10  7     0.01893527
1997 10  8     0.01996283
1997 10  9     0.07177292
1997 10 10     0.32176280
1997 10 11     0.40714548
1997 10 12     0.12913392
1997 10 13     0.03468541
1997 10 14     0.09300692
1997 10 15     0.10259823
1997 10 16     0.04284138
1997 10 17     0.01360865
1997 10 18     0.01275631
1997 10 19     0.01269549
1997 10 20     0.01281917
1997 10 21     0.01314124
1997 10 22     0.01306697
1997 10 23     0.01254568
1997 10 24     0.01280789
1997 10 25     0.01371735
1997 10 26     0.03454550
1997 10 27     0.03446632
1997 10 28     0.01399402
1997 10 29     0.01444894
1997 10 30     0.01617410
1997 10 31     0.01419290
1997 11  1     0.01028096
1997 11  2     0.00945137
1997 11  3     0.00920502
1997 11  4     0.00897074
1997 11  5     0.00882724
1997 11  6     0.00891438
1997 11  7     0.04048140
1997 11  8     0.03298478
1997 11  9     0.01113647
1997 11 10     0.14429799
1997 11 11     0.50239540
1997 11 12     0.28848770
1997 11 13     0.10989136
1997 11 14     0.19947723
1997 11 15     0.07083456
1997 11 16     0.04916916
1997 11 17     0.03387525
1997 11 18     0.07356069
1997 11 19     0.44450625
1997 11 20     0.31568411
1997 11 21     0.05057055
1997 11 22     0.02771929
1997 11 23     0.06170188
1997 11 24     0.27284892
1997 11 25     1.02660747
1997 11 26     4.94908225
1997 11 27     4.09806906
1997 11 28     1.00620814
1997 11 29     0.57787284
1997 11 30     0.45976100
1997 12  1     0.29703610
1997 12  2     0.21822892
1997 12  3     0.17034114
1997 12  4     0.13746166
1997 12  5     0.18825431
1997 12  6     0.53865791
1997 12  7     1.22316016
1997 12  8     1.47110479
1997 12  9     0.35699218
1997 12 10     0.08827115
1997 12 11     0.07067433
1997 12 12     0.06074720
1997 12 13     0.05306018
1997 12 14     0.06629300
1997 12 15     0.25129454
1997 12 16     0.10489814
1997 12 17     0.03177315
1997 12 18     0.02914999
1997 12 19     0.02674972
1997 12 20     0.02476832
1997 12 21     0.02287164
1997 12 22     0.02144357
1997 12 23     0.02020698
1997 12 24     0.01899664
1997 12 25     0.01822813
1997 12 26     0.01754328
1997 12 27     0.01663253
1997 12 28     0.01581642
1997 12 29     0.01630740
1997 12 30     0.01819024
1997 12 31     0.01961556
1998  1  1     0.02342990
1998  1  2     0.31354311
1998  1  3     1.09803683
1998  1  4     1.03861416
1998  1  5     0.46912331
1998  1  6     0.08383127
1998  1  7     0.13998684
1998  1  8     0.06322794
1998  1  9     0.09112709
1998  1 10     1.13115133
1998  1 11     1.43269241
1998  1 12     3.80538804
1998  1 13     4.21884807
1998  1 14     1.63968403
1998  1 15     7.44616575
1998  1 16    10.02282673
1998  1 17     5.27907147
1998  1 18     3.56587899
1998  1 19     8.93141242
1998  1 20     4.66801021
1998  1 21     2.09521320
1998  1 22     1.70003702
1998  1 23     1.41426435
1998  1 24     1.23487884
1998  1 25     1.11530834
1998  1 26     1.02866976
1998  1 27     1.00374164
1998  1 28     1.39971280
1998  1 29     6.56118329
1998  1 30     4.71792215
1998  1 31     1.85383283
1998  2  1     1.66900310
1998  2  2     5.72578742
1998  2  3    15.91057224
1998  2  4    10.00945697
1998  2  5     3.39526443
1998  2  6     4.07071947
1998  2  7    10.59887010
1998  2  8    10.15199640
1998  2  9     6.49880406
1998  2 10     3.18209724
1998  2 11     3.97368290
1998  2 12     2.82369644
1998  2 13     3.44931450
1998  2 14     7.26354959
1998  2 15     6.98369462
1998  2 16     3.16470704
1998  2 17     3.12387516
1998  2 18     2.26972103
1998  2 19     2.52670770
1998  2 20     6.76347386
1998  2 21     3.00560012
1998  2 22     7.66381066
1998  2 23     4.12626739
1998  2 24     4.81884779
1998  2 25     2.54710339
1998  2 26     1.97070751
1998  2 27     1.86007928
1998  2 28     1.81447743
1998  3  1     1.76068329
1998  3  2     1.74836973
1998  3  3     1.74543041
1998  3  4     1.60122096
1998  3  5     1.61312843
1998  3  6     3.53132952
1998  3  7     2.18794143
1998  3  8     1.56496590
1998  3  9     1.50463205
1998  3 10     1.62142548
1998  3 11     1.79838907
1998  3 12     1.88832306
1998  3 13     1.97648390
1998  3 14     1.87187590
1998  3 15     1.88624071
1998  3 16     2.24363981
1998  3 17     2.33164505
1998  3 18     2.33214008
1998  3 19     2.49723578
1998  3 20     2.68991778
1998  3 21     2.85865480
1998  3 22     3.40018087
1998  3 23     6.18362712
1998  3 24    16.70954570
1998  3 25    27.97351240
1998  3 26    10.70664913
1998  3 27     7.33819206
1998  3 28     8.40737593
1998  3 29     5.69818582
1998  3 30     3.56610246
1998  3 31     3.99069945
1998  4  1     4.01467397
1998  4  2     2.55977707
1998  4  3     4.58266444
1998  4  4     3.92119341
1998  4  5     3.00695278
1998  4  6     3.32655109
1998  4  7     4.56430895
1998  4  8     2.47208655
1998  4  9     1.94102782
1998  4 10     1.90834947
1998  4 11     2.02588125
1998  4 12     2.95608049
1998  4 13     3.51140215
1998  4 14     4.67206014
1998  4 15     2.22061944
1998  4 16     1.73863602
1998  4 17     1.66389914
1998  4 18     1.75652787
1998  4 19     2.23360619
1998  4 20     3.22727442
1998  4 21     4.97275624
1998  4 22     6.54302115
1998  4 23     6.60503910
1998  4 24     4.90651926
1998  4 25     3.37369939
1998  4 26     3.20270592
1998  4 27     3.91681664
1998  4 28     4.76866224
1998  4 29     5.61935510
1998  4 30     6.33609678
1998  5  1     6.35909364
1998  5  2     6.64776135
1998  5  3     7.17504118
1998  5  4     9.41075343
1998  5  5     7.83131816
1998  5  6     5.88924491
1998  5  7     4.58851906
1998  5  8     4.56317505
1998  5  9     4.87810985
1998  5 10     3.52291270
1998  5 11     2.64458478
1998  5 12     3.92547430
1998  5 13     4.16679696
1998  5 14     2.47454594
1998  5 15     2.09001911
1998  5 16     2.49611001
1998  5 17     2.70476011
1998  5 18     2.14033777
1998  5 19     2.49380784
1998  5 20     3.00799298
1998  5 21     2.64461857
1998  5 22     2.35237718
1998  5 23     3.04655472
1998  5 24     3.48216431
1998  5 25     6.17053483
1998  5 26     5.63424917
1998  5 27     2.68210215
1998  5 28     3.80790967
1998  5 29     6.68265152
1998  5 30     4.18521100
1998  5 31     3.76031638
1998  6  1     5.56435600
1998  6  2     6.75321394
1998  6  3     6.79110244
1998  6  4     4.82327565
1998  6  5     4.49643729
1998  6  6     6.39879735
1998  6  7     9.21499594
1998  6  8     8.41659304
1998  6  9     7.11682059
1998  6 10     7.84283820
1998  6 11     8.13168196
1998  6 12     6.98210162
1998  6 13     7.01855336
1998  6 14     6.97160539
1998  6 15     7.81238138
1998  6 16     9.03780268
1998  6 17     9.05800241
1998  6 18     8.94020396
1998  6 19     9.54664265
1998  6 20     9.92443498
1998  6 21     9.63926645
1998  6 22     9.15189110
1998  6 23     8.56251604
1998  6 24     8.13705665
1998  6 25     8.26972643
1998  6 26     7.94645712
1998  6 27     7.61377485
1998  6 28     8.11620588
1998  6 29     8.52640572
1998  6 30     8.36613204
1998  7  1     8.31006432
1998  7  2     8.28003215
1998  7  3     7.90138991
1998  7  4     7.59707250
1998  7  5     7.22593908
1998  7  6     6.88178408
1998  7  7     6.85417867
1998  7  8     6.63251396
1998  7  9     6.14822222
1998  7 10     5.71038523
1998  7 11     5.08351494
1998  7 12     4.61167105
1998  7 13     4.27270943
1998  7 14     3.91779102
1998  7 15     3.75742152
1998  7 16     3.70760177
1998  7 17     3.68598418
1998  7 18     3.13480750
1998  7 19     2.55147043
1998  7 20     2.35804949
1998  7 21     2.13238848
1998  7 22     1.89844985
1998  7 23     1.61479621
1998  7 24     1.83356866
1998  7 25     1.55038656
1998  7 26     0.93420729
1998  7 27     0.78960670
1998  7 28     0.68082301
1998  7 29     0.60222114
1998  7 30     0.54209612
1998  7 31     0.49428666
1998  8  1     0.45395762
1998  8  2     0.41768571
1998  8  3     0.38512256
1998  8  4     0.35734501
1998  8  5     0.33416628
1998  8  6     0.31505557
1998  8  7     0.29958378
1998  8  8     0.28661284
1998  8  9     0.27449103
1998  8 10     0.26219600
1998  8 11     0.24958496
1998  8 12     0.23784740
1998  8 13     0.22755263
1998  8 14     0.21877140
1998  8 15     0.21371823
1998  8 16     0.20686167
1998  8 17     0.19905527
1998  8 18     0.19576918
1998  8 19     0.19176785
1998  8 20     0.18647712
1998  8 21     0.18070842
1998  8 22     0.17451763
1998  8 23     0.16809786
1998  8 24     0.16272755
1998  8 25     0.15778127
1998  8 26     0.15355998
1998  8 27     0.14964679
1998  8 28     0.14464730
1998  8 29     0.13868807
1998  8 30     0.13333140
1998  8 31     0.13005409
1998  9  1     0.12746249
1998  9  2     0.12411981
1998  9  3     0.12098018
1998  9  4     0.20273590
1998  9  5     0.30082172
1998  9  6     0.64006437
1998  9  7     0.39343503
1998  9  8     0.12647650
1998  9  9     1.04533579
1998  9 10     0.87290808
1998  9 11     0.22886002
1998  9 12     0.18446694
1998  9 13     0.15400264
1998  9 14     0.13258886
1998  9 15     0.16697904
1998  9 16     0.14466372
1998  9 17     0.10609444
1998  9 18     0.10149007
1998  9 19     0.09877511
1998  9 20     0.09549544
1998  9 21     0.09226149
1998  9 22     0.08967404
1998  9 23     0.08731317
1998  9 24     0.08580141
1998  9 25     0.08399631
1998  9 26     0.44881713
1998  9 27     0.78576232
1998  9 28     0.49378159
1998  9 29     0.32052990
1998  9 30     0.80043506
1998 10  1     0.75415788
1998 10  2     0.40596473
1998 10  3     0.30584755
1998 10  4     0.23368016
1998 10  5     0.20404100
1998 10  6     0.14582596
1998 10  7     0.12723345
1998 10  8     0.11061899
1998 10  9     0.09966380
1998 10 10     0.09171514
1998 10 11     0.08506635
1998 10 12     0.07815588
1998 10 13     0.07303269
1998 10 14     0.06970602
1998 10 15     0.06766933
1998 10 16     0.06609798
1998 10 17     0.06389509
1998 10 18     0.06122962
1998 10 19     0.05790375
1998 10 20     0.05478836
1998 10 21     0.05245053
1998 10 22     0.05066524
1998 10 23     0.04897377
1998 10 24     0.10572440
1998 10 25     0.51144192
1998 10 26     0.30355987
1998 10 27     0.09019924
1998 10 28     0.08787224
1998 10 29     0.08235336
1998 10 30     0.12643115
1998 10 31     0.11283980
1998 11  1     0.07043521
1998 11  2     0.06980742
1998 11  3     0.05574279
1998 11  4     0.05147987
1998 11  5     0.04723361
1998 11  6     0.06364971
1998 11  7     0.40522995
1998 11  8     0.84235837
1998 11  9     0.40991765
1998 11 10     0.12060281
1998 11 11     0.62214193
1998 11 12     0.30665756
1998 11 13     0.10009600
1998 11 14     0.09602203
1998 11 15     0.09256084
1998 11 16     0.14403733
1998 11 17     0.97243255
1998 11 18     0.75212530
1998 11 19     0.22716054
1998 11 20     0.19731645
1998 11 21     0.15636300
1998 11 22     0.50637187
1998 11 23     1.22126995
1998 11 24     1.97637244
1998 11 25     1.04141926
1998 11 26     0.39133427
1998 11 27     0.45047248
1998 11 28     0.84705727
1998 11 29     0.83015556
1998 11 30     1.88845290
1998 12  1     4.05461819
1998 12  2     2.25813973
1998 12  3     1.03051888
1998 12  4     1.30872984
1998 12  5     0.55992509
1998 12  6     0.70878437
1998 12  7     0.33381917
1998 12  8     0.23484237
1998 12  9     0.19585109
1998 12 10     0.16938344
1998 12 11     0.15038026
1998 12 12     0.13775651
1998 12 13     0.13247378
1998 12 14     0.77803586
1998 12 15     0.46529491
1998 12 16     0.20551932
1998 12 17     0.23563535
1998 12 18     0.20914898
1998 12 19     0.20053207
1998 12 20     0.19635173
1998 12 21     0.14414566
1998 12 22     0.11834420
1998 12 23     0.10455457
1998 12 24     0.09465226
1998 12 25     0.08848988
1998 12 26     0.09421290
1998 12 27     0.08862348
1998 12 28     0.08472513
1998 12 29     0.08995956
1998 12 30     0.09709108
1998 12 31     0.10450572
1999  1  1     0.08880439
1999  1  2     0.09043731
1999  1  3     0.10431705
1999  1  4     0.09271432
1999  1  5     0.10146082
1999  1  6     0.11067664
1999  1  7     0.10815826
1999  1  8     0.10612064
1999  1  9     0.11628915
1999  1 10     0.11435077
1999  1 11     0.12096382
1999  1 12     0.12802260
1999  1 13     0.12003732
1999  1 14     0.14015839
1999  1 15     1.11127209
1999  1 16     3.89286787
1999  1 17     3.54698386
1999  1 18     5.76823391
1999  1 19    13.80918361
1999  1 20    13.74654016
1999  1 21     8.93132143
1999  1 22     4.05905215
1999  1 23     3.73599046
1999  1 24     4.83622240
1999  1 25     3.51629589
1999  1 26     2.78802854
1999  1 27     1.88544411
1999  1 28     1.41250301
1999  1 29     1.22006500
1999  1 30     1.06959904
1999  1 31     1.69904349
1999  2  1     2.21086982
1999  2  2     1.17436858
1999  2  3     0.95501540
1999  2  4     0.90786736
1999  2  5     0.80879053
1999  2  6     0.82718951
1999  2  7     5.13562394
1999  2  8    10.08025426
1999  2  9    13.66554283
1999  2 10     8.93291293
1999  2 11     3.35622029
1999  2 12     2.41146475
1999  2 13     2.10930178
1999  2 14     1.96273552
1999  2 15     1.72919536
1999  2 16     1.60029389
1999  2 17     6.40801961
1999  2 18     3.45102288
1999  2 19     4.38467513
1999  2 20     2.65578329
1999  2 21     6.26886316
1999  2 22     4.34393888
1999  2 23     2.14887296
1999  2 24     1.75603197
1999  2 25     4.05177768
1999  2 26     2.93688291
1999  2 27     1.81277359
1999  2 28     1.74447913
1999  3  1     1.84515607
1999  3  2     2.22294911
1999  3  3     2.55332616
1999  3  4     2.47064019
1999  3  5     1.75656258
1999  3  6     1.40994225
1999  3  7     1.27294775
1999  3  8     1.14757077
1999  3  9     3.49902822
1999  3 10     1.95594827
1999  3 11     1.25822319
1999  3 12     1.15409313
1999  3 13     1.08599297
1999  3 14     1.20369360
1999  3 15     1.21808507
1999  3 16     1.07933533
1999  3 17     0.95638197
1999  3 18     1.18893367
1999  3 19     1.71161626
1999  3 20     2.98622988
1999  3 21     2.17658283
1999  3 22     1.28560658
1999  3 23     3.16436441
1999  3 24     3.00527441
1999  3 25     1.78216113
1999  3 26     2.01398521
1999  3 27     2.18993005
1999  3 28     1.82052584
1999  3 29     1.66414478
1999  3 30     1.68344699
1999  3 31     2.30698433
1999  4  1     1.49665445
1999  4  2     1.05407035
1999  4  3     0.93864610
1999  4  4     0.83255021
1999  4  5     0.91000019
1999  4  6     2.37268849
1999  4  7     1.27947307
1999  4  8     2.37202521
1999  4  9     4.58988045
1999  4 10     1.42236593
1999  4 11     1.08846931
1999  4 12     1.16330248
1999  4 13     1.67632705
1999  4 14     2.31297240
1999  4 15     3.57287644
1999  4 16     4.63432431
1999  4 17     5.07993807
1999  4 18     5.18265498
1999  4 19     5.19614545
1999  4 20     5.03701596
1999  4 21     4.54300953
1999  4 22     3.67564591
1999  4 23     2.76992135
1999  4 24     2.11071094
1999  4 25     2.02310324
1999  4 26     2.51636975
1999  4 27     2.74898078
1999  4 28     1.95521860
1999  4 29     1.26852946
1999  4 30     1.14813246
1999  5  1     1.38971162
1999  5  2     2.16342305
1999  5  3     2.45071827
1999  5  4     1.30313618
1999  5  5     1.05345051
1999  5  6     1.88651494
1999  5  7     3.14598628
1999  5  8     3.39278385
1999  5  9     2.88897209
1999  5 10     2.32902685
1999  5 11     2.71310797
1999  5 12     3.74953054
1999  5 13     4.23867463
1999  5 14     3.32100844
1999  5 15     1.92878924
1999  5 16     1.45150699
1999  5 17     1.94646648
1999  5 18     3.21369734
1999  5 19     3.84650670
1999  5 20     3.97957431
1999  5 21     4.07968095
1999  5 22     4.59574704
1999  5 23     5.69467287
1999  5 24     6.04302602
1999  5 25     5.78790204
1999  5 26     6.07215417
1999  5 27     6.57728136
1999  5 28     6.75111239
1999  5 29     6.45001501
1999  5 30     5.25408850
1999  5 31     4.44953952
1999  6  1     4.34675829
1999  6  2     4.23231590
1999  6  3     3.36287974
1999  6  4     1.83866587
1999  6  5     1.56990482
1999  6  6     2.45945389
1999  6  7     2.65630590
1999  6  8     2.11365319
1999  6  9     1.86670333
1999  6 10     2.04059125
1999  6 11     2.41997860
1999  6 12     2.73199224
1999  6 13     3.11777467
1999  6 14     3.07345610
1999  6 15     2.96365551
1999  6 16     2.80186493
1999  6 17     2.55868909
1999  6 18     2.47280538
1999  6 19     2.30368846
1999  6 20     1.93240021
1999  6 21     1.64530319
1999  6 22     1.49150308
1999  6 23     1.43320781
1999  6 24     1.40864379
1999  6 25     1.13877088
1999  6 26     0.85177641
1999  6 27     0.72422839
1999  6 28     0.60861279
1999  6 29     0.47211776
1999  6 30     0.38448558
1999  7  1     0.33293911
1999  7  2     0.29104852
1999  7  3     0.26215134
1999  7  4     0.24019382
1999  7  5     0.22133538
1999  7  6     0.20355486
1999  7  7     0.18635475
1999  7  8     0.17282560
1999  7  9     0.16166003
1999  7 10     0.15136145
1999  7 11     0.14243056
1999  7 12     0.20065412
1999  7 13     0.20784741
1999  7 14     0.16017423
1999  7 15     0.14052171
1999  7 16     0.11104549
1999  7 17     0.10706165
1999  7 18     0.10345152
1999  7 19     0.10616991
1999  7 20     0.10303629
1999  7 21     0.09330391
1999  7 22     0.09007568
1999  7 23     0.08615939
1999  7 24     0.08271869
1999  7 25     0.08019545
1999  7 26     0.08410092
1999  7 27     0.08134186
1999  7 28     0.07169007
1999  7 29     0.06918391
1999  7 30     0.06749661
1999  7 31     0.06601457
1999  8  1     0.06396409
1999  8  2     0.06214154
1999  8  3     0.06040403
1999  8  4     0.05876493
1999  8  5     0.05700944
1999  8  6     0.05541334
1999  8  7     0.06070485
1999  8  8     0.05868782
1999  8  9     0.05278436
1999  8 10     0.09713259
1999  8 11     0.09108880
1999  8 12     0.04980877
1999  8 13     0.04661730
1999  8 14     0.04487439
1999  8 15     0.04398571
1999  8 16     0.04379193
1999  8 17     0.04260643
1999  8 18     0.03951137
1999  8 19     0.03810582
1999  8 20     0.03709080
1999  8 21     0.03556498
1999  8 22     0.03442719
1999  8 23     0.03326749
1999  8 24     0.03218685
1999  8 25     0.03167781
1999  8 26     0.07321053
1999  8 27     0.08608927
1999  8 28     0.04220805
1999  8 29     0.02883856
1999  8 30     0.02790009
1999  8 31     0.03594278
1999  9  1     0.03651741
1999  9  2     0.02812597
1999  9  3     0.02750285
1999  9  4     0.02640539
1999  9  5     0.02487811
1999  9  6     0.02317104
1999  9  7     0.02179022
1999  9  8     0.02092571
1999  9  9     0.02019910
1999  9 10     0.01978634
1999  9 11     0.01960957
1999  9 12     0.01954600
1999  9 13     0.01894824
1999  9 14     0.01813118
1999  9 15     0.01772612
1999  9 16     0.01724848
1999  9 17     0.01641780
1999  9 18     0.02708762
1999  9 19     0.02645861
1999  9 20     0.08019468
1999  9 21     0.10117502
1999  9 22     0.03691437
1999  9 23     0.11403899
1999  9 24     0.09401986
1999  9 25     0.03891543
1999  9 26     0.07655105
1999  9 27     0.05921083
1999  9 28     0.01247806
1999  9 29     0.01259282
1999  9 30     0.01198779
1999 10  1     0.01099296
1999 10  2     0.01069163
1999 10  3     0.01076301
1999 10  4     0.01061475
1999 10  5     0.01022484
1999 10  6     0.01017622
1999 10  7     0.01124523
1999 10  8     0.01127183
1999 10  9     0.00962226
1999 10 10     0.00870007
1999 10 11     0.00834601
1999 10 12     0.00815615
1999 10 13     0.00797271
1999 10 14     0.00770775
1999 10 15     0.00758655
1999 10 16     0.00771296
1999 10 17     0.00807777
1999 10 18     0.00813636
1999 10 19     0.00776380
1999 10 20     0.00731891
1999 10 21     0.00693791
1999 10 22     0.00671856
1999 10 23     0.00650268
1999 10 24     0.00647199
1999 10 25     0.00649077
1999 10 26     0.00626501
1999 10 27     0.03419417
1999 10 28     0.86280986
1999 10 29     0.50457694
1999 10 30     0.03475930
1999 10 31     0.01821850
1999 11  1     0.00571351
1999 11  2     0.00544392
1999 11  3     0.00534219
1999 11  4     0.00521491
1999 11  5     0.00509060
1999 11  6     0.00488577
1999 11  7     0.01715972
1999 11  8     1.81072969
1999 11  9     0.95802602
1999 11 10     0.06241406
1999 11 11     0.03336014
1999 11 12     0.02375000
1999 11 13     0.01784401
1999 11 14     0.01584839
1999 11 15     0.03257606
1999 11 16     0.02732173
1999 11 17     1.86872916
1999 11 18     1.29480544
1999 11 19     0.46602299
1999 11 20     2.14419624
1999 11 21     1.55600007
1999 11 22     0.45308063
1999 11 23     0.32413218
1999 11 24     0.23002954
1999 11 25     0.16683434
1999 11 26     0.13054936
1999 11 27     0.10451571
1999 11 28     0.11557579
1999 11 29     0.09998746
1999 11 30     0.05917063
1999 12  1     0.42067543
1999 12  2     0.33043267
1999 12  3     0.09583746
1999 12  4     0.09138468
1999 12  5     0.06681413
1999 12  6     0.05071851
1999 12  7     0.04035621
1999 12  8     0.03483724
1999 12  9     0.03017522
1999 12 10     0.05022329
1999 12 11     0.02654826
1999 12 12     0.02025694
1999 12 13     0.02221472
1999 12 14     0.01794455
1999 12 15     0.01497547
1999 12 16     0.01324254
1999 12 17     0.01301824
1999 12 18     0.01389573
1999 12 19     0.01322383
1999 12 20     0.01202915
1999 12 21     0.01091138
1999 12 22     0.01052470
1999 12 23     0.00901393
1999 12 24     0.00746826
1999 12 25     0.00734113
1999 12 26     0.00709735
1999 12 27     0.00652042
1999 12 28     0.00611725
1999 12 29     0.00602683
1999 12 30     0.00573110
1999 12 31     0.00525663
2000  1  1     0.00541056
2000  1  2     0.01597778
2000  1  3     0.00892117
2000  1  4     0.00678913
2000  1  5     0.00669101
2000  1  6     0.00672868
2000  1  7     0.00716956
2000  1  8     0.00645263
2000  1  9     0.00593911
2000  1 10     0.00537892
2000  1 11     0.12791378
2000  1 12     0.69651260
2000  1 13     0.27840055
2000  1 14     0.05510486
2000  1 15     0.54070006
2000  1 16     1.33995920
2000  1 17     1.09199688
2000  1 18     5.26489952
2000  1 19     4.85780528
2000  1 20     2.77091599
2000  1 21     2.35891594
2000  1 22     1.29168239
2000  1 23     0.86287699
2000  1 24     7.89719154
2000  1 25    13.73072598
2000  1 26     6.85667444
2000  1 27     2.46744119
2000  1 28     1.67601738
2000  1 29     1.34358965
2000  1 30     1.17388178
2000  1 31     2.88971421
2000  2  1     1.69553099
2000  2  2     1.00076280
2000  2  3     0.91853033
2000  2  4     1.09954315
2000  2  5     0.84950724
2000  2  6     0.72643559
2000  2  7     0.72742427
2000  2  8     0.80446498
2000  2  9     0.87794338
2000  2 10     2.57872134
2000  2 11     3.75274384
2000  2 12     3.52216708
2000  2 13     4.19388220
2000  2 14    12.69808380
2000  2 15     7.33275088
2000  2 16     4.35466548
2000  2 17     3.89494541
2000  2 18     2.07248106
2000  2 19     1.61492812
2000  2 20     1.63727290
2000  2 21     3.56297897
2000  2 22     3.09661847
2000  2 23    10.76692704
2000  2 24     4.64213717
2000  2 25     2.08656803
2000  2 26     1.73971857
2000  2 27    12.06515430
2000  2 28    17.26431289
2000  2 29     5.92675988
2000  3  1     4.95242071
2000  3  2     2.96541072
2000  3  3     2.29237053
2000  3  4     2.08622456
2000  3  5     3.53183016
2000  3  6     4.32442576
2000  3  7     2.17279881
2000  3  8     5.87264926
2000  3  9     4.69941534
2000  3 10     2.39220051
2000  3 11     1.88521465
2000  3 12     1.92310244
2000  3 13     2.04302190
2000  3 14     2.25854795
2000  3 15     2.44911889
2000  3 16     2.63334310
2000  3 17     2.49541294
2000  3 18     2.50235117
2000  3 19     2.89904312
2000  3 20     2.69352986
2000  3 21     2.06165742
2000  3 22     2.04242859
2000  3 23     2.43358231
2000  3 24     2.57768788
2000  3 25     2.46062651
2000  3 26     2.58028338
2000  3 27     2.96295023
2000  3 28     2.63883876
2000  3 29     2.03576668
2000  3 30     1.98435844
2000  3 31     2.18919552
2000  4  1     2.26644473
2000  4  2     2.75535454
2000  4  3     3.46237333
2000  4  4     4.13369535
2000  4  5     4.28398989
2000  4  6     3.93397301
2000  4  7     3.73918730
2000  4  8     3.81439134
2000  4  9     3.38502053
2000  4 10     2.67080308
2000  4 11     2.74215117
2000  4 12     3.50770260
2000  4 13     7.08908014
2000  4 14     7.54095345
2000  4 15     3.48724424
2000  4 16     2.25353438
2000  4 17     3.66018210
2000  4 18     4.96768450
2000  4 19     2.37213301
2000  4 20     1.89519795
2000  4 21     2.43621325
2000  4 22     2.92301738
2000  4 23     2.57040847
2000  4 24     2.07751856
2000  4 25     2.55898320
2000  4 26     3.34146790
2000  4 27     4.30697713
2000  4 28     4.65496545
2000  4 29     3.25862965
2000  4 30     2.45011279
2000  5  1     3.70359168
2000  5  2     4.84182178
2000  5  3     5.07432859
2000  5  4     5.22962319
2000  5  5     5.29917932
2000  5  6     4.93661292
2000  5  7     6.33923097
2000  5  8    11.03481442
2000  5  9     8.39625020
2000  5 10     5.11200618
2000  5 11     3.63574282
2000  5 12     2.29575115
2000  5 13     2.28472585
2000  5 14     2.68990076
2000  5 15     3.19122770
2000  5 16     3.75977677
2000  5 17     2.68393094
2000  5 18     2.00237744
2000  5 19     3.04222871
2000  5 20     4.44491606
2000  5 21     5.46492023
2000  5 22     6.38866805
2000  5 23     6.87598521
2000  5 24     6.75361830
2000  5 25     6.12499468
2000  5 26     4.99657221
2000  5 27     4.37928071
2000  5 28     4.33182211
2000  5 29     4.07628032
2000  5 30     3.66336902
2000  5 31     3.11721647
2000  6  1     2.57195289
2000  6  2     2.38501740
2000  6  3     2.34623943
2000  6  4     2.38800463
2000  6  5     2.41130433
2000  6  6     2.02367789
2000  6  7     1.69714820
2000  6  8     2.43144058
2000  6  9     2.18082957
2000  6 10     1.27917989
2000  6 11     1.12903435
2000  6 12     1.14817204
2000  6 13     1.18536587
2000  6 14     1.29208437
2000  6 15     1.34977177
2000  6 16     1.15517699
2000  6 17     0.93468917
2000  6 18     0.70870044
2000  6 19     0.52214250
2000  6 20     0.43870809
2000  6 21     0.38346528
2000  6 22     0.34097257
2000  6 23     0.31904939
2000  6 24     0.30368836
2000  6 25     0.27659690
2000  6 26     0.25738940
2000  6 27     0.23469509
2000  6 28     0.22411833
2000  6 29     0.36430583
2000  6 30     0.30512511
2000  7  1     0.18463589
2000  7  2     0.17542204
2000  7  3     0.16787826
2000  7  4     0.16182539
2000  7  5     0.15520283
2000  7  6     0.14892872
2000  7  7     0.14245031
2000  7  8     0.13673969
2000  7  9     0.13133272
2000  7 10     0.12580597
2000  7 11     0.11954224
2000  7 12     0.11418052
2000  7 13     0.11020373
2000  7 14     0.10674286
2000  7 15     0.10221206
2000  7 16     0.09805959
2000  7 17     0.09580803
2000  7 18     0.09377393
2000  7 19     0.09046933
2000  7 20     0.08682205
2000  7 21     0.08325750
2000  7 22     0.08030658
2000  7 23     0.07791211
2000  7 24     0.07546065
2000  7 25     0.07306248
2000  7 26     0.07090123
2000  7 27     0.06899814
2000  7 28     0.06711236
2000  7 29     0.06507802
2000  7 30     0.06297558
2000  7 31     0.06091738
2000  8  1     0.06205584
2000  8  2     0.06143274
2000  8  3     0.10358721
2000  8  4     0.13361080
2000  8  5     0.08157177
2000  8  6     0.05149851
2000  8  7     0.04990663
2000  8  8     0.04863832
2000  8  9     0.04748798
2000  8 10     0.04631814
2000  8 11     0.04519240
2000  8 12     0.04384804
2000  8 13     0.04243233
2000  8 14     0.04114830
2000  8 15     0.03993628
2000  8 16     0.03868885
2000  8 17     0.03749570
2000  8 18     0.03663343
2000  8 19     0.03612604
2000  8 20     0.03537375
2000  8 21     0.03424712
2000  8 22     0.03327240
2000  8 23     0.03216558
2000  8 24     0.03121174
2000  8 25     0.03051092
2000  8 26     0.04093854
2000  8 27     0.04183385
2000  8 28     0.04867941
2000  8 29     0.05084479
2000  8 30     0.09698615
2000  8 31     0.08800299
2000  9  1     0.14454869
2000  9  2     1.14032778
2000  9  3     0.67607687
2000  9  4     0.04457998
2000  9  5     0.03765550
2000  9  6     0.03247147
2000  9  7     0.02887674
2000  9  8     0.02609040
2000  9  9     0.02410288
2000  9 10     0.02276329
2000  9 11     0.02163443
2000  9 12     0.02067093
2000  9 13     0.01982080
2000  9 14     0.01892059
2000  9 15     0.01831115
2000  9 16     0.01789392
2000  9 17     0.01731039
2000  9 18     0.01662251
2000  9 19     0.01599695
2000  9 20     0.01546285
2000  9 21     0.01499089
2000  9 22     0.01906939
2000  9 23     0.02926813
2000  9 24     0.02685911
2000  9 25     0.01403470
2000  9 26     0.01351745
2000  9 27     0.01307006
2000  9 28     0.01270496
2000  9 29     0.01247121
2000  9 30     0.01209577
2000 10  1     0.01158843
2000 10  2     0.01120583
2000 10  3     0.01096325
2000 10  4     0.01089740
2000 10  5     0.01071590
2000 10  6     0.01028212
2000 10  7     0.01028677
2000 10  8     0.02733168
2000 10  9     0.06008060
2000 10 10     0.93618236
2000 10 11     0.57145411
2000 10 12     0.12606775
2000 10 13     0.04468928
2000 10 14     0.05697264
2000 10 15     0.10984751
2000 10 16     0.07972937
2000 10 17     0.03036572
2000 10 18     0.02642659
2000 10 19     0.02632759
2000 10 20     0.02326140
2000 10 21     0.02595623
2000 10 22     0.11820509
2000 10 23     0.08540280
2000 10 24     0.04334976
2000 10 25     0.05618237
2000 10 26     0.44308950
2000 10 27     0.70176347
2000 10 28     0.14224908
2000 10 29     2.13348127
2000 10 30     1.45672293
2000 10 31     0.20292607
2000 11  1     0.09823652
2000 11  2     0.09301855
2000 11  3     0.12019071
2000 11  4     0.12336992
2000 11  5     0.11800863
2000 11  6     0.13214461
2000 11  7     0.09621417
2000 11  8     0.05878944
2000 11  9     0.05891126
2000 11 10     0.12085028
2000 11 11     0.07546901
2000 11 12     0.03181085
2000 11 13     0.02414642
2000 11 14     0.03561209
2000 11 15     0.02490635
2000 11 16     0.01729553
2000 11 17     0.01609120
2000 11 18     0.01528268
2000 11 19     0.01536185
2000 11 20     0.02045260
2000 11 21     0.02809650
2000 11 22     0.03123123
2000 11 23     0.01961892
2000 11 24     0.01756526
2000 11 25     0.02461583
2000 11 26     0.03538850
2000 11 27     0.03495288
2000 11 28     0.04279943
2000 11 29     0.49051296
2000 11 30     1.13994169
2000 12  1     0.55537970
2000 12  2     0.16979690
2000 12  3     0.12129869
2000 12  4     0.08809088
2000 12  5     0.07498282
2000 12  6     0.07529685
2000 12  7     0.07297664
2000 12  8     0.07264438
2000 12  9     0.09455981
2000 12 10     0.06976885
2000 12 11     0.04252423
2000 12 12     0.43184763
2000 12 13     0.23715205
2000 12 14     0.38938461
2000 12 15     0.49962324
2000 12 16     0.23936246
2000 12 17     0.08557813
2000 12 18     0.06481600
2000 12 19     0.04982095
2000 12 20     0.04225827
2000 12 21     0.03809589
2000 12 22     0.03565334
2000 12 23     0.02746621
2000 12 24     0.01964526
2000 12 25     0.01767213
2000 12 26     0.01626517
2000 12 27     0.01439288
2000 12 28     0.01332083
2000 12 29     0.01716202
2000 12 30     0.02248870
2000 12 31     0.02094821
2001  1  1     0.01603816
2001  1  2     0.01518394
2001  1  3     0.01544165
2001  1  4     0.02070465
2001  1  5     0.02401092
2001  1  6     0.02266653
2001  1  7     0.02115447
2001  1  8     0.22709368
2001  1  9     0.39417901
2001  1 10     0.10573241
2001  1 11     2.26725416
2001  1 12     0.70595896
2001  1 13     0.04238322
2001  1 14     0.01456263
2001  1 15     0.01328388
2001  1 16     0.01193428
2001  1 17     0.01084455
2001  1 18     0.00998596
2001  1 19     0.01199802
2001  1 20     0.01139709
2001  1 21     0.01146811
2001  1 22     0.01489900
2001  1 23     0.01622000
2001  1 24     2.26436207
2001  1 25     1.30515041
2001  1 26     0.93652631
2001  1 27     0.25322530
2001  1 28     0.10670501
2001  1 29     0.09270293
2001  1 30     0.09681737
2001  1 31     0.06771886
2001  2  1     0.06087965
2001  2  2     0.05740164
2001  2  3     0.06755463
2001  2  4     0.10359349
2001  2  5     0.18066631
2001  2  6     0.19323427
2001  2  7     0.15488850
2001  2  8     0.10104309
2001  2  9     0.08239072
2001  2 10     1.10683756
2001  2 11     1.10242618
2001  2 12     0.84441795
2001  2 13     0.20203037
2001  2 14     0.14429570
2001  2 15     0.11773012
2001  2 16     0.13155835
2001  2 17     0.16979455
2001  2 18     0.21151575
2001  2 19     0.60533033
2001  2 20     2.08955220
2001  2 21     0.89768574
2001  2 22     0.47648957
2001  2 23     1.16387980
2001  2 24     0.75468805
2001  2 25     1.35604460
2001  2 26     0.98069949
2001  2 27     0.47136081
2001  2 28     0.43098837
2001  3  1     0.83402145
2001  3  2     0.72121467
2001  3  3     0.94383038
2001  3  4     1.32427436
2001  3  5     5.52868934
2001  3  6     3.19601591
2001  3  7     1.19242949
2001  3  8     0.98793102
2001  3  9     0.98461412
2001  3 10     0.79292168
2001  3 11     0.64849718
2001  3 12     0.65468960
2001  3 13     0.69421744
2001  3 14     0.83009188
2001  3 15     0.92457136
2001  3 16     0.90560770
2001  3 17     0.94891703
2001  3 18     1.12589522
2001  3 19     1.56998754
2001  3 20     2.17644170
2001  3 21     2.81390572
2001  3 22     3.23201361
2001  3 23     3.24105818
2001  3 24     3.21351059
2001  3 25     4.40387161
2001  3 26     3.65861533
2001  3 27     2.76809668
2001  3 28     3.20288871
2001  3 29     3.68154012
2001  3 30     3.67146303
2001  3 31     4.04705002
2001  4  1     4.09516779
2001  4  2     3.36656505
2001  4  3     2.13627808
2001  4  4     1.37468766
2001  4  5     1.12874236
2001  4  6     0.93496652
2001  4  7     2.21558339
2001  4  8     1.38019326
2001  4  9     0.80654537
2001  4 10     0.76771845
2001  4 11     0.69724608
2001  4 12     1.12791787
2001  4 13     0.83631380
2001  4 14     0.68241363
2001  4 15     0.69284309
2001  4 16     1.08364966
2001  4 17     2.17243548
2001  4 18     2.72431577
2001  4 19     6.38748714
2001  4 20     6.11936459
2001  4 21     4.50432273
2001  4 22     2.90591688
2001  4 23     1.83428901
2001  4 24     2.61091842
2001  4 25     4.56371509
2001  4 26     6.03676114
2001  4 27     6.16132370
2001  4 28     5.81928692
2001  4 29     4.52335924
2001  4 30     3.86059571
2001  5  1     5.12530201
2001  5  2     5.42470419
2001  5  3     4.07739813
2001  5  4     3.15872218
2001  5  5     3.50086648
2001  5  6     4.27748296
2001  5  7     5.06218824
2001  5  8     5.90258588
2001  5  9     6.27553874
2001  5 10     6.30095243
2001  5 11     6.44984991
2001  5 12     6.73144511
2001  5 13     6.07207938
2001  5 14     4.68499499
2001  5 15     4.51091014
2001  5 16     4.60741252
2001  5 17     4.15675191
2001  5 18     3.76480982
2001  5 19     3.46306994
2001  5 20     3.34454888
2001  5 21     3.40558597
2001  5 22     3.13721641
2001  5 23     2.76410072
2001  5 24     2.58190759
2001  5 25     2.17693470
2001  5 26     1.65447563
2001  5 27     1.35238937
2001  5 28     1.07581599
2001  5 29     0.85301096
2001  5 30     0.72162784
2001  5 31     0.61996080
2001  6  1     0.54943775
2001  6  2     0.49019183
2001  6  3     0.44530586
2001  6  4     0.40730408
2001  6  5     0.37524588
2001  6  6     0.34703660
2001  6  7     0.32150967
2001  6  8     0.29886163
2001  6  9     0.28049089
2001  6 10     0.26456369
2001  6 11     0.25027895
2001  6 12     0.23740271
2001  6 13     0.22660663
2001  6 14     0.21569279
2001  6 15     0.20412440
2001  6 16     0.19371341
2001  6 17     0.18472882
2001  6 18     0.17687674
2001  6 19     0.16981769
2001  6 20     0.16306998
2001  6 21     0.15669103
2001  6 22     0.15074794
2001  6 23     0.14532403
2001  6 24     0.14064101
2001  6 25     0.13646653
2001  6 26     0.13312172
2001  6 27     0.12820966
2001  6 28     0.12393415
2001  6 29     0.11985659
2001  6 30     0.11567534
2001  7  1     0.11240186
2001  7  2     0.19699181
2001  7  3     0.19816078
2001  7  4     0.12114271
2001  7  5     0.61601208
2001  7  6     0.49944203
2001  7  7     0.40279744
2001  7  8     0.38351912
2001  7  9     0.19089087
2001  7 10     0.21849098
2001  7 11     0.19589341
2001  7 12     0.13785851
2001  7 13     0.11811762
2001  7 14     0.10242438
2001  7 15     0.09375980
2001  7 16     0.08660281
2001  7 17     0.08129015
2001  7 18     0.07705229
2001  7 19     0.07338843
2001  7 20     0.07018239
2001  7 21     0.06735772
2001  7 22     0.06483703
2001  7 23     0.06428858
2001  7 24     0.06433360
2001  7 25     0.05960029
2001  7 26     0.05578717
2001  7 27     0.05379437
2001  7 28     0.05198185
2001  7 29     0.05039101
2001  7 30     0.04891381
2001  7 31     0.04767630
2001  8  1     0.04748662
2001  8  2     0.04624794
2001  8  3     0.04326471
2001  8  4     0.04222536
2001  8  5     0.04112371
2001  8  6     0.03979517
2001  8  7     0.03994666
2001  8  8     0.04868726
2001  8  9     0.06926223
2001  8 10     0.05922536
2001  8 11     0.03512108
2001  8 12     0.03374401
2001  8 13     0.03457355
2001  8 14     0.03357209
2001  8 15     0.03013775
2001  8 16     0.02982479
2001  8 17     0.02900217
2001  8 18     0.02742519
2001  8 19     0.02664800
2001  8 20     0.02694118
2001  8 21     0.02663633
2001  8 22     0.02493213
2001  8 23     0.02460195
2001  8 24     0.02447966
2001  8 25     0.02356459
2001  8 26     0.02203747
2001  8 27     0.02171837
2001  8 28     0.02248202
2001  8 29     0.02149804
2001  8 30     0.01957255
2001  8 31     0.02143855
2001  9  1     0.03086085
2001  9  2     0.02887967
2001  9  3     0.02975308
2001  9  4     0.03794308
2001  9  5     0.02746060
2001  9  6     0.01951070
2001  9  7     0.01722469
2001  9  8     0.01536801
2001  9  9     0.01486778
2001  9 10     0.02019669
2001  9 11     0.02492463
2001  9 12     0.02930205
2001  9 13     0.02627618
2001  9 14     0.01458790
2001  9 15     0.01418584
2001  9 16     0.01413306
2001  9 17     0.01271269
2001  9 18     0.01257446
2001  9 19     0.01120001
2001  9 20     0.01084134
2001  9 21     0.01516515
2001  9 22     0.01646475
2001  9 23     0.01178093
2001  9 24     0.01703556
2001  9 25     0.43051196
2001  9 26     0.30290136
2001  9 27     0.01752736
2001  9 28     0.01183395
2001  9 29     0.01061485
2001  9 30     0.00843266
2001 10  1     0.00800594
2001 10  2     0.00771637
2001 10  3     0.00751879
2001 10  4     0.00734685
2001 10  5     0.00720550
2001 10  6     0.00719827
2001 10  7     0.00718584
2001 10  8     0.00701488
2001 10  9     0.00688509
2001 10 10     0.00673324
2001 10 11     0.01379508
2001 10 12     0.02563069
2001 10 13     0.01849041
2001 10 14     0.00585519
2001 10 15     0.00560415
2001 10 16     0.01521950
2001 10 17     0.01553821
2001 10 18     0.00520623
2001 10 19     0.00508481
2001 10 20     0.00495651
2001 10 21     0.00484667
2001 10 22     0.00476064
2001 10 23     0.00467809
2001 10 24     0.00460688
2001 10 25     0.00448621
2001 10 26     0.00430783
2001 10 27     0.00892308
2001 10 28     0.00907360
2001 10 29     0.00400865
2001 10 30     0.47537293
2001 10 31     1.11373449
2001 11  1     0.32491801
2001 11  2     0.02868772
2001 11  3     0.04565507
2001 11  4     0.06431670
2001 11  5     0.08636743
2001 11  6     0.09110149
2001 11  7     0.06688378
2001 11  8     0.04109948
2001 11  9     0.03452186
2001 11 10     0.02712441
2001 11 11     0.27304530
2001 11 12     0.21769064
2001 11 13     2.91340788
2001 11 14     1.71052821
2001 11 15     0.28512889
2001 11 16     0.22047529
2001 11 17     0.15392008
2001 11 18     0.11230535
2001 11 19     0.08368260
2001 11 20     0.07004541
2001 11 21     0.19227005
2001 11 22     4.13383144
2001 11 23     3.36441083
2001 11 24     1.49332914
2001 11 25     2.50557361
2001 11 26     1.02307653
2001 11 27     0.39395383
2001 11 28     0.28778017
2001 11 29     0.74611862
2001 11 30     0.41799384
2001 12  1     0.34495454
2001 12  2     1.27865623
2001 12  3     2.55469917
2001 12  4     0.84239397
2001 12  5     0.24210348
2001 12  6     0.24327017
2001 12  7     0.19161662
2001 12  8     0.16279828
2001 12  9     0.23755971
2001 12 10     0.18606252
2001 12 11     0.13784043
2001 12 12     0.12868716
2001 12 13     0.11824339
2001 12 14     1.27474505
2001 12 15     0.58251295
2001 12 16     0.20649674
2001 12 17     0.21596247
2001 12 18     0.58982573
2001 12 19     0.26114525
2001 12 20     1.22320344
2001 12 21     1.36336571
2001 12 22     0.44834683
2001 12 23     0.92893709
2001 12 24     0.44829067
2001 12 25     0.25426880
2001 12 26     0.23604580
2001 12 27     0.22029255
2001 12 28     0.26679987
2001 12 29     4.49286525
2001 12 30     3.03701562
2001 12 31     3.66740027
2002  1  1     1.83930612
2002  1  2     1.78050262
2002  1  3     4.62526266
2002  1  4     2.24619743
2002  1  5     1.04099771
2002  1  6     0.91040114
2002  1  7     0.85847421
2002  1  8     0.74509290
2002  1  9     0.64123534
2002  1 10     0.58933964
2002  1 11     0.54454377
2002  1 12     0.50531653
2002  1 13     0.48079716
2002  1 14     0.45103472
2002  1 15     0.41611026
2002  1 16     0.38882503
2002  1 17     0.36737094
2002  1 18     0.34890235
2002  1 19     0.33248417
2002  1 20     0.31792074
2002  1 21     0.30494319
2002  1 22     0.41378907
2002  1 23     0.30867532
2002  1 24     0.27594610
2002  1 25     0.26751805
2002  1 26     0.29945035
2002  1 27     1.98243544
2002  1 28     0.93176935
2002  1 29     0.47330863
2002  1 30     0.37140071
2002  1 31     0.32650285
2002  2  1     0.29904395
2002  2  2     0.28961956
2002  2  3     0.29924826
2002  2  4     0.30075815
2002  2  5     0.31397537
2002  2  6     0.32793293
2002  2  7     0.40297172
2002  2  8     3.24709086
2002  2  9     2.00396339
2002  2 10     0.77812102
2002  2 11     0.71382926
2002  2 12     0.66619285
2002  2 13     0.68403173
2002  2 14     0.68202173
2002  2 15     0.72925488
2002  2 16     0.70608047
2002  2 17     4.49282467
2002  2 18     3.40134652
2002  2 19     1.29006448
2002  2 20     2.62240787
2002  2 21     1.72683384
2002  2 22     1.21320034
2002  2 23     1.47782724
2002  2 24     1.23820871
2002  2 25     1.01769059
2002  2 26     1.20448115
2002  2 27     1.49635257
2002  2 28     1.57422540
2002  3  1     1.21318941
2002  3  2     0.82847050
2002  3  3     0.66436299
2002  3  4     0.58297030
2002  3  5     0.56289733
2002  3  6     1.36908099
2002  3  7     4.00515546
2002  3  8     3.07919895
2002  3  9     1.17352828
2002  3 10     0.96112120
2002  3 11     1.38941222
2002  3 12     1.12952968
2002  3 13     0.81778828
2002  3 14     0.65446417
2002  3 15     0.57870777
2002  3 16     0.61918012
2002  3 17     0.63785267
2002  3 18     0.74244019
2002  3 19     0.55883979
2002  3 20     0.65284440
2002  3 21     1.20617569
2002  3 22     1.93129175
2002  3 23     5.24636278
2002  3 24     5.46217088
2002  3 25     2.14456180
2002  3 26     1.32809063
2002  3 27     1.17319767
2002  3 28     1.63787362
2002  3 29     2.48888369
2002  3 30     2.89257004
2002  3 31     3.11137934
2002  4  1     3.54737437
2002  4  2     4.02797246
2002  4  3     4.37106834
2002  4  4     4.40819250
2002  4  5     4.08758033
2002  4  6     3.29304259
2002  4  7     2.37307354
2002  4  8     2.27981134
2002  4  9     2.87496331
2002  4 10     3.17593894
2002  4 11     3.28491642
2002  4 12     3.55352901
2002  4 13     3.97841394
2002  4 14     4.89906221
2002  4 15     4.44664284
2002  4 16     2.59388706
2002  4 17     1.84344409
2002  4 18     1.35387234
2002  4 19     1.01697225
2002  4 20     0.84668001
2002  4 21     0.77441049
2002  4 22     1.04813818
2002  4 23     2.18580555
2002  4 24     3.46766375
2002  4 25     4.22010049
2002  4 26     5.49708964
2002  4 27     4.11125773
2002  4 28     1.96345249
2002  4 29     1.67906293
2002  4 30     2.08192177
2002  5  1     1.37210888
2002  5  2     0.93008627
2002  5  3     1.10144633
2002  5  4     1.90314163
2002  5  5     2.63352802
2002  5  6     3.15739444
2002  5  7     3.42640863
2002  5  8     2.93124668
2002  5  9     2.45128452
2002  5 10     2.33765195
2002  5 11     1.77515627
2002  5 12     1.69890522
2002  5 13     2.52062199
2002  5 14     3.42721456
2002  5 15     3.81843513
2002  5 16     3.90327918
2002  5 17     4.24059169
2002  5 18     4.61380271
2002  5 19     4.46811371
2002  5 20     6.82663032
2002  5 21     6.06071873
2002  5 22     2.48318605
2002  5 23     2.25654983
2002  5 24     2.92004434
2002  5 25     3.53175154
2002  5 26     3.89118723
2002  5 27     3.84409905
2002  5 28     3.59407681
2002  5 29     3.56465993
2002  5 30     3.90524749
2002  5 31     4.21805708
2002  6  1     4.30392428
2002  6  2     3.39123400
2002  6  3     2.51576962
2002  6  4     2.36666041
2002  6  5     2.20784129
2002  6  6     2.12435642
2002  6  7     2.03929192
2002  6  8     1.79530369
2002  6  9     1.40302773
2002  6 10     1.10528224
2002  6 11     1.03993760
2002  6 12     0.98715996
2002  6 13     0.94400807
2002  6 14     0.86235832
2002  6 15     0.75472232
2002  6 16     0.66566122
2002  6 17     0.54477470
2002  6 18     0.45367926
2002  6 19     0.37976992
2002  6 20     0.31538808
2002  6 21     0.29378810
2002  6 22     0.26995520
2002  6 23     0.23496874
2002  6 24     0.20976162
2002  6 25     0.19084028
2002  6 26     0.17678836
2002  6 27     0.16500158
2002  6 28     0.15500463
2002  6 29     0.14607053
2002  6 30     0.13802950
2002  7  1     0.13052421
2002  7  2     0.12360044
2002  7  3     0.11795148
2002  7  4     0.11287043
2002  7  5     0.10806355
2002  7  6     0.10353636
2002  7  7     0.09932031
2002  7  8     0.09548761
2002  7  9     0.09188623
2002  7 10     0.09000930
2002  7 11     0.09031798
2002  7 12     0.08529165
2002  7 13     0.08578314
2002  7 14     0.08855723
2002  7 15     0.07935512
2002  7 16     0.07281191
2002  7 17     0.07084519
2002  7 18     0.06863852
2002  7 19     0.10903242
2002  7 20     0.10792965
2002  7 21     0.06175836
2002  7 22     0.05994255
2002  7 23     0.05832863
2002  7 24     0.05656827
2002  7 25     0.05480012
2002  7 26     0.05326467
2002  7 27     0.05174672
2002  7 28     0.05020359
2002  7 29     0.04873663
2002  7 30     0.04733159
2002  7 31     0.04592472
2002  8  1     0.04460863
2002  8  2     0.04882092
2002  8  3     0.04706098
2002  8  4     0.04123586
2002  8  5     0.04010643
2002  8  6     0.03905172
2002  8  7     0.03800982
2002  8  8     0.03762080
2002  8  9     0.03659524
2002  8 10     0.03453123
2002  8 11     0.03345757
2002  8 12     0.03239189
2002  8 13     0.03139406
2002  8 14     0.03043859
2002  8 15     0.02954465
2002  8 16     0.02870453
2002  8 17     0.02787989
2002  8 18     0.02719167
2002  8 19     0.02655602
2002  8 20     0.02593991
2002  8 21     0.02544692
2002  8 22     0.02485043
2002  8 23     0.02414962
2002  8 24     0.02347653
2002  8 25     0.02275220
2002  8 26     0.02202415
2002  8 27     0.02329349
2002  8 28     0.02579103
2002  8 29     0.02722285
2002  8 30     0.02311548
2002  8 31     0.02236648
2002  9  1     0.02163545
2002  9  2     0.01778155
2002  9  3     0.01717447
2002  9  4     0.03019780
2002  9  5     0.04389291
2002  9  6     0.13238133
2002  9  7     0.19396572
2002  9  8     0.08274970
2002  9  9     0.01538117
2002  9 10     0.01474226
2002  9 11     0.01412964
2002  9 12     0.01363386
2002  9 13     0.01335437
2002  9 14     0.01293953
2002  9 15     0.01232346
2002  9 16     0.01212168
2002  9 17     0.01204637
2002  9 18     0.01177404
2002  9 19     0.01134036
2002  9 20     0.01087284
2002  9 21     0.01047664
2002  9 22     0.01015559
2002  9 23     0.00985677
2002  9 24     0.00956610
2002  9 25     0.00931760
2002  9 26     0.00908875
2002  9 27     0.00889259
2002  9 28     0.02886326
2002  9 29     0.08450798
2002  9 30     0.06412632
2002 10  1     0.08433719
2002 10  2     0.08056308
2002 10  3     0.02513347
2002 10  4     0.00896356
2002 10  5     0.00864203
2002 10  6     0.00732352
2002 10  7     0.00699478
2002 10  8     0.00673332
2002 10  9     0.01111900
2002 10 10     0.01114439
2002 10 11     0.00631383
2002 10 12     0.00626328
2002 10 13     0.00605344
2002 10 14     0.00580222
2002 10 15     0.00563506
2002 10 16     0.00553398
2002 10 17     0.00554470
2002 10 18     0.00546603
2002 10 19     0.00534642
2002 10 20     0.00519806
2002 10 21     0.00505375
2002 10 22     0.00497296
2002 10 23     0.00980842
2002 10 24     0.00997044
2002 10 25     0.00476930
2002 10 26     0.00469337
2002 10 27     0.00459694
2002 10 28     0.00693254
2002 10 29     0.00700874
2002 10 30     0.00430587
2002 10 31     0.01047404
2002 11  1     0.01537406
2002 11  2     0.00927283
2002 11  3     0.00592990
2002 11  4     0.12478612
2002 11  5     0.40813753
2002 11  6     0.33739168
2002 11  7     0.34388184
2002 11  8     7.18594511
2002 11  9    15.08278594
2002 11 10     8.40313686
2002 11 11     2.42441255
2002 11 12     1.55150592
2002 11 13     1.12574952
2002 11 14     0.83278967
2002 11 15     0.62400652
2002 11 16     0.49417318
2002 11 17     0.42591377
2002 11 18     0.34398305
2002 11 19     0.27934967
2002 11 20     0.26007294
2002 11 21     0.24459838
2002 11 22     0.22178102
2002 11 23     0.18839424
2002 11 24     0.15166732
2002 11 25     0.12279334
2002 11 26     0.10329530
2002 11 27     0.08521390
2002 11 28     0.07204638
2002 11 29     0.06148069
2002 11 30     0.05454855
2002 12  1     0.04783547
2002 12  2     0.04011187
2002 12  3     0.03519184
2002 12  4     0.03101450
2002 12  5     0.02744586
2002 12  6     0.02439811
2002 12  7     0.02180243
2002 12  8     0.01958594
2002 12  9     0.01805991
2002 12 10     0.01891844
2002 12 11     0.01686007
2002 12 12     0.01674189
2002 12 13     0.23786831
2002 12 14     2.16145687
2002 12 15     3.80948772
2002 12 16     3.95315827
2002 12 17     3.98171383
2002 12 18     1.84793511
2002 12 19     0.69568556
2002 12 20     2.21422931
2002 12 21     1.56047075
2002 12 22     0.64421682
2002 12 23     0.40468372
2002 12 24     0.35660313
2002 12 25     0.31916880
2002 12 26     0.29058047
2002 12 27     0.26949502
2002 12 28     0.29088123
2002 12 29     3.96659699
2002 12 30     2.09880776
2002 12 31     1.83580344
2003  1  1     1.06418634
2003  1  2     0.62700506
2003  1  3     0.53871256
2003  1  4     0.48049366
2003  1  5     0.44526069
2003  1  6     0.42004811
2003  1  7     0.38141496
2003  1  8     0.37233136
2003  1  9     0.38877383
2003  1 10     2.55962006
2003  1 11     2.92634058
2003  1 12     1.51116782
2003  1 13     0.90927045
2003  1 14     0.78975228
2003  1 15     0.66804173
2003  1 16     0.61141567
2003  1 17     0.60520454
2003  1 18     0.61515832
2003  1 19     0.62802531
2003  1 20     0.61047799
2003  1 21     0.62753425
2003  1 22     0.64920461
2003  1 23     0.82864506
2003  1 24     0.88927342
2003  1 25     0.83139195
2003  1 26     0.80587863
2003  1 27     0.91890957
2003  1 28     0.92723485
2003  1 29     0.77711467
2003  1 30     0.81844733
2003  1 31     0.97714717
2003  2  1     0.89128869
2003  2  2     0.65641629
2003  2  3     0.49802462
2003  2  4     0.42710674
2003  2  5     0.37322058
2003  2  6     0.32675780
2003  2  7     0.29420809
2003  2  8     0.27083318
2003  2  9     0.25398976
2003  2 10     0.23922097
2003  2 11     0.24744066
2003  2 12     0.27684280
2003  2 13     1.61642890
2003  2 14     1.63672716
2003  2 15     0.82644753
2003  2 16     1.53434274
2003  2 17     0.90780025
2003  2 18     0.48320691
2003  2 19     0.44431354
2003  2 20     0.53996313
2003  2 21     0.37662577
2003  2 22     0.33368118
2003  2 23     0.35204998
2003  2 24     0.45942776
2003  2 25     0.80542020
2003  2 26     0.54992776
2003  2 27     0.56100062
2003  2 28     0.44992656
2003  3  1     0.32484814
2003  3  2     0.29294176
2003  3  3     0.26186444
2003  3  4     0.34026645
2003  3  5     0.27517437
2003  3  6     0.22722757
2003  3  7     0.26047987
2003  3  8     0.32661558
2003  3  9     0.51798441
2003  3 10     0.72883641
2003  3 11     0.85476571
2003  3 12     0.96848274
2003  3 13     1.18379645
2003  3 14     1.48744775
2003  3 15     9.87493996
2003  3 16     9.19882565
2003  3 17     3.00052057
2003  3 18     1.94222932
2003  3 19     1.43925712
2003  3 20     1.44344075
2003  3 21     1.19522508
2003  3 22     1.11483124
2003  3 23     1.78956752
2003  3 24     2.08121075
2003  3 25     1.33352043
2003  3 26     2.18709119
2003  3 27     1.97256249
2003  3 28     1.12496481
2003  3 29     1.10914365
2003  3 30     1.40042068
2003  3 31     2.16263528
2003  4  1     3.40995898
2003  4  2     4.24785791
2003  4  3     2.69764507
2003  4  4     1.92130383
2003  4  5     1.83706702
2003  4  6     1.09214929
2003  4  7     1.02249200
2003  4  8     1.26297821
2003  4  9     2.29370918
2003  4 10     3.07561245
2003  4 11     2.80648183
2003  4 12     2.61229101
2003  4 13    10.11942702
2003  4 14    10.54800190
2003  4 15     4.22110181
2003  4 16     2.42481418
2003  4 17     2.19177744
2003  4 18     2.17611284
2003  4 19     1.80535589
2003  4 20     1.79818200
2003  4 21     2.44051564
2003  4 22     2.34376635
2003  4 23     1.42254423
2003  4 24     1.72307951
2003  4 25     4.46869206
2003  4 26     4.15651921
2003  4 27     2.24834250
2003  4 28     4.51827525
2003  4 29     3.20514175
2003  4 30     1.85719643
2003  5  1     1.59070133
2003  5  2     2.00228435
2003  5  3     3.72808893
2003  5  4     7.25733215
2003  5  5     4.32737905
2003  5  6     2.39740558
2003  5  7     3.09141517
2003  5  8     3.28639104
2003  5  9     2.84812094
2003  5 10     1.98051936
2003  5 11     1.93603211
2003  5 12     2.77339722
2003  5 13     4.51315417
2003  5 14     5.80457313
2003  5 15     5.42910889
2003  5 16     5.10242206
2003  5 17     5.63187034
2003  5 18     5.51710177
2003  5 19     5.23018274
2003  5 20     5.78840709
2003  5 21     6.65605183
2003  5 22     7.32191196
2003  5 23     7.87371464
2003  5 24     8.04223513
2003  5 25     7.79833581
2003  5 26     7.04366672
2003  5 27     6.72271482
2003  5 28     7.42039692
2003  5 29     7.93804156
2003  5 30     7.38399096
2003  5 31     6.14273520
2003  6  1     5.19687389
2003  6  2     4.91744807
2003  6  3     4.71324164
2003  6  4     4.31500696
2003  6  5     3.92499792
2003  6  6     3.64710119
2003  6  7     3.28134338
2003  6  8     2.64303030
2003  6  9     2.17985289
2003  6 10     1.96553791
2003  6 11     1.62631704
2003  6 12     1.31883286
2003  6 13     1.12158197
2003  6 14     0.91933703
2003  6 15     0.76578947
2003  6 16     0.67790438
2003  6 17     0.60584996
2003  6 18     0.54788411
2003  6 19     0.50309608
2003  6 20     0.46604865
2003  6 21     0.43394126
2003  6 22     0.40569369
2003  6 23     0.39268094
2003  6 24     0.38988670
2003  6 25     0.35706812
2003  6 26     0.31722621
2003  6 27     0.29810866
2003  6 28     0.28138407
2003  6 29     0.26751369
2003  6 30     0.25714128
2003  7  1     0.24687715
2003  7  2     0.23912151
2003  7  3     0.22899061
2003  7  4     0.21678649
2003  7  5     0.20779160
2003  7  6     0.19941629
2003  7  7     0.19251380
2003  7  8     0.18619836
2003  7  9     0.17917007
2003  7 10     0.17234300
2003  7 11     0.16624613
2003  7 12     0.16034636
2003  7 13     0.15547593
2003  7 14     0.15079123
2003  7 15     0.14564914
2003  7 16     0.14114406
2003  7 17     0.13667101
2003  7 18     0.18076209
2003  7 19     0.19238193
2003  7 20     0.24223472
2003  7 21     0.20406826
2003  7 22     0.12055320
2003  7 23     0.11732775
2003  7 24     0.16556254
2003  7 25     0.17438235
2003  7 26     0.12885315
2003  7 27     0.20078730
2003  7 28     0.23093173
2003  7 29     0.33460701
2003  7 30     0.36207091
2003  7 31     0.41381220
2003  8  1     0.69737991
2003  8  2     1.23516585
2003  8  3     1.48011392
2003  8  4     0.76049213
2003  8  5     0.29948760
2003  8  6     0.25158422
2003  8  7     0.19639831
2003  8  8     0.16047447
2003  8  9     0.13536111
2003  8 10     0.11861083
2003  8 11     0.10637917
2003  8 12     0.09708679
2003  8 13     0.08973476
2003  8 14     0.08361641
2003  8 15     0.07835739
2003  8 16     0.07425409
2003  8 17     0.07064492
2003  8 18     0.06704947
2003  8 19     0.06364267
2003  8 20     0.06375937
2003  8 21     0.06950241
2003  8 22     0.12621815
2003  8 23     0.10882328
2003  8 24     0.05155535
2003  8 25     0.05010249
2003  8 26     0.08493647
2003  8 27     0.08098864
2003  8 28     0.05025540
2003  8 29     0.04530617
2003  8 30     0.04158422
2003  8 31     0.04226002
2003  9  1     0.05668494
2003  9  2     0.06850505
2003  9  3     0.08445828
2003  9  4     0.31771443
2003  9  5     0.27592647
2003  9  6     0.06593889
2003  9  7     0.06844241
2003  9  8     0.05568670
2003  9  9     0.04763354
2003  9 10     0.04235755
2003  9 11     0.03854742
2003  9 12     0.03544243
2003  9 13     0.03312792
2003  9 14     0.03131600
2003  9 15     0.02983817
2003  9 16     0.02862268
2003  9 17     0.02766628
2003  9 18     0.02673848
2003  9 19     0.02567191
2003  9 20     0.02466069
2003  9 21     0.02374556
2003  9 22     0.02285329
2003  9 23     0.02197816
2003  9 24     0.02118909
2003  9 25     0.02061705
2003  9 26     0.02010494
2003  9 27     0.01953578
2003  9 28     0.01890998
2003  9 29     0.01831047
2003  9 30     0.01785532
2003 10  1     0.01738749
2003 10  2     0.01703453
2003 10  3     0.01677323
2003 10  4     0.01633124
2003 10  5     0.01583001
2003 10  6     0.01535639
2003 10  7     0.01487912
2003 10  8     0.01449800
2003 10  9     0.01409984
2003 10 10     0.01384772
2003 10 11     0.01367835
2003 10 12     0.01330195
2003 10 13     0.01288691
2003 10 14     0.01257288
2003 10 15     0.01224530
2003 10 16     0.01197176
2003 10 17     0.01165838
2003 10 18     0.01125434
2003 10 19     0.01090156
2003 10 20     0.01062410
2003 10 21     0.01023952
2003 10 22     0.00992096
2003 10 23     0.00973294
2003 10 24     0.00957885
2003 10 25     0.00941827
2003 10 26     0.00911448
2003 10 27     0.00883263
2003 10 28     0.00863473
2003 10 29     0.00843344
2003 10 30     0.00839331
2003 10 31     0.01687784
2003 11  1     0.05017040
2003 11  2     0.05963435
2003 11  3     0.23854790
2003 11  4     0.11615232
2003 11  5     0.01397424
2003 11  6     0.05981376
2003 11  7     0.06940439
2003 11  8     0.02614355
2003 11  9     2.03036497
2003 11 10     1.51138513
2003 11 11     0.26635838
2003 11 12     0.12379525
2003 11 13     0.10911499
2003 11 14     0.07886562
2003 11 15     0.63711903
2003 11 16     0.40340621
2003 11 17     0.11303065
2003 11 18     0.09612154
2003 11 19     0.09636273
2003 11 20     0.10070923
2003 11 21     0.10991092
2003 11 22     0.07693133
2003 11 23     0.04622074
2003 11 24     0.04150549
2003 11 25     0.03275627
2003 11 26     0.02694113
2003 11 27     0.02281926
2003 11 28     0.01984337
2003 11 29     0.01823312
2003 11 30     0.02397051
2003 12  1     0.03341647
2003 12  2     0.11340184
2003 12  3     0.09517576
2003 12  4     0.05372792
2003 12  5     0.71179435
2003 12  6     2.04132009
2003 12  7     5.99323771
2003 12  8     3.65586132
2003 12  9     0.96082719
2003 12 10     2.67618153
2003 12 11     2.42371709
2003 12 12     0.89600003
2003 12 13     0.90667768
2003 12 14     1.27096677
2003 12 15     0.73272844
2003 12 16     0.30502159
2003 12 17     0.24279519
2003 12 18     0.19643705
2003 12 19     0.16381961
2003 12 20     1.84972444
2003 12 21     1.57151142
2003 12 22     0.52542041
2003 12 23     0.37824322
2003 12 24     1.96431575
2003 12 25     3.66022146
2003 12 26     1.86766961
2003 12 27     0.71615201
2003 12 28     0.51056898
2003 12 29     0.41512081
2003 12 30     1.55020122
2003 12 31     1.69936735
2004  1  1     2.46045290
2004  1  2     3.17982547
2004  1  3     1.91949495
2004  1  4     0.76817958
2004  1  5     0.55436635
2004  1  6     0.48599612
2004  1  7     0.70223473
2004  1  8     0.59769589
2004  1  9     0.48142896
2004  1 10     0.45670749
2004  1 11     0.43134385
2004  1 12     0.41796105
2004  1 13     0.40872328
2004  1 14     0.38595727
2004  1 15     0.37369058
2004  1 16     0.35179115
2004  1 17     0.33519715
2004  1 18     0.33400584
2004  1 19     0.32386077
2004  1 20     0.31908076
2004  1 21     0.29232148
2004  1 22     0.27509259
2004  1 23     0.27011250
2004  1 24     0.31387742
2004  1 25     0.26489960
2004  1 26     0.25019335
2004  1 27     0.32639265
2004  1 28     1.03129953
2004  1 29     0.54791060
2004  1 30     0.35783915
2004  1 31     0.33867485
2004  2  1     0.28249578
2004  2  2     0.39640091
2004  2  3     1.79790008
2004  2  4     1.20602674
2004  2  5     0.44589817
2004  2  6     0.35728161
2004  2  7     0.39109600
2004  2  8     0.32436080
2004  2  9     0.28574092
2004  2 10     0.26477087
2004  2 11     0.24878121
2004  2 12     0.24094124
2004  2 13     0.23188171
2004  2 14     0.22317142
2004  2 15     0.22920340
2004  2 16     0.46463993
2004  2 17     3.06416833
2004  2 18     6.29034135
2004  2 19     4.21347063
2004  2 20     1.58540812
2004  2 21     1.18550071
2004  2 22     1.30304687
2004  2 23     1.16404987
2004  2 24     0.87979647
2004  2 25     1.36977452
2004  2 26     7.72496198
2004  2 27     6.37676325
2004  2 28     2.36913126
2004  2 29     1.41400365
2004  3  1     1.27572641
2004  3  2     2.32437634
2004  3  3     1.65104065
2004  3  4     1.14022117
2004  3  5     1.04120900
2004  3  6     1.03491855
2004  3  7     1.17458505
2004  3  8     1.52345240
2004  3  9     2.04037909
2004  3 10     2.51440226
2004  3 11     2.70749114
2004  3 12     2.78605117
2004  3 13     2.83172667
2004  3 14     2.90598103
2004  3 15     3.17156766
2004  3 16     3.35845289
2004  3 17     3.44608299
2004  3 18     3.71615374
2004  3 19     4.06375137
2004  3 20     4.29747298
2004  3 21     4.58886313
2004  3 22     4.96767908
2004  3 23     4.84854577
2004  3 24     4.11920706
2004  3 25     3.88346292
2004  3 26     6.17255460
2004  3 27     3.94729092
2004  3 28     2.50614276
2004  3 29     3.28272783
2004  3 30     3.99936968
2004  3 31     3.82488102
2004  4  1     3.01378204
2004  4  2     2.19749971
2004  4  3     1.80802687
2004  4  4     2.06654321
2004  4  5     2.29519106
2004  4  6     2.23472850
2004  4  7     1.92891032
2004  4  8     1.86333638
2004  4  9     2.12756882
2004  4 10     2.55961149
2004  4 11     2.89531323
2004  4 12     2.96844501
2004  4 13     2.91738958
2004  4 14     2.10709718
2004  4 15     1.55629516
2004  4 16     1.33985279
2004  4 17     0.98333704
2004  4 18     0.80698405
2004  4 19     0.69941103
2004  4 20     0.62271998
2004  4 21     0.72201826
2004  4 22     0.78839009
2004  4 23     0.87978566
2004  4 24     1.28671129
2004  4 25     1.98996459
2004  4 26     3.00124116
2004  4 27     3.51785098
2004  4 28     3.77069003
2004  4 29     3.42444581
2004  4 30     2.63777133
2004  5  1     2.61616590
2004  5  2     3.07479272
2004  5  3     3.50897637
2004  5  4     3.80603841
2004  5  5     3.79297083
2004  5  6     3.19932511
2004  5  7     2.53485175
2004  5  8     2.22455616
2004  5  9     1.92185517
2004  5 10     1.67918425
2004  5 11     1.24150339
2004  5 12     0.84274558
2004  5 13     0.93904081
2004  5 14     1.25943787
2004  5 15     1.50908982
2004  5 16     1.50948923
2004  5 17     1.38214580
2004  5 18     1.13121967
2004  5 19     0.86705435
2004  5 20     0.75393654
2004  5 21     0.70234411
2004  5 22     0.66313207
2004  5 23     0.63413931
2004  5 24     0.63082361
2004  5 25     0.59288277
2004  5 26     0.57478020
2004  5 27     0.63472303
2004  5 28     3.03461753
2004  5 29     2.92372585
2004  5 30     1.06413645
2004  5 31     0.79412381
2004  6  1     0.72158806
2004  6  2     0.67482748
2004  6  3     0.65292295
2004  6  4     0.50893810
2004  6  5     0.34363832
2004  6  6     0.27202178
2004  6  7     0.23771607
2004  6  8     0.20781233
2004  6  9     0.17888622
2004  6 10     0.16726901
2004  6 11     0.14977040
2004  6 12     0.13118315
2004  6 13     0.11995763
2004  6 14     0.11112896
2004  6 15     0.10241042
2004  6 16     0.11131962
2004  6 17     0.10746961
2004  6 18     0.08573431
2004  6 19     0.07910398
2004  6 20     0.07604423
2004  6 21     0.07800834
2004  6 22     0.07466439
2004  6 23     0.06625706
2004  6 24     0.07081332
2004  6 25     0.07377554
2004  6 26     0.06233199
2004  6 27     0.05442974
2004  6 28     0.06305502
2004  6 29     0.06686075
2004  6 30     0.05783438
2004  7  1     0.04799882
2004  7  2     0.08596034
2004  7  3     0.08753926
2004  7  4     0.05287233
2004  7  5     0.05620454
2004  7  6     0.05308924
2004  7  7     0.05201074
2004  7  8     0.05365879
2004  7  9     0.04767425
2004  7 10     0.03880185
2004  7 11     0.03429296
2004  7 12     0.03321939
2004  7 13     0.03315518
2004  7 14     0.03348935
2004  7 15     0.03167384
2004  7 16     0.02954965
2004  7 17     0.02979473
2004  7 18     0.04441807
2004  7 19     0.04185291
2004  7 20     0.02815628
2004  7 21     0.02673547
2004  7 22     0.02714529
2004  7 23     0.02695511
2004  7 24     0.02332919
2004  7 25     0.02639185
2004  7 26     0.02708218
2004  7 27     0.02268233
2004  7 28     0.02172178
2004  7 29     0.02134472
2004  7 30     0.02200416
2004  7 31     0.02380009
2004  8  1     0.02180164
2004  8  2     0.01926061
2004  8  3     0.01775565
2004  8  4     0.02032023
2004  8  5     0.02052945
2004  8  6     0.01741647
2004  8  7     0.01696192
2004  8  8     0.01626807
2004  8  9     0.01566148
2004  8 10     0.01426045
2004  8 11     0.01385222
2004  8 12     0.01596430
2004  8 13     0.01647618
2004  8 14     0.01988342
2004  8 15     0.08203781
2004  8 16     0.08452574
2004  8 17     0.02228917
2004  8 18     0.01133620
2004  8 19     0.02110350
2004  8 20     0.02974879
2004  8 21     0.05392160
2004  8 22     0.06634052
2004  8 23     0.03640080
2004  8 24     0.03025905
2004  8 25     0.02412375
2004  8 26     0.00930334
2004  8 27     0.00915035
2004  8 28     0.00876146
2004  8 29     0.00836574
2004  8 30     0.00805635
2004  8 31     0.00781848
2004  9  1     0.00756131
2004  9  2     0.00733126
2004  9  3     0.02663583
2004  9  4     0.02901178
2004  9  5     0.00720665
2004  9  6     0.00701180
2004  9  7     0.00665994
2004  9  8     0.01846566
2004  9  9     0.01674670
2004  9 10     0.00594236
2004  9 11     0.00578000
2004  9 12     0.00561095
2004  9 13     0.00550269
2004  9 14     0.00542796
2004  9 15     0.00530473
2004  9 16     0.00513298
2004  9 17     0.00497911
2004  9 18     0.00485413
2004  9 19     0.00921505
2004  9 20     0.09412697
2004  9 21     0.04975364
2004  9 22     0.02524677
2004  9 23     0.01576836
2004  9 24     0.00421827
2004  9 25     0.00404452
2004  9 26     0.00390259
2004  9 27     0.00379885
2004  9 28     0.00372134
2004  9 29     0.00369366
2004  9 30     0.00365696
2004 10  1     0.00450569
2004 10  2     0.00445341
2004 10  3     0.00334838
2004 10  4     0.00324109
2004 10  5     0.00628255
2004 10  6     0.00529597
2004 10  7     0.00296784
2004 10  8     0.00289619
2004 10  9     0.00282189
2004 10 10     0.03778608
2004 10 11     0.06235098
2004 10 12     0.02720732
2004 10 13     0.00260087
2004 10 14     0.03667155
2004 10 15     0.07160131
2004 10 16     0.08457271
2004 10 17     0.74383560
2004 10 18     4.36031437
2004 10 19     2.98152201
2004 10 20     3.08868372
2004 10 21     1.51265321
2004 10 22     0.37680510
2004 10 23     0.21824908
2004 10 24     0.81194268
2004 10 25     0.69993758
2004 10 26     1.20393773
2004 10 27     1.58400475
2004 10 28     0.42379665
2004 10 29     0.16266816
2004 10 30     0.12512717
2004 10 31     0.11714979
2004 11  1     0.12343177
2004 11  2     0.12090880
2004 11  3     0.16189838
2004 11  4     0.71988447
2004 11  5     0.18674904
2004 11  6     0.11217268
2004 11  7     0.25762667
2004 11  8     1.02782064
2004 11  9     1.61430241
2004 11 10     1.10157807
2004 11 11     1.29527378
2004 11 12     1.39840153
2004 11 13     0.70492828
2004 11 14     0.46066764
2004 11 15     0.31884810
2004 11 16     0.26037091
2004 11 17     0.23093034
2004 11 18     0.20020790
2004 11 19     0.29613483
2004 11 20     0.27681799
2004 11 21     0.15919779
2004 11 22     0.14825221
2004 11 23     0.11967978
2004 11 24     0.10158289
2004 11 25     0.08913537
2004 11 26     0.09357814
2004 11 27     1.43245122
2004 11 28     1.35236070
2004 11 29     0.34544207
2004 11 30     0.23381293
2004 12  1     0.17720099
2004 12  2     0.14011417
2004 12  3     0.11563669
2004 12  4     0.09899485
2004 12  5     0.08763079
2004 12  6     0.07862002
2004 12  7     1.38785184
2004 12  8     2.77420157
2004 12  9     1.85468935
2004 12 10     0.85066587
2004 12 11     0.47079796
2004 12 12     0.41690814
2004 12 13     0.36959924
2004 12 14     0.40789912
2004 12 15     0.37320142
2004 12 16     0.33088511
2004 12 17     0.31359570
2004 12 18     0.24513655
2004 12 19     0.23323847
2004 12 20     0.39304730
2004 12 21     0.46608741
2004 12 22     0.30050574
2004 12 23     0.22673356
2004 12 24     0.19427091
2004 12 25     0.19927485
2004 12 26     0.17968460
2004 12 27     0.32979205
2004 12 28     1.56093630
2004 12 29     1.86397197
2004 12 30     2.84505322
2004 12 31     5.89026054
2005  1  1     4.04758616
2005  1  2     2.00331053
2005  1  3     2.00162122
2005  1  4     1.64347178
2005  1  5     0.92401333
2005  1  6     0.68423294
2005  1  7     1.35889848
2005  1  8     9.66678869
2005  1  9    12.09406525
2005  1 10    15.18506075
2005  1 11    13.54174452
2005  1 12     7.28130113
2005  1 13     3.45033441
2005  1 14     2.59034707
2005  1 15     2.17116001
2005  1 16     1.90664427
2005  1 17     1.70025633
2005  1 18     1.54754284
2005  1 19     1.45672977
2005  1 20     1.36439523
2005  1 21     1.27940086
2005  1 22     1.19707804
2005  1 23     1.14673762
2005  1 24     1.09184159
2005  1 25     1.66820177
2005  1 26     4.78688817
2005  1 27     8.11379880
2005  1 28     6.72098979
2005  1 29     4.85389663
2005  1 30     2.45888421
2005  1 31     1.91525860
2005  2  1     1.67708605
2005  2  2     1.47729492
2005  2  3     1.31844027
2005  2  4     1.24279561
2005  2  5     1.16656967
2005  2  6     1.09627529
2005  2  7     1.16359364
2005  2  8     1.03279053
2005  2  9     0.92974392
2005  2 10     0.88398581
2005  2 11     0.86688413
2005  2 12     1.37889481
2005  2 13     1.17063268
2005  2 14     0.92381994
2005  2 15     1.53293229
2005  2 16     8.08180954
2005  2 17     4.84505439
2005  2 18     3.16344634
2005  2 19     3.11752261
2005  2 20     7.55558178
2005  2 21     4.91856032
2005  2 22     4.24850221
2005  2 23     2.87268046
2005  2 24     1.95047422
2005  2 25     1.73251821
2005  2 26     1.61705189
2005  2 27     1.43195519
2005  2 28     5.92492806
2005  3  1     3.42209328
2005  3  2     3.29221565
2005  3  3     2.26716420
2005  3  4     1.77886033
2005  3  5     1.68408375
2005  3  6     1.45953137
2005  3  7     1.46034887
2005  3  8     1.51714725
2005  3  9     1.74931006
2005  3 10     1.92865072
2005  3 11     2.14945290
2005  3 12     2.23968453
2005  3 13     2.58759317
2005  3 14     2.59113340
2005  3 15     1.90629563
2005  3 16     1.55007059
2005  3 17     1.37614289
2005  3 18     1.22403632
2005  3 19     2.78303724
2005  3 20     5.75503308
2005  3 21     5.54729228
2005  3 22     9.40717344
2005  3 23    16.26620934
2005  3 24    10.00830983
2005  3 25     3.91694378
2005  3 26     2.64478207
2005  3 27     2.42388753
2005  3 28     8.78996525
2005  3 29     5.52959730
2005  3 30     3.47659403
2005  3 31     3.40025994
2005  4  1     2.95900022
2005  4  2     2.86679347
2005  4  3     2.86047132
2005  4  4     3.48984501
2005  4  5     2.51041626
2005  4  6     2.36086968
2005  4  7     3.58623970
2005  4  8     3.61670323
2005  4  9     4.52865264
2005  4 10     2.53474693
2005  4 11     2.24407574
2005  4 12     2.48668401
2005  4 13     2.46266423
2005  4 14     1.93068612
2005  4 15     1.57007624
2005  4 16     2.21072293
2005  4 17     3.35239976
2005  4 18     3.35815852
2005  4 19     2.37829239
2005  4 20     1.81136635
2005  4 21     1.63457097
2005  4 22     2.02457103
2005  4 23     2.66830884
2005  4 24     2.36358396
2005  4 25     1.72101535
2005  4 26     1.94511462
2005  4 27     3.35421723
2005  4 28     5.90783953
2005  4 29     4.64906569
2005  4 30     2.64846039
2005  5  1     3.33890416
2005  5  2     3.29585800
2005  5  3     3.21336735
2005  5  4     3.91097625
2005  5  5     6.86371326
2005  5  6     7.77831442
2005  5  7     4.17596102
2005  5  8     3.41926026
2005  5  9    11.71858402
2005  5 10     9.54212275
2005  5 11     3.86863255
2005  5 12     3.40983966
2005  5 13     4.50124262
2005  5 14     5.89044570
2005  5 15     7.13864814
2005  5 16    16.37978794
2005  5 17    13.28403463
2005  5 18     7.29044069
2005  5 19     7.28830611
2005  5 20     7.61019433
2005  5 21     7.33003188
2005  5 22     7.37505684
2005  5 23     8.52685530
2005  5 24     9.03709813
2005  5 25     9.35156395
2005  5 26     9.65044674
2005  5 27    10.25361257
2005  5 28    10.56849715
2005  5 29     9.19698748
2005  5 30     7.08733196
2005  5 31     6.58332931
2005  6  1     7.47430914
2005  6  2     7.53144059
2005  6  3     6.69655757
2005  6  4     6.18715740
2005  6  5     6.33820100
2005  6  6     5.28511691
2005  6  7     3.39733157
2005  6  8     3.34620170
2005  6  9     3.55749560
2005  6 10     3.79111629
2005  6 11     4.38464748
2005  6 12     4.68133685
2005  6 13     5.36634000
2005  6 14     6.44040171
2005  6 15     6.80767422
2005  6 16     6.78760066
2005  6 17     6.21350316
2005  6 18     4.32428902
2005  6 19     3.10910483
2005  6 20     3.20827657
2005  6 21     4.13958722
2005  6 22     4.87224158
2005  6 23     5.26352213
2005  6 24     5.47734702
2005  6 25     5.47833058
2005  6 26     5.16001112
2005  6 27     4.90611024
2005  6 28     5.16412170
2005  6 29     5.33496406
2005  6 30     5.68906280
2005  7  1     6.47359595
2005  7  2     6.92496211
2005  7  3     6.62461716
2005  7  4     6.00667611
2005  7  5     5.71301515
2005  7  6     5.56612562
2005  7  7     5.42810441
2005  7  8     5.18648886
2005  7  9     4.68140128
2005  7 10     4.09736814
2005  7 11     3.66098597
2005  7 12     3.43968230
2005  7 13     3.39324288
2005  7 14     3.31590363
2005  7 15     3.28173474
2005  7 16     3.27340408
2005  7 17     3.16270278
2005  7 18     3.08990972
2005  7 19     2.72462046
2005  7 20     2.29038663
2005  7 21     2.13021977
2005  7 22     1.92973978
2005  7 23     1.54717215
2005  7 24     1.15197455
2005  7 25     0.89946552
2005  7 26     0.76271740
2005  7 27     0.67736262
2005  7 28     0.61916485
2005  7 29     0.56781342
2005  7 30     0.51995352
2005  7 31     0.48460290
2005  8  1     0.45430259
2005  8  2     0.38500242
2005  8  3     0.31927825
2005  8  4     0.28942684
2005  8  5     0.26441775
2005  8  6     0.24381047
2005  8  7     0.22743792
2005  8  8     0.22762464
2005  8  9     0.21639937
2005  8 10     0.19022165
2005  8 11     0.18089140
2005  8 12     0.17235107
2005  8 13     0.16436532
2005  8 14     0.15768872
2005  8 15     0.22019387
2005  8 16     0.64643180
2005  8 17     0.47687709
2005  8 18     0.13778796
2005  8 19     0.13272932
2005  8 20     0.12795316
2005  8 21     0.12303818
2005  8 22     0.11856020
2005  8 23     0.11489142
2005  8 24     0.11118758
2005  8 25     0.10783914
2005  8 26     0.10471018
2005  8 27     0.10137284
2005  8 28     0.09809927
2005  8 29     0.09460287
2005  8 30     0.09261144
2005  8 31     0.09177577
2005  9  1     0.08915174
2005  9  2     0.08552449
2005  9  3     0.08296439
2005  9  4     0.08134216
2005  9  5     0.08011931
2005  9  6     0.07828714
2005  9  7     0.07570683
2005  9  8     0.07349798
2005  9  9     0.07217488
2005  9 10     0.07163862
2005  9 11     0.07187660
2005  9 12     0.07106294
2005  9 13     0.06877254
2005  9 14     0.06628606
2005  9 15     0.06384875
2005  9 16     0.06159974
2005  9 17     0.06040800
2005  9 18     0.05963926
2005  9 19     0.05795293
2005  9 20     0.10953135
2005  9 21     0.83794055
2005  9 22     0.41741117
2005  9 23     0.05587661
2005  9 24     0.05471576
2005  9 25     0.05382514
2005  9 26     0.05267588
2005  9 27     0.18321501
2005  9 28     0.18375070
2005  9 29     0.05109553
2005  9 30     0.04466060
2005 10  1     0.04195506
2005 10  2     0.04015443
2005 10  3     0.04091706
2005 10  4     0.04231963
2005 10  5     0.04237103
2005 10  6     0.04085316
2005 10  7     0.03869713
2005 10  8     0.03635890
2005 10  9     0.03589309
2005 10 10     0.03643405
2005 10 11     0.03537832
2005 10 12     0.03404789
2005 10 13     0.03271327
2005 10 14     0.03175385
2005 10 15     0.03080304
2005 10 16     0.05372157
2005 10 17     0.04472913
2005 10 18     0.02907687
2005 10 19     0.02878554
2005 10 20     0.02899363
2005 10 21     0.02810969
2005 10 22     0.02976775
2005 10 23     0.02823688
2005 10 24     0.09920416
2005 10 25     0.43383520
2005 10 26     0.32245099
2005 10 27     0.73610386
2005 10 28     0.94006094
2005 10 29     0.36292429
2005 10 30     0.16152395
2005 10 31     0.14243702
2005 11  1     0.17385476
2005 11  2     0.17338187
2005 11  3     0.11558348
2005 11  4     0.08213107
2005 11  5     0.06828527
2005 11  6     0.05391436
2005 11  7     0.05383569
2005 11  8     0.21228604
2005 11  9     0.34326394
2005 11 10     0.21809744
2005 11 11     0.11326648
2005 11 12     0.09894834
2005 11 13     0.06295222
2005 11 14     0.05290712
2005 11 15     0.04310972
2005 11 16     0.03694832
2005 11 17     0.03240817
2005 11 18     0.02891108
2005 11 19     0.02644989
2005 11 20     0.02414085
2005 11 21     0.02230401
2005 11 22     0.02120032
2005 11 23     0.02005831
2005 11 24     0.01877805
2005 11 25     0.08824194
2005 11 26     0.54926441
2005 11 27     0.41396485
2005 11 28     0.09012217
2005 11 29     0.67220626
2005 11 30     1.19382290
2005 12  1     2.12924135
2005 12  2    12.19586557
2005 12  3     8.85367883
2005 12  4     2.07220315
2005 12  5     1.43543827
2005 12  6     0.99887847
2005 12  7     0.72478791
2005 12  8     0.82248254
2005 12  9     0.61269894
2005 12 10     0.38986730
2005 12 11     0.32583880
2005 12 12     0.27610692
2005 12 13     0.23538630
2005 12 14     0.19488552
2005 12 15     0.16654707
2005 12 16     0.14450252
2005 12 17     0.13490557
2005 12 18     2.17452245
2005 12 19     4.58432150
2005 12 20     2.32318362
2005 12 21     1.03316374
2005 12 22     7.16765373
2005 12 23     9.37266457
2005 12 24     4.58280244
2005 12 25     2.04553577
2005 12 26    10.15068902
2005 12 27     7.98007276
2005 12 28     6.19197224
2005 12 29     7.54208027
2005 12 30     4.21004815
2005 12 31    25.48377639
2006  1  1    26.03315073
2006  1  2    18.82836760
2006  1  3    17.93908855
2006  1  4     7.90467061
2006  1  5     4.75100679
2006  1  6     3.78731029
2006  1  7     3.53873619
2006  1  8     2.90761944
2006  1  9     2.41771410
2006  1 10     2.14960924
2006  1 11     1.93074554
2006  1 12     1.79154568
2006  1 13     1.63851183
2006  1 14     4.46852481
2006  1 15     6.38302962
2006  1 16     3.04315438
2006  1 17     2.03847813
2006  1 18     4.34272444
2006  1 19     5.99308422
2006  1 20     2.80755556
2006  1 21     1.89809018
2006  1 22     1.67668303
2006  1 23     1.51005701
2006  1 24     1.39895515
2006  1 25     1.32771801
2006  1 26     1.26355829
2006  1 27     1.19219076
2006  1 28     1.13263017
2006  1 29     1.19343219
2006  1 30     1.19270341
2006  1 31     2.61558476
2006  2  1     1.87485502
2006  2  2     1.83091376
2006  2  3     1.79456719
2006  2  4     1.42772426
2006  2  5     1.23629420
2006  2  6     1.16825439
2006  2  7     1.19521936
2006  2  8     1.25056715
2006  2  9     1.33261258
2006  2 10     1.40829341
2006  2 11     1.43755045
2006  2 12     1.41250931
2006  2 13     1.39708208
2006  2 14     1.47487783
2006  2 15     1.22198960
2006  2 16     0.95442673
2006  2 17     0.87358794
2006  2 18     0.83656740
2006  2 19     0.98695424
2006  2 20     0.75617523
2006  2 21     0.66303860
2006  2 22     0.63441446
2006  2 23     0.67537322
2006  2 24     0.75697901
2006  2 25     0.78725936
2006  2 26     0.96166850
2006  2 27     4.33474067
2006  2 28    18.09424878
2006  3  1    10.62419571
2006  3  2     3.66404951
2006  3  3     7.63113657
2006  3  4     4.64824508
2006  3  5     2.36583945
2006  3  6     5.19913973
2006  3  7     3.85579971
2006  3  8     2.81766285
2006  3  9     2.11382370
2006  3 10     2.62162340
2006  3 11     3.43294029
2006  3 12     2.06690328
2006  3 13     1.97479586
2006  3 14     2.97472912
2006  3 15     3.64837436
2006  3 16     1.82955997
2006  3 17     3.12613347
2006  3 18     3.62287860
2006  3 19     2.11944324
2006  3 20     1.70002806
2006  3 21     4.47920859
2006  3 22     2.14762695
2006  3 23     1.53745668
2006  3 24     1.80590422
2006  3 25     6.38819821
2006  3 26     8.34022713
2006  3 27     3.44141154
2006  3 28     7.20371308
2006  3 29    11.76674789
2006  3 30     4.35275428
2006  3 31     4.25427942
2006  4  1     8.80516172
2006  4  2     3.82188600
2006  4  3    12.34295784
2006  4  4    20.37952605
2006  4  5    17.67783194
2006  4  6     7.63270231
2006  4  7     4.20982501
2006  4  8     6.32637405
2006  4  9     5.29818110
2006  4 10     5.06604452
2006  4 11     6.30690041
2006  4 12     5.75610534
2006  4 13     4.35186510
2006  4 14     5.98983396
2006  4 15     9.33027310
2006  4 16     7.32206530
2006  4 17    10.67009629
2006  4 18     5.12833960
2006  4 19     3.53537406
2006  4 20     4.58996379
2006  4 21     6.26534706
2006  4 22     9.65220522
2006  4 23     8.39217252
2006  4 24     5.88344788
2006  4 25     5.70238293
2006  4 26     5.57387205
2006  4 27     6.07519112
2006  4 28     7.34762355
2006  4 29     8.54944066
2006  4 30     9.26026942
2006  5  1     9.23659405
2006  5  2     8.94333336
2006  5  3     8.53437662
2006  5  4     7.95961613
2006  5  5     6.99113446
2006  5  6     6.25664109
2006  5  7     6.22117415
2006  5  8     6.77070757
2006  5  9     7.33020024
2006  5 10     7.41993383
2006  5 11     7.90089619
2006  5 12     8.36787100
2006  5 13     8.43234217
2006  5 14     8.56457749
2006  5 15     9.28270351
2006  5 16     9.57291501
2006  5 17     9.32841083
2006  5 18     9.30240594
2006  5 19     9.24420027
2006  5 20     8.21598769
2006  5 21     7.41772134
2006  5 22    10.51443644
2006  5 23     7.62869662
2006  5 24     4.97617494
2006  5 25     5.43014446
2006  5 26     5.52097869
2006  5 27     4.73039033
2006  5 28     3.26765323
2006  5 29     2.58113402
2006  5 30     3.06915127
2006  5 31     4.02759174
2006  6  1     5.30338922
2006  6  2     6.24419164
2006  6  3     6.35590637
2006  6  4     6.41933903
2006  6  5     6.62908491
2006  6  6     6.96487598
2006  6  7     7.49107623
2006  6  8     7.09610297
2006  6  9     6.13874780
2006  6 10     5.45109351
2006  6 11     5.06604891
2006  6 12     4.87356695
2006  6 13     4.36938164
2006  6 14     3.38314964
2006  6 15     2.86401367
2006  6 16     3.11237212
2006  6 17     3.56464363
2006  6 18     3.87545224
2006  6 19     3.84864996
2006  6 20     3.58500344
2006  6 21     3.39311253
2006  6 22     3.46536736
2006  6 23     3.51110721
2006  6 24     3.56681211
2006  6 25     3.62221635
2006  6 26     3.30205445
2006  6 27     2.81370805
2006  6 28     2.62198799
2006  6 29     2.30062640
2006  6 30     1.86554055
2006  7  1     1.55345543
2006  7  2     1.28619293
2006  7  3     1.10540161
2006  7  4     0.93896380
2006  7  5     0.83138587
2006  7  6     0.75952704
2006  7  7     0.69665371
2006  7  8     0.65032177
2006  7  9     0.61651481
2006  7 10     0.58983254
2006  7 11     0.55890295
2006  7 12     0.52537787
2006  7 13     0.49495996
2006  7 14     0.43098770
2006  7 15     0.37341506
2006  7 16     0.34579492
2006  7 17     0.32202957
2006  7 18     0.30324991
2006  7 19     0.30967486
2006  7 20     0.29192382
2006  7 21     0.43490395
2006  7 22     0.37264666
2006  7 23     0.24274734
2006  7 24     0.23216668
2006  7 25     0.22622882
2006  7 26     0.21832871
2006  7 27     0.20903848
2006  7 28     0.20236125
2006  7 29     0.19602141
2006  7 30     0.19165246
2006  7 31     0.18890596
2006  8  1     0.18572628
2006  8  2     0.18062242
2006  8  3     0.17402593
2006  8  4     0.16824223
2006  8  5     0.16312089
2006  8  6     0.15913191
2006  8  7     0.15513986
2006  8  8     0.15229964
2006  8  9     0.14805737
2006  8 10     0.14244718
2006  8 11     0.13815310
2006  8 12     0.13493435
2006  8 13     0.13166800
2006  8 14     0.12833328
2006  8 15     0.12556038
2006  8 16     0.12281533
2006  8 17     0.12002088
2006  8 18     0.11694188
2006  8 19     0.11332148
2006  8 20     0.11004764
2006  8 21     0.10731219
2006  8 22     0.10438016
2006  8 23     0.10065685
2006  8 24     0.09808853
2006  8 25     0.09683250
2006  8 26     0.09514139
2006  8 27     0.09280683
2006  8 28     0.08952007
2006  8 29     0.08661421
2006  8 30     0.08511514
2006  8 31     0.08344290
2006  9  1     0.08130195
2006  9  2     0.07880347
2006  9  3     0.07589268
2006  9  4     0.07405746
2006  9  5     0.07159797
2006  9  6     0.06857864
2006  9  7     0.06677947
2006  9  8     0.06633599
2006  9  9     0.06662217
2006  9 10     0.06626875
2006  9 11     0.06484743
2006  9 12     0.06229005
2006  9 13     0.05922271
2006  9 14     0.05722245
2006  9 15     0.05921970
2006  9 16     0.06244246
2006  9 17     0.06168930
2006  9 18     0.05803664
2006  9 19     0.05450194
2006  9 20     0.05356702
2006  9 21     0.05359218
2006  9 22     0.05240119
2006  9 23     0.05202380
2006  9 24     0.05127313
2006  9 25     0.04907027
2006  9 26     0.04703463
2006  9 27     0.04510740
2006  9 28     0.04301412
2006  9 29     0.04140342
2006  9 30     0.04063746
2006 10  1     0.04478401
2006 10  2     0.30438543
2006 10  3     0.22291158
2006 10  4     0.04255460
2006 10  5     0.53689919
2006 10  6     0.51694005
2006 10  7     0.25312143
2006 10  8     0.05163521
2006 10  9     0.03776855
2006 10 10     0.12144603
2006 10 11     0.16643567
2006 10 12     0.07871675
2006 10 13     0.03676852
2006 10 14     0.03647007
2006 10 15     0.03448445
2006 10 16     0.03191132
2006 10 17     0.03252888
2006 10 18     0.03392726
2006 10 19     0.03281022
2006 10 20     0.03067611
2006 10 21     0.02910500
2006 10 22     0.02812442
2006 10 23     0.02732090
2006 10 24     0.02639278
2006 10 25     0.02602935
2006 10 26     0.02728702
2006 10 27     0.02750207
2006 10 28     0.02596533
2006 10 29     0.02490675
2006 10 30     0.02471882
2006 10 31     0.02473493
2006 11  1     0.02431591
2006 11  2     0.06190810
2006 11  3     0.06274474
2006 11  4     0.08340978
2006 11  5     0.05709361
2006 11  6     0.02169667
2006 11  7     0.02029977
2006 11  8     0.02868448
2006 11  9     0.07390930
2006 11 10     0.05343299
2006 11 11     0.05740877
2006 11 12     0.07771152
2006 11 13     0.06965164
2006 11 14     2.62888082
2006 11 15     1.58092665
2006 11 16     0.17106235
2006 11 17     0.13690360
2006 11 18     0.09764923
2006 11 19     0.07372842
2006 11 20     0.05845677
2006 11 21     0.04801461
2006 11 22     0.04097434
2006 11 23     0.03663619
2006 11 24     0.03405931
2006 11 25     0.03179237
2006 11 26     0.03470698
2006 11 27     0.25644171
2006 11 28     0.11994481
2006 11 29     0.03642560
2006 11 30     0.02884254
2006 12  1     0.02725552
2006 12  2     0.02616903
2006 12  3     0.02637433
2006 12  4     0.02787263
2006 12  5     0.02824823
2006 12  6     0.03010268
2006 12  7     0.03050459
2006 12  8     0.03533055
2006 12  9     0.31312013
2006 12 10     2.90528578
2006 12 11     2.67216843
2006 12 12     0.96980895
2006 12 13     0.90000505
2006 12 14     0.52074087
2006 12 15     0.28488225
2006 12 16     0.28061079
2006 12 17     0.25762002
2006 12 18     0.16885960
2006 12 19     0.10843951
2006 12 20     0.08783984
2006 12 21     0.14129238
2006 12 22     0.70734788
2006 12 23     0.30492978
2006 12 24     0.07565429
2006 12 25     0.05810998
2006 12 26     0.05354711
2006 12 27     2.49153816
2006 12 28     1.94067420
2006 12 29     0.41730981
2006 12 30     0.30903508
2006 12 31     0.36298479
2007  1  1     0.25309739
2007  1  2     0.14023307
2007  1  3     0.11950577
2007  1  4     2.15765987
2007  1  5     2.58979826
2007  1  6     0.58598950
2007  1  7     0.34799066
2007  1  8     0.24804970
2007  1  9     0.18905695
2007  1 10     0.15326386
2007  1 11     0.12530447
2007  1 12     0.10033499
2007  1 13     0.08436640
2007  1 14     0.07322147
2007  1 15     0.06354097
2007  1 16     0.05586127
2007  1 17     0.04924182
2007  1 18     0.04389917
2007  1 19     0.04231712
2007  1 20     0.04233430
2007  1 21     0.03821193
2007  1 22     0.03319127
2007  1 23     0.03058595
2007  1 24     0.03491305
2007  1 25     0.06561678
2007  1 26     0.08447607
2007  1 27     0.06377776
2007  1 28     0.09240884
2007  1 29     0.06343413
2007  1 30     0.03956961
2007  1 31     0.03471868
2007  2  1     0.02655788
2007  2  2     0.02292443
2007  2  3     0.02176855
2007  2  4     0.05662097
2007  2  5     0.16742041
2007  2  6     0.29442348
2007  2  7     0.35786111
2007  2  8     0.60135595
2007  2  9     1.79845459
2007  2 10     4.26508142
2007  2 11     7.74189076
2007  2 12     4.16243525
2007  2 13     1.40599881
2007  2 14     0.96090981
2007  2 15     0.71608282
2007  2 16     0.61052368
2007  2 17     0.63310037
2007  2 18     0.85288920
2007  2 19     0.69934134
2007  2 20     0.42903381
2007  2 21     0.38461361
2007  2 22     1.29056680
2007  2 23     2.52803786
2007  2 24     0.72413907
2007  2 25     0.86614890
2007  2 26     1.93127591
2007  2 27     2.85304975
2007  2 28     1.25538708
2007  3  1     0.42653983
2007  3  2     0.28993264
2007  3  3     0.29806739
2007  3  4     0.38716906
2007  3  5     0.56123201
2007  3  6     0.81424418
2007  3  7     1.14772152
2007  3  8     1.28603023
2007  3  9     1.37986297
2007  3 10     1.45047679
2007  3 11     1.68232038
2007  3 12     2.47772921
2007  3 13     3.16556127
2007  3 14     3.45413429
2007  3 15     3.31261943
2007  3 16     3.15852101
2007  3 17     3.28987277
2007  3 18     3.19950988
2007  3 19     2.87884943
2007  3 20     2.77043444
2007  3 21     2.79759282
2007  3 22     1.59475962
2007  3 23     1.24449655
2007  3 24     1.46956690
2007  3 25     1.84176308
2007  3 26     2.47015823
2007  3 27     4.59316541
2007  3 28     2.96047207
2007  3 29     1.29490948
2007  3 30     1.06850194
2007  3 31     1.19853126
2007  4  1     1.46733125
2007  4  2     1.60984293
2007  4  3     1.67461418
2007  4  4     1.89628339
2007  4  5     2.37784618
2007  4  6     2.46888014
2007  4  7     2.65231952
2007  4  8     2.56349809
2007  4  9     2.15382216
2007  4 10     1.64745084
2007  4 11     1.14610364
2007  4 12     1.24267676
2007  4 13     0.76569966
2007  4 14     1.02637493
2007  4 15     1.06250215
2007  4 16     0.75386933
2007  4 17     1.36676612
2007  4 18     1.24956211
2007  4 19     0.64640716
2007  4 20     0.52616230
2007  4 21     0.43032166
2007  4 22     3.28380587
2007  4 23     2.96253743
2007  4 24     1.19807613
2007  4 25     1.23718811
2007  4 26     1.60938000
2007  4 27     2.24876023
2007  4 28     3.01570358
2007  4 29     3.13025548
2007  4 30     2.63973500
2007  5  1     2.18000237
2007  5  2     1.83152291
2007  5  3     2.29451687
2007  5  4     2.13938387
2007  5  5     1.33670224
2007  5  6     0.90681392
2007  5  7     1.57769123
2007  5  8     2.59870481
2007  5  9     2.53541428
2007  5 10     1.89559333
2007  5 11     1.53167750
2007  5 12     1.29364212
2007  5 13     1.08110918
2007  5 14     0.94831347
2007  5 15     0.91414668
2007  5 16     0.76141375
2007  5 17     0.57866521
2007  5 18     0.48802383
2007  5 19     0.43341754
2007  5 20     0.39230035
2007  5 21     0.35741188
2007  5 22     0.32611793
2007  5 23     0.29906234
2007  5 24     0.27804580
2007  5 25     0.25047228
2007  5 26     0.21851579
2007  5 27     0.19764306
2007  5 28     0.18356697
2007  5 29     0.17119747
2007  5 30     0.16052379
2007  5 31     0.15132855
2007  6  1     0.14329078
2007  6  2     0.13609571
2007  6  3     0.12946838
2007  6  4     0.12335990
2007  6  5     0.11889174
2007  6  6     0.11832167
2007  6  7     0.11333650
2007  6  8     0.10701767
2007  6  9     0.10161761
2007  6 10     0.09714038
2007  6 11     0.09952329
2007  6 12     0.09672936
2007  6 13     0.08680421
2007  6 14     0.08371238
2007  6 15     0.08085030
2007  6 16     0.07821024
2007  6 17     0.07581709
2007  6 18     0.07350270
2007  6 19     0.07117377
2007  6 20     0.06894955
2007  6 21     0.06689648
2007  6 22     0.06487659
2007  6 23     0.06290323
2007  6 24     0.06104995
2007  6 25     0.05933789
2007  6 26     0.05760258
2007  6 27     0.05584467
2007  6 28     0.05414764
2007  6 29     0.05256064
2007  6 30     0.05105237
2007  7  1     0.04952708
2007  7  2     0.04805052
2007  7  3     0.04662101
2007  7  4     0.04516255
2007  7  5     0.04365386
2007  7  6     0.04214507
2007  7  7     0.04111405
2007  7  8     0.04003527
2007  7  9     0.03878454
2007  7 10     0.03759088
2007  7 11     0.11896212
2007  7 12     0.09480976
2007  7 13     0.03466274
2007  7 14     0.03359615
2007  7 15     0.03247741
2007  7 16     0.03149320
2007  7 17     0.03060142
2007  7 18     0.02980224
2007  7 19     0.02909178
2007  7 20     0.02829270
2007  7 21     0.02739195
2007  7 22     0.02645826
2007  7 23     0.02557830
2007  7 24     0.02583587
2007  7 25     0.05243501
2007  7 26     0.05077900
2007  7 27     0.02688213
2007  7 28     0.02625809
2007  7 29     0.02138366
2007  7 30     0.02080548
2007  7 31     0.02022341
2007  8  1     0.01994634
2007  8  2     0.02278431
2007  8  3     0.02144407
2007  8  4     0.01789705
2007  8  5     0.01737615
2007  8  6     0.01695069
2007  8  7     0.01655696
2007  8  8     0.01609304
2007  8  9     0.01559728
2007  8 10     0.01512552
2007  8 11     0.01465061
2007  8 12     0.01422587
2007  8 13     0.01381903
2007  8 14     0.01336052
2007  8 15     0.01292019
2007  8 16     0.01253996
2007  8 17     0.01222696
2007  8 18     0.01189733
2007  8 19     0.01155672
2007  8 20     0.01124967
2007  8 21     0.01089322
2007  8 22     0.01051497
2007  8 23     0.01017681
2007  8 24     0.00986492
2007  8 25     0.00956390
2007  8 26     0.00955687
2007  8 27     0.01371499
2007  8 28     0.05468817
2007  8 29     0.06649389
2007  8 30     0.15973173
2007  8 31     0.14262697
2007  9  1     0.04081930
2007  9  2     0.00930803
2007  9  3     0.00735387
2007  9  4     0.00714476
2007  9  5     0.00702113
2007  9  6     0.00685380
2007  9  7     0.00661734
2007  9  8     0.00640483
2007  9  9     0.00620974
2007  9 10     0.00603066
2007  9 11     0.00586654
2007  9 12     0.00569622
2007  9 13     0.00553858
2007  9 14     0.00549944
2007  9 15     0.00542758
2007  9 16     0.00526169
2007  9 17     0.00510008
2007  9 18     0.00494568
2007  9 19     0.00477813
2007  9 20     0.19625025
2007  9 21     0.14931468
2007  9 22     0.26917518
2007  9 23     0.45501022
2007  9 24     0.18609858
2007  9 25     0.01035061
2007  9 26     0.00879597
2007  9 27     0.00635975
2007  9 28     0.00375526
2007  9 29     0.00370400
2007  9 30     0.00365545
2007 10  1     0.00853302
2007 10  2     0.00875044
2007 10  3     0.00324780
2007 10  4     0.00313103
2007 10  5     0.03304630
2007 10  6     0.08707730
2007 10  7     0.04472337
2007 10  8     0.06860731
2007 10  9     0.06184615
2007 10 10     0.01812122
2007 10 11     0.00543639
2007 10 12     0.00892826
2007 10 13     0.19178237
2007 10 14     0.10104678
2007 10 15     0.00239955
2007 10 16     0.00360284
2007 10 17     0.09351323
2007 10 18     0.06496619
2007 10 19     0.00246154
2007 10 20     0.05021744
2007 10 21     0.03176792
2007 10 22     0.00204360
2007 10 23     0.00193520
2007 10 24     0.00180958
2007 10 25     0.00172342
2007 10 26     0.00167985
2007 10 27     0.00165224
2007 10 28     0.00379815
2007 10 29     0.02264871
2007 10 30     0.30354668
2007 10 31     0.14137461
2007 11  1     0.00150929
2007 11  2     0.00144825
2007 11  3     0.00140612
2007 11  4     0.00136689
2007 11  5     0.00131510
2007 11  6     0.00126532
2007 11  7     0.00122283
2007 11  8     0.00118051
2007 11  9     0.00114506
2007 11 10     0.00950466
2007 11 11     0.95775785
2007 11 12     0.62601392
2007 11 13     0.05664046
2007 11 14     0.04505559
2007 11 15     0.03037497
2007 11 16     0.02036610
2007 11 17     0.01506894
2007 11 18     0.01159869
2007 11 19     0.00923836
2007 11 20     0.00760025
2007 11 21     0.00640837
2007 11 22     0.00548110
2007 11 23     0.00476057
2007 11 24     0.00415220
2007 11 25     0.00363690
2007 11 26     0.00323093
2007 11 27     0.00288127
2007 11 28     0.00258640
2007 11 29     0.00233818
2007 11 30     0.00210146
2007 12  1     0.00195394
2007 12  2     0.00185069
2007 12  3     0.00170862
2007 12  4     0.00317353
2007 12  5     0.00570315
2007 12  6     0.07293183
2007 12  7     1.67368196
2007 12  8     0.72100912
2007 12  9     0.02723943
2007 12 10     0.00805387
2007 12 11     0.00689922
2007 12 12     0.00620396
2007 12 13     0.00578053
2007 12 14     0.00548770
2007 12 15     0.00554389
2007 12 16     0.00614013
2007 12 17     0.01503098
2007 12 18     0.37515362
2007 12 19     1.76604175
2007 12 20     1.12020527
2007 12 21     0.40596081
2007 12 22     0.03791364
2007 12 23     0.02137618
2007 12 24     0.02450418
2007 12 25     0.07400207
2007 12 26     0.04206202
2007 12 27     0.01169097
2007 12 28     0.14373937
2007 12 29     0.05008418
2007 12 30     0.01932478
2007 12 31     0.01074479
2008  1  1     0.00788441
2008  1  2     0.00806295
2008  1  3     0.01177455
2008  1  4     2.14764493
2008  1  5     5.06983918
2008  1  6     3.18992414
2008  1  7     0.65942045
2008  1  8     0.31975739
2008  1  9     0.57262603
2008  1 10     0.27313391
2008  1 11     0.23086937
2008  1 12     0.15705799
2008  1 13     0.12755799
2008  1 14     0.11847510
2008  1 15     0.11390556
2008  1 16     0.10433692
2008  1 17     0.08939571
2008  1 18     0.08512731
2008  1 19     0.08492533
2008  1 20     0.08285285
2008  1 21     0.33088356
2008  1 22     0.30563099
2008  1 23     1.50503861
2008  1 24     1.80541048
2008  1 25     0.49524211
2008  1 26     0.21951385
2008  1 27     1.98331227
2008  1 28     2.61496878
2008  1 29     1.73584266
2008  1 30     0.76178408
2008  1 31     0.36152461
2008  2  1     1.58511807
2008  2  2     0.69161477
2008  2  3     3.27157258
2008  2  4     1.71581253
2008  2  5     0.53618600
2008  2  6     0.41168353
2008  2  7     0.41013613
2008  2  8     0.43541703
2008  2  9     0.46224277
2008  2 10     0.48100202
2008  2 11     0.55258258
2008  2 12     0.61019561
2008  2 13     0.63165068
2008  2 14     0.57566861
2008  2 15     0.43804148
2008  2 16     0.43344872
2008  2 17     0.50673359
2008  2 18     0.55600478
2008  2 19     0.66192265
2008  2 20     1.89705452
2008  2 21     1.32124988
2008  2 22     5.66772612
2008  2 23     3.81971282
2008  2 24     6.88467302
2008  2 25     6.70233828
2008  2 26     2.56806825
2008  2 27     1.63965544
2008  2 28     1.56182949
2008  2 29     1.63827472
2008  3  1     1.59752815
2008  3  2     1.33221037
2008  3  3     1.15297748
2008  3  4     1.11171287
2008  3  5     1.14861349
2008  3  6     1.12185394
2008  3  7     1.11292499
2008  3  8     1.16568566
2008  3  9     1.14184081
2008  3 10     1.16752763
2008  3 11     1.29550646
2008  3 12     1.65867863
2008  3 13     3.37329367
2008  3 14     2.62352666
2008  3 15     1.39072313
2008  3 16     1.09480604
2008  3 17     0.90926218
2008  3 18     0.85749141
2008  3 19     0.99274349
2008  3 20     1.03689905
2008  3 21     0.98028567
2008  3 22     1.18524551
2008  3 23     1.50105079
2008  3 24     1.79679802
2008  3 25     2.08362847
2008  3 26     1.98255036
2008  3 27     1.49336100
2008  3 28     1.28265661
2008  3 29     1.38675004
2008  3 30     1.29005196
2008  3 31     0.95804518
2008  4  1     0.75319354
2008  4  2     0.72271653
2008  4  3     0.70477081
2008  4  4     0.85104548
2008  4  5     0.86237477
2008  4  6     0.90877620
2008  4  7     0.79731372
2008  4  8     0.67603012
2008  4  9     0.58340722
2008  4 10     0.50913976
2008  4 11     0.90823324
2008  4 12     1.88960685
2008  4 13     3.00423532
2008  4 14     3.80866673
2008  4 15     3.14210253
2008  4 16     1.73876458
2008  4 17     1.27001806
2008  4 18     2.16245449
2008  4 19     2.86651981
2008  4 20     1.93620450
2008  4 21     1.03786277
2008  4 22     0.92450823
2008  4 23     1.25981685
2008  4 24     1.03108720
2008  4 25     0.85782589
2008  4 26     1.75700864
2008  4 27     2.99833863
2008  4 28     4.49996518
2008  4 29     5.06603286
2008  4 30     3.87906662
2008  5  1     2.25160380
2008  5  2     1.64471118
2008  5  3     2.14584724
2008  5  4     2.81587576
2008  5  5     3.21005822
2008  5  6     3.60573289
2008  5  7     4.44453575
2008  5  8     4.05424396
2008  5  9     3.48554141
2008  5 10     3.63823895
2008  5 11     4.07305825
2008  5 12     4.54274316
2008  5 13     3.58090954
2008  5 14     3.27631223
2008  5 15     4.47212426
2008  5 16     5.61723416
2008  5 17     6.57335751
2008  5 18     7.24746863
2008  5 19     7.80549513
2008  5 20     7.81354519
2008  5 21     6.42357661
2008  5 22     4.24073522
2008  5 23     2.63334100
2008  5 24     2.77901226
2008  5 25     2.56732696
2008  5 26     1.80380721
2008  5 27     1.76724855
2008  5 28     2.60313928
2008  5 29     2.36673279
2008  5 30     1.80614219
2008  5 31     2.37119942
2008  6  1     3.11726489
2008  6  2     3.33827109
2008  6  3     3.32414913
2008  6  4     3.36835058
2008  6  5     2.59403200
2008  6  6     2.33119759
2008  6  7     2.66131277
2008  6  8     2.42473845
2008  6  9     2.41700264
2008  6 10     2.63388691
2008  6 11     2.39982952
2008  6 12     1.91993799
2008  6 13     1.78907383
2008  6 14     1.86489069
2008  6 15     1.72774388
2008  6 16     1.40896937
2008  6 17     1.07556360
2008  6 18     0.79700622
2008  6 19     0.64895915
2008  6 20     0.55200152
2008  6 21     0.49973165
2008  6 22     0.45639038
2008  6 23     0.38419929
2008  6 24     0.30745562
2008  6 25     0.26183591
2008  6 26     0.23298068
2008  6 27     0.21012951
2008  6 28     0.19079898
2008  6 29     0.17373420
2008  6 30     0.15978626
2008  7  1     0.14813666
2008  7  2     0.13787626
2008  7  3     0.12852896
2008  7  4     0.12047025
2008  7  5     0.11379823
2008  7  6     0.10756459
2008  7  7     0.10162526
2008  7  8     0.09633103
2008  7  9     0.09221944
2008  7 10     0.08767601
2008  7 11     0.08337974
2008  7 12     0.08018026
2008  7 13     0.07712243
2008  7 14     0.07455752
2008  7 15     0.07216660
2008  7 16     0.06911114
2008  7 17     0.06626909
2008  7 18     0.06399226
2008  7 19     0.06175184
2008  7 20     0.06174801
2008  7 21     0.05987149
2008  7 22     0.05644482
2008  7 23     0.05431938
2008  7 24     0.05251456
2008  7 25     0.05082015
2008  7 26     0.04920109
2008  7 27     0.04771000
2008  7 28     0.04635676
2008  7 29     0.04490863
2008  7 30     0.04368089
2008  7 31     0.04245316
2008  8  1     0.04118660
2008  8  2     0.03987764
2008  8  3     0.03872388
2008  8  4     0.03761962
2008  8  5     0.03640074
2008  8  6     0.03584883
2008  8  7     0.03493620
2008  8  8     0.03334544
2008  8  9     0.03249124
2008  8 10     0.03172744
2008  8 11     0.03081782
2008  8 12     0.02980382
2008  8 13     0.02883956
2008  8 14     0.02795469
2008  8 15     0.02710358
2008  8 16     0.02631412
2008  8 17     0.02559485
2008  8 18     0.03384827
2008  8 19     0.03229484
2008  8 20     0.02391893
2008  8 21     0.02314596
2008  8 22     0.02236782
2008  8 23     0.02171163
2008  8 24     0.02106934
2008  8 25     0.02044648
2008  8 26     0.01990662
2008  8 27     0.01937201
2008  8 28     0.01877086
2008  8 29     0.01817994
2008  8 30     0.01765316
2008  8 31     0.01722802
2008  9  1     0.01703589
2008  9  2     0.01666400
2008  9  3     0.01609101
2008  9  4     0.01556085
2008  9  5     0.01508520
2008  9  6     0.01461727
2008  9  7     0.01417513
2008  9  8     0.01376601
2008  9  9     0.01340889
2008  9 10     0.01315183
2008  9 11     0.01287926
2008  9 12     0.01251379
2008  9 13     0.01213051
2008  9 14     0.01176888
2008  9 15     0.01140683
2008  9 16     0.01103694
2008  9 17     0.01075795
2008  9 18     0.01053608
2008  9 19     0.01031515
2008  9 20     0.01011093
2008  9 21     0.00988899
2008  9 22     0.00966166
2008  9 23     0.00939892
2008  9 24     0.00905522
2008  9 25     0.00874137
2008  9 26     0.00849152
2008  9 27     0.00825808
2008  9 28     0.00801703
2008  9 29     0.00776105
2008  9 30     0.00852368
2008 10  1     0.00836884
2008 10  2     0.00715790
2008 10  3     0.00704117
2008 10  4     1.02574712
2008 10  5     0.78693967
2008 10  6     0.05159685
2008 10  7     0.00658820
2008 10  8     0.00632140
2008 10  9     0.00614040
2008 10 10     0.00617652
2008 10 11     0.00731286
2008 10 12     0.00808436
2008 10 13     0.00776058
2008 10 14     0.03083968
2008 10 15     0.05249990
2008 10 16     0.03918135
2008 10 17     0.01446616
2008 10 18     0.00570398
2008 10 19     0.00477198
2008 10 20     0.00469228
2008 10 21     0.00458756
2008 10 22     0.00446371
2008 10 23     0.00432326
2008 10 24     0.00419073
2008 10 25     0.00408123
2008 10 26     0.00396929
2008 10 27     0.00385837
2008 10 28     0.00374469
2008 10 29     0.00366527
2008 10 30     0.00449547
2008 10 31     0.50411964
2008 11  1     0.96412586
2008 11  2     4.76952815
2008 11  3     3.57086807
2008 11  4     3.09803622
2008 11  5     1.98840763
2008 11  6     0.64611494
2008 11  7     0.48292383
2008 11  8     0.76654834
2008 11  9     1.83465552
2008 11 10     1.34411914
2008 11 11     0.47150453
2008 11 12     0.38009719
2008 11 13     0.29050589
2008 11 14     0.23150178
2008 11 15     0.20127816
2008 11 16     0.16914031
2008 11 17     0.13259713
2008 11 18     0.10674376
2008 11 19     0.08753659
2008 11 20     0.07328118
2008 11 21     0.06161905
2008 11 22     0.05185589
2008 11 23     0.04421950
2008 11 24     0.03797230
2008 11 25     0.03280658
2008 11 26     0.52702327
2008 11 27     0.51409665
2008 11 28     0.16521016
2008 11 29     0.10947876
2008 11 30     0.10558875
2008 12  1     0.11387616
2008 12  2     0.10629804
2008 12  3     0.07531319
2008 12  4     0.05001506
2008 12  5     0.04241858
2008 12  6     0.03267402
2008 12  7     0.02585427
2008 12  8     0.02113266
2008 12  9     0.01777722
2008 12 10     0.01520827
2008 12 11     0.01311147
2008 12 12     0.01143326
2008 12 13     0.47724850
2008 12 14     0.39744710
2008 12 15     0.31794710
2008 12 16     0.29170732
2008 12 17     0.08707176
2008 12 18     0.04795600
2008 12 19     0.06192624
2008 12 20     0.07085005
2008 12 21     0.03603474
2008 12 22     1.75190769
2008 12 23     1.01148455
2008 12 24     0.18531693
2008 12 25     1.14737751
2008 12 26     0.76252959
2008 12 27     0.08552703
2008 12 28     0.03659794
2008 12 29     0.03130826
2008 12 30     0.03288664
2008 12 31     0.03130698
2009  1  1     0.02780312
2009  1  2     0.04209361
2009  1  3     0.32586876
2009  1  4     0.10887671
2009  1  5     0.02046030
2009  1  6     0.05050929
2009  1  7     0.03053517
2009  1  8     0.02807376
2009  1  9     0.03319208
2009  1 10     0.03679300
2009  1 11     0.04096518
2009  1 12     0.05965815
2009  1 13     0.08156354
2009  1 14     0.08350772
2009  1 15     0.09365712
2009  1 16     0.11022529
2009  1 17     0.10750459
2009  1 18     0.10323177
2009  1 19     0.11379759
2009  1 20     0.12262247
2009  1 21     0.14181507
2009  1 22     3.24049735
2009  1 23     6.66282734
2009  1 24    16.32218142
2009  1 25    12.81587241
2009  1 26     4.54267711
2009  1 27     2.62539405
2009  1 28     1.94678213
2009  1 29     1.54109473
2009  1 30     1.27681890
2009  1 31     1.15017754
2009  2  1     1.05053820
2009  2  2     0.91488083
2009  2  3     0.86849224
2009  2  4     0.95689484
2009  2  5     1.02107564
2009  2  6     1.32737061
2009  2  7     1.50104295
2009  2  8     0.84606426
2009  2  9     2.04257695
2009  2 10     1.09246548
2009  2 11     0.77745950
2009  2 12     1.22969613
2009  2 13     1.02004863
2009  2 14     1.94270628
2009  2 15     0.80550256
2009  2 16     0.70471017
2009  2 17     3.14401820
2009  2 18     1.98091908
2009  2 19     0.83478689
2009  2 20     0.69029041
2009  2 21     0.66199973
2009  2 22     1.46302366
2009  2 23     4.89606593
2009  2 24     3.49654878
2009  2 25     1.90903087
2009  2 26     1.48098382
2009  2 27     1.19190250
2009  2 28     1.17546865
2009  3  1     1.22800832
2009  3  2     5.92923111
2009  3  3    10.52752265
2009  3  4    12.52358487
2009  3  5     5.00790728
2009  3  6     2.53533944
2009  3  7     2.00149962
2009  3  8     1.67144515
2009  3  9     1.48352030
2009  3 10     1.31012078
2009  3 11     1.18742307
2009  3 12     1.15613563
2009  3 13     1.20387314
2009  3 14     1.32190216
2009  3 15     1.35059442
2009  3 16     1.45819754
2009  3 17     1.80830981
2009  3 18     2.20730040
2009  3 19     2.82490395
2009  3 20     3.27466288
2009  3 21     3.45975212
2009  3 22     5.97352950
2009  3 23     3.97843838
2009  3 24     2.07679673
2009  3 25     1.83110470
2009  3 26     1.86161035
2009  3 27     2.07740231
2009  3 28     2.23598409
2009  3 29     2.74371037
2009  3 30     2.42463489
2009  3 31     1.77871477
2009  4  1     1.84162917
2009  4  2     2.11979428
2009  4  3     1.93025564
2009  4  4     1.36825648
2009  4  5     1.11388418
2009  4  6     1.20507303
2009  4  7     1.79340403
2009  4  8     4.96008614
2009  4  9     3.98584194
2009  4 10     2.60441085
2009  4 11     1.80754173
2009  4 12     1.40020777
2009  4 13     1.65918710
2009  4 14     1.98835104
2009  4 15     1.51545480
2009  4 16     1.04935670
2009  4 17     0.97163627
2009  4 18     1.41822750
2009  4 19     2.54705355
2009  4 20     4.12188868
2009  4 21     5.54769980
2009  4 22     6.45565650
2009  4 23     6.84315388
2009  4 24     5.89969011
2009  4 25     3.57618760
2009  4 26     2.11894093
2009  4 27     1.90760411
2009  4 28     1.84420320
2009  4 29     1.46935154
2009  4 30     1.51830149
2009  5  1     3.30289118
2009  5  2    17.85043000
2009  5  3    14.45757616
2009  5  4     7.19429331
2009  5  5     6.04563675
2009  5  6     5.22923664
2009  5  7     4.99355065
2009  5  8     5.19790788
2009  5  9     5.25189905
2009  5 10     5.49411693
2009  5 11     5.66567796
2009  5 12     5.43019754
2009  5 13     4.81595572
2009  5 14     4.32350132
2009  5 15     4.41016305
2009  5 16     4.68608297
2009  5 17     5.00448933
2009  5 18     5.20205697
2009  5 19     4.95650416
2009  5 20     4.11282230
2009  5 21     3.22787449
2009  5 22     2.80177081
2009  5 23     2.51825912
2009  5 24     2.18485620
2009  5 25     1.89773972
2009  5 26     1.72378258
2009  5 27     1.65563825
2009  5 28     1.64920798
2009  5 29     1.53093811
2009  5 30     1.20012133
2009  5 31     3.02311491
2009  6  1     2.93155360
2009  6  2     1.31310650
2009  6  3     0.98686728
2009  6  4     0.83876130
2009  6  5     1.68227269
2009  6  6     1.55058134
2009  6  7     1.21953560
2009  6  8     1.03801972
2009  6  9     0.74244411
2009  6 10     0.65756073
2009  6 11     0.51186785
2009  6 12     0.45548996
2009  6 13     0.49572179
2009  6 14     0.57011949
2009  6 15     0.44966401
2009  6 16     0.45584989
2009  6 17     0.45430351
2009  6 18     0.33536139
2009  6 19     0.31151937
2009  6 20     0.27614606
2009  6 21     0.25620754
2009  6 22     0.23903522
2009  6 23     0.22391847
2009  6 24     0.21018354
2009  6 25     0.19835181
2009  6 26     0.18985618
2009  6 27     0.18123380
2009  6 28     0.17133181
2009  6 29     0.16277297
2009  6 30     0.16004855
2009  7  1     0.15426164
2009  7  2     0.14511466
2009  7  3     0.13947273
2009  7  4     0.13461557
2009  7  5     0.13030366
2009  7  6     0.12623006
2009  7  7     0.12255116
2009  7  8     0.11892532
2009  7  9     0.11503011
2009  7 10     0.11114176
2009  7 11     0.10677551
2009  7 12     0.10262401
2009  7 13     0.09928912
2009  7 14     0.09604945
2009  7 15     0.09298638
2009  7 16     0.08990976
2009  7 17     0.08711706
2009  7 18     0.08446391
2009  7 19     0.08189067
2009  7 20     0.07950422
2009  7 21     0.07725602
2009  7 22     0.07516667
2009  7 23     0.07322848
2009  7 24     0.07244674
2009  7 25     0.07039414
2009  7 26     0.06708854
2009  7 27     0.06956310
2009  7 28     0.06807951
2009  7 29     0.06171591
2009  7 30     0.06028472
2009  7 31     0.05834178
2009  8  1     0.07296595
2009  8  2     0.06992923
2009  8  3     0.05358250
2009  8  4     0.05215845
2009  8  5     0.05063788
2009  8  6     0.04932284
2009  8  7     0.04845134
2009  8  8     0.04724669
2009  8  9     0.04566283
2009  8 10     0.04412902
2009  8 11     0.04275491
2009  8 12     0.04147558
2009  8 13     0.04032845
2009  8 14     0.03930496
2009  8 15     0.03837883
2009  8 16     0.03742392
2009  8 17     0.03633950
2009  8 18     0.03519596
2009  8 19     0.03405594
2009  8 20     0.03298433
2009  8 21     0.03201951
2009  8 22     0.04461335
2009  8 23     0.27114690
2009  8 24     0.29085825
2009  8 25     0.10153714
2009  8 26     0.02833260
2009  8 27     0.02752083
2009  8 28     0.02668307
2009  8 29     0.02588686
2009  8 30     0.02511477
2009  8 31     0.02441544
2009  9  1     0.02379200
2009  9  2     0.02312209
2009  9  3     0.02241490
2009  9  4     0.02178513
2009  9  5     0.02133131
2009  9  6     0.02091564
2009  9  7     0.02045756
2009  9  8     0.01994001
2009  9  9     0.01936786
2009  9 10     0.01872964
2009  9 11     0.01806795
2009  9 12     0.01737521
2009  9 13     0.04310890
2009  9 14     0.05567925
2009  9 15     0.02853953
2009  9 16     0.01657116
2009  9 17     0.01557067
2009  9 18     0.01503319
2009  9 19     0.01442746
2009  9 20     0.01404105
2009  9 21     0.01374748
2009  9 22     0.01330859
2009  9 23     0.01292243
2009  9 24     0.01260656
2009  9 25     0.01228389
2009  9 26     0.01186608
2009  9 27     0.01144574
2009  9 28     0.01111520
2009  9 29     0.01095534
2009  9 30     0.01128117
2009 10  1     0.01128594
2009 10  2     0.01086753
2009 10  3     0.01047382
2009 10  4     0.10831787
2009 10  5     0.08703780
2009 10  6     0.01224397
2009 10  7     0.01071735
2009 10  8     0.00964697
2009 10  9     0.00915368
2009 10 10     0.00883628
2009 10 11     0.00859363
2009 10 12     0.00841168
2009 10 13     0.45418379
2009 10 14     7.79368063
2009 10 15     5.31817447
2009 10 16     0.90602301
2009 10 17     0.62005801
2009 10 18     0.42871320
2009 10 19     0.30708161
2009 10 20     0.36548760
2009 10 21     0.27896541
2009 10 22     0.15919603
2009 10 23     0.14080043
2009 10 24     0.11209437
2009 10 25     0.09189245
2009 10 26     0.07692157
2009 10 27     0.06527785
2009 10 28     0.05688876
2009 10 29     0.05008368
2009 10 30     0.04421308
2009 10 31     0.04959197
2009 11  1     0.05696422
2009 11  2     0.04268936
2009 11  3     0.02715753
2009 11  4     0.02556467
2009 11  5     0.02226570
2009 11  6     0.01975927
2009 11  7     0.01771168
2009 11  8     0.01601114
2009 11  9     0.01454947
2009 11 10     0.01325074
2009 11 11     0.01212394
2009 11 12     0.26771637
2009 11 13     0.23787496
2009 11 14     0.05690162
2009 11 15     0.03446095
2009 11 16     0.03627027
2009 11 17     0.07390778
2009 11 18     0.10225352
2009 11 19     0.06194114
2009 11 20     0.06085925
2009 11 21     0.76378407
2009 11 22     0.39418539
2009 11 23     0.10697932
2009 11 24     0.10383302
2009 11 25     0.07198407
2009 11 26     0.05277683
2009 11 27     0.06198485
2009 11 28     0.48585564
2009 11 29     0.44038186
2009 11 30     0.12749021
2009 12  1     0.11918339
2009 12  2     0.08288695
2009 12  3     0.06028753
2009 12  4     0.04579725
2009 12  5     0.03702563
2009 12  6     0.03091625
2009 12  7     0.45712689
2009 12  8     0.27294754
2009 12  9     0.03299082
2009 12 10     0.02002703
2009 12 11     0.52158109
2009 12 12     1.99187091
2009 12 13     2.97501152
2009 12 14     1.35833882
2009 12 15     0.26175610
2009 12 16     0.15855521
2009 12 17     0.12819378
2009 12 18     0.10799375
2009 12 19     0.09262374
2009 12 20     0.08175697
2009 12 21     0.09481103
2009 12 22     1.52845371
2009 12 23     0.78802442
2009 12 24     0.22260263
2009 12 25     0.19000978
2009 12 26     0.15293945
2009 12 27     0.53688097
2009 12 28     0.32310503
2009 12 29     0.22416184
2009 12 30     0.61047198
2009 12 31     0.36347133
2010  1  1     0.18606479
2010  1  2     0.17003240
2010  1  3     0.14991692
2010  1  4     0.13685313
2010  1  5     0.12834536
2010  1  6     0.12281540
2010  1  7     0.12170138
2010  1  8     0.12657613
2010  1  9     0.13906551
2010  1 10     0.19235424
2010  1 11     0.17228508
2010  1 12     0.19191689
2010  1 13     4.82186956
2010  1 14     3.82611516
2010  1 15     0.98782833
2010  1 16     0.78214440
2010  1 17     0.67638251
2010  1 18     3.22486753
2010  1 19     4.91832267
2010  1 20     3.37532162
2010  1 21     3.57329809
2010  1 22     3.29491715
2010  1 23     2.28822941
2010  1 24     1.00581108
2010  1 25     0.76544328
2010  1 26     0.88631486
2010  1 27     0.66878413
2010  1 28     0.58666907
2010  1 29     0.54240477
2010  1 30     0.60980304
2010  1 31     0.52391014
2010  2  1     0.43863409
2010  2  2     0.43090245
2010  2  3     0.42343249
2010  2  4     0.42342637
2010  2  5     1.77750679
2010  2  6     2.24228463
2010  2  7     2.35557413
2010  2  8     1.08194747
2010  2  9     0.86177782
2010  2 10     0.78438136
2010  2 11     0.59205924
2010  2 12     0.55406233
2010  2 13     0.58291091
2010  2 14     0.65596609
2010  2 15     0.71609296
2010  2 16     0.78644981
2010  2 17     0.86895269
2010  2 18     0.94893012
2010  2 19     0.93438135
2010  2 20     1.18445442
2010  2 21     1.43282457
2010  2 22     1.40430032
2010  2 23     0.81494739
2010  2 24     6.04727326
2010  2 25     4.06776071
2010  2 26     1.66732774
2010  2 27    10.52771348
2010  2 28     6.55793854
2010  3  1     2.37220500
2010  3  2     2.16718362
2010  3  3     3.43201285
2010  3  4     5.49953558
2010  3  5     2.34384572
2010  3  6     1.45076923
2010  3  7     1.29077823
2010  3  8     1.23009877
2010  3  9     1.09500594
2010  3 10     1.11529509
2010  3 11     0.93178475
2010  3 12     0.91229226
2010  3 13     6.43340485
2010  3 14     3.48005387
2010  3 15     1.60268425
2010  3 16     1.69528842
2010  3 17     1.97980887
2010  3 18     2.22553176
2010  3 19     1.83400912
2010  3 20     1.98481792
2010  3 21     2.29016076
2010  3 22     2.16794872
2010  3 23     1.99073282
2010  3 24     1.93543418
2010  3 25     2.25848483
2010  3 26     1.88422804
2010  3 27     1.27711817
2010  3 28     1.41341948
2010  3 29     1.97549354
2010  3 30     3.33782510
2010  3 31     3.85249851
2010  4  1     1.86914603
2010  4  2     1.33998767
2010  4  3     2.02725438
2010  4  4     1.30319419
2010  4  5     5.61366666
2010  4  6     2.31535602
2010  4  7     1.18604271
2010  4  8     1.37356827
2010  4  9     2.03432105
2010  4 10     2.42424388
2010  4 11     2.18338509
2010  4 12     5.05227323
2010  4 13     4.71706330
2010  4 14     1.95001775
2010  4 15     1.48261568
2010  4 16     2.01885795
2010  4 17     2.41324343
2010  4 18     2.84634903
2010  4 19     3.62910915
2010  4 20     5.35210190
2010  4 21     7.11490415
2010  4 22     3.92078299
2010  4 23     2.09911286
2010  4 24     2.09986923
2010  4 25     2.97213204
2010  4 26     3.88610681
2010  4 27     4.79780196
2010  4 28     5.62581634
2010  4 29     3.85189690
2010  4 30     2.23155219
2010  5  1     1.94625894
2010  5  2     2.01324988
2010  5  3     2.69821537
2010  5  4     3.80814967
2010  5  5     4.43563474
2010  5  6     3.52205217
2010  5  7     2.39031795
2010  5  8     2.81333742
2010  5  9     3.01449316
2010  5 10     2.06517271
2010  5 11     2.31468087
2010  5 12     1.47738416
2010  5 13     1.70663355
2010  5 14     2.45743606
2010  5 15     3.37788297
2010  5 16     4.77658954
2010  5 17     6.09192203
2010  5 18     5.11992465
2010  5 19     3.56204382
2010  5 20     4.27330201
2010  5 21     4.69633840
2010  5 22     3.14184715
2010  5 23     1.78564122
2010  5 24     1.45330291
2010  5 25     1.23394685
2010  5 26     2.29215278
2010  5 27     3.23082674
2010  5 28     3.42080949
2010  5 29     2.00499690
2010  5 30     2.32533352
2010  5 31     4.14352111
2010  6  1     5.88326706
2010  6  2     6.16181781
2010  6  3     6.61812709
2010  6  4     7.53250753
2010  6  5     7.56906158
2010  6  6     7.99324282
2010  6  7     8.78858344
2010  6  8     8.53709300
2010  6  9     8.03196545
2010  6 10     7.22018164
2010  6 11     5.54226713
2010  6 12     4.62484337
2010  6 13     4.48338024
2010  6 14     4.77910972
2010  6 15     5.17650921
2010  6 16     4.93060469
2010  6 17     3.88500996
2010  6 18     3.36259515
2010  6 19     3.25313217
2010  6 20     2.87782859
2010  6 21     2.71081154
2010  6 22     2.69271762
2010  6 23     2.89047998
2010  6 24     3.09663829
2010  6 25     3.06022444
2010  6 26     2.67252566
2010  6 27     2.43237894
2010  6 28     2.40011379
2010  6 29     2.36151570
2010  6 30     2.20612600
2010  7  1     1.91109613
2010  7  2     1.61702580
2010  7  3     1.33752977
2010  7  4     1.00545469
2010  7  5     0.77508363
2010  7  6     0.68415606
2010  7  7     0.62377475
2010  7  8     0.56354076
2010  7  9     0.46236041
2010  7 10     0.38256043
2010  7 11     0.34158551
2010  7 12     0.30831510
2010  7 13     0.28134370
2010  7 14     0.26006840
2010  7 15     0.24081441
2010  7 16     0.23399152
2010  7 17     0.23465832
2010  7 18     0.21200256
2010  7 19     0.18410316
2010  7 20     0.17396563
2010  7 21     0.16536520
2010  7 22     0.15784893
2010  7 23     0.15053455
2010  7 24     0.14334049
2010  7 25     0.13980928
2010  7 26     0.16898394
2010  7 27     0.15984292
2010  7 28     0.12213168
2010  7 29     0.11743353
2010  7 30     0.11303706
2010  7 31     0.10904541
2010  8  1     0.10550321
2010  8  2     0.10206863
2010  8  3     0.09866173
2010  8  4     0.09550315
2010  8  5     0.09242765
2010  8  6     0.08960883
2010  8  7     0.08690805
2010  8  8     0.08430343
2010  8  9     0.10562226
2010  8 10     0.09635998
2010  8 11     0.07731852
2010  8 12     0.07533096
2010  8 13     0.07315078
2010  8 14     0.07052880
2010  8 15     0.06833438
2010  8 16     0.06636879
2010  8 17     0.06440515
2010  8 18     0.06248388
2010  8 19     0.06079081
2010  8 20     0.05919190
2010  8 21     0.05749461
2010  8 22     0.05596085
2010  8 23     0.05463133
2010  8 24     0.05304252
2010  8 25     0.05114556
2010  8 26     0.04939615
2010  8 27     0.04813236
2010  8 28     0.04723369
2010  8 29     0.04662388
2010  8 30     0.04765979
2010  8 31     0.04619581
2010  9  1     0.04301689
2010  9  2     0.04138764
2010  9  3     0.03994395
2010  9  4     0.03871709
2010  9  5     0.03774022
2010  9  6     0.03687926
2010  9  7     0.03595807
2010  9  8     0.03497572
2010  9  9     0.03490354
2010  9 10     0.03416875
2010  9 11     0.03274366
2010  9 12     0.03164284
2010  9 13     0.03068761
2010  9 14     0.02992441
2010  9 15     0.02919439
2010  9 16     0.02840778
2010  9 17     0.02759761
2010  9 18     0.02685060
2010  9 19     0.02614309
2010  9 20     0.02561389
2010  9 21     0.02503791
2010  9 22     0.02436641
2010  9 23     0.02383633
2010  9 24     0.02317464
2010  9 25     0.02228441
2010  9 26     0.02128009
2010  9 27     0.02063459
2010  9 28     0.01989885
2010  9 29     0.01920660
2010  9 30     0.01869518
2010 10  1     0.01895352
2010 10  2     0.01882907
2010 10  3     0.66135450
2010 10  4     2.65386222
2010 10  5     2.52711861
2010 10  6     1.26398267
2010 10  7     0.83965811
2010 10  8     0.45849772
2010 10  9     0.28692703
2010 10 10     0.22585026
2010 10 11     0.18192616
2010 10 12     0.13880135
2010 10 13     0.12103912
2010 10 14     0.09943527
2010 10 15     0.07657643
2010 10 16     0.06238480
2010 10 17     0.05397328
2010 10 18     0.19779277
2010 10 19     0.16339688
2010 10 20     0.05356488
2010 10 21     0.04644179
2010 10 22     0.04020708
2010 10 23     0.35445443
2010 10 24     3.55154169
2010 10 25    11.67620269
2010 10 26     7.68688202
2010 10 27     1.92256341
2010 10 28     1.34198283
2010 10 29     0.95409198
2010 10 30     0.94208243
2010 10 31     0.74108731
2010 11  1     0.45066012
2010 11  2     0.37647653
2010 11  3     0.29962442
2010 11  4     0.24354943
2010 11  5     0.20197690
2010 11  6     0.17020870
2010 11  7     0.39184332
2010 11  8     2.92153265
2010 11  9     1.79075726
2010 11 10     0.78143558
2010 11 11     0.58447403
2010 11 12     0.34645527
2010 11 13     0.28206907
2010 11 14     0.22864181
2010 11 15     0.22816459
2010 11 16     0.24552904
2010 11 17     0.22431583
2010 11 18     0.22403267
2010 11 19     0.24116333
2010 11 20     3.39615373
2010 11 21     3.57545000
2010 11 22     2.02930797
2010 11 23     1.25917313
2010 11 24     1.10199977
2010 11 25     0.43112374
2010 11 26     0.30488658
2010 11 27     0.40191600
2010 11 28     1.09437457
2010 11 29     0.33999247
2010 11 30     0.19409670
2010 12  1     0.17726015
2010 12  2     0.17756895
2010 12  3     0.18086776
2010 12  4     0.18824071
2010 12  5     0.24660850
2010 12  6     5.74933708
2010 12  7     4.33366658
2010 12  8     1.29460583
2010 12  9     4.02743368
2010 12 10     4.69254843
2010 12 11     2.63192450
2010 12 12     1.45688085
2010 12 13     1.17040597
2010 12 14     2.01543868
2010 12 15     7.09314948
2010 12 16     4.57095604
2010 12 17     2.25251187
2010 12 18    12.13052669
2010 12 19    23.49850533
2010 12 20    21.99249523
2010 12 21    10.43243976
2010 12 22     5.88802905
2010 12 23     4.71013022
2010 12 24     3.33824932
2010 12 25     2.68253900
2010 12 26     7.34891378
2010 12 27     4.35405399
2010 12 28     2.47605924
2010 12 29    17.16936832
2010 12 30     8.82288522
2010 12 31     3.46534808
2011  1  1     2.92677787
2011  1  2     7.78747350
2011  1  3     6.24999554
2011  1  4     3.20550990
2011  1  5     2.34617107
2011  1  6     2.09732117
2011  1  7     1.89832284
2011  1  8     1.74337656
2011  1  9     1.63314372
2011  1 10     1.52566041
2011  1 11     1.50106912
2011  1 12     1.95819696
2011  1 13     1.69994504
2011  1 14     1.46035763
2011  1 15     1.42037051
2011  1 16     1.36283884
2011  1 17     1.32258233
2011  1 18     1.29764859
2011  1 19     1.26586233
2011  1 20     1.23543468
2011  1 21     1.20347470
2011  1 22     1.17893604
2011  1 23     1.21252501
2011  1 24     1.21492337
2011  1 25     1.20858906
2011  1 26     1.20292019
2011  1 27     1.21282601
2011  1 28     1.22959947
2011  1 29     1.22247758
2011  1 30     4.17103002
2011  1 31     3.73515173
2011  2  1     1.68317216
2011  2  2     1.39880556
2011  2  3     1.19886715
2011  2  4     1.05802797
2011  2  5     1.01660912
2011  2  6     1.02055103
2011  2  7     1.07031114
2011  2  8     1.02460558
2011  2  9     0.87377402
2011  2 10     0.79027577
2011  2 11     0.74448563
2011  2 12     0.72447082
2011  2 13     0.79111160
2011  2 14     0.87567787
2011  2 15     0.81649935
2011  2 16     5.15962066
2011  2 17     4.58631766
2011  2 18     6.41127842
2011  2 19     9.01488519
2011  2 20     3.53902033
2011  2 21     1.66502678
2011  2 22     1.37459779
2011  2 23     1.17516787
2011  2 24     1.05059670
2011  2 25     3.05346977
2011  2 26     3.54571957
2011  2 27     1.39287861
2011  2 28     1.38409390
2011  3  1     1.12162089
2011  3  2     3.03260431
2011  3  3     5.87223589
2011  3  4     3.16675569
2011  3  5     2.02340811
2011  3  6     5.26509411
2011  3  7    11.40667608
2011  3  8     5.30057270
2011  3  9     2.81460910
2011  3 10     2.89536930
2011  3 11     2.87048086
2011  3 12     2.62752337
2011  3 13     2.54126770
2011  3 14     3.56842823
2011  3 15     3.35565985
2011  3 16    16.87800529
2011  3 17    12.80796407
2011  3 18     5.05995062
2011  3 19     9.48822990
2011  3 20    12.65328517
2011  3 21    18.41447649
2011  3 22     8.14681263
2011  3 23     4.66025707
2011  3 24     7.02454964
2011  3 25     9.70143996
2011  3 26     7.19135880
2011  3 27     8.76514866
2011  3 28     4.78191258
2011  3 29     3.46227602
2011  3 30     3.47573951
2011  3 31     3.77527559
2011  4  1     4.74597861
2011  4  2     6.20693003
2011  4  3     6.10673887
2011  4  4     4.93118917
2011  4  5     4.98945575
2011  4  6     5.51158576
2011  4  7     5.42301637
2011  4  8     4.10817597
2011  4  9     2.85058391
2011  4 10     2.54528151
2011  4 11     2.48456182
2011  4 12     2.53115364
2011  4 13     2.68245133
2011  4 14     2.28659892
2011  4 15     2.18522840
2011  4 16     3.36111628
2011  4 17     5.02773350
2011  4 18     6.18768343
2011  4 19     6.08588985
2011  4 20     5.79501316
2011  4 21     8.45774633
2011  4 22     6.94517295
2011  4 23     4.54683613
2011  4 24     4.09638281
2011  4 25     3.39319543
2011  4 26     2.85138504
2011  4 27     2.93340421
2011  4 28     3.86707210
2011  4 29     3.83513293
2011  4 30     2.88672084
2011  5  1     2.58553285
2011  5  2     3.17184696
2011  5  3     4.43861051
2011  5  4     5.69134162
2011  5  5     7.17438314
2011  5  6     8.13091079
2011  5  7     8.22381014
2011  5  8     7.41120546
2011  5  9     4.89335686
2011  5 10     2.99339969
2011  5 11     2.86961758
2011  5 12     3.90627284
2011  5 13     5.34074758
2011  5 14     6.34915622
2011  5 15     6.75121867
2011  5 16     4.17690634
2011  5 17     2.87672888
2011  5 18     4.44587403
2011  5 19     2.81814835
2011  5 20     2.32858419
2011  5 21     4.06098557
2011  5 22     5.29887135
2011  5 23     4.82335196
2011  5 24     3.76164012
2011  5 25     3.99159493
2011  5 26     4.43841826
2011  5 27     4.08828924
2011  5 28     4.77532037
2011  5 29     3.87384016
2011  5 30     2.25101611
2011  5 31     2.20862830
2011  6  1     3.00223009
2011  6  2     2.54662888
2011  6  3     1.69512402
2011  6  4     2.15854221
2011  6  5     4.45137842
2011  6  6     7.84245899
2011  6  7     5.35242678
2011  6  8     3.96182887
2011  6  9     5.26436307
2011  6 10     6.48219027
2011  6 11     7.17545158
2011  6 12     6.93398348
2011  6 13     6.86602088
2011  6 14     7.45989535
2011  6 15     8.27653811
2011  6 16     8.78028170
2011  6 17     7.99689547
2011  6 18     7.26085311
2011  6 19     7.44210547
2011  6 20     7.46811355
2011  6 21     7.87842280
2011  6 22     8.97631191
2011  6 23     9.52986721
2011  6 24     9.13243278
2011  6 25     8.25339352
2011  6 26     7.47022917
2011  6 27     7.14174664
2011  6 28     6.82050444
2011  6 29    11.78194219
2011  6 30     9.48411981
2011  7  1     5.70929369
2011  7  2     6.29252773
2011  7  3     6.52523111
2011  7  4     6.22000253
2011  7  5     5.78401146
2011  7  6     5.53987577
2011  7  7     5.13888791
2011  7  8     4.35889196
2011  7  9     3.62724258
2011  7 10     3.16506898
2011  7 11     2.84007971
2011  7 12     2.59993116
2011  7 13     2.35919261
2011  7 14     2.11849312
2011  7 15     1.96350963
2011  7 16     1.81442444
2011  7 17     1.67223197
2011  7 18     1.56802160
2011  7 19     1.45611260
2011  7 20     1.33164237
2011  7 21     1.04866460
2011  7 22     0.81513965
2011  7 23     0.72891748
2011  7 24     0.65774637
2011  7 25     0.60268281
2011  7 26     0.55434951
2011  7 27     0.51541038
2011  7 28     0.47151824
2011  7 29     0.40697921
2011  7 30     0.35669066
2011  7 31     0.45445574
2011  8  1     0.48214225
2011  8  2     0.34287379
2011  8  3     0.27836664
2011  8  4     0.26270722
2011  8  5     0.24983319
2011  8  6     0.23765760
2011  8  7     0.22628147
2011  8  8     0.21599756
2011  8  9     0.20666735
2011  8 10     0.19840789
2011  8 11     0.19061374
2011  8 12     0.18332116
2011  8 13     0.17610399
2011  8 14     0.16921461
2011  8 15     0.16443557
2011  8 16     0.15989793
2011  8 17     0.15469393
2011  8 18     0.14892520
2011  8 19     0.14331814
2011  8 20     0.13932562
2011  8 21     0.13614189
2011  8 22     0.13281923
2011  8 23     0.12863133
2011  8 24     0.12338519
2011  8 25     0.11800769
2011  8 26     0.11450821
2011  8 27     0.11079055
2011  8 28     0.10679454
2011  8 29     0.10358391
2011  8 30     0.10133626
2011  8 31     0.09977729
2011  9  1     0.09789528
2011  9  2     0.09540802
2011  9  3     0.09237698
2011  9  4     0.08924193
2011  9  5     0.08597291
2011  9  6     0.08381712
2011  9  7     0.08217361
2011  9  8     0.07919512
2011  9  9     0.07686720
2011  9 10     0.14948910
2011  9 11     0.39957514
2011  9 12     0.53105977
2011  9 13     0.54055831
2011  9 14     0.96154877
2011  9 15     0.67569318
2011  9 16     0.15397330
2011  9 17     0.14033486
2011  9 18     0.11531180
2011  9 19     0.09776057
2011  9 20     0.13644602
2011  9 21     0.12517960
2011  9 22     0.21019981
2011  9 23     0.19547608
2011  9 24     0.07963802
2011  9 25     0.63076721
2011  9 26     0.59020258
2011  9 27     0.16801667
2011  9 28     0.15440017
2011  9 29     0.11898833
2011  9 30     0.09682994
2011 10  1     0.08277204
2011 10  2     0.07267939
2011 10  3     0.06569227
2011 10  4     0.06218711
2011 10  5     5.17796786
2011 10  6     4.66585251
2011 10  7     1.35798481
2011 10  8     0.80294533
2011 10  9     0.79465231
2011 10 10     1.01990590
2011 10 11     1.53939318
2011 10 12     1.12462750
2011 10 13     0.50991081
2011 10 14     0.39953825
2011 10 15     0.30179493
2011 10 16     0.23614502
2011 10 17     0.19156934
2011 10 18     0.15967306
2011 10 19     0.13600975
2011 10 20     0.11845181
2011 10 21     0.10450369
2011 10 22     0.09298799
2011 10 23     0.08315335
2011 10 24     0.07470418
2011 10 25     0.06823077
2011 10 26     0.06436792
2011 10 27     0.06081499
2011 10 28     0.05638845
2011 10 29     0.05151559
2011 10 30     0.04724577
2011 10 31     0.04378892
2011 11  1     0.04075323
2011 11  2     0.03918960
2011 11  3     0.03833887
2011 11  4     0.92865321
2011 11  5     0.73233637
2011 11  6     0.39401443
2011 11  7     0.21411637
2011 11  8     0.11330924
2011 11  9     0.09055091
2011 11 10     0.09347337
2011 11 11     0.20040271
2011 11 12     1.12729580
2011 11 13     0.77876136
2011 11 14     0.33560194
2011 11 15     0.29771390
2011 11 16     0.22820055
2011 11 17     0.20511565
2011 11 18     0.17222444
2011 11 19     0.14530548
2011 11 20     0.19667696
2011 11 21     0.14454174
2011 11 22     0.09254316
2011 11 23     0.06535976
2011 11 24     0.07870380
2011 11 25     0.07952628
2011 11 26     0.07343559
2011 11 27     0.12358078
2011 11 28     0.14112141
2011 11 29     0.13731841
2011 11 30     0.13225679
2011 12  1     0.09490757
2011 12  2     0.06985166
2011 12  3     0.05964275
2011 12  4     0.04882794
2011 12  5     0.04151863
2011 12  6     0.03631726
2011 12  7     0.03260123
2011 12  8     0.02939402
2011 12  9     0.02707083
2011 12 10     0.02524728
2011 12 11     0.02393825
2011 12 12     0.02311102
2011 12 13     0.02248464
2011 12 14     0.02162307
2011 12 15     0.02073838
2011 12 16     0.02298750
2011 12 17     0.01958701
2011 12 18     0.01803088
2011 12 19     0.01723446
2011 12 20     0.01692100
2011 12 21     0.01672987
2011 12 22     0.01627791
2011 12 23     0.01598767
2011 12 24     0.01539879
2011 12 25     0.01454575
2011 12 26     0.01357986
2011 12 27     0.01282742
2011 12 28     0.01226126
2011 12 29     0.01249204
2011 12 30     0.01266687
2011 12 31     0.01169668
2012  1  1     0.01121208
2012  1  2     0.01238790
2012  1  3     0.01321059
2012  1  4     0.01879317
2012  1  5     0.02460541
2012  1  6     0.02719686
2012  1  7     0.02305173
2012  1  8     0.01754790
2012  1  9     0.01571676
2012  1 10     0.01437686
2012  1 11     0.01453979
2012  1 12     0.01242744
2012  1 13     0.01034992
2012  1 14     0.01000022
2012  1 15     0.00906745
2012  1 16     0.00837715
2012  1 17     0.00907567
2012  1 18     0.00899277
2012  1 19     0.00733581
2012  1 20     0.03306377
2012  1 21    17.10259561
2012  1 22    14.14121389
2012  1 23     4.91920781
2012  1 24     4.38601734
2012  1 25     2.26034874
2012  1 26     1.47765819
2012  1 27     1.21395094
2012  1 28     0.98816124
2012  1 29     0.84442040
2012  1 30     0.81047605
2012  1 31     0.76958824
2012  2  1     0.64006330
2012  2  2     0.52204594
2012  2  3     0.46157857
2012  2  4     0.40639264
2012  2  5     0.36396388
2012  2  6     0.33231849
2012  2  7     0.32057530
2012  2  8     0.31830980
2012  2  9     0.31505788
2012  2 10     0.39203720
2012  2 11     0.48171567
2012  2 12     0.38331616
2012  2 13     1.46235024
2012  2 14     1.06616774
2012  2 15     0.71893639
2012  2 16     0.45292163
2012  2 17     0.33918279
2012  2 18     0.35460383
2012  2 19     0.32146816
2012  2 20     0.27740114
2012  2 21     0.25726818
2012  2 22     0.28974972
2012  2 23     0.40764466
2012  2 24     0.57070403
2012  2 25     0.73840748
2012  2 26     0.57708814
2012  2 27     0.35937693
2012  2 28     0.31243282
2012  2 29     0.50657807
2012  3  1     1.17972952
2012  3  2     0.50072337
2012  3  3     0.29153657
2012  3  4     0.59599711
2012  3  5     1.22795879
2012  3  6     1.64154103
2012  3  7     1.06412761
2012  3  8     0.59704639
2012  3  9     0.64472853
2012  3 10     0.91637340
2012  3 11     1.16275595
2012  3 12     0.90854660
2012  3 13     0.67665724
2012  3 14     1.05667022
2012  3 15     1.78223165
2012  3 16     1.79535190
2012  3 17     7.15833344
2012  3 18     5.45977783
2012  3 19     2.23438877
2012  3 20     1.23807451
2012  3 21     1.07257260
2012  3 22     1.29095934
2012  3 23     1.76205148
2012  3 24     1.97622063
2012  3 25     2.57830458
2012  3 26     2.42600495
2012  3 27     1.40327455
2012  3 28     2.78077095
2012  3 29     2.44698561
2012  3 30     2.15703313
2012  3 31     2.79216123
2012  4  1     6.42988904
2012  4  2     3.32774033
2012  4  3     1.62368108
2012  4  4     1.81029709
2012  4  5     1.50281431
2012  4  6     1.00941039
2012  4  7     0.90371023
2012  4  8     1.13443975
2012  4  9     1.67851851
2012  4 10     2.24995862
2012  4 11     3.88356390
2012  4 12     4.13489509
2012  4 13     4.83568790
2012  4 14     3.54264602
2012  4 15     1.58601724
2012  4 16     1.49024269
2012  4 17     2.38537560
2012  4 18     3.80561331
2012  4 19     4.43829267
2012  4 20     4.85918377
2012  4 21     5.68866132
2012  4 22     6.34893478
2012  4 23     6.40696674
2012  4 24     5.96991825
2012  4 25     5.22077395
2012  4 26     8.20586006
2012  4 27     6.56511544
2012  4 28     3.44232920
2012  4 29     3.09684830
2012  4 30     3.09554005
2012  5  1     3.23155826
2012  5  2     2.79380276
2012  5  3     2.41661672
2012  5  4     2.05089654
2012  5  5     1.52219507
2012  5  6     1.32524931
2012  5  7     1.32525199
2012  5  8     1.33068697
2012  5  9     1.35629274
2012  5 10     1.33065910
2012  5 11     1.16554207
2012  5 12     0.91008074
2012  5 13     0.75985235
2012  5 14     0.70721942
2012  5 15     0.63652616
2012  5 16     0.57220875
2012  5 17     0.54701884
2012  5 18     0.49976011
2012  5 19     0.44129143
2012  5 20     0.41505690
2012  5 21     0.38611539
2012  5 22     0.34481359
2012  5 23     0.32348075
2012  5 24     0.30325346
2012  5 25     0.28700790
2012  5 26     0.32684478
2012  5 27     0.31199247
2012  5 28     0.38472492
2012  5 29     0.34460833
2012  5 30     0.22857213
2012  5 31     0.21862653
2012  6  1     0.21022079
2012  6  2     0.20160941
2012  6  3     0.19242281
2012  6  4     0.18572646
2012  6  5     1.45568877
2012  6  6     1.00757246
2012  6  7     0.29041778
2012  6  8     0.27129350
2012  6  9     0.23085268
2012  6 10     0.20441628
2012  6 11     0.18553653
2012  6 12     0.17102669
2012  6 13     0.15995488
2012  6 14     0.15115980
2012  6 15     0.14414409
2012  6 16     0.14344003
2012  6 17     0.13517860
2012  6 18     0.12472115
2012  6 19     0.12100729
2012  6 20     0.11706471
2012  6 21     0.11219360
2012  6 22     0.10892422
2012  6 23     0.10624614
2012  6 24     0.10364429
2012  6 25     0.10042885
2012  6 26     0.09720748
2012  6 27     0.09370364
2012  6 28     0.08971636
2012  6 29     0.08624005
2012  6 30     0.08347420
2012  7  1     0.08052262
2012  7  2     0.07779702
2012  7  3     0.07514620
2012  7  4     0.07272474
2012  7  5     0.07051727
2012  7  6     0.06846011
2012  7  7     0.06631762
2012  7  8     0.06426863
2012  7  9     0.06239095
2012  7 10     0.06058532
2012  7 11     0.05877326
2012  7 12     0.05702880
2012  7 13     0.05541443
2012  7 14     0.05422613
2012  7 15     0.05286200
2012  7 16     0.05114398
2012  7 17     0.04979972
2012  7 18     0.04854930
2012  7 19     0.04716786
2012  7 20     0.06286311
2012  7 21     0.05622619
2012  7 22     0.04290487
2012  7 23     0.05286728
2012  7 24     0.05516600
2012  7 25     0.04457807
2012  7 26     0.03848147
2012  7 27     0.03737358
2012  7 28     0.03639855
2012  7 29     0.03539958
2012  7 30     0.03434678
2012  7 31     0.03327897
2012  8  1     0.03229452
2012  8  2     0.03136578
2012  8  3     0.03041505
2012  8  4     0.02949616
2012  8  5     0.05125664
2012  8  6     0.04744117
2012  8  7     0.02718269
2012  8  8     0.02633444
2012  8  9     0.02693865
2012  8 10     0.02625630
2012  8 11     0.02387537
2012  8 12     0.02315257
2012  8 13     0.03674813
2012  8 14     0.03461819
2012  8 15     0.12984398
2012  8 16     0.10533561
2012  8 17     0.02015961
2012  8 18     0.05707121
2012  8 19     0.07737097
2012  8 20     0.04278133
2012  8 21     0.01812748
2012  8 22     0.06985414
2012  8 23     0.06314845
2012  8 24     0.01675070
2012  8 25     0.01612527
2012  8 26     0.01570966
2012  8 27     0.01556403
2012  8 28     0.01515983
2012  8 29     0.01460453
2012  8 30     0.01404002
2012  8 31     0.01354428
2012  9  1     0.01346157
2012  9  2     0.01330041
2012  9  3     0.01286026
2012  9  4     0.01238262
2012  9  5     0.01187037
2012  9  6     0.02295519
2012  9  7     0.01881750
2012  9  8     0.01238114
2012  9  9     0.01267282
2012  9 10     0.01238355
2012  9 11     0.01008726
2012  9 12     0.00992465
2012  9 13     0.00954158
2012  9 14     0.00914871
2012  9 15     0.00878636
2012  9 16     0.00855420
2012  9 17     0.00838696
2012  9 18     0.00815534
2012  9 19     0.00790884
2012  9 20     0.00767116
2012  9 21     0.00740263
2012  9 22     0.00717196
2012  9 23     0.00802056
2012  9 24     0.00798274
2012  9 25     0.00682775
2012  9 26     0.00674135
2012  9 27     0.00649495
2012  9 28     0.00613850
2012  9 29     0.00587955
2012  9 30     0.00571738
2012 10  1     0.00544810
2012 10  2     0.00519422
2012 10  3     0.00504747
2012 10  4     0.00497713
2012 10  5     0.00504226
2012 10  6     0.00517405
2012 10  7     0.00514753
2012 10  8     0.00503611
2012 10  9     0.00500017
2012 10 10     0.00495457
2012 10 11     0.00635490
2012 10 12     0.22776259
2012 10 13     0.21828420
2012 10 14     0.01315848
2012 10 15     0.00561710
2012 10 16     0.00393766
2012 10 17     0.00378244
2012 10 18     0.00363082
2012 10 19     0.00342617
2012 10 20     0.00342396
2012 10 21     0.00350606
2012 10 22     0.16958555
2012 10 23     0.62778912
2012 10 24     0.26438752
2012 10 25     0.01666486
2012 10 26     0.02012554
2012 10 27     0.05614194
2012 10 28     0.09345093
2012 10 29     0.12217724
2012 10 30     0.11654172
2012 10 31     0.06619504
2012 11  1     0.02614040
2012 11  2     0.00999193
2012 11  3     0.00319883
2012 11  4     0.00265325
2012 11  5     0.00251574
2012 11  6     0.00235784
2012 11  7     0.00217189
2012 11  8     0.00306750
2012 11  9     0.22006579
2012 11 10     0.25615241
2012 11 11     0.04334100
2012 11 12     0.00548326
2012 11 13     0.00757748
2012 11 14     0.02168919
2012 11 15     0.03693707
2012 11 16     0.07882068
2012 11 17     1.27469308
2012 11 18     5.43588519
2012 11 19     4.09006329
2012 11 20     1.08247560
2012 11 21     0.83966284
2012 11 22     0.82986845
2012 11 23     0.52721847
2012 11 24     0.32410086
2012 11 25     0.25910812
2012 11 26     0.19567945
2012 11 27     0.15018619
2012 11 28     0.12067088
2012 11 29     2.46092345
2012 11 30     6.28083565
2012 12  1     8.69111084
2012 12  2     6.98329454
2012 12  3     8.74264143
2012 12  4     5.73261865
2012 12  5     2.11266721
2012 12  6     2.83310817
2012 12  7     2.10762899
2012 12  8     1.10015175
2012 12  9     0.89916042
2012 12 10     0.69452955
2012 12 11     0.55438084
2012 12 12     0.61329302
2012 12 13     0.77918320
2012 12 14     0.45019045
2012 12 15     0.32136226
2012 12 16     0.28151076
2012 12 17     0.34553875
2012 12 18     1.48858492
2012 12 19     0.76764279
2012 12 20     0.31979659
2012 12 21     0.28086940
2012 12 22     0.69540905
2012 12 23     1.64376405
2012 12 24     3.23283104
2012 12 25     1.17579382
2012 12 26     1.58733750
2012 12 27     1.24679007
2012 12 28     0.48726667
2012 12 29     0.39069679
2012 12 30     0.36149156
2012 12 31     0.33697774
2013  1  1     0.31691039
2013  1  2     0.30032701
2013  1  3     0.28619255
2013  1  4     0.27493013
2013  1  5     0.26931923
2013  1  6     0.78698238
2013  1  7     0.57946808
2013  1  8     0.29453631
2013  1  9     0.25304908
2013  1 10     0.36348007
2013  1 11     0.30069002
2013  1 12     0.23054746
2013  1 13     0.22287823
2013  1 14     0.21198163
2013  1 15     0.20276784
2013  1 16     0.19484024
2013  1 17     0.18896644
2013  1 18     0.18824566
2013  1 19     0.19297099
2013  1 20     0.19346284
2013  1 21     0.18880082
2013  1 22     0.19615428
2013  1 23     0.21741116
2013  1 24     1.37274541
2013  1 25     2.50778076
2013  1 26     1.53092931
2013  1 27     0.95791868
2013  1 28     0.69490234
2013  1 29     0.52017910
2013  1 30     0.52474738
2013  1 31     0.62567837
2013  2  1     0.50912511
2013  2  2     0.42989333
2013  2  3     0.40585966
2013  2  4     0.35943710
2013  2  5     0.41289966
2013  2  6     0.37576649
2013  2  7     0.30132869
2013  2  8     0.35666533
2013  2  9     0.27327044
2013  2 10     0.21665855
2013  2 11     0.19789517
2013  2 12     0.18100432
2013  2 13     0.16980752
2013  2 14     0.18147774
2013  2 15     0.22157872
2013  2 16     0.25898826
2013  2 17     0.25616836
2013  2 18     0.22710911
2013  2 19     0.32109736
2013  2 20     0.69318115
2013  2 21     0.22764511
2013  2 22     0.18301773
2013  2 23     0.17598519
2013  2 24     0.15474406
2013  2 25     0.13730814
2013  2 26     0.15477228
2013  2 27     0.16911410
2013  2 28     0.22026491
2013  3  1     0.33168618
2013  3  2     0.54246291
2013  3  3     1.03579678
2013  3  4     0.98539747
2013  3  5     0.61429227
2013  3  6     1.07038130
2013  3  7     1.03996044
2013  3  8     0.59255514
2013  3  9     0.46470597
2013  3 10     0.36957636
2013  3 11     0.36282520
2013  3 12     0.64878504
2013  3 13     1.14411497
2013  3 14     1.79248972
2013  3 15     2.32377599
2013  3 16     2.29457853
2013  3 17     2.02957383
2013  3 18     1.87578779
2013  3 19     1.84033098
2013  3 20     2.55928485
2013  3 21     2.32517394
2013  3 22     1.38455619
2013  3 23     0.95468517
2013  3 24     0.90769602
2013  3 25     1.13366789
2013  3 26     1.45731891
2013  3 27     1.30119975
2013  3 28     1.10726579
2013  3 29     1.22744771
2013  3 30     1.36773336
2013  3 31     4.60937805
2013  4  1     4.74409058
2013  4  2     2.40762384
2013  4  3     1.43101260
2013  4  4     1.45078123
2013  4  5     1.51497967
2013  4  6     1.21898452
2013  4  7     1.15888860
2013  4  8     3.05576125
2013  4  9     1.82945235
2013  4 10     0.80878912
2013  4 11     0.81599429
2013  4 12     0.97063629
2013  4 13     1.32301868
2013  4 14     1.51665364
2013  4 15     1.37889251
2013  4 16     0.96733581
2013  4 17     0.58038206
2013  4 18     0.46603103
2013  4 19     0.38055164
2013  4 20     0.53995876
2013  4 21     1.04166699
2013  4 22     1.54017765
2013  4 23     1.50644329
2013  4 24     1.31049173
2013  4 25     1.24169465
2013  4 26     1.13867690
2013  4 27     1.22809007
2013  4 28     1.44683297
2013  4 29     1.53254868
2013  4 30     1.44884775
2013  5  1     1.17453831
2013  5  2     0.88243472
2013  5  3     0.78530704
2013  5  4     0.78846256
2013  5  5     0.78880835
2013  5  6     0.62894009
2013  5  7     0.87194623
2013  5  8     1.07289112
2013  5  9     0.75616770
2013  5 10     4.06410925
2013  5 11     4.01953365
2013  5 12     1.45582200
2013  5 13     1.28734326
2013  5 14     1.10349934
2013  5 15     1.45516071
2013  5 16     1.22854048
2013  5 17     0.71025226
2013  5 18     0.54608336
2013  5 19     0.42876688
2013  5 20     0.36529924
2013  5 21     0.33307621
2013  5 22     0.31700381
2013  5 23     0.27272368
2013  5 24     0.21774024
2013  5 25     0.20059872
2013  5 26     0.20178211
2013  5 27     0.19667387
2013  5 28     0.18053117
2013  5 29     0.17020053
2013  5 30     0.14685688
2013  5 31     0.12853790
2013  6  1     0.11880839
2013  6  2     0.11243991
2013  6  3     0.10613567
2013  6  4     0.09920549
2013  6  5     0.09421387
2013  6  6     0.08994394
2013  6  7     0.08618781
2013  6  8     0.08034541
2013  6  9     0.07419985
2013  6 10     0.07091867
2013  6 11     0.06835407
2013  6 12     0.06573278
2013  6 13     0.06309143
2013  6 14     0.06080739
2013  6 15     0.05866356
2013  6 16     0.05644023
2013  6 17     0.05425590
2013  6 18     0.05227247
2013  6 19     0.05068449
2013  6 20     0.04924396
2013  6 21     0.04771845
2013  6 22     0.04607085
2013  6 23     0.04439004
2013  6 24     0.04872722
2013  6 25     0.12975508
2013  6 26     0.09384930
2013  6 27     0.03935579
2013  6 28     0.03788524
2013  6 29     0.04915043
2013  6 30     0.04740758
2013  7  1     0.03426824
2013  7  2     0.03319216
2013  7  3     0.06166660
2013  7  4     0.24640691
2013  7  5     0.26867390
2013  7  6     0.10160340
2013  7  7     0.02994292
2013  7  8     0.02962717
2013  7  9     0.02824279
2013  7 10     0.02707138
2013  7 11     0.02668679
2013  7 12     0.02581861
2013  7 13     0.02449675
2013  7 14     0.02376081
2013  7 15     0.02297281
2013  7 16     0.02225812
2013  7 17     0.02164997
2013  7 18     0.02104770
2013  7 19     0.02033051
2013  7 20     0.01955889
2013  7 21     0.01890699
2013  7 22     0.01834169
2013  7 23     0.11230922
2013  7 24     0.09059129
2013  7 25     0.01694309
2013  7 26     0.03051764
2013  7 27     0.05422314
2013  7 28     0.14752266
2013  7 29     0.11044250
2013  7 30     0.02178106
2013  7 31     0.01572001
2013  8  1     0.01482190
2013  8  2     0.01420169
2013  8  3     0.01363526
2013  8  4     0.01312762
2013  8  5     0.01267341
2013  8  6     0.01224306
2013  8  7     0.01185552
2013  8  8     0.01154365
2013  8  9     0.01561377
2013  8 10     0.01487230
2013  8 11     0.01083343
2013  8 12     0.01026028
2013  8 13     0.00994806
2013  8 14     0.00962494
2013  8 15     0.00931042
2013  8 16     0.00902967
2013  8 17     0.00876125
2013  8 18     0.00998173
2013  8 19     0.00985405
2013  8 20     0.03293733
2013  8 21     0.03105167
2013  8 22     0.16539730
2013  8 23     0.13456120
2013  8 24     0.00727192
2013  8 25     0.00707146
2013  8 26     0.00687439
2013  8 27     0.00667157
2013  8 28     0.00720493
2013  8 29     0.00682773
2013  8 30     0.00604182
2013  8 31     0.00584101
2013  9  1     0.00614572
2013  9  2     0.00700925
2013  9  3     0.00623831
2013  9  4     0.00523620
2013  9  5     0.00509183
2013  9  6     0.00495160
2013  9  7     0.00482219
2013  9  8     0.00468474
2013  9  9     0.00455976
2013  9 10     0.00444221
2013  9 11     0.00450304
2013  9 12     0.00438640
2013  9 13     0.00822624
2013  9 14     0.02669122
2013  9 15     0.02477335
2013  9 16     0.00406490
2013  9 17     0.00463634
2013  9 18     0.01110508
2013  9 19     0.00721335
2013  9 20     0.00344169
2013  9 21     0.00333796
2013  9 22     0.88495592
2013  9 23     0.59542596
2013  9 24     0.01064027
2013  9 25     0.00964869
2013  9 26     0.00993063
2013  9 27     0.00839656
2013  9 28     0.00526149
2013  9 29     0.00456423
2013  9 30     0.00408484
2013 10  1     0.06841689
2013 10  2     0.01359862
2013 10  3     0.00326114
2013 10  4     0.00317112
2013 10  5     0.00305631
2013 10  6     0.00286238
2013 10  7     0.00266781
2013 10  8     0.00254369
2013 10  9     0.01318969
2013 10 10     0.09108797
2013 10 11     0.07486908
2013 10 12     0.01037965
2013 10 13     0.04363075
2013 10 14     0.03176676
2013 10 15     0.00399606
2013 10 16     0.00441108
2013 10 17     0.00497667
2013 10 18     0.00640097
2013 10 19     0.00312491
2013 10 20     0.00183869
2013 10 21     0.00168892
2013 10 22     0.00162682
2013 10 23     0.00157359
2013 10 24     0.00153550
2013 10 25     0.00150108
2013 10 26     0.00146584
2013 10 27     0.00142718
2013 10 28     0.46697645
2013 10 29     0.42406277
2013 10 30     0.06054134
2013 10 31     0.02343577
2013 11  1     0.05250436
2013 11  2     0.13703276
2013 11  3     0.21627609
2013 11  4     0.14290805
2013 11  5     0.05019128
2013 11  6     0.03947362
2013 11  7     0.06010986
2013 11  8     0.06460744
2013 11  9     0.03723021
2013 11 10     0.02474837
2013 11 11     0.01989476
2013 11 12     0.01494350
2013 11 13     0.01143206
2013 11 14     0.00908327
2013 11 15     0.00743506
2013 11 16     0.00626005
2013 11 17     0.00536746
2013 11 18     0.00464854
2013 11 19     0.00406709
2013 11 20     0.54103592
2013 11 21     1.78544964
2013 11 22     1.03563686
2013 11 23     0.22742450
2013 11 24     0.17999099
2013 11 25     0.12259457
2013 11 26     0.08750439
2013 11 27     0.06515997
2013 11 28     0.04955922
2013 11 29     0.03861126
2013 11 30     0.03130419
2013 12  1     0.02592729
2013 12  2     0.02213601
2013 12  3     0.57272292
2013 12  4     0.50392292
2013 12  5     0.15814313
2013 12  6     0.13405148
2013 12  7     0.47932141
2013 12  8     0.11235794
2013 12  9     0.04365788
2013 12 10     0.03435121
2013 12 11     0.02812312
2013 12 12     0.02496189
2013 12 13     0.02360195
2013 12 14     0.02150532
2013 12 15     0.02122019
2013 12 16     0.02236875
2013 12 17     0.02698552
2013 12 18     0.03220090
2013 12 19     0.04949665
2013 12 20     0.03152442
2013 12 21     0.01530687
2013 12 22     0.01827313
2013 12 23     0.02554119
2013 12 24     0.03500941
2013 12 25     0.03370758
2013 12 26     0.02947653
2013 12 27     0.03234185
2013 12 28     0.03349619
2013 12 29     0.02754600
2013 12 30     0.02511600
2013 12 31     0.04114150
2014  1  1     0.04400641
2014  1  2     0.03970722
2014  1  3     0.05091756
2014  1  4     0.04810600
2014  1  5     0.03861534
2014  1  6     0.02784458
2014  1  7     0.02956891
2014  1  8     0.02650713
2014  1  9     0.03608699
2014  1 10     0.07095240
2014  1 11     0.07931917
2014  1 12     0.06058011
2014  1 13     0.06652309
2014  1 14     0.09448138
2014  1 15     0.11865864
2014  1 16     0.12491830
2014  1 17     0.12120146
2014  1 18     0.11793664
2014  1 19     0.11670413
2014  1 20     0.12207315
2014  1 21     0.11441298
2014  1 22     0.12455883
2014  1 23     0.09631622
2014  1 24     0.09742075
2014  1 25     0.14586320
2014  1 26     0.13230978
2014  1 27     0.13095483
2014  1 28     0.21741011
2014  1 29     0.26662559
2014  1 30     4.49231288
2014  1 31     4.73500668
2014  2  1     1.36839834
2014  2  2     0.71724500
2014  2  3     0.50076673
2014  2  4     0.35598204
2014  2  5     0.26306705
2014  2  6     0.26470396
2014  2  7     0.20701927
2014  2  8     0.90697362
2014  2  9     3.50868625
2014  2 10     3.70908860
2014  2 11     1.36225756
2014  2 12     0.54131315
2014  2 13     0.55623584
2014  2 14     0.73310269
2014  2 15     0.90158627
2014  2 16     1.99520040
2014  2 17     1.63599177
2014  2 18     0.63111367
2014  2 19     0.47063073
2014  2 20     0.35113087
2014  2 21     0.30086286
2014  2 22     0.31584803
2014  2 23     0.30395826
2014  2 24     0.36146661
2014  2 25     0.49607085
2014  2 26     0.73226909
2014  2 27     6.50347367
2014  2 28     5.90071282
2014  3  1     3.59055103
2014  3  2     1.97733665
2014  3  3     1.09463517
2014  3  4     2.18602237
2014  3  5     1.55949172
2014  3  6     4.74445229
2014  3  7     3.57277983
2014  3  8     1.35375441
2014  3  9     1.36476968
2014  3 10     1.41141747
2014  3 11     1.15727035
2014  3 12     0.88878323
2014  3 13     0.71438094
2014  3 14     0.65593258
2014  3 15     0.81785681
2014  3 16     1.07348031
2014  3 17     1.42202649
2014  3 18     1.16280899
2014  3 19     0.67934822
2014  3 20     0.68586898
2014  3 21     0.80929644
2014  3 22     0.81678804
2014  3 23     0.74403111
2014  3 24     0.86221205
2014  3 25     1.32579577
2014  3 26     3.53848407
2014  3 27     3.49506803
2014  3 28     1.25460832
2014  3 29     0.95504396
2014  3 30     3.07517172
2014  3 31     1.87039105
2014  4  1     1.67054658
2014  4  2     1.50501355
2014  4  3     0.73160077
2014  4  4     0.55964096
2014  4  5     0.83626357
2014  4  6     0.74607667
2014  4  7     1.04228856
2014  4  8     2.26039894
2014  4  9     3.54904991
2014  4 10     3.70898511
2014  4 11     3.55052129
2014  4 12     3.43157602
2014  4 13     3.02830520
2014  4 14     2.52328472
2014  4 15     2.39262571
2014  4 16     2.48461332
2014  4 17     2.38891294
2014  4 18     2.32951455
2014  4 19     2.23931215
2014  4 20     1.98999986
2014  4 21     1.78804904
2014  4 22     1.62267454
2014  4 23     1.10236330
2014  4 24     0.81352316
2014  4 25     1.95687267
2014  4 26     2.83970449
2014  4 27     1.08850547
2014  4 28     0.86163695
2014  4 29     1.80983669
2014  4 30     3.11794957
2014  5  1     3.22489524
2014  5  2     2.54089308
2014  5  3     2.15972143
2014  5  4     1.89973739
2014  5  5     1.54348237
2014  5  6     1.11532663
2014  5  7     0.86831382
2014  5  8     0.86538211
2014  5  9     0.84906753
2014  5 10     0.72065216
2014  5 11     0.59278835
2014  5 12     0.53642051
2014  5 13     0.56553025
2014  5 14     0.62570404
2014  5 15     0.62729975
2014  5 16     0.61231322
2014  5 17     0.55802504
2014  5 18     0.45377872
2014  5 19     0.37633729
2014  5 20     0.91143661
2014  5 21     1.30579212
2014  5 22     1.33329647
2014  5 23     1.13627266
2014  5 24     0.86881113
2014  5 25     0.64314073
2014  5 26     0.50015217
2014  5 27     0.40219289
2014  5 28     0.31500409
2014  5 29     0.25765557
2014  5 30     0.22374543
2014  5 31     0.19907838
2014  6  1     0.17977110
2014  6  2     0.16372821
2014  6  3     0.15133259
2014  6  4     0.14078531
2014  6  5     0.13159853
2014  6  6     0.12348215
2014  6  7     0.11636127
2014  6  8     0.10993172
2014  6  9     0.11813917
2014  6 10     0.11323037
2014  6 11     0.11231167
2014  6 12     0.10677148
2014  6 13     0.08668523
2014  6 14     0.08331310
2014  6 15     0.08007037
2014  6 16     0.07697518
2014  6 17     0.07424574
2014  6 18     0.07158030
2014  6 19     0.06891981
2014  6 20     0.06634915
2014  6 21     0.06399040
2014  6 22     0.06188864
2014  6 23     0.05986540
2014  6 24     0.05787956
2014  6 25     0.10547308
2014  6 26     0.21178785
2014  6 27     0.15020023
2014  6 28     0.07107286
2014  6 29     0.04958116
2014  6 30     0.04793316
2014  7  1     0.04685731
2014  7  2     0.04540434
2014  7  3     0.04356805
2014  7  4     0.04233743
2014  7  5     0.04107322
2014  7  6     0.03983547
2014  7  7     0.03864524
2014  7  8     0.03782579
2014  7  9     0.06405260
2014  7 10     0.11225408
2014  7 11     0.08669992
2014  7 12     0.03339435
2014  7 13     0.03237218
2014  7 14     0.03124401
2014  7 15     0.04999905
2014  7 16     0.18678846
2014  7 17     0.13995393
2014  7 18     0.07266152
2014  7 19     0.06740265
2014  7 20     0.03624249
2014  7 21     2.76173618
2014  7 22     2.18335433
2014  7 23     0.42878645
2014  7 24     0.31654094
2014  7 25     0.22232450
2014  7 26     0.16308240
2014  7 27     0.12516719
2014  7 28     0.10367212
2014  7 29     0.08717376
2014  7 30     0.07209300
2014  7 31     0.06053613
2014  8  1     0.07874576
2014  8  2     0.07110113
2014  8  3     0.04122436
2014  8  4     0.07565592
2014  8  5     0.09256708
2014  8  6     0.05517873
2014  8  7     0.03092935
2014  8  8     0.02821178
2014  8  9     0.02488490
2014  8 10     0.04635088
2014  8 11     0.04285338
2014  8 12     0.12503541
2014  8 13     0.10854834
2014  8 14     0.02007016
2014  8 15     0.01796009
2014  8 16     0.01644988
2014  8 17     0.01527060
2014  8 18     0.01431552
2014  8 19     0.01353134
2014  8 20     0.01338048
2014  8 21     0.01269217
2014  8 22     0.01171527
2014  8 23     0.01121293
2014  8 24     0.01076256
2014  8 25     0.01034434
2014  8 26     0.00997725
2014  8 27     0.00961380
2014  8 28     0.00922630
2014  8 29     0.00885052
2014  8 30     0.00853257
2014  8 31     0.00826372
2014  9  1     0.00800867
2014  9  2     0.00773878
2014  9  3     0.00749097
2014  9  4     0.00728189
2014  9  5     0.00709127
2014  9  6     0.00689256
2014  9  7     0.00668915
2014  9  8     0.01366151
2014  9  9     0.03076142
2014  9 10     0.02028339
2014  9 11     0.00597989
2014  9 12     0.00577046
2014  9 13     0.00556044
2014  9 14     0.00538205
2014  9 15     0.00522713
2014  9 16     0.00507283
2014  9 17     0.00492574
2014  9 18     0.00479490
2014  9 19     0.00472255
2014  9 20     0.00680539
2014  9 21     0.04058588
2014  9 22     0.03281950
2014  9 23     0.00423188
2014  9 24     0.00409697
2014  9 25     0.00662207
2014  9 26     0.01516888
2014  9 27     0.07722918
2014  9 28     0.57594136
2014  9 29     0.42996090
2014  9 30     0.08484236
2014 10  1     0.03147836
2014 10  2     0.02551529
2014 10  3     0.01051655
2014 10  4     0.00881505
2014 10  5     0.00530920
2014 10  6     0.00441241
2014 10  7     0.00389195
2014 10  8     0.00353424
2014 10  9     0.00328326
2014 10 10     0.00309139
2014 10 11     0.00294426
2014 10 12     0.00280759
2014 10 13     0.00268777
2014 10 14     0.00257605
2014 10 15     0.00247216
2014 10 16     0.00245022
2014 10 17     0.00240257
2014 10 18     0.00232446
2014 10 19     0.00223505
2014 10 20     0.00213100
2014 10 21     0.00208420
2014 10 22     0.00204848
2014 10 23     0.00197007
2014 10 24     0.00188314
2014 10 25     0.00597739
2014 10 26     0.07410866
2014 10 27     0.04863952
2014 10 28     0.00175511
2014 10 29     0.00167684
2014 10 30     0.00157827
2014 10 31     0.00824462
2014 11  1     2.66575026
2014 11  2     1.60811381
2014 11  3     0.22769381
2014 11  4     0.19011841
2014 11  5     0.12974063
2014 11  6     0.08770680
2014 11  7     0.06376110
2014 11  8     0.04835612
2014 11  9     0.03786631
2014 11 10     0.03044091
2014 11 11     0.02500627
2014 11 12     0.02089605
2014 11 13     1.32035937
2014 11 14     1.30684496
2014 11 15     0.37980666
2014 11 16     0.22714885
2014 11 17     0.16330528
2014 11 18     0.11513826
2014 11 19     0.08448001
2014 11 20     0.06777104
2014 11 21     0.32914102
2014 11 22     0.44740043
2014 11 23     1.24671221
2014 11 24     0.80634861
2014 11 25     0.22487565
2014 11 26     0.17261186
2014 11 27     0.17130755
2014 11 28     0.18964664
2014 11 29     0.19608343
2014 11 30     1.28575353
2014 12  1     1.27817273
2014 12  2     0.49254490
2014 12  3     2.75472280
2014 12  4     3.77391983
2014 12  5     1.55857506
2014 12  6     0.61263430
2014 12  7     0.46357825
2014 12  8     0.32841894
2014 12  9     0.24486004
2014 12 10     0.19324597
2014 12 11     0.18651345
2014 12 12     6.41544635
2014 12 13     4.77795659
2014 12 14     1.11577344
2014 12 15     0.78858038
2014 12 16     0.93834321
2014 12 17     0.90215477
2014 12 18     0.39605194
2014 12 19     0.28713870
2014 12 20     0.88588378
2014 12 21     0.65004068
2014 12 22     0.32020525
2014 12 23     0.22436282
2014 12 24     0.22356145
2014 12 25     0.44573254
2014 12 26     0.27545735
2014 12 27     0.15349885
2014 12 28     0.13465902
2014 12 29     0.11323345
2014 12 30     0.09794859
2014 12 31     0.08605700
2015  1  1     0.07665785
2015  1  2     0.06912636
2015  1  3     0.06289151
2015  1  4     0.05793163
2015  1  5     0.05821877
2015  1  6     0.06946361
2015  1  7     0.09301912
2015  1  8     0.10780367
2015  1  9     0.12961643
2015  1 10     0.14883552
2015  1 11     0.14672658
2015  1 12     0.12188169
2015  1 13     0.09309869
2015  1 14     0.07464643
2015  1 15     0.06476172
2015  1 16     0.08257326
2015  1 17     0.12512351
2015  1 18     0.19363342
2015  1 19     0.23966230
2015  1 20     0.24022621
2015  1 21     0.19464420
2015  1 22     0.15085793
2015  1 23     0.14850911
2015  1 24     0.15148200
2015  1 25     0.20038633
2015  1 26     0.37282136
2015  1 27     0.53130615
2015  1 28     0.33718066
2015  1 29     0.21765999
2015  1 30     0.29066336
2015  1 31     0.25395606
2015  2  1     0.22005066
2015  2  2     0.25467353
2015  2  3     0.30536560
2015  2  4     0.37537044
2015  2  5     0.41587229
2015  2  6     0.55651587
2015  2  7     7.41537301
2015  2  8     9.20960593
2015  2  9    12.26576263
2015  2 10     8.03830198
2015  2 11     2.78669494
2015  2 12     2.12055533
2015  2 13     1.68479150
2015  2 14     1.41256772
2015  2 15     1.20754922
2015  2 16     1.01629813
2015  2 17     0.88101726
2015  2 18     0.80214086
2015  2 19     0.73100566
2015  2 20     0.66586832
2015  2 21     0.58385900
2015  2 22     0.53481523
2015  2 23     0.46474879
2015  2 24     0.36302541
2015  2 25     0.32605032
2015  2 26     0.29233482
2015  2 27     0.27321253
2015  2 28     0.34703369
2015  3  1     0.38837032
2015  3  2     0.32087061
2015  3  3     0.25193331
2015  3  4     0.18819129
2015  3  5     0.18505612
2015  3  6     0.25059859
2015  3  7     0.40236463
2015  3  8     0.54841492
2015  3  9     0.55968259
2015  3 10     0.49331217
2015  3 11     0.60418594
2015  3 12     0.53182352
2015  3 13     0.34031647
2015  3 14     0.41238230
2015  3 15     0.51728002
2015  3 16     0.51194698
2015  3 17     0.42905314
2015  3 18     0.33247670
2015  3 19     0.24398692
2015  3 20     0.23911902
2015  3 21     0.23647165
2015  3 22     0.21523893
2015  3 23     0.52578775
2015  3 24     0.44401160
2015  3 25     0.17346940
2015  3 26     0.18352985
2015  3 27     0.18641339
2015  3 28     0.17970313
2015  3 29     0.15314432
2015  3 30     0.13464859
2015  3 31     0.12937193
2015  4  1     0.11338271
2015  4  2     0.08849859
2015  4  3     0.08044148
2015  4  4     0.07315209
2015  4  5     0.07118253
2015  4  6     0.42067377
2015  4  7     0.26950142
2015  4  8     0.84654131
2015  4  9     0.23631404
2015  4 10     0.23051053
2015  4 11     0.60537180
2015  4 12     0.93152546
2015  4 13     1.43713372
2015  4 14     1.87727265
2015  4 15     1.33740664
2015  4 16     0.77453153
2015  4 17     0.65375093
2015  4 18     0.75472884
2015  4 19     1.15730578
2015  4 20     1.22785149
2015  4 21     0.90929344
2015  4 22     0.60988076
2015  4 23     0.56461965
2015  4 24     1.71389641
2015  4 25     4.11698182
2015  4 26     2.48762675
2015  4 27     1.21848948
2015  4 28     1.95222439
2015  4 29     2.85382399
2015  4 30     2.39469877
2015  5  1     1.59391534
2015  5  2     1.09417618
2015  5  3     0.71507202
2015  5  4     0.65745384
2015  5  5     0.56081071
2015  5  6     0.39490917
2015  5  7     0.51723646
2015  5  8     0.77916608
2015  5  9     0.45050020
2015  5 10     1.23247586
2015  5 11     2.42042941
2015  5 12     2.70563785
2015  5 13     1.95155930
2015  5 14     1.16756628
2015  5 15     1.39743344
2015  5 16     1.06313460
2015  5 17     1.04654372
2015  5 18     1.89108792
2015  5 19     1.59781398
2015  5 20     1.20595698
2015  5 21     1.24782375
2015  5 22     2.70471680
2015  5 23     2.85057424
2015  5 24     2.63385332
2015  5 25     2.29306581
2015  5 26     1.40229728
2015  5 27     1.19516011
2015  5 28     0.98355834
2015  5 29     0.77400982
2015  5 30     0.63496418
2015  5 31     0.47803884
2015  6  1     0.38975887
2015  6  2     0.33377869
2015  6  3     0.28812363
2015  6  4     0.25566097
2015  6  5     0.45452836
2015  6  6     0.97885089
2015  6  7     1.07035777
2015  6  8     0.63922939
2015  6  9     0.35197741
2015  6 10     0.32413338
2015  6 11     0.39490482
2015  6 12     0.37457280
2015  6 13     0.22967161
2015  6 14     0.19452953
2015  6 15     0.16829038
2015  6 16     0.14691389
2015  6 17     0.13166787
2015  6 18     0.11988347
2015  6 19     0.11045174
2015  6 20     0.10267351
2015  6 21     0.09607746
2015  6 22     0.09045099
2015  6 23     0.08551252
2015  6 24     0.08104677
2015  6 25     0.07699990
2015  6 26     0.07327405
2015  6 27     0.06988148
2015  6 28     0.06682834
2015  6 29     0.06469962
2015  6 30     0.07973466
2015  7  1     0.19207752
2015  7  2     0.34248075
2015  7  3     0.50659965
2015  7  4     0.35951794
2015  7  5     0.12090472
2015  7  6     0.11430741
2015  7  7     0.09712494
2015  7  8     0.16471171
2015  7  9     1.16913874
2015  7 10     1.67298036
2015  7 11     0.91482084
2015  7 12     0.36863015
2015  7 13     0.29883525
2015  7 14     0.21021091
2015  7 15     0.16069983
2015  7 16     0.12841560
2015  7 17     0.10644740
2015  7 18     0.09087715
2015  7 19     0.07936068
2015  7 20     0.30599840
2015  7 21     1.03295991
2015  7 22     1.87430023
2015  7 23     1.22936912
2015  7 24     0.43690785
2015  7 25     0.32574387
2015  7 26     0.23657099
2015  7 27     0.17725935
2015  7 28     0.13854818
2015  7 29     0.11224095
2015  7 30     0.09359077
2015  7 31     0.07993590
2015  8  1     0.08358687
2015  8  2     0.07998992
2015  8  3     0.06424872
2015  8  4     0.04900639
2015  8  5     0.04439992
2015  8  6     0.04035786
2015  8  7     0.05081318
2015  8  8     0.05246845
2015  8  9     0.03710582
2015  8 10     0.02903341
2015  8 11     0.02702533
2015  8 12     0.02527421
2015  8 13     0.02367434
2015  8 14     0.02218879
2015  8 15     0.02090496
2015  8 16     0.01973189
2015  8 17     0.01861887
2015  8 18     0.01762803
2015  8 19     0.01678527
2015  8 20     0.01604579
2015  8 21     0.01535289
2015  8 22     0.01471609
2015  8 23     0.01411777
2015  8 24     0.01355307
2015  8 25     0.01301445
2015  8 26     0.01251580
2015  8 27     0.01206425
2015  8 28     0.01165632
2015  8 29     0.01129051
2015  8 30     0.01099577
2015  8 31     0.01071610
2015  9  1     0.01042406
2015  9  2     0.01013977
2015  9  3     0.00987053
2015  9  4     0.00962760
2015  9  5     0.00939563
2015  9  6     0.00914420
2015  9  7     0.00887309
2015  9  8     0.00858612
2015  9  9     0.00827039
2015  9 10     0.00797259
2015  9 11     0.00771680
2015  9 12     0.00748569
2015  9 13     0.00728216
2015  9 14     0.02761909
2015  9 15     0.07681091
2015  9 16     0.05560662
2015  9 17     0.01598040
2015  9 18     0.00657692
2015  9 19     0.00635518
2015  9 20     0.00612290
2015  9 21     0.00589804
2015  9 22     0.00571328
2015  9 23     0.00556368
2015  9 24     0.00542616
2015  9 25     0.00524966
2015  9 26     0.00508036
2015  9 27     0.00494443
2015  9 28     0.00482521
2015  9 29     0.00470719
2015  9 30     0.00459736
2015 10  1     0.01377742
2015 10  2     0.29880617
2015 10  3     0.18773297
2015 10  4     0.01059401
2015 10  5     0.06795052
2015 10  6     0.06292649
2015 10  7     0.00393050
2015 10  8     0.00377568
2015 10  9     0.00363134
2015 10 10     0.00349942
2015 10 11     0.00338899
2015 10 12     0.00330493
2015 10 13     0.00321608
2015 10 14     0.00312110
2015 10 15     0.00304715
2015 10 16     0.01095120
2015 10 17     0.09525781
2015 10 18     1.36549207
2015 10 19     1.51988300
2015 10 20     0.49180291
2015 10 21     0.16001796
2015 10 22     0.12826261
2015 10 23     0.08829883
2015 10 24     0.06343255
2015 10 25     0.04752179
2015 10 26     0.03689697
2015 10 27     0.02949753
2015 10 28     0.66129407
2015 10 29     0.98615749
2015 10 30     0.61723897
2015 10 31     0.18007244
2015 11  1     0.15097443
2015 11  2     2.85302764
2015 11  3     3.85207061
2015 11  4     1.42190393
2015 11  5     0.55244798
2015 11  6     0.37926848
2015 11  7     0.27600465
2015 11  8     0.23435782
2015 11  9     2.21196349
2015 11 10     1.92062314
2015 11 11     0.51775492
2015 11 12     0.37024835
2015 11 13     0.27288997
2015 11 14     0.24152158
2015 11 15     0.24420170
2015 11 16     0.86369133
2015 11 17     0.26297842
2015 11 18     0.10145148
2015 11 19     0.09058813
2015 11 20     0.09835602
2015 11 21     0.12242724
2015 11 22     0.14133220
2015 11 23     0.15934462
2015 11 24     0.16092937
2015 11 25     0.55444376
2015 11 26     0.23395554
2015 11 27     0.06835532
2015 11 28     0.05504396
2015 11 29     0.04293945
2015 11 30     0.03563117
2015 12  1     0.03081207
2015 12  2     0.02805098
2015 12  3     0.03717818
2015 12  4     1.09606375
2015 12  5     0.91381370
2015 12  6     0.24107471
2015 12  7     0.23151000
2015 12  8     0.19834259
2015 12  9     0.16763230
2015 12 10     1.43292229
2015 12 11     3.78339801
2015 12 12     1.79739554
2015 12 13     0.61626978
2015 12 14     0.58587531
2015 12 15     0.35259544
2015 12 16     0.25005908
2015 12 17     0.19935913
2015 12 18     0.16489601
2015 12 19     0.37176166
2015 12 20     0.31514849
2015 12 21     0.54536233
2015 12 22     8.51130569
2015 12 23     5.44734353
2015 12 24     1.65450929
2015 12 25     1.41039170
2015 12 26     0.89542632
2015 12 27     0.69921984
2015 12 28     0.63402185
2015 12 29     0.52733304
2015 12 30     0.46838947
2015 12 31     0.42662325
2016  1  1     0.39299553
2016  1  2     0.36517597
2016  1  3     0.34315052
2016  1  4     0.32919935
2016  1  5     0.81945618
2016  1  6     2.30767402
2016  1  7     2.51699761
2016  1  8     0.91365575
2016  1  9     0.51074228
2016  1 10     0.45366420
2016  1 11     0.38991533
2016  1 12     0.35412655
2016  1 13     0.39790350
2016  1 14     0.47504809
2016  1 15     1.42824093
2016  1 16     1.50755867
2016  1 17     0.93823557
2016  1 18     3.79799263
2016  1 19     5.66508571
2016  1 20     4.44621915
2016  1 21     2.02527690
2016  1 22     1.48178924
2016  1 23     8.71381292
2016  1 24     5.77121989
2016  1 25     2.14272676
2016  1 26     1.74216833
2016  1 27     1.49772006
2016  1 28     1.41022063
2016  1 29     1.45754691
2016  1 30     9.93096554
2016  1 31     9.27025248
2016  2  1     3.68835217
2016  2  2     2.46388595
2016  2  3     1.96790958
2016  2  4     1.64919740
2016  2  5     1.49803625
2016  2  6     1.40822710
2016  2  7     1.36953571
2016  2  8     1.45400162
2016  2  9     1.63235143
2016  2 10     1.89612966
2016  2 11     2.14147358
2016  2 12     2.30201131
2016  2 13     2.30002409
2016  2 14     2.14042090
2016  2 15     1.95896448
2016  2 16     2.09639945
2016  2 17     2.46198752
2016  2 18     9.16805530
2016  2 19     7.47073024
2016  2 20     2.71468620
2016  2 21     2.37093468
2016  2 22     2.21565326
2016  2 23     1.92837507
2016  2 24     2.00499886
2016  2 25     2.23398494
2016  2 26     2.36118839
2016  2 27     2.47403981
2016  2 28     2.28786919
2016  2 29     2.08039905
2016  3  1     2.06110173
2016  3  2     2.17311499
2016  3  3     2.40329337
2016  3  4     2.60186679
2016  3  5     9.31511295
2016  3  6    25.56528210
2016  3  7    18.60445627
2016  3  8     6.31777842
2016  3  9     4.36350414
2016  3 10     3.59940038
2016  3 11     3.45661958
2016  3 12     7.68295926
2016  3 13     6.03019124
2016  3 14    14.45471719
2016  3 15     7.47785291
2016  3 16     3.53822415
2016  3 17     3.36509042
2016  3 18     3.63977760
2016  3 19     3.89992776
2016  3 20     3.82934217
2016  3 21     3.62435714
2016  3 22     4.77195343
2016  3 23     3.25935313
2016  3 24     2.19938894
2016  3 25     2.38475674
2016  3 26     2.62589551
2016  3 27     2.52468800
2016  3 28     2.59059385
2016  3 29     2.11904250
2016  3 30     1.54831662
2016  3 31     1.39837459
2016  4  1     1.33929839
2016  4  2     2.02093989
2016  4  3     2.79305678
2016  4  4     3.10029598
2016  4  5     3.24500960
2016  4  6     3.42344550
2016  4  7     3.81665948
2016  4  8     4.13738113
2016  4  9     7.42343830
2016  4 10     8.66211416
2016  4 11     6.09346782
2016  4 12     4.29105399
2016  4 13     3.59377202
2016  4 14     3.12014856
2016  4 15     2.22553161
2016  4 16     1.64229008
2016  4 17     1.60320270
2016  4 18     2.27331307
2016  4 19     3.24707977
2016  4 20     3.78733558
2016  4 21     3.79597862
2016  4 22     3.72105465
2016  4 23     5.55669020
2016  4 24     3.47383227
2016  4 25     2.39859621
2016  4 26     1.95698643
2016  4 27     1.44232328
2016  4 28     1.70968503
2016  4 29     1.47175982
2016  4 30     1.42909532
2016  5  1     1.31409832
2016  5  2     1.39468899
2016  5  3     1.81256440
2016  5  4     2.48375674
2016  5  5     3.39267931
2016  5  6     4.35590890
2016  5  7     4.17556254
2016  5  8     3.09000401
2016  5  9     2.85572339
2016  5 10     3.48546843
2016  5 11     3.71723484
2016  5 12     3.72843444
2016  5 13     4.60440610
2016  5 14     5.30226948
2016  5 15     4.49950238
2016  5 16     3.42211269
2016  5 17     3.14161307
2016  5 18     3.03413441
2016  5 19     3.31966869
2016  5 20     3.42290249
2016  5 21     2.30675230
2016  5 22     1.39786799
2016  5 23     1.15655284
2016  5 24     1.44307104
2016  5 25     1.76686537
2016  5 26     2.69544169
2016  5 27     2.63187337
2016  5 28     2.24827816
2016  5 29     2.56551744
2016  5 30     2.87922797
2016  5 31     3.08691669
2016  6  1     2.93916422
2016  6  2     2.58117080
2016  6  3     2.43063506
2016  6  4     2.41469984
2016  6  5     2.35350540
2016  6  6     1.99506076
2016  6  7     1.48959285
2016  6  8     1.13642277
2016  6  9     0.94811584
2016  6 10     0.82716090
2016  6 11     0.71904910
2016  6 12     0.79416521
2016  6 13     1.18545018
2016  6 14     0.94139465
2016  6 15     0.56351675
2016  6 16     0.49673833
2016  6 17     0.40857169
2016  6 18     0.35812895
2016  6 19     0.31174130
2016  6 20     0.28321313
2016  6 21     0.26232809
2016  6 22     0.24615362
2016  6 23     0.22986579
2016  6 24     0.21373982
2016  6 25     0.20050990
2016  6 26     0.18571010
2016  6 27     0.17158307
2016  6 28     0.16108117
2016  6 29     0.15280857
2016  6 30     0.14534433
2016  7  1     0.13821327
2016  7  2     0.13215852
2016  7  3     0.17807742
2016  7  4     0.20629944
2016  7  5     0.14339821
2016  7  6     0.11367032
2016  7  7     0.10985357
2016  7  8     0.10592324
2016  7  9     0.10197686
2016  7 10     0.09890485
2016  7 11     0.09687541
2016  7 12     0.09389314
2016  7 13     0.08987958
2016  7 14     0.08564936
2016  7 15     0.08190175
2016  7 16     0.07898058
2016  7 17     0.07669520
2016  7 18     0.07478993
2016  7 19     0.07302612
2016  7 20     0.07090022
2016  7 21     0.06848591
2016  7 22     0.06608193
2016  7 23     0.06384971
2016  7 24     0.06187429
2016  7 25     0.06007083
2016  7 26     0.05835787
2016  7 27     0.05659814
2016  7 28     0.05482030
2016  7 29     0.07199141
2016  7 30     0.07489821
2016  7 31     0.05678368
2016  8  1     0.04910531
2016  8  2     0.04779873
2016  8  3     0.04645839
2016  8  4     0.04520432
2016  8  5     0.04404756
2016  8  6     0.04311240
2016  8  7     0.04210491
2016  8  8     0.04097901
2016  8  9     0.03984972
2016  8 10     0.03879566
2016  8 11     0.03776286
2016  8 12     0.03661098
2016  8 13     0.03539845
2016  8 14     0.03425886
2016  8 15     0.03324255
2016  8 16     0.03240107
2016  8 17     0.03154198
2016  8 18     0.03063352
2016  8 19     0.02977514
2016  8 20     0.02898160
2016  8 21     0.02819791
2016  8 22     0.02746122
2016  8 23     0.02687841
2016  8 24     0.02620701
2016  8 25     0.02547933
2016  8 26     0.02483649
2016  8 27     0.02445551
2016  8 28     0.02380349
2016  8 29     0.02283952
2016  8 30     0.02210142
2016  8 31     0.02146837
2016  9  1     0.02099289
2016  9  2     0.02061508
2016  9  3     0.02017494
2016  9  4     0.01982857
2016  9  5     0.01957097
2016  9  6     0.01911366
2016  9  7     0.01838401
2016  9  8     0.01762360
2016  9  9     0.01703398
2016  9 10     0.01646059
2016  9 11     0.01594051
2016  9 12     0.01567210
2016  9 13     0.01564819
2016  9 14     0.04099396
2016  9 15     0.04271979
2016  9 16     0.01471346
2016  9 17     0.01409073
2016  9 18     0.01350680
2016  9 19     0.01292616
2016  9 20     0.01253080
2016  9 21     0.01748752
2016  9 22     0.11787180
2016  9 23     0.11670221
2016  9 24     0.01244179
2016  9 25     0.01170413
2016  9 26     0.01097271
2016  9 27     0.01050334
2016  9 28     0.01021265
2016  9 29     0.01002290
2016  9 30     0.00991318
2016 10  1     0.00982438
2016 10  2     0.00985282
2016 10  3     0.01128574
2016 10  4     0.01142058
2016 10  5     0.01030086
2016 10  6     0.00935729
2016 10  7     0.00905473
2016 10  8     0.00861194
2016 10  9     0.00814034
2016 10 10     0.00783897
2016 10 11     0.00768351
2016 10 12     0.00760875
2016 10 13     0.00749087
2016 10 14     0.00729619
2016 10 15     0.29737829
2016 10 16     1.90971167
2016 10 17     5.67383881
2016 10 18     2.98742439
2016 10 19     0.46039464
2016 10 20     0.35208214
2016 10 21     0.25043369
2016 10 22     0.18516747
2016 10 23     0.14084275
2016 10 24     0.48915073
2016 10 25     0.43950333
2016 10 26     0.14676576
2016 10 27     0.15501518
2016 10 28     2.99035596
2016 10 29     3.74107380
2016 10 30     3.07116152
2016 10 31     5.28403983
2016 11  1     4.06725054
2016 11  2     1.74345133
2016 11  3     0.98920488
2016 11  4     0.72033327
2016 11  5     0.54308348
2016 11  6     0.41330858
2016 11  7     0.32368109
2016 11  8     0.26336228
2016 11  9     0.21718898
2016 11 10     0.17837358
2016 11 11     0.15131694
2016 11 12     0.12873671
2016 11 13     0.11078086
2016 11 14     0.09583775
2016 11 15     0.08328154
2016 11 16     0.07970484
2016 11 17     0.07262792
2016 11 18     0.06373798
2016 11 19     0.06280749
2016 11 20     0.09927009
2016 11 21     0.47917969
2016 11 22     0.18686562
2016 11 23     0.32284763
2016 11 24     0.17249839
2016 11 25     0.07527414
2016 11 26     0.05334357
2016 11 27     1.52068960
2016 11 28     0.52216071
2016 11 29     0.09820160
2016 11 30     0.07899785
2016 12  1     0.07310027
2016 12  2     0.06747061
2016 12  3     0.06297945
2016 12  4     0.06276229
2016 12  5     0.06360861
2016 12  6     0.05961106
2016 12  7     0.05303466
2016 12  8     0.46205030
2016 12  9     0.53213672
2016 12 10     2.27626085
2016 12 11    10.76008740
2016 12 12     7.51614305
2016 12 13     2.05606069
2016 12 14     1.51512376
2016 12 15     1.36352384
2016 12 16    26.28363265
2016 12 17    20.83512627
2016 12 18     5.61887141
2016 12 19     4.03426628
2016 12 20     2.96788301
2016 12 21     2.30278828
2016 12 22     1.84401014
2016 12 23     1.52015902
2016 12 24     2.76390040
2016 12 25     1.67520233
2016 12 26     1.16198727
2016 12 27     1.02099740
2016 12 28     0.90909702
2016 12 29     0.83593372
2016 12 30     0.78413629
2016 12 31     0.73441753
2017  1  1     0.71323535
2017  1  2     0.60341293
2017  1  3     0.68126979
2017  1  4     4.50546783
2017  1  5     9.31416916
2017  1  6     4.90867079
2017  1  7     2.53971387
2017  1  8    17.71493007
2017  1  9    37.53885825
2017  1 10    31.21613308
2017  1 11    25.81449542
2017  1 12    16.96955874
2017  1 13     8.39821624
2017  1 14     5.51039383
2017  1 15     4.45891051
2017  1 16     3.78673703
2017  1 17     3.30701743
2017  1 18     2.96445826
2017  1 19    11.10625587
2017  1 20    10.15112002
2017  1 21    10.30502491
2017  1 22     6.61713575
2017  1 23     7.43830310
2017  1 24     4.50628181
2017  1 25     3.02233564
2017  1 26     2.65774072
2017  1 27     2.42842995
2017  1 28     2.25546902
2017  1 29     2.11226337
2017  1 30     2.02335740
2017  1 31     2.02933830
2017  2  1     2.06095808
2017  2  2     2.70372985
2017  2  3     5.18561331
2017  2  4     7.34417335
2017  2  5     4.22777310
2017  2  6     7.57689509
2017  2  7    18.75755288
2017  2  8    32.45772162
2017  2  9    28.09318139
2017  2 10    38.95365520
2017  2 11    27.32625844
2017  2 12    11.54216029
2017  2 13     7.84573781
2017  2 14     6.39435521
2017  2 15     5.55917215
2017  2 16     5.33714551
2017  2 17     5.57244650
2017  2 18     7.87494157
2017  2 19     6.10799002
2017  2 20    13.60632848
2017  2 21    20.48984729
2017  2 22    15.87636053
2017  2 23     7.74111665
2017  2 24     5.09756880
2017  2 25     4.33730678
2017  2 26     3.83721355
2017  2 27     3.73967558
2017  2 28     3.31164918
2017  3  1     3.03260694
2017  3  2     2.88502949
2017  3  3     2.97573066
2017  3  4     3.09097612
2017  3  5     6.26941785
2017  3  6     5.26846805
2017  3  7     3.13382513
2017  3  8     2.97753529
2017  3  9     3.29570206
2017  3 10     4.04564065
2017  3 11     4.41158160
2017  3 12     4.65904338
2017  3 13     5.00977573
2017  3 14     5.28149493
2017  3 15     5.49285299
2017  3 16     5.49447362
2017  3 17     5.32699358
2017  3 18     5.62302217
2017  3 19     5.58292610
2017  3 20     5.32076666
2017  3 21     8.22246623
2017  3 22    13.30104943
2017  3 23     9.64877354
2017  3 24     4.64449771
2017  3 25     6.66047787
2017  3 26     5.88729094
2017  3 27     5.03858729
2017  3 28     3.79005945
2017  3 29     3.17715051
2017  3 30     7.12343869
2017  3 31     6.32929375
2017  4  1     3.26150105
2017  4  2     3.53022235
2017  4  3     4.14290597
2017  4  4     3.80649128
2017  4  5     3.63285307
2017  4  6     4.32878072
2017  4  7    11.69299954
2017  4  8    19.56653405
2017  4  9     8.67218054
2017  4 10     4.41262540
2017  4 11     3.57762783
2017  4 12     3.16170960
2017  4 13     7.32310604
2017  4 14     9.36223524
2017  4 15     4.05799641
2017  4 16     3.47045447
2017  4 17     8.20071349
2017  4 18    21.67302425
2017  4 19    14.28986174
2017  4 20     6.03769201
2017  4 21     4.89678811
2017  4 22     5.43716092
2017  4 23     6.10225879
2017  4 24     5.50703918
2017  4 25     4.11026288
2017  4 26     3.71501928
2017  4 27     4.10974730
2017  4 28     3.86973894
2017  4 29     3.10373719
2017  4 30     2.97292272
2017  5  1     4.27218317
2017  5  2     5.71470283
2017  5  3     6.69349235
2017  5  4     7.60915979
2017  5  5     8.37329313
2017  5  6     8.06114352
2017  5  7     7.71108647
2017  5  8     5.95375989
2017  5  9     5.05755121
2017  5 10     5.93494881
2017  5 11     6.43393100
2017  5 12     6.72370058
2017  5 13     4.76605462
2017  5 14     2.77682528
2017  5 15     2.34863560
2017  5 16     2.45612738
2017  5 17     2.23766699
2017  5 18     1.90947693
2017  5 19     2.02245435
2017  5 20     3.13958356
2017  5 21     4.88084769
2017  5 22     6.05755392
2017  5 23     6.99810697
2017  5 24     8.02771283
2017  5 25     8.21479593
2017  5 26     7.16291299
2017  5 27     6.31335240
2017  5 28     6.46146297
2017  5 29     7.01391771
2017  5 30     7.65128356
2017  5 31     8.09485014
2017  6  1     6.55329920
2017  6  2     5.53800722
2017  6  3     6.50831626
2017  6  4     7.29651958
2017  6  5     7.02361854
2017  6  6     6.67761309
2017  6  7     7.09431771
2017  6  8     7.31288006
2017  6  9     6.63149898
2017  6 10     5.52191108
2017  6 11     4.74465766
2017  6 12     3.32060787
2017  6 13     2.12100829
2017  6 14     2.62173996
2017  6 15     4.05287619
2017  6 16     5.26193854
2017  6 17     6.43323079
2017  6 18     7.35826725
2017  6 19     7.78866004
2017  6 20     7.73619105
2017  6 21     7.06863545
2017  6 22     6.36671622
2017  6 23     5.65086866
2017  6 24     4.95834641
2017  6 25     4.43324081
2017  6 26     4.01050395
2017  6 27     3.46276198
2017  6 28     2.79037957
2017  6 29     2.21143036
2017  6 30     1.92266007
2017  7  1     1.84263543
2017  7  2     1.75652986
2017  7  3     1.58796418
2017  7  4     1.41309835
2017  7  5     1.30793765
2017  7  6     1.16677640
2017  7  7     1.03954308
2017  7  8     1.00989100
2017  7  9     0.92689819
2017  7 10     0.79263945
2017  7 11     0.70684515
2017  7 12     0.60486705
2017  7 13     0.51029511
2017  7 14     0.46833290
2017  7 15     0.43394765
2017  7 16     0.40530934
2017  7 17     0.38159476
2017  7 18     0.35930135
2017  7 19     0.33720931
2017  7 20     0.32061893
2017  7 21     0.30485282
2017  7 22     0.28564143
2017  7 23     0.26786765
2017  7 24     0.26828255
2017  7 25     0.26041591
2017  7 26     0.23860591
2017  7 27     0.23089822
2017  7 28     0.22836547
2017  7 29     0.21931406
2017  7 30     0.20653955
2017  7 31     0.19934342
2017  8  1     0.19542776
2017  8  2     0.18815519
2017  8  3     0.17958387
2017  8  4     0.20887300
2017  8  5     0.25152799
2017  8  6     0.27015938
2017  8  7     0.22022007
2017  8  8     0.16672604
2017  8  9     0.15667501
2017  8 10     0.15716344
2017  8 11     0.15397400
2017  8 12     0.14463715
2017  8 13     0.14072715
2017  8 14     0.13729145
2017  8 15     0.13475951
2017  8 16     0.13212487
2017  8 17     0.12815521
2017  8 18     0.12372103
2017  8 19     0.39767994
2017  8 20     0.35096347
2017  8 21     0.12854472
2017  8 22     0.11802264
2017  8 23     0.11505003
2017  8 24     0.10816945
2017  8 25     0.10489468
2017  8 26     0.10162766
2017  8 27     0.09845420
2017  8 28     0.09549351
2017  8 29     0.09255919
2017  8 30     0.09772227
2017  8 31     0.09367418
2017  9  1     0.08675607
2017  9  2     0.08464492
2017  9  3     0.08185243
2017  9  4     0.07935168
2017  9  5     0.08124091
2017  9  6     0.07995996
2017  9  7     0.07561249
2017  9  8     0.07498782
2017  9  9     0.07467694
2017  9 10     0.07357750
2017  9 11     0.07095803
2017  9 12     0.08643878
2017  9 13     0.11254349
2017  9 14     0.19920443
2017  9 15     0.14668562
2017  9 16     0.06629860
2017  9 17     0.06519210
2017  9 18     0.06288067
2017  9 19     0.06111114
2017  9 20     0.06018389
2017  9 21     1.48353336
2017  9 22     1.16112513
2017  9 23     0.12936984
2017  9 24     0.10716588
2017  9 25     0.16983971
2017  9 26     0.26729722
2017  9 27     0.18707255
2017  9 28     0.10121728
2017  9 29     0.09501232
2017  9 30     0.07989049
2017 10  1     0.07060332
2017 10  2     0.06479428
2017 10  3     0.06170673
2017 10  4     0.07080729
2017 10  5     0.07213854
2017 10  6     0.06037519
2017 10  7     0.04945426
2017 10  8     0.04639955
2017 10  9     0.04536695
2017 10 10     0.04568416
2017 10 11     0.04443865
2017 10 12     0.04344013
2017 10 13     0.04317966
2017 10 14     0.04166740
2017 10 15     0.03957275
2017 10 16     0.03723533
2017 10 17     0.03540426
2017 10 18     0.03493127
2017 10 19     0.03479601
2017 10 20     0.71712628
2017 10 21     0.57352816
2017 10 22     0.10882882
2017 10 23     0.10355357
2017 10 24     0.07656903
2017 10 25     0.06104365
2017 10 26     0.05140217
2017 10 27     0.04506663
2017 10 28     0.04080279
2017 10 29     0.03733330
2017 10 30     0.03475313
2017 10 31     0.03392665
2017 11  1     0.03380367
2017 11  2     0.03216739
2017 11  3     0.04903179
2017 11  4     0.09794104
2017 11  5     0.14779451
2017 11  6     0.08415858
2017 11  7     0.03568521
2017 11  8     0.04740194
2017 11  9     0.05967587
2017 11 10     0.06084462
2017 11 11     0.04435199
2017 11 12     0.03576250
2017 11 13     0.03489834
2017 11 14     0.08150618
2017 11 15     0.06502909
2017 11 16     2.03595907
2017 11 17    14.00942264
2017 11 18    10.40188379
2017 11 19     2.40745775
2017 11 20     1.65402727
2017 11 21     1.15067859
2017 11 22     0.83786136
2017 11 23     0.64198625
2017 11 24     0.50914837
2017 11 25     2.04748434
2017 11 26     1.82514934
2017 11 27     3.57408484
2017 11 28     2.72817568
2017 11 29     0.89289818
2017 11 30     0.69726266
2017 12  1     0.51382921
2017 12  2     0.39387201
2017 12  3     0.49986794
2017 12  4     0.40475664
2017 12  5     0.24325495
2017 12  6     0.22180638
2017 12  7     0.18005817
2017 12  8     0.15027376
2017 12  9     0.12806544
2017 12 10     0.11162685
2017 12 11     0.09869928
2017 12 12     0.08909292
2017 12 13     0.08385725
2017 12 14     0.07900918
2017 12 15     0.07263124
2017 12 16     0.06711357
2017 12 17     0.06027063
2017 12 18     0.05266236
2017 12 19     0.04919287
2017 12 20     0.06105145
2017 12 21     0.06665427
2017 12 22     0.04931986
2017 12 23     0.04376198
2017 12 24     0.05826776
2017 12 25     0.06874527
2017 12 26     0.06389059
2017 12 27     0.05924688
2017 12 28     0.05290870
2017 12 29     0.04844828
2017 12 30     0.04313804
2017 12 31     0.03493673
2018  1  1     0.02984013
2018  1  2     0.02836840
2018  1  3     0.02752470
2018  1  4     0.14239999
2018  1  5     0.06463439
2018  1  6     2.44569220
2018  1  7     2.32570068
2018  1  8     0.78690377
2018  1  9     6.84931668
2018  1 10     6.36402597
2018  1 11     2.35599856
2018  1 12     1.28559338
2018  1 13     0.98714644
2018  1 14     0.77235645
2018  1 15     0.62301116
2018  1 16     0.52136312
2018  1 17     0.41909840
2018  1 18     0.36571927
2018  1 19     3.08745517
2018  1 20     2.48736990
2018  1 21     0.79509702
2018  1 22     0.65722443
2018  1 23     0.49284330
2018  1 24     0.38246221
2018  1 25     1.30194058
2018  1 26     0.83822902
2018  1 27     0.38592331
2018  1 28     0.33836901
2018  1 29     0.34463147
2018  1 30     0.48251785
2018  1 31     0.57740932
2018  2  1     0.63656445
2018  2  2     0.69363730
2018  2  3     0.64234663
2018  2  4     0.54163108
2018  2  5     0.44588452
2018  2  6     0.34669837
2018  2  7     0.28434306
2018  2  8     0.25577190
2018  2  9     0.23361940
2018  2 10     0.21386439
2018  2 11     0.17516123
2018  2 12     0.14172245
2018  2 13     0.12964958
2018  2 14     0.11711615
2018  2 15     0.10621814
2018  2 16     0.09745427
2018  2 17     0.09306844
2018  2 18     0.09395758
2018  2 19     0.09337698
2018  2 20     0.08333611
2018  2 21     0.07986345
2018  2 22     0.07535890
2018  2 23     0.10207243
2018  2 24     0.07215200
2018  2 25     0.06638861
2018  2 26     0.12746084
2018  2 27     0.10689994
2018  2 28     0.06691720
2018  3  1     0.35246778
2018  3  2     2.22390730
2018  3  3     2.57327608
2018  3  4     1.08738943
2018  3  5     0.29916777
2018  3  6     0.22216321
2018  3  7     0.28107246
2018  3  8     0.32073240
2018  3  9     0.39539692
2018  3 10     0.47911626
2018  3 11     0.72770572
2018  3 12     1.01788553
2018  3 13     1.55100793
2018  3 14    12.50052759
2018  3 15     9.37979081
2018  3 16     3.68462390
2018  3 17     4.03251673
2018  3 18     2.21458013
2018  3 19     1.39536824
2018  3 20     1.23841571
2018  3 21     3.72429108
2018  3 22    24.70631442
2018  3 23    26.48426006
2018  3 24     9.75066387
2018  3 25     5.67523805
2018  3 26     4.02405875
2018  3 27     3.12532047
2018  3 28     2.92836879
2018  3 29     3.62885413
2018  3 30     4.53093952
2018  3 31     5.31743056
2018  4  1     5.58862984
2018  4  2     5.57823408
2018  4  3     4.97742436
2018  4  4     4.34563948
2018  4  5     4.71438201
2018  4  6     5.48030639
2018  4  7    20.91581422
2018  4  8    17.83383114
2018  4  9     7.61564811
2018  4 10     6.84909291
2018  4 11     6.86425062
2018  4 12     5.60360657
2018  4 13     3.74173552
2018  4 14     2.95403254
2018  4 15     3.46028712
2018  4 16     5.63246617
2018  4 17     5.27350482
2018  4 18     2.73104071
2018  4 19     2.33219813
2018  4 20     2.00669321
2018  4 21     2.59869909
2018  4 22     4.21510574
2018  4 23     5.31987994
2018  4 24     5.11636829
2018  4 25     4.89668810
2018  4 26     5.24403675
2018  4 27     5.67522876
2018  4 28     4.66675199
2018  4 29     3.05382971
2018  4 30     2.18632999
2018  5  1     1.76993934
2018  5  2     1.55771491
2018  5  3     1.58573489
2018  5  4     2.22447068
2018  5  5     3.17415606
2018  5  6     3.76393071
2018  5  7     3.90393129
2018  5  8     3.95557370
2018  5  9     3.94501135
2018  5 10     3.36203689
2018  5 11     2.64934639
2018  5 12     1.98541839
2018  5 13     1.45433154
2018  5 14     1.42994152
2018  5 15     1.64067536
2018  5 16     1.53188398
2018  5 17     1.15773882
2018  5 18     1.02121808
2018  5 19     1.02213634
2018  5 20     1.04196247
2018  5 21     1.20729672
2018  5 22     1.66489335
2018  5 23     1.93540612
2018  5 24     1.51991114
2018  5 25     1.06744041
2018  5 26     0.94334513
2018  5 27     0.74278151
2018  5 28     0.69208689
2018  5 29     0.70846637
2018  5 30     0.70936603
2018  5 31     0.63958909
2018  6  1     0.55789915
2018  6  2     0.50409078
2018  6  3     0.50930809
2018  6  4     0.51234546
2018  6  5     0.49544792
2018  6  6     0.44163779
2018  6  7     0.38098343
2018  6  8     0.35784430
2018  6  9     0.33854171
2018  6 10     0.32284834
2018  6 11     0.30641478
2018  6 12     0.29352834
2018  6 13     0.27955509
2018  6 14     0.26468646
2018  6 15     0.25498283
2018  6 16     0.24674599
2018  6 17     0.23969531
2018  6 18     0.23359078
2018  6 19     0.22547289
2018  6 20     0.21563543
2018  6 21     0.20640940
2018  6 22     0.19865590
2018  6 23     0.19135323
2018  6 24     0.18479340
2018  6 25     0.17873093
2018  6 26     0.17272173
2018  6 27     0.16704910
2018  6 28     0.16244901
2018  6 29     0.15913168
2018  6 30     0.15510208
2018  7  1     0.14944367
2018  7  2     0.14583900
2018  7  3     0.14121143
2018  7  4     0.13562200
2018  7  5     0.13238042
2018  7  6     0.12841658
2018  7  7     0.12387427
2018  7  8     0.11921671
2018  7  9     0.11544211
2018  7 10     0.11209519
2018  7 11     0.10880115
2018  7 12     0.10601659
2018  7 13     0.14543569
2018  7 14     0.13002625
2018  7 15     0.09671894
2018  7 16     0.09349263
2018  7 17     0.09064560
2018  7 18     0.08779016
2018  7 19     0.08463789
2018  7 20     0.08203975
2018  7 21     0.16328684
2018  7 22     0.26511543
2018  7 23     0.22450014
2018  7 24     0.11325206
2018  7 25     0.07862930
2018  7 26     0.06973496
2018  7 27     0.06760186
2018  7 28     0.06554501
2018  7 29     0.06349403
2018  7 30     0.06818396
2018  7 31     0.06541868
2018  8  1     0.06359047
2018  8  2     0.07017531
2018  8  3     0.06338276
2018  8  4     0.05382639
2018  8  5     0.05257689
2018  8  6     0.05150376
2018  8  7     0.05006067
2018  8  8     0.04801336
2018  8  9     0.04624175
2018  8 10     0.04477441
2018  8 11     0.04342761
2018  8 12     0.04521019
2018  8 13     0.04416650
2018  8 14     0.05419121
2018  8 15     0.05080303
2018  8 16     0.03936602
2018  8 17     0.03926259
2018  8 18     0.03685918
2018  8 19     0.03483940
2018  8 20     0.03383328
2018  8 21     0.03298623
2018  8 22     0.03236184
2018  8 23     0.03168337
2018  8 24     0.03083244
2018  8 25     0.03001014
2018  8 26     0.02920934
2018  8 27     0.02835198
2018  8 28     0.02761723
2018  8 29     0.02696480
2018  8 30     0.02625656
2018  8 31     0.02563464
2018  9  1     0.02499760
2018  9  2     0.02415821
2018  9  3     0.02320632
2018  9  4     0.02516901
2018  9  5     0.09078944
2018  9  6     0.07410896
2018  9  7     0.02223922
2018  9  8     0.02002403
2018  9  9     0.01952913
2018  9 10     0.01904494
2018  9 11     0.01857203
2018  9 12     0.01823532
2018  9 13     0.01808937
2018  9 14     0.01784454
2018  9 15     0.01728053
2018  9 16     0.01684589
2018  9 17     0.01645390
2018  9 18     0.01595974
2018  9 19     0.01549018
2018  9 20     0.01509816
2018  9 21     0.01458359
2018  9 22     0.01400819
2018  9 23     0.01360267
2018  9 24     0.01335811
2018  9 25     0.01303914
2018  9 26     0.01255052
2018  9 27     0.01200980
2018  9 28     0.01152842
2018  9 29     0.01132625
2018  9 30     0.01148105
2018 10  1     0.01138218
2018 10  2     0.03674878
2018 10  3     0.14298598
2018 10  4     0.44287291
2018 10  5     0.26632758
2018 10  6     0.03416982
2018 10  7     0.02318066
2018 10  8     0.01344135
2018 10  9     0.00987551
2018 10 10     0.00951859
2018 10 11     0.01428862
2018 10 12     0.01375992
2018 10 13     0.00889574
2018 10 14     0.00850997
2018 10 15     0.00841511
2018 10 16     0.00834833
2018 10 17     0.00805053
2018 10 18     0.00775956
2018 10 19     0.00753517
2018 10 20     0.00726798
2018 10 21     0.00706157
2018 10 22     0.00690940
2018 10 23     0.00680489
2018 10 24     0.00668889
2018 10 25     0.00646438
2018 10 26     0.00616836
2018 10 27     0.00589921
2018 10 28     0.00570453
2018 10 29     0.00569348
2018 10 30     0.00745052
2018 10 31     0.00743088
2018 11  1     0.00564752
2018 11  2     0.00527274
2018 11  3     0.00497317
2018 11  4     0.00483537
2018 11  5     0.00471507
2018 11  6     0.00467168
2018 11  7     0.00466502
2018 11  8     0.00469465
2018 11  9     0.00486969
2018 11 10     0.00475503
2018 11 11     0.00450344
2018 11 12     0.00447993
2018 11 13     0.00434833
2018 11 14     0.00418048
2018 11 15     0.00402201
2018 11 16     0.00386681
2018 11 17     0.00379302
2018 11 18     0.00376636
2018 11 19     0.00371626
2018 11 20     0.00365325
2018 11 21     0.00359262
2018 11 22     2.04228984
2018 11 23     1.69251111
2018 11 24     2.33703804
2018 11 25     1.23216163
2018 11 26     0.16474573
2018 11 27     0.14390539
2018 11 28     3.00978008
2018 11 29     5.69629900
2018 11 30     3.90110811
2018 12  1     1.17504278
2018 12  2     1.07967868
2018 12  3     0.44578658
2018 12  4     0.28032979
2018 12  5     0.22370120
2018 12  6     0.19915830
2018 12  7     0.15263086
2018 12  8     0.12004673
2018 12  9     0.10504935
2018 12 10     0.09382236
2018 12 11     0.07908123
2018 12 12     0.06966835
2018 12 13     0.06420902
2018 12 14     0.06067364
2018 12 15     0.05252320
2018 12 16     0.04954910
2018 12 17     1.80389535
2018 12 18     1.51338117
2018 12 19     0.50996624
2018 12 20     0.30841015
2018 12 21     0.42861063
2018 12 22     0.31840506
2018 12 23     0.15991238
2018 12 24     0.15479052
2018 12 25     0.69594548
2018 12 26     0.37882149
2018 12 27     0.10277068
2018 12 28     0.08455289
2018 12 29     0.06934293
2018 12 30     0.05807251
2018 12 31     0.05077169
