1915  1  1    12.22845695
1915  1  2    13.02108398
1915  1  3    10.28331479
1915  1  4     8.63894737
1915  1  5     6.92463324
1915  1  6     6.13164646
1915  1  7     5.07344617
1915  1  8     4.68599786
1915  1  9     3.89840260
1915  1 10     3.34315562
1915  1 11     2.95273934
1915  1 12     3.06819078
1915  1 13     3.15980415
1915  1 14     2.59647532
1915  1 15     2.08934033
1915  1 16     1.80794470
1915  1 17     1.60455649
1915  1 18     1.44218271
1915  1 19     1.30636546
1915  1 20     1.19787533
1915  1 21     1.10801577
1915  1 22     1.03340418
1915  1 23     0.97000576
1915  1 24     0.92968199
1915  1 25     1.24845574
1915  1 26     0.95128235
1915  1 27     1.25186993
1915  1 28     1.46836150
1915  1 29     1.40235199
1915  1 30     1.48471937
1915  1 31     1.64261705
1915  2  1     1.83652851
1915  2  2     1.80169459
1915  2  3     1.42260084
1915  2  4     0.83769477
1915  2  5     0.65492107
1915  2  6     0.56275337
1915  2  7     0.50735420
1915  2  8     1.40519061
1915  2  9     2.03778324
1915  2 10     1.91379257
1915  2 11     1.17612796
1915  2 12     0.80215826
1915  2 13     0.67269855
1915  2 14     0.59682512
1915  2 15     0.54281840
1915  2 16     0.74492217
1915  2 17     1.46607045
1915  2 18     1.07659777
1915  2 19     0.75176889
1915  2 20     1.41197981
1915  2 21     0.89334712
1915  2 22     0.86603649
1915  2 23     0.73103077
1915  2 24     0.71140993
1915  2 25     0.67881688
1915  2 26     0.70753422
1915  2 27     0.66873409
1915  2 28     1.42114975
1915  3  1     0.91435736
1915  3  2     0.78587448
1915  3  3     0.71958280
1915  3  4     0.67918333
1915  3  5     0.65448831
1915  3  6     0.62934763
1915  3  7     0.60784890
1915  3  8     0.58699783
1915  3  9     0.56635478
1915  3 10     0.54657759
1915  3 11     0.53231128
1915  3 12     0.51084517
1915  3 13     0.50619983
1915  3 14     0.49742108
1915  3 15     0.49495228
1915  3 16     0.48308981
1915  3 17     0.48024395
1915  3 18     0.47620868
1915  3 19     0.46351346
1915  3 20     0.45547816
1915  3 21     0.46178151
1915  3 22     0.45943479
1915  3 23     0.45896102
1915  3 24     0.45573852
1915  3 25     0.43810222
1915  3 26     0.42783126
1915  3 27     0.43149565
1915  3 28     2.04641191
1915  3 29     1.47985899
1915  3 30     0.86196583
1915  3 31     0.76662103
1915  4  1     0.73156562
1915  4  2     0.69889309
1915  4  3     0.67924141
1915  4  4     0.65927842
1915  4  5     0.68461478
1915  4  6     0.62427848
1915  4  7     0.83177303
1915  4  8     0.66703426
1915  4  9     0.66594747
1915  4 10     0.65569292
1915  4 11     0.62594098
1915  4 12     0.61179471
1915  4 13     0.59818992
1915  4 14     0.58181204
1915  4 15     0.57303673
1915  4 16     0.57023147
1915  4 17     0.56059780
1915  4 18     0.55911848
1915  4 19     0.55289015
1915  4 20     0.53115158
1915  4 21     0.57992512
1915  4 22     0.56129279
1915  4 23     0.49511990
1915  4 24     0.47888068
1915  4 25     0.45515860
1915  4 26     0.44397191
1915  4 27     0.45086268
1915  4 28     0.57747837
1915  4 29     0.68941450
1915  4 30     0.80355159
1915  5  1     0.80668794
1915  5  2     0.57470905
1915  5  3     0.51681594
1915  5  4     0.75038629
1915  5  5     0.90685259
1915  5  6     0.71263648
1915  5  7     0.73669855
1915  5  8     0.69131997
1915  5  9     1.02009216
1915  5 10     1.04425969
1915  5 11     2.03323173
1915  5 12     2.64577532
1915  5 13     3.55381299
1915  5 14     2.09276532
1915  5 15     1.59477200
1915  5 16     1.55896120
1915  5 17     3.68050854
1915  5 18     3.33182602
1915  5 19     2.12231596
1915  5 20     1.81461779
1915  5 21     1.68633806
1915  5 22     1.64547493
1915  5 23     1.64887762
1915  5 24     1.98399225
1915  5 25     1.71653054
1915  5 26     1.60730352
1915  5 27     1.64203078
1915  5 28     1.64649841
1915  5 29     1.60103421
1915  5 30     1.58610182
1915  5 31     1.58729022
1915  6  1     1.54675578
1915  6  2     1.48122229
1915  6  3     1.42915327
1915  6  4     1.40255549
1915  6  5     1.39283720
1915  6  6     1.37719022
1915  6  7     1.33883210
1915  6  8     1.31183693
1915  6  9     1.28406321
1915  6 10     1.24281484
1915  6 11     1.18160326
1915  6 12     1.12068306
1915  6 13     1.06590500
1915  6 14     1.01923941
1915  6 15     0.98489157
1915  6 16     0.95439874
1915  6 17     0.92190635
1915  6 18     0.89269897
1915  6 19     0.86380128
1915  6 20     0.83294774
1915  6 21     0.80452019
1915  6 22     0.77765941
1915  6 23     0.75290193
1915  6 24     0.72986427
1915  6 25     0.70825907
1915  6 26     0.68504549
1915  6 27     0.66288334
1915  6 28     0.64198940
1915  6 29     0.62216532
1915  6 30     0.60298246
1915  7  1     0.58441521
1915  7  2     0.57332318
1915  7  3     0.55365121
1915  7  4     0.53385274
1915  7  5     0.51909738
1915  7  6     0.50340943
1915  7  7     0.48770309
1915  7  8     0.47286455
1915  7  9     0.45846742
1915  7 10     0.44462521
1915  7 11     0.43102946
1915  7 12     0.41828000
1915  7 13     0.40593305
1915  7 14     0.39411859
1915  7 15     0.38223019
1915  7 16     0.37063212
1915  7 17     0.35941374
1915  7 18     0.34865163
1915  7 19     0.33827253
1915  7 20     0.32793737
1915  7 21     0.31796912
1915  7 22     0.30843754
1915  7 23     0.29989404
1915  7 24     0.29064406
1915  7 25     0.28156144
1915  7 26     0.27360926
1915  7 27     0.26604356
1915  7 28     0.25847479
1915  7 29     0.25070546
1915  7 30     0.24323075
1915  7 31     0.23581082
1915  8  1     0.22835949
1915  8  2     0.22151672
1915  8  3     0.21498501
1915  8  4     0.20864549
1915  8  5     0.20249333
1915  8  6     0.19652300
1915  8  7     0.19072901
1915  8  8     0.18510624
1915  8  9     0.17964856
1915  8 10     0.17435194
1915  8 11     0.16921213
1915  8 12     0.16422368
1915  8 13     0.15938210
1915  8 14     0.15468345
1915  8 15     0.15012375
1915  8 16     0.14569806
1915  8 17     0.14140281
1915  8 18     0.13723442
1915  8 19     0.13318893
1915  8 20     0.12926307
1915  8 21     0.12545262
1915  8 22     0.12175415
1915  8 23     0.11823163
1915  8 24     0.11494714
1915  8 25     0.11143223
1915  8 26     0.10802054
1915  8 27     0.10483613
1915  8 28     0.10174586
1915  8 29     0.09874648
1915  8 30     0.09616543
1915  8 31     0.09320146
1915  9  1     0.09177329
1915  9  2     0.09450762
1915  9  3     0.08532009
1915  9  4     0.08251901
1915  9  5     0.08008654
1915  9  6     0.07772578
1915  9  7     0.07543460
1915  9  8     0.07321098
1915  9  9     0.07105290
1915  9 10     0.06895844
1915  9 11     0.06692571
1915  9 12     0.06495291
1915  9 13     0.06556845
1915  9 14     0.06285525
1915  9 15     0.05961225
1915  9 16     0.05762634
1915  9 17     0.05592766
1915  9 18     0.05427905
1915  9 19     0.05267904
1915  9 20     0.05112619
1915  9 21     0.04961912
1915  9 22     0.04815647
1915  9 23     0.04673693
1915  9 24     0.08262637
1915  9 25     0.06520125
1915  9 26     0.04430656
1915  9 27     0.04146513
1915  9 28     0.04024280
1915  9 29     0.03905655
1915  9 30     0.03790526
1915 10  1     0.03678790
1915 10  2     0.03570349
1915 10  3     0.03465104
1915 10  4     0.03362961
1915 10  5     0.03263829
1915 10  6     0.03167620
1915 10  7     0.03074246
1915 10  8     0.02983625
1915 10  9     0.02895675
1915 10 10     0.02810318
1915 10 11     0.02727477
1915 10 12     0.02647078
1915 10 13     0.02569048
1915 10 14     0.02493319
1915 10 15     0.02419822
1915 10 16     0.02348492
1915 10 17     0.02279264
1915 10 18     0.02212077
1915 10 19     0.02146871
1915 10 20     0.02083586
1915 10 21     0.02022167
1915 10 22     0.01962559
1915 10 23     0.01904707
1915 10 24     0.01848561
1915 10 25     0.01794070
1915 10 26     0.01741186
1915 10 27     0.01689860
1915 10 28     0.01640047
1915 10 29     0.01591703
1915 10 30     0.01544783
1915 10 31     0.01499247
1915 11  1     0.01455053
1915 11  2     0.01412161
1915 11  3     0.01370534
1915 11  4     0.01330134
1915 11  5     0.01290925
1915 11  6     0.01252872
1915 11  7     0.01215940
1915 11  8     0.01367254
1915 11  9     0.34794903
1915 11 10     0.15400551
1915 11 11     0.05445808
1915 11 12     0.01814054
1915 11 13     0.01149826
1915 11 14     0.01016867
1915 11 15     0.00978781
1915 11 16     0.07077387
1915 11 17     0.03996497
1915 11 18     0.01464377
1915 11 19     0.01939111
1915 11 20     0.01846091
1915 11 21     0.01634448
1915 11 22     0.01543235
1915 11 23     0.07132604
1915 11 24     0.06301956
1915 11 25     0.02781908
1915 11 26     0.01659693
1915 11 27     0.01601757
1915 11 28     0.01068193
1915 11 29     0.01017490
1915 11 30     0.00953310
1915 12  1     0.00819239
1915 12  2     0.06704325
1915 12  3     1.26670706
1915 12  4     2.03646600
1915 12  5     0.53928313
1915 12  6     0.17240468
1915 12  7     0.09513354
1915 12  8     0.04655270
1915 12  9     0.16866906
1915 12 10     0.07933460
1915 12 11     0.03385622
1915 12 12     0.37813084
1915 12 13     0.66977820
1915 12 14     1.18739892
1915 12 15     0.31305625
1915 12 16     0.14476623
1915 12 17     0.08708961
1915 12 18     0.05199947
1915 12 19     0.03111898
1915 12 20     0.02294636
1915 12 21     0.02091438
1915 12 22     0.02056075
1915 12 23     0.02043894
1915 12 24     0.01998106
1915 12 25     0.01882316
1915 12 26     0.01729372
1915 12 27     0.01649288
1915 12 28     0.05269939
1915 12 29     0.03835614
1915 12 30     0.02054224
1915 12 31     0.01895280
1916  1  1     0.08373785
1916  1  2     0.22926006
1916  1  3     1.76608414
1916  1  4     2.44248898
1916  1  5     1.02413772
1916  1  6     0.58616817
1916  1  7     0.43508055
1916  1  8     2.01466608
1916  1  9     2.17801536
1916  1 10     2.20678334
1916  1 11     1.12831720
1916  1 12     0.77946447
1916  1 13     0.79396492
1916  1 14     2.48673766
1916  1 15     1.52918782
1916  1 16     0.87461061
1916  1 17     4.38072750
1916  1 18     3.85771290
1916  1 19     1.97937041
1916  1 20     1.42671067
1916  1 21     1.28782749
1916  1 22     2.15132494
1916  1 23     5.20120505
1916  1 24     5.71494429
1916  1 25     5.89811417
1916  1 26     3.20098617
1916  1 27     6.49171878
1916  1 28     4.78526545
1916  1 29     5.39419379
1916  1 30     2.68325551
1916  1 31     2.21902050
1916  2  1     2.04019428
1916  2  2     1.99878026
1916  2  3     3.23736266
1916  2  4     6.53774806
1916  2  5     4.16977639
1916  2  6     2.62669472
1916  2  7     2.33973844
1916  2  8     2.14921880
1916  2  9     2.16132522
1916  2 10     2.55603973
1916  2 11     2.41632062
1916  2 12     2.13198546
1916  2 13     2.02110219
1916  2 14     1.99309008
1916  2 15     1.99483156
1916  2 16     2.00325468
1916  2 17     1.91011902
1916  2 18     1.84211474
1916  2 19     1.83382603
1916  2 20     1.95468625
1916  2 21     2.94896455
1916  2 22     2.42159403
1916  2 23     1.99579903
1916  2 24     1.87972463
1916  2 25     1.79785285
1916  2 26     3.17183767
1916  2 27     5.84174657
1916  2 28     3.78967074
1916  2 29     4.40933283
1916  3  1     6.14335994
1916  3  2     3.25422494
1916  3  3     2.52109631
1916  3  4     7.13957770
1916  3  5     7.62432106
1916  3  6     3.65399315
1916  3  7     3.04187234
1916  3  8     3.01459488
1916  3  9     3.03071663
1916  3 10     3.10254793
1916  3 11     3.05248954
1916  3 12     3.03528679
1916  3 13     3.03859134
1916  3 14     2.93265760
1916  3 15     2.88028912
1916  3 16     2.91553299
1916  3 17     2.91046851
1916  3 18     3.15645544
1916  3 19     3.47439014
1916  3 20     8.41387166
1916  3 21     4.63683126
1916  3 22     3.37475199
1916  3 23     3.35188715
1916  3 24     2.88631086
1916  3 25     2.71145309
1916  3 26     2.69543812
1916  3 27     2.63558117
1916  3 28     2.68149078
1916  3 29     2.63231371
1916  3 30     2.51691362
1916  3 31     2.47702274
1916  4  1     2.45556966
1916  4  2     2.67917163
1916  4  3     2.54235772
1916  4  4     2.35870755
1916  4  5     2.26134594
1916  4  6     2.23964595
1916  4  7     2.27766289
1916  4  8     2.33457724
1916  4  9     2.40310108
1916  4 10     2.40438056
1916  4 11     3.03141891
1916  4 12     2.43939728
1916  4 13     2.21269891
1916  4 14     2.21433782
1916  4 15     2.18198213
1916  4 16     2.15464377
1916  4 17     2.12854510
1916  4 18     1.99137919
1916  4 19     1.95741075
1916  4 20     2.03009271
1916  4 21     2.04155622
1916  4 22     2.05974430
1916  4 23     2.15225157
1916  4 24     2.15943878
1916  4 25     2.23122857
1916  4 26     2.19111379
1916  4 27     2.08352506
1916  4 28     2.10878879
1916  4 29     2.05981677
1916  4 30     1.97013372
1916  5  1     2.01818465
1916  5  2     2.13835052
1916  5  3     2.29188531
1916  5  4     2.47418498
1916  5  5     2.48847575
1916  5  6     2.30035527
1916  5  7     2.12210648
1916  5  8     2.06323450
1916  5  9     1.99615159
1916  5 10     1.82935164
1916  5 11     1.75789460
1916  5 12     1.62796187
1916  5 13     1.55977277
1916  5 14     1.53804199
1916  5 15     1.56619741
1916  5 16     1.62176302
1916  5 17     1.63778915
1916  5 18     1.79234096
1916  5 19     1.66298086
1916  5 20     1.57657172
1916  5 21     1.54811235
1916  5 22     1.44997095
1916  5 23     1.50483635
1916  5 24     1.50657309
1916  5 25     1.25672017
1916  5 26     1.16738373
1916  5 27     1.28433282
1916  5 28     1.36732383
1916  5 29     1.29818071
1916  5 30     1.21225696
1916  5 31     1.15084943
1916  6  1     1.13674933
1916  6  2     1.16150290
1916  6  3     1.20603328
1916  6  4     1.35288065
1916  6  5     1.47416287
1916  6  6     1.56605117
1916  6  7     1.64630646
1916  6  8     1.69914069
1916  6  9     1.65233280
1916  6 10     1.55302058
1916  6 11     1.52145391
1916  6 12     1.53273099
1916  6 13     1.57882031
1916  6 14     1.60192049
1916  6 15     1.55292955
1916  6 16     1.48555996
1916  6 17     1.41836825
1916  6 18     1.31661769
1916  6 19     1.23015714
1916  6 20     1.15294718
1916  6 21     1.07443498
1916  6 22     1.05157387
1916  6 23     1.03541258
1916  6 24     0.99072474
1916  6 25     0.94912029
1916  6 26     0.89683296
1916  6 27     0.84440384
1916  6 28     0.80830036
1916  6 29     0.77637028
1916  6 30     0.74640443
1916  7  1     0.72138205
1916  7  2     0.69693543
1916  7  3     0.67395718
1916  7  4     0.65243938
1916  7  5     0.63062725
1916  7  6     0.60776688
1916  7  7     0.58637873
1916  7  8     0.56767130
1916  7  9     0.54962879
1916  7 10     0.53183056
1916  7 11     0.51483005
1916  7 12     0.49891295
1916  7 13     0.48375769
1916  7 14     0.46939611
1916  7 15     0.45532891
1916  7 16     0.44151862
1916  7 17     0.42819962
1916  7 18     0.41510289
1916  7 19     0.40204535
1916  7 20     0.38974831
1916  7 21     0.37803150
1916  7 22     0.36676743
1916  7 23     0.35586707
1916  7 24     0.34530075
1916  7 25     0.33505704
1916  7 26     0.32537276
1916  7 27     0.31602341
1916  7 28     0.30681079
1916  7 29     0.29736614
1916  7 30     0.28833939
1916  7 31     0.27978062
1916  8  1     0.27151137
1916  8  2     0.26348903
1916  8  3     0.25570650
1916  8  4     0.24815472
1916  8  5     0.24082771
1916  8  6     0.23371885
1916  8  7     0.22682060
1916  8  8     0.22012671
1916  8  9     0.21363147
1916  8 10     0.20732902
1916  8 11     0.20121261
1916  8 12     0.19527723
1916  8 13     0.18951757
1916  8 14     0.18392812
1916  8 15     0.17850385
1916  8 16     0.17324004
1916  8 17     0.16813142
1916  8 18     0.16317365
1916  8 19     0.15836235
1916  8 20     0.15369324
1916  8 21     0.14916168
1916  8 22     0.14476381
1916  8 23     0.14049629
1916  8 24     0.13635394
1916  8 25     0.13233374
1916  8 26     0.12997861
1916  8 27     0.27050571
1916  8 28     0.34227257
1916  8 29     0.19664542
1916  8 30     0.11884719
1916  8 31     0.11058564
1916  9  1     0.10732553
1916  9  2     0.10416152
1916  9  3     0.10109085
1916  9  4     0.09811123
1916  9  5     0.09521889
1916  9  6     0.09241213
1916  9  7     0.08968783
1916  9  8     0.08704374
1916  9  9     0.08447831
1916  9 10     0.08198787
1916  9 11     0.07957075
1916  9 12     0.07722525
1916  9 13     0.07494881
1916  9 14     0.07273947
1916  9 15     0.07059529
1916  9 16     0.06851431
1916  9 17     0.06649468
1916  9 18     0.06453459
1916  9 19     0.06263229
1916  9 20     0.06078602
1916  9 21     0.06431102
1916  9 22     0.50233525
1916  9 23     0.23568476
1916  9 24     0.05784323
1916  9 25     0.05514455
1916  9 26     0.05313322
1916  9 27     0.05133282
1916  9 28     0.04966414
1916  9 29     0.04809283
1916  9 30     0.11211514
1916 10  1     1.51803562
1916 10  2     1.70251426
1916 10  3     0.66924453
1916 10  4     0.58193928
1916 10  5     0.30809343
1916 10  6     0.26085960
1916 10  7     0.36925597
1916 10  8     0.30899109
1916 10  9     0.27958565
1916 10 10     0.71984237
1916 10 11     0.55010391
1916 10 12     0.32854556
1916 10 13     0.30673401
1916 10 14     0.27938321
1916 10 15     0.26677869
1916 10 16     0.25222189
1916 10 17     0.23517627
1916 10 18     0.21741314
1916 10 19     0.20512548
1916 10 20     0.19651859
1916 10 21     0.18750151
1916 10 22     0.17780549
1916 10 23     0.16778589
1916 10 24     0.15981218
1916 10 25     0.15459956
1916 10 26     0.15013457
1916 10 27     0.14486163
1916 10 28     0.13895139
1916 10 29     0.13338745
1916 10 30     0.12923267
1916 10 31     0.12448042
1916 11  1     0.11996811
1916 11  2     0.11590647
1916 11  3     0.11197364
1916 11  4     0.19226190
1916 11  5     0.86472853
1916 11  6     0.47063535
1916 11  7     0.39953980
1916 11  8     0.21510777
1916 11  9     0.15820817
1916 11 10     0.14627371
1916 11 11     0.13075356
1916 11 12     0.11468536
1916 11 13     0.10735144
1916 11 14     0.10314003
1916 11 15     0.09928935
1916 11 16     0.09697409
1916 11 17     0.09608121
1916 11 18     0.09588105
1916 11 19     0.09144512
1916 11 20     0.08453448
1916 11 21     0.08324266
1916 11 22     0.08261988
1916 11 23     0.08190658
1916 11 24     0.07632722
1916 11 25     0.10172216
1916 11 26     0.89430159
1916 11 27     0.43323524
1916 11 28     0.20783842
1916 11 29     0.18108021
1916 11 30     0.16282204
1916 12  1     0.68366519
1916 12  2     1.28242563
1916 12  3     1.39808647
1916 12  4     2.05776312
1916 12  5     1.61712492
1916 12  6     0.95706120
1916 12  7     0.68394928
1916 12  8     0.58965926
1916 12  9     0.51790099
1916 12 10     0.46858161
1916 12 11     0.43645475
1916 12 12     0.41195502
1916 12 13     0.39069314
1916 12 14     0.37180410
1916 12 15     0.35519225
1916 12 16     0.33987603
1916 12 17     0.32574494
1916 12 18     0.31286160
1916 12 19     0.30187476
1916 12 20     0.29031037
1916 12 21     0.28662043
1916 12 22     0.29399279
1916 12 23     0.84761873
1916 12 24     1.48849330
1916 12 25     0.51989888
1916 12 26     0.37218340
1916 12 27     0.30540147
1916 12 28     0.37494317
1916 12 29     0.28383991
1916 12 30     1.22928347
1916 12 31     0.48603385
1917  1  1     0.32223319
1917  1  2     0.59193932
1917  1  3     1.53400275
1917  1  4     1.04458761
1917  1  5     0.82467651
1917  1  6     0.57585221
1917  1  7     0.43571402
1917  1  8     0.37740535
1917  1  9     0.34345145
1917  1 10     0.32483450
1917  1 11     0.31150591
1917  1 12     0.30086860
1917  1 13     0.28405219
1917  1 14     0.26800051
1917  1 15     0.25576252
1917  1 16     0.24480335
1917  1 17     0.23512639
1917  1 18     0.22903312
1917  1 19     0.22542374
1917  1 20     0.21678055
1917  1 21     0.21948586
1917  1 22     0.21036461
1917  1 23     0.20530954
1917  1 24     0.22160496
1917  1 25     0.23318452
1917  1 26     0.24125514
1917  1 27     0.25339448
1917  1 28     0.22849434
1917  1 29     0.37207431
1917  1 30     1.38521476
1917  1 31     1.02514601
1917  2  1     0.49990751
1917  2  2     0.43313971
1917  2  3     0.39854847
1917  2  4     0.40390051
1917  2  5     0.41719407
1917  2  6     0.40633022
1917  2  7     0.37431427
1917  2  8     0.37269916
1917  2  9     0.35309987
1917  2 10     0.34965053
1917  2 11     0.37614291
1917  2 12     0.41137904
1917  2 13     0.45314556
1917  2 14     0.39705389
1917  2 15     0.42437901
1917  2 16     0.53416939
1917  2 17     0.76654591
1917  2 18     0.46498804
1917  2 19     1.09497232
1917  2 20     3.25354084
1917  2 21     8.35290189
1917  2 22     6.82834479
1917  2 23     4.33676551
1917  2 24     7.97429169
1917  2 25     6.56708732
1917  2 26     3.10884936
1917  2 27     2.41833250
1917  2 28     2.14383242
1917  3  1     1.93298918
1917  3  2     1.78498032
1917  3  3     1.68422723
1917  3  4     1.67882544
1917  3  5     1.74658234
1917  3  6     1.65627606
1917  3  7     1.63261924
1917  3  8     1.78799304
1917  3  9     2.62827618
1917  3 10     3.31532551
1917  3 11     2.28938185
1917  3 12     1.71555531
1917  3 13     1.96454720
1917  3 14     2.84005231
1917  3 15     1.83107914
1917  3 16     1.52666161
1917  3 17     1.43769570
1917  3 18     1.36861649
1917  3 19     1.35628667
1917  3 20     1.39376281
1917  3 21     1.28056657
1917  3 22     1.21048329
1917  3 23     1.16674596
1917  3 24     1.18396643
1917  3 25     1.23150461
1917  3 26     1.48637637
1917  3 27     1.65464064
1917  3 28     1.81723116
1917  3 29     2.19867507
1917  3 30     1.87413590
1917  3 31     1.61366714
1917  4  1     1.55590999
1917  4  2     1.56262135
1917  4  3     1.53759256
1917  4  4     1.64653581
1917  4  5     1.83841879
1917  4  6     1.93462526
1917  4  7     1.96348584
1917  4  8     1.88357852
1917  4  9     1.66787626
1917  4 10     1.57696904
1917  4 11     2.25414189
1917  4 12     2.78082992
1917  4 13     1.97150916
1917  4 14     1.88427165
1917  4 15     1.87916081
1917  4 16     1.61812262
1917  4 17     1.43582300
1917  4 18     1.41289211
1917  4 19     1.44529656
1917  4 20     1.69601372
1917  4 21     2.93664504
1917  4 22     3.20641830
1917  4 23     2.84710578
1917  4 24     2.87135908
1917  4 25     2.97176578
1917  4 26     2.78231479
1917  4 27     2.53454417
1917  4 28     2.72217813
1917  4 29     2.42345384
1917  4 30     2.05362877
1917  5  1     2.09538494
1917  5  2     2.10870141
1917  5  3     2.03032699
1917  5  4     2.02494512
1917  5  5     2.21907356
1917  5  6     2.44846939
1917  5  7     2.55736427
1917  5  8     2.51798306
1917  5  9     2.44434499
1917  5 10     2.54343515
1917  5 11     2.46146468
1917  5 12     2.51748031
1917  5 13     2.78807025
1917  5 14     2.78078475
1917  5 15     2.29261297
1917  5 16     2.00531485
1917  5 17     3.41333594
1917  5 18     3.14334590
1917  5 19     2.33004210
1917  5 20     2.19661128
1917  5 21     2.24087581
1917  5 22     2.41507825
1917  5 23     2.67333572
1917  5 24     2.64882250
1917  5 25     2.22227616
1917  5 26     2.27976355
1917  5 27     2.29383711
1917  5 28     2.23416842
1917  5 29     2.39841090
1917  5 30     2.33841313
1917  5 31     2.34258612
1917  6  1     2.49899298
1917  6  2     2.75063689
1917  6  3     2.63978224
1917  6  4     2.39876948
1917  6  5     2.33053085
1917  6  6     2.39170069
1917  6  7     2.60542464
1917  6  8     2.81347962
1917  6  9     2.81449050
1917  6 10     2.52207587
1917  6 11     2.25595342
1917  6 12     2.19586448
1917  6 13     2.35349279
1917  6 14     2.61099714
1917  6 15     2.71209175
1917  6 16     2.80781829
1917  6 17     2.75053991
1917  6 18     2.61889090
1917  6 19     2.60543196
1917  6 20     2.48569410
1917  6 21     2.26837961
1917  6 22     2.07344057
1917  6 23     1.93506606
1917  6 24     1.79705923
1917  6 25     1.66162380
1917  6 26     1.56519516
1917  6 27     1.50018555
1917  6 28     1.40642252
1917  6 29     1.31479198
1917  6 30     1.25426999
1917  7  1     1.19913515
1917  7  2     1.14957438
1917  7  3     1.10744619
1917  7  4     1.06820116
1917  7  5     1.03102874
1917  7  6     0.99575872
1917  7  7     0.96222752
1917  7  8     0.93055568
1917  7  9     0.90030554
1917  7 10     0.87090121
1917  7 11     0.84236773
1917  7 12     0.82349631
1917  7 13     0.94995228
1917  7 14     0.88523569
1917  7 15     0.80774005
1917  7 16     0.95360728
1917  7 17     0.80277271
1917  7 18     0.68696812
1917  7 19     0.66636319
1917  7 20     0.64539557
1917  7 21     0.62550647
1917  7 22     0.60639034
1917  7 23     0.58796333
1917  7 24     0.57022769
1917  7 25     0.55295179
1917  7 26     0.53645556
1917  7 27     0.52051672
1917  7 28     0.50505435
1917  7 29     0.48992158
1917  7 30     0.47519544
1917  7 31     0.46085185
1917  8  1     0.44803258
1917  8  2     0.43899925
1917  8  3     0.42309278
1917  8  4     0.40821170
1917  8  5     0.39596617
1917  8  6     0.38428341
1917  8  7     0.37284668
1917  8  8     0.36175972
1917  8  9     0.35095413
1917  8 10     0.34043142
1917  8 11     0.33046814
1917  8 12     0.35266714
1917  8 13     0.32411405
1917  8 14     0.30196829
1917  8 15     0.29301398
1917  8 16     0.28566566
1917  8 17     0.27655365
1917  8 18     0.26782926
1917  8 19     0.25992978
1917  8 20     0.25226429
1917  8 21     0.24482467
1917  8 22     0.23760481
1917  8 23     0.23077368
1917  8 24     0.22389795
1917  8 25     0.21723280
1917  8 26     0.21079613
1917  8 27     0.20458111
1917  8 28     0.19854965
1917  8 29     0.19269587
1917  8 30     0.18701510
1917  8 31     0.18150147
1917  9  1     0.17615067
1917  9  2     0.17095835
1917  9  3     0.16591814
1917  9  4     0.16105007
1917  9  5     0.15629336
1917  9  6     0.15167253
1917  9  7     0.14720120
1917  9  8     0.14286190
1917  9  9     0.13865111
1917  9 10     0.13456404
1917  9 11     0.13059673
1917  9 12     0.12674690
1917  9 13     0.12301051
1917  9 14     0.11938433
1917  9 15     0.11586513
1917  9 16     0.11244969
1917  9 17     0.10913496
1917  9 18     0.10591794
1917  9 19     0.10279567
1917  9 20     0.09976584
1917  9 21     0.09682481
1917  9 22     0.15320046
1917  9 23     0.11846719
1917  9 24     0.09058701
1917  9 25     0.08590292
1917  9 26     0.08337068
1917  9 27     0.08091312
1917  9 28     0.07852800
1917  9 29     0.07621319
1917  9 30     0.07396661
1917 10  1     0.07344329
1917 10  2     0.07052665
1917 10  3     0.06761650
1917 10  4     0.06562331
1917 10  5     0.06368890
1917 10  6     0.06181151
1917 10  7     0.05998946
1917 10  8     0.05822112
1917 10  9     0.05650491
1917 10 10     0.05483928
1917 10 11     0.05322276
1917 10 12     0.05165388
1917 10 13     0.05013125
1917 10 14     0.04865351
1917 10 15     0.04721932
1917 10 16     0.04582742
1917 10 17     0.04447654
1917 10 18     0.04316548
1917 10 19     0.04189307
1917 10 20     0.04065817
1917 10 21     0.03945966
1917 10 22     0.03829649
1917 10 23     0.03716761
1917 10 24     0.03607200
1917 10 25     0.03500868
1917 10 26     0.03397672
1917 10 27     0.03297517
1917 10 28     0.03200314
1917 10 29     0.03105977
1917 10 30     0.03014420
1917 10 31     0.02925563
1917 11  1     0.02839324
1917 11  2     0.02755628
1917 11  3     0.02674399
1917 11  4     0.02595564
1917 11  5     0.03604087
1917 11  6     0.47713240
1917 11  7     0.18580303
1917 11  8     0.03307484
1917 11  9     0.02377552
1917 11 10     0.02200926
1917 11 11     0.02429452
1917 11 12     0.14575024
1917 11 13     0.07562194
1917 11 14     0.01978634
1917 11 15     0.01873230
1917 11 16     0.01812588
1917 11 17     0.01759157
1917 11 18     0.01707302
1917 11 19     0.01656975
1917 11 20     0.01608131
1917 11 21     0.01560727
1917 11 22     0.01514721
1917 11 23     0.01470071
1917 11 24     0.02174823
1917 11 25     0.01753422
1917 11 26     0.01343872
1917 11 27     0.01304249
1917 11 28     0.01265803
1917 11 29     0.01228491
1917 11 30     0.06261302
1917 12  1     1.26701206
1917 12  2     0.51557866
1917 12  3     0.11988405
1917 12  4     0.04757853
1917 12  5     0.02811392
1917 12  6     0.02238944
1917 12  7     0.02013539
1917 12  8     0.01880569
1917 12  9     0.01778597
1917 12 10     0.01686724
1917 12 11     0.01609385
1917 12 12     0.01542111
1917 12 13     0.01479792
1917 12 14     0.01422622
1917 12 15     0.01369602
1917 12 16     0.01321269
1917 12 17     0.06384659
1917 12 18     0.02833062
1917 12 19     0.01224324
1917 12 20     0.01165629
1917 12 21     0.01120192
1917 12 22     0.01079848
1917 12 23     0.01042531
1917 12 24     0.01007266
1917 12 25     0.09891205
1917 12 26     0.18047953
1917 12 27     0.05954299
1917 12 28     0.01196761
1917 12 29     0.00952514
1917 12 30     0.00887320
1917 12 31     0.00895889
1918  1  1     0.01074446
1918  1  2     0.01108572
1918  1  3     0.01083497
1918  1  4     0.01203096
1918  1  5     0.01282668
1918  1  6     0.01350780
1918  1  7     0.05889436
1918  1  8     0.03323030
1918  1  9     0.01035762
1918  1 10     0.01045681
1918  1 11     0.09578658
1918  1 12     0.31680761
1918  1 13     0.28598651
1918  1 14     0.36444199
1918  1 15     0.14502872
1918  1 16     0.04571175
1918  1 17     0.01684121
1918  1 18     0.01010636
1918  1 19     0.00756805
1918  1 20     0.00619142
1918  1 21     0.00675579
1918  1 22     0.00628158
1918  1 23     0.01022731
1918  1 24     0.01262299
1918  1 25     0.02169968
1918  1 26     0.01173449
1918  1 27     0.00548287
1918  1 28     0.00525392
1918  1 29     0.00684927
1918  1 30     0.00571866
1918  1 31     0.00459202
1918  2  1     0.00443850
1918  2  2     0.00458180
1918  2  3     0.01126286
1918  2  4     0.01462941
1918  2  5     0.07123246
1918  2  6     1.23321163
1918  2  7     1.46258296
1918  2  8     0.45404635
1918  2  9     0.16946447
1918  2 10     0.11833159
1918  2 11     0.09167939
1918  2 12     0.12180858
1918  2 13     0.34226133
1918  2 14     0.55690306
1918  2 15     0.38111649
1918  2 16     0.24399735
1918  2 17     0.96671710
1918  2 18     0.40935720
1918  2 19     0.25221683
1918  2 20     0.40673499
1918  2 21     1.11931082
1918  2 22     1.81929390
1918  2 23     1.32454881
1918  2 24     2.25869490
1918  2 25     0.90629333
1918  2 26     0.57047144
1918  2 27     0.48074871
1918  2 28     0.42063992
1918  3  1     0.40326457
1918  3  2     0.40441996
1918  3  3     0.41563656
1918  3  4     0.45545806
1918  3  5     0.54442465
1918  3  6     1.10122409
1918  3  7     5.22984989
1918  3  8     2.20834813
1918  3  9     1.09405526
1918  3 10     2.01899442
1918  3 11     4.17868250
1918  3 12     8.50657603
1918  3 13     3.72246529
1918  3 14     1.93701014
1918  3 15     1.66026090
1918  3 16     1.53766855
1918  3 17     1.81002193
1918  3 18     2.48950393
1918  3 19     8.60026466
1918  3 20     3.09785829
1918  3 21     2.10704803
1918  3 22     2.06635205
1918  3 23     2.07251182
1918  3 24     1.94612102
1918  3 25     1.93359835
1918  3 26     2.89140194
1918  3 27     3.22778756
1918  3 28     2.43390873
1918  3 29     2.21760670
1918  3 30     2.23313234
1918  3 31     2.30463917
1918  4  1     2.13678219
1918  4  2     1.83470129
1918  4  3     1.65695906
1918  4  4     1.55254393
1918  4  5     1.46632789
1918  4  6     1.48342473
1918  4  7     2.09945204
1918  4  8     1.96823834
1918  4  9     2.74545914
1918  4 10     2.79579310
1918  4 11     2.15711196
1918  4 12     1.98919431
1918  4 13     1.99270826
1918  4 14     1.63851763
1918  4 15     1.53745122
1918  4 16     1.50903555
1918  4 17     1.60449261
1918  4 18     1.74882651
1918  4 19     1.89507948
1918  4 20     2.17305928
1918  4 21     2.39941515
1918  4 22     2.41514445
1918  4 23     2.25645274
1918  4 24     2.06282153
1918  4 25     1.95560751
1918  4 26     1.89842317
1918  4 27     1.76508903
1918  4 28     1.75105271
1918  4 29     1.89235573
1918  4 30     1.97829619
1918  5  1     2.07363357
1918  5  2     2.29307920
1918  5  3     2.28460270
1918  5  4     2.20007265
1918  5  5     2.11321736
1918  5  6     1.91158872
1918  5  7     2.02679612
1918  5  8     2.52797876
1918  5  9     1.99074605
1918  5 10     1.58271140
1918  5 11     1.63290949
1918  5 12     1.69422442
1918  5 13     1.76054411
1918  5 14     1.75308395
1918  5 15     1.60398999
1918  5 16     1.47907767
1918  5 17     1.39015923
1918  5 18     1.31102579
1918  5 19     1.31832661
1918  5 20     1.34997746
1918  5 21     1.35204968
1918  5 22     1.36461267
1918  5 23     1.36003495
1918  5 24     1.33834065
1918  5 25     1.27958452
1918  5 26     1.21283747
1918  5 27     1.20284795
1918  5 28     1.18156233
1918  5 29     1.16770434
1918  5 30     1.17115291
1918  5 31     1.24124323
1918  6  1     1.40518357
1918  6  2     1.60660168
1918  6  3     1.77761750
1918  6  4     1.81849315
1918  6  5     1.86211757
1918  6  6     1.93083424
1918  6  7     1.98087406
1918  6  8     2.11467969
1918  6  9     2.24207901
1918  6 10     2.34380040
1918  6 11     2.31605779
1918  6 12     2.19745343
1918  6 13     2.08584472
1918  6 14     1.91242198
1918  6 15     1.75468431
1918  6 16     1.67104056
1918  6 17     1.63190300
1918  6 18     1.45214905
1918  6 19     1.27507211
1918  6 20     1.14629975
1918  6 21     1.06675483
1918  6 22     1.01640021
1918  6 23     0.97252955
1918  6 24     0.93243036
1918  6 25     0.89563580
1918  6 26     0.86148250
1918  6 27     0.82973253
1918  6 28     0.80030732
1918  6 29     0.77241233
1918  6 30     0.74575960
1918  7  1     1.36934891
1918  7  2     1.01478412
1918  7  3     0.72572668
1918  7  4     0.68085255
1918  7  5     0.65823676
1918  7  6     0.63604746
1918  7  7     0.61509772
1918  7  8     0.59520500
1918  7  9     0.57654651
1918  7 10     0.55852499
1918  7 11     0.54095156
1918  7 12     0.52406293
1918  7 13     0.50788859
1918  7 14     0.49234743
1918  7 15     0.47733726
1918  7 16     0.46285763
1918  7 17     0.44890068
1918  7 18     0.43533565
1918  7 19     0.42223651
1918  7 20     0.40947313
1918  7 21     0.39715308
1918  7 22     0.38548871
1918  7 23     0.37410987
1918  7 24     0.36310145
1918  7 25     0.35209462
1918  7 26     0.34139813
1918  7 27     0.33121464
1918  7 28     0.32115444
1918  7 29     0.31135184
1918  7 30     0.30186159
1918  7 31     0.29293884
1918  8  1     0.28423020
1918  8  2     0.27603220
1918  8  3     0.26772446
1918  8  4     0.25991631
1918  8  5     0.25233518
1918  8  6     0.24469096
1918  8  7     0.23740461
1918  8  8     0.23033595
1918  8  9     0.22342148
1918  8 10     0.21680383
1918  8 11     0.21040802
1918  8 12     0.20420112
1918  8 13     0.19817777
1918  8 14     0.19235692
1918  8 15     0.18697666
1918  8 16     0.18145639
1918  8 17     0.17613146
1918  8 18     0.17069446
1918  8 19     0.16559803
1918  8 20     0.16071532
1918  8 21     0.15597673
1918  8 22     0.15137798
1918  8 23     0.14691509
1918  8 24     0.14258364
1918  8 25     0.13837992
1918  8 26     0.13430050
1918  8 27     0.13034161
1918  8 28     0.14337933
1918  8 29     0.21728891
1918  8 30     0.16230451
1918  8 31     0.11819321
1918  9  1     0.11224626
1918  9  2     0.10892016
1918  9  3     0.10570932
1918  9  4     0.10259362
1918  9  5     0.09956950
1918  9  6     0.09663384
1918  9  7     0.13319307
1918  9  8     0.10916208
1918  9  9     0.08833836
1918  9 10     0.08573345
1918  9 11     0.08328992
1918  9 12     0.14651059
1918  9 13     1.12017672
1918  9 14     1.08304850
1918  9 15     0.38051270
1918  9 16     0.12610444
1918  9 17     0.10334012
1918  9 18     0.09470342
1918  9 19     0.08892041
1918  9 20     0.08466345
1918  9 21     0.12192180
1918  9 22     0.18417302
1918  9 23     0.11881524
1918  9 24     0.07892136
1918  9 25     0.07642838
1918  9 26     0.07310567
1918  9 27     0.07988557
1918  9 28     0.29754716
1918  9 29     0.24873174
1918  9 30     0.18676305
1918 10  1     1.06736493
1918 10  2     0.78038283
1918 10  3     0.45168549
1918 10  4     0.30390756
1918 10  5     0.36014804
1918 10  6     0.36391519
1918 10  7     0.28309277
1918 10  8     0.23981189
1918 10  9     0.22283400
1918 10 10     0.20924003
1918 10 11     0.19630871
1918 10 12     0.18602516
1918 10 13     0.17706232
1918 10 14     0.16933921
1918 10 15     0.45427536
1918 10 16     0.54292402
1918 10 17     0.31054061
1918 10 18     0.22572044
1918 10 19     0.21516696
1918 10 20     0.20157947
1918 10 21     0.19059470
1918 10 22     0.18128307
1918 10 23     0.17313741
1918 10 24     0.16583767
1918 10 25     0.15919645
1918 10 26     0.15305463
1918 10 27     0.14733839
1918 10 28     0.14197992
1918 10 29     0.13690414
1918 10 30     0.13212262
1918 10 31     0.12760821
1918 11  1     0.12335706
1918 11  2     0.11931069
1918 11  3     0.21202942
1918 11  4     0.54762788
1918 11  5     0.35090199
1918 11  6     0.20116688
1918 11  7     0.16051375
1918 11  8     0.15189952
1918 11  9     0.15179062
1918 11 10     0.15249839
1918 11 11     0.16118442
1918 11 12     0.15952019
1918 11 13     0.15342024
1918 11 14     0.13788612
1918 11 15     0.56413360
1918 11 16     0.43220789
1918 11 17     0.25727114
1918 11 18     0.49232820
1918 11 19     0.65146844
1918 11 20     0.39914778
1918 11 21     0.27010285
1918 11 22     0.25223593
1918 11 23     2.09593393
1918 11 24     1.38995429
1918 11 25     0.65838738
1918 11 26     0.49002617
1918 11 27     0.42330127
1918 11 28     0.37618223
1918 11 29     0.34665070
1918 11 30     0.33091165
1918 12  1     0.31184578
1918 12  2     0.30021068
1918 12  3     0.29720568
1918 12  4     0.28728537
1918 12  5     0.27144209
1918 12  6     0.25588587
1918 12  7     0.63058362
1918 12  8     0.63847048
1918 12  9     1.07142117
1918 12 10     0.48955605
1918 12 11     0.35517294
1918 12 12     0.30868812
1918 12 13     0.27377492
1918 12 14     0.25399136
1918 12 15     0.24281052
1918 12 16     0.24239322
1918 12 17     0.22992503
1918 12 18     0.21705864
1918 12 19     0.20902654
1918 12 20     0.50792590
1918 12 21     0.36236148
1918 12 22     0.27055756
1918 12 23     0.23367330
1918 12 24     0.21907168
1918 12 25     0.21051562
1918 12 26     0.20231793
1918 12 27     0.19498037
1918 12 28     0.18817604
1918 12 29     0.19534523
1918 12 30     0.18009804
1918 12 31     0.17063676
1919  1  1     0.16536342
1919  1  2     0.16011635
1919  1  3     0.15531441
1919  1  4     0.15167767
1919  1  5     0.15153848
1919  1  6     0.15124160
1919  1  7     0.14786523
1919  1  8     0.14893026
1919  1  9     0.14889636
1919  1 10     0.21276959
1919  1 11     0.51592732
1919  1 12     0.31382061
1919  1 13     0.20772884
1919  1 14     0.19204602
1919  1 15     0.23068213
1919  1 16     0.32806051
1919  1 17     0.46029108
1919  1 18     0.36339750
1919  1 19     0.42102431
1919  1 20     2.67392547
1919  1 21     1.37595892
1919  1 22     0.69405073
1919  1 23     0.60174573
1919  1 24     0.52078935
1919  1 25     0.45946051
1919  1 26     0.43276649
1919  1 27     0.41408303
1919  1 28     0.40319833
1919  1 29     0.37993517
1919  1 30     0.35859437
1919  1 31     0.37097977
1919  2  1     0.39497297
1919  2  2     0.35865164
1919  2  3     0.30710610
1919  2  4     0.28620040
1919  2  5     0.53108674
1919  2  6     1.03040940
1919  2  7     1.41997332
1919  2  8     0.99440208
1919  2  9     2.22227949
1919  2 10     3.44613160
1919  2 11     4.55786956
1919  2 12     2.84957901
1919  2 13     2.18842840
1919  2 14     1.61211382
1919  2 15     1.34664065
1919  2 16     1.21114309
1919  2 17     1.95164405
1919  2 18     1.61658626
1919  2 19     1.23711795
1919  2 20     1.25189611
1919  2 21     1.09846832
1919  2 22     1.89268750
1919  2 23     1.38548780
1919  2 24     1.05521479
1919  2 25     1.58893846
1919  2 26     3.15292649
1919  2 27     2.14692225
1919  2 28     1.93434294
1919  3  1     1.31205599
1919  3  2     2.23819352
1919  3  3     2.96191424
1919  3  4     1.68668620
1919  3  5     1.50583039
1919  3  6     3.18534895
1919  3  7     2.42609202
1919  3  8     1.56700324
1919  3  9     1.43641111
1919  3 10     1.37496868
1919  3 11     1.38203462
1919  3 12     1.39617897
1919  3 13     3.42819223
1919  3 14     3.78122936
1919  3 15     2.02943777
1919  3 16     1.85052442
1919  3 17     1.67205514
1919  3 18     1.82047754
1919  3 19     1.71111884
1919  3 20     2.25972760
1919  3 21     2.44865713
1919  3 22     2.03129384
1919  3 23     1.86423959
1919  3 24     1.90419157
1919  3 25     1.97832972
1919  3 26     2.09080016
1919  3 27     2.34829260
1919  3 28     2.26564774
1919  3 29     2.29047397
1919  3 30     2.34802804
1919  3 31     2.35925333
1919  4  1     2.25371047
1919  4  2     2.08298930
1919  4  3     2.03670533
1919  4  4     2.09504204
1919  4  5     2.36885811
1919  4  6     2.18982261
1919  4  7     2.02225035
1919  4  8     1.94666101
1919  4  9     2.02571612
1919  4 10     2.08964778
1919  4 11     2.08905370
1919  4 12     2.17345440
1919  4 13     1.94373546
1919  4 14     1.77364477
1919  4 15     2.00678605
1919  4 16     2.01823369
1919  4 17     1.81182939
1919  4 18     1.89689750
1919  4 19     1.98590163
1919  4 20     2.11297469
1919  4 21     2.32423380
1919  4 22     2.51638163
1919  4 23     2.70477726
1919  4 24     2.52500445
1919  4 25     2.31323135
1919  4 26     2.41845011
1919  4 27     2.25029628
1919  4 28     2.14264790
1919  4 29     2.32049388
1919  4 30     2.55416715
1919  5  1     2.70047503
1919  5  2     2.72376192
1919  5  3     2.77448434
1919  5  4     2.69868010
1919  5  5     2.57012566
1919  5  6     2.49261889
1919  5  7     2.45894467
1919  5  8     2.44468268
1919  5  9     2.32729458
1919  5 10     2.22889905
1919  5 11     2.30847542
1919  5 12     2.36446186
1919  5 13     2.37614123
1919  5 14     2.35732871
1919  5 15     2.24590385
1919  5 16     2.14310686
1919  5 17     2.16453012
1919  5 18     2.20104555
1919  5 19     2.20248849
1919  5 20     2.35796188
1919  5 21     2.51751060
1919  5 22     2.47030195
1919  5 23     2.42681326
1919  5 24     2.65985273
1919  5 25     2.60026193
1919  5 26     2.48064131
1919  5 27     2.74530003
1919  5 28     3.69777019
1919  5 29     3.70615689
1919  5 30     2.67923275
1919  5 31     2.12551497
1919  6  1     2.02184378
1919  6  2     1.97508942
1919  6  3     1.91983663
1919  6  4     1.83159204
1919  6  5     1.75157062
1919  6  6     1.66620169
1919  6  7     1.52929925
1919  6  8     1.38949976
1919  6  9     1.29810243
1919  6 10     1.23997290
1919  6 11     1.18807104
1919  6 12     1.13836304
1919  6 13     1.09450126
1919  6 14     1.05471568
1919  6 15     1.01777626
1919  6 16     0.98293325
1919  6 17     0.94927431
1919  6 18     0.91685577
1919  6 19     0.88645825
1919  6 20     0.85769826
1919  6 21     0.82999151
1919  6 22     0.80318872
1919  6 23     0.77750334
1919  6 24     0.75271991
1919  6 25     0.72904524
1919  6 26     0.70666255
1919  6 27     0.68515729
1919  6 28     0.66449635
1919  6 29     0.64438447
1919  6 30     0.62499011
1919  7  1     0.60613838
1919  7  2     0.58780018
1919  7  3     0.56996266
1919  7  4     0.55270571
1919  7  5     0.53623250
1919  7  6     0.52028662
1919  7  7     0.50483915
1919  7  8     0.48986726
1919  7  9     0.47825239
1919  7 10     0.46512491
1919  7 11     0.44874315
1919  7 12     0.43437410
1919  7 13     0.50780005
1919  7 14     0.46493553
1919  7 15     0.40563889
1919  7 16     0.38525005
1919  7 17     0.37387125
1919  7 18     0.36283128
1919  7 19     0.47635524
1919  7 20     0.39255617
1919  7 21     0.33548816
1919  7 22     0.32385347
1919  7 23     0.31253173
1919  7 24     0.30314279
1919  7 25     0.29420040
1919  7 26     0.28552295
1919  7 27     0.27710142
1919  7 28     0.26892954
1919  7 29     0.26099828
1919  7 30     0.25330143
1919  7 31     0.24583284
1919  8  1     0.23858443
1919  8  2     0.23154887
1919  8  3     0.22472242
1919  8  4     0.21809672
1919  8  5     0.21166657
1919  8  6     0.20542595
1919  8  7     0.19936904
1919  8  8     0.19349190
1919  8  9     0.18778719
1919  8 10     0.18225085
1919  8 11     0.17687831
1919  8 12     0.17166395
1919  8 13     0.16660381
1919  8 14     0.16169223
1919  8 15     0.15692610
1919  8 16     0.15229978
1919  8 17     0.14780978
1919  8 18     0.14345261
1919  8 19     0.13922407
1919  8 20     0.13512029
1919  8 21     0.13113691
1919  8 22     0.12727146
1919  8 23     0.12351956
1919  8 24     0.11987854
1919  8 25     0.11634464
1919  8 26     0.11291482
1919  8 27     0.11177056
1919  8 28     0.10735009
1919  8 29     0.10322091
1919  8 30     0.10017819
1919  8 31     0.09722519
1919  9  1     0.09435923
1919  9  2     0.09157775
1919  9  3     0.08887827
1919  9  4     0.08625836
1919  9  5     0.08371568
1919  9  6     0.08124795
1919  9  7     0.07885296
1919  9  8     0.07652857
1919  9  9     0.07427270
1919  9 10     0.07208332
1919  9 11     0.06995849
1919  9 12     0.06789628
1919  9 13     0.06589487
1919  9 14     0.06395245
1919  9 15     0.06206729
1919  9 16     0.06023770
1919  9 17     0.05846205
1919  9 18     0.05673873
1919  9 19     0.05506621
1919  9 20     0.05344300
1919  9 21     0.05186763
1919  9 22     0.05033870
1919  9 23     0.04885484
1919  9 24     0.04741472
1919  9 25     0.04601706
1919  9 26     0.04466059
1919  9 27     0.04334410
1919  9 28     0.30679104
1919  9 29     0.88344315
1919  9 30     0.52300968
1919 10  1     0.23479329
1919 10  2     0.12279307
1919 10  3     0.05178355
1919 10  4     0.04368291
1919 10  5     0.04064825
1919 10  6     0.03886177
1919 10  7     0.03774766
1919 10  8     0.03650852
1919 10  9     0.03532405
1919 10 10     0.03419004
1919 10 11     0.03310277
1919 10 12     0.03205895
1919 10 13     0.03105566
1919 10 14     0.03009031
1919 10 15     0.02916058
1919 10 16     0.02826439
1919 10 17     0.02739988
1919 10 18     0.02656534
1919 10 19     0.02575926
1919 10 20     0.02498025
1919 10 21     0.02422702
1919 10 22     0.02349842
1919 10 23     0.02279337
1919 10 24     0.12298474
1919 10 25     0.09638221
1919 10 26     0.03028935
1919 10 27     0.03013985
1919 10 28     0.03423503
1919 10 29     0.03265723
1919 10 30     0.02260399
1919 10 31     0.01827071
1919 11  1     0.01990785
1919 11  2     0.01963057
1919 11  3     0.01856393
1919 11  4     0.01773186
1919 11  5     0.01624106
1919 11  6     0.18004753
1919 11  7     0.12052088
1919 11  8     0.05632232
1919 11  9     0.02462001
1919 11 10     0.01638920
1919 11 11     0.01888301
1919 11 12     0.01926433
1919 11 13     0.01772630
1919 11 14     0.01758999
1919 11 15     0.01652469
1919 11 16     0.01558314
1919 11 17     0.01427076
1919 11 18     0.01254702
1919 11 19     0.01145731
1919 11 20     0.01087164
1919 11 21     0.01068402
1919 11 22     0.01070214
1919 11 23     0.01148351
1919 11 24     0.01109966
1919 11 25     0.25046115
1919 11 26     0.37065287
1919 11 27     0.10369730
1919 11 28     0.04823772
1919 11 29     0.02543729
1919 11 30     1.69510041
1919 12  1     0.97747210
1919 12  2     1.52520827
1919 12  3     0.86574417
1919 12  4     0.42894900
1919 12  5     0.33589986
1919 12  6     0.14448158
1919 12  7     0.09043838
1919 12  8     0.06344640
1919 12  9     0.03262702
1919 12 10     0.24685416
1919 12 11     1.03980055
1919 12 12     0.27069658
1919 12 13     0.10139269
1919 12 14     0.05455242
1919 12 15     0.02709576
1919 12 16     0.01152019
1919 12 17     0.00673976
1919 12 18     0.00598409
1919 12 19     0.03407358
1919 12 20     0.01658182
1919 12 21     0.01400778
1919 12 22     0.00932412
1919 12 23     0.00585635
1919 12 24     0.07736953
1919 12 25     0.03812401
1919 12 26     0.00870656
1919 12 27     0.00896195
1919 12 28     0.00943977
1919 12 29     0.01071559
1919 12 30     0.02338794
1919 12 31     0.01367010
1920  1  1     0.00781286
1920  1  2     0.00846130
1920  1  3     0.01021126
1920  1  4     0.00978067
1920  1  5     0.08850444
1920  1  6     0.04163412
1920  1  7     0.01471483
1920  1  8     0.00805243
1920  1  9     0.00595854
1920  1 10     0.00558564
1920  1 11     0.00725441
1920  1 12     0.00785952
1920  1 13     0.01197013
1920  1 14     0.01328474
1920  1 15     0.02036212
1920  1 16     0.02914084
1920  1 17     0.03599611
1920  1 18     0.04846678
1920  1 19     0.04614440
1920  1 20     0.12874976
1920  1 21     0.18107247
1920  1 22     0.77818655
1920  1 23     0.18897651
1920  1 24     0.09365300
1920  1 25     0.07151159
1920  1 26     0.07256385
1920  1 27     0.07538591
1920  1 28     0.08666176
1920  1 29     0.09253545
1920  1 30     0.09652092
1920  1 31     0.09836968
1920  2  1     0.17840007
1920  2  2     0.29548493
1920  2  3     0.17832795
1920  2  4     0.11020998
1920  2  5     0.11261580
1920  2  6     0.12541630
1920  2  7     0.13972998
1920  2  8     0.12458140
1920  2  9     0.12360476
1920  2 10     0.11001275
1920  2 11     0.11384081
1920  2 12     0.14339266
1920  2 13     0.17975187
1920  2 14     0.21111663
1920  2 15     0.22954394
1920  2 16     0.23367926
1920  2 17     0.20331752
1920  2 18     0.21296123
1920  2 19     0.44145893
1920  2 20     0.98391500
1920  2 21     0.93484236
1920  2 22     0.48549087
1920  2 23     0.68819289
1920  2 24     0.48850143
1920  2 25     0.35489169
1920  2 26     0.32862079
1920  2 27     0.64889792
1920  2 28     1.15512351
1920  2 29     1.02593071
1920  3  1     4.49088631
1920  3  2     3.71107926
1920  3  3     1.62438741
1920  3  4     1.13856783
1920  3  5     1.01803258
1920  3  6     0.99557095
1920  3  7     0.99662663
1920  3  8     0.95219065
1920  3  9     1.83380801
1920  3 10     1.66864782
1920  3 11     1.14985695
1920  3 12     1.09781329
1920  3 13     1.08409121
1920  3 14     1.16811595
1920  3 15     0.94900828
1920  3 16     3.01534717
1920  3 17     1.79929242
1920  3 18     1.15929179
1920  3 19     1.06270074
1920  3 20     1.06680634
1920  3 21     2.89658229
1920  3 22     5.08505058
1920  3 23     2.64798986
1920  3 24     1.82360266
1920  3 25     3.30898788
1920  3 26     2.35339144
1920  3 27     1.57743920
1920  3 28     1.41918847
1920  3 29     1.34606843
1920  3 30     1.37812425
1920  3 31     1.49096849
1920  4  1     1.29699969
1920  4  2     1.24514940
1920  4  3     1.31147983
1920  4  4     1.40333047
1920  4  5     1.41630819
1920  4  6     1.43071922
1920  4  7     1.45908815
1920  4  8     1.47488944
1920  4  9     2.65439801
1920  4 10     2.74320986
1920  4 11     1.57341330
1920  4 12     1.38762208
1920  4 13     1.50010325
1920  4 14     1.59056667
1920  4 15     7.88897413
1920  4 16     6.54302098
1920  4 17     2.88108442
1920  4 18     2.20255061
1920  4 19     2.18754393
1920  4 20     2.19995161
1920  4 21     1.99250291
1920  4 22     1.94510471
1920  4 23     1.89811304
1920  4 24     2.03612360
1920  4 25     2.09696646
1920  4 26     2.19778683
1920  4 27     2.33568884
1920  4 28     2.58045738
1920  4 29     2.79931687
1920  4 30     2.81325370
1920  5  1     2.39140467
1920  5  2     2.15145221
1920  5  3     2.12224476
1920  5  4     2.08306711
1920  5  5     2.23637231
1920  5  6     2.65615410
1920  5  7     2.74470904
1920  5  8     2.81016072
1920  5  9     2.73268568
1920  5 10     2.61179803
1920  5 11     2.51610569
1920  5 12     2.54792351
1920  5 13     2.92204321
1920  5 14     2.86490518
1920  5 15     2.85923979
1920  5 16     3.02405010
1920  5 17     3.19908414
1920  5 18     3.41287703
1920  5 19     3.48421161
1920  5 20     3.52901259
1920  5 21     3.57865861
1920  5 22     3.32681950
1920  5 23     3.06525879
1920  5 24     2.86367810
1920  5 25     2.68231647
1920  5 26     2.68160457
1920  5 27     2.77142569
1920  5 28     2.83295855
1920  5 29     2.76838516
1920  5 30     2.61580378
1920  5 31     2.46362364
1920  6  1     2.46962381
1920  6  2     2.55001537
1920  6  3     2.59015096
1920  6  4     2.58285777
1920  6  5     2.53069702
1920  6  6     2.51286964
1920  6  7     2.47622049
1920  6  8     2.38861851
1920  6  9     2.30922431
1920  6 10     2.21982978
1920  6 11     2.15877864
1920  6 12     2.08015223
1920  6 13     2.00552816
1920  6 14     1.99699410
1920  6 15     2.17661238
1920  6 16     1.99538551
1920  6 17     1.88750283
1920  6 18     1.93731574
1920  6 19     1.93683432
1920  6 20     1.77232176
1920  6 21     1.62699186
1920  6 22     1.45332338
1920  6 23     1.31855142
1920  6 24     1.25149391
1920  6 25     1.19864220
1920  6 26     1.24604880
1920  6 27     1.15409252
1920  6 28     1.27819996
1920  6 29     1.27037464
1920  6 30     1.26012971
1920  7  1     1.18923667
1920  7  2     1.02846310
1920  7  3     1.18817089
1920  7  4     1.03002375
1920  7  5     0.91176492
1920  7  6     0.88123220
1920  7  7     0.84829715
1920  7  8     0.81839582
1920  7  9     0.79057580
1920  7 10     0.76453477
1920  7 11     0.73999741
1920  7 12     0.71666798
1920  7 13     0.69414167
1920  7 14     0.67222607
1920  7 15     0.65110292
1920  7 16     0.63100292
1920  7 17     0.61149564
1920  7 18     0.59264519
1920  7 19     0.57471141
1920  7 20     0.55720115
1920  7 21     0.54047989
1920  7 22     0.52386810
1920  7 23     0.50834580
1920  7 24     0.49302274
1920  7 25     0.47796835
1920  7 26     0.46366641
1920  7 27     0.44972138
1920  7 28     0.43633112
1920  7 29     0.42342301
1920  7 30     0.41082890
1920  7 31     0.39838338
1920  8  1     0.38638131
1920  8  2     0.37484993
1920  8  3     0.36366261
1920  8  4     0.35278450
1920  8  5     0.34238317
1920  8  6     0.33223811
1920  8  7     0.32241726
1920  8  8     0.31289958
1920  8  9     0.30366476
1920  8 10     0.29470392
1920  8 11     0.28600775
1920  8 12     0.27756956
1920  8 13     0.26938158
1920  8 14     0.26143518
1920  8 15     0.25372388
1920  8 16     0.24624084
1920  8 17     0.23897893
1920  8 18     0.23193156
1920  8 19     0.22509234
1920  8 20     0.21845508
1920  8 21     0.21201394
1920  8 22     0.20576267
1920  8 23     0.20871781
1920  8 24     0.44635558
1920  8 25     0.36648233
1920  8 26     0.34435815
1920  8 27     0.27946705
1920  8 28     0.19270628
1920  8 29     0.17761473
1920  8 30     0.16998885
1920  8 31     0.16361885
1920  9  1     0.15791944
1920  9  2     0.15267560
1920  9  3     0.14776398
1920  9  4     0.14310957
1920  9  5     0.13866656
1920  9  6     0.13448724
1920  9  7     0.13210148
1920  9  8     0.16957064
1920  9  9     0.14305815
1920  9 10     0.11889630
1920  9 11     0.11527505
1920  9 12     0.11181938
1920  9 13     0.10847581
1920  9 14     0.10523761
1920  9 15     0.10210030
1920  9 16     0.09906040
1920  9 17     0.10474306
1920  9 18     0.09983617
1920  9 19     0.09151101
1920  9 20     0.08781402
1920  9 21     0.08521258
1920  9 22     0.08270374
1920  9 23     0.12350514
1920  9 24     0.24784451
1920  9 25     0.14788584
1920  9 26     0.08172454
1920  9 27     0.07954258
1920  9 28     0.07517282
1920  9 29     0.07198354
1920  9 30     0.06949218
1920 10  1     0.06718705
1920 10  2     0.06502067
1920 10  3     0.06296424
1920 10  4     0.06099973
1920 10  5     0.05911525
1920 10  6     1.21666708
1920 10  7     0.56650598
1920 10  8     0.16138421
1920 10  9     0.59866154
1920 10 10     0.34527377
1920 10 11     0.21066793
1920 10 12     1.06032081
1920 10 13     0.55915219
1920 10 14     0.22822218
1920 10 15     0.15074048
1920 10 16     0.12581648
1920 10 17     0.51604741
1920 10 18     1.75728235
1920 10 19     1.41024554
1920 10 20     0.84473423
1920 10 21     0.46827203
1920 10 22     0.32250769
1920 10 23     0.30456056
1920 10 24     0.31832014
1920 10 25     0.34197876
1920 10 26     0.34181912
1920 10 27     0.32964904
1920 10 28     0.32224009
1920 10 29     0.33355097
1920 10 30     0.28229542
1920 10 31     0.24342443
1920 11  1     0.22741852
1920 11  2     0.21747314
1920 11  3     0.20659523
1920 11  4     0.20967596
1920 11  5     0.24280937
1920 11  6     0.20886325
1920 11  7     0.34440566
1920 11  8     0.46329409
1920 11  9     0.27384512
1920 11 10     0.26147630
1920 11 11     1.13687083
1920 11 12     1.87273495
1920 11 13     1.19497967
1920 11 14     0.67188235
1920 11 15     1.27603616
1920 11 16     1.04565085
1920 11 17     1.06198157
1920 11 18     2.60100875
1920 11 19     3.73656346
1920 11 20     2.19034868
1920 11 21     1.37880939
1920 11 22     1.76762996
1920 11 23     1.27366328
1920 11 24     1.04685618
1920 11 25     0.96337184
1920 11 26     0.94122141
1920 11 27     3.40375485
1920 11 28     2.37816780
1920 11 29     1.35184738
1920 11 30     1.23797765
1920 12  1     1.26919102
1920 12  2     2.46009122
1920 12  3     1.50603790
1920 12  4     1.53686988
1920 12  5     1.22721968
1920 12  6     1.08616367
1920 12  7     1.28166138
1920 12  8     1.37010357
1920 12  9     1.29921460
1920 12 10     1.60599362
1920 12 11     3.62371962
1920 12 12     1.78634976
1920 12 13     1.66508512
1920 12 14     1.22378404
1920 12 15     1.08073720
1920 12 16     1.00001051
1920 12 17     1.47532303
1920 12 18     2.04913434
1920 12 19     3.09414804
1920 12 20     3.19411909
1920 12 21     1.77817339
1920 12 22     1.99284603
1920 12 23     1.50943194
1920 12 24     4.48161948
1920 12 25     2.79999320
1920 12 26     1.83099852
1920 12 27     1.66849517
1920 12 28     1.53055621
1920 12 29     1.51867796
1920 12 30     5.53476204
1920 12 31     3.56739555
1921  1  1     2.21803888
1921  1  2     1.96624379
1921  1  3     2.00589546
1921  1  4     1.83321487
1921  1  5     2.92286834
1921  1  6     2.85570552
1921  1  7     2.09987918
1921  1  8     1.83400613
1921  1  9     1.71912650
1921  1 10     1.66922067
1921  1 11     1.53986754
1921  1 12     1.61795545
1921  1 13     1.48060028
1921  1 14     1.39897522
1921  1 15     1.42705096
1921  1 16     3.45455758
1921  1 17     7.15233155
1921  1 18    14.07746583
1921  1 19    10.51972040
1921  1 20     5.89930163
1921  1 21     3.83830888
1921  1 22     3.21975968
1921  1 23     2.88614051
1921  1 24     2.77590842
1921  1 25     2.63692792
1921  1 26     3.44291653
1921  1 27     6.17035513
1921  1 28     6.36734184
1921  1 29     3.73893463
1921  1 30     8.64359902
1921  1 31     5.07805034
1921  2  1     3.43755683
1921  2  2     3.16697159
1921  2  3     2.94100324
1921  2  4     2.78827873
1921  2  5     3.87692811
1921  2  6     2.96275520
1921  2  7     2.60602541
1921  2  8     2.47296495
1921  2  9     2.37052602
1921  2 10     2.29808392
1921  2 11     2.27436697
1921  2 12     2.24207642
1921  2 13     2.18727238
1921  2 14     3.79556581
1921  2 15     2.76360226
1921  2 16     2.12815003
1921  2 17     1.97258344
1921  2 18     1.86614631
1921  2 19     1.78221263
1921  2 20     1.75915840
1921  2 21     5.52256103
1921  2 22     2.90932841
1921  2 23     2.25851346
1921  2 24     2.34759946
1921  2 25     2.42333963
1921  2 26     2.51350286
1921  2 27     2.50586683
1921  2 28     2.59246125
1921  3  1     2.52766964
1921  3  2     2.47265244
1921  3  3     2.42826781
1921  3  4     3.00996449
1921  3  5     3.52586757
1921  3  6     3.05553183
1921  3  7     2.70631870
1921  3  8     2.62603065
1921  3  9     2.54592060
1921  3 10     2.53985634
1921  3 11     2.49179149
1921  3 12     2.69283360
1921  3 13     4.72067266
1921  3 14     4.94610791
1921  3 15     3.38719840
1921  3 16     3.14525170
1921  3 17     3.12188361
1921  3 18     3.85808624
1921  3 19     3.20303307
1921  3 20     2.63969899
1921  3 21     2.56802777
1921  3 22     5.27787706
1921  3 23     3.96966270
1921  3 24     3.86075894
1921  3 25     4.61417923
1921  3 26     3.71676349
1921  3 27     3.15205429
1921  3 28     3.03979439
1921  3 29     2.98465871
1921  3 30     2.95494258
1921  3 31     3.07092528
1921  4  1     2.98469756
1921  4  2     2.87844095
1921  4  3     2.56336370
1921  4  4     2.30051894
1921  4  5     2.14511250
1921  4  6     2.08569030
1921  4  7     2.11883031
1921  4  8     2.20467888
1921  4  9     2.29773000
1921  4 10     2.12504528
1921  4 11     1.94500344
1921  4 12     1.81942725
1921  4 13     1.84444689
1921  4 14     1.75226107
1921  4 15     1.64018410
1921  4 16     1.63671980
1921  4 17     1.68532173
1921  4 18     1.69422536
1921  4 19     1.55438705
1921  4 20     1.67467019
1921  4 21     2.04150229
1921  4 22     2.03771038
1921  4 23     1.92190127
1921  4 24     1.63940094
1921  4 25     1.49811802
1921  4 26     1.66634907
1921  4 27     2.09379473
1921  4 28     2.39310842
1921  4 29     2.36299697
1921  4 30     2.27395593
1921  5  1     2.27380269
1921  5  2     2.24602565
1921  5  3     2.04809327
1921  5  4     1.97779908
1921  5  5     1.86381659
1921  5  6     2.00539377
1921  5  7     1.83880209
1921  5  8     1.80848062
1921  5  9     1.99967688
1921  5 10     2.17434373
1921  5 11     2.35477912
1921  5 12     2.58152942
1921  5 13     2.64642399
1921  5 14     2.58553159
1921  5 15     2.41067442
1921  5 16     2.12406784
1921  5 17     1.86314313
1921  5 18     1.75599598
1921  5 19     1.76199523
1921  5 20     2.57757037
1921  5 21     4.45966277
1921  5 22     2.93378498
1921  5 23     2.44188100
1921  5 24     2.53580177
1921  5 25     2.54722593
1921  5 26     2.63750736
1921  5 27     2.60553847
1921  5 28     2.29410928
1921  5 29     2.02751071
1921  5 30     2.53083257
1921  5 31     2.46256988
1921  6  1     2.25917195
1921  6  2     2.14914610
1921  6  3     2.12921029
1921  6  4     2.39441321
1921  6  5     2.44767862
1921  6  6     2.59457935
1921  6  7     2.71486378
1921  6  8     2.72710811
1921  6  9     2.77755200
1921  6 10     2.88389818
1921  6 11     2.97632676
1921  6 12     2.89089327
1921  6 13     2.67082189
1921  6 14     2.36452451
1921  6 15     2.13727827
1921  6 16     1.77549736
1921  6 17     1.56045776
1921  6 18     1.65327343
1921  6 19     1.82910628
1921  6 20     1.97868558
1921  6 21     2.30952415
1921  6 22     2.39600483
1921  6 23     2.23797251
1921  6 24     2.04679402
1921  6 25     1.85052421
1921  6 26     1.69110006
1921  6 27     1.59270204
1921  6 28     1.50247292
1921  6 29     1.41698297
1921  6 30     1.31378083
1921  7  1     1.23714676
1921  7  2     1.18767791
1921  7  3     1.13788974
1921  7  4     1.09681549
1921  7  5     1.02394039
1921  7  6     0.96179615
1921  7  7     0.92151979
1921  7  8     0.88310949
1921  7  9     0.84900600
1921  7 10     0.81887953
1921  7 11     0.79097596
1921  7 12     0.76452281
1921  7 13     0.73940071
1921  7 14     0.71532917
1921  7 15     0.69222701
1921  7 16     0.67736731
1921  7 17     0.65347747
1921  7 18     0.62891985
1921  7 19     0.60958150
1921  7 20     0.59079241
1921  7 21     0.57235747
1921  7 22     0.60415956
1921  7 23     0.56149046
1921  7 24     0.52218850
1921  7 25     0.50673771
1921  7 26     0.49154655
1921  7 27     0.47666559
1921  7 28     0.46212557
1921  7 29     0.44831826
1921  7 30     0.43489114
1921  7 31     0.42205427
1921  8  1     0.41187944
1921  8  2     0.39831184
1921  8  3     0.38538249
1921  8  4     0.37398862
1921  8  5     0.36293455
1921  8  6     0.35221032
1921  8  7     0.34180709
1921  8  8     0.33171348
1921  8  9     0.32191903
1921  8 10     0.31241639
1921  8 11     0.30319525
1921  8 12     0.29424785
1921  8 13     0.28556661
1921  8 14     0.27714113
1921  8 15     0.26896519
1921  8 16     0.26103148
1921  8 17     0.25333244
1921  8 18     0.24586098
1921  8 19     0.23861030
1921  8 20     0.23157386
1921  8 21     0.22474524
1921  8 22     0.21811825
1921  8 23     0.21168691
1921  8 24     0.20544540
1921  8 25     0.19938824
1921  8 26     0.19350958
1921  8 27     0.18780436
1921  8 28     0.18226805
1921  8 29     0.17689445
1921  8 30     0.17167903
1921  8 31     0.16661803
1921  9  1     0.19607685
1921  9  2     0.41926452
1921  9  3     0.22883575
1921  9  4     0.14847510
1921  9  5     0.14346456
1921  9  6     0.13923540
1921  9  7     0.13513092
1921  9  8     0.13114746
1921  9  9     0.12728145
1921  9 10     0.12352978
1921  9 11     0.11988857
1921  9 12     0.11635400
1921  9 13     0.11292428
1921  9 14     0.10959537
1921  9 15     0.10636481
1921  9 16     0.10322920
1921  9 17     0.10018599
1921  9 18     0.09723278
1921  9 19     0.09436659
1921  9 20     0.09158488
1921  9 21     0.08888518
1921  9 22     0.08626507
1921  9 23     0.08372220
1921  9 24     0.08125427
1921  9 25     0.07885909
1921  9 26     0.07653452
1921  9 27     0.07427847
1921  9 28     0.07208893
1921  9 29     0.06996392
1921  9 30     0.06790156
1921 10  1     0.06589999
1921 10  2     0.06395742
1921 10  3     0.06207212
1921 10  4     0.06024239
1921 10  5     0.06051961
1921 10  6     0.05821197
1921 10  7     0.05545636
1921 10  8     0.05351818
1921 10  9     0.05187167
1921 10 10     0.05034262
1921 10 11     0.04886733
1921 10 12     0.04742081
1921 10 13     0.04602063
1921 10 14     0.04560789
1921 10 15     0.04384378
1921 10 16     0.04206971
1921 10 17     0.04082959
1921 10 18     0.03962603
1921 10 19     0.03845796
1921 10 20     0.03732431
1921 10 21     0.03622408
1921 10 22     0.03706538
1921 10 23     0.10674976
1921 10 24     0.06218207
1921 10 25     0.03945827
1921 10 26     0.16499282
1921 10 27     0.08980824
1921 10 28     0.03813617
1921 10 29     0.03274923
1921 10 30     0.03015361
1921 10 31     0.02789110
1921 11  1     0.02642029
1921 11  2     0.02529675
1921 11  3     0.02455106
1921 11  4     0.02382735
1921 11  5     0.02312498
1921 11  6     0.02244332
1921 11  7     0.02178174
1921 11  8     0.02113967
1921 11  9     0.02051653
1921 11 10     0.01991175
1921 11 11     0.01932480
1921 11 12     0.01875515
1921 11 13     0.01820230
1921 11 14     0.01766574
1921 11 15     0.01714500
1921 11 16     0.01663961
1921 11 17     0.02037078
1921 11 18     0.01689006
1921 11 19     0.01547592
1921 11 20     0.01761135
1921 11 21     0.06936200
1921 11 22     0.24963017
1921 11 23     0.10778647
1921 11 24     0.03357589
1921 11 25     0.08309364
1921 11 26     0.06782612
1921 11 27     0.21756031
1921 11 28     0.12788807
1921 11 29     0.08942732
1921 11 30     0.15149295
1921 12  1     0.20849474
1921 12  2     0.13508028
1921 12  3     0.06307792
1921 12  4     0.03249477
1921 12  5     0.01246735
1921 12  6     0.01034076
1921 12  7     0.00942002
1921 12  8     0.00883760
1921 12  9     0.00869251
1921 12 10     0.00870039
1921 12 11     0.00859919
1921 12 12     0.00885792
1921 12 13     0.00840650
1921 12 14     0.00783023
1921 12 15     0.00720147
1921 12 16     0.00678469
1921 12 17     0.02226821
1921 12 18     0.32824700
1921 12 19     0.63787004
1921 12 20     2.03473784
1921 12 21     1.87699133
1921 12 22     1.55629729
1921 12 23     1.22843754
1921 12 24     1.81664198
1921 12 25     1.78717952
1921 12 26     1.67203746
1921 12 27     1.61804136
1921 12 28     0.89661861
1921 12 29     1.14287887
1921 12 30     1.00870219
1921 12 31     0.68037545
1922  1  1     2.65598233
1922  1  2     2.22334791
1922  1  3     1.32716345
1922  1  4     1.08517336
1922  1  5     0.95151508
1922  1  6     1.47165968
1922  1  7     0.96693054
1922  1  8     0.80611769
1922  1  9     0.74158380
1922  1 10     0.70922744
1922  1 11     0.66895127
1922  1 12     0.62602958
1922  1 13     0.59746858
1922  1 14     0.57311352
1922  1 15     0.55074716
1922  1 16     0.52933930
1922  1 17     0.82662533
1922  1 18     0.59122884
1922  1 19     0.51766739
1922  1 20     0.49397636
1922  1 21     0.47214495
1922  1 22     0.45353738
1922  1 23     0.43685041
1922  1 24     0.42235852
1922  1 25     0.40955115
1922  1 26     0.39775675
1922  1 27     0.67492925
1922  1 28     0.46741784
1922  1 29     0.52137579
1922  1 30     1.32962063
1922  1 31     0.88621008
1922  2  1     0.73129406
1922  2  2     0.50689713
1922  2  3     0.43626338
1922  2  4     0.38678281
1922  2  5     0.35430258
1922  2  6     0.34909293
1922  2  7     0.33887960
1922  2  8     0.80661197
1922  2  9     4.22700886
1922  2 10     4.82286592
1922  2 11     4.02061015
1922  2 12     1.72963679
1922  2 13     1.26716615
1922  2 14     1.11361065
1922  2 15     1.09621064
1922  2 16     1.21742561
1922  2 17     1.42694237
1922  2 18     3.29652140
1922  2 19     2.84078465
1922  2 20    11.03417196
1922  2 21     5.09634305
1922  2 22     3.51007231
1922  2 23     2.81831538
1922  2 24     2.49177962
1922  2 25     2.79038924
1922  2 26     3.40673593
1922  2 27     2.28078992
1922  2 28     1.90410986
1922  3  1     1.74763976
1922  3  2     1.64616192
1922  3  3     1.56295084
1922  3  4     1.76886820
1922  3  5     1.62319145
1922  3  6     1.47901837
1922  3  7     1.38592513
1922  3  8     1.32433840
1922  3  9     1.29102814
1922  3 10     1.88246775
1922  3 11     4.08533530
1922  3 12     1.67882022
1922  3 13     1.37244896
1922  3 14     1.55396521
1922  3 15     1.92733673
1922  3 16     9.38118566
1922  3 17     2.98706789
1922  3 18     1.93507214
1922  3 19     1.77158462
1922  3 20     1.80050295
1922  3 21     1.85033042
1922  3 22     1.77355147
1922  3 23     2.20639962
1922  3 24     2.04173365
1922  3 25     2.00494416
1922  3 26     2.45698558
1922  3 27     2.05369866
1922  3 28     2.80174512
1922  3 29     5.24370832
1922  3 30     2.76457756
1922  3 31     5.30217377
1922  4  1     2.90300040
1922  4  2     2.27639122
1922  4  3     2.18080811
1922  4  4     2.18167860
1922  4  5     1.91272824
1922  4  6     1.80215338
1922  4  7     1.72405413
1922  4  8     1.80939566
1922  4  9     1.66746597
1922  4 10     1.54437969
1922  4 11     1.73341862
1922  4 12     2.02700949
1922  4 13     1.59785395
1922  4 14     1.60866269
1922  4 15     1.47694089
1922  4 16     1.37330718
1922  4 17     1.37953892
1922  4 18     1.32927365
1922  4 19     1.50032094
1922  4 20     1.80511271
1922  4 21     2.04951334
1922  4 22     2.29626009
1922  4 23     2.30270560
1922  4 24     2.28740091
1922  4 25     2.26995667
1922  4 26     2.27118152
1922  4 27     2.18865268
1922  4 28     2.23021608
1922  4 29     2.19775647
1922  4 30     2.07055287
1922  5  1     2.28554654
1922  5  2     2.60975325
1922  5  3     2.76343280
1922  5  4     3.01339006
1922  5  5     3.41065639
1922  5  6     3.50910643
1922  5  7     3.08202263
1922  5  8     2.95233100
1922  5  9     3.03352019
1922  5 10     2.23443514
1922  5 11     2.05095081
1922  5 12     2.54663503
1922  5 13     3.12155246
1922  5 14     3.52124787
1922  5 15     3.83875421
1922  5 16     3.99537454
1922  5 17     4.07270986
1922  5 18     3.66102047
1922  5 19     3.78523890
1922  5 20     5.47218699
1922  5 21     4.50539810
1922  5 22     3.86911053
1922  5 23     4.38213663
1922  5 24     4.40078206
1922  5 25     3.77724655
1922  5 26     3.26448775
1922  5 27     3.39483252
1922  5 28     3.61062739
1922  5 29     3.85814957
1922  5 30     4.30274811
1922  5 31     4.36417881
1922  6  1     4.29840621
1922  6  2     4.10016311
1922  6  3     3.92927675
1922  6  4     3.71890405
1922  6  5     3.59335066
1922  6  6     3.45492477
1922  6  7     3.28469352
1922  6  8     3.16225789
1922  6  9     3.41768531
1922  6 10     3.09842992
1922  6 11     3.18930606
1922  6 12     2.94953805
1922  6 13     3.22732299
1922  6 14     3.12073097
1922  6 15     3.10101590
1922  6 16     3.20418564
1922  6 17     3.28258314
1922  6 18     3.31453820
1922  6 19     3.29696740
1922  6 20     3.20546722
1922  6 21     2.92128425
1922  6 22     2.67469962
1922  6 23     2.53248286
1922  6 24     2.45952431
1922  6 25     2.45940513
1922  6 26     2.31023100
1922  6 27     2.07279037
1922  6 28     1.87486010
1922  6 29     1.71474023
1922  6 30     1.61029960
1922  7  1     1.53148478
1922  7  2     1.46595217
1922  7  3     1.40439706
1922  7  4     1.36035899
1922  7  5     1.30843717
1922  7  6     1.25878598
1922  7  7     1.21595632
1922  7  8     1.17571228
1922  7  9     1.13758066
1922  7 10     1.10074801
1922  7 11     1.06533558
1922  7 12     1.03108977
1922  7 13     0.99820837
1922  7 14     0.96649874
1922  7 15     0.93602392
1922  7 16     0.90729969
1922  7 17     0.87931039
1922  7 18     0.86957132
1922  7 19     1.05265938
1922  7 20     1.09859853
1922  7 21     0.87084850
1922  7 22     0.76702642
1922  7 23     0.74429364
1922  7 24     0.72122269
1922  7 25     0.69904625
1922  7 26     0.67779111
1922  7 27     0.65721918
1922  7 28     0.63735214
1922  7 29     0.61810421
1922  7 30     0.65497878
1922  7 31     0.64701139
1922  8  1     0.58578968
1922  8  2     0.54975047
1922  8  3     0.53233521
1922  8  4     0.51645290
1922  8  5     0.50114098
1922  8  6     0.48612714
1922  8  7     0.47150731
1922  8  8     0.45762217
1922  8  9     0.44419420
1922  8 10     0.43099819
1922  8 11     0.41817968
1922  8 12     0.40585566
1922  8 13     0.39382130
1922  8 14     0.38235059
1922  8 15     0.37102490
1922  8 16     0.35978899
1922  8 17     0.34897097
1922  8 18     0.33868457
1922  8 19     0.32881876
1922  8 20     0.31913236
1922  8 21     0.30970425
1922  8 22     0.30076733
1922  8 23     0.29170432
1922  8 24     0.28297979
1922  8 25     0.27416871
1922  8 26     0.26593637
1922  8 27     0.25808607
1922  8 28     0.26215231
1922  8 29     0.29771127
1922  8 30     0.25766959
1922  8 31     0.22905957
1922  9  1     0.22222971
1922  9  2     0.21566588
1922  9  3     0.20930769
1922  9  4     0.20313756
1922  9  5     0.19718617
1922  9  6     0.19145961
1922  9  7     0.18572404
1922  9  8     0.18022215
1922  9  9     0.17490905
1922  9 10     0.16975252
1922  9 11     0.16474842
1922  9 12     0.15989263
1922  9 13     0.15517887
1922  9 14     0.15060393
1922  9 15     0.14616461
1922  9 16     0.14185582
1922  9 17     0.13767413
1922  9 18     0.13361577
1922  9 19     0.12967704
1922  9 20     0.12585444
1922  9 21     0.12214458
1922  9 22     0.11854401
1922  9 23     0.11504957
1922  9 24     0.11165817
1922  9 25     0.10836675
1922  9 26     0.10517272
1922  9 27     0.10207232
1922  9 28     0.09906320
1922  9 29     0.09614306
1922  9 30     0.09330900
1922 10  1     0.09055848
1922 10  2     0.24887897
1922 10  3     0.34423623
1922 10  4     0.23625070
1922 10  5     0.14091945
1922 10  6     0.08997358
1922 10  7     0.08003209
1922 10  8     0.07679090
1922 10  9     0.07437909
1922 10 10     0.07211281
1922 10 11     0.08463084
1922 10 12     0.07474250
1922 10 13     0.06615346
1922 10 14     0.06413360
1922 10 15     0.06225221
1922 10 16     0.06037680
1922 10 17     0.05856246
1922 10 18     0.05680657
1922 10 19     0.05510669
1922 10 20     0.05346056
1922 10 21     0.05186607
1922 10 22     0.05032126
1922 10 23     0.04882426
1922 10 24     0.04737336
1922 10 25     0.04596690
1922 10 26     0.06622062
1922 10 27     0.49706965
1922 10 28     0.21346948
1922 10 29     0.06225155
1922 10 30     0.05255756
1922 10 31     0.04844633
1922 11  1     0.04571380
1922 11  2     0.05656894
1922 11  3     0.04718486
1922 11  4     0.04109782
1922 11  5     0.03958343
1922 11  6     0.17715879
1922 11  7     0.97153588
1922 11  8     2.10232642
1922 11  9     1.67175081
1922 11 10     2.31132458
1922 11 11     0.75599951
1922 11 12     0.38172229
1922 11 13     0.28902908
1922 11 14     0.22668369
1922 11 15     0.18581777
1922 11 16     0.16402352
1922 11 17     0.15568249
1922 11 18     0.14726595
1922 11 19     0.14188402
1922 11 20     0.13663433
1922 11 21     0.13084348
1922 11 22     0.12471033
1922 11 23     0.12023354
1922 11 24     0.11652184
1922 11 25     0.11383943
1922 11 26     0.11166931
1922 11 27     0.10750789
1922 11 28     0.13106498
1922 11 29     0.26052971
1922 11 30     0.16517294
1922 12  1     0.11195347
1922 12  2     0.10711838
1922 12  3     0.16246900
1922 12  4     0.12400312
1922 12  5     0.21876715
1922 12  6     1.36763627
1922 12  7     0.94865437
1922 12  8     0.61943752
1922 12  9     0.30939984
1922 12 10     1.24899030
1922 12 11     1.87873765
1922 12 12     3.44359914
1922 12 13     5.96848435
1922 12 14     4.50843456
1922 12 15     2.08058414
1922 12 16     1.48316055
1922 12 17     1.75809313
1922 12 18     1.38743887
1922 12 19     1.15794967
1922 12 20     1.06054901
1922 12 21     0.98880583
1922 12 22     0.93289663
1922 12 23     0.88568178
1922 12 24     1.13793179
1922 12 25     1.46671429
1922 12 26     1.13416495
1922 12 27     0.93634908
1922 12 28     3.77808640
1922 12 29     1.84573774
1922 12 30     1.35603029
1922 12 31     1.91511549
1923  1  1     1.38518440
1923  1  2     1.12989927
1923  1  3     1.05502191
1923  1  4     1.02201583
1923  1  5     0.96700408
1923  1  6     0.92566956
1923  1  7     0.89906818
1923  1  8     0.87561730
1923  1  9     0.85545724
1923  1 10     0.84601597
1923  1 11     0.80667112
1923  1 12     0.75746464
1923  1 13     0.72738096
1923  1 14     0.70384622
1923  1 15     0.68669628
1923  1 16     0.68390536
1923  1 17     3.88577371
1923  1 18     2.53923418
1923  1 19     2.43120651
1923  1 20     1.98974174
1923  1 21     1.45656495
1923  1 22     4.61629603
1923  1 23     6.23277162
1923  1 24     7.49340560
1923  1 25     4.60949314
1923  1 26     2.93026642
1923  1 27     2.49820480
1923  1 28     2.83971063
1923  1 29     2.92541634
1923  1 30     2.38496255
1923  1 31     2.04168927
1923  2  1     1.81933748
1923  2  2     1.68822184
1923  2  3     1.60076314
1923  2  4     1.52562258
1923  2  5     1.45911181
1923  2  6     1.39847560
1923  2  7     1.34535342
1923  2  8     1.82082881
1923  2  9     1.54493180
1923  2 10     1.35513776
1923  2 11     1.33805831
1923  2 12     2.98677878
1923  2 13     1.99666266
1923  2 14     1.54609448
1923  2 15     1.45346051
1923  2 16     1.41339840
1923  2 17     1.44126689
1923  2 18     1.43022844
1923  2 19     1.45294747
1923  2 20     1.55839216
1923  2 21     1.61409745
1923  2 22     1.68091765
1923  2 23     2.09148677
1923  2 24     1.99939390
1923  2 25     1.79018958
1923  2 26     1.66599752
1923  2 27     1.63166923
1923  2 28     1.70491670
1923  3  1     1.55230656
1923  3  2     1.45092424
1923  3  3     1.69523289
1923  3  4     1.35366843
1923  3  5     1.23293918
1923  3  6     1.17706372
1923  3  7     1.18134758
1923  3  8     1.11787269
1923  3  9     1.06915025
1923  3 10     1.01675828
1923  3 11     0.99539795
1923  3 12     0.99804586
1923  3 13     1.01958619
1923  3 14     1.11103178
1923  3 15     1.00008091
1923  3 16     1.06316791
1923  3 17     1.26820760
1923  3 18     1.42970887
1923  3 19     1.56612476
1923  3 20     1.57629398
1923  3 21     1.38766703
1923  3 22     1.30132545
1923  3 23     1.22242296
1923  3 24     1.29875573
1923  3 25     1.55273189
1923  3 26     1.63536378
1923  3 27     1.71873126
1923  3 28     1.91026963
1923  3 29     1.87849884
1923  3 30     1.77538599
1923  3 31     1.71451439
1923  4  1     2.63606269
1923  4  2     2.33120109
1923  4  3     2.05923932
1923  4  4     2.43154123
1923  4  5     4.23475965
1923  4  6     5.62873789
1923  4  7     3.17696028
1923  4  8     2.26991423
1923  4  9     2.78527093
1923  4 10     4.55310533
1923  4 11     2.89416777
1923  4 12     2.47997409
1923  4 13     2.47509450
1923  4 14     2.49141946
1923  4 15     2.62144820
1923  4 16     2.84497893
1923  4 17     3.41536710
1923  4 18     4.13542685
1923  4 19     2.85042822
1923  4 20     2.59512348
1923  4 21     2.31600943
1923  4 22     2.02736968
1923  4 23     1.99029049
1923  4 24     2.06682051
1923  4 25     2.17757082
1923  4 26     2.05770274
1923  4 27     2.00185933
1923  4 28     2.01621116
1923  4 29     1.91599089
1923  4 30     1.80420130
1923  5  1     1.99732396
1923  5  2     2.21023185
1923  5  3     2.31074279
1923  5  4     2.47588077
1923  5  5     2.59138834
1923  5  6     2.81932986
1923  5  7     3.23885282
1923  5  8     3.54199441
1923  5  9     3.56933761
1923  5 10     3.32471813
1923  5 11     3.15293615
1923  5 12     2.98683731
1923  5 13     2.91553878
1923  5 14     2.90016087
1923  5 15     2.84505945
1923  5 16     2.82111698
1923  5 17     2.83455743
1923  5 18     2.63683383
1923  5 19     2.36224850
1923  5 20     4.96060405
1923  5 21     4.74715559
1923  5 22     3.22752488
1923  5 23     2.89953954
1923  5 24     2.84344017
1923  5 25     2.62675123
1923  5 26     2.35237963
1923  5 27     2.16144888
1923  5 28     2.01287344
1923  5 29     1.94518282
1923  5 30     1.93902444
1923  5 31     1.73533096
1923  6  1     1.70126299
1923  6  2     1.71149251
1923  6  3     1.85066928
1923  6  4     1.92444602
1923  6  5     2.00936205
1923  6  6     2.04977816
1923  6  7     2.06066374
1923  6  8     2.09955975
1923  6  9     2.31396267
1923  6 10     2.43804646
1923  6 11     2.38519021
1923  6 12     2.04743996
1923  6 13     1.74683045
1923  6 14     1.77718864
1923  6 15     2.28581194
1923  6 16     1.97796778
1923  6 17     1.66993971
1923  6 18     1.82057022
1923  6 19     1.70154538
1923  6 20     1.58441551
1923  6 21     1.55314641
1923  6 22     1.47308212
1923  6 23     1.46253977
1923  6 24     1.49230793
1923  6 25     1.51610203
1923  6 26     1.53702809
1923  6 27     1.56931876
1923  6 28     1.59548481
1923  6 29     1.56719065
1923  6 30     1.55179242
1923  7  1     1.54461651
1923  7  2     1.48139239
1923  7  3     1.29955847
1923  7  4     1.11594643
1923  7  5     1.02582129
1923  7  6     0.97957069
1923  7  7     0.93561214
1923  7  8     0.89270044
1923  7  9     0.85667916
1923  7 10     0.82614339
1923  7 11     0.79545958
1923  7 12     0.76617449
1923  7 13     0.73991176
1923  7 14     0.71533457
1923  7 15     0.69192862
1923  7 16     0.67007947
1923  7 17     0.64873637
1923  7 18     0.62787252
1923  7 19     0.60793128
1923  7 20     0.58864549
1923  7 21     0.57009862
1923  7 22     0.55226334
1923  7 23     0.53519184
1923  7 24     0.51888294
1923  7 25     0.50321570
1923  7 26     0.49020224
1923  7 27     0.49283506
1923  7 28     0.47081562
1923  7 29     0.52721386
1923  7 30     0.46336183
1923  7 31     0.41930071
1923  8  1     0.40702269
1923  8  2     0.39497496
1923  8  3     0.38352169
1923  8  4     0.37227013
1923  8  5     0.36116888
1923  8  6     0.35033580
1923  8  7     0.33981795
1923  8  8     0.32961219
1923  8  9     0.31974784
1923  8 10     0.31013289
1923  8 11     0.30090283
1923  8 12     0.29319179
1923  8 13     0.28409650
1923  8 14     0.27501733
1923  8 15     0.26689957
1923  8 16     0.26554601
1923  8 17     0.25443519
1923  8 18     0.24410719
1923  8 19     0.23676563
1923  8 20     0.22978104
1923  8 21     0.22300330
1923  8 22     0.21642607
1923  8 23     0.21004324
1923  8 24     0.20384934
1923  8 25     0.19783790
1923  8 26     0.19461356
1923  8 27     0.21257366
1923  8 28     0.20525866
1923  8 29     0.28207177
1923  8 30     0.21186776
1923  8 31     0.16532009
1923  9  1     0.16465573
1923  9  2     0.18853666
1923  9  3     0.27996339
1923  9  4     0.20102001
1923  9  5     0.14263961
1923  9  6     0.13862096
1923  9  7     0.13451959
1923  9  8     0.13054171
1923  9  9     0.12668232
1923  9 10     0.12293838
1923  9 11     0.12615340
1923  9 12     0.15442008
1923  9 13     0.15989602
1923  9 14     0.12384673
1923  9 15     0.10607592
1923  9 16     0.10310418
1923  9 17     0.10004895
1923  9 18     0.09708633
1923  9 19     0.09421272
1923  9 20     0.09142541
1923  9 21     0.37553381
1923  9 22     1.01874858
1923  9 23     0.51095619
1923  9 24     0.23723694
1923  9 25     0.61950893
1923  9 26     0.60851025
1923  9 27     0.26778389
1923  9 28     0.13485302
1923  9 29     0.12572677
1923  9 30     0.11771097
1923 10  1     0.16446520
1923 10  2     0.13378075
1923 10  3     0.10696959
1923 10  4     0.10353312
1923 10  5     0.10811874
1923 10  6     0.37631319
1923 10  7     0.57580328
1923 10  8     0.28205159
1923 10  9     0.15984211
1923 10 10     0.14970821
1923 10 11     0.13965361
1923 10 12     0.13658745
1923 10 13     0.12798486
1923 10 14     0.11788574
1923 10 15     0.11238954
1923 10 16     0.11396601
1923 10 17     0.10644454
1923 10 18     0.09938774
1923 10 19     0.09553622
1923 10 20     0.09189541
1923 10 21     0.08868928
1923 10 22     0.08711776
1923 10 23     0.08359706
1923 10 24     0.08018291
1923 10 25     0.07746618
1923 10 26     0.07486990
1923 10 27     0.07239247
1923 10 28     0.07005853
1923 10 29     0.06823603
1923 10 30     0.07418551
1923 10 31     0.14010373
1923 11  1     0.08960088
1923 11  2     0.06190338
1923 11  3     0.05966897
1923 11  4     0.05754302
1923 11  5     0.05571892
1923 11  6     0.05377529
1923 11  7     0.05194359
1923 11  8     0.18252851
1923 11  9     0.17994449
1923 11 10     0.19515435
1923 11 11     0.13781275
1923 11 12     0.08688830
1923 11 13     0.07703030
1923 11 14     0.07269559
1923 11 15     0.06800724
1923 11 16     0.06425317
1923 11 17     0.06114653
1923 11 18     0.05843909
1923 11 19     0.05600843
1923 11 20     0.05381441
1923 11 21     0.05177403
1923 11 22     0.04984364
1923 11 23     0.04798683
1923 11 24     0.04629815
1923 11 25     0.04480007
1923 11 26     0.04332103
1923 11 27     0.04192948
1923 11 28     0.04052483
1923 11 29     0.03924278
1923 11 30     0.08736184
1923 12  1     0.07047278
1923 12  2     0.04306497
1923 12  3     0.03550533
1923 12  4     0.03416458
1923 12  5     0.03301940
1923 12  6     0.03287295
1923 12  7     0.34181647
1923 12  8     0.15394407
1923 12  9     0.07177719
1923 12 10     0.05046306
1923 12 11     0.04411871
1923 12 12     0.04173430
1923 12 13     0.04355425
1923 12 14     0.37458486
1923 12 15     0.15317372
1923 12 16     0.06841127
1923 12 17     0.05651387
1923 12 18     0.05868542
1923 12 19     0.06689863
1923 12 20     0.05253370
1923 12 21     0.04545891
1923 12 22     0.04306788
1923 12 23     0.04123303
1923 12 24     0.03993419
1923 12 25     0.18561972
1923 12 26     0.26029389
1923 12 27     0.09724369
1923 12 28     0.06995189
1923 12 29     0.08161964
1923 12 30     0.19793953
1923 12 31     0.23453377
1924  1  1     0.10657636
1924  1  2     0.08208267
1924  1  3     0.98005457
1924  1  4     0.32628076
1924  1  5     0.14838882
1924  1  6     0.11647576
1924  1  7     0.09781334
1924  1  8     0.41976764
1924  1  9     0.21438800
1924  1 10     0.13009481
1924  1 11     0.11990670
1924  1 12     0.11247204
1924  1 13     0.12200258
1924  1 14     0.11670549
1924  1 15     0.11142694
1924  1 16     0.11504028
1924  1 17     0.11082400
1924  1 18     0.10406784
1924  1 19     0.10241450
1924  1 20     0.10071493
1924  1 21     0.09770510
1924  1 22     0.09819679
1924  1 23     0.11535938
1924  1 24     0.11319889
1924  1 25     0.13497913
1924  1 26     1.10011516
1924  1 27     1.94021829
1924  1 28     1.41730848
1924  1 29     0.80557548
1924  1 30     0.60338841
1924  1 31     0.55974414
1924  2  1     0.51701364
1924  2  2     0.61633149
1924  2  3     0.52472433
1924  2  4     0.46032872
1924  2  5     0.50674784
1924  2  6     0.66751153
1924  2  7     2.23070229
1924  2  8     2.78497078
1924  2  9     2.03046698
1924  2 10     1.46072173
1924  2 11     1.05743671
1924  2 12     0.96634830
1924  2 13     0.95023412
1924  2 14     0.91479785
1924  2 15     0.84575448
1924  2 16     0.78394022
1924  2 17     0.78644140
1924  2 18     0.81491376
1924  2 19     0.82386433
1924  2 20     0.78638248
1924  2 21     0.74969201
1924  2 22     0.73167942
1924  2 23     0.69333905
1924  2 24     0.68234578
1924  2 25     0.69897355
1924  2 26     0.70648823
1924  2 27     0.70890585
1924  2 28     0.74695064
1924  2 29     0.79087348
1924  3  1     0.82143773
1924  3  2     1.02113384
1924  3  3     0.81783989
1924  3  4     0.64511949
1924  3  5     0.62205852
1924  3  6     0.65440344
1924  3  7     0.60651853
1924  3  8     0.54205915
1924  3  9     0.52960838
1924  3 10     0.49650282
1924  3 11     0.64472075
1924  3 12     0.56077737
1924  3 13     0.48285197
1924  3 14     0.49199735
1924  3 15     0.46788141
1924  3 16     0.42914973
1924  3 17     0.48712084
1924  3 18     0.41787702
1924  3 19     0.39715786
1924  3 20     0.72210767
1924  3 21     0.57518402
1924  3 22     0.60781192
1924  3 23     0.87983112
1924  3 24     0.89309642
1924  3 25     0.74672052
1924  3 26     2.12695005
1924  3 27     2.07371021
1924  3 28     1.49190736
1924  3 29     1.17599388
1924  3 30     0.94143266
1924  3 31     0.82780836
1924  4  1     0.77136529
1924  4  2     0.73175635
1924  4  3     0.74940712
1924  4  4     1.15358510
1924  4  5     1.05103399
1924  4  6     1.03979285
1924  4  7     1.18143044
1924  4  8     1.32953067
1924  4  9     1.51425723
1924  4 10     1.50504102
1924  4 11     1.36970203
1924  4 12     1.31624777
1924  4 13     1.17799359
1924  4 14     1.02311118
1924  4 15     0.88154295
1924  4 16     0.79810891
1924  4 17     0.78605994
1924  4 18     0.82930437
1924  4 19     0.89842378
1924  4 20     0.91399025
1924  4 21     0.90965496
1924  4 22     0.87612002
1924  4 23     3.02433521
1924  4 24     2.00314176
1924  4 25     1.17470103
1924  4 26     1.15582586
1924  4 27     1.14515289
1924  4 28     1.11887341
1924  4 29     1.01598985
1924  4 30     0.96399584
1924  5  1     1.03200597
1924  5  2     1.15134671
1924  5  3     1.14383589
1924  5  4     1.02199707
1924  5  5     0.92762572
1924  5  6     0.94604145
1924  5  7     1.01550857
1924  5  8     1.07283711
1924  5  9     1.14271447
1924  5 10     1.09173033
1924  5 11     1.00147549
1924  5 12     0.93541656
1924  5 13     0.91685452
1924  5 14     0.90733028
1924  5 15     0.94237650
1924  5 16     0.93874392
1924  5 17     0.86854955
1924  5 18     0.80482958
1924  5 19     0.76825999
1924  5 20     0.71005771
1924  5 21     0.66098152
1924  5 22     0.63872483
1924  5 23     0.64241871
1924  5 24     0.59676624
1924  5 25     0.55839034
1924  5 26     0.53809074
1924  5 27     0.51928427
1924  5 28     0.50137268
1924  5 29     0.48446088
1924  5 30     0.46817438
1924  5 31     0.45294948
1924  6  1     0.43803330
1924  6  2     0.42364099
1924  6  3     0.41014216
1924  6  4     0.39733389
1924  6  5     0.38508201
1924  6  6     0.37344560
1924  6  7     0.36237524
1924  6  8     0.35130134
1924  6  9     0.34057792
1924  6 10     0.33016775
1924  6 11     0.32007506
1924  6 12     0.31030624
1924  6 13     0.30094744
1924  6 14     0.29192187
1924  6 15     0.28318352
1924  6 16     0.27473434
1924  6 17     0.26657594
1924  6 18     0.25873565
1924  6 19     0.25100648
1924  6 20     0.24355080
1924  6 21     0.23633844
1924  6 22     0.22934460
1924  6 23     0.22256061
1924  6 24     0.21597863
1924  6 25     0.20959417
1924  6 26     0.20340183
1924  6 27     0.19739210
1924  6 28     0.19156179
1924  6 29     0.18590521
1924  6 30     0.18041760
1924  7  1     0.17509162
1924  7  2     0.16992372
1924  7  3     0.16490980
1924  7  4     0.16004421
1924  7  5     0.15532481
1924  7  6     0.15074142
1924  7  7     0.14629448
1924  7  8     0.14197952
1924  7  9     0.13779238
1924  7 10     0.13372932
1924  7 11     0.12978594
1924  7 12     0.12595894
1924  7 13     0.12224469
1924  7 14     0.11864012
1924  7 15     0.11514205
1924  7 16     0.11174740
1924  7 17     0.10845275
1924  7 18     0.10525533
1924  7 19     0.10215277
1924  7 20     0.09914096
1924  7 21     0.09621827
1924  7 22     0.09338156
1924  7 23     0.09062877
1924  7 24     0.08795693
1924  7 25     0.08536406
1924  7 26     0.08284745
1924  7 27     0.08040517
1924  7 28     0.07803494
1924  7 29     0.07573563
1924  7 30     0.07350272
1924  7 31     0.07133556
1924  8  1     0.06923252
1924  8  2     0.06719143
1924  8  3     0.06521078
1924  8  4     0.06328852
1924  8  5     0.06142291
1924  8  6     0.05961232
1924  8  7     0.05785511
1924  8  8     0.05614968
1924  8  9     0.05449451
1924  8 10     0.05288815
1924  8 11     0.05132914
1924  8 12     0.04981608
1924  8 13     0.04834763
1924  8 14     0.04692246
1924  8 15     0.04553930
1924  8 16     0.04419692
1924  8 17     0.04289410
1924  8 18     0.04162969
1924  8 19     0.04040255
1924  8 20     0.03921158
1924  8 21     0.03805572
1924  8 22     0.03693394
1924  8 23     0.03760508
1924  8 24     0.03559797
1924  8 25     0.03376313
1924  8 26     0.03276785
1924  8 27     0.03180194
1924  8 28     0.03086450
1924  8 29     0.02995469
1924  8 30     0.02907170
1924  8 31     0.02821474
1924  9  1     0.02738304
1924  9  2     0.02657585
1924  9  3     0.02579246
1924  9  4     0.02503217
1924  9  5     0.02429428
1924  9  6     0.02357814
1924  9  7     0.02288312
1924  9  8     0.02220858
1924  9  9     0.02155393
1924  9 10     0.02091857
1924  9 11     0.02030194
1924  9 12     0.01970349
1924  9 13     0.01912268
1924  9 14     0.05543815
1924  9 15     0.13520746
1924  9 16     0.06371879
1924  9 17     0.01696675
1924  9 18     0.01646557
1924  9 19     0.01598021
1924  9 20     0.01550915
1924  9 21     0.01505198
1924  9 22     0.01460829
1924  9 23     0.01417767
1924  9 24     0.01375975
1924  9 25     0.01335414
1924  9 26     0.01296050
1924  9 27     0.01257845
1924  9 28     0.01220767
1924  9 29     0.01184782
1924  9 30     0.01149858
1924 10  1     0.01115963
1924 10  2     0.01083067
1924 10  3     0.01051141
1924 10  4     0.01020156
1924 10  5     0.19619871
1924 10  6     0.62201288
1924 10  7     0.31336883
1924 10  8     0.07963642
1924 10  9     0.01294136
1924 10 10     0.05491744
1924 10 11     0.04644589
1924 10 12     0.02434418
1924 10 13     0.02391626
1924 10 14     0.01578187
1924 10 15     0.00831208
1924 10 16     0.22634484
1924 10 17     0.13276507
1924 10 18     0.05166286
1924 10 19     0.01480770
1924 10 20     0.01450479
1924 10 21     0.01063842
1924 10 22     0.00820761
1924 10 23     0.00840873
1924 10 24     0.00674888
1924 10 25     0.00626844
1924 10 26     0.00606266
1924 10 27     0.13906155
1924 10 28     0.87692254
1924 10 29     1.27384501
1924 10 30     0.46602679
1924 10 31     0.14606400
1924 11  1     0.06197363
1924 11  2     0.04615261
1924 11  3     0.04647849
1924 11  4     0.18429611
1924 11  5     0.16446472
1924 11  6     0.05600557
1924 11  7     0.02747531
1924 11  8     0.30226491
1924 11  9     3.39564713
1924 11 10     1.63423649
1924 11 11     0.48890137
1924 11 12     0.37477658
1924 11 13     0.30873300
1924 11 14     0.26407263
1924 11 15     0.24009817
1924 11 16     0.22539936
1924 11 17     0.21478583
1924 11 18     0.20140623
1924 11 19     0.19420951
1924 11 20     0.19086665
1924 11 21     0.18762418
1924 11 22     0.18369205
1924 11 23     0.17115914
1924 11 24     0.16057559
1924 11 25     0.15467532
1924 11 26     0.15001942
1924 11 27     0.14612437
1924 11 28     0.14336552
1924 11 29     0.13701224
1924 11 30     0.13328134
1924 12  1     0.12549459
1924 12  2     0.24063247
1924 12  3     0.14633065
1924 12  4     0.15038852
1924 12  5     0.31753117
1924 12  6     0.62478679
1924 12  7     0.31572469
1924 12  8     1.06478291
1924 12  9     0.40048640
1924 12 10     0.24102844
1924 12 11     0.19653910
1924 12 12     0.16649541
1924 12 13     0.14861188
1924 12 14     0.14025522
1924 12 15     0.13409669
1924 12 16     0.51852200
1924 12 17     0.39678612
1924 12 18     0.20945038
1924 12 19     0.18617561
1924 12 20     0.16650784
1924 12 21     0.79215463
1924 12 22     1.11985726
1924 12 23     0.50804867
1924 12 24     0.33212247
1924 12 25     0.29688669
1924 12 26     0.26501722
1924 12 27     0.24473471
1924 12 28     0.42570748
1924 12 29     0.44139991
1924 12 30     2.58192216
1924 12 31     1.32529142
1925  1  1     0.63765643
1925  1  2     0.56495156
1925  1  3     0.50183236
1925  1  4     0.46246801
1925  1  5     0.43688726
1925  1  6     0.41118661
1925  1  7     0.38961941
1925  1  8     0.37212355
1925  1  9     0.35656058
1925  1 10     0.34399691
1925  1 11     0.32908523
1925  1 12     0.31510708
1925  1 13     0.30326311
1925  1 14     0.99076705
1925  1 15     0.49864915
1925  1 16     0.37528627
1925  1 17     0.33231386
1925  1 18     0.30722583
1925  1 19     0.29906652
1925  1 20     0.29410953
1925  1 21     0.29019884
1925  1 22     0.28906984
1925  1 23     0.45602004
1925  1 24     1.36469941
1925  1 25     1.84640716
1925  1 26     0.94822050
1925  1 27     0.85323042
1925  1 28     0.69185241
1925  1 29     0.58575103
1925  1 30     0.54811086
1925  1 31     0.50717145
1925  2  1     0.48262180
1925  2  2     0.48496442
1925  2  3     0.52104863
1925  2  4     2.50003157
1925  2  5     6.79064851
1925  2  6    14.54896163
1925  2  7     8.60850461
1925  2  8     5.84827502
1925  2  9     4.08698010
1925  2 10     3.37975432
1925  2 11     3.11087114
1925  2 12     7.39780749
1925  2 13     8.52620359
1925  2 14     4.68951971
1925  2 15     3.40127825
1925  2 16     3.08376473
1925  2 17     2.82522378
1925  2 18     2.62903187
1925  2 19     2.46809664
1925  2 20     3.64471250
1925  2 21     4.31648780
1925  2 22     2.84793743
1925  2 23     4.45871986
1925  2 24     3.37342251
1925  2 25     2.66798261
1925  2 26     2.49611496
1925  2 27     2.38620612
1925  2 28     2.32743871
1925  3  1     2.29158994
1925  3  2     2.26657241
1925  3  3     2.24045428
1925  3  4     2.23251990
1925  3  5     2.16192589
1925  3  6     2.38311742
1925  3  7     2.11206748
1925  3  8     1.94318213
1925  3  9     2.45891871
1925  3 10     3.75810560
1925  3 11     2.20713768
1925  3 12     1.85875026
1925  3 13     1.76435222
1925  3 14     1.74135861
1925  3 15     1.71392644
1925  3 16     1.71780283
1925  3 17     1.65531699
1925  3 18     1.67896483
1925  3 19     1.71246012
1925  3 20     1.73727624
1925  3 21     1.87994295
1925  3 22     2.00605320
1925  3 23     1.98848286
1925  3 24     1.97020114
1925  3 25     1.97961686
1925  3 26     1.92222210
1925  3 27     1.94561956
1925  3 28     2.47552531
1925  3 29     5.27173926
1925  3 30     3.47694575
1925  3 31     3.75148672
1925  4  1     2.40481766
1925  4  2     2.00973263
1925  4  3     2.16295041
1925  4  4     6.43807563
1925  4  5     4.62793747
1925  4  6     3.03814128
1925  4  7     2.51255401
1925  4  8     2.45235581
1925  4  9     2.44376892
1925  4 10     2.62518275
1925  4 11     4.24364737
1925  4 12     2.99243875
1925  4 13     2.58547018
1925  4 14     2.60070756
1925  4 15     3.11561826
1925  4 16     4.08723255
1925  4 17     3.58845254
1925  4 18     2.71439567
1925  4 19     3.27635624
1925  4 20     4.74106217
1925  4 21     3.93824379
1925  4 22     3.90242107
1925  4 23     2.95345743
1925  4 24     2.73996897
1925  4 25     2.66108610
1925  4 26     2.67228847
1925  4 27     2.66122000
1925  4 28     2.62005200
1925  4 29     2.57860900
1925  4 30     2.50420358
1925  5  1     2.46572974
1925  5  2     2.65561779
1925  5  3     2.69153695
1925  5  4     2.63700002
1925  5  5     2.60085741
1925  5  6     2.53130314
1925  5  7     2.41463118
1925  5  8     2.24403475
1925  5  9     2.06394791
1925  5 10     1.97085439
1925  5 11     2.00247884
1925  5 12     2.21471286
1925  5 13     2.86061315
1925  5 14     2.21912552
1925  5 15     1.97621256
1925  5 16     2.10283602
1925  5 17     1.96796049
1925  5 18     1.92372254
1925  5 19     1.96513171
1925  5 20     2.91317969
1925  5 21     2.34693384
1925  5 22     2.00245664
1925  5 23     2.03550632
1925  5 24     2.05552610
1925  5 25     2.10868097
1925  5 26     2.17422790
1925  5 27     2.18804655
1925  5 28     2.12580282
1925  5 29     1.96974825
1925  5 30     1.77433663
1925  5 31     1.67199914
1925  6  1     1.60051234
1925  6  2     1.48689127
1925  6  3     1.71760287
1925  6  4     1.48286695
1925  6  5     1.37993819
1925  6  6     1.30276795
1925  6  7     1.28769983
1925  6  8     1.31271218
1925  6  9     1.33615227
1925  6 10     1.31839616
1925  6 11     1.31299729
1925  6 12     1.33206358
1925  6 13     1.29773616
1925  6 14     1.23618779
1925  6 15     1.17708245
1925  6 16     1.16124386
1925  6 17     1.13128264
1925  6 18     1.07724890
1925  6 19     1.02908792
1925  6 20     0.94808708
1925  6 21     0.89984275
1925  6 22     0.85957496
1925  6 23     0.82412114
1925  6 24     0.79785865
1925  6 25     0.77695643
1925  6 26     0.75693994
1925  6 27     0.72495324
1925  6 28     0.69721536
1925  6 29     0.67291367
1925  6 30     0.64921833
1925  7  1     0.62819945
1925  7  2     0.60830409
1925  7  3     0.59016635
1925  7  4     0.75359847
1925  7  5     0.64314887
1925  7  6     0.54216837
1925  7  7     0.52172938
1925  7  8     0.50578739
1925  7  9     0.49031414
1925  7 10     0.47555323
1925  7 11     0.46138102
1925  7 12     0.44747125
1925  7 13     0.43387778
1925  7 14     0.42045128
1925  7 15     0.40834771
1925  7 16     0.39587621
1925  7 17     0.38460863
1925  7 18     0.38895863
1925  7 19     0.37737312
1925  7 20     0.37266820
1925  7 21     0.35497206
1925  7 22     0.33407890
1925  7 23     0.32141684
1925  7 24     0.31185703
1925  7 25     0.30242431
1925  7 26     0.29323421
1925  7 27     0.28440010
1925  7 28     0.27595162
1925  7 29     0.26756724
1925  7 30     0.26068198
1925  7 31     0.26060615
1925  8  1     0.26268561
1925  8  2     0.24611455
1925  8  3     0.23144861
1925  8  4     0.22421588
1925  8  5     0.21709340
1925  8  6     0.21052893
1925  8  7     0.20429710
1925  8  8     0.20093892
1925  8  9     0.20929276
1925  8 10     0.36085372
1925  8 11     0.33190220
1925  8 12     0.21331161
1925  8 13     0.17609172
1925  8 14     0.17085949
1925  8 15     0.16526076
1925  8 16     0.15995406
1925  8 17     0.15506170
1925  8 18     0.15036751
1925  8 19     0.14568615
1925  8 20     0.14108110
1925  8 21     0.13697553
1925  8 22     0.13314999
1925  8 23     0.12931951
1925  8 24     0.12524521
1925  8 25     0.12092934
1925  8 26     0.11715235
1925  8 27     0.11370202
1925  8 28     0.11048494
1925  8 29     0.10719491
1925  8 30     0.10388784
1925  8 31     0.10078286
1925  9  1     0.09785348
1925  9  2     0.09611981
1925  9  3     0.09402509
1925  9  4     0.09024430
1925  9  5     0.08709699
1925  9  6     0.08554754
1925  9  7     0.21708269
1925  9  8     0.13992399
1925  9  9     0.07911078
1925  9 10     0.07518701
1925  9 11     0.07306300
1925  9 12     0.08063973
1925  9 13     0.07368642
1925  9 14     0.06671381
1925  9 15     0.06469134
1925  9 16     0.09760274
1925  9 17     0.07798497
1925  9 18     0.08599610
1925  9 19     0.07072469
1925  9 20     0.05860787
1925  9 21     0.05654393
1925  9 22     0.05415260
1925  9 23     0.05227261
1925  9 24     0.05057831
1925  9 25     0.04898394
1925  9 26     0.04746767
1925  9 27     0.04601579
1925  9 28     0.04513869
1925  9 29     0.04382990
1925  9 30     0.04207213
1925 10  1     0.04071906
1925 10  2     0.03967134
1925 10  3     0.03837102
1925 10  4     0.03717972
1925 10  5     0.30203940
1925 10  6     0.52453291
1925 10  7     0.20693849
1925 10  8     0.05740556
1925 10  9     0.05917332
1925 10 10     0.05657445
1925 10 11     0.16972159
1925 10 12     0.13960289
1925 10 13     0.14058097
1925 10 14     0.09474916
1925 10 15     0.05604552
1925 10 16     0.05003977
1925 10 17     0.04773771
1925 10 18     0.04493788
1925 10 19     0.04168014
1925 10 20     0.03899887
1925 10 21     0.03733244
1925 10 22     0.03587444
1925 10 23     0.03463598
1925 10 24     0.03329649
1925 10 25     0.03201084
1925 10 26     0.03079049
1925 10 27     0.02974382
1925 10 28     0.02865507
1925 10 29     0.02769760
1925 10 30     0.02676820
1925 10 31     0.02601500
1925 11  1     0.02588044
1925 11  2     0.14080436
1925 11  3     0.31328834
1925 11  4     0.23366511
1925 11  5     0.08053604
1925 11  6     0.04317473
1925 11  7     0.03504947
1925 11  8     0.03818580
1925 11  9     0.03456628
1925 11 10     0.07376664
1925 11 11     0.38372027
1925 11 12     0.34088002
1925 11 13     0.21813699
1925 11 14     0.08645804
1925 11 15     0.04930675
1925 11 16     0.05794986
1925 11 17     0.04429400
1925 11 18     0.04144597
1925 11 19     0.04388109
1925 11 20     0.04330389
1925 11 21     0.03698643
1925 11 22     0.03694410
1925 11 23     0.04926201
1925 11 24     0.04761357
1925 11 25     0.04362013
1925 11 26     0.04183187
1925 11 27     0.04323122
1925 11 28     0.04268982
1925 11 29     0.03919128
1925 11 30     0.32233290
1925 12  1     0.38986106
1925 12  2     1.10024270
1925 12  3     0.42450432
1925 12  4     0.19666789
1925 12  5     0.15377799
1925 12  6     0.12411189
1925 12  7     0.10804404
1925 12  8     0.09968311
1925 12  9     0.09347436
1925 12 10     0.08831892
1925 12 11     0.08379422
1925 12 12     0.08280136
1925 12 13     0.07771699
1925 12 14     0.07297439
1925 12 15     0.06995599
1925 12 16     0.06712874
1925 12 17     0.06999383
1925 12 18     0.87191512
1925 12 19     0.71289473
1925 12 20     0.30097904
1925 12 21     0.18584602
1925 12 22     0.14782677
1925 12 23     0.12521974
1925 12 24     0.11451977
1925 12 25     0.10781600
1925 12 26     0.10215592
1925 12 27     0.09700485
1925 12 28     0.09296541
1925 12 29     0.08858457
1925 12 30     0.08472750
1925 12 31     0.08132833
1926  1  1     0.07846257
1926  1  2     0.07573943
1926  1  3     0.07437679
1926  1  4     0.07152093
1926  1  5     0.07042637
1926  1  6     0.06815102
1926  1  7     0.06669175
1926  1  8     0.06397613
1926  1  9     0.06182232
1926  1 10     0.05970010
1926  1 11     0.05798198
1926  1 12     0.05619522
1926  1 13     0.05464267
1926  1 14     0.05182116
1926  1 15     0.04959886
1926  1 16     0.04877223
1926  1 17     0.35338169
1926  1 18     0.22553384
1926  1 19     0.08901438
1926  1 20     0.08223929
1926  1 21     0.07285673
1926  1 22     0.07042865
1926  1 23     0.06545574
1926  1 24     0.05949319
1926  1 25     0.05642472
1926  1 26     0.05385936
1926  1 27     0.08821309
1926  1 28     1.11128310
1926  1 29     4.57814642
1926  1 30     2.47506245
1926  1 31     3.10188018
1926  2  1     1.93768517
1926  2  2     1.58000246
1926  2  3     3.30175492
1926  2  4     3.32009064
1926  2  5     1.87106205
1926  2  6     1.32230226
1926  2  7     1.15526863
1926  2  8     1.05408679
1926  2  9     0.98918294
1926  2 10     2.08394769
1926  2 11     1.76787361
1926  2 12     3.84111604
1926  2 13     3.20187683
1926  2 14     3.43859547
1926  2 15     2.50678744
1926  2 16     2.23513006
1926  2 17     1.67279496
1926  2 18     1.43673492
1926  2 19     1.75952159
1926  2 20     2.45048317
1926  2 21     1.61885490
1926  2 22     1.38929476
1926  2 23     1.35762471
1926  2 24     1.23112698
1926  2 25     1.19700374
1926  2 26     1.20842899
1926  2 27     1.26285768
1926  2 28     1.25023092
1926  3  1     1.24853718
1926  3  2     1.33770340
1926  3  3     1.34406542
1926  3  4     1.35037827
1926  3  5     1.32784604
1926  3  6     1.27601422
1926  3  7     1.27990103
1926  3  8     1.41988496
1926  3  9     1.23898247
1926  3 10     1.07575754
1926  3 11     1.04157918
1926  3 12     1.11908775
1926  3 13     1.17877545
1926  3 14     1.24015792
1926  3 15     1.26041557
1926  3 16     1.23165688
1926  3 17     1.17194210
1926  3 18     1.03259306
1926  3 19     0.98902721
1926  3 20     0.97622074
1926  3 21     1.02377820
1926  3 22     1.10029489
1926  3 23     1.15671122
1926  3 24     1.22629339
1926  3 25     1.22755994
1926  3 26     1.11119356
1926  3 27     1.01567095
1926  3 28     0.96436743
1926  3 29     0.94581431
1926  3 30     0.94187465
1926  3 31     0.94145648
1926  4  1     0.87471124
1926  4  2     0.80294368
1926  4  3     0.85067980
1926  4  4     1.67137604
1926  4  5     4.07804449
1926  4  6     3.56053146
1926  4  7     3.42624175
1926  4  8     6.18570789
1926  4  9     3.12609506
1926  4 10     2.00046917
1926  4 11     1.81127632
1926  4 12     1.71868668
1926  4 13     1.68426393
1926  4 14     1.66885322
1926  4 15     1.62582972
1926  4 16     1.55917847
1926  4 17     1.47217234
1926  4 18     1.41868592
1926  4 19     1.86819020
1926  4 20     1.72159117
1926  4 21     1.43990033
1926  4 22     1.41668889
1926  4 23     1.43105825
1926  4 24     1.48845240
1926  4 25     1.50591976
1926  4 26     1.38169542
1926  4 27     1.27069779
1926  4 28     1.20572817
1926  4 29     1.21839516
1926  4 30     1.16723871
1926  5  1     1.06860998
1926  5  2     1.02513006
1926  5  3     1.00391020
1926  5  4     1.06473650
1926  5  5     1.27755000
1926  5  6     1.05020436
1926  5  7     0.89023029
1926  5  8     0.84940955
1926  5  9     0.80529627
1926  5 10     0.77418325
1926  5 11     0.75862394
1926  5 12     0.72961034
1926  5 13     0.69838100
1926  5 14     0.67560456
1926  5 15     0.65448899
1926  5 16     0.63527862
1926  5 17     0.61656686
1926  5 18     0.59456551
1926  5 19     0.57333016
1926  5 20     0.55437692
1926  5 21     0.58012396
1926  5 22     0.53990501
1926  5 23     0.51100957
1926  5 24     0.50066707
1926  5 25     0.47906635
1926  5 26     0.47139621
1926  5 27     0.45024481
1926  5 28     0.43090204
1926  5 29     0.41758545
1926  5 30     0.40492349
1926  5 31     0.39269471
1926  6  1     0.38064450
1926  6  2     0.36915346
1926  6  3     0.37288750
1926  6  4     0.35416343
1926  6  5     0.33646171
1926  6  6     0.32648211
1926  6  7     0.31753103
1926  6  8     0.32919614
1926  6  9     0.30855961
1926  6 10     0.28994690
1926  6 11     0.28130971
1926  6 12     0.27279789
1926  6 13     0.26499223
1926  6 14     0.25736338
1926  6 15     0.24974781
1926  6 16     0.24380967
1926  6 17     0.24054477
1926  6 18     0.23014884
1926  6 19     0.22108277
1926  6 20     0.21442677
1926  6 21     0.20777258
1926  6 22     0.20113354
1926  6 23     0.19509138
1926  6 24     0.20716209
1926  6 25     0.19343347
1926  6 26     0.17833377
1926  6 27     0.17401013
1926  6 28     0.16850451
1926  6 29     0.16301797
1926  6 30     0.15821052
1926  7  1     0.15354554
1926  7  2     0.14901827
1926  7  3     0.14462480
1926  7  4     0.14036065
1926  7  5     0.13622226
1926  7  6     0.13741818
1926  7  7     0.13137368
1926  7  8     0.20451684
1926  7  9     0.16701739
1926  7 10     0.13304088
1926  7 11     0.11814320
1926  7 12     0.11056286
1926  7 13     0.10722153
1926  7 14     0.10406186
1926  7 15     0.10099362
1926  7 16     0.09801592
1926  7 17     0.09512703
1926  7 18     0.09232264
1926  7 19     0.08960082
1926  7 20     0.08695958
1926  7 21     0.08439619
1926  7 22     0.08190875
1926  7 23     0.07949409
1926  7 24     0.07715052
1926  7 25     0.07487630
1926  7 26     0.07266913
1926  7 27     0.07052702
1926  7 28     0.06844805
1926  7 29     0.06643038
1926  7 30     0.06447222
1926  7 31     0.06257171
1926  8  1     0.06072723
1926  8  2     0.05893713
1926  8  3     0.05719979
1926  8  4     0.05551369
1926  8  5     0.05387728
1926  8  6     0.05228911
1926  8  7     0.05074776
1926  8  8     0.04925184
1926  8  9     0.04780002
1926  8 10     0.04639099
1926  8 11     0.04502350
1926  8 12     0.04369632
1926  8 13     0.04240826
1926  8 14     0.04115817
1926  8 15     0.03994493
1926  8 16     0.03876746
1926  8 17     0.03762469
1926  8 18     0.03651560
1926  8 19     0.03543922
1926  8 20     0.03439456
1926  8 21     0.03338069
1926  8 22     0.03239671
1926  8 23     0.03144174
1926  8 24     0.03051491
1926  8 25     0.02961541
1926  8 26     0.02874242
1926  8 27     0.02789516
1926  8 28     0.02707288
1926  8 29     0.02627484
1926  8 30     0.02550033
1926  8 31     0.02474864
1926  9  1     0.02401911
1926  9  2     0.02331109
1926  9  3     0.02262393
1926  9  4     0.02195704
1926  9  5     0.02130980
1926  9  6     0.02068164
1926  9  7     0.02007199
1926  9  8     0.01948032
1926  9  9     0.01890609
1926  9 10     0.01834879
1926  9 11     0.01780791
1926  9 12     0.01728298
1926  9 13     0.01677352
1926  9 14     0.01627908
1926  9 15     0.01579921
1926  9 16     0.01533349
1926  9 17     0.01488149
1926  9 18     0.01444283
1926  9 19     0.01401709
1926  9 20     0.01360390
1926  9 21     0.01320289
1926  9 22     0.01281370
1926  9 23     0.01243598
1926  9 24     0.01206940
1926  9 25     0.01171363
1926  9 26     0.01136834
1926  9 27     0.01103323
1926  9 28     0.01070800
1926  9 29     0.01039235
1926  9 30     0.01008601
1926 10  1     0.08308833
1926 10  2     0.07317200
1926 10  3     0.02506102
1926 10  4     0.01013541
1926 10  5     0.00873421
1926 10  6     0.00842855
1926 10  7     0.00818010
1926 10  8     0.00793897
1926 10  9     0.00770495
1926 10 10     0.38974320
1926 10 11     0.17704626
1926 10 12     0.02030305
1926 10 13     0.00845687
1926 10 14     0.00684468
1926 10 15     0.00644960
1926 10 16     0.00624898
1926 10 17     0.00606477
1926 10 18     0.00588600
1926 10 19     0.00571249
1926 10 20     0.00554410
1926 10 21     0.00538068
1926 10 22     0.00522207
1926 10 23     0.00506814
1926 10 24     0.00491874
1926 10 25     0.00477375
1926 10 26     0.00463303
1926 10 27     0.00449646
1926 10 28     0.00436391
1926 10 29     0.00423528
1926 10 30     0.00411043
1926 10 31     0.00398927
1926 11  1     0.00387167
1926 11  2     0.00375755
1926 11  3     0.00364678
1926 11  4     0.00353928
1926 11  5     0.00343496
1926 11  6     0.00333370
1926 11  7     0.00323543
1926 11  8     0.00314006
1926 11  9     0.00304750
1926 11 10     0.00295767
1926 11 11     0.24696432
1926 11 12     1.06085450
1926 11 13     0.59399094
1926 11 14     0.15126189
1926 11 15     0.03073346
1926 11 16     0.00770403
1926 11 17     0.00445645
1926 11 18     0.04740516
1926 11 19     0.52748421
1926 11 20     0.20352973
1926 11 21     0.04469050
1926 11 22     0.35085023
1926 11 23     0.18303085
1926 11 24     2.77442702
1926 11 25     1.73926664
1926 11 26     3.45031259
1926 11 27     4.40437977
1926 11 28     2.64413923
1926 11 29     2.16941739
1926 11 30     1.30691048
1926 12  1     0.96314953
1926 12  2     0.89221699
1926 12  3     1.07902544
1926 12  4     0.89075326
1926 12  5     0.82752380
1926 12  6     1.30439357
1926 12  7     1.05019281
1926 12  8     0.85338621
1926 12  9     0.73304070
1926 12 10     0.68042715
1926 12 11     0.64165909
1926 12 12     0.61080795
1926 12 13     0.57856958
1926 12 14     0.55137400
1926 12 15     0.52762179
1926 12 16     0.50616398
1926 12 17     0.51105864
1926 12 18     0.53243443
1926 12 19     0.46326620
1926 12 20     0.66121571
1926 12 21     1.11452566
1926 12 22     0.68591259
1926 12 23     0.63096092
1926 12 24     0.52971823
1926 12 25     0.50417105
1926 12 26     0.47078158
1926 12 27     0.44068728
1926 12 28     0.42239149
1926 12 29     0.40913864
1926 12 30     0.39693051
1926 12 31     0.38226430
1927  1  1     0.36772818
1927  1  2     0.44953362
1927  1  3     0.47279236
1927  1  4     0.40563270
1927  1  5     0.53700621
1927  1  6     2.83800276
1927  1  7     2.02278710
1927  1  8     1.09581606
1927  1  9     0.84412243
1927  1 10     2.10915311
1927  1 11     1.34458054
1927  1 12     0.92779585
1927  1 13     0.82320646
1927  1 14     0.75959057
1927  1 15     0.86578287
1927  1 16     1.33817314
1927  1 17     0.95564506
1927  1 18     0.76223719
1927  1 19     0.72349102
1927  1 20     3.00705955
1927  1 21     1.79364150
1927  1 22     1.09948822
1927  1 23     0.96612032
1927  1 24     0.87235672
1927  1 25     0.81527175
1927  1 26     1.45660978
1927  1 27     1.33129469
1927  1 28     2.17334166
1927  1 29     1.92983196
1927  1 30     1.34765449
1927  1 31     1.14235574
1927  2  1     1.04897790
1927  2  2     1.62633225
1927  2  3     3.54050460
1927  2  4     4.02027440
1927  2  5     2.21994708
1927  2  6     1.88491088
1927  2  7     1.97116844
1927  2  8     1.58036294
1927  2  9     1.35113981
1927  2 10     1.26159901
1927  2 11     1.18628877
1927  2 12     1.12380500
1927  2 13     1.07431715
1927  2 14     2.13134575
1927  2 15     3.31169836
1927  2 16     3.21498893
1927  2 17     2.98437476
1927  2 18     8.64095729
1927  2 19     4.64756647
1927  2 20     2.97103561
1927  2 21     7.22261493
1927  2 22     5.39170177
1927  2 23     3.41928478
1927  2 24     4.49516961
1927  2 25     3.69535908
1927  2 26     3.03781846
1927  2 27     2.81428973
1927  2 28     2.60157366
1927  3  1     2.52920577
1927  3  2     2.45471314
1927  3  3     2.47942532
1927  3  4     2.30060030
1927  3  5     2.13065531
1927  3  6     2.04630947
1927  3  7     1.96231334
1927  3  8     2.32371415
1927  3  9     2.42119882
1927  3 10     1.93093157
1927  3 11     1.78298971
1927  3 12     1.83724068
1927  3 13     1.94669117
1927  3 14     3.44260764
1927  3 15     2.15434809
1927  3 16     1.88100199
1927  3 17     1.69538022
1927  3 18     1.60432206
1927  3 19     1.54459487
1927  3 20     1.49229502
1927  3 21     1.53071714
1927  3 22     1.71895205
1927  3 23     1.87461942
1927  3 24     1.89906355
1927  3 25     1.82376578
1927  3 26     1.75817782
1927  3 27     1.62092634
1927  3 28     1.52791642
1927  3 29     2.72834654
1927  3 30     2.49630814
1927  3 31     4.78732515
1927  4  1    10.47088021
1927  4  2     8.65523976
1927  4  3    10.04958397
1927  4  4     4.99083164
1927  4  5     3.56590883
1927  4  6     3.22510362
1927  4  7     2.91137869
1927  4  8     2.67612782
1927  4  9     2.67291668
1927  4 10     2.42054784
1927  4 11     2.30301544
1927  4 12     2.17423195
1927  4 13     2.09718742
1927  4 14     2.06866092
1927  4 15     2.44833907
1927  4 16     2.26915935
1927  4 17     2.02319753
1927  4 18     2.03983178
1927  4 19     2.08976582
1927  4 20     2.18054997
1927  4 21     2.29665635
1927  4 22     2.37508696
1927  4 23     2.45394757
1927  4 24     2.54966900
1927  4 25     2.59551881
1927  4 26     2.51792357
1927  4 27     2.32830762
1927  4 28     2.18371879
1927  4 29     2.15804155
1927  4 30     2.11486008
1927  5  1     2.05575471
1927  5  2     2.05369397
1927  5  3     2.05557129
1927  5  4     2.07566268
1927  5  5     2.03882146
1927  5  6     1.89568495
1927  5  7     1.88144559
1927  5  8     1.65097191
1927  5  9     1.58184961
1927  5 10     1.60899012
1927  5 11     1.61995114
1927  5 12     1.69907120
1927  5 13     1.83813427
1927  5 14     1.94287756
1927  5 15     2.01190323
1927  5 16     1.96651569
1927  5 17     1.78516976
1927  5 18     1.62100937
1927  5 19     1.51450127
1927  5 20     1.36169348
1927  5 21     1.29645610
1927  5 22     1.22056562
1927  5 23     1.18854832
1927  5 24     1.21775202
1927  5 25     1.24717266
1927  5 26     1.24926566
1927  5 27     1.64816683
1927  5 28     1.37610678
1927  5 29     1.09618512
1927  5 30     1.02735543
1927  5 31     1.00298698
1927  6  1     1.33308156
1927  6  2     1.30829311
1927  6  3     1.13622387
1927  6  4     1.08492426
1927  6  5     1.08351630
1927  6  6     1.08944170
1927  6  7     1.32489541
1927  6  8     1.15232769
1927  6  9     0.95958226
1927  6 10     1.03927027
1927  6 11     0.92567161
1927  6 12     0.82601687
1927  6 13     0.79952692
1927  6 14     0.76210792
1927  6 15     0.72557495
1927  6 16     0.69838442
1927  6 17     0.67446571
1927  6 18     0.65173552
1927  6 19     0.63009889
1927  6 20     0.60945825
1927  6 21     0.58983509
1927  6 22     0.57110213
1927  6 23     0.55312281
1927  6 24     0.53565072
1927  6 25     0.51920093
1927  6 26     0.50385754
1927  6 27     0.48873072
1927  6 28     0.47354794
1927  6 29     0.45842976
1927  6 30     0.44386187
1927  7  1     0.43030029
1927  7  2     0.41752455
1927  7  3     0.40550121
1927  7  4     0.39342952
1927  7  5     0.38121025
1927  7  6     0.36972707
1927  7  7     0.35872673
1927  7  8     0.34790477
1927  7  9     0.33734318
1927  7 10     0.32689983
1927  7 11     0.31699333
1927  7 12     0.30757363
1927  7 13     0.29802352
1927  7 14     0.28921019
1927  7 15     0.28089413
1927  7 16     0.27258293
1927  7 17     0.26440198
1927  7 18     0.25650825
1927  7 19     0.24869195
1927  7 20     0.24127714
1927  7 21     0.23397664
1927  7 22     0.22840361
1927  7 23     0.22118309
1927  7 24     0.21371065
1927  7 25     0.20740513
1927  7 26     0.20522128
1927  7 27     0.19729992
1927  7 28     0.18958664
1927  7 29     0.18399445
1927  7 30     0.17856775
1927  7 31     0.17330166
1927  8  1     0.16819114
1927  8  2     0.16323186
1927  8  3     0.15841852
1927  8  4     0.15374732
1927  8  5     0.14921415
1927  8  6     0.14481581
1927  8  7     0.14054560
1927  8  8     0.13640161
1927  8  9     0.13238016
1927  8 10     0.12847771
1927  8 11     0.12469044
1927  8 12     0.12101398
1927  8 13     0.11744630
1927  8 14     0.11398418
1927  8 15     0.11062380
1927  8 16     0.10736258
1927  8 17     0.10419822
1927  8 18     0.10287712
1927  8 19     0.09907877
1927  8 20     0.09525177
1927  8 21     0.09244390
1927  8 22     0.08971929
1927  8 23     0.08707433
1927  8 24     0.08450724
1927  8 25     0.08201615
1927  8 26     0.07959884
1927  8 27     0.07725229
1927  8 28     0.07497483
1927  8 29     0.07276479
1927  8 30     0.07061989
1927  8 31     0.06853814
1927  9  1     0.06651777
1927  9  2     0.06455700
1927  9  3     0.08744466
1927  9  4     0.07092012
1927  9  5     0.05923466
1927  9  6     0.05739018
1927  9  7     0.05558676
1927  9  8     0.05394820
1927  9  9     0.05235794
1927  9 10     0.05081455
1927  9 11     0.04931667
1927  9 12     0.04786294
1927  9 13     0.04645206
1927  9 14     0.04508276
1927  9 15     0.04375384
1927  9 16     0.04315378
1927  9 17     0.04153358
1927  9 18     0.04228165
1927  9 19     0.04010907
1927  9 20     0.03767424
1927  9 21     0.03656367
1927  9 22     0.03548586
1927  9 23     0.03443983
1927  9 24     0.03342463
1927  9 25     0.03243935
1927  9 26     0.03148312
1927  9 27     0.03055508
1927  9 28     0.02965439
1927  9 29     0.02878025
1927  9 30     0.02793188
1927 10  1     0.02710852
1927 10  2     0.02630943
1927 10  3     0.02553389
1927 10  4     0.02478121
1927 10  5     0.02405073
1927 10  6     0.02334177
1927 10  7     0.02265371
1927 10  8     0.02198594
1927 10  9     0.02133785
1927 10 10     0.02070886
1927 10 11     0.02009841
1927 10 12     0.01950596
1927 10 13     0.01893098
1927 10 14     0.01837294
1927 10 15     0.01783135
1927 10 16     0.01730573
1927 10 17     0.01679560
1927 10 18     0.01630050
1927 10 19     0.01582000
1927 10 20     0.01535367
1927 10 21     0.01490108
1927 10 22     0.01446184
1927 10 23     0.01403554
1927 10 24     0.01362180
1927 10 25     0.07301610
1927 10 26     0.86423420
1927 10 27     1.68016873
1927 10 28     0.56063054
1927 10 29     0.11253602
1927 10 30     0.38106587
1927 10 31     1.10634365
1927 11  1     0.40567613
1927 11  2     0.13271946
1927 11  3     0.09637593
1927 11  4     0.07608477
1927 11  5     0.06748332
1927 11  6     0.15992511
1927 11  7     0.11537472
1927 11  8     0.11800777
1927 11  9     0.47044306
1927 11 10     0.68616132
1927 11 11     0.27754654
1927 11 12     0.39695588
1927 11 13     1.19939415
1927 11 14     0.48191626
1927 11 15     0.22223534
1927 11 16     0.16339012
1927 11 17     0.14769367
1927 11 18     0.15035763
1927 11 19     0.15793986
1927 11 20     0.26362162
1927 11 21     0.92762298
1927 11 22     0.52302383
1927 11 23     0.26016300
1927 11 24     0.17980186
1927 11 25     0.15563814
1927 11 26     0.15756144
1927 11 27     0.14673046
1927 11 28     0.13801301
1927 11 29     0.13440824
1927 11 30     0.12378477
1927 12  1     0.11864043
1927 12  2     0.11928156
1927 12  3     0.11891033
1927 12  4     0.11117376
1927 12  5     0.10402353
1927 12  6     0.09584391
1927 12  7     0.08961638
1927 12  8     0.08509984
1927 12  9     0.19781171
1927 12 10     0.56781117
1927 12 11     0.18146327
1927 12 12     0.11346547
1927 12 13     0.14364642
1927 12 14     0.71332080
1927 12 15     0.24455555
1927 12 16     0.12446751
1927 12 17     0.09974548
1927 12 18     0.08491206
1927 12 19     0.07790709
1927 12 20     0.07448817
1927 12 21     0.07153370
1927 12 22     0.06896038
1927 12 23     0.06658772
1927 12 24     0.06440814
1927 12 25     0.06229924
1927 12 26     0.06036726
1927 12 27     0.05960221
1927 12 28     0.48927420
1927 12 29     3.17205478
1927 12 30     1.14594641
1927 12 31     0.48823935
1928  1  1     0.60092401
1928  1  2     0.48461619
1928  1  3     0.36719746
1928  1  4     0.33895729
1928  1  5     0.32161193
1928  1  6     0.31228342
1928  1  7     0.30441051
1928  1  8     0.30224084
1928  1  9     0.29983714
1928  1 10     0.28962977
1928  1 11     0.28552794
1928  1 12     0.29111588
1928  1 13     0.28585434
1928  1 14     0.28923421
1928  1 15     0.25330665
1928  1 16     0.23320311
1928  1 17     0.22313818
1928  1 18     0.21397270
1928  1 19     0.20678101
1928  1 20     0.20086368
1928  1 21     0.19504997
1928  1 22     0.44778818
1928  1 23     2.04977239
1928  1 24     0.95386385
1928  1 25     0.49201828
1928  1 26     0.43423688
1928  1 27     0.40279979
1928  1 28     0.38647364
1928  1 29     1.70747451
1928  1 30     1.06983873
1928  1 31     0.62169808
1928  2  1     0.59002730
1928  2  2     0.55820458
1928  2  3     2.79460921
1928  2  4     4.26517856
1928  2  5     1.84182951
1928  2  6     1.11525685
1928  2  7     0.97588711
1928  2  8     0.88145006
1928  2  9     0.80962217
1928  2 10     0.75644476
1928  2 11     0.71274677
1928  2 12     0.68620929
1928  2 13     0.65994518
1928  2 14     0.62814015
1928  2 15     0.59675384
1928  2 16     0.57323349
1928  2 17     0.56232312
1928  2 18     0.56809494
1928  2 19     0.57848449
1928  2 20     0.55594799
1928  2 21     0.51501147
1928  2 22     0.54094880
1928  2 23     0.63554244
1928  2 24     0.48211014
1928  2 25     0.84036934
1928  2 26     0.63139122
1928  2 27     0.52928047
1928  2 28     0.50298366
1928  2 29     0.46228975
1928  3  1     0.46089591
1928  3  2     0.57516257
1928  3  3     1.84414362
1928  3  4     1.17931755
1928  3  5     0.76240265
1928  3  6     0.73343548
1928  3  7     0.62728759
1928  3  8     1.63574638
1928  3  9     1.23488732
1928  3 10     0.99245985
1928  3 11     0.92208354
1928  3 12     0.92034829
1928  3 13     0.90776343
1928  3 14     0.97361742
1928  3 15     0.90315694
1928  3 16     0.91411981
1928  3 17     1.00351421
1928  3 18     1.15506092
1928  3 19     1.23632506
1928  3 20     1.26294942
1928  3 21     1.25394288
1928  3 22     1.65766451
1928  3 23     6.52769611
1928  3 24    10.10073153
1928  3 25    19.93288900
1928  3 26    12.87508075
1928  3 27    13.91514599
1928  3 28     7.20094168
1928  3 29     4.88649940
1928  3 30     4.33438915
1928  3 31     3.97414993
1928  4  1     4.98824928
1928  4  2     8.03097319
1928  4  3     4.75388363
1928  4  4     3.66701836
1928  4  5     3.53212575
1928  4  6     3.48645387
1928  4  7     3.45194585
1928  4  8     3.38897441
1928  4  9     3.23898851
1928  4 10     3.10057560
1928  4 11     3.08449486
1928  4 12     3.45397743
1928  4 13     3.08991400
1928  4 14     2.86521715
1928  4 15     2.84534613
1928  4 16     2.86291842
1928  4 17     2.60639725
1928  4 18     2.35635406
1928  4 19     2.22008536
1928  4 20     2.10909898
1928  4 21     2.06867919
1928  4 22     2.17473678
1928  4 23     2.23133562
1928  4 24     2.20436853
1928  4 25     1.95191882
1928  4 26     2.01456752
1928  4 27     2.19678205
1928  4 28     2.17123749
1928  4 29     2.18268303
1928  4 30     2.18608890
1928  5  1     2.12502301
1928  5  2     2.00833697
1928  5  3     2.02508542
1928  5  4     2.15485799
1928  5  5     2.27603844
1928  5  6     2.34732419
1928  5  7     2.26530802
1928  5  8     2.08313608
1928  5  9     1.85744781
1928  5 10     1.86278681
1928  5 11     1.95196785
1928  5 12     1.97562209
1928  5 13     1.90360445
1928  5 14     1.83446439
1928  5 15     1.77975575
1928  5 16     1.68311524
1928  5 17     1.61275127
1928  5 18     1.57911172
1928  5 19     1.58613140
1928  5 20     1.54794727
1928  5 21     1.50106265
1928  5 22     1.44224985
1928  5 23     1.39002156
1928  5 24     1.41909807
1928  5 25     1.27153362
1928  5 26     1.16394655
1928  5 27     1.11753648
1928  5 28     1.07038060
1928  5 29     1.02963649
1928  5 30     0.99418795
1928  5 31     0.96082182
1928  6  1     0.92864224
1928  6  2     0.89803309
1928  6  3     0.86875270
1928  6  4     0.84069806
1928  6  5     0.81374840
1928  6  6     0.78808541
1928  6  7     0.76382833
1928  6  8     0.74079704
1928  6  9     0.71834721
1928  6 10     0.73546691
1928  6 11     0.77849300
1928  6 12     0.69409827
1928  6 13     0.63751182
1928  6 14     0.61691438
1928  6 15     0.59854643
1928  6 16     0.58066821
1928  6 17     0.56311850
1928  6 18     0.56194567
1928  6 19     0.54022022
1928  6 20     0.51626317
1928  6 21     0.49923621
1928  6 22     0.48377346
1928  6 23     0.46879410
1928  6 24     0.45498117
1928  6 25     0.44180271
1928  6 26     0.42915618
1928  6 27     0.41694988
1928  6 28     0.40450375
1928  6 29     0.39227349
1928  6 30     0.38063014
1928  7  1     0.36916793
1928  7  2     0.35807980
1928  7  3     0.34750893
1928  7  4     0.33692343
1928  7  5     0.32667516
1928  7  6     0.31664585
1928  7  7     0.30684932
1928  7  8     0.29768403
1928  7  9     0.37271930
1928  7 10     0.31655676
1928  7 11     0.27199616
1928  7 12     0.26383275
1928  7 13     0.25591015
1928  7 14     0.24826705
1928  7 15     0.24096121
1928  7 16     0.23585392
1928  7 17     0.22824074
1928  7 18     0.22070065
1928  7 19     0.21386238
1928  7 20     0.20745040
1928  7 21     0.20132717
1928  7 22     0.19539176
1928  7 23     0.18963121
1928  7 24     0.18404072
1928  7 25     0.17861545
1928  7 26     0.17334945
1928  7 27     0.16823881
1928  7 28     0.16327965
1928  7 29     0.15846613
1928  7 30     0.15379465
1928  7 31     0.14926071
1928  8  1     0.14486050
1928  8  2     0.14059023
1928  8  3     0.13644585
1928  8  4     0.13242366
1928  8  5     0.12852023
1928  8  6     0.12473195
1928  8  7     0.12105522
1928  8  8     0.11748633
1928  8  9     0.11402279
1928  8 10     0.11066166
1928  8 11     0.10740004
1928  8 12     0.10423398
1928  8 13     0.10116108
1928  8 14     0.09817908
1928  8 15     0.09528500
1928  8 16     0.09247624
1928  8 17     0.08975027
1928  8 18     0.08710466
1928  8 19     0.08453703
1928  8 20     0.08204508
1928  8 21     0.07962660
1928  8 22     0.07727941
1928  8 23     0.07500140
1928  8 24     0.07279055
1928  8 25     0.07064486
1928  8 26     0.06856243
1928  8 27     0.06654138
1928  8 28     0.06457990
1928  8 29     0.06267625
1928  8 30     0.06082871
1928  8 31     0.05903563
1928  9  1     0.05729540
1928  9  2     0.05560648
1928  9  3     0.05396734
1928  9  4     0.05237652
1928  9  5     0.05083259
1928  9  6     0.04933417
1928  9  7     0.04787992
1928  9  8     0.04646854
1928  9  9     0.04509876
1928  9 10     0.04376936
1928  9 11     0.04247915
1928  9 12     0.04122697
1928  9 13     0.04001170
1928  9 14     0.03883226
1928  9 15     0.03768758
1928  9 16     0.03657664
1928  9 17     0.03549845
1928  9 18     0.03445205
1928  9 19     0.03343649
1928  9 20     0.03245086
1928  9 21     0.03149429
1928  9 22     0.03056592
1928  9 23     0.02966491
1928  9 24     0.02879046
1928  9 25     0.02794179
1928  9 26     0.02711814
1928  9 27     0.02631876
1928  9 28     0.02554295
1928  9 29     0.02479001
1928  9 30     0.02405926
1928 10  1     0.02335005
1928 10  2     0.02266175
1928 10  3     0.02199374
1928 10  4     0.02134542
1928 10  5     0.02071621
1928 10  6     0.02010555
1928 10  7     0.01951288
1928 10  8     0.01893769
1928 10  9     0.01837946
1928 10 10     0.01783768
1928 10 11     0.01792003
1928 10 12     0.01745062
1928 10 13     0.01949917
1928 10 14     0.01801111
1928 10 15     0.01977311
1928 10 16     0.01739658
1928 10 17     0.01446702
1928 10 18     0.01404052
1928 10 19     0.01362664
1928 10 20     0.01322496
1928 10 21     0.01283512
1928 10 22     0.01245677
1928 10 23     0.01208958
1928 10 24     0.01173321
1928 10 25     0.01138734
1928 10 26     0.01105167
1928 10 27     0.01072589
1928 10 28     0.01040972
1928 10 29     0.01102541
1928 10 30     0.02203549
1928 10 31     0.01305613
1928 11  1     0.00923561
1928 11  2     0.00896328
1928 11  3     0.25735068
1928 11  4     0.10115753
1928 11  5     0.01165951
1928 11  6     0.08094212
1928 11  7     0.04226796
1928 11  8     0.00944741
1928 11  9     0.00788082
1928 11 10     0.00713011
1928 11 11     0.00684727
1928 11 12     0.18166914
1928 11 13     0.58520671
1928 11 14     1.26989679
1928 11 15     0.48660491
1928 11 16     0.16559999
1928 11 17     0.08155190
1928 11 18     0.04339270
1928 11 19     0.01918093
1928 11 20     0.01142146
1928 11 21     0.01471479
1928 11 22     0.01207002
1928 11 23     0.00849515
1928 11 24     0.00790706
1928 11 25     0.00754962
1928 11 26     0.00731973
1928 11 27     0.00560373
1928 11 28     0.00433564
1928 11 29     0.00404663
1928 11 30     0.00398136
1928 12  1     0.00385415
1928 12  2     0.00371367
1928 12  3     0.23985288
1928 12  4     0.08094671
1928 12  5     0.00456614
1928 12  6     0.00385864
1928 12  7     0.00348275
1928 12  8     0.00326940
1928 12  9     0.04197410
1928 12 10     0.58233765
1928 12 11     0.22697905
1928 12 12     0.27388649
1928 12 13     0.22371617
1928 12 14     0.09448209
1928 12 15     0.04818013
1928 12 16     0.02479187
1928 12 17     0.01013257
1928 12 18     0.00468101
1928 12 19     0.00384691
1928 12 20     0.00450326
1928 12 21     0.00444074
1928 12 22     0.00497306
1928 12 23     0.00429819
1928 12 24     0.01023745
1928 12 25     0.99568578
1928 12 26     0.29899811
1928 12 27     0.05319099
1928 12 28     0.38424057
1928 12 29     0.13029411
1928 12 30     0.02738044
1928 12 31     0.01148075
1929  1  1     0.00386693
1929  1  2     0.00338409
1929  1  3     0.55150199
1929  1  4     0.16834828
1929  1  5     0.03937787
1929  1  6     0.01492647
1929  1  7     0.00552798
1929  1  8     0.00282604
1929  1  9     0.00228028
1929  1 10     0.00385057
1929  1 11     0.00656974
1929  1 12     0.00778118
1929  1 13     0.00741103
1929  1 14     0.00645073
1929  1 15     0.00410032
1929  1 16     0.02822762
1929  1 17     0.09045793
1929  1 18     0.21941750
1929  1 19     0.65735634
1929  1 20     0.84854509
1929  1 21     0.21678790
1929  1 22     0.15524119
1929  1 23     0.14964049
1929  1 24     0.07825445
1929  1 25     0.04005397
1929  1 26     0.03262659
1929  1 27     0.02959034
1929  1 28     0.03931943
1929  1 29     0.03959684
1929  1 30     0.05808642
1929  1 31     0.06194571
1929  2  1     0.45953734
1929  2  2     0.66283215
1929  2  3     0.67805576
1929  2  4     1.96991328
1929  2  5     0.85460234
1929  2  6     0.42696940
1929  2  7     0.34061131
1929  2  8     0.29459683
1929  2  9     0.25626998
1929  2 10     0.23767929
1929  2 11     0.22309425
1929  2 12     0.21148793
1929  2 13     0.20190238
1929  2 14     0.19265350
1929  2 15     0.18490703
1929  2 16     0.17877506
1929  2 17     0.17634327
1929  2 18     0.19414504
1929  2 19     0.16994408
1929  2 20     0.16951145
1929  2 21     0.17765170
1929  2 22     0.18245424
1929  2 23     0.17900060
1929  2 24     0.16177743
1929  2 25     0.15366720
1929  2 26     0.14831109
1929  2 27     0.15804266
1929  2 28     0.18502945
1929  3  1     0.21033507
1929  3  2     0.25023058
1929  3  3     0.30434527
1929  3  4     0.34789626
1929  3  5     0.34770306
1929  3  6     0.33129495
1929  3  7     0.28787860
1929  3  8     0.24587451
1929  3  9     0.44337399
1929  3 10     2.07251715
1929  3 11     2.46118400
1929  3 12     1.19484276
1929  3 13     0.67683942
1929  3 14     0.57591931
1929  3 15     0.50581045
1929  3 16     0.47013593
1929  3 17     0.47883514
1929  3 18     0.64543264
1929  3 19     0.74250683
1929  3 20     0.70406435
1929  3 21     0.70579685
1929  3 22     0.96994838
1929  3 23     1.27274565
1929  3 24     0.71509758
1929  3 25     0.57347822
1929  3 26     0.59864693
1929  3 27     0.91056972
1929  3 28     0.96061776
1929  3 29     0.87312361
1929  3 30     0.75140293
1929  3 31     0.77300665
1929  4  1     0.77541938
1929  4  2     0.81039182
1929  4  3     0.76184218
1929  4  4     2.89246397
1929  4  5     1.84974839
1929  4  6     1.10376084
1929  4  7     0.98647747
1929  4  8     1.13521332
1929  4  9     0.92532983
1929  4 10     0.82317759
1929  4 11     0.86192689
1929  4 12     0.92228830
1929  4 13     0.89021872
1929  4 14     1.00322420
1929  4 15     1.24940833
1929  4 16     1.47198089
1929  4 17     1.53068029
1929  4 18     1.36512240
1929  4 19     2.35190220
1929  4 20     1.86859812
1929  4 21     1.39941253
1929  4 22     1.53306408
1929  4 23     1.70157710
1929  4 24     1.98524969
1929  4 25     1.81169798
1929  4 26     1.74831606
1929  4 27     1.80158906
1929  4 28     1.73428193
1929  4 29     1.63323058
1929  4 30     1.76650452
1929  5  1     1.96964469
1929  5  2     2.09061957
1929  5  3     2.09524990
1929  5  4     1.93953895
1929  5  5     1.82423161
1929  5  6     1.77322402
1929  5  7     1.86819331
1929  5  8     2.07282224
1929  5  9     2.13778982
1929  5 10     2.05040660
1929  5 11     2.04149802
1929  5 12     1.94776331
1929  5 13     2.06618918
1929  5 14     2.24607530
1929  5 15     2.14628868
1929  5 16     2.11551628
1929  5 17     2.08596844
1929  5 18     2.00575827
1929  5 19     1.95510417
1929  5 20     1.93329738
1929  5 21     1.91825973
1929  5 22     1.95487348
1929  5 23     2.02044595
1929  5 24     1.94731183
1929  5 25     1.70063243
1929  5 26     1.45482346
1929  5 27     1.32716832
1929  5 28     1.28987369
1929  5 29     1.28115659
1929  5 30     1.26768792
1929  5 31     1.24318083
1929  6  1     1.11535012
1929  6  2     1.08723041
1929  6  3     1.10946148
1929  6  4     1.11163795
1929  6  5     1.02603355
1929  6  6     0.96076175
1929  6  7     1.08126277
1929  6  8     0.94615564
1929  6  9     1.38343709
1929  6 10     1.13817840
1929  6 11     0.90005444
1929  6 12     0.86434409
1929  6 13     0.82842773
1929  6 14     0.77838947
1929  6 15     1.81557424
1929  6 16     4.65422838
1929  6 17     3.08980327
1929  6 18     1.65561811
1929  6 19     1.38564479
1929  6 20     1.25721435
1929  6 21     1.14460935
1929  6 22     1.06633181
1929  6 23     1.00361528
1929  6 24     0.95143030
1929  6 25     0.90632412
1929  6 26     0.86621056
1929  6 27     0.82983387
1929  6 28     0.79632704
1929  6 29     0.76532085
1929  6 30     0.73661653
1929  7  1     0.70950785
1929  7  2     0.68404431
1929  7  3     0.65981849
1929  7  4     0.63704250
1929  7  5     0.61559037
1929  7  6     0.59509016
1929  7  7     0.57590761
1929  7  8     0.55749971
1929  7  9     0.53993503
1929  7 10     0.52307812
1929  7 11     0.50686075
1929  7 12     0.49130950
1929  7 13     0.47625869
1929  7 14     0.46165052
1929  7 15     0.44749667
1929  7 16     0.43383433
1929  7 17     0.42048898
1929  7 18     0.41079176
1929  7 19     0.39760258
1929  7 20     0.38410370
1929  7 21     0.37254174
1929  7 22     0.36130023
1929  7 23     0.35043255
1929  7 24     0.33985220
1929  7 25     0.32956277
1929  7 26     0.31973971
1929  7 27     0.31023755
1929  7 28     0.30104635
1929  7 29     0.29213872
1929  7 30     0.33117189
1929  7 31     0.29730376
1929  8  1     0.26748739
1929  8  2     0.25909810
1929  8  3     0.25144501
1929  8  4     0.24401980
1929  8  5     0.23681536
1929  8  6     0.22982493
1929  8  7     0.22304195
1929  8  8     0.21646010
1929  8  9     0.21007339
1929  8 10     0.20387566
1929  8 11     0.19786140
1929  8 12     0.19202510
1929  8 13     0.18636161
1929  8 14     0.18086540
1929  8 15     0.17553152
1929  8 16     0.17050792
1929  8 17     0.16550968
1929  8 18     0.16050961
1929  8 19     0.15572698
1929  8 20     0.15113387
1929  8 21     0.14667876
1929  8 22     0.14235565
1929  8 23     0.13815760
1929  8 24     0.13408488
1929  8 25     0.13013113
1929  8 26     0.12629429
1929  8 27     0.12257096
1929  8 28     0.11895700
1929  8 29     0.11545010
1929  8 30     0.11204642
1929  8 31     0.10874286
1929  9  1     0.10553713
1929  9  2     0.10242611
1929  9  3     0.09940683
1929  9  4     0.09647656
1929  9  5     0.09363269
1929  9  6     0.09087262
1929  9  7     0.08819391
1929  9  8     0.08559418
1929  9  9     0.08307107
1929  9 10     0.08062234
1929  9 11     0.07824580
1929  9 12     0.07593931
1929  9 13     0.07370080
1929  9 14     0.07152829
1929  9 15     0.06941981
1929  9 16     0.06737349
1929  9 17     0.06538748
1929  9 18     0.06346002
1929  9 19     0.06579976
1929  9 20     0.10135475
1929  9 21     0.08277208
1929  9 22     0.05854308
1929  9 23     0.05464226
1929  9 24     0.05303149
1929  9 25     0.05146826
1929  9 26     0.04995110
1929  9 27     0.04847866
1929  9 28     0.04704963
1929  9 29     0.04566273
1929  9 30     0.04431670
1929 10  1     0.04301036
1929 10  2     0.04174252
1929 10  3     0.04051205
1929 10  4     0.03931786
1929 10  5     0.03815887
1929 10  6     0.03703404
1929 10  7     0.05861059
1929 10  8     0.04580402
1929 10  9     0.03398698
1929 10 10     0.03285667
1929 10 11     0.03188813
1929 10 12     0.03094815
1929 10 13     0.03003587
1929 10 14     0.02915049
1929 10 15     0.02829121
1929 10 16     0.02745725
1929 10 17     0.02664788
1929 10 18     0.02586237
1929 10 19     0.02510001
1929 10 20     0.02436012
1929 10 21     0.02364205
1929 10 22     0.02294514
1929 10 23     0.02226877
1929 10 24     0.02161235
1929 10 25     0.02097527
1929 10 26     0.02035697
1929 10 27     0.01975690
1929 10 28     0.01917451
1929 10 29     0.01860929
1929 10 30     0.01806074
1929 10 31     0.01752835
1929 11  1     0.01701166
1929 11  2     0.01651020
1929 11  3     0.01602352
1929 11  4     0.01555119
1929 11  5     0.01509278
1929 11  6     0.01464788
1929 11  7     0.01421610
1929 11  8     0.01379704
1929 11  9     0.01339034
1929 11 10     0.01299562
1929 11 11     0.01261255
1929 11 12     0.01224076
1929 11 13     0.01187993
1929 11 14     0.01152974
1929 11 15     0.01118987
1929 11 16     0.01086002
1929 11 17     0.01053990
1929 11 18     0.01022921
1929 11 19     0.00992768
1929 11 20     0.00963503
1929 11 21     0.00935102
1929 11 22     0.00907537
1929 11 23     0.00880785
1929 11 24     0.00854822
1929 11 25     0.00829624
1929 11 26     0.00805168
1929 11 27     0.00781434
1929 11 28     0.00758399
1929 11 29     0.00736044
1929 11 30     0.00714347
1929 12  1     0.00693290
1929 12  2     0.00672853
1929 12  3     0.00653019
1929 12  4     0.00633770
1929 12  5     0.00615088
1929 12  6     0.00596957
1929 12  7     0.00579360
1929 12  8     0.12138526
1929 12  9     0.66851925
1929 12 10     1.94677763
1929 12 11     0.63119434
1929 12 12     0.72367297
1929 12 13     0.65048104
1929 12 14     0.23246182
1929 12 15     0.21255386
1929 12 16     0.51880141
1929 12 17     0.24307725
1929 12 18     0.10785885
1929 12 19     0.04746273
1929 12 20     0.03420536
1929 12 21     0.02901532
1929 12 22     0.02661208
1929 12 23     0.02478967
1929 12 24     0.02346413
1929 12 25     0.02236552
1929 12 26     0.02134076
1929 12 27     0.02057218
1929 12 28     0.02013882
1929 12 29     0.01952258
1929 12 30     0.01871171
1929 12 31     0.01780648
1930  1  1     0.01726844
1930  1  2     0.01682479
1930  1  3     0.01643401
1930  1  4     0.03086316
1930  1  5     0.93535820
1930  1  6     0.34470807
1930  1  7     0.67985469
1930  1  8     0.19568127
1930  1  9     0.20407191
1930  1 10     0.10884398
1930  1 11     0.07306133
1930  1 12     0.26265944
1930  1 13     0.18042344
1930  1 14     0.39292685
1930  1 15     0.18625901
1930  1 16     1.96632670
1930  1 17     0.73465465
1930  1 18     1.41545122
1930  1 19     0.62574757
1930  1 20     1.15048226
1930  1 21     0.58783589
1930  1 22     0.36964973
1930  1 23     0.36462074
1930  1 24     0.44114955
1930  1 25     0.38473105
1930  1 26     1.31646088
1930  1 27     0.72336548
1930  1 28     0.49789218
1930  1 29     0.49990907
1930  1 30     0.45218525
1930  1 31     0.56187269
1930  2  1     0.56847516
1930  2  2     0.56877110
1930  2  3     0.61772732
1930  2  4     0.68844891
1930  2  5     0.70875052
1930  2  6     0.69107319
1930  2  7     0.66795275
1930  2  8     0.62223820
1930  2  9     0.60172069
1930  2 10     0.60498157
1930  2 11     0.60668730
1930  2 12     0.61931339
1930  2 13     0.65042747
1930  2 14     0.69566845
1930  2 15     0.74373354
1930  2 16     0.76823071
1930  2 17     0.79865625
1930  2 18     0.78369621
1930  2 19     0.70544608
1930  2 20     3.37066207
1930  2 21     1.56650791
1930  2 22     4.37225826
1930  2 23     3.44288153
1930  2 24     1.78874062
1930  2 25     1.88069836
1930  2 26     1.46117399
1930  2 27     1.12675471
1930  2 28     1.12817096
1930  3  1     0.99185929
1930  3  2     0.96442146
1930  3  3     2.99052252
1930  3  4     5.77260902
1930  3  5     7.22336048
1930  3  6     3.56085861
1930  3  7     2.02892082
1930  3  8     1.70622573
1930  3  9     1.56589433
1930  3 10     1.55819136
1930  3 11     1.61749958
1930  3 12     1.50170186
1930  3 13     2.49234177
1930  3 14     4.36879018
1930  3 15     2.90144628
1930  3 16     2.19691630
1930  3 17     1.70648499
1930  3 18     1.60875081
1930  3 19     1.60722530
1930  3 20     1.66895265
1930  3 21     1.70190719
1930  3 22     1.73747712
1930  3 23     1.89981202
1930  3 24     2.26722499
1930  3 25     2.49195707
1930  3 26     2.63204016
1930  3 27     2.63116413
1930  3 28     2.61954559
1930  3 29     2.60209404
1930  3 30     2.39297213
1930  3 31     2.33818388
1930  4  1     2.08615947
1930  4  2     2.05922543
1930  4  3     2.07396047
1930  4  4     2.15371981
1930  4  5     2.55690389
1930  4  6     2.99937465
1930  4  7     3.03179709
1930  4  8     2.84443526
1930  4  9     2.57236436
1930  4 10     2.50472274
1930  4 11     2.60727831
1930  4 12     2.61414957
1930  4 13     6.59770494
1930  4 14     7.12223255
1930  4 15     3.89737882
1930  4 16     3.04512077
1930  4 17     3.08628261
1930  4 18     3.34758559
1930  4 19     3.62641594
1930  4 20     3.81626942
1930  4 21     3.90358402
1930  4 22     3.90719133
1930  4 23     4.01870119
1930  4 24     3.83129148
1930  4 25     3.29100686
1930  4 26     3.68673538
1930  4 27     3.07489937
1930  4 28     2.71662618
1930  4 29     2.64143390
1930  4 30     2.57767783
1930  5  1     2.71420770
1930  5  2     2.82053875
1930  5  3     4.15605450
1930  5  4     3.16368494
1930  5  5     2.49650573
1930  5  6     2.48517425
1930  5  7     2.70310965
1930  5  8     2.32924978
1930  5  9     2.15871125
1930  5 10     2.23934237
1930  5 11     2.47703584
1930  5 12     2.68733509
1930  5 13     2.74445133
1930  5 14     2.72695451
1930  5 15     2.44655561
1930  5 16     2.80799674
1930  5 17     2.96565278
1930  5 18     3.08099387
1930  5 19     3.36856726
1930  5 20     3.60798542
1930  5 21     3.07358215
1930  5 22     3.09369118
1930  5 23     3.49630219
1930  5 24     3.52542978
1930  5 25     3.50174392
1930  5 26     3.58528501
1930  5 27     3.69196899
1930  5 28     3.60491089
1930  5 29     3.17119367
1930  5 30     2.67709385
1930  5 31     2.39264332
1930  6  1     2.43814188
1930  6  2     2.47744922
1930  6  3     2.54934306
1930  6  4     2.74682057
1930  6  5     2.89807644
1930  6  6     3.06100411
1930  6  7     3.00070024
1930  6  8     2.83694246
1930  6  9     2.81369699
1930  6 10     2.85046300
1930  6 11     2.73477755
1930  6 12     2.56306807
1930  6 13     2.36504621
1930  6 14     2.19906831
1930  6 15     2.03513985
1930  6 16     1.85341851
1930  6 17     1.72699617
1930  6 18     1.65262578
1930  6 19     1.55488895
1930  6 20     1.46042165
1930  6 21     1.40808063
1930  6 22     1.34660504
1930  6 23     1.28911985
1930  6 24     1.24173799
1930  6 25     1.19721830
1930  6 26     1.15544572
1930  6 27     1.11588806
1930  6 28     1.07858806
1930  6 29     1.04257638
1930  6 30     1.00786502
1930  7  1     0.97627602
1930  7  2     0.94582810
1930  7  3     0.91602282
1930  7  4     0.88724511
1930  7  5     0.85972957
1930  7  6     0.83319583
1930  7  7     0.80751368
1930  7  8     0.78332913
1930  7  9     0.75995951
1930  7 10     0.73680010
1930  7 11     0.71425186
1930  7 12     0.69236758
1930  7 13     0.67127302
1930  7 14     0.65081874
1930  7 15     0.63126314
1930  7 16     0.61241612
1930  7 17     0.59432159
1930  7 18     0.57672788
1930  7 19     0.55985017
1930  7 20     0.54298939
1930  7 21     0.52797908
1930  7 22     0.51193915
1930  7 23     0.49613607
1930  7 24     0.48166945
1930  7 25     0.46737666
1930  7 26     0.45368180
1930  7 27     0.44057462
1930  7 28     0.42728842
1930  7 29     0.41448068
1930  7 30     0.40219424
1930  7 31     0.39031956
1930  8  1     0.37958993
1930  8  2     0.36799649
1930  8  3     0.35678480
1930  8  4     0.34626117
1930  8  5     0.33604872
1930  8  6     0.32613825
1930  8  7     0.31652086
1930  8  8     0.30718730
1930  8  9     0.29817434
1930  8 10     0.29768181
1930  8 11     0.28515487
1930  8 12     0.27277912
1930  8 13     0.26451830
1930  8 14     0.25669493
1930  8 15     0.24912744
1930  8 16     0.24178260
1930  8 17     0.23465436
1930  8 18     0.22773677
1930  8 19     0.22102314
1930  8 20     0.21450763
1930  8 21     0.20818373
1930  8 22     0.20204650
1930  8 23     0.19609051
1930  8 24     0.19030985
1930  8 25     0.19633664
1930  8 26     0.18248062
1930  8 27     0.17397117
1930  8 28     0.16884228
1930  8 29     0.16386591
1930  8 30     0.15903511
1930  8 31     0.15434677
1930  9  1     0.14979719
1930  9  2     0.14538160
1930  9  3     0.14109564
1930  9  4     0.13693622
1930  9  5     0.13289969
1930  9  6     0.12898213
1930  9  7     0.12518005
1930  9  8     0.12149005
1930  9  9     0.11790883
1930  9 10     0.13159763
1930  9 11     0.11946400
1930  9 12     0.10778639
1930  9 13     0.10460892
1930  9 14     0.10152531
1930  9 15     0.09853260
1930  9 16     0.09562810
1930  9 17     0.09280922
1930  9 18     0.09007344
1930  9 19     0.08741830
1930  9 20     0.08484142
1930  9 21     0.08234051
1930  9 22     0.07991331
1930  9 23     0.07755767
1930  9 24     0.11926703
1930  9 25     0.08886015
1930  9 26     0.07089960
1930  9 27     0.06880930
1930  9 28     0.06678097
1930  9 29     0.57821354
1930  9 30     0.54481853
1930 10  1     0.21545090
1930 10  2     0.15016959
1930 10  3     0.11657323
1930 10  4     0.08739152
1930 10  5     0.07288938
1930 10  6     0.06349222
1930 10  7     0.06028588
1930 10  8     0.06011370
1930 10  9     0.19113493
1930 10 10     0.13754852
1930 10 11     0.06852259
1930 10 12     0.20874757
1930 10 13     0.12900152
1930 10 14     0.06221996
1930 10 15     0.05849668
1930 10 16     0.05486491
1930 10 17     0.05236219
1930 10 18     0.05028166
1930 10 19     0.04841027
1930 10 20     0.04669067
1930 10 21     0.04508715
1930 10 22     0.04357672
1930 10 23     0.04214443
1930 10 24     0.04078021
1930 10 25     0.03947653
1930 10 26     0.03822715
1930 10 27     0.03702752
1930 10 28     0.03587409
1930 10 29     0.03476378
1930 10 30     0.03369410
1930 10 31     0.03266238
1930 11  1     0.03166669
1930 11  2     0.03070496
1930 11  3     0.02977583
1930 11  4     0.02887759
1930 11  5     0.02800873
1930 11  6     0.02716807
1930 11  7     0.02635423
1930 11  8     0.02556605
1930 11  9     0.02480295
1930 11 10     0.02406401
1930 11 11     0.02334746
1930 11 12     0.03136927
1930 11 13     1.14984953
1930 11 14     0.38047023
1930 11 15     0.12239688
1930 11 16     2.06938449
1930 11 17     1.39412322
1930 11 18     0.40973510
1930 11 19     0.18580418
1930 11 20     0.11074088
1930 11 21     0.07531129
1930 11 22     0.05311570
1930 11 23     0.04702767
1930 11 24     0.04632283
1930 11 25     0.04378282
1930 11 26     0.04143284
1930 11 27     0.17730438
1930 11 28     0.08692390
1930 11 29     0.04263318
1930 11 30     0.04257746
1930 12  1     0.04001089
1930 12  2     0.03746447
1930 12  3     0.03530212
1930 12  4     0.03425092
1930 12  5     0.03297766
1930 12  6     0.03169849
1930 12  7     0.03080443
1930 12  8     0.03069761
1930 12  9     0.02984939
1930 12 10     0.02901808
1930 12 11     0.02837357
1930 12 12     0.02714387
1930 12 13     0.05590558
1930 12 14     0.03534872
1930 12 15     0.02666471
1930 12 16     0.02629361
1930 12 17     0.02502027
1930 12 18     0.02410761
1930 12 19     0.02333850
1930 12 20     0.02265006
1930 12 21     0.02189397
1930 12 22     0.02118163
1930 12 23     0.02052932
1930 12 24     0.01990109
1930 12 25     0.01937808
1930 12 26     0.01875500
1930 12 27     0.01819132
1930 12 28     0.01757741
1930 12 29     0.01711033
1930 12 30     0.01665356
1930 12 31     0.03358016
1931  1  1     1.53074720
1931  1  2     4.44961906
1931  1  3     1.61433448
1931  1  4     0.66911638
1931  1  5     2.06747488
1931  1  6     1.14773500
1931  1  7     0.99474634
1931  1  8     0.68630867
1931  1  9     0.56158042
1931  1 10     0.50121020
1931  1 11     0.45760547
1931  1 12     0.43660951
1931  1 13     0.41322597
1931  1 14     0.39213314
1931  1 15     0.37632249
1931  1 16     0.39616083
1931  1 17     0.35926818
1931  1 18     0.34554739
1931  1 19     0.33596894
1931  1 20     0.33226691
1931  1 21     0.32274940
1931  1 22     0.32391899
1931  1 23     1.42188428
1931  1 24     1.97778704
1931  1 25     0.97835757
1931  1 26     0.66538559
1931  1 27     0.62781317
1931  1 28     0.59767932
1931  1 29     0.59136475
1931  1 30     0.56563901
1931  1 31     0.79676917
1931  2  1     0.69997945
1931  2  2     0.57952019
1931  2  3     0.56471918
1931  2  4     0.91451567
1931  2  5     0.75167457
1931  2  6     0.57162877
1931  2  7     0.54633407
1931  2  8     0.55597825
1931  2  9     0.56274381
1931  2 10     0.52342183
1931  2 11     1.71159007
1931  2 12     1.20083781
1931  2 13     0.83691359
1931  2 14     3.75984592
1931  2 15     1.86711730
1931  2 16     1.07843079
1931  2 17     0.95294542
1931  2 18     0.88138951
1931  2 19     1.76854517
1931  2 20     1.12225878
1931  2 21     0.89885210
1931  2 22     0.83656481
1931  2 23     0.78155638
1931  2 24     0.78182317
1931  2 25     0.74152719
1931  2 26     0.69431862
1931  2 27     0.80980489
1931  2 28     0.72579527
1931  3  1     0.73466926
1931  3  2     0.78439167
1931  3  3     0.85630536
1931  3  4     0.87511756
1931  3  5     0.78788159
1931  3  6     0.71675166
1931  3  7     0.69907277
1931  3  8     0.71324389
1931  3  9     0.76382944
1931  3 10     0.86675627
1931  3 11     1.92588983
1931  3 12     2.27034804
1931  3 13     1.35003884
1931  3 14     1.08510618
1931  3 15     1.08413772
1931  3 16     1.04634424
1931  3 17     1.08971706
1931  3 18     3.24321230
1931  3 19     2.15845000
1931  3 20     1.59631711
1931  3 21     1.62967852
1931  3 22     1.59335348
1931  3 23     1.45103839
1931  3 24     1.90144552
1931  3 25     1.46731509
1931  3 26     1.13927338
1931  3 27     1.05721322
1931  3 28     0.98382372
1931  3 29     0.92010429
1931  3 30     0.95317692
1931  3 31     1.13937197
1931  4  1     1.20717585
1931  4  2     1.09902974
1931  4  3     1.05088437
1931  4  4     1.12691733
1931  4  5     1.24264899
1931  4  6     1.34715177
1931  4  7     1.34683338
1931  4  8     1.28794270
1931  4  9     1.35405599
1931  4 10     1.43287462
1931  4 11     1.31121548
1931  4 12     1.16699705
1931  4 13     1.11628186
1931  4 14     1.14006826
1931  4 15     1.31159806
1931  4 16     1.54428032
1931  4 17     1.64669611
1931  4 18     1.67046860
1931  4 19     1.72046808
1931  4 20     1.91564560
1931  4 21     1.84589967
1931  4 22     1.96920036
1931  4 23     2.22737994
1931  4 24     1.41009194
1931  4 25     1.22166326
1931  4 26     1.83782899
1931  4 27     2.15074880
1931  4 28     1.87734876
1931  4 29     1.82738254
1931  4 30     1.83409956
1931  5  1     1.66352907
1931  5  2     1.60681407
1931  5  3     1.60702124
1931  5  4     1.61924694
1931  5  5     1.71050658
1931  5  6     1.76643366
1931  5  7     1.69945663
1931  5  8     1.68313093
1931  5  9     1.72288751
1931  5 10     1.79256990
1931  5 11     1.75796158
1931  5 12     1.66104387
1931  5 13     1.61853515
1931  5 14     1.88644888
1931  5 15     1.58876857
1931  5 16     1.31450418
1931  5 17     1.24650998
1931  5 18     1.21118910
1931  5 19     1.19613945
1931  5 20     1.12724774
1931  5 21     1.02205543
1931  5 22     0.95492392
1931  5 23     0.91525381
1931  5 24     0.92744136
1931  5 25     2.12450949
1931  5 26     1.49893680
1931  5 27     1.08608135
1931  5 28     1.07171499
1931  5 29     0.95061946
1931  5 30     0.92241233
1931  5 31     0.86249621
1931  6  1     0.80345898
1931  6  2     0.76921317
1931  6  3     0.73333454
1931  6  4     0.71315921
1931  6  5     0.75257377
1931  6  6     0.69615253
1931  6  7     0.63901410
1931  6  8     0.61961914
1931  6  9     0.61384811
1931  6 10     0.58344321
1931  6 11     0.55669098
1931  6 12     0.53960370
1931  6 13     0.52161144
1931  6 14     0.50475610
1931  6 15     0.74137342
1931  6 16     1.24335282
1931  6 17     0.78000131
1931  6 18     0.55217066
1931  6 19     0.52852368
1931  6 20     0.50018822
1931  6 21     0.47737492
1931  6 22     0.45776641
1931  6 23     0.44034813
1931  6 24     0.42441058
1931  6 25     0.41200878
1931  6 26     0.39713838
1931  6 27     0.38272123
1931  6 28     0.37036135
1931  6 29     0.35848758
1931  6 30     0.34695176
1931  7  1     0.33580042
1931  7  2     0.32511046
1931  7  3     0.31472547
1931  7  4     0.30468175
1931  7  5     0.29519379
1931  7  6     0.28621300
1931  7  7     0.27754825
1931  7  8     0.26917185
1931  7  9     0.26107202
1931  7 10     0.25323773
1931  7 11     0.24567000
1931  7 12     0.23834624
1931  7 13     0.23124958
1931  7 14     0.22437485
1931  7 15     0.21771187
1931  7 16     0.21125065
1931  7 17     0.20498272
1931  7 18     0.19890904
1931  7 19     0.19302223
1931  7 20     0.18731260
1931  7 21     0.18177412
1931  7 22     0.17640178
1931  7 23     0.17124165
1931  7 24     0.17229641
1931  7 25     0.16479221
1931  7 26     0.15646529
1931  7 27     0.15184634
1931  7 28     0.14736458
1931  7 29     0.14301591
1931  7 30     0.13879736
1931  7 31     0.13470108
1931  8  1     0.13072769
1931  8  2     0.12687150
1931  8  3     0.12370456
1931  8  4     0.12508963
1931  8  5     0.11931394
1931  8  6     0.11255349
1931  8  7     0.10923428
1931  8  8     0.10601338
1931  8  9     0.10288732
1931  8 10     0.10048411
1931  8 11     0.09726708
1931  8 12     0.12558141
1931  8 13     0.12031184
1931  8 14     0.09868235
1931  8 15     0.08601142
1931  8 16     0.08344181
1931  8 17     0.08098320
1931  8 18     0.07859570
1931  8 19     0.07627781
1931  8 20     0.07403000
1931  8 21     0.07184716
1931  8 22     0.06972819
1931  8 23     0.06767254
1931  8 24     0.06567772
1931  8 25     0.06374170
1931  8 26     0.06186276
1931  8 27     0.06003920
1931  8 28     0.05826939
1931  8 29     0.05655175
1931  8 30     0.05548712
1931  8 31     0.05359079
1931  9  1     0.05169671
1931  9  2     0.05017282
1931  9  3     0.04903072
1931  9  4     0.04799371
1931  9  5     0.04616961
1931  9  6     0.04451342
1931  9  7     0.04320127
1931  9  8     0.04193610
1931  9  9     0.04069670
1931  9 10     0.03949238
1931  9 11     0.03832824
1931  9 12     0.03719842
1931  9 13     0.03610190
1931  9 14     0.03503771
1931  9 15     0.03550475
1931  9 16     0.03389454
1931  9 17     0.03202969
1931  9 18     0.03128514
1931  9 19     0.03027661
1931  9 20     0.02927988
1931  9 21     0.04290170
1931  9 22     0.03918572
1931  9 23     0.09857284
1931  9 24     0.05845290
1931  9 25     0.05282966
1931  9 26     0.03718874
1931  9 27     0.02374728
1931  9 28     0.02304699
1931  9 29     0.02236762
1931  9 30     0.02170828
1931 10  1     0.02106837
1931 10  2     0.02044733
1931 10  3     0.01984459
1931 10  4     0.01925962
1931 10  5     0.01869190
1931 10  6     0.01814090
1931 10  7     0.01760616
1931 10  8     0.01708717
1931 10  9     0.01658348
1931 10 10     0.02489137
1931 10 11     0.02057149
1931 10 12     0.01515988
1931 10 13     0.01471290
1931 10 14     0.01427920
1931 10 15     0.01385828
1931 10 16     0.01344977
1931 10 17     0.01305331
1931 10 18     0.11041669
1931 10 19     0.05843071
1931 10 20     0.01411608
1931 10 21     0.01289675
1931 10 22     0.15993036
1931 10 23     0.39705645
1931 10 24     0.11220223
1931 10 25     0.18261232
1931 10 26     0.35560011
1931 10 27     0.14321130
1931 10 28     0.01995912
1931 10 29     0.02135551
1931 10 30     0.02065724
1931 10 31     0.02044819
1931 11  1     0.01911997
1931 11  2     0.01869623
1931 11  3     0.01903691
1931 11  4     0.01764233
1931 11  5     0.01699509
1931 11  6     0.01682895
1931 11  7     0.01524981
1931 11  8     0.01309675
1931 11  9     0.00841432
1931 11 10     0.23689204
1931 11 11     0.25147314
1931 11 12     0.07164804
1931 11 13     0.01473432
1931 11 14     0.98665407
1931 11 15     0.94972836
1931 11 16     0.30180975
1931 11 17     1.12656457
1931 11 18     0.54499198
1931 11 19     0.18815118
1931 11 20     0.16969481
1931 11 21     0.14181913
1931 11 22     0.07367401
1931 11 23     0.04359081
1931 11 24     0.02767338
1931 11 25     0.02526604
1931 11 26     0.19295303
1931 11 27     0.11245453
1931 11 28     0.05730178
1931 11 29     0.02827986
1931 11 30     0.02683274
1931 12  1     0.02238801
1931 12  2     0.02002034
1931 12  3     0.02156338
1931 12  4     0.02088209
1931 12  5     0.02057584
1931 12  6     0.01835213
1931 12  7     0.02017080
1931 12  8     0.02017238
1931 12  9     0.05033094
1931 12 10     0.05324362
1931 12 11     0.43172827
1931 12 12     0.17431496
1931 12 13     0.08076518
1931 12 14     0.10084994
1931 12 15     0.04527632
1931 12 16     0.02832120
1931 12 17     0.01648294
1931 12 18     0.01887237
1931 12 19     0.01931106
1931 12 20     0.02129963
1931 12 21     0.74793279
1931 12 22     0.64923762
1931 12 23     1.30556789
1931 12 24     4.38393262
1931 12 25     3.03266373
1931 12 26     1.05871763
1931 12 27     3.69430892
1931 12 28     6.05774932
1931 12 29     1.89498198
1931 12 30     0.95811603
1931 12 31     4.68073969
1932  1  1     1.96747341
1932  1  2     1.38691819
1932  1  3     0.88456966
1932  1  4     0.74872673
1932  1  5     0.66764045
1932  1  6     0.61098151
1932  1  7     0.58139856
1932  1  8     0.55231462
1932  1  9     0.53089482
1932  1 10     0.51873157
1932  1 11     0.51152570
1932  1 12     2.10834851
1932  1 13     2.19605718
1932  1 14     0.79342458
1932  1 15     1.58871278
1932  1 16     0.96157266
1932  1 17     0.58770544
1932  1 18     0.53503102
1932  1 19     1.56339945
1932  1 20     0.74131169
1932  1 21     0.60060839
1932  1 22     0.55764737
1932  1 23     0.53375796
1932  1 24     0.56518659
1932  1 25     0.52393914
1932  1 26     0.46100325
1932  1 27     0.80660162
1932  1 28     0.51221327
1932  1 29     0.68158127
1932  1 30     5.68198781
1932  1 31     9.93295809
1932  2  1     5.17298170
1932  2  2     1.82193542
1932  2  3     1.18131076
1932  2  4     0.99151483
1932  2  5     4.35529095
1932  2  6    12.38396052
1932  2  7     5.06361699
1932  2  8     5.33450169
1932  2  9     5.14702257
1932  2 10     2.92684260
1932  2 11     2.15346543
1932  2 12     1.91126087
1932  2 13     1.70725511
1932  2 14     1.57161266
1932  2 15     1.45833471
1932  2 16     1.37706474
1932  2 17     1.33898721
1932  2 18     1.29097055
1932  2 19     1.25879874
1932  2 20     1.25377123
1932  2 21     1.27680046
1932  2 22     1.33816951
1932  2 23     1.38951415
1932  2 24     1.38390896
1932  2 25     1.48004342
1932  2 26     1.59173749
1932  2 27     1.70475400
1932  2 28     1.70172086
1932  2 29     1.66530778
1932  3  1     1.59233146
1932  3  2     1.50488033
1932  3  3     1.46981207
1932  3  4     1.46772367
1932  3  5     1.58221017
1932  3  6     1.65916605
1932  3  7     1.68989151
1932  3  8     1.63133307
1932  3  9     1.63764192
1932  3 10     1.59610058
1932  3 11     1.61405885
1932  3 12     1.66812587
1932  3 13     1.74403414
1932  3 14     2.38369650
1932  3 15     2.15168524
1932  3 16     1.83694104
1932  3 17     1.84732720
1932  3 18     1.94514180
1932  3 19     3.12445487
1932  3 20     2.32679669
1932  3 21     1.90151124
1932  3 22     1.87244144
1932  3 23     2.06493259
1932  3 24     2.41973878
1932  3 25     2.23669053
1932  3 26     2.21933302
1932  3 27     2.37155829
1932  3 28     2.58099109
1932  3 29     2.49782289
1932  3 30     2.82278330
1932  3 31     3.16550603
1932  4  1     3.24096265
1932  4  2     2.85586022
1932  4  3     2.54136952
1932  4  4     2.56520998
1932  4  5     2.34396481
1932  4  6     2.30677570
1932  4  7     2.36152677
1932  4  8     2.58872534
1932  4  9     2.93479563
1932  4 10     3.31562873
1932  4 11     3.66311519
1932  4 12     3.84616620
1932  4 13     3.41301245
1932  4 14     3.28976214
1932  4 15     3.37067939
1932  4 16     3.24516623
1932  4 17     3.11479108
1932  4 18     3.37466053
1932  4 19     3.99656056
1932  4 20     3.34634894
1932  4 21     2.66972162
1932  4 22     2.44450844
1932  4 23     2.49392215
1932  4 24     3.28851400
1932  4 25     3.37309006
1932  4 26     3.28801752
1932  4 27     3.60489372
1932  4 28     3.02767408
1932  4 29     2.98507300
1932  4 30     3.26981421
1932  5  1     3.81546070
1932  5  2     3.69227951
1932  5  3     4.07492229
1932  5  4     3.71571010
1932  5  5     3.30336846
1932  5  6     3.50197062
1932  5  7     3.82817233
1932  5  8     4.29514087
1932  5  9     4.89165748
1932  5 10     5.58475200
1932  5 11     6.01827073
1932  5 12     6.40812628
1932  5 13     6.45919883
1932  5 14     6.11132501
1932  5 15     6.01612500
1932  5 16     6.27852555
1932  5 17     6.34879429
1932  5 18     5.87137108
1932  5 19     5.25748661
1932  5 20     5.11031506
1932  5 21     5.60564952
1932  5 22     4.62094471
1932  5 23     4.28347154
1932  5 24     4.65904587
1932  5 25     4.89512195
1932  5 26     4.97784494
1932  5 27     4.76208839
1932  5 28     4.01506992
1932  5 29     3.61395689
1932  5 30     3.30069036
1932  5 31     3.56222111
1932  6  1     3.85824664
1932  6  2     4.49649295
1932  6  3     4.85044013
1932  6  4     4.81451547
1932  6  5     4.53619842
1932  6  6     4.12437333
1932  6  7     4.13987252
1932  6  8     4.43053000
1932  6  9     4.56382324
1932  6 10     4.56227220
1932  6 11     4.39621743
1932  6 12     4.19540753
1932  6 13     3.94094558
1932  6 14     3.61351252
1932  6 15     3.30900775
1932  6 16     3.13373511
1932  6 17     3.04730321
1932  6 18     3.06203189
1932  6 19     2.99420133
1932  6 20     2.91026833
1932  6 21     2.80783632
1932  6 22     2.62974513
1932  6 23     2.43809038
1932  6 24     2.24806375
1932  6 25     2.07504122
1932  6 26     1.95925046
1932  6 27     1.87848760
1932  6 28     1.79752757
1932  6 29     1.72410454
1932  6 30     1.69460560
1932  7  1     1.64604173
1932  7  2     1.56218374
1932  7  3     1.49799877
1932  7  4     1.44840510
1932  7  5     1.40116526
1932  7  6     1.35590156
1932  7  7     1.31255657
1932  7  8     1.27126160
1932  7  9     1.23153844
1932  7 10     1.19498138
1932  7 11     1.15900557
1932  7 12     1.15792465
1932  7 13     1.19905188
1932  7 14     1.09589542
1932  7 15     1.02977141
1932  7 16     0.99810538
1932  7 17     0.96745471
1932  7 18     0.93796684
1932  7 19     0.90974754
1932  7 20     0.88153022
1932  7 21     0.85453658
1932  7 22     0.82880336
1932  7 23     0.80426151
1932  7 24     0.78044030
1932  7 25     0.75719666
1932  7 26     0.73437991
1932  7 27     0.71222619
1932  7 28     0.69110965
1932  7 29     0.67071126
1932  7 30     0.65099414
1932  7 31     0.63189865
1932  8  1     0.61275213
1932  8  2     0.59424956
1932  8  3     0.57638123
1932  8  4     0.55902359
1932  8  5     0.54213620
1932  8  6     0.52750744
1932  8  7     0.51148986
1932  8  8     0.49627409
1932  8  9     0.48252012
1932  8 10     0.46869198
1932  8 11     0.45464452
1932  8 12     0.44064425
1932  8 13     0.42736930
1932  8 14     0.41474141
1932  8 15     0.40264786
1932  8 16     0.39071326
1932  8 17     0.37885646
1932  8 18     0.36730403
1932  8 19     0.35633182
1932  8 20     0.34599332
1932  8 21     0.33565896
1932  8 22     0.32571871
1932  8 23     0.31611612
1932  8 24     0.30679651
1932  8 25     0.29775141
1932  8 26     0.28897424
1932  8 27     0.29258472
1932  8 28     0.27938377
1932  8 29     0.26488020
1932  8 30     0.25661165
1932  8 31     0.24887664
1932  9  1     0.24148311
1932  9  2     0.23436431
1932  9  3     0.22745583
1932  9  4     0.22075102
1932  9  5     0.21424365
1932  9  6     0.20792787
1932  9  7     0.20179885
1932  9  8     0.19585004
1932  9  9     0.19007668
1932  9 10     0.18447354
1932  9 11     0.17903555
1932  9 12     0.17375820
1932  9 13     0.16863647
1932  9 14     0.16366525
1932  9 15     0.15884048
1932  9 16     0.15415823
1932  9 17     0.14961402
1932  9 18     0.14520377
1932  9 19     0.14092353
1932  9 20     0.13676945
1932  9 21     0.13273783
1932  9 22     0.12882505
1932  9 23     0.12504131
1932  9 24     0.12135005
1932  9 25     0.11776524
1932  9 26     0.15046627
1932  9 27     0.13331881
1932  9 28     0.10949360
1932  9 29     0.11374455
1932  9 30     0.10662414
1932 10  1     0.09842736
1932 10  2     0.09551165
1932 10  3     0.09269620
1932 10  4     0.08996375
1932 10  5     0.08731184
1932 10  6     0.08473810
1932 10  7     0.08224024
1932 10  8     0.07989782
1932 10  9     0.07750937
1932 10 10     0.07517980
1932 10 11     0.07296368
1932 10 12     0.07081290
1932 10 13     0.06872551
1932 10 14     0.06669965
1932 10 15     0.06473351
1932 10 16     0.06282533
1932 10 17     0.06266538
1932 10 18     0.06014538
1932 10 19     0.05743171
1932 10 20     0.05573874
1932 10 21     0.05409570
1932 10 22     0.05250110
1932 10 23     0.05095349
1932 10 24     0.04945151
1932 10 25     0.04799380
1932 10 26     0.04657907
1932 10 27     0.04520603
1932 10 28     0.04387347
1932 10 29     0.04258019
1932 10 30     0.04132503
1932 10 31     0.04010687
1932 11  1     0.03892462
1932 11  2     0.09916973
1932 11  3     0.05700750
1932 11  4     0.03695735
1932 11  5     0.04032001
1932 11  6     0.03612785
1932 11  7     0.03253157
1932 11  8     0.03156920
1932 11  9     0.03063862
1932 11 10     0.02973547
1932 11 11     0.02885894
1932 11 12     0.02800825
1932 11 13     0.02718264
1932 11 14     0.02638136
1932 11 15     0.02560371
1932 11 16     0.02484897
1932 11 17     0.02411649
1932 11 18     0.02340559
1932 11 19     0.02271565
1932 11 20     0.02204605
1932 11 21     0.02139619
1932 11 22     0.02076548
1932 11 23     0.02015337
1932 11 24     0.01955930
1932 11 25     0.01898274
1932 11 26     0.01842317
1932 11 27     0.01788010
1932 11 28     0.01735304
1932 11 29     0.01703119
1932 11 30     0.58102220
1932 12  1     0.21198266
1932 12  2     0.04967120
1932 12  3     0.02223305
1932 12  4     0.01762216
1932 12  5     0.01623339
1932 12  6     0.01453538
1932 12  7     0.01344499
1932 12  8     0.01342049
1932 12  9     0.02057151
1932 12 10     0.05905854
1932 12 11     0.03151771
1932 12 12     0.01980245
1932 12 13     0.01441129
1932 12 14     0.01178836
1932 12 15     0.01493877
1932 12 16     0.01559628
1932 12 17     0.58294046
1932 12 18     0.16212904
1932 12 19     0.37281973
1932 12 20     0.12248797
1932 12 21     0.36479638
1932 12 22     0.11224837
1932 12 23     0.35245881
1932 12 24     0.11185570
1932 12 25     0.07000177
1932 12 26     0.03780588
1932 12 27     0.01921016
1932 12 28     0.01084218
1932 12 29     0.00913562
1932 12 30     0.01167611
1932 12 31     0.01109387
1933  1  1     0.01577440
1933  1  2     0.01408251
1933  1  3     0.02163651
1933  1  4     0.01926585
1933  1  5     0.01984309
1933  1  6     0.02142582
1933  1  7     0.02237455
1933  1  8     0.02551808
1933  1  9     0.02624383
1933  1 10     0.02088729
1933  1 11     0.02240371
1933  1 12     0.02281535
1933  1 13     0.02714508
1933  1 14     0.02153580
1933  1 15     0.01206193
1933  1 16     0.02021620
1933  1 17     0.05404062
1933  1 18     0.18062362
1933  1 19     1.65747276
1933  1 20     0.62225514
1933  1 21     0.34048101
1933  1 22     0.25537373
1933  1 23     0.89520230
1933  1 24     0.25649565
1933  1 25     0.76521410
1933  1 26     0.21414666
1933  1 27     1.04666550
1933  1 28     0.48401610
1933  1 29     1.04343605
1933  1 30     0.27868574
1933  1 31     0.14173014
1933  2  1     0.08267721
1933  2  2     0.03874163
1933  2  3     0.02760751
1933  2  4     0.02993520
1933  2  5     0.05664015
1933  2  6     0.03829412
1933  2  7     0.01780656
1933  2  8     0.01289950
1933  2  9     0.04622428
1933  2 10     0.03214567
1933  2 11     0.15550980
1933  2 12     0.78196263
1933  2 13     0.63131569
1933  2 14     0.19542013
1933  2 15     0.10163974
1933  2 16     0.67811762
1933  2 17     0.25111495
1933  2 18     0.11055166
1933  2 19     0.08039870
1933  2 20     0.09501987
1933  2 21     0.10752700
1933  2 22     0.12407388
1933  2 23     0.14640590
1933  2 24     0.07996920
1933  2 25     0.12951597
1933  2 26     0.14600858
1933  2 27     0.15036243
1933  2 28     0.17515622
1933  3  1     0.18933897
1933  3  2     0.18707149
1933  3  3     0.21095552
1933  3  4     0.18601390
1933  3  5     0.16887854
1933  3  6     0.19683722
1933  3  7     0.23361597
1933  3  8     0.21426017
1933  3  9     0.21821059
1933  3 10     0.23645126
1933  3 11     0.22825040
1933  3 12     2.19598457
1933  3 13     2.88653550
1933  3 14     1.16961213
1933  3 15     0.71074285
1933  3 16     2.61874468
1933  3 17     1.98305257
1933  3 18     1.17879260
1933  3 19     1.14309311
1933  3 20     1.14341799
1933  3 21     0.99787979
1933  3 22     0.84891234
1933  3 23     0.98920890
1933  3 24     0.83472433
1933  3 25     0.80853014
1933  3 26     1.27272769
1933  3 27     1.21774288
1933  3 28     2.86280661
1933  3 29     1.74744764
1933  3 30     1.42570887
1933  3 31     1.70128318
1933  4  1     1.92788200
1933  4  2     2.08380862
1933  4  3     2.18906515
1933  4  4     2.23094854
1933  4  5     2.17934603
1933  4  6     2.08480363
1933  4  7     1.91929024
1933  4  8     1.68739134
1933  4  9     1.53536030
1933  4 10     1.46372620
1933  4 11     1.56980023
1933  4 12     1.67799834
1933  4 13     1.86527096
1933  4 14     2.19662977
1933  4 15     2.41134960
1933  4 16     2.05735761
1933  4 17     1.71068724
1933  4 18     1.52981564
1933  4 19     1.45087662
1933  4 20     1.51129980
1933  4 21     1.87413888
1933  4 22     2.26790934
1933  4 23     2.69885137
1933  4 24     2.67570601
1933  4 25     2.20174161
1933  4 26     2.17187133
1933  4 27     2.59506375
1933  4 28     2.85358082
1933  4 29     2.88942015
1933  4 30     2.20301619
1933  5  1     2.09433460
1933  5  2     2.93283905
1933  5  3     2.06130841
1933  5  4     1.97896539
1933  5  5     1.97291259
1933  5  6     1.77786036
1933  5  7     4.88897180
1933  5  8     2.78308415
1933  5  9     2.19894598
1933  5 10     2.24635570
1933  5 11     2.24130636
1933  5 12     2.21985695
1933  5 13     2.35242611
1933  5 14     2.67704923
1933  5 15     3.04731501
1933  5 16     2.86221833
1933  5 17     2.89185813
1933  5 18     2.75258813
1933  5 19     2.44199355
1933  5 20     2.43717337
1933  5 21     3.62686211
1933  5 22     2.78767837
1933  5 23     2.60181375
1933  5 24     3.14559016
1933  5 25     3.48598069
1933  5 26     3.76511300
1933  5 27     4.25280319
1933  5 28     4.85082215
1933  5 29     5.38503747
1933  5 30     5.37518852
1933  5 31     4.85745338
1933  6  1     4.74234271
1933  6  2     4.61919064
1933  6  3     4.34165311
1933  6  4     4.08607130
1933  6  5     4.24163413
1933  6  6     4.61378323
1933  6  7     4.61289578
1933  6  8     4.70962873
1933  6  9     4.82719960
1933  6 10     4.88350466
1933  6 11     5.15292388
1933  6 12     5.40593965
1933  6 13     5.42362384
1933  6 14     5.13733219
1933  6 15     4.60511255
1933  6 16     4.22590275
1933  6 17     3.72187685
1933  6 18     3.22568150
1933  6 19     2.91866013
1933  6 20     2.77175270
1933  6 21     2.65833200
1933  6 22     2.51877388
1933  6 23     2.39251332
1933  6 24     2.27371704
1933  6 25     2.14253510
1933  6 26     2.04036731
1933  6 27     2.03630841
1933  6 28     1.91609709
1933  6 29     1.81230344
1933  6 30     1.74240201
1933  7  1     1.65960064
1933  7  2     1.58865062
1933  7  3     1.53045289
1933  7  4     1.47540957
1933  7  5     1.42358984
1933  7  6     1.37534677
1933  7  7     1.33405055
1933  7  8     1.28941218
1933  7  9     1.24627243
1933  7 10     1.20651791
1933  7 11     1.16771268
1933  7 12     1.13026407
1933  7 13     1.09484301
1933  7 14     1.06092122
1933  7 15     1.02890397
1933  7 16     0.99795033
1933  7 17     0.96783195
1933  7 18     0.93856697
1933  7 19     0.91014991
1933  7 20     0.88271789
1933  7 21     0.85667397
1933  7 22     0.83124748
1933  7 23     0.80659212
1933  7 24     0.78202792
1933  7 25     0.75809539
1933  7 26     0.73549680
1933  7 27     0.71373029
1933  7 28     0.69262278
1933  7 29     0.67215004
1933  7 30     0.65235246
1933  7 31     0.63336202
1933  8  1     0.61506191
1933  8  2     0.59701752
1933  8  3     0.57926458
1933  8  4     0.56211146
1933  8  5     0.54544477
1933  8  6     0.52895503
1933  8  7     0.51325546
1933  8  8     0.49811520
1933  8  9     0.48342130
1933  8 10     0.46916288
1933  8 11     0.45532521
1933  8 12     0.44189670
1933  8 13     0.42886534
1933  8 14     0.41621939
1933  8 15     0.40394594
1933  8 16     0.39205673
1933  8 17     0.38475080
1933  8 18     0.37544873
1933  8 19     0.36079944
1933  8 20     0.34780610
1933  8 21     0.33755191
1933  8 22     0.32760122
1933  8 23     0.32513858
1933  8 24     0.31495667
1933  8 25     0.30096306
1933  8 26     0.29064340
1933  8 27     0.28207604
1933  8 28     0.27376020
1933  8 29     0.26568971
1933  8 30     0.25785744
1933  8 31     0.25025622
1933  9  1     0.24288001
1933  9  2     0.23572050
1933  9  3     0.22877107
1933  9  4     0.22202741
1933  9  5     0.21548199
1933  9  6     0.20912955
1933  9  7     0.20296483
1933  9  8     0.19698207
1933  9  9     0.19117562
1933  9 10     0.18554013
1933  9 11     0.18007063
1933  9 12     0.17476250
1933  9 13     0.16961093
1933  9 14     0.16461123
1933  9 15     0.15975890
1933  9 16     0.15504960
1933  9 17     0.15047912
1933  9 18     0.14604337
1933  9 19     0.14173838
1933  9 20     0.13756028
1933  9 21     0.13350535
1933  9 22     0.12956994
1933  9 23     0.12575054
1933  9 24     0.12227451
1933  9 25     0.24702197
1933  9 26     0.16177358
1933  9 27     0.11282712
1933  9 28     0.10840778
1933  9 29     0.10508567
1933  9 30     0.10198800
1933 10  1     0.09926139
1933 10  2     0.09622485
1933 10  3     0.09323219
1933 10  4     0.09048394
1933 10  5     0.08781670
1933 10  6     0.08522808
1933 10  7     0.08271577
1933 10  8     0.08027751
1933 10  9     0.07791113
1933 10 10     0.07561450
1933 10 11     0.07338557
1933 10 12     0.07122235
1933 10 13     0.06912289
1933 10 14     0.06708532
1933 10 15     0.06510781
1933 10 16     0.06318860
1933 10 17     0.06132595
1933 10 18     0.05951822
1933 10 19     0.05776377
1933 10 20     0.05606104
1933 10 21     0.05440850
1933 10 22     0.05280467
1933 10 23     0.05124812
1933 10 24     0.04973745
1933 10 25     0.04827131
1933 10 26     0.04684840
1933 10 27     0.04546742
1933 10 28     0.04412716
1933 10 29     0.07612809
1933 10 30     2.84400150
1933 10 31     1.18529500
1933 11  1     0.29278769
1933 11  2     0.13766700
1933 11  3     0.08338990
1933 11  4     0.05333106
1933 11  5     0.04031263
1933 11  6     0.03698933
1933 11  7     0.03525652
1933 11  8     0.03405243
1933 11  9     0.03324110
1933 11 10     0.03226251
1933 11 11     0.03108368
1933 11 12     0.02944787
1933 11 13     0.02809695
1933 11 14     0.02710996
1933 11 15     0.02641651
1933 11 16     0.02571267
1933 11 17     0.02497158
1933 11 18     0.02420426
1933 11 19     0.02350099
1933 11 20     0.02275067
1933 11 21     0.02202021
1933 11 22     0.02130407
1933 11 23     0.02059377
1933 11 24     0.01995826
1933 11 25     0.01937597
1933 11 26     0.01883788
1933 11 27     0.01834820
1933 11 28     0.02051374
1933 11 29     0.01907138
1933 11 30     0.01752269
1933 12  1     0.01706231
1933 12  2     0.01683833
1933 12  3     0.83082060
1933 12  4     0.27192706
1933 12  5     0.09931140
1933 12  6     0.05372552
1933 12  7     0.02696005
1933 12  8     0.01697246
1933 12  9     0.01578883
1933 12 10     0.01611383
1933 12 11     0.01571988
1933 12 12     1.91077266
1933 12 13     2.58916031
1933 12 14     1.60804908
1933 12 15     1.01159865
1933 12 16     0.41417136
1933 12 17     0.28139393
1933 12 18     0.20050339
1933 12 19     0.15212182
1933 12 20     0.12625477
1933 12 21     0.11057345
1933 12 22     0.10262152
1933 12 23     0.10034265
1933 12 24     0.09879700
1933 12 25     0.09739231
1933 12 26     0.09702020
1933 12 27     0.09580286
1933 12 28     0.08941486
1933 12 29     0.95677908
1933 12 30     2.14996073
1933 12 31     1.14788688
1934  1  1     6.43327234
1934  1  2     3.32864049
1934  1  3     1.39570412
1934  1  4     1.09161900
1934  1  5     0.94049308
1934  1  6     0.83335670
1934  1  7     0.76265933
1934  1  8     0.70491513
1934  1  9     0.66646258
1934  1 10     0.63699867
1934  1 11     0.59631629
1934  1 12     0.58100000
1934  1 13     0.56256588
1934  1 14     0.53585044
1934  1 15     0.51601337
1934  1 16     0.51429955
1934  1 17     0.51169845
1934  1 18     0.50251373
1934  1 19     0.55349793
1934  1 20     0.64084493
1934  1 21     0.52069106
1934  1 22     0.51062478
1934  1 23     1.34218985
1934  1 24     1.11825948
1934  1 25     0.72181359
1934  1 26     0.64600481
1934  1 27     0.62112297
1934  1 28     0.60034263
1934  1 29     0.58259373
1934  1 30     0.56277694
1934  1 31     0.56486398
1934  2  1     0.55843006
1934  2  2     0.54126956
1934  2  3     0.53289225
1934  2  4     0.53370761
1934  2  5     0.52957248
1934  2  6     0.85352338
1934  2  7     0.92565574
1934  2  8     3.22213674
1934  2  9     1.69728568
1934  2 10     0.96023891
1934  2 11     0.83703177
1934  2 12     0.74359484
1934  2 13     0.69514754
1934  2 14     0.67438411
1934  2 15     1.05660778
1934  2 16     2.46713198
1934  2 17     1.27409945
1934  2 18     0.98729482
1934  2 19     4.00802790
1934  2 20     3.11299988
1934  2 21     1.69077145
1934  2 22     1.87006668
1934  2 23     5.47862539
1934  2 24     3.11213070
1934  2 25     1.90880468
1934  2 26     5.17230903
1934  2 27     3.18330684
1934  2 28     2.11470745
1934  3  1     1.97594436
1934  3  2     1.92954195
1934  3  3     1.89378947
1934  3  4     1.84775486
1934  3  5     1.85313851
1934  3  6     1.82722338
1934  3  7     1.77025198
1934  3  8     1.80406223
1934  3  9     1.80527714
1934  3 10     1.81899000
1934  3 11     1.89686286
1934  3 12     1.88252793
1934  3 13     1.91071633
1934  3 14     1.92054508
1934  3 15     1.91076996
1934  3 16     1.84698612
1934  3 17     1.78494550
1934  3 18     1.78713282
1934  3 19     1.75782176
1934  3 20     1.67164606
1934  3 21     1.56878726
1934  3 22     1.47537658
1934  3 23     1.53023794
1934  3 24     1.65445584
1934  3 25     1.55629589
1934  3 26     1.49381878
1934  3 27     1.46881714
1934  3 28     1.59957175
1934  3 29     2.23604984
1934  3 30     1.90334996
1934  3 31     1.59718092
1934  4  1     1.42338306
1934  4  2     1.26374743
1934  4  3     1.18240977
1934  4  4     1.11839247
1934  4  5     1.09036099
1934  4  6     1.09536031
1934  4  7     1.11712936
1934  4  8     1.11896819
1934  4  9     1.08695503
1934  4 10     1.07684792
1934  4 11     1.08039461
1934  4 12     1.07492898
1934  4 13     1.03956858
1934  4 14     0.99773403
1934  4 15     0.94819567
1934  4 16     0.90185235
1934  4 17     0.85693900
1934  4 18     0.81972395
1934  4 19     0.80049594
1934  4 20     0.77765898
1934  4 21     0.74561777
1934  4 22     0.70418253
1934  4 23     0.91410404
1934  4 24     0.81189750
1934  4 25     0.66778624
1934  4 26     0.62156680
1934  4 27     0.59927219
1934  4 28     0.57844718
1934  4 29     0.55864376
1934  4 30     0.54015272
1934  5  1     1.25827720
1934  5  2     0.92905452
1934  5  3     0.66573111
1934  5  4     0.58429705
1934  5  5     0.53903960
1934  5  6     0.51043015
1934  5  7     0.48944353
1934  5  8     0.47045055
1934  5  9     0.45335050
1934  5 10     0.43719220
1934  5 11     0.42188739
1934  5 12     0.40769272
1934  5 13     0.39449805
1934  5 14     0.38180781
1934  5 15     0.36968459
1934  5 16     0.35845341
1934  5 17     0.34748933
1934  5 18     0.33679928
1934  5 19     0.32637125
1934  5 20     0.31608329
1934  5 21     0.30577391
1934  5 22     0.29659012
1934  5 23     0.28798503
1934  5 24     0.27956143
1934  5 25     0.54285589
1934  5 26     0.95118227
1934  5 27     0.48278191
1934  5 28     0.28691195
1934  5 29     0.42997353
1934  5 30     0.33843110
1934  5 31     0.26342009
1934  6  1     0.25071524
1934  6  2     0.24013024
1934  6  3     0.23060423
1934  6  4     0.23442986
1934  6  5     0.37398486
1934  6  6     0.54098567
1934  6  7     0.65494628
1934  6  8     0.55340966
1934  6  9     0.38569382
1934  6 10     0.38690175
1934  6 11     0.32638433
1934  6 12     0.29558232
1934  6 13     0.28027325
1934  6 14     0.48847170
1934  6 15     0.39358573
1934  6 16     0.32626396
1934  6 17     0.29840772
1934  6 18     0.28636729
1934  6 19     0.26099570
1934  6 20     0.23963742
1934  6 21     0.23137018
1934  6 22     0.22033938
1934  6 23     0.21006488
1934  6 24     0.20221000
1934  6 25     0.19568147
1934  6 26     0.20329334
1934  6 27     0.18841623
1934  6 28     0.17485175
1934  6 29     0.16821246
1934  6 30     0.16212294
1934  7  1     0.15658963
1934  7  2     0.15137819
1934  7  3     0.14667401
1934  7  4     0.14232256
1934  7  5     0.13791805
1934  7  6     0.13374633
1934  7  7     0.12968692
1934  7  8     0.12570475
1934  7  9     0.12147608
1934  7 10     0.11756964
1934  7 11     0.11396932
1934  7 12     0.11053486
1934  7 13     0.10722360
1934  7 14     0.10401940
1934  7 15     0.10091622
1934  7 16     0.09790879
1934  7 17     0.09499633
1934  7 18     0.09217470
1934  7 19     0.08943930
1934  7 20     0.08678717
1934  7 21     0.08421547
1934  7 22     0.08172150
1934  7 23     0.07930270
1934  7 24     0.07695662
1934  7 25     0.07468090
1934  7 26     0.07247330
1934  7 27     0.07033167
1934  7 28     0.06825392
1934  7 29     0.06623808
1934  7 30     0.06428221
1934  7 31     0.06238448
1934  8  1     0.06054310
1934  8  2     0.05875634
1934  8  3     0.05702308
1934  8  4     0.05534060
1934  8  5     0.05370748
1934  8  6     0.05212400
1934  8  7     0.05058601
1934  8  8     0.04909358
1934  8  9     0.04764579
1934  8 10     0.04624070
1934  8 11     0.04487783
1934  8 12     0.04355417
1934  8 13     0.04226951
1934  8 14     0.04102367
1934  8 15     0.03981380
1934  8 16     0.03864053
1934  8 17     0.03750177
1934  8 18     0.03639581
1934  8 19     0.03532238
1934  8 20     0.03428165
1934  8 21     0.03550258
1934  8 22     0.03356061
1934  8 23     0.03137172
1934  8 24     0.03041318
1934  8 25     0.02968304
1934  8 26     0.07304031
1934  8 27     0.10833277
1934  8 28     0.05546868
1934  8 29     0.02620349
1934  8 30     0.02541531
1934  8 31     0.02466613
1934  9  1     0.02393904
1934  9  2     0.02323337
1934  9  3     0.02254851
1934  9  4     0.02188384
1934  9  5     0.02123876
1934  9  6     0.02061269
1934  9  7     0.02000508
1934  9  8     0.01941538
1934  9  9     0.01884306
1934  9 10     0.01828761
1934  9 11     0.01774854
1934  9 12     0.01722536
1934  9 13     0.01671760
1934  9 14     0.01622480
1934  9 15     0.01574654
1934  9 16     0.01528237
1934  9 17     0.01483188
1934  9 18     0.01439468
1934  9 19     0.01429388
1934  9 20     0.01372799
1934  9 21     0.01315888
1934  9 22     0.01278792
1934  9 23     0.65211660
1934  9 24     0.45122404
1934  9 25     0.13985049
1934  9 26     0.03474008
1934  9 27     0.03360567
1934  9 28     0.02824237
1934  9 29     0.01551319
1934  9 30     0.01017065
1934 10  1     0.00975607
1934 10  2     0.00946848
1934 10  3     0.00918937
1934 10  4     0.00891849
1934 10  5     0.00865560
1934 10  6     0.00877197
1934 10  7     0.17410668
1934 10  8     0.06310404
1934 10  9     0.00996401
1934 10 10     0.00792187
1934 10 11     0.00727804
1934 10 12     0.00701999
1934 10 13     0.00681306
1934 10 14     0.00662567
1934 10 15     0.00643976
1934 10 16     0.25333986
1934 10 17     0.69577819
1934 10 18     0.42369428
1934 10 19     0.15390058
1934 10 20     0.03732664
1934 10 21     0.02768954
1934 10 22     0.26885095
1934 10 23     0.11112576
1934 10 24     0.02489491
1934 10 25     0.01971209
1934 10 26     0.01639255
1934 10 27     0.01440633
1934 10 28     0.01317917
1934 10 29     0.01226296
1934 10 30     0.01152048
1934 10 31     0.65007827
1934 11  1     0.42635457
1934 11  2     0.18866247
1934 11  3     0.20417058
1934 11  4     0.11848157
1934 11  5     0.03070621
1934 11  6     0.02223563
1934 11  7     0.01954936
1934 11  8     0.01757564
1934 11  9     0.01631339
1934 11 10     0.01533047
1934 11 11     0.01450080
1934 11 12     0.01377988
1934 11 13     0.01313971
1934 11 14     0.01256206
1934 11 15     1.23479044
1934 11 16     0.71161322
1934 11 17     0.94485244
1934 11 18     1.19718655
1934 11 19     1.16961807
1934 11 20     0.53893488
1934 11 21     0.31413751
1934 11 22     0.72586587
1934 11 23     1.08109137
1934 11 24     0.56608970
1934 11 25     0.36752804
1934 11 26     0.32826952
1934 11 27     0.36691675
1934 11 28     0.30925907
1934 11 29     0.27911579
1934 11 30     0.27585585
1934 12  1     0.28194588
1934 12  2     0.25110190
1934 12  3     0.23676749
1934 12  4     0.22726938
1934 12  5     0.21772339
1934 12  6     0.20928057
1934 12  7     0.20175456
1934 12  8     0.19435285
1934 12  9     0.18747268
1934 12 10     0.18150118
1934 12 11     0.17697327
1934 12 12     0.17492504
1934 12 13     1.21671976
1934 12 14     2.22778017
1934 12 15     1.00896499
1934 12 16     0.55880208
1934 12 17     0.49508962
1934 12 18     0.42137408
1934 12 19     0.36580195
1934 12 20     0.33670576
1934 12 21     0.31639192
1934 12 22     0.29906180
1934 12 23     0.28443951
1934 12 24     0.27184087
1934 12 25     0.26040187
1934 12 26     0.24982569
1934 12 27     0.79002150
1934 12 28     0.58666400
1934 12 29     0.32682092
1934 12 30     0.67478692
1934 12 31     0.36262474
1935  1  1     0.26778325
1935  1  2     0.24506870
1935  1  3     0.22722241
1935  1  4     2.01018001
1935  1  5     3.27202023
1935  1  6     1.54743406
1935  1  7     0.82384775
1935  1  8     2.80584852
1935  1  9     2.68029036
1935  1 10     1.47131452
1935  1 11     1.29800930
1935  1 12     1.02493285
1935  1 13     0.87837167
1935  1 14     2.20186700
1935  1 15     2.57979905
1935  1 16     2.73837289
1935  1 17     2.35497519
1935  1 18     3.93149157
1935  1 19     2.41325732
1935  1 20     1.45114642
1935  1 21     1.21892602
1935  1 22     1.08576453
1935  1 23     1.00467996
1935  1 24     0.96192722
1935  1 25     0.91365169
1935  1 26     0.88335684
1935  1 27     0.87506740
1935  1 28     0.86233697
1935  1 29     0.85353637
1935  1 30     0.84752331
1935  1 31     0.84686466
1935  2  1     0.94462773
1935  2  2     0.92383539
1935  2  3     0.85166629
1935  2  4     1.28595272
1935  2  5     1.08494307
1935  2  6     3.12041440
1935  2  7     4.39914976
1935  2  8     2.29695634
1935  2  9     1.63640682
1935  2 10     1.44657645
1935  2 11     1.26600905
1935  2 12     1.20588460
1935  2 13     1.27514876
1935  2 14     1.38770997
1935  2 15     1.14127533
1935  2 16     1.07165777
1935  2 17     1.09456805
1935  2 18     1.16353396
1935  2 19     1.19980239
1935  2 20     1.23389205
1935  2 21     1.26853107
1935  2 22     1.13511366
1935  2 23     1.99674076
1935  2 24     1.11177250
1935  2 25     0.95720508
1935  2 26     0.88290121
1935  2 27     0.91167146
1935  2 28     0.95595022
1935  3  1     1.37290498
1935  3  2     1.19393505
1935  3  3     0.97908957
1935  3  4     1.70982707
1935  3  5     1.32043804
1935  3  6     1.07676453
1935  3  7     4.45505587
1935  3  8     3.82313941
1935  3  9     1.54440302
1935  3 10     1.15699937
1935  3 11     1.06559401
1935  3 12     1.15272999
1935  3 13     1.29812158
1935  3 14     1.65336634
1935  3 15     1.27317942
1935  3 16     1.14767781
1935  3 17     1.14147312
1935  3 18     1.07522716
1935  3 19     1.01082262
1935  3 20     1.03725730
1935  3 21     2.13083696
1935  3 22     3.03723210
1935  3 23     3.32353839
1935  3 24     1.72726904
1935  3 25     1.45522303
1935  3 26     1.44752539
1935  3 27     1.42989308
1935  3 28     1.60582317
1935  3 29     1.87107994
1935  3 30     1.93934615
1935  3 31     1.93591746
1935  4  1     2.31930697
1935  4  2     2.44707115
1935  4  3    11.53788669
1935  4  4    11.33061768
1935  4  5     6.11158485
1935  4  6     4.22167589
1935  4  7     9.42832356
1935  4  8    16.13749781
1935  4  9    10.60242203
1935  4 10     5.42420871
1935  4 11     4.46129270
1935  4 12     4.27451362
1935  4 13     4.23930419
1935  4 14     5.74313895
1935  4 15    20.39065697
1935  4 16    15.97696858
1935  4 17     8.32555258
1935  4 18     6.26774384
1935  4 19     6.15022202
1935  4 20     6.23772535
1935  4 21     6.09475737
1935  4 22     5.63189796
1935  4 23     5.54583277
1935  4 24     5.23144388
1935  4 25     5.15813878
1935  4 26     5.75594109
1935  4 27     5.95383087
1935  4 28     5.69040586
1935  4 29    10.13913238
1935  4 30     7.83380760
1935  5  1     5.21117842
1935  5  2     4.68572458
1935  5  3     4.49542091
1935  5  4     4.88005446
1935  5  5     5.29785420
1935  5  6     5.46880597
1935  5  7     5.51469807
1935  5  8     5.45747858
1935  5  9     5.55623881
1935  5 10     5.47388220
1935  5 11     5.08801024
1935  5 12     4.95682193
1935  5 13     4.91016853
1935  5 14     4.80647965
1935  5 15     4.69206497
1935  5 16     4.33600718
1935  5 17     4.08377597
1935  5 18     4.11107070
1935  5 19     4.37827048
1935  5 20     4.92577194
1935  5 21     5.60123234
1935  5 22     5.75345693
1935  5 23     5.92107380
1935  5 24     5.99529360
1935  5 25     5.80592063
1935  5 26     5.76130351
1935  5 27     5.46320044
1935  5 28     5.28731324
1935  5 29     4.84705343
1935  5 30     4.46133660
1935  5 31     4.48224080
1935  6  1     4.74818616
1935  6  2     5.20143189
1935  6  3     5.55903119
1935  6  4     5.71192786
1935  6  5     5.69065704
1935  6  6     5.56543310
1935  6  7     5.30734021
1935  6  8     5.00745278
1935  6  9     4.80071780
1935  6 10     4.49918526
1935  6 11     4.26989256
1935  6 12     3.93779044
1935  6 13     3.54057556
1935  6 14     3.27530765
1935  6 15     3.06525370
1935  6 16     2.89953203
1935  6 17     2.79709299
1935  6 18     2.71517123
1935  6 19     2.59299083
1935  6 20     2.44065876
1935  6 21     2.31064406
1935  6 22     2.21687761
1935  6 23     2.13361493
1935  6 24     2.05622626
1935  6 25     1.97825065
1935  6 26     1.88191777
1935  6 27     1.80008103
1935  6 28     1.73626086
1935  6 29     1.67610763
1935  6 30     1.61999698
1935  7  1     1.56708304
1935  7  2     1.64457053
1935  7  3     1.53000022
1935  7  4     1.42146637
1935  7  5     1.37615984
1935  7  6     1.33390412
1935  7  7     1.29278170
1935  7  8     1.25329639
1935  7  9     1.21470086
1935  7 10     1.17742885
1935  7 11     1.14093767
1935  7 12     1.10528266
1935  7 13     1.07668953
1935  7 14     1.05731497
1935  7 15     1.05853023
1935  7 16     1.00741640
1935  7 17     0.95371975
1935  7 18     0.92718210
1935  7 19     0.89903469
1935  7 20     0.87257007
1935  7 21     0.84739213
1935  7 22     0.82193769
1935  7 23     0.79702267
1935  7 24     0.77301949
1935  7 25     0.74985143
1935  7 26     0.72750167
1935  7 27     0.70587331
1935  7 28     0.68503902
1935  7 29     0.66453193
1935  7 30     0.64403214
1935  7 31     0.62501496
1935  8  1     0.60678587
1935  8  2     0.58870244
1935  8  3     0.57136035
1935  8  4     0.55474728
1935  8  5     0.53852285
1935  8  6     0.52256572
1935  8  7     0.50683221
1935  8  8     0.49129038
1935  8  9     0.47647142
1935  8 10     0.46236829
1935  8 11     0.44873258
1935  8 12     0.43549810
1935  8 13     0.42265569
1935  8 14     0.41019155
1935  8 15     0.39831068
1935  8 16     0.38675457
1935  8 17     0.37569156
1935  8 18     0.36429309
1935  8 19     0.35323626
1935  8 20     0.34276791
1935  8 21     0.33266241
1935  8 22     0.32285502
1935  8 23     0.31333728
1935  8 24     0.30409973
1935  8 25     0.30936705
1935  8 26     0.43673093
1935  8 27     0.37780791
1935  8 28     0.28924351
1935  8 29     0.26253174
1935  8 30     0.25412260
1935  8 31     0.24663126
1935  9  1     0.23936144
1935  9  2     0.23230518
1935  9  3     0.22545739
1935  9  4     0.21881110
1935  9  5     0.21236098
1935  9  6     0.20610088
1935  9  7     0.20002528
1935  9  8     0.19412900
1935  9  9     0.18840650
1935  9 10     0.18285269
1935  9 11     0.17746261
1935  9 12     0.17223142
1935  9 13     0.16715444
1935  9 14     0.16222714
1935  9 15     0.15744506
1935  9 16     0.15280394
1935  9 17     0.14829999
1935  9 18     0.14392831
1935  9 19     0.13968540
1935  9 20     0.13556782
1935  9 21     0.13157162
1935  9 22     0.12769322
1935  9 23     0.12392914
1935  9 24     0.12027602
1935  9 25     0.11673058
1935  9 26     0.11328965
1935  9 27     0.10995015
1935  9 28     0.10670910
1935  9 29     0.10356358
1935  9 30     0.10143554
1935 10  1     0.12095755
1935 10  2     0.67342655
1935 10  3     0.26012162
1935 10  4     0.10116998
1935 10  5     0.08930202
1935 10  6     0.08516512
1935 10  7     0.08191795
1935 10  8     0.07916065
1935 10  9     0.07678264
1935 10 10     0.07451928
1935 10 11     0.37274141
1935 10 12     0.23073411
1935 10 13     0.10805913
1935 10 14     0.37452035
1935 10 15     0.72986745
1935 10 16     0.22126856
1935 10 17     0.10517841
1935 10 18     0.08863449
1935 10 19     0.08730418
1935 10 20     0.07932550
1935 10 21     0.06895715
1935 10 22     0.06069159
1935 10 23     0.05705456
1935 10 24     0.05505587
1935 10 25     0.05431678
1935 10 26     0.05344281
1935 10 27     0.05185408
1935 10 28     0.04932117
1935 10 29     0.05216861
1935 10 30     0.04976863
1935 10 31     0.04646139
1935 11  1     0.13745858
1935 11  2     0.33452735
1935 11  3     0.10159843
1935 11  4     0.06088209
1935 11  5     0.04318634
1935 11  6     0.04293787
1935 11  7     0.05118426
1935 11  8     0.05799919
1935 11  9     0.05818905
1935 11 10     0.04680314
1935 11 11     0.04299606
1935 11 12     0.04216013
1935 11 13     0.03619545
1935 11 14     0.03262051
1935 11 15     0.03577960
1935 11 16     0.04321647
1935 11 17     0.57295074
1935 11 18     0.18205276
1935 11 19     0.06073821
1935 11 20     0.03793007
1935 11 21     0.03030536
1935 11 22     0.04098292
1935 11 23     0.03372959
1935 11 24     0.03061045
1935 11 25     0.02740696
1935 11 26     0.02441376
1935 11 27     0.02489340
1935 11 28     0.02486043
1935 11 29     0.02387800
1935 11 30     0.02361348
1935 12  1     0.02247139
1935 12  2     0.02156095
1935 12  3     0.02123353
1935 12  4     0.01997040
1935 12  5     0.01893359
1935 12  6     0.02181635
1935 12  7     0.02040955
1935 12  8     0.03647144
1935 12  9     0.02484753
1935 12 10     0.01639011
1935 12 11     0.01677286
1935 12 12     0.47255084
1935 12 13     0.12442869
1935 12 14     0.05177699
1935 12 15     0.03012493
1935 12 16     0.01780740
1935 12 17     0.01417091
1935 12 18     0.01326065
1935 12 19     0.01249752
1935 12 20     0.01202326
1935 12 21     0.01163724
1935 12 22     0.01133285
1935 12 23     0.01105836
1935 12 24     0.01061746
1935 12 25     0.01026000
1935 12 26     0.00998921
1935 12 27     0.23684332
1935 12 28     0.29745177
1935 12 29     0.51220126
1935 12 30     0.30575790
1935 12 31     0.11736170
1936  1  1     0.06293476
1936  1  2     0.73858921
1936  1  3     0.30623438
1936  1  4     0.72456768
1936  1  5     0.31011335
1936  1  6     0.11707702
1936  1  7     0.07047074
1936  1  8     0.37192137
1936  1  9     4.93097778
1936  1 10     5.49279560
1936  1 11     6.87446154
1936  1 12     3.14702830
1936  1 13     2.79947189
1936  1 14     6.64298394
1936  1 15     4.31262278
1936  1 16     7.57489702
1936  1 17     4.32962354
1936  1 18     2.69045703
1936  1 19     2.35861540
1936  1 20     2.11620802
1936  1 21     1.93766759
1936  1 22     1.80793026
1936  1 23     1.70481749
1936  1 24     1.61894626
1936  1 25     1.54772379
1936  1 26     1.47981887
1936  1 27     1.42665723
1936  1 28     1.42543093
1936  1 29     1.34011412
1936  1 30     1.26448866
1936  1 31     1.22000494
1936  2  1     6.39783503
1936  2  2     5.37329644
1936  2  3     2.44697403
1936  2  4     1.95926986
1936  2  5     1.72374268
1936  2  6     1.55407894
1936  2  7     1.42969462
1936  2  8     1.33869355
1936  2  9     1.27382457
1936  2 10     1.23213274
1936  2 11     9.92176390
1936  2 12    15.87332474
1936  2 13    16.48598025
1936  2 14    19.76457987
1936  2 15    11.41766871
1936  2 16    14.10635651
1936  2 17     7.87895513
1936  2 18     5.65355882
1936  2 19     6.83142048
1936  2 20     6.57795425
1936  2 21    10.14690764
1936  2 22    33.54530184
1936  2 23    27.58453731
1936  2 24    12.56386063
1936  2 25    13.79932842
1936  2 26     8.54155405
1936  2 27     6.75753807
1936  2 28     6.08948045
1936  2 29     5.62156032
1936  3  1     5.28257799
1936  3  2     5.15370908
1936  3  3     5.01528731
1936  3  4     4.81856061
1936  3  5     4.60691821
1936  3  6     4.45316260
1936  3  7     4.40677181
1936  3  8     4.39276671
1936  3  9     4.37284208
1936  3 10     4.18939389
1936  3 11     4.11542481
1936  3 12     4.11819727
1936  3 13     4.05910909
1936  3 14     3.99126140
1936  3 15     3.96847946
1936  3 16     3.98648265
1936  3 17     4.09621336
1936  3 18     3.98057877
1936  3 19     3.92325895
1936  3 20     4.24842475
1936  3 21     4.20822773
1936  3 22     3.60013062
1936  3 23     3.24403938
1936  3 24     3.30690244
1936  3 25     3.05342299
1936  3 26     2.87382132
1936  3 27     2.72236842
1936  3 28     3.12097333
1936  3 29     4.77569427
1936  3 30     7.80830023
1936  3 31     6.81644431
1936  4  1     4.38364744
1936  4  2     3.65319307
1936  4  3     5.54430080
1936  4  4     9.65467289
1936  4  5     4.82129071
1936  4  6     3.80873349
1936  4  7     3.75228473
1936  4  8     3.85298598
1936  4  9     4.23406115
1936  4 10     4.59181489
1936  4 11     4.76320117
1936  4 12     5.01266527
1936  4 13     4.96537010
1936  4 14     4.90411554
1936  4 15     5.00102445
1936  4 16     4.97565785
1936  4 17     4.77764821
1936  4 18     4.67675574
1936  4 19     4.47138800
1936  4 20     4.56486910
1936  4 21     4.98930770
1936  4 22     5.28130747
1936  4 23     4.71557919
1936  4 24     4.33244098
1936  4 25     4.35283817
1936  4 26     4.21134247
1936  4 27     4.20957313
1936  4 28     3.96077692
1936  4 29     3.55180120
1936  4 30     3.32395989
1936  5  1     3.75580810
1936  5  2     4.37120813
1936  5  3     4.65961350
1936  5  4     4.71296025
1936  5  5     4.53214489
1936  5  6     3.70526503
1936  5  7     3.67691803
1936  5  8     4.08218171
1936  5  9     4.51077402
1936  5 10     5.17212046
1936  5 11     5.40803448
1936  5 12     5.31866452
1936  5 13     5.10380108
1936  5 14     4.88576321
1936  5 15     4.63012975
1936  5 16     4.41838534
1936  5 17     4.56850419
1936  5 18     4.56938270
1936  5 19     3.97578828
1936  5 20     3.39462822
1936  5 21     3.44502764
1936  5 22     3.94018548
1936  5 23     4.32507113
1936  5 24     4.69635274
1936  5 25     4.75036036
1936  5 26     4.37606586
1936  5 27     3.88424658
1936  5 28     3.80328171
1936  5 29     3.01936393
1936  5 30     2.84555430
1936  5 31     2.77619601
1936  6  1     2.51918532
1936  6  2     2.42335428
1936  6  3     3.54441719
1936  6  4     3.15188100
1936  6  5     2.71349242
1936  6  6     3.44021690
1936  6  7     6.67862154
1936  6  8     4.69429679
1936  6  9     3.49709563
1936  6 10     3.47960936
1936  6 11     3.44928487
1936  6 12     3.25829363
1936  6 13     2.97216803
1936  6 14     2.76643967
1936  6 15     2.54993211
1936  6 16     2.38282275
1936  6 17     2.29846349
1936  6 18     2.25957935
1936  6 19     2.19230458
1936  6 20     2.12634684
1936  6 21     2.03275899
1936  6 22     1.93449051
1936  6 23     1.87497270
1936  6 24     1.88018572
1936  6 25     1.79341990
1936  6 26     1.69552584
1936  6 27     1.61154092
1936  6 28     1.52698936
1936  6 29     1.46699043
1936  6 30     1.42412239
1936  7  1     1.35637616
1936  7  2     1.28585357
1936  7  3     1.23408874
1936  7  4     1.19019437
1936  7  5     1.14947402
1936  7  6     1.11472822
1936  7  7     1.08449662
1936  7  8     1.06499312
1936  7  9     1.03904897
1936  7 10     1.11548277
1936  7 11     1.00036617
1936  7 12     0.92793524
1936  7 13     0.89506885
1936  7 14     0.86730320
1936  7 15     0.84067729
1936  7 16     0.81534465
1936  7 17     0.79078200
1936  7 18     0.76660862
1936  7 19     0.74316872
1936  7 20     0.74414789
1936  7 21     0.75175248
1936  7 22     0.69908131
1936  7 23     0.66120889
1936  7 24     0.64169181
1936  7 25     0.62275292
1936  7 26     0.60457434
1936  7 27     0.58660497
1936  7 28     0.56909937
1936  7 29     0.55252906
1936  7 30     0.53554281
1936  7 31     0.51920625
1936  8  1     0.50351343
1936  8  2     0.48858577
1936  8  3     0.47406837
1936  8  4     0.45992502
1936  8  5     0.44617097
1936  8  6     0.43278303
1936  8  7     0.41988553
1936  8  8     0.40718756
1936  8  9     0.41872570
1936  8 10     0.41641083
1936  8 11     0.39552677
1936  8 12     0.37501756
1936  8 13     0.35493630
1936  8 14     0.34293954
1936  8 15     0.33285858
1936  8 16     0.32293149
1936  8 17     0.31324381
1936  8 18     0.30428045
1936  8 19     0.29542777
1936  8 20     0.28671355
1936  8 21     0.27842191
1936  8 22     0.27031009
1936  8 23     0.26208741
1936  8 24     0.25393671
1936  8 25     0.24619622
1936  8 26     0.23901925
1936  8 27     0.23176554
1936  8 28     0.22470688
1936  8 29     0.21809594
1936  8 30     0.21163361
1936  8 31     0.20535179
1936  9  1     0.19931621
1936  9  2     0.19350696
1936  9  3     0.21767949
1936  9  4     0.24528916
1936  9  5     0.21175736
1936  9  6     0.17607811
1936  9  7     0.16652006
1936  9  8     0.16160894
1936  9  9     0.15684313
1936  9 10     0.15221819
1936  9 11     0.14772978
1936  9 12     0.14362419
1936  9 13     0.14021760
1936  9 14     0.13620486
1936  9 15     0.13170029
1936  9 16     0.12730065
1936  9 17     0.12344839
1936  9 18     0.11980898
1936  9 19     0.11627691
1936  9 20     0.11284901
1936  9 21     0.10952221
1936  9 22     0.10629352
1936  9 23     0.10316004
1936  9 24     0.10011895
1936  9 25     0.09716754
1936  9 26     0.09430314
1936  9 27     0.09152321
1936  9 28     0.08882523
1936  9 29     0.08620680
1936  9 30     0.08366557
1936 10  1     0.08126578
1936 10  2     0.09843457
1936 10  3     0.08892682
1936 10  4     0.07561874
1936 10  5     0.07203999
1936 10  6     0.06991637
1936 10  7     0.06785539
1936 10  8     0.06585516
1936 10  9     0.06391389
1936 10 10     0.06203024
1936 10 11     0.06020156
1936 10 12     0.05842667
1936 10 13     0.05670440
1936 10 14     0.05503290
1936 10 15     0.05341066
1936 10 16     0.05183625
1936 10 17     0.06363449
1936 10 18     0.12119950
1936 10 19     0.25489526
1936 10 20     0.11414656
1936 10 21     0.04753351
1936 10 22     0.04426019
1936 10 23     0.04233616
1936 10 24     0.04083400
1936 10 25     0.03959898
1936 10 26     0.03843170
1936 10 27     0.03729883
1936 10 28     0.03619935
1936 10 29     0.03513228
1936 10 30     0.04553717
1936 10 31     0.60028174
1936 11  1     0.24593466
1936 11  2     0.09951571
1936 11  3     0.04541522
1936 11  4     0.04316588
1936 11  5     0.03963984
1936 11  6     0.03335438
1936 11  7     0.02905888
1936 11  8     0.02745224
1936 11  9     0.02886592
1936 11 10     0.02905952
1936 11 11     0.02940747
1936 11 12     0.02726445
1936 11 13     0.02570361
1936 11 14     0.02541216
1936 11 15     0.02473473
1936 11 16     0.02351064
1936 11 17     0.02157340
1936 11 18     0.02061062
1936 11 19     0.02019929
1936 11 20     0.01956160
1936 11 21     0.01894877
1936 11 22     0.01835921
1936 11 23     0.01779147
1936 11 24     0.01724428
1936 11 25     0.01673389
1936 11 26     0.01621136
1936 11 27     0.01572683
1936 11 28     0.01534505
1936 11 29     0.01499494
1936 11 30     0.01465268
1936 12  1     0.01426012
1936 12  2     0.01390104
1936 12  3     0.01369794
1936 12  4     0.01407309
1936 12  5     0.01317186
1936 12  6     0.01256711
1936 12  7     0.01205001
1936 12  8     0.01178017
1936 12  9     0.01134004
1936 12 10     0.01101698
1936 12 11     0.01063165
1936 12 12     0.01022870
1936 12 13     0.01005327
1936 12 14     0.00999094
1936 12 15     1.56423925
1936 12 16     1.45009872
1936 12 17     0.42087946
1936 12 18     0.13823399
1936 12 19     0.09278430
1936 12 20     0.06312028
1936 12 21     0.06123169
1936 12 22     0.05519211
1936 12 23     0.04151852
1936 12 24     0.08457989
1936 12 25     0.20158359
1936 12 26     0.55449035
1936 12 27     1.25195617
1936 12 28     0.89425289
1936 12 29     0.27831627
1936 12 30     0.35686438
1936 12 31     0.47590757
1937  1  1     0.16879166
1937  1  2     0.10229727
1937  1  3     0.06650160
1937  1  4     0.04536668
1937  1  5     0.60354548
1937  1  6     0.21071431
1937  1  7     0.09700942
1937  1  8     0.06438238
1937  1  9     0.04248645
1937  1 10     0.02739854
1937  1 11     0.02448602
1937  1 12     0.11407252
1937  1 13     0.03798059
1937  1 14     0.24940331
1937  1 15     0.14700081
1937  1 16     0.23877974
1937  1 17     0.07166373
1937  1 18     0.18514978
1937  1 19     0.18701149
1937  1 20     0.06441341
1937  1 21     0.04612715
1937  1 22     0.02924905
1937  1 23     0.01986343
1937  1 24     0.09429220
1937  1 25     0.02833510
1937  1 26     0.05210988
1937  1 27     0.31995477
1937  1 28     1.38481003
1937  1 29     1.03626997
1937  1 30     2.25012455
1937  1 31     0.63249182
1937  2  1     0.27545930
1937  2  2     1.42882945
1937  2  3     0.49881405
1937  2  4     1.56454873
1937  2  5     5.13904741
1937  2  6    13.08211872
1937  2  7     3.68854575
1937  2  8     1.46957386
1937  2  9     1.02784477
1937  2 10     0.77308356
1937  2 11     0.97934999
1937  2 12     2.10167390
1937  2 13     4.96893179
1937  2 14    11.96366157
1937  2 15     4.27586227
1937  2 16     2.03987430
1937  2 17     1.68531906
1937  2 18     1.54939541
1937  2 19     1.29891699
1937  2 20     1.15491416
1937  2 21     1.12958666
1937  2 22     1.13553215
1937  2 23     1.12039405
1937  2 24     2.54805332
1937  2 25     6.22836342
1937  2 26     2.37859941
1937  2 27     1.63635414
1937  2 28     1.48875479
1937  3  1     1.42691696
1937  3  2     1.37282148
1937  3  3     1.36815795
1937  3  4     1.44559511
1937  3  5     1.49325766
1937  3  6     1.48145990
1937  3  7     1.52021311
1937  3  8     1.55925570
1937  3  9     1.54425570
1937  3 10     1.59896284
1937  3 11     1.66567728
1937  3 12     4.50728114
1937  3 13     7.16692284
1937  3 14     3.13430235
1937  3 15     2.43636451
1937  3 16     2.46720557
1937  3 17     3.65830929
1937  3 18     5.33571589
1937  3 19     3.38624686
1937  3 20     5.13121978
1937  3 21     4.86229371
1937  3 22    11.82499815
1937  3 23     7.54314904
1937  3 24    15.83384408
1937  3 25     6.82652415
1937  3 26     4.15034426
1937  3 27     6.43689595
1937  3 28     4.44857609
1937  3 29     3.81841175
1937  3 30     3.49183361
1937  3 31     3.35845472
1937  4  1     3.28463207
1937  4  2     4.41498780
1937  4  3     3.73302742
1937  4  4     3.12763150
1937  4  5     3.03902600
1937  4  6     5.83713122
1937  4  7     3.63750412
1937  4  8     3.24451523
1937  4  9     3.69209161
1937  4 10     3.30086198
1937  4 11     2.92454646
1937  4 12     3.09889286
1937  4 13     3.54121560
1937  4 14     4.02384625
1937  4 15     3.96668819
1937  4 16     3.33967494
1937  4 17     3.16547012
1937  4 18     3.27413234
1937  4 19     3.39423694
1937  4 20     4.10996033
1937  4 21     4.17783950
1937  4 22     3.45685027
1937  4 23     3.29328730
1937  4 24     3.67821680
1937  4 25     3.93063716
1937  4 26     3.83974348
1937  4 27     4.58012611
1937  4 28     3.84862845
1937  4 29     3.17749404
1937  4 30     3.36208928
1937  5  1     3.83319498
1937  5  2     4.49919610
1937  5  3     4.86754364
1937  5  4     5.38593655
1937  5  5     5.76583351
1937  5  6     5.86619268
1937  5  7     5.58404768
1937  5  8     5.54406161
1937  5  9     5.19573873
1937  5 10     4.94271074
1937  5 11     5.78136958
1937  5 12     6.73216022
1937  5 13     7.23044538
1937  5 14     7.48783061
1937  5 15     7.42887433
1937  5 16     7.39556864
1937  5 17     6.93738381
1937  5 18     6.21688218
1937  5 19     5.56770081
1937  5 20     5.80652083
1937  5 21     6.67270647
1937  5 22     6.89522925
1937  5 23     7.49991007
1937  5 24     7.23706858
1937  5 25     6.39632589
1937  5 26     6.50510990
1937  5 27     7.03045666
1937  5 28     7.12751861
1937  5 29     6.69192841
1937  5 30     5.58954899
1937  5 31     5.36769992
1937  6  1     5.84911316
1937  6  2     6.46971588
1937  6  3     6.79114764
1937  6  4     6.78188133
1937  6  5     6.41393124
1937  6  6     5.80631562
1937  6  7     5.33778486
1937  6  8     4.93483264
1937  6  9     4.77599877
1937  6 10     4.62593165
1937  6 11     4.35312819
1937  6 12     4.17644174
1937  6 13     4.21932335
1937  6 14     4.24343074
1937  6 15     4.21814952
1937  6 16     5.32347101
1937  6 17     4.52662404
1937  6 18     3.80481017
1937  6 19     3.68401275
1937  6 20     3.52560200
1937  6 21     3.25942803
1937  6 22     3.00073133
1937  6 23     2.79787959
1937  6 24     2.64985642
1937  6 25     2.55561858
1937  6 26     2.48950324
1937  6 27     2.37671341
1937  6 28     2.22264308
1937  6 29     2.11960430
1937  6 30     2.02550777
1937  7  1     1.94398457
1937  7  2     1.87532674
1937  7  3     1.81061786
1937  7  4     1.75180326
1937  7  5     1.69461516
1937  7  6     1.63924625
1937  7  7     1.58676397
1937  7  8     1.57143170
1937  7  9     1.50499479
1937  7 10     1.44450658
1937  7 11     1.41046991
1937  7 12     1.39534611
1937  7 13     1.35529744
1937  7 14     1.28585130
1937  7 15     1.23537505
1937  7 16     1.19823170
1937  7 17     1.16236077
1937  7 18     1.12738047
1937  7 19     1.09295871
1937  7 20     1.05976839
1937  7 21     1.02797775
1937  7 22     0.99821806
1937  7 23     1.06527162
1937  7 24     1.01509278
1937  7 25     0.92767355
1937  7 26     0.88437585
1937  7 27     0.85799013
1937  7 28     0.83265642
1937  7 29     0.80801474
1937  7 30     0.78455542
1937  7 31     0.76177210
1937  8  1     0.73973137
1937  8  2     0.71743699
1937  8  3     0.69557651
1937  8  4     0.67462941
1937  8  5     0.65459772
1937  8  6     0.63499830
1937  8  7     0.61627454
1937  8  8     0.59820942
1937  8  9     0.58056594
1937  8 10     0.56326546
1937  8 11     0.54589305
1937  8 12     0.52961714
1937  8 13     0.51400030
1937  8 14     0.49884361
1937  8 15     0.48418807
1937  8 16     0.46987355
1937  8 17     0.45600712
1937  8 18     0.44256334
1937  8 19     0.42951548
1937  8 20     0.41685270
1937  8 21     0.40456350
1937  8 22     0.39263587
1937  8 23     0.38130125
1937  8 24     0.36988845
1937  8 25     0.35892639
1937  8 26     0.34834414
1937  8 27     0.33807475
1937  8 28     0.32810859
1937  8 29     0.31856504
1937  8 30     0.30921134
1937  8 31     0.30020182
1937  9  1     0.29138188
1937  9  2     0.28289078
1937  9  3     0.27452553
1937  9  4     0.26654833
1937  9  5     0.25862438
1937  9  6     0.25071535
1937  9  7     0.24325959
1937  9  8     0.23608891
1937  9  9     0.22912935
1937  9 10     0.22267343
1937  9 11     0.21588666
1937  9 12     0.20947636
1937  9 13     0.20328864
1937  9 14     0.19759885
1937  9 15     0.19152668
1937  9 16     0.18583146
1937  9 17     0.18035361
1937  9 18     0.17503724
1937  9 19     0.16987757
1937  9 20     0.16487000
1937  9 21     0.16001005
1937  9 22     0.15529335
1937  9 23     0.15071569
1937  9 24     0.14627296
1937  9 25     0.14196120
1937  9 26     0.13777654
1937  9 27     0.13371523
1937  9 28     0.12977363
1937  9 29     0.12937063
1937  9 30     0.12263191
1937 10  1     0.11863240
1937 10  2     0.12010840
1937 10  3     0.69270430
1937 10  4     0.28684842
1937 10  5     0.11803382
1937 10  6     0.10609964
1937 10  7     0.10079143
1937 10  8     0.09679833
1937 10  9     0.09344647
1937 10 10     0.09062618
1937 10 11     0.08795475
1937 10 12     0.08536206
1937 10 13     0.11909032
1937 10 14     0.32137623
1937 10 15     0.22186052
1937 10 16     0.09699772
1937 10 17     0.07465284
1937 10 18     0.07179659
1937 10 19     0.06929101
1937 10 20     0.06719078
1937 10 21     0.06521017
1937 10 22     0.06328793
1937 10 23     0.06142236
1937 10 24     0.05961178
1937 10 25     0.05785458
1937 10 26     0.05614917
1937 10 27     0.05449403
1937 10 28     0.05288768
1937 10 29     0.05132868
1937 10 30     0.04996454
1937 10 31     0.04843413
1937 11  1     0.04692276
1937 11  2     0.04553890
1937 11  3     0.04419653
1937 11  4     0.04289372
1937 11  5     0.04162932
1937 11  6     0.04055048
1937 11  7     0.03977718
1937 11  8     0.03861130
1937 11  9     0.03736469
1937 11 10     0.03618779
1937 11 11     0.61038725
1937 11 12     0.26215246
1937 11 13     0.06196291
1937 11 14     0.23154704
1937 11 15     0.15627469
1937 11 16     0.12946462
1937 11 17     1.50636625
1937 11 18     0.51591621
1937 11 19     0.20056727
1937 11 20     0.42447532
1937 11 21     0.25475156
1937 11 22     0.12015230
1937 11 23     0.21684499
1937 11 24     0.33443247
1937 11 25     0.19877861
1937 11 26     0.10972653
1937 11 27     0.10087019
1937 11 28     0.09205700
1937 11 29     0.08568043
1937 11 30     0.08048322
1937 12  1     0.07607993
1937 12  2     0.07252853
1937 12  3     0.06938177
1937 12  4     0.06654140
1937 12  5     0.06424549
1937 12  6     0.06228367
1937 12  7     0.06000918
1937 12  8     0.05725476
1937 12  9     0.27060076
1937 12 10     7.04464145
1937 12 11    16.96704036
1937 12 12    10.44379238
1937 12 13     4.39297523
1937 12 14     2.86143091
1937 12 15     2.44417230
1937 12 16     2.13100728
1937 12 17     1.90600011
1937 12 18     1.73926672
1937 12 19     1.61114963
1937 12 20     1.51053867
1937 12 21     1.42546217
1937 12 22     1.35117628
1937 12 23     2.03198724
1937 12 24     1.44211419
1937 12 25     1.28583582
1937 12 26     1.19721425
1937 12 27     1.12045504
1937 12 28     1.06302845
1937 12 29     1.01578768
1937 12 30     0.97561502
1937 12 31     0.93805721
1938  1  1     0.90869494
1938  1  2     1.64285416
1938  1  3     1.29396657
1938  1  4     1.03829615
1938  1  5     0.94364626
1938  1  6     0.90216814
1938  1  7     0.86075225
1938  1  8     0.82932433
1938  1  9     0.80253386
1938  1 10     0.78489880
1938  1 11     0.76748951
1938  1 12     0.74203181
1938  1 13     0.72012026
1938  1 14     0.78474577
1938  1 15     8.83554689
1938  1 16     4.69093863
1938  1 17     5.57847387
1938  1 18     4.09972791
1938  1 19     3.50040375
1938  1 20     2.56424640
1938  1 21     2.13370003
1938  1 22     1.88510897
1938  1 23     1.69420503
1938  1 24     1.57003929
1938  1 25     1.49102058
1938  1 26     1.43248154
1938  1 27     1.37560567
1938  1 28     1.71281514
1938  1 29     3.06747470
1938  1 30     1.93380314
1938  1 31     6.01871219
1938  2  1     8.21731272
1938  2  2     5.26315796
1938  2  3    11.19844954
1938  2  4     9.29116750
1938  2  5     5.52433627
1938  2  6     3.41435902
1938  2  7     2.83003528
1938  2  8     2.48726554
1938  2  9     7.26181279
1938  2 10    17.56647663
1938  2 11    19.93971145
1938  2 12     9.42187378
1938  2 13     4.92665682
1938  2 14     8.54043367
1938  2 15     4.73611642
1938  2 16     3.47428026
1938  2 17     3.01877495
1938  2 18     3.69893942
1938  2 19     3.42485312
1938  2 20     2.69534440
1938  2 21     2.48941209
1938  2 22     2.34269913
1938  2 23     2.24136164
1938  2 24     2.16043724
1938  2 25     2.10459349
1938  2 26     2.03612886
1938  2 27     1.99506831
1938  2 28     2.35459177
1938  3  1     9.99615952
1938  3  2    14.42756793
1938  3  3    13.91276568
1938  3  4     8.02361875
1938  3  5     5.24300390
1938  3  6     4.18863272
1938  3  7     3.68562019
1938  3  8     3.82064695
1938  3  9     3.25689086
1938  3 10     3.06312492
1938  3 11     5.39810749
1938  3 12    20.89018916
1938  3 13    19.92266794
1938  3 14     7.79271110
1938  3 15     5.38124850
1938  3 16    10.53398881
1938  3 17     6.69945404
1938  3 18     4.77590347
1938  3 19     5.11403277
1938  3 20     9.77115004
1938  3 21     5.37348598
1938  3 22     4.26874377
1938  3 23     4.52391905
1938  3 24    11.33411349
1938  3 25     6.98410478
1938  3 26     4.88964473
1938  3 27     4.67881763
1938  3 28     4.51325099
1938  3 29     3.99299222
1938  3 30     3.66784691
1938  3 31     3.49625433
1938  4  1     3.38155682
1938  4  2     3.39800387
1938  4  3     3.44825806
1938  4  4     6.05335025
1938  4  5    10.24526169
1938  4  6     5.31306476
1938  4  7     4.15002036
1938  4  8     4.35451036
1938  4  9     4.44928575
1938  4 10     4.17294694
1938  4 11     4.14884560
1938  4 12     4.28459021
1938  4 13     3.96816727
1938  4 14     3.52663983
1938  4 15     3.52056708
1938  4 16     4.12934071
1938  4 17     5.04067673
1938  4 18     5.78066036
1938  4 19     5.92538808
1938  4 20     6.15389820
1938  4 21     6.12984019
1938  4 22     5.93433587
1938  4 23     5.55476991
1938  4 24     6.12419830
1938  4 25     7.44389391
1938  4 26     5.30041604
1938  4 27     4.92791362
1938  4 28     5.37839015
1938  4 29     6.09549865
1938  4 30     6.70638791
1938  5  1     6.74605401
1938  5  2     6.85046926
1938  5  3     5.23056784
1938  5  4     4.91831956
1938  5  5     5.04522573
1938  5  6     5.33027274
1938  5  7     5.28184846
1938  5  8     5.74383200
1938  5  9     6.31997375
1938  5 10     6.87605213
1938  5 11     7.30114695
1938  5 12     8.15712476
1938  5 13     8.99325675
1938  5 14     9.42368581
1938  5 15     9.36052616
1938  5 16     9.23536878
1938  5 17     8.24039028
1938  5 18     7.51872901
1938  5 19     6.79257442
1938  5 20     6.69957244
1938  5 21     6.56256972
1938  5 22     6.89647594
1938  5 23     7.49321635
1938  5 24     8.28401557
1938  5 25     8.83693421
1938  5 26     9.06467664
1938  5 27     8.82309704
1938  5 28     8.07905275
1938  5 29     7.43559811
1938  5 30     7.59678912
1938  5 31     8.24377373
1938  6  1     8.73042399
1938  6  2     9.02239260
1938  6  3     9.21549657
1938  6  4     9.29479600
1938  6  5     8.82083030
1938  6  6     8.44660074
1938  6  7     8.45733370
1938  6  8     8.34767362
1938  6  9     7.98818657
1938  6 10     7.43343345
1938  6 11     6.78723451
1938  6 12     6.45867764
1938  6 13     6.43965302
1938  6 14     6.50448162
1938  6 15     6.58459883
1938  6 16     6.54895906
1938  6 17     6.25234899
1938  6 18     5.57419270
1938  6 19     5.20236828
1938  6 20     4.92637478
1938  6 21     5.08132978
1938  6 22     5.12948100
1938  6 23     5.14548598
1938  6 24     5.15348901
1938  6 25     5.05516729
1938  6 26     4.78900980
1938  6 27     4.52723586
1938  6 28     4.40396327
1938  6 29     4.56928562
1938  6 30     4.17612003
1938  7  1     3.66651632
1938  7  2     3.38473119
1938  7  3     3.21557857
1938  7  4     3.07462955
1938  7  5     2.97855974
1938  7  6     2.89022060
1938  7  7     2.77173211
1938  7  8     2.63224200
1938  7  9     2.47623284
1938  7 10     2.34588902
1938  7 11     2.25634230
1938  7 12     2.18790839
1938  7 13     2.12420226
1938  7 14     2.05972209
1938  7 15     1.96442793
1938  7 16     1.87593629
1938  7 17     1.83678008
1938  7 18     1.75561780
1938  7 19     1.67958638
1938  7 20     1.67032549
1938  7 21     1.59215078
1938  7 22     1.52450302
1938  7 23     1.50093407
1938  7 24     1.44075081
1938  7 25     1.38905908
1938  7 26     1.54453083
1938  7 27     1.40038020
1938  7 28     1.28084276
1938  7 29     1.22831471
1938  7 30     1.19117622
1938  7 31     1.15493599
1938  8  1     1.11986473
1938  8  2     1.08601778
1938  8  3     1.05368078
1938  8  4     1.02237663
1938  8  5     0.99191217
1938  8  6     0.96235364
1938  8  7     0.93384375
1938  8  8     0.90686029
1938  8  9     0.88027069
1938  8 10     0.85397382
1938  8 11     0.82833156
1938  8 12     0.80373455
1938  8 13     0.78000746
1938  8 14     0.75749980
1938  8 15     0.73533471
1938  8 16     0.71352974
1938  8 17     0.70308779
1938  8 18     0.67722344
1938  8 19     0.65197374
1938  8 20     0.63242489
1938  8 21     0.61363275
1938  8 22     0.59551085
1938  8 23     0.57788802
1938  8 24     0.56065457
1938  8 25     0.54402618
1938  8 26     0.52757464
1938  8 27     0.51190889
1938  8 28     0.49681612
1938  8 29     0.48206920
1938  8 30     0.46808544
1938  8 31     0.45427854
1938  9  1     0.44079997
1938  9  2     0.42768966
1938  9  3     0.41503167
1938  9  4     0.40303693
1938  9  5     0.39160313
1938  9  6     0.38015543
1938  9  7     0.36899675
1938  9  8     0.35799061
1938  9  9     0.34708670
1938  9 10     0.33651078
1938  9 11     0.32656030
1938  9 12     0.31684795
1938  9 13     0.30748404
1938  9 14     0.29841959
1938  9 15     0.28962248
1938  9 16     0.28108561
1938  9 17     0.27279945
1938  9 18     0.28468703
1938  9 19     0.26649404
1938  9 20     0.24994884
1938  9 21     0.24202796
1938  9 22     0.23489327
1938  9 23     0.22796889
1938  9 24     0.22124890
1938  9 25     0.21472717
1938  9 26     0.20839769
1938  9 27     0.36420032
1938  9 28     0.39847209
1938  9 29     0.26606676
1938  9 30     0.18581759
1938 10  1     0.21071235
1938 10  2     0.62771425
1938 10  3     0.34637039
1938 10  4     0.19726651
1938 10  5     0.16586259
1938 10  6     0.19281433
1938 10  7     0.20871939
1938 10  8     0.21322178
1938 10  9     0.16002942
1938 10 10     0.14513688
1938 10 11     0.13973891
1938 10 12     0.13442764
1938 10 13     0.12983528
1938 10 14     0.40087579
1938 10 15     1.02410244
1938 10 16     0.41519080
1938 10 17     0.19010744
1938 10 18     0.16582015
1938 10 19     0.15513737
1938 10 20     0.15008391
1938 10 21     0.13877265
1938 10 22     0.12592368
1938 10 23     0.11778832
1938 10 24     0.11230838
1938 10 25     0.10843595
1938 10 26     0.10473320
1938 10 27     0.10028664
1938 10 28     0.09583722
1938 10 29     0.09665249
1938 10 30     1.38630107
1938 10 31     0.70110604
1938 11  1     0.87158226
1938 11  2     0.48775599
1938 11  3     0.26560755
1938 11  4     0.19396126
1938 11  5     0.16785838
1938 11  6     0.15654606
1938 11  7     0.14493728
1938 11  8     0.14086332
1938 11  9     0.14065147
1938 11 10     0.48150895
1938 11 11     0.21139791
1938 11 12     0.14282775
1938 11 13     0.11931272
1938 11 14     0.10979401
1938 11 15     0.10827882
1938 11 16     0.10802992
1938 11 17     0.11169294
1938 11 18     0.11999982
1938 11 19     0.12390617
1938 11 20     0.11883060
1938 11 21     0.10515713
1938 11 22     0.09923401
1938 11 23     0.10160755
1938 11 24     0.10036259
1938 11 25     0.10346997
1938 11 26     0.10106589
1938 11 27     0.10381989
1938 11 28     0.10366766
1938 11 29     0.39923049
1938 11 30     0.23290480
1938 12  1     0.33030277
1938 12  2     0.18689786
1938 12  3     0.92482914
1938 12  4     0.48575603
1938 12  5     0.24588899
1938 12  6     0.21771057
1938 12  7     0.20030404
1938 12  8     0.18976164
1938 12  9     0.17752462
1938 12 10     0.16319040
1938 12 11     0.15214885
1938 12 12     0.14408993
1938 12 13     0.13701303
1938 12 14     0.14845107
1938 12 15     0.17885119
1938 12 16     0.14050884
1938 12 17     0.12334915
1938 12 18     0.12854720
1938 12 19     0.19317999
1938 12 20     0.82057626
1938 12 21     0.33312480
1938 12 22     0.19900604
1938 12 23     0.15715388
1938 12 24     0.13764724
1938 12 25     0.12840763
1938 12 26     0.12217102
1938 12 27     0.11693719
1938 12 28     0.11219548
1938 12 29     0.10811885
1938 12 30     0.10442199
1938 12 31     0.10163382
1939  1  1     0.24083772
1939  1  2     0.19232415
1939  1  3     0.13430896
1939  1  4     0.47815079
1939  1  5     2.87771484
1939  1  6     1.16609583
1939  1  7     0.52517640
1939  1  8     0.43555300
1939  1  9     0.41165500
1939  1 10     0.35294115
1939  1 11     0.31770162
1939  1 12     0.30220882
1939  1 13     0.28598008
1939  1 14     0.27379695
1939  1 15     0.26089624
1939  1 16     0.24811297
1939  1 17     0.23785107
1939  1 18     0.23120230
1939  1 19     0.22680389
1939  1 20     0.67111122
1939  1 21     0.62707793
1939  1 22     0.37721344
1939  1 23     0.30496140
1939  1 24     0.29189077
1939  1 25     0.27828619
1939  1 26     0.41746200
1939  1 27     0.93959638
1939  1 28     0.71469644
1939  1 29     0.47791084
1939  1 30     2.42110018
1939  1 31     1.09714178
1939  2  1     0.59552892
1939  2  2     0.49569451
1939  2  3     1.41532305
1939  2  4     0.65852748
1939  2  5     0.45946637
1939  2  6     1.55200149
1939  2  7     1.19958900
1939  2  8     1.58422954
1939  2  9     0.60765128
1939  2 10     1.09983500
1939  2 11     0.58007140
1939  2 12     0.50344306
1939  2 13     0.41527964
1939  2 14     0.40163601
1939  2 15     0.40956059
1939  2 16     0.39889056
1939  2 17     0.47848069
1939  2 18     0.46448243
1939  2 19     0.43342288
1939  2 20     0.39219341
1939  2 21     0.39055913
1939  2 22     0.42061821
1939  2 23     0.40425726
1939  2 24     0.42451741
1939  2 25     0.37032750
1939  2 26     0.31278707
1939  2 27     0.29426081
1939  2 28     0.28758965
1939  3  1     0.27364517
1939  3  2     0.27659373
1939  3  3     0.34222914
1939  3  4     0.26063249
1939  3  5     0.24103945
1939  3  6     0.29621720
1939  3  7     0.42969416
1939  3  8     0.73587206
1939  3  9     3.76283780
1939  3 10     2.56555543
1939  3 11     1.23266494
1939  3 12     0.97050552
1939  3 13     0.89954748
1939  3 14     0.93731012
1939  3 15     0.99344932
1939  3 16     1.09578013
1939  3 17     1.26694795
1939  3 18     1.40026199
1939  3 19     1.52211195
1939  3 20     1.64451004
1939  3 21     2.00242436
1939  3 22     1.99832587
1939  3 23     2.02999477
1939  3 24     2.10798203
1939  3 25     2.27553772
1939  3 26     4.95765953
1939  3 27     5.13855609
1939  3 28     3.41685968
1939  3 29     2.72014242
1939  3 30     3.37368194
1939  3 31     3.20211322
1939  4  1     3.22947108
1939  4  2     5.02317243
1939  4  3     4.08616450
1939  4  4     3.36929504
1939  4  5     3.30655038
1939  4  6     3.48259392
1939  4  7     3.54298263
1939  4  8     3.45030770
1939  4  9     3.32507910
1939  4 10     3.27603610
1939  4 11     3.18521132
1939  4 12     2.97985682
1939  4 13     2.56425525
1939  4 14     2.27177188
1939  4 15     2.28650237
1939  4 16     2.46534351
1939  4 17     2.78489309
1939  4 18     3.02573510
1939  4 19     3.05609451
1939  4 20     3.11540893
1939  4 21     3.00580176
1939  4 22     2.75149711
1939  4 23     2.32906076
1939  4 24     2.10320908
1939  4 25     2.05616434
1939  4 26     2.06169562
1939  4 27     2.22847050
1939  4 28     2.40797596
1939  4 29     2.42029490
1939  4 30     2.24448298
1939  5  1     2.17829177
1939  5  2     2.13547433
1939  5  3     2.02942580
1939  5  4     1.93651258
1939  5  5     1.83347457
1939  5  6     1.72460892
1939  5  7     1.71389371
1939  5  8     1.67851962
1939  5  9     1.59331637
1939  5 10     1.88995241
1939  5 11     1.87046237
1939  5 12     1.54699322
1939  5 13     1.40635299
1939  5 14     1.39418474
1939  5 15     1.33722291
1939  5 16     1.25408110
1939  5 17     1.19877656
1939  5 18     1.15205683
1939  5 19     1.10108462
1939  5 20     1.06103345
1939  5 21     3.07512865
1939  5 22     2.79853274
1939  5 23     1.80595290
1939  5 24     1.62274976
1939  5 25     1.46643675
1939  5 26     1.29654758
1939  5 27     1.20205075
1939  5 28     1.12161753
1939  5 29     1.04511167
1939  5 30     0.99054108
1939  5 31     0.94643552
1939  6  1     0.90772247
1939  6  2     0.87272490
1939  6  3     0.84075482
1939  6  4     0.81164475
1939  6  5     0.78404704
1939  6  6     0.75726517
1939  6  7     0.73208555
1939  6  8     0.70791897
1939  6  9     0.68466601
1939  6 10     0.66259489
1939  6 11     0.64161568
1939  6 12     0.62157349
1939  6 13     0.60266851
1939  6 14     0.64135928
1939  6 15     0.65431746
1939  6 16     0.62729827
1939  6 17     0.55262347
1939  6 18     0.51999606
1939  6 19     0.50216825
1939  6 20     0.48628342
1939  6 21     0.47097635
1939  6 22     0.45657777
1939  6 23     0.44293968
1939  6 24     0.43010053
1939  6 25     0.41732797
1939  6 26     0.40485583
1939  6 27     0.39260049
1939  6 28     0.38072433
1939  6 29     0.36932917
1939  6 30     0.35840394
1939  7  1     0.34786754
1939  7  2     0.33797232
1939  7  3     0.32795899
1939  7  4     0.31834323
1939  7  5     0.30887382
1939  7  6     0.29955176
1939  7  7     0.29038106
1939  7  8     0.28145682
1939  7  9     0.27286186
1939  7 10     0.26470004
1939  7 11     0.25665354
1939  7 12     0.24891986
1939  7 13     0.24148234
1939  7 14     0.23460749
1939  7 15     0.22771798
1939  7 16     0.22103273
1939  7 17     0.21442238
1939  7 18     0.20791343
1939  7 19     0.20165555
1939  7 20     0.19568837
1939  7 21     0.18991803
1939  7 22     0.18431867
1939  7 23     0.17888430
1939  7 24     0.17681824
1939  7 25     0.17051036
1939  7 26     0.16352660
1939  7 27     0.15870474
1939  7 28     0.15441663
1939  7 29     0.16968999
1939  7 30     0.17038859
1939  7 31     0.15097875
1939  8  1     0.13670387
1939  8  2     0.13290569
1939  8  3     0.12887617
1939  8  4     0.12491704
1939  8  5     0.12123462
1939  8  6     0.11766065
1939  8  7     0.11419260
1939  8  8     0.11082696
1939  8  9     0.10755985
1939  8 10     0.10439014
1939  8 11     0.10131176
1939  8 12     0.09832503
1939  8 13     0.09542665
1939  8 14     0.09261371
1939  8 15     0.08988369
1939  8 16     0.08723414
1939  8 17     0.08466269
1939  8 18     0.08216705
1939  8 19     0.07974497
1939  8 20     0.07836702
1939  8 21     0.07685582
1939  8 22     0.07524666
1939  8 23     0.07158074
1939  8 24     0.06912176
1939  8 25     0.06690849
1939  8 26     0.06467591
1939  8 27     0.06276942
1939  8 28     0.06091913
1939  8 29     0.05912339
1939  8 30     0.05738058
1939  8 31     0.05568914
1939  9  1     0.05404756
1939  9  2     0.05245437
1939  9  3     0.05090815
1939  9  4     0.04940750
1939  9  5     0.04795109
1939  9  6     0.04653762
1939  9  7     0.04516580
1939  9  8     0.04383443
1939  9  9     0.04254230
1939  9 10     0.04128826
1939  9 11     0.10468817
1939  9 12     0.08148467
1939  9 13     0.13118991
1939  9 14     0.09386042
1939  9 15     0.04404390
1939  9 16     0.03450346
1939  9 17     0.03348619
1939  9 18     0.04684814
1939  9 19     0.03873592
1939  9 20     0.03829996
1939  9 21     0.06013847
1939  9 22     0.15461553
1939  9 23     0.06788578
1939  9 24     0.03292657
1939  9 25     0.82688356
1939  9 26     0.72514852
1939  9 27     0.24518992
1939  9 28     0.06344039
1939  9 29     0.04799597
1939  9 30     0.04319172
1939 10  1     0.32493990
1939 10  2     1.07166866
1939 10  3     0.57310019
1939 10  4     0.19059313
1939 10  5     0.08302337
1939 10  6     0.54902732
1939 10  7     0.30354100
1939 10  8     0.12386953
1939 10  9     0.10196560
1939 10 10     0.10218305
1939 10 11     0.09212189
1939 10 12     0.08451776
1939 10 13     0.07434911
1939 10 14     0.06735271
1939 10 15     0.06413735
1939 10 16     0.06089300
1939 10 17     0.05804172
1939 10 18     0.05549324
1939 10 19     0.05315829
1939 10 20     0.05100788
1939 10 21     0.04901346
1939 10 22     0.04715356
1939 10 23     0.04541130
1939 10 24     0.52222802
1939 10 25     0.28672243
1939 10 26     0.10562121
1939 10 27     0.06893371
1939 10 28     0.07804425
1939 10 29     0.09029687
1939 10 30     0.08656941
1939 10 31     0.06984315
1939 11  1     0.05978857
1939 11  2     0.05394400
1939 11  3     0.05006105
1939 11  4     0.04771526
1939 11  5     0.04552175
1939 11  6     0.04352487
1939 11  7     0.04171706
1939 11  8     0.04003182
1939 11  9     0.03854640
1939 11 10     0.03710345
1939 11 11     0.03576005
1939 11 12     0.03451211
1939 11 13     0.03333443
1939 11 14     0.03226512
1939 11 15     0.03121062
1939 11 16     0.03021973
1939 11 17     0.02926208
1939 11 18     0.02825035
1939 11 19     0.02733628
1939 11 20     0.02647787
1939 11 21     0.02565226
1939 11 22     0.02485747
1939 11 23     0.02409173
1939 11 24     0.23679361
1939 11 25     0.46410913
1939 11 26     0.36098471
1939 11 27     0.14565974
1939 11 28     0.05802397
1939 11 29     0.04430554
1939 11 30     0.03794906
1939 12  1     0.03537205
1939 12  2     0.03483047
1939 12  3     0.03391532
1939 12  4     0.03094460
1939 12  5     0.04157941
1939 12  6     0.05953320
1939 12  7     0.03692376
1939 12  8     0.02552658
1939 12  9     0.02547777
1939 12 10     0.17461964
1939 12 11     0.97243494
1939 12 12     0.36594357
1939 12 13     0.12623184
1939 12 14     0.09219207
1939 12 15     0.06835028
1939 12 16     0.05980454
1939 12 17     0.05471152
1939 12 18     0.04874003
1939 12 19     0.04476425
1939 12 20     0.04253402
1939 12 21     0.03899486
1939 12 22     0.03666792
1939 12 23     0.05348495
1939 12 24     0.03798039
1939 12 25     0.03281273
1939 12 26     0.03133480
1939 12 27     0.02980758
1939 12 28     0.04494091
1939 12 29     0.27524958
1939 12 30     0.17335122
1939 12 31     0.09587597
1940  1  1     0.46952471
1940  1  2     3.17190287
1940  1  3     1.88623019
1940  1  4     3.31314761
1940  1  5     1.76766437
1940  1  6     1.20256936
1940  1  7     1.69977871
1940  1  8     4.28379671
1940  1  9     6.10442966
1940  1 10     6.03942522
1940  1 11     7.74458204
1940  1 12     6.21482793
1940  1 13     3.48779678
1940  1 14     2.63610201
1940  1 15     2.30013726
1940  1 16     2.04477187
1940  1 17     1.85958372
1940  1 18     1.72019986
1940  1 19     1.61060443
1940  1 20     1.51982338
1940  1 21     1.44281637
1940  1 22     1.37467958
1940  1 23     1.38312582
1940  1 24     1.33557146
1940  1 25     7.38604179
1940  1 26    14.75651375
1940  1 27     7.74664995
1940  1 28     4.07564841
1940  1 29     3.45402901
1940  1 30     3.03602875
1940  1 31     2.90736398
1940  2  1     2.65597905
1940  2  2     2.70379665
1940  2  3     5.18980697
1940  2  4     5.07763286
1940  2  5     3.67515358
1940  2  6     6.44384278
1940  2  7     4.25951618
1940  2  8     3.12706119
1940  2  9     2.81133998
1940  2 10     2.56639629
1940  2 11     2.38108330
1940  2 12     2.23931487
1940  2 13     2.11722850
1940  2 14     6.19586482
1940  2 15     3.36923654
1940  2 16     2.95350564
1940  2 17     4.18710426
1940  2 18     3.15220324
1940  2 19     2.46246181
1940  2 20     2.26503787
1940  2 21     2.14413058
1940  2 22     2.63081964
1940  2 23    11.50092311
1940  2 24     6.67583620
1940  2 25     6.11570975
1940  2 26    11.80622822
1940  2 27    25.18267861
1940  2 28    18.51213875
1940  2 29    12.37030452
1940  3  1     8.93135749
1940  3  2     6.36176529
1940  3  3     5.47956037
1940  3  4     4.95511186
1940  3  5     4.56682219
1940  3  6     4.28959873
1940  3  7     4.14955198
1940  3  8     4.03995080
1940  3  9     3.81880074
1940  3 10     3.56013389
1940  3 11     3.36529049
1940  3 12     3.19892660
1940  3 13     3.05944555
1940  3 14     2.99844840
1940  3 15     3.16884409
1940  3 16     3.57049232
1940  3 17     3.23786879
1940  3 18     3.02121134
1940  3 19     2.99551324
1940  3 20     2.92674768
1940  3 21     2.92081962
1940  3 22     2.93357189
1940  3 23     2.92081226
1940  3 24     2.87097224
1940  3 25     4.53568981
1940  3 26     8.74128072
1940  3 27    19.34775484
1940  3 28    12.59154570
1940  3 29    13.55796644
1940  3 30    18.93780407
1940  3 31    21.16305196
1940  4  1    10.19380833
1940  4  2     7.07038402
1940  4  3     6.13793214
1940  4  4     6.02380374
1940  4  5     5.17651731
1940  4  6     4.77541705
1940  4  7     4.57584966
1940  4  8     4.35664818
1940  4  9     4.12602242
1940  4 10     4.04023021
1940  4 11     4.05611838
1940  4 12     4.10570271
1940  4 13     4.12748131
1940  4 14     4.02396045
1940  4 15     3.98526924
1940  4 16     3.55958087
1940  4 17     3.35978153
1940  4 18     3.37454901
1940  4 19     3.38254071
1940  4 20     3.29310006
1940  4 21     3.21530156
1940  4 22     3.17356298
1940  4 23     3.07082743
1940  4 24     2.90527121
1940  4 25     2.73959675
1940  4 26     3.08371333
1940  4 27     2.60107697
1940  4 28     2.44595603
1940  4 29     2.37337102
1940  4 30     2.38972275
1940  5  1     2.51293016
1940  5  2     2.62482296
1940  5  3     2.51837959
1940  5  4     2.87244389
1940  5  5     2.46173933
1940  5  6     2.28868230
1940  5  7     2.25546171
1940  5  8     2.32251198
1940  5  9     2.53495245
1940  5 10     2.69609828
1940  5 11     2.76124487
1940  5 12     2.75214260
1940  5 13     2.71934396
1940  5 14     2.75609495
1940  5 15     2.76777279
1940  5 16     2.70427452
1940  5 17     2.62467489
1940  5 18     2.52743524
1940  5 19     2.42576477
1940  5 20     2.29627951
1940  5 21     2.18648988
1940  5 22     2.13128459
1940  5 23     2.07216864
1940  5 24     1.99724879
1940  5 25     1.90025605
1940  5 26     1.78903305
1940  5 27     1.72750445
1940  5 28     1.69015437
1940  5 29     1.62321486
1940  5 30     1.57526490
1940  5 31     1.55651801
1940  6  1     1.53206164
1940  6  2     1.46274449
1940  6  3     1.39192437
1940  6  4     1.33322234
1940  6  5     1.29217709
1940  6  6     1.25732641
1940  6  7     1.21580820
1940  6  8     1.17475428
1940  6  9     1.11089357
1940  6 10     1.05717811
1940  6 11     1.02089698
1940  6 12     0.98449591
1940  6 13     0.95033683
1940  6 14     0.91976606
1940  6 15     0.88865947
1940  6 16     0.85844313
1940  6 17     0.83132243
1940  6 18     0.80577980
1940  6 19     0.78147921
1940  6 20     0.75742914
1940  6 21     0.73392465
1940  6 22     0.71161882
1940  6 23     0.68992525
1940  6 24     0.66874622
1940  6 25     0.64870747
1940  6 26     0.62938515
1940  6 27     0.60985461
1940  6 28     0.59494021
1940  6 29     0.59595397
1940  6 30     0.56586163
1940  7  1     0.54042344
1940  7  2     0.52405824
1940  7  3     0.50821602
1940  7  4     0.49292408
1940  7  5     0.47815059
1940  7  6     0.46355400
1940  7  7     0.44965725
1940  7  8     0.43689336
1940  7  9     0.42415442
1940  7 10     0.41163209
1940  7 11     0.39932655
1940  7 12     0.38736861
1940  7 13     0.37574801
1940  7 14     0.36476298
1940  7 15     0.35415283
1940  7 16     0.34392146
1940  7 17     0.33416939
1940  7 18     0.32431391
1940  7 19     0.31458215
1940  7 20     0.30519107
1940  7 21     0.29612042
1940  7 22     0.28684849
1940  7 23     0.27784689
1940  7 24     0.26927051
1940  7 25     0.26115594
1940  7 26     0.25395235
1940  7 27     0.24676234
1940  7 28     0.23964715
1940  7 29     0.23217182
1940  7 30     0.22509522
1940  7 31     0.21838371
1940  8  1     0.21182586
1940  8  2     0.20535313
1940  8  3     0.19924899
1940  8  4     0.19337528
1940  8  5     0.18767445
1940  8  6     0.18214178
1940  8  7     0.17677260
1940  8  8     0.17156171
1940  8  9     0.16650404
1940  8 10     0.16159555
1940  8 11     0.15683197
1940  8 12     0.15220903
1940  8 13     0.14772209
1940  8 14     0.14336738
1940  8 15     0.13914155
1940  8 16     0.13504016
1940  8 17     0.13105944
1940  8 18     0.12719564
1940  8 19     0.12344591
1940  8 20     0.11980702
1940  8 21     0.11627540
1940  8 22     0.11284789
1940  8 23     0.11150224
1940  8 24     0.10739828
1940  8 25     0.10322906
1940  8 26     0.10013089
1940  8 27     0.09716759
1940  8 28     0.09430332
1940  8 29     0.09152347
1940  8 30     0.08882559
1940  8 31     0.08620725
1940  9  1     0.08366606
1940  9  2     0.08157802
1940  9  3     0.08081117
1940  9  4     0.07794905
1940  9  5     0.07452557
1940  9  6     0.07206384
1940  9  7     0.06993186
1940  9  8     0.06785604
1940  9  9     0.06585581
1940  9 10     0.06391454
1940  9 11     0.06203050
1940  9 12     0.06020200
1940  9 13     0.05859782
1940  9 14     0.05680140
1940  9 15     0.05503357
1940  9 16     0.05398816
1940  9 17     0.08279003
1940  9 18     0.05830667
1940  9 19     0.05113004
1940  9 20     0.04804455
1940  9 21     0.04602699
1940  9 22     0.04463411
1940  9 23     0.04331841
1940  9 24     0.04204149
1940  9 25     0.04080221
1940  9 26     0.03959947
1940  9 27     0.03843217
1940  9 28     0.03729929
1940  9 29     0.03619980
1940  9 30     0.03513272
1940 10  1     0.03409709
1940 10  2     0.03309199
1940 10  3     0.08910224
1940 10  4     0.06282758
1940 10  5     0.03214847
1940 10  6     0.02980334
1940 10  7     0.02861823
1940 10  8     0.02815911
1940 10  9     0.03559023
1940 10 10     0.02972281
1940 10 11     0.02527987
1940 10 12     0.02453460
1940 10 13     0.02381138
1940 10 14     0.02310948
1940 10 15     0.02242827
1940 10 16     0.02176714
1940 10 17     0.02112550
1940 10 18     0.02050277
1940 10 19     0.01989840
1940 10 20     0.01931185
1940 10 21     0.01874258
1940 10 22     0.01819010
1940 10 23     0.01765390
1940 10 24     0.70213508
1940 10 25     0.42283332
1940 10 26     0.31282509
1940 10 27     0.09450920
1940 10 28     0.03758302
1940 10 29     0.08054797
1940 10 30     0.05183852
1940 10 31     0.01929802
1940 11  1     0.01597514
1940 11  2     0.78071528
1940 11  3     0.28644256
1940 11  4     0.05301476
1940 11  5     0.02471227
1940 11  6     0.06211202
1940 11  7     0.13619208
1940 11  8     0.05789227
1940 11  9     0.03282297
1940 11 10     0.04224894
1940 11 11     0.01940288
1940 11 12     0.01541648
1940 11 13     0.01432268
1940 11 14     0.01293362
1940 11 15     0.01260144
1940 11 16     0.01178925
1940 11 17     0.01050483
1940 11 18     0.00948264
1940 11 19     0.00906169
1940 11 20     0.00891862
1940 11 21     0.00874139
1940 11 22     0.00859733
1940 11 23     0.00829754
1940 11 24     0.00786527
1940 11 25     0.00758360
1940 11 26     0.00730550
1940 11 27     0.00695232
1940 11 28     0.00675888
1940 11 29     0.00690676
1940 11 30     0.00695756
1940 12  1     0.00688455
1940 12  2     0.00700960
1940 12  3     0.00700682
1940 12  4     0.00692526
1940 12  5     0.00675871
1940 12  6     0.00659191
1940 12  7     0.00654779
1940 12  8     0.00651459
1940 12  9     0.00639541
1940 12 10     0.00610794
1940 12 11     0.00596715
1940 12 12     0.00620876
1940 12 13     0.00632727
1940 12 14     0.00608226
1940 12 15     0.00597528
1940 12 16     0.20001924
1940 12 17     0.96771338
1940 12 18     1.20452269
1940 12 19     0.48309214
1940 12 20     0.16288997
1940 12 21     0.35851603
1940 12 22     1.73627489
1940 12 23     3.31756468
1940 12 24     2.32168036
1940 12 25     2.43093761
1940 12 26     1.57673852
1940 12 27     7.62702318
1940 12 28     5.67585112
1940 12 29     2.41637537
1940 12 30     2.60459619
1940 12 31     1.91693431
1941  1  1     1.50435647
1941  1  2     1.37431863
1941  1  3     1.26159067
1941  1  4     1.30514394
1941  1  5     2.56837287
1941  1  6     2.56455518
1941  1  7     3.95258387
1941  1  8     2.59036732
1941  1  9     1.86867163
1941  1 10     1.63303031
1941  1 11     1.51317079
1941  1 12     1.41085787
1941  1 13     2.96384905
1941  1 14     7.10741759
1941  1 15     4.57913446
1941  1 16     2.60216426
1941  1 17     2.25065039
1941  1 18     2.01905246
1941  1 19     1.89323325
1941  1 20     1.86635408
1941  1 21     2.24582906
1941  1 22     4.23698989
1941  1 23     3.26235733
1941  1 24     6.27545373
1941  1 25     4.12174867
1941  1 26     5.76250971
1941  1 27     3.62834398
1941  1 28     2.73063522
1941  1 29     2.46418232
1941  1 30     2.22589913
1941  1 31     2.06660971
1941  2  1     1.94105048
1941  2  2     1.84809768
1941  2  3     1.77735276
1941  2  4     1.68547904
1941  2  5     1.75414331
1941  2  6     4.28563815
1941  2  7     2.95844122
1941  2  8     3.65601361
1941  2  9     9.85220550
1941  2 10    10.20352497
1941  2 11     9.78022228
1941  2 12    12.63648086
1941  2 13     6.72609576
1941  2 14     4.55052563
1941  2 15     6.45057606
1941  2 16     5.35833223
1941  2 17     4.95429632
1941  2 18     5.55885799
1941  2 19     4.05290303
1941  2 20     3.61305489
1941  2 21     5.14766726
1941  2 22     4.06243223
1941  2 23     3.39963749
1941  2 24     6.50639418
1941  2 25     3.99813202
1941  2 26     3.24747965
1941  2 27     3.20289533
1941  2 28     7.12081804
1941  3  1    19.17206000
1941  3  2    17.40496357
1941  3  3    11.95640864
1941  3  4     7.75555112
1941  3  5     5.59988165
1941  3  6     4.78188504
1941  3  7     4.38497346
1941  3  8     4.12748234
1941  3  9     3.92425900
1941  3 10     3.76151376
1941  3 11     3.64259886
1941  3 12     3.57467213
1941  3 13     3.69746960
1941  3 14     3.74415847
1941  3 15     3.22111287
1941  3 16     3.17270511
1941  3 17     3.14548583
1941  3 18     3.23183233
1941  3 19     3.38140617
1941  3 20     3.31165484
1941  3 21     2.87787132
1941  3 22     2.84522262
1941  3 23     2.79414021
1941  3 24     2.65743799
1941  3 25     2.69099358
1941  3 26     2.74591495
1941  3 27     2.77910805
1941  3 28     2.84515217
1941  3 29     5.99071637
1941  3 30     4.49365125
1941  3 31     3.81479833
1941  4  1     4.54276463
1941  4  2     7.37500966
1941  4  3     3.96800388
1941  4  4     8.91472285
1941  4  5     7.17719132
1941  4  6     4.24967035
1941  4  7     3.85084607
1941  4  8     3.28158755
1941  4  9     3.60836138
1941  4 10     6.40412340
1941  4 11     4.89626371
1941  4 12     3.25967509
1941  4 13     2.93339757
1941  4 14     2.78143844
1941  4 15     2.73335203
1941  4 16     2.52015399
1941  4 17     2.37973333
1941  4 18     2.26114040
1941  4 19     2.24554354
1941  4 20     2.18373738
1941  4 21     2.24053113
1941  4 22     2.40976927
1941  4 23     2.65364751
1941  4 24     2.87770091
1941  4 25     3.08546613
1941  4 26     3.24452529
1941  4 27     3.01016517
1941  4 28     3.03860931
1941  4 29     3.53249116
1941  4 30     4.66303489
1941  5  1     3.71954950
1941  5  2     3.43520786
1941  5  3     3.70197950
1941  5  4     3.34686590
1941  5  5     3.46429946
1941  5  6     3.71697225
1941  5  7     3.75521881
1941  5  8     3.75815967
1941  5  9     3.84000047
1941  5 10     4.23324427
1941  5 11     4.37177262
1941  5 12     4.40077544
1941  5 13     4.26188440
1941  5 14     4.39489842
1941  5 15     4.04384729
1941  5 16     4.03529049
1941  5 17     4.24918734
1941  5 18     3.41178536
1941  5 19     3.05092356
1941  5 20     3.75206119
1941  5 21     4.50237630
1941  5 22     5.01233570
1941  5 23     5.16373957
1941  5 24     5.26447051
1941  5 25     5.78663301
1941  5 26     5.14184163
1941  5 27     4.46755466
1941  5 28     4.08210630
1941  5 29     3.80356742
1941  5 30     3.87542872
1941  5 31     3.89295317
1941  6  1     3.89903798
1941  6  2     4.02256890
1941  6  3     4.01544465
1941  6  4     4.09842218
1941  6  5     4.17586449
1941  6  6     4.00974493
1941  6  7     3.30644337
1941  6  8     2.99250024
1941  6  9     3.35202026
1941  6 10     4.00574335
1941  6 11     4.44981527
1941  6 12     4.74251678
1941  6 13     4.72598816
1941  6 14     4.66890324
1941  6 15     4.29177314
1941  6 16     4.06892729
1941  6 17     3.87427848
1941  6 18     3.69301709
1941  6 19     3.68535680
1941  6 20     3.58850972
1941  6 21     3.50931157
1941  6 22     3.42145389
1941  6 23     3.24955315
1941  6 24     2.95493200
1941  6 25     2.66552393
1941  6 26     2.59364190
1941  6 27     2.56393559
1941  6 28     2.53563539
1941  6 29     2.58309243
1941  6 30     2.73548664
1941  7  1     2.85515222
1941  7  2     2.96138516
1941  7  3     3.01007331
1941  7  4     2.92030417
1941  7  5     2.85849519
1941  7  6     2.75932794
1941  7  7     2.57258953
1941  7  8     2.33441410
1941  7  9     2.18039558
1941  7 10     2.06629436
1941  7 11     1.89344027
1941  7 12     1.75898506
1941  7 13     1.67548675
1941  7 14     1.56091149
1941  7 15     1.45703716
1941  7 16     1.39137114
1941  7 17     1.33899851
1941  7 18     1.29101906
1941  7 19     1.24690444
1941  7 20     1.20460780
1941  7 21     1.16505684
1941  7 22     1.12719653
1941  7 23     1.08906822
1941  7 24     1.05193913
1941  7 25     1.01813544
1941  7 26     0.98631974
1941  7 27     0.98163723
1941  7 28     0.93884435
1941  7 29     0.89752590
1941  7 30     0.86938587
1941  7 31     0.84264590
1941  8  1     0.81651502
1941  8  2     0.79160050
1941  8  3     0.76764799
1941  8  4     0.74467206
1941  8  5     0.72214224
1941  8  6     0.69981038
1941  8  7     0.68110983
1941  8  8     0.65991538
1941  8  9     0.63924586
1941  8 10     0.62402164
1941  8 11     0.60851204
1941  8 12     0.58719528
1941  8 13     0.56712242
1941  8 14     0.54968507
1941  8 15     0.55694842
1941  8 16     0.53121695
1941  8 17     0.50490750
1941  8 18     0.48816644
1941  8 19     0.47298628
1941  8 20     0.45901854
1941  8 21     0.44546633
1941  8 22     0.43231647
1941  8 23     0.41955693
1941  8 24     0.40717585
1941  8 25     0.39516233
1941  8 26     0.38350354
1941  8 27     0.37218995
1941  8 28     0.36121613
1941  8 29     0.35099550
1941  8 30     0.34078853
1941  8 31     0.33074180
1941  9  1     0.32093026
1941  9  2     0.38853274
1941  9  3     0.32872603
1941  9  4     0.29425766
1941  9  5     0.28480099
1941  9  6     0.27597484
1941  9  7     0.26777565
1941  9  8     0.25988068
1941  9  9     0.25221895
1941  9 10     0.24478299
1941  9 11     0.23756681
1941  9 12     0.23071433
1941  9 13     0.22387451
1941  9 14     0.21738448
1941  9 15     0.21086610
1941  9 16     0.20456631
1941  9 17     0.19852388
1941  9 18     0.19267162
1941  9 19     0.18699218
1941  9 20     0.18190972
1941  9 21     0.18464517
1941  9 22     0.17506124
1941  9 23     0.16591043
1941  9 24     0.16100832
1941  9 25     0.15626212
1941  9 26     0.15165624
1941  9 27     0.14718555
1941  9 28     0.14284655
1941  9 29     0.13863616
1941  9 30     0.13454931
1941 10  1     0.13058287
1941 10  2     0.12673360
1941 10  3     0.12299779
1941 10  4     0.11937212
1941 10  5     0.13215646
1941 10  6     0.12500184
1941 10  7     0.11100773
1941 10  8     0.10590720
1941 10  9     0.10278529
1941 10 10     0.09975543
1941 10 11     0.16374766
1941 10 12     0.13828811
1941 10 13     0.14252889
1941 10 14     0.10349957
1941 10 15     0.08692082
1941 10 16     0.08392846
1941 10 17     0.08110660
1941 10 18     0.07854371
1941 10 19     0.09217910
1941 10 20     0.20298883
1941 10 21     0.30710514
1941 10 22     0.17610093
1941 10 23     0.09520329
1941 10 24     0.07408350
1941 10 25     0.06988261
1941 10 26     0.06606560
1941 10 27     0.42513894
1941 10 28     0.18340894
1941 10 29     0.07556223
1941 10 30     0.06083734
1941 10 31     0.05734264
1941 11  1     0.13566605
1941 11  2     1.37292589
1941 11  3     0.92523507
1941 11  4     0.37781734
1941 11  5     0.18762678
1941 11  6     0.15577042
1941 11  7     0.14364483
1941 11  8     0.13507501
1941 11  9     0.12627824
1941 11 10     0.11840138
1941 11 11     0.11114122
1941 11 12     0.10540663
1941 11 13     0.10101330
1941 11 14     0.09732941
1941 11 15     0.09362490
1941 11 16     0.42829179
1941 11 17     0.22510683
1941 11 18     0.11433208
1941 11 19     0.09923270
1941 11 20     0.09166141
1941 11 21     0.08702720
1941 11 22     0.08309009
1941 11 23     0.07951495
1941 11 24     0.07666299
1941 11 25     0.07793513
1941 11 26     0.07735483
1941 11 27     0.07624498
1941 11 28     0.07184236
1941 11 29     0.27382857
1941 11 30     0.55647047
1941 12  1     0.25866970
1941 12  2     0.84810162
1941 12  3     5.76252304
1941 12  4     3.18066472
1941 12  5     1.08757252
1941 12  6     0.86694631
1941 12  7     0.73493028
1941 12  8     0.64649166
1941 12  9     0.58337488
1941 12 10     0.78902209
1941 12 11     0.60528981
1941 12 12     0.51772757
1941 12 13     0.51961993
1941 12 14     1.43393089
1941 12 15     2.49103618
1941 12 16     2.49893777
1941 12 17     1.43054298
1941 12 18     1.20616810
1941 12 19     1.29463952
1941 12 20     1.02499285
1941 12 21     0.96415562
1941 12 22     0.82261985
1941 12 23     1.16765820
1941 12 24     0.82181047
1941 12 25     0.87353228
1941 12 26     0.81283083
1941 12 27     0.96428035
1941 12 28     2.29807944
1941 12 29     3.10246307
1941 12 30     3.80210466
1941 12 31     2.60435779
1942  1  1     1.39834372
1942  1  2     1.04322403
1942  1  3     0.85119935
1942  1  4     0.71982074
1942  1  5     0.63144570
1942  1  6     0.56972650
1942  1  7     0.63566460
1942  1  8     1.68519575
1942  1  9     0.98701134
1942  1 10     0.75292295
1942  1 11     0.68919237
1942  1 12     0.63194789
1942  1 13     0.59174240
1942  1 14     0.57739808
1942  1 15     0.55679242
1942  1 16     0.52478185
1942  1 17     0.49494457
1942  1 18     0.48501687
1942  1 19     0.48399763
1942  1 20     0.48575681
1942  1 21     0.48837924
1942  1 22     2.01270231
1942  1 23     4.27324240
1942  1 24     8.67866794
1942  1 25    17.21431295
1942  1 26    15.31672374
1942  1 27    20.01224290
1942  1 28    17.90592881
1942  1 29     9.22855012
1942  1 30     6.22681487
1942  1 31     5.39085265
1942  2  1     5.40694309
1942  2  2     7.66668001
1942  2  3     8.42948514
1942  2  4     9.97509027
1942  2  5    16.48887884
1942  2  6    11.89075897
1942  2  7     8.83798822
1942  2  8     6.54421787
1942  2  9     5.30563993
1942  2 10     4.79929375
1942  2 11     4.42562065
1942  2 12     4.16191805
1942  2 13     3.92297112
1942  2 14     3.71495359
1942  2 15     3.55045235
1942  2 16     3.39086508
1942  2 17     3.25029299
1942  2 18     3.12178240
1942  2 19     3.00342151
1942  2 20     2.89543360
1942  2 21     3.89675384
1942  2 22     3.78626116
1942  2 23     2.98486572
1942  2 24     2.96115750
1942  2 25     2.71477450
1942  2 26     2.64881668
1942  2 27     2.51506981
1942  2 28     2.40917844
1942  3  1     2.33772518
1942  3  2     2.28118075
1942  3  3     2.19447919
1942  3  4     2.16687667
1942  3  5     2.13597001
1942  3  6     2.11787304
1942  3  7     2.11346746
1942  3  8     2.12798492
1942  3  9     2.14465532
1942  3 10     3.74474895
1942  3 11     5.93710362
1942  3 12     5.18643677
1942  3 13     4.69119248
1942  3 14     4.59311665
1942  3 15     3.33873709
1942  3 16     2.91482143
1942  3 17     2.78074888
1942  3 18     2.66032241
1942  3 19     2.38617450
1942  3 20     2.23397971
1942  3 21     2.17937388
1942  3 22     2.16075225
1942  3 23     2.13375099
1942  3 24     1.95380453
1942  3 25     1.84334529
1942  3 26     1.78150748
1942  3 27     1.73008501
1942  3 28     1.76064637
1942  3 29     1.89840636
1942  3 30     2.14210165
1942  3 31     2.38939689
1942  4  1     2.23914255
1942  4  2     2.13393842
1942  4  3     2.75472502
1942  4  4     5.29423349
1942  4  5     6.91661285
1942  4  6     4.51677125
1942  4  7     3.29751057
1942  4  8     2.95162524
1942  4  9     3.06078058
1942  4 10     4.60461429
1942  4 11     3.89193900
1942  4 12     3.48139940
1942  4 13     3.36217159
1942  4 14    14.47998861
1942  4 15     7.36805748
1942  4 16     5.57048568
1942  4 17     6.82169285
1942  4 18     4.24129067
1942  4 19     4.35264575
1942  4 20     4.59733750
1942  4 21     4.82413192
1942  4 22     4.47026208
1942  4 23     3.65250001
1942  4 24     3.45265600
1942  4 25     3.52673763
1942  4 26     3.19196037
1942  4 27     5.13033021
1942  4 28     6.37360719
1942  4 29     3.95460007
1942  4 30     4.91831501
1942  5  1    11.44842063
1942  5  2     6.20136143
1942  5  3     4.36367112
1942  5  4     4.15238144
1942  5  5     4.09362628
1942  5  6     4.35645930
1942  5  7     4.69360661
1942  5  8     4.62707917
1942  5  9     4.47397340
1942  5 10     3.78416069
1942  5 11     6.33160625
1942  5 12     5.54345847
1942  5 13     3.95521251
1942  5 14     3.73168064
1942  5 15     9.48886792
1942  5 16     6.31936369
1942  5 17     4.76773202
1942  5 18     4.87309955
1942  5 19     5.25608787
1942  5 20     5.79575598
1942  5 21     6.18916096
1942  5 22     6.02871944
1942  5 23     5.31570105
1942  5 24     5.17532954
1942  5 25     8.76204482
1942  5 26     7.15190308
1942  5 27     5.22491273
1942  5 28     4.52327370
1942  5 29     4.04100199
1942  5 30     3.84956301
1942  5 31     4.08206956
1942  6  1     4.44546483
1942  6  2     4.37998479
1942  6  3     4.38013160
1942  6  4     4.64712202
1942  6  5     5.06154951
1942  6  6     5.27200682
1942  6  7     4.92610451
1942  6  8     4.65904358
1942  6  9     4.83360849
1942  6 10     4.93226918
1942  6 11     4.91371393
1942  6 12     4.86917185
1942  6 13     4.76783764
1942  6 14     4.76582910
1942  6 15     4.75771538
1942  6 16     4.69422349
1942  6 17     4.69528561
1942  6 18     4.64553216
1942  6 19     4.51592646
1942  6 20     4.29398349
1942  6 21     4.15829373
1942  6 22     4.19790766
1942  6 23     4.21876524
1942  6 24     4.07166523
1942  6 25     3.81340862
1942  6 26     3.51279078
1942  6 27     3.34931608
1942  6 28     3.30827623
1942  6 29     3.37193376
1942  6 30     3.36802977
1942  7  1     3.22872651
1942  7  2     3.01846325
1942  7  3     2.82192870
1942  7  4     2.59822138
1942  7  5     2.37299299
1942  7  6     2.20701507
1942  7  7     2.10772186
1942  7  8     2.02820663
1942  7  9     1.95441847
1942  7 10     1.85559044
1942  7 11     1.75577870
1942  7 12     1.68162500
1942  7 13     1.62002145
1942  7 14     1.56256290
1942  7 15     1.50859309
1942  7 16     1.45613020
1942  7 17     1.40589450
1942  7 18     1.35976488
1942  7 19     1.32204808
1942  7 20     1.27692027
1942  7 21     1.23369890
1942  7 22     1.19501387
1942  7 23     1.15738228
1942  7 24     1.12117968
1942  7 25     1.08734889
1942  7 26     1.05450821
1942  7 27     1.02198481
1942  7 28     0.99162952
1942  7 29     0.96151897
1942  7 30     0.93322061
1942  7 31     0.90523301
1942  8  1     0.87802171
1942  8  2     0.85180810
1942  8  3     0.82647605
1942  8  4     0.80137187
1942  8  5     0.77694171
1942  8  6     0.75391890
1942  8  7     0.73142013
1942  8  8     0.70953913
1942  8  9     0.68839577
1942  8 10     0.66832310
1942  8 11     0.64887928
1942  8 12     0.62986508
1942  8 13     0.61119337
1942  8 14     0.59344089
1942  8 15     0.57532640
1942  8 16     0.55799010
1942  8 17     0.54131646
1942  8 18     0.52526229
1942  8 19     0.50981950
1942  8 20     0.49499622
1942  8 21     0.48008780
1942  8 22     0.46557497
1942  8 23     0.45179548
1942  8 24     0.43871077
1942  8 25     0.42673248
1942  8 26     0.41474194
1942  8 27     0.40303031
1942  8 28     0.39173059
1942  8 29     0.38008148
1942  8 30     0.36797959
1942  8 31     0.35642008
1942  9  1     0.34554559
1942  9  2     0.33575241
1942  9  3     0.32624500
1942  9  4     0.31633393
1942  9  5     0.30704826
1942  9  6     0.29775931
1942  9  7     0.28871733
1942  9  8     0.28081695
1942  9  9     0.27317885
1942  9 10     0.30670300
1942  9 11     0.27947245
1942  9 12     0.25016211
1942  9 13     0.24105659
1942  9 14     0.23388580
1942  9 15     0.22699100
1942  9 16     0.22031087
1942  9 17     0.21381216
1942  9 18     0.20750268
1942  9 19     0.20138654
1942  9 20     0.19544991
1942  9 21     0.18968833
1942  9 22     0.18409650
1942  9 23     0.17866953
1942  9 24     0.17340279
1942  9 25     0.16829130
1942  9 26     0.16333051
1942  9 27     0.15851592
1942  9 28     0.15384325
1942  9 29     0.14930834
1942  9 30     0.14490710
1942 10  1     0.14063561
1942 10  2     0.13649001
1942 10  3     0.13246662
1942 10  4     0.12856183
1942 10  5     0.12477215
1942 10  6     0.12109417
1942 10  7     0.11752462
1942 10  8     0.11406029
1942 10  9     0.11069807
1942 10 10     0.20360374
1942 10 11     0.32612053
1942 10 12     0.20236677
1942 10 13     0.11643941
1942 10 14     0.10212792
1942 10 15     0.10268568
1942 10 16     0.09433408
1942 10 17     0.08732313
1942 10 18     0.08458998
1942 10 19     0.08207319
1942 10 20     0.07965292
1942 10 21     0.07730495
1942 10 22     0.07502619
1942 10 23     0.07281460
1942 10 24     0.07066821
1942 10 25     0.06873781
1942 10 26     0.06660128
1942 10 27     0.06492524
1942 10 28     0.06346414
1942 10 29     0.06190176
1942 10 30     0.05990298
1942 10 31     0.05752804
1942 11  1     0.05569480
1942 11  2     0.05399877
1942 11  3     0.65961171
1942 11  4     0.25861520
1942 11  5     0.10131539
1942 11  6     0.06463625
1942 11  7     0.05193378
1942 11  8     0.05178688
1942 11  9     0.05103788
1942 11 10     0.04892674
1942 11 11     0.04962117
1942 11 12     0.04819594
1942 11 13     0.04395760
1942 11 14     0.27513596
1942 11 15     1.04066055
1942 11 16     0.89907894
1942 11 17     2.06363820
1942 11 18     4.16409908
1942 11 19     1.86824074
1942 11 20     0.58686995
1942 11 21     0.41262321
1942 11 22     0.32725332
1942 11 23     0.28411365
1942 11 24     0.52109184
1942 11 25     0.39790030
1942 11 26     0.27824580
1942 11 27     1.62258891
1942 11 28     0.93835988
1942 11 29     0.50949603
1942 11 30     0.44283427
1942 12  1     0.40076006
1942 12  2     0.87132331
1942 12  3     0.59350274
1942 12  4     0.42453496
1942 12  5     0.40001336
1942 12  6     0.85456302
1942 12  7     0.48625044
1942 12  8     0.37950863
1942 12  9     0.33582689
1942 12 10     0.30912178
1942 12 11     0.29395420
1942 12 12     0.28241419
1942 12 13     0.27178858
1942 12 14     0.26353600
1942 12 15     0.25676756
1942 12 16     0.25334633
1942 12 17     0.24462609
1942 12 18     0.23068935
1942 12 19     0.22711143
1942 12 20     0.23151436
1942 12 21     0.21245270
1942 12 22     1.93277922
1942 12 23     5.94861826
1942 12 24     7.55480521
1942 12 25     4.30319291
1942 12 26     2.04945956
1942 12 27     1.65759282
1942 12 28     2.89355079
1942 12 29     2.28380168
1942 12 30     1.61662460
1942 12 31     1.42261796
1943  1  1     1.29479774
1943  1  2     1.20786530
1943  1  3     1.11774664
1943  1  4     1.05268837
1943  1  5     0.99935283
1943  1  6     0.95193892
1943  1  7     0.91153221
1943  1  8     0.87875388
1943  1  9     0.84923115
1943  1 10     0.81623334
1943  1 11     0.78316130
1943  1 12     0.75417612
1943  1 13     0.73516460
1943  1 14     0.73048003
1943  1 15     0.71842809
1943  1 16     0.68506012
1943  1 17     0.64602926
1943  1 18     0.62052617
1943  1 19     0.59800762
1943  1 20     7.26542286
1943  1 21    24.32598812
1943  1 22    27.30658342
1943  1 23    28.04204352
1943  1 24    15.90950542
1943  1 25     9.32888901
1943  1 26     9.85812407
1943  1 27     8.42061282
1943  1 28     5.94912866
1943  1 29     8.95764123
1943  1 30    15.99544004
1943  1 31     8.68716698
1943  2  1     5.78128911
1943  2  2     5.10095335
1943  2  3     4.61953907
1943  2  4     4.28138952
1943  2  5     3.98918936
1943  2  6     3.75940493
1943  2  7     9.89290083
1943  2  8     8.91591170
1943  2  9     5.57208740
1943  2 10     4.38698457
1943  2 11     4.02798663
1943  2 12     3.76056737
1943  2 13     3.61254044
1943  2 14     3.56043706
1943  2 15     3.51666828
1943  2 16     3.42252430
1943  2 17     3.25850765
1943  2 18     3.17426617
1943  2 19     3.14813057
1943  2 20     3.11041023
1943  2 21     4.29767158
1943  2 22     4.68307977
1943  2 23     4.57131212
1943  2 24     6.44829295
1943  2 25     6.95140408
1943  2 26     4.99995949
1943  2 27     4.23287695
1943  2 28     3.38901195
1943  3  1     3.09329703
1943  3  2     2.90687600
1943  3  3     4.85398174
1943  3  4     9.00389332
1943  3  5    12.24876862
1943  3  6     8.73101930
1943  3  7     6.27066759
1943  3  8    10.39865344
1943  3  9    14.87358422
1943  3 10    22.02626001
1943  3 11    11.23062464
1943  3 12     6.91803758
1943  3 13     6.01074125
1943  3 14    10.10144839
1943  3 15     7.13876208
1943  3 16     5.42316627
1943  3 17     8.18115229
1943  3 18     6.49879149
1943  3 19     5.11654654
1943  3 20     4.58536217
1943  3 21     6.60846787
1943  3 22     6.12209557
1943  3 23     5.06838420
1943  3 24     4.58760071
1943  3 25     4.45362434
1943  3 26     4.47036518
1943  3 27     4.37404908
1943  3 28     4.34939411
1943  3 29     6.42386008
1943  3 30     5.15546309
1943  3 31     4.16078292
1943  4  1     4.04299010
1943  4  2     4.07430877
1943  4  3     4.01301628
1943  4  4     3.88032594
1943  4  5     4.07134710
1943  4  6     3.95613401
1943  4  7     3.73068956
1943  4  8     4.09078697
1943  4  9     3.38144006
1943  4 10     3.09714325
1943  4 11     2.94917708
1943  4 12     2.98337391
1943  4 13     3.28682487
1943  4 14     3.61252609
1943  4 15     3.57896641
1943  4 16     3.42244814
1943  4 17     3.19635603
1943  4 18     3.18780942
1943  4 19     3.19057239
1943  4 20     3.00326217
1943  4 21     2.95171437
1943  4 22     2.94478423
1943  4 23     2.96128467
1943  4 24     2.88422255
1943  4 25     2.70598071
1943  4 26     2.44364517
1943  4 27     2.50259074
1943  4 28     9.36151152
1943  4 29     6.04120370
1943  4 30     3.77226446
1943  5  1     3.69125866
1943  5  2     3.58189373
1943  5  3     3.42418704
1943  5  4     3.45013914
1943  5  5     3.13173716
1943  5  6     2.93974280
1943  5  7     2.80573797
1943  5  8     2.64628637
1943  5  9     2.60925394
1943  5 10     2.63927419
1943  5 11     2.57939813
1943  5 12     2.36949100
1943  5 13     2.20223902
1943  5 14     2.06863263
1943  5 15     1.94521619
1943  5 16     1.85564275
1943  5 17     1.81732529
1943  5 18     1.80370149
1943  5 19     1.85932424
1943  5 20     1.94046470
1943  5 21     2.03509419
1943  5 22     2.21093864
1943  5 23     2.39400392
1943  5 24     2.42631870
1943  5 25     2.44632423
1943  5 26     2.38505906
1943  5 27     2.31197481
1943  5 28     2.25165634
1943  5 29     2.05749000
1943  5 30     2.24253788
1943  5 31     2.52848616
1943  6  1     3.18969144
1943  6  2     2.47308920
1943  6  3     1.86551813
1943  6  4     1.83504149
1943  6  5     1.67427589
1943  6  6     1.65776861
1943  6  7     1.70642344
1943  6  8     1.73953539
1943  6  9     1.78437731
1943  6 10     1.74217114
1943  6 11     1.65537769
1943  6 12     1.51493780
1943  6 13     1.40750393
1943  6 14     1.35141556
1943  6 15     1.37414454
1943  6 16     1.43374614
1943  6 17     1.50018260
1943  6 18     1.53996088
1943  6 19     1.50707664
1943  6 20     1.39518958
1943  6 21     1.29258061
1943  6 22     1.20267435
1943  6 23     1.13190420
1943  6 24     1.09110351
1943  6 25     1.07495137
1943  6 26     1.04684399
1943  6 27     1.03352728
1943  6 28     1.01660084
1943  6 29     0.96719830
1943  6 30     0.90185462
1943  7  1     0.94965363
1943  7  2     0.87444176
1943  7  3     0.80064438
1943  7  4     0.77483829
1943  7  5     0.74980311
1943  7  6     0.72678255
1943  7  7     0.70365301
1943  7  8     0.67957289
1943  7  9     0.65734395
1943  7 10     0.63724354
1943  7 11     0.61792244
1943  7 12     0.59821308
1943  7 13     0.57778356
1943  7 14     0.55925079
1943  7 15     0.54229432
1943  7 16     0.52581685
1943  7 17     0.50981949
1943  7 18     0.49605091
1943  7 19     0.47941243
1943  7 20     0.60013889
1943  7 21     0.51363052
1943  7 22     0.43861840
1943  7 23     0.42415341
1943  7 24     0.41118791
1943  7 25     0.39879746
1943  7 26     0.38664819
1943  7 27     0.37491540
1943  7 28     0.36335299
1943  7 29     0.35240787
1943  7 30     0.34207019
1943  7 31     0.33192039
1943  8  1     0.32287298
1943  8  2     0.31340796
1943  8  3     0.30389719
1943  8  4     0.29498301
1943  8  5     0.28625853
1943  8  6     0.27763986
1943  8  7     0.26941369
1943  8  8     0.26139276
1943  8  9     0.25355123
1943  8 10     0.24596772
1943  8 11     0.23864833
1943  8 12     0.23150052
1943  8 13     0.22428417
1943  8 14     0.21756940
1943  8 15     0.21104892
1943  8 16     0.20497269
1943  8 17     0.19889862
1943  8 18     0.19283133
1943  8 19     0.18721106
1943  8 20     0.18206905
1943  8 21     0.17691680
1943  8 22     0.17147224
1943  8 23     0.16649505
1943  8 24     0.16180690
1943  8 25     0.15701507
1943  8 26     0.15195854
1943  8 27     0.14715583
1943  8 28     0.14276283
1943  8 29     0.13855437
1943  8 30     0.13451496
1943  8 31     0.13051675
1943  9  1     0.12665833
1943  9  2     0.12292458
1943  9  3     0.11930091
1943  9  4     0.11578443
1943  9  5     0.11237111
1943  9  6     0.10905835
1943  9  7     0.10584350
1943  9  8     0.10273830
1943  9  9     0.09969944
1943  9 10     0.09675732
1943  9 11     0.09390475
1943  9 12     0.09113607
1943  9 13     0.08844964
1943  9 14     0.08584234
1943  9 15     0.08331187
1943  9 16     0.08085604
1943  9 17     0.07847260
1943  9 18     0.07615942
1943  9 19     0.07391443
1943  9 20     0.07173561
1943  9 21     0.06962102
1943  9 22     0.06756878
1943  9 23     0.06557701
1943  9 24     0.06364395
1943  9 25     0.06182677
1943  9 26     0.06009444
1943  9 27     0.05824126
1943  9 28     0.05646503
1943  9 29     0.05480057
1943  9 30     0.05318519
1943 10  1     0.05161742
1943 10  2     0.05009587
1943 10  3     0.04861916
1943 10  4     0.04718599
1943 10  5     0.04579507
1943 10  6     0.04444514
1943 10  7     0.04313501
1943 10  8     0.05972801
1943 10  9     0.05405684
1943 10 10     0.04181496
1943 10 11     0.03826951
1943 10 12     0.03714137
1943 10 13     0.03604653
1943 10 14     0.03498397
1943 10 15     0.03395273
1943 10 16     0.03295189
1943 10 17     0.04973869
1943 10 18     0.19407333
1943 10 19     0.11579981
1943 10 20     0.07493787
1943 10 21     0.82683073
1943 10 22     0.46070163
1943 10 23     0.11701812
1943 10 24     0.06030346
1943 10 25     0.04458724
1943 10 26     0.09125914
1943 10 27     0.09201781
1943 10 28     0.05518958
1943 10 29     0.02872269
1943 10 30     0.02362433
1943 10 31     0.02220487
1943 11  1     0.02115405
1943 11  2     0.02081509
1943 11  3     0.01986417
1943 11  4     0.01875912
1943 11  5     0.01811887
1943 11  6     0.01757915
1943 11  7     0.01706096
1943 11  8     0.01657210
1943 11  9     0.01607345
1943 11 10     0.01559626
1943 11 11     0.01513652
1943 11 12     0.01469033
1943 11 13     0.01425730
1943 11 14     0.01383703
1943 11 15     0.01342915
1943 11 16     0.01303329
1943 11 17     0.01812299
1943 11 18     0.01503817
1943 11 19     0.14086563
1943 11 20     0.25140366
1943 11 21     0.25680956
1943 11 22     0.07929318
1943 11 23     0.02403902
1943 11 24     0.01498010
1943 11 25     0.01385653
1943 11 26     0.01388828
1943 11 27     0.01307703
1943 11 28     0.01294901
1943 11 29     0.01354201
1943 11 30     0.03893270
1943 12  1     0.02328599
1943 12  2     0.01055830
1943 12  3     0.01037045
1943 12  4     0.01036707
1943 12  5     0.21400324
1943 12  6     0.10493956
1943 12  7     0.01858938
1943 12  8     0.01268169
1943 12  9     0.01086393
1943 12 10     0.00977137
1943 12 11     0.00904991
1943 12 12     0.00861895
1943 12 13     0.00815061
1943 12 14     0.00781011
1943 12 15     0.00751072
1943 12 16     0.00721876
1943 12 17     0.00715087
1943 12 18     0.00777027
1943 12 19     0.12897553
1943 12 20     1.12370153
1943 12 21     0.75961832
1943 12 22     0.15900709
1943 12 23     0.07851809
1943 12 24     0.04524932
1943 12 25     0.05732742
1943 12 26     0.03366072
1943 12 27     0.01298695
1943 12 28     0.01145704
1943 12 29     0.03106242
1943 12 30     0.39454323
1943 12 31     0.33771141
1944  1  1     0.08246897
1944  1  2     0.58408323
1944  1  3     0.95288292
1944  1  4     0.26282075
1944  1  5     0.62871410
1944  1  6     0.74934659
1944  1  7     0.20493431
1944  1  8     0.13174644
1944  1  9     0.09816756
1944  1 10     0.17806976
1944  1 11     0.09374719
1944  1 12     0.07434862
1944  1 13     0.06181384
1944  1 14     0.05819532
1944  1 15     0.05460396
1944  1 16     0.05595686
1944  1 17     0.05407914
1944  1 18     0.05788278
1944  1 19     0.06427803
1944  1 20     0.06658331
1944  1 21     0.06749044
1944  1 22     0.07020368
1944  1 23     1.24548038
1944  1 24     1.63110250
1944  1 25     0.46892638
1944  1 26     0.28450038
1944  1 27     0.22343406
1944  1 28     0.18198629
1944  1 29     0.15579529
1944  1 30     0.60970527
1944  1 31     1.70135627
1944  2  1     1.08905573
1944  2  2     0.63292378
1944  2  3     1.40216285
1944  2  4     1.03656983
1944  2  5     0.58080365
1944  2  6     0.51746891
1944  2  7     0.86622721
1944  2  8     2.55801272
1944  2  9     2.90951914
1944  2 10     1.16756527
1944  2 11     0.83651502
1944  2 12     0.73607224
1944  2 13     0.66749481
1944  2 14     0.64907360
1944  2 15     0.65948553
1944  2 16     0.56192749
1944  2 17     0.53820413
1944  2 18     0.50653562
1944  2 19     0.48421874
1944  2 20     0.46604899
1944  2 21     0.99061482
1944  2 22     3.63925511
1944  2 23     1.56455222
1944  2 24     0.79576515
1944  2 25     0.67385296
1944  2 26     0.59645781
1944  2 27     0.53835171
1944  2 28     1.25424023
1944  2 29     5.82775079
1944  3  1     3.34802375
1944  3  2     1.47563432
1944  3  3     1.08085392
1944  3  4     5.65137814
1944  3  5     3.81017236
1944  3  6     1.66283155
1944  3  7     1.29794074
1944  3  8     1.13573262
1944  3  9     1.04788599
1944  3 10     1.05512539
1944  3 11     1.06464537
1944  3 12     1.46517231
1944  3 13     1.21292228
1944  3 14     0.94034750
1944  3 15     0.86941247
1944  3 16     0.86275996
1944  3 17     1.06979751
1944  3 18     1.28361845
1944  3 19     1.23939955
1944  3 20     1.04663942
1944  3 21     0.95435226
1944  3 22     1.11388470
1944  3 23     1.18099652
1944  3 24     1.27131335
1944  3 25     1.18730339
1944  3 26     1.03196557
1944  3 27     0.98457662
1944  3 28     1.04602138
1944  3 29     1.21522770
1944  3 30     1.39387628
1944  3 31     1.65332461
1944  4  1     1.83365251
1944  4  2     2.03012173
1944  4  3     2.23952071
1944  4  4     2.06278354
1944  4  5     1.74228812
1944  4  6     1.53493839
1944  4  7     1.58492108
1944  4  8     2.58683432
1944  4  9     2.27708105
1944  4 10     1.77401866
1944  4 11     6.07909787
1944  4 12     4.16926106
1944  4 13     2.43533859
1944  4 14     2.46736457
1944  4 15     2.24770178
1944  4 16     1.89020757
1944  4 17     1.70342060
1944  4 18     1.61706649
1944  4 19     3.36853838
1944  4 20     5.30968658
1944  4 21     3.21330784
1944  4 22     2.34628662
1944  4 23     2.54776606
1944  4 24     2.49769345
1944  4 25     2.03838806
1944  4 26     1.97807166
1944  4 27     2.48485250
1944  4 28     2.90040798
1944  4 29     2.65997102
1944  4 30     2.70186540
1944  5  1     3.09743386
1944  5  2     3.48426859
1944  5  3     3.79816299
1944  5  4     4.10638611
1944  5  5     4.35900808
1944  5  6     4.59212736
1944  5  7     4.67615838
1944  5  8     4.56369597
1944  5  9     4.47589312
1944  5 10     4.06335291
1944  5 11     3.63324511
1944  5 12     3.43459661
1944  5 13     3.56195581
1944  5 14     3.91472417
1944  5 15     4.75367605
1944  5 16     3.64444049
1944  5 17     3.25318520
1944  5 18     3.44875923
1944  5 19     3.31927242
1944  5 20     3.30090812
1944  5 21     3.47681283
1944  5 22     3.72520557
1944  5 23     3.45384270
1944  5 24     3.17291407
1944  5 25     3.27789599
1944  5 26     3.50432370
1944  5 27     3.68440155
1944  5 28     3.90570658
1944  5 29     3.66874540
1944  5 30     3.25270604
1944  5 31     2.99594331
1944  6  1     2.94491792
1944  6  2     3.11863293
1944  6  3     2.76110464
1944  6  4     2.63888554
1944  6  5     2.83613193
1944  6  6     2.99822198
1944  6  7     3.00192811
1944  6  8     2.80504384
1944  6  9     2.52324495
1944  6 10     2.37235349
1944  6 11     2.34619672
1944  6 12     2.33352743
1944  6 13     2.25897107
1944  6 14     2.07949225
1944  6 15     1.86066974
1944  6 16     1.72734814
1944  6 17     1.69004672
1944  6 18     1.67774575
1944  6 19     1.66053062
1944  6 20     1.61784635
1944  6 21     1.58761803
1944  6 22     1.54480358
1944  6 23     1.60582543
1944  6 24     1.54699828
1944  6 25     1.48609819
1944  6 26     1.49365120
1944  6 27     1.47364258
1944  6 28     1.44445288
1944  6 29     1.40299066
1944  6 30     1.31205757
1944  7  1     1.23976442
1944  7  2     1.19219029
1944  7  3     1.15367154
1944  7  4     1.11434949
1944  7  5     1.04318584
1944  7  6     0.98316451
1944  7  7     0.94418017
1944  7  8     0.91024562
1944  7  9     0.87895519
1944  7 10     0.84933539
1944  7 11     0.82113304
1944  7 12     0.79444878
1944  7 13     0.76897160
1944  7 14     0.74502070
1944  7 15     0.72154071
1944  7 16     0.69900982
1944  7 17     0.67731524
1944  7 18     0.65654103
1944  7 19     0.63674086
1944  7 20     0.61742101
1944  7 21     0.59871078
1944  7 22     0.58069692
1944  7 23     0.56339834
1944  7 24     0.54924024
1944  7 25     0.53284448
1944  7 26     0.51834289
1944  7 27     0.50062357
1944  7 28     0.48396288
1944  7 29     0.46952138
1944  7 30     0.45547025
1944  7 31     0.44153932
1944  8  1     0.42865148
1944  8  2     0.41651659
1944  8  3     0.40403344
1944  8  4     0.39159249
1944  8  5     0.37992198
1944  8  6     0.36870611
1944  8  7     0.35782373
1944  8  8     0.34731515
1944  8  9     0.33702831
1944  8 10     0.32707186
1944  8 11     0.31742283
1944  8 12     0.30805961
1944  8 13     0.29897296
1944  8 14     0.29015496
1944  8 15     0.28159810
1944  8 16     0.27329352
1944  8 17     0.26523425
1944  8 18     0.25741319
1944  8 19     0.24982337
1944  8 20     0.24245784
1944  8 21     0.23530885
1944  8 22     0.22837051
1944  8 23     0.22163754
1944  8 24     0.21510311
1944  8 25     0.20876145
1944  8 26     0.20260747
1944  8 27     0.19663449
1944  8 28     0.19083719
1944  8 29     0.18521114
1944  8 30     0.17975120
1944  8 31     0.17445226
1944  9  1     0.16930975
1944  9  2     0.16431897
1944  9  3     0.15947475
1944  9  4     0.15477340
1944  9  5     0.15021093
1944  9  6     0.14578297
1944  9  7     0.14148559
1944  9  8     0.13731484
1944  9  9     0.13326745
1944  9 10     0.12933880
1944  9 11     0.12552626
1944  9 12     0.12182584
1944  9 13     0.11823442
1944  9 14     0.11474952
1944  9 15     0.11136679
1944  9 16     0.10808373
1944  9 17     0.10489767
1944  9 18     0.10180555
1944  9 19     0.09880457
1944  9 20     0.09909597
1944  9 21     0.18461624
1944  9 22     0.12980280
1944  9 23     0.08766051
1944  9 24     0.08507560
1944  9 25     0.08256778
1944  9 26     0.08013389
1944  9 27     0.07777174
1944  9 28     0.07547922
1944  9 29     0.07325429
1944  9 30     0.11003156
1944 10  1     0.09306063
1944 10  2     0.07533641
1944 10  3     0.06605017
1944 10  4     0.06362611
1944 10  5     0.06146180
1944 10  6     0.05946937
1944 10  7     0.05766524
1944 10  8     0.16842882
1944 10  9     0.09570167
1944 10 10     0.05286614
1944 10 11     0.05115643
1944 10 12     0.04964847
1944 10 13     0.04818496
1944 10 14     0.04676458
1944 10 15     0.04538608
1944 10 16     0.04404821
1944 10 17     0.04274978
1944 10 18     0.04148962
1944 10 19     0.04026661
1944 10 20     0.03907965
1944 10 21     0.08506276
1944 10 22     0.05740265
1944 10 23     0.03588741
1944 10 24     0.03467154
1944 10 25     0.03364951
1944 10 26     0.03265760
1944 10 27     0.03169494
1944 10 28     0.03187694
1944 10 29     0.03042106
1944 10 30     0.05835780
1944 10 31     2.24943899
1944 11  1     1.57886146
1944 11  2     0.45458526
1944 11  3     0.17196787
1944 11  4     1.55184281
1944 11  5     0.99279899
1944 11  6     0.32501043
1944 11  7     0.75018235
1944 11  8     0.40472080
1944 11  9     1.00781675
1944 11 10     6.47371223
1944 11 11     5.50649031
1944 11 12     2.65899456
1944 11 13     1.53073126
1944 11 14     1.18072189
1944 11 15     0.97603023
1944 11 16     0.85813355
1944 11 17     0.77759559
1944 11 18     0.71482718
1944 11 19     0.66945093
1944 11 20     0.63265236
1944 11 21     0.60853921
1944 11 22     0.59347122
1944 11 23     0.56348206
1944 11 24     0.53118633
1944 11 25     0.50967287
1944 11 26     0.50342627
1944 11 27     0.47891093
1944 11 28     0.46070923
1944 11 29     1.00065852
1944 11 30     0.82935173
1944 12  1     2.16455489
1944 12  2     1.75686488
1944 12  3     0.92554659
1944 12  4     0.75553578
1944 12  5     0.65809825
1944 12  6     0.59078741
1944 12  7     0.54860033
1944 12  8     0.52066008
1944 12  9     0.49480413
1944 12 10     0.47309700
1944 12 11     0.45217704
1944 12 12     0.43286154
1944 12 13     0.41843539
1944 12 14     0.40408674
1944 12 15     0.38917503
1944 12 16     0.37680742
1944 12 17     0.36475935
1944 12 18     0.35450137
1944 12 19     0.94588824
1944 12 20     1.60681111
1944 12 21     1.41953182
1944 12 22     4.50783573
1944 12 23     3.56278125
1944 12 24     1.76440114
1944 12 25     1.39375793
1944 12 26     1.19967998
1944 12 27     1.05472719
1944 12 28     2.07216803
1944 12 29     1.97626428
1944 12 30     1.22952998
1944 12 31     1.03512377
1945  1  1     0.90167182
1945  1  2     0.80519488
1945  1  3     0.73978534
1945  1  4     0.69590451
1945  1  5     0.66332039
1945  1  6     0.63424513
1945  1  7     0.61640746
1945  1  8     0.60294480
1945  1  9     0.59534530
1945  1 10     0.57657654
1945  1 11     0.54470517
1945  1 12     0.53486866
1945  1 13     0.54460340
1945  1 14     0.54698316
1945  1 15     0.66743528
1945  1 16     0.55117715
1945  1 17     0.90186659
1945  1 18     0.67062809
1945  1 19     0.55587009
1945  1 20     0.51480861
1945  1 21     0.48597972
1945  1 22     0.45946754
1945  1 23     0.43875948
1945  1 24     0.42159410
1945  1 25     0.41169309
1945  1 26     0.41506794
1945  1 27     0.39969599
1945  1 28     0.38420217
1945  1 29     0.38271242
1945  1 30     0.37431094
1945  1 31     2.24343010
1945  2  1    14.96278663
1945  2  2    29.01844954
1945  2  3    23.95398164
1945  2  4    10.24628304
1945  2  5     9.28071571
1945  2  6     6.68129874
1945  2  7     5.04511964
1945  2  8     4.65249187
1945  2  9     4.11526334
1945  2 10     3.69021185
1945  2 11     3.41924996
1945  2 12     3.21132532
1945  2 13     3.02894781
1945  2 14     5.48664612
1945  2 15     4.21351734
1945  2 16     3.20647354
1945  2 17     3.17700443
1945  2 18     4.24332451
1945  2 19     3.12744397
1945  2 20     2.79293726
1945  2 21     2.61137084
1945  2 22     2.46252000
1945  2 23     2.33542801
1945  2 24     2.22564550
1945  2 25     2.12980831
1945  2 26     2.04483943
1945  2 27     2.26818911
1945  2 28     2.11423162
1945  3  1     1.91875312
1945  3  2     1.83189635
1945  3  3     2.36948153
1945  3  4     3.64626203
1945  3  5     2.21981964
1945  3  6     3.81181428
1945  3  7     2.30435489
1945  3  8     1.95967691
1945  3  9     1.85747316
1945  3 10     1.77270697
1945  3 11     1.74708494
1945  3 12     1.70219583
1945  3 13     1.68483334
1945  3 14     1.74839296
1945  3 15    10.52165087
1945  3 16     5.63648920
1945  3 17     7.07646887
1945  3 18     5.05867199
1945  3 19     3.46866652
1945  3 20     2.69054557
1945  3 21     2.45004734
1945  3 22     3.73005646
1945  3 23     8.91628124
1945  3 24     3.76553770
1945  3 25     2.94800620
1945  3 26    10.36799133
1945  3 27     4.77415382
1945  3 28     2.97469561
1945  3 29     2.57669728
1945  3 30     2.41810475
1945  3 31     2.49967037
1945  4  1     2.43086020
1945  4  2     2.13765180
1945  4  3     1.97309505
1945  4  4     1.92548496
1945  4  5     1.95983983
1945  4  6     2.04165668
1945  4  7     2.14277847
1945  4  8     2.92782707
1945  4  9     2.57620831
1945  4 10     2.04314098
1945  4 11     1.97019453
1945  4 12     1.87908493
1945  4 13     1.73254938
1945  4 14     1.69028804
1945  4 15     2.00657402
1945  4 16     2.54160388
1945  4 17     3.05373167
1945  4 18     3.51177476
1945  4 19     3.98448291
1945  4 20     4.37108058
1945  4 21     4.38142535
1945  4 22     4.08561367
1945  4 23     4.08253312
1945  4 24     4.08611768
1945  4 25     3.73247496
1945  4 26     3.50096402
1945  4 27     3.39578965
1945  4 28     3.61781723
1945  4 29     4.17549960
1945  4 30     4.75247411
1945  5  1     6.26744669
1945  5  2     6.22385844
1945  5  3     6.03793439
1945  5  4     6.21637870
1945  5  5     5.97437116
1945  5  6     6.40745398
1945  5  7     6.39304514
1945  5  8     5.83655722
1945  5  9     5.35544373
1945  5 10     5.13232766
1945  5 11     4.65738464
1945  5 12     4.82527185
1945  5 13     6.33713289
1945  5 14     5.86939932
1945  5 15     4.54852217
1945  5 16     4.22439898
1945  5 17     3.89480466
1945  5 18     3.48436507
1945  5 19     3.22407794
1945  5 20     3.02268996
1945  5 21     2.93877722
1945  5 22     3.00272896
1945  5 23     2.99875525
1945  5 24     2.79813403
1945  5 25     2.64952589
1945  5 26     2.59382528
1945  5 27     2.50295575
1945  5 28     2.44335836
1945  5 29     2.87712266
1945  5 30     2.82270929
1945  5 31     2.61268493
1945  6  1     2.52001650
1945  6  2     2.53661717
1945  6  3     4.13309749
1945  6  4     6.11128628
1945  6  5     4.49129569
1945  6  6     3.25300634
1945  6  7     3.21891618
1945  6  8     3.00150850
1945  6  9     2.92941896
1945  6 10     2.94939744
1945  6 11     3.08482377
1945  6 12     3.28628004
1945  6 13     3.46046146
1945  6 14     3.40256109
1945  6 15     3.16865528
1945  6 16     3.12935067
1945  6 17     3.23407464
1945  6 18     3.31910741
1945  6 19     3.41861814
1945  6 20     3.42698134
1945  6 21     3.25014782
1945  6 22     2.99838500
1945  6 23     2.79767396
1945  6 24     2.72115519
1945  6 25     2.55936544
1945  6 26     2.37644118
1945  6 27     2.26238524
1945  6 28     2.16148584
1945  6 29     2.04095847
1945  6 30     1.93881638
1945  7  1     1.83721591
1945  7  2     1.73448799
1945  7  3     1.64511170
1945  7  4     1.53967954
1945  7  5     1.45642234
1945  7  6     1.39899250
1945  7  7     1.35637001
1945  7  8     1.31252407
1945  7  9     1.53978205
1945  7 10     1.32296066
1945  7 11     1.17981586
1945  7 12     1.13880049
1945  7 13     1.09670574
1945  7 14     1.06150929
1945  7 15     1.05064209
1945  7 16     1.00625859
1945  7 17     0.96387105
1945  7 18     0.93419849
1945  7 19     0.90561736
1945  7 20     0.87763644
1945  7 21     0.85056059
1945  7 22     0.82458715
1945  7 23     0.79975811
1945  7 24     0.77537191
1945  7 25     0.75175866
1945  7 26     0.72880290
1945  7 27     0.70681760
1945  7 28     0.68645810
1945  7 29     0.66583448
1945  7 30     0.64569181
1945  7 31     0.62632797
1945  8  1     0.60748345
1945  8  2     0.58966813
1945  8  3     0.57223892
1945  8  4     0.55506023
1945  8  5     0.59624786
1945  8  6     0.54980368
1945  8  7     0.50781188
1945  8  8     0.49245984
1945  8  9     0.47771923
1945  8 10     0.46354825
1945  8 11     0.44986554
1945  8 12     0.43684995
1945  8 13     0.42416112
1945  8 14     0.41160650
1945  8 15     0.39916664
1945  8 16     0.38710616
1945  8 17     0.37542632
1945  8 18     0.37742114
1945  8 19     0.37498747
1945  8 20     0.35270966
1945  8 21     0.33401803
1945  8 22     0.32278910
1945  8 23     0.31327147
1945  8 24     0.30403497
1945  8 25     0.29574082
1945  8 26     0.28727072
1945  8 27     0.27848958
1945  8 28     0.27011234
1945  8 29     0.26208461
1945  8 30     0.25461532
1945  8 31     0.24669735
1945  9  1     0.23937921
1945  9  2     0.23229343
1945  9  3     0.25719590
1945  9  4     0.26683484
1945  9  5     0.21770254
1945  9  6     0.20620063
1945  9  7     0.19997800
1945  9  8     0.19408263
1945  9  9     0.18836157
1945  9 10     0.18280893
1945  9 11     0.17741994
1945  9 12     0.17219057
1945  9 13     0.16711489
1945  9 14     0.16218804
1945  9 15     0.15740679
1945  9 16     0.15276694
1945  9 17     0.14826404
1945  9 18     0.14389329
1945  9 19     0.13965140
1945  9 20     0.13673946
1945  9 21     0.18267858
1945  9 22     0.17114161
1945  9 23     0.13229661
1945  9 24     0.12036677
1945  9 25     0.11670216
1945  9 26     0.11326206
1945  9 27     0.10992337
1945  9 28     0.10668310
1945  9 29     0.10353835
1945  9 30     0.10048630
1945 10  1     0.09752421
1945 10  2     0.09464944
1945 10  3     0.09185941
1945 10  4     0.08915162
1945 10  5     0.08805119
1945 10  6     0.08563661
1945 10  7     0.15557155
1945 10  8     0.29502285
1945 10  9     0.19778085
1945 10 10     0.13724943
1945 10 11     0.21696311
1945 10 12     0.16265268
1945 10 13     0.19180918
1945 10 14     0.10966226
1945 10 15     0.26326751
1945 10 16     0.24654715
1945 10 17     0.11969937
1945 10 18     0.08059493
1945 10 19     0.07621558
1945 10 20     0.07187697
1945 10 21     0.06839156
1945 10 22     0.06549181
1945 10 23     0.06288518
1945 10 24     0.06058538
1945 10 25     0.05847142
1945 10 26     0.05648797
1945 10 27     0.05466172
1945 10 28     0.05286743
1945 10 29     0.96959605
1945 10 30     4.36331844
1945 10 31     3.03858710
1945 11  1     1.13342142
1945 11  2     0.61442575
1945 11  3     0.47360982
1945 11  4     0.39165290
1945 11  5     0.34359215
1945 11  6     0.55869574
1945 11  7     0.58733804
1945 11  8     0.36319833
1945 11  9     0.31514192
1945 11 10     1.22517874
1945 11 11     1.51218106
1945 11 12     1.02061356
1945 11 13     0.62040911
1945 11 14     0.50816512
1945 11 15     1.92327150
1945 11 16     1.51015362
1945 11 17     1.99013777
1945 11 18     1.11396265
1945 11 19     0.83001132
1945 11 20     0.72727155
1945 11 21     0.65800271
1945 11 22     0.62540035
1945 11 23     0.59740911
1945 11 24     1.12159350
1945 11 25     2.01796016
1945 11 26     1.08380599
1945 11 27     0.78621436
1945 11 28     0.71401525
1945 11 29     1.87678717
1945 11 30     1.06969484
1945 12  1     0.79554369
1945 12  2     0.72178042
1945 12  3     0.66047734
1945 12  4     2.98683944
1945 12  5     5.02196773
1945 12  6     2.21216557
1945 12  7     1.40899646
1945 12  8     1.19233272
1945 12  9     1.03750748
1945 12 10     0.92739675
1945 12 11     0.85652372
1945 12 12     0.83530271
1945 12 13     0.76000776
1945 12 14     0.71591738
1945 12 15     0.69550004
1945 12 16     0.68452978
1945 12 17     0.63720184
1945 12 18     0.60875493
1945 12 19     0.58748803
1945 12 20     0.72262517
1945 12 21     8.72604182
1945 12 22    16.11379150
1945 12 23    14.61058396
1945 12 24     8.06288414
1945 12 25    13.52904165
1945 12 26     9.93507199
1945 12 27     7.64923365
1945 12 28     7.78962035
1945 12 29     5.41051484
1945 12 30     4.18900447
1945 12 31     3.73725827
1946  1  1     3.40550209
1946  1  2     3.22243804
1946  1  3     7.17057235
1946  1  4     7.94908413
1946  1  5     9.75776514
1946  1  6     5.24475363
1946  1  7     4.54630140
1946  1  8     3.75232543
1946  1  9     3.40295420
1946  1 10     3.14879141
1946  1 11     2.94112462
1946  1 12     2.77766171
1946  1 13     2.64470850
1946  1 14     2.53445090
1946  1 15     2.43186938
1946  1 16     2.34228458
1946  1 17     2.26263358
1946  1 18     2.18277560
1946  1 19     2.10105306
1946  1 20     2.02677069
1946  1 21     1.96003241
1946  1 22     1.91574878
1946  1 23     1.87464474
1946  1 24     1.84591356
1946  1 25     1.79533111
1946  1 26     1.72313788
1946  1 27     1.66495124
1946  1 28     1.60927839
1946  1 29     1.55526438
1946  1 30     1.50504318
1946  1 31     1.45808559
1946  2  1     1.40981895
1946  2  2     1.41553306
1946  2  3     4.55724378
1946  2  4     2.84793579
1946  2  5     1.80878211
1946  2  6     1.60209769
1946  2  7     1.60404843
1946  2  8     1.41419730
1946  2  9     1.29066119
1946  2 10     1.25080064
1946  2 11     2.66823352
1946  2 12     1.50799921
1946  2 13     1.28274813
1946  2 14     1.22076381
1946  2 15     1.53959100
1946  2 16     1.17986872
1946  2 17     1.14350951
1946  2 18     1.17406528
1946  2 19     1.26868435
1946  2 20     1.80905361
1946  2 21     2.29289680
1946  2 22     1.70301425
1946  2 23     1.58420525
1946  2 24     1.67608969
1946  2 25     1.45584609
1946  2 26     1.35740262
1946  2 27     1.96265424
1946  2 28     2.01471904
1946  3  1     1.74107708
1946  3  2     1.70219982
1946  3  3     1.44997169
1946  3  4     1.32022237
1946  3  5     1.36204144
1946  3  6     1.47601859
1946  3  7     1.55881153
1946  3  8     1.64865365
1946  3  9     1.78450519
1946  3 10     1.87008611
1946  3 11     1.61050255
1946  3 12     1.67831744
1946  3 13     3.70853211
1946  3 14     4.82570743
1946  3 15     2.56906749
1946  3 16     2.06972265
1946  3 17     1.96462272
1946  3 18     2.06000995
1946  3 19     2.20419418
1946  3 20     5.60685885
1946  3 21     3.00261545
1946  3 22     2.09511166
1946  3 23     1.87399673
1946  3 24     1.82134070
1946  3 25     1.94198321
1946  3 26     2.11326108
1946  3 27     2.30881856
1946  3 28     3.08501766
1946  3 29     6.60517371
1946  3 30    10.60252703
1946  3 31     4.85215743
1946  4  1     3.58750561
1946  4  2     2.65684446
1946  4  3     2.32210623
1946  4  4     2.10706787
1946  4  5     2.03077120
1946  4  6     1.99426659
1946  4  7     1.96430877
1946  4  8     1.88363853
1946  4  9     1.88988198
1946  4 10     1.89845535
1946  4 11     2.27417820
1946  4 12     2.93993793
1946  4 13     2.99955570
1946  4 14     2.86692866
1946  4 15     2.91867271
1946  4 16     3.32234095
1946  4 17     3.71532866
1946  4 18     3.96766520
1946  4 19     3.77720287
1946  4 20     3.33455015
1946  4 21     3.10038099
1946  4 22     3.52597218
1946  4 23     4.13319244
1946  4 24     4.68885476
1946  4 25     5.04696868
1946  4 26     5.00665966
1946  4 27     4.69237527
1946  4 28     4.39438499
1946  4 29     4.41981945
1946  4 30     4.02344769
1946  5  1     4.14355633
1946  5  2     4.69667522
1946  5  3     4.86680020
1946  5  4     4.81950453
1946  5  5     5.04294857
1946  5  6     5.16658362
1946  5  7     5.18580816
1946  5  8     5.01940146
1946  5  9     4.66219255
1946  5 10     4.56022547
1946  5 11     4.47471722
1946  5 12     4.34616318
1946  5 13     4.19878869
1946  5 14     3.99726152
1946  5 15     4.04479212
1946  5 16     4.18253934
1946  5 17     4.45596849
1946  5 18     4.77669167
1946  5 19     4.97435022
1946  5 20     4.80721109
1946  5 21     4.30341909
1946  5 22     4.00227050
1946  5 23     3.52876450
1946  5 24     3.43120521
1946  5 25     4.08732614
1946  5 26     6.47415781
1946  5 27     4.78506011
1946  5 28     3.51116748
1946  5 29     3.39791642
1946  5 30     3.61629147
1946  5 31     3.89514161
1946  6  1     4.00230892
1946  6  2     4.28278335
1946  6  3     4.52837678
1946  6  4     4.59100950
1946  6  5     4.37897543
1946  6  6     3.97422639
1946  6  7     3.70817251
1946  6  8     3.69702974
1946  6  9     3.64502014
1946  6 10     3.56285030
1946  6 11     3.45680134
1946  6 12     3.37337116
1946  6 13     3.27767386
1946  6 14     3.03269919
1946  6 15     2.79588723
1946  6 16     2.61384886
1946  6 17     2.48176202
1946  6 18     2.39932877
1946  6 19     2.36179323
1946  6 20     2.35753198
1946  6 21     2.31647133
1946  6 22     2.18727532
1946  6 23     2.04664916
1946  6 24     1.93379250
1946  6 25     1.88673112
1946  6 26     1.82274099
1946  6 27     1.76638380
1946  6 28     1.70112215
1946  6 29     1.64062470
1946  6 30     1.61637174
1946  7  1     1.60165941
1946  7  2     1.57189613
1946  7  3     1.53315188
1946  7  4     1.50135944
1946  7  5     1.42169084
1946  7  6     1.32505220
1946  7  7     1.25860494
1946  7  8     1.21491772
1946  7  9     1.18276933
1946  7 10     1.11131629
1946  7 11     1.04649979
1946  7 12     1.00597151
1946  7 13     0.97021830
1946  7 14     0.93745135
1946  7 15     0.90642431
1946  7 16     0.87693161
1946  7 17     0.84843102
1946  7 18     0.82104453
1946  7 19     0.79531956
1946  7 20     0.77058494
1946  7 21     0.74703421
1946  7 22     0.72415170
1946  7 23     0.70925451
1946  7 24     0.68884081
1946  7 25     0.98836667
1946  7 26     0.80007246
1946  7 27     0.62758118
1946  7 28     0.60654474
1946  7 29     0.58815561
1946  7 30     0.57081386
1946  7 31     0.55353588
1946  8  1     0.53633710
1946  8  2     0.52017468
1946  8  3     0.50466451
1946  8  4     0.48964269
1946  8  5     0.47510240
1946  8  6     0.46101127
1946  8  7     0.44733312
1946  8  8     0.43407298
1946  8  9     0.42123047
1946  8 10     0.40892026
1946  8 11     0.39680871
1946  8 12     0.38499791
1946  8 13     0.37363178
1946  8 14     0.36260303
1946  8 15     0.35190161
1946  8 16     0.34151753
1946  8 17     0.33144128
1946  8 18     0.32166335
1946  8 19     0.31217443
1946  8 20     0.30296667
1946  8 21     0.29403117
1946  8 22     0.28535918
1946  8 23     0.27694358
1946  8 24     0.26877684
1946  8 25     0.26085141
1946  8 26     0.25315977
1946  8 27     0.24569551
1946  8 28     0.23845139
1946  8 29     0.23142120
1946  8 30     0.22459824
1946  8 31     0.21797606
1946  9  1     0.21155007
1946  9  2     0.20531327
1946  9  3     0.19926288
1946  9  4     0.27257841
1946  9  5     0.24107026
1946  9  6     0.19008464
1946  9  7     0.17678255
1946  9  8     0.17157067
1946  9  9     0.16651296
1946  9 10     0.16160472
1946  9 11     0.15684067
1946  9 12     0.15221704
1946  9 13     0.14772993
1946  9 14     0.14337511
1946  9 15     0.13914868
1946  9 16     0.24128929
1946  9 17     0.21165861
1946  9 18     0.14623308
1946  9 19     0.12423346
1946  9 20     0.12019762
1946  9 21     0.11642663
1946  9 22     0.11287164
1946  9 23     0.10952757
1946  9 24     0.10629875
1946  9 25     0.10316517
1946  9 26     0.10012412
1946  9 27     0.09717271
1946  9 28     0.09430830
1946  9 29     0.09152832
1946  9 30     0.08883030
1946 10  1     1.03745850
1946 10  2     0.55910888
1946 10  3     0.19087999
1946 10  4     0.13034616
1946 10  5     0.09963445
1946 10  6     0.09275765
1946 10  7     0.08777454
1946 10  8     0.09949218
1946 10  9     0.08902454
1946 10 10     0.07857307
1946 10 11     0.07626784
1946 10 12     0.07370438
1946 10 13     0.07129179
1946 10 14     0.06899524
1946 10 15     0.14890296
1946 10 16     0.55183535
1946 10 17     0.23113381
1946 10 18     0.09729378
1946 10 19     0.08043532
1946 10 20     0.07348854
1946 10 21     0.07015730
1946 10 22     0.08017965
1946 10 23     0.09414480
1946 10 24     0.07178784
1946 10 25     0.05963181
1946 10 26     0.05788394
1946 10 27     0.05600119
1946 10 28     0.05451077
1946 10 29     0.05282298
1946 10 30     0.05103318
1946 10 31     0.04931297
1946 11  1     0.04773440
1946 11  2     0.04625578
1946 11  3     0.04470554
1946 11  4     0.04327209
1946 11  5     0.04195249
1946 11  6     0.04063894
1946 11  7     0.04281249
1946 11  8     0.04332996
1946 11  9     0.03853193
1946 11 10     0.03858249
1946 11 11     0.04045868
1946 11 12     0.04217975
1946 11 13     0.05332848
1946 11 14     0.10540038
1946 11 15     0.04620408
1946 11 16     0.03124219
1946 11 17     0.03318504
1946 11 18     0.22246745
1946 11 19     5.30773824
1946 11 20     4.96655766
1946 11 21     1.64272440
1946 11 22     1.27037014
1946 11 23     6.78582064
1946 11 24     3.39741052
1946 11 25     1.44201264
1946 11 26     1.24676006
1946 11 27     1.09829123
1946 11 28     0.99168114
1946 11 29     0.91062715
1946 11 30     0.85503960
1946 12  1     0.80316993
1946 12  2     0.75656538
1946 12  3     0.71810531
1946 12  4     1.00623017
1946 12  5     2.41289060
1946 12  6     2.69252939
1946 12  7     1.85969572
1946 12  8     1.14868651
1946 12  9     0.98760123
1946 12 10     0.89124165
1946 12 11     0.82088672
1946 12 12     0.76899415
1946 12 13     0.72887160
1946 12 14     0.69761009
1946 12 15     0.67000530
1946 12 16     0.64206441
1946 12 17     0.61633610
1946 12 18     0.59332098
1946 12 19     0.57316615
1946 12 20     0.55566792
1946 12 21     0.53760958
1946 12 22     0.52944424
1946 12 23     0.50792597
1946 12 24     1.27517767
1946 12 25     2.01154230
1946 12 26     1.78950012
1946 12 27     2.44863890
1946 12 28     1.34219738
1946 12 29     1.04212632
1946 12 30     0.92043700
1946 12 31     0.81820059
1947  1  1     0.74123872
1947  1  2     0.68899570
1947  1  3     0.65089141
1947  1  4     0.61958581
1947  1  5     0.59356126
1947  1  6     0.56996072
1947  1  7     0.55103657
1947  1  8     0.53208461
1947  1  9     0.51570078
1947  1 10     0.50404488
1947  1 11     0.49109719
1947  1 12     0.47037827
1947  1 13     0.50598204
1947  1 14     0.52211476
1947  1 15     0.44384660
1947  1 16     0.41767229
1947  1 17     0.40904183
1947  1 18     0.39847704
1947  1 19     0.38981149
1947  1 20     0.37945046
1947  1 21     0.38036222
1947  1 22     0.37885211
1947  1 23     0.37713991
1947  1 24     0.38210673
1947  1 25     0.37677669
1947  1 26     0.63317734
1947  1 27     1.06931828
1947  1 28     1.93287895
1947  1 29     1.46100904
1947  1 30     0.96051228
1947  1 31     0.71577495
1947  2  1     0.59691323
1947  2  2     0.54064481
1947  2  3     0.50840560
1947  2  4     0.50459451
1947  2  5     0.52248644
1947  2  6     0.53523939
1947  2  7     0.54226534
1947  2  8     0.55511955
1947  2  9     1.07355357
1947  2 10     1.60320789
1947  2 11     1.35373464
1947  2 12     7.77212377
1947  2 13     5.26337658
1947  2 14     2.78635228
1947  2 15     2.17025210
1947  2 16     2.16070971
1947  2 17     1.90946146
1947  2 18     1.82790877
1947  2 19     1.56952718
1947  2 20     1.38292608
1947  2 21     1.29864982
1947  2 22     1.24457080
1947  2 23     1.28695518
1947  2 24     1.33516551
1947  2 25     1.35865709
1947  2 26     1.30036764
1947  2 27     1.30988921
1947  2 28     1.14123120
1947  3  1     1.24843401
1947  3  2     3.12804670
1947  3  3     3.79338813
1947  3  4     4.47709220
1947  3  5     2.49059650
1947  3  6     1.89515403
1947  3  7     1.65292590
1947  3  8     2.19619273
1947  3  9     2.00611883
1947  3 10     9.02639345
1947  3 11     4.71589165
1947  3 12     2.64472576
1947  3 13     2.36245626
1947  3 14     2.26194092
1947  3 15     2.27014236
1947  3 16     2.31389565
1947  3 17     2.41681192
1947  3 18     2.42914414
1947  3 19     2.31588405
1947  3 20     2.15020470
1947  3 21     2.23605517
1947  3 22     2.36160171
1947  3 23     2.85201920
1947  3 24     2.24777169
1947  3 25     2.00574165
1947  3 26     2.21215139
1947  3 27     2.26488855
1947  3 28     3.84611171
1947  3 29     3.02400006
1947  3 30     7.17645709
1947  3 31     4.51521163
1947  4  1     2.87903146
1947  4  2     2.78696660
1947  4  3     4.61205707
1947  4  4     3.09162210
1947  4  5     2.41743966
1947  4  6     2.32872434
1947  4  7     2.24976005
1947  4  8     2.24832844
1947  4  9     3.02793276
1947  4 10     2.51231371
1947  4 11     2.23500836
1947  4 12     2.45000190
1947  4 13     2.80087119
1947  4 14     3.05024647
1947  4 15     3.20317081
1947  4 16     3.30359148
1947  4 17     3.23011213
1947  4 18     2.86351529
1947  4 19     2.76666587
1947  4 20     2.86460249
1947  4 21     2.55081264
1947  4 22     2.28284561
1947  4 23     2.11287528
1947  4 24     2.06597575
1947  4 25     2.03704973
1947  4 26     2.08099354
1947  4 27     2.07649335
1947  4 28     1.94732193
1947  4 29     1.89556931
1947  4 30     2.04372764
1947  5  1     2.46099092
1947  5  2     2.83331317
1947  5  3     2.94015453
1947  5  4     2.72016036
1947  5  5     2.56522502
1947  5  6     2.41464308
1947  5  7     2.14461762
1947  5  8     1.96132647
1947  5  9     1.77314873
1947  5 10     1.65974558
1947  5 11     1.59951929
1947  5 12     1.55791276
1947  5 13     1.50937079
1947  5 14     1.48318959
1947  5 15     1.48888343
1947  5 16     1.49083766
1947  5 17     1.47334238
1947  5 18     1.46293795
1947  5 19     1.48307984
1947  5 20     1.51221378
1947  5 21     1.52404955
1947  5 22     1.47673229
1947  5 23     1.38092834
1947  5 24     1.31630858
1947  5 25     1.28891245
1947  5 26     1.25012364
1947  5 27     1.59688467
1947  5 28     1.40268755
1947  5 29     1.16019060
1947  5 30     1.14111693
1947  5 31     1.29158261
1947  6  1     1.19547233
1947  6  2     1.04779222
1947  6  3     0.96827370
1947  6  4     0.91941749
1947  6  5     0.91899717
1947  6  6     0.98732931
1947  6  7     1.38723102
1947  6  8     1.18599614
1947  6  9     0.93128409
1947  6 10     0.85879858
1947  6 11     0.80981677
1947  6 12     0.78679157
1947  6 13     0.77224264
1947  6 14     0.75507947
1947  6 15     0.73826151
1947  6 16     0.71808271
1947  6 17     0.68024037
1947  6 18     0.62973134
1947  6 19     0.59448098
1947  6 20     0.57164234
1947  6 21     0.55053849
1947  6 22     0.53067830
1947  6 23     0.51239413
1947  6 24     0.49654951
1947  6 25     0.50807632
1947  6 26     0.47815842
1947  6 27     0.44980558
1947  6 28     0.43602203
1947  6 29     0.42241871
1947  6 30     0.40896238
1947  7  1     0.39602727
1947  7  2     0.38378202
1947  7  3     0.37222418
1947  7  4     0.36119157
1947  7  5     0.34997441
1947  7  6     0.33932272
1947  7  7     0.32897398
1947  7  8     0.31905333
1947  7  9     0.30947032
1947  7 10     0.30055031
1947  7 11     0.29185939
1947  7 12     0.28293221
1947  7 13     0.27397736
1947  7 14     0.26574482
1947  7 15     0.25796092
1947  7 16     0.25010635
1947  7 17     0.24244851
1947  7 18     0.23523915
1947  7 19     0.22829599
1947  7 20     0.22155878
1947  7 21     0.21502140
1947  7 22     0.20867763
1947  7 23     0.20252212
1947  7 24     0.19654801
1947  7 25     0.19075054
1947  7 26     0.18512476
1947  7 27     0.17966523
1947  7 28     0.17436700
1947  7 29     0.16922525
1947  7 30     0.16423617
1947  7 31     0.15939302
1947  8  1     0.15469346
1947  8  2     0.15013224
1947  8  3     0.14570553
1947  8  4     0.14141020
1947  8  5     0.13724094
1947  8  6     0.13319478
1947  8  7     0.12926803
1947  8  8     0.12545713
1947  8  9     0.12175895
1947  8 10     0.11816993
1947  8 11     0.11468683
1947  8 12     0.11130543
1947  8 13     0.10802344
1947  8 14     0.10528124
1947  8 15     0.10200285
1947  8 16     0.09874890
1947  8 17     0.09583798
1947  8 18     0.09301288
1947  8 19     0.09027106
1947  8 20     0.08761006
1947  8 21     0.08502751
1947  8 22     0.08252111
1947  8 23     0.08008880
1947  8 24     0.07772797
1947  8 25     0.07543651
1947  8 26     0.07321273
1947  8 27     0.07105460
1947  8 28     0.06896009
1947  8 29     0.06692731
1947  8 30     0.06495446
1947  8 31     0.06303978
1947  9  1     0.06118152
1947  9  2     0.05937803
1947  9  3     0.05762771
1947  9  4     0.05592899
1947  9  5     0.05428034
1947  9  6     0.05268029
1947  9  7     0.05112741
1947  9  8     0.04962030
1947  9  9     0.04815761
1947  9 10     0.04673805
1947  9 11     0.04536033
1947  9 12     0.04402322
1947  9 13     0.04272552
1947  9 14     0.04146608
1947  9 15     0.04024376
1947  9 16     0.03905748
1947  9 17     0.05204142
1947  9 18     0.04385729
1947  9 19     0.03594293
1947  9 20     0.03465187
1947  9 21     0.03363041
1947  9 22     0.03263907
1947  9 23     0.03329307
1947  9 24     0.03164814
1947  9 25     0.02983698
1947  9 26     0.02895744
1947  9 27     0.02810385
1947  9 28     0.02727542
1947  9 29     0.02647141
1947  9 30     0.02569109
1947 10  1     0.02493379
1947 10  2     0.02419880
1947 10  3     0.02348548
1947 10  4     0.02279319
1947 10  5     0.02212130
1947 10  6     0.02162188
1947 10  7     0.04483304
1947 10  8     0.76122253
1947 10  9     0.32179047
1947 10 10     1.21390059
1947 10 11     0.63159794
1947 10 12     0.15772590
1947 10 13     0.04482308
1947 10 14     0.02711213
1947 10 15     0.02341192
1947 10 16     0.93280721
1947 10 17     0.87332806
1947 10 18     0.28452622
1947 10 19     0.08054814
1947 10 20     0.07739914
1947 10 21     0.16610578
1947 10 22     0.09360951
1947 10 23     0.03959896
1947 10 24     0.03737406
1947 10 25     0.03408793
1947 10 26     0.03117300
1947 10 27     0.02926542
1947 10 28     0.06124410
1947 10 29     0.77911083
1947 10 30     0.52903900
1947 10 31     0.17252687
1947 11  1     0.58562001
1947 11  2     0.70582801
1947 11  3     0.26465453
1947 11  4     0.16522676
1947 11  5     0.13611589
1947 11  6     0.09724353
1947 11  7     0.08620835
1947 11  8     0.08341712
1947 11  9     0.11257975
1947 11 10     0.08718969
1947 11 11     0.08581054
1947 11 12     0.07317464
1947 11 13     0.06530976
1947 11 14     0.06179129
1947 11 15     0.25179745
1947 11 16     0.19555051
1947 11 17     0.10368808
1947 11 18     0.07836581
1947 11 19     0.07396720
1947 11 20     0.07053811
1947 11 21     0.07776314
1947 11 22     0.06691789
1947 11 23     0.06273079
1947 11 24     0.06035138
1947 11 25     0.06096838
1947 11 26     0.06625014
1947 11 27     0.06719168
1947 11 28     0.06869669
1947 11 29     0.20082361
1947 11 30     0.15215403
1947 12  1     0.08516088
1947 12  2     0.07775309
1947 12  3     0.07148895
1947 12  4     0.10265160
1947 12  5     0.07074375
1947 12  6     0.06026111
1947 12  7     0.05899421
1947 12  8     0.10157079
1947 12  9     0.05622029
1947 12 10     0.05329696
1947 12 11     0.05201697
1947 12 12     0.05266101
1947 12 13     0.05080629
1947 12 14     0.04500547
1947 12 15     0.04210632
1947 12 16     0.04044162
1947 12 17     0.32419181
1947 12 18     0.29340642
1947 12 19     0.10092464
1947 12 20     0.06628160
1947 12 21     0.05500920
1947 12 22     0.05155562
1947 12 23     0.04568781
1947 12 24     0.03884743
1947 12 25     0.03912685
1947 12 26     0.03933400
1947 12 27     0.03856846
1947 12 28     0.04920428
1947 12 29     0.03811243
1947 12 30     0.03272500
1947 12 31     0.03185914
1948  1  1     0.03095277
1948  1  2     1.62444263
1948  1  3     1.66911463
1948  1  4     1.37521616
1948  1  5     0.82328921
1948  1  6     0.59341205
1948  1  7     1.71150367
1948  1  8     2.80651563
1948  1  9     1.54893665
1948  1 10     0.88582904
1948  1 11     0.77956058
1948  1 12     0.70074552
1948  1 13     0.64844074
1948  1 14     0.60091608
1948  1 15     0.56564144
1948  1 16     0.53617356
1948  1 17     0.50785901
1948  1 18     0.48157545
1948  1 19     0.46339308
1948  1 20     0.51381643
1948  1 21     0.45428049
1948  1 22     0.54994904
1948  1 23     0.53547278
1948  1 24     0.44999850
1948  1 25     0.40922473
1948  1 26     0.38444711
1948  1 27     0.36467454
1948  1 28     0.34822541
1948  1 29     0.33341390
1948  1 30     0.32019886
1948  1 31     0.30813548
1948  2  1     0.29785170
1948  2  2     0.28758890
1948  2  3     0.27753671
1948  2  4     0.27250824
1948  2  5     1.03869771
1948  2  6     1.11952154
1948  2  7     0.66607667
1948  2  8     0.37550058
1948  2  9     0.60799134
1948  2 10     0.78766783
1948  2 11     0.36062893
1948  2 12     0.28079795
1948  2 13     0.26524669
1948  2 14     0.30967769
1948  2 15     0.37823722
1948  2 16     0.45237786
1948  2 17     0.48535785
1948  2 18     0.61449657
1948  2 19     0.52906816
1948  2 20     0.43859832
1948  2 21     0.48893669
1948  2 22     1.21825436
1948  2 23     0.69255973
1948  2 24     0.48638202
1948  2 25     0.56927498
1948  2 26     0.57274303
1948  2 27     0.48540207
1948  2 28     0.98198947
1948  2 29     0.59303364
1948  3  1     0.48687519
1948  3  2     0.42336860
1948  3  3     0.37763095
1948  3  4     0.36762264
1948  3  5     0.39190030
1948  3  6     0.35100883
1948  3  7     0.34925254
1948  3  8     0.51283337
1948  3  9     0.67736988
1948  3 10     0.46078856
1948  3 11     0.40772345
1948  3 12     0.38078085
1948  3 13     2.31431552
1948  3 14     2.82603500
1948  3 15     1.68642794
1948  3 16     1.77012047
1948  3 17     2.80814567
1948  3 18     1.32551205
1948  3 19     2.65027997
1948  3 20     1.48577072
1948  3 21     1.01372193
1948  3 22     0.85375739
1948  3 23     0.76543617
1948  3 24     7.97650370
1948  3 25     5.85830761
1948  3 26     2.44785000
1948  3 27     1.84578539
1948  3 28     1.64148805
1948  3 29     1.55012231
1948  3 30     1.52896087
1948  3 31     1.50306513
1948  4  1     1.49369711
1948  4  2     2.28155458
1948  4  3     5.79537819
1948  4  4     5.99839377
1948  4  5     6.49669665
1948  4  6     7.10997290
1948  4  7     3.36241871
1948  4  8     2.50245303
1948  4  9     3.52333780
1948  4 10     9.45192873
1948  4 11     5.04911389
1948  4 12     3.15997190
1948  4 13     2.75185346
1948  4 14     3.26819119
1948  4 15     3.54338588
1948  4 16     3.63489369
1948  4 17     4.13170293
1948  4 18     3.55021778
1948  4 19     3.48776353
1948  4 20     3.77298891
1948  4 21     3.71459501
1948  4 22     6.67565379
1948  4 23     5.92108662
1948  4 24     4.23548091
1948  4 25     4.20486385
1948  4 26     4.03372926
1948  4 27     4.30380457
1948  4 28     4.42732963
1948  4 29     5.09906828
1948  4 30     7.24951603
1948  5  1     4.80247526
1948  5  2     4.28123218
1948  5  3     4.30295449
1948  5  4     4.54307815
1948  5  5     4.99583250
1948  5  6     5.52857751
1948  5  7     5.03863867
1948  5  8     4.00584389
1948  5  9     3.55259849
1948  5 10     3.84056433
1948  5 11     4.26873504
1948  5 12     4.62430505
1948  5 13     4.86641497
1948  5 14     5.16883604
1948  5 15     5.73618360
1948  5 16     5.96558558
1948  5 17     5.58093107
1948  5 18     5.99849532
1948  5 19     5.93842526
1948  5 20     5.59195036
1948  5 21     5.07364625
1948  5 22     4.86883700
1948  5 23     5.25494485
1948  5 24     5.67176406
1948  5 25     5.78274507
1948  5 26     5.72018153
1948  5 27     5.50474940
1948  5 28     4.68339076
1948  5 29     4.08693903
1948  5 30     5.10019486
1948  5 31     4.89562279
1948  6  1     4.52618819
1948  6  2     4.49574564
1948  6  3     4.38433599
1948  6  4     4.21588531
1948  6  5     4.09593265
1948  6  6     4.31105566
1948  6  7     4.31150658
1948  6  8     4.30018746
1948  6  9     4.12443670
1948  6 10     3.77666512
1948  6 11     3.41140560
1948  6 12     3.13065342
1948  6 13     2.94900745
1948  6 14     2.79951837
1948  6 15     2.66094103
1948  6 16     2.56772547
1948  6 17     2.48962589
1948  6 18     2.42143090
1948  6 19     2.32632626
1948  6 20     2.23959696
1948  6 21     2.15838042
1948  6 22     2.08585083
1948  6 23     2.03314011
1948  6 24     1.99770329
1948  6 25     1.93854647
1948  6 26     1.83625362
1948  6 27     1.76065681
1948  6 28     1.71163311
1948  6 29     1.66320778
1948  6 30     1.58629800
1948  7  1     1.49931149
1948  7  2     1.43539980
1948  7  3     1.38511098
1948  7  4     1.33894746
1948  7  5     1.29545515
1948  7  6     1.25292200
1948  7  7     1.21259426
1948  7  8     1.17435946
1948  7  9     1.13760485
1948  7 10     1.10236532
1948  7 11     1.06869598
1948  7 12     1.03624425
1948  7 13     1.00463223
1948  7 14     0.97372244
1948  7 15     0.94392969
1948  7 16     0.91525944
1948  7 17     0.88814981
1948  7 18     0.86193883
1948  7 19     0.83624057
1948  7 20     0.81138941
1948  7 21     0.78699193
1948  7 22     0.76352557
1948  7 23     0.74111443
1948  7 24     0.71957535
1948  7 25     0.69827365
1948  7 26     0.67736322
1948  7 27     0.65703219
1948  7 28     0.63748170
1948  7 29     0.61861922
1948  7 30     0.60011224
1948  7 31     0.58200467
1948  8  1     0.56466426
1948  8  2     0.54796725
1948  8  3     0.53190139
1948  8  4     0.51644495
1948  8  5     0.50121893
1948  8  6     0.48605135
1948  8  7     0.47201815
1948  8  8     0.45880717
1948  8  9     0.44539710
1948  8 10     0.43205977
1948  8 11     0.41913873
1948  8 12     0.40656638
1948  8 13     0.39430002
1948  8 14     0.38255478
1948  8 15     0.37128618
1948  8 16     0.36031305
1948  8 17     0.34965596
1948  8 18     0.33946083
1948  8 19     0.32968958
1948  8 20     0.31958845
1948  8 21     0.31003442
1948  8 22     0.30167585
1948  8 23     0.29279965
1948  8 24     0.28398160
1948  8 25     0.27493590
1948  8 26     0.26653911
1948  8 27     0.25831790
1948  8 28     0.25027109
1948  8 29     0.24278666
1948  8 30     0.23562471
1948  8 31     0.22867930
1948  9  1     0.22193859
1948  9  2     0.21539618
1948  9  3     0.20904632
1948  9  4     0.20288385
1948  9  5     0.19690327
1948  9  6     0.19109902
1948  9  7     0.18546587
1948  9  8     0.17999878
1948  9  9     0.17469311
1948  9 10     0.16954359
1948  9 11     0.16454560
1948  9 12     0.15969512
1948  9 13     0.15498770
1948  9 14     0.15041903
1948  9 15     0.14598506
1948  9 16     0.14168178
1948  9 17     0.13750535
1948  9 18     0.13345204
1948  9 19     0.12977509
1948  9 20     0.12576409
1948  9 21     0.12207942
1948  9 22     0.11890948
1948  9 23     0.11592745
1948  9 24     0.16071100
1948  9 25     0.17218083
1948  9 26     0.18497449
1948  9 27     0.13211421
1948  9 28     0.10118007
1948  9 29     0.09683750
1948  9 30     0.09319498
1948 10  1     0.09044780
1948 10  2     0.08778163
1948 10  3     0.08535016
1948 10  4     0.08300353
1948 10  5     0.08048825
1948 10  6     0.07792291
1948 10  7     0.07558431
1948 10  8     0.07335627
1948 10  9     0.07119391
1948 10 10     0.06909529
1948 10 11     0.09993529
1948 10 12     0.19585872
1948 10 13     0.20085502
1948 10 14     0.11892639
1948 10 15     0.06897629
1948 10 16     0.05933267
1948 10 17     0.05689844
1948 10 18     0.05483370
1948 10 19     0.05304172
1948 10 20     0.05132593
1948 10 21     0.04972904
1948 10 22     0.04825204
1948 10 23     0.04682969
1948 10 24     0.04544927
1948 10 25     0.04410953
1948 10 26     0.04280930
1948 10 27     0.04154738
1948 10 28     0.04076407
1948 10 29     0.09673360
1948 10 30     0.07945791
1948 10 31     0.04705812
1948 11  1     0.31664933
1948 11  2     0.30364475
1948 11  3     0.38743514
1948 11  4     0.16614083
1948 11  5     0.04772460
1948 11  6     0.03545148
1948 11  7     0.03320555
1948 11  8     0.03117842
1948 11  9     0.02982531
1948 11 10     0.02879368
1948 11 11     0.02772514
1948 11 12     0.02680038
1948 11 13     0.02586310
1948 11 14     0.02497881
1948 11 15     0.06084163
1948 11 16     0.04658632
1948 11 17     0.07872783
1948 11 18     0.04799789
1948 11 19     0.04090067
1948 11 20     0.02811514
1948 11 21     0.02101237
1948 11 22     0.02114266
1948 11 23     0.02269170
1948 11 24     0.02324151
1948 11 25     0.02008460
1948 11 26     0.06694552
1948 11 27     0.02981560
1948 11 28     0.01913898
1948 11 29     0.01797062
1948 11 30     0.01705475
1948 12  1     0.01645025
1948 12  2     0.01599367
1948 12  3     0.41649110
1948 12  4     0.22999541
1948 12  5     0.25968341
1948 12  6     0.37384654
1948 12  7     0.16590953
1948 12  8     0.12188044
1948 12  9     0.05619732
1948 12 10     0.03089881
1948 12 11     0.02030042
1948 12 12     0.01624246
1948 12 13     0.49104421
1948 12 14     0.58673484
1948 12 15     0.31842205
1948 12 16     0.10727287
1948 12 17     0.32349949
1948 12 18     0.15425390
1948 12 19     0.07520910
1948 12 20     0.04219170
1948 12 21     0.02566097
1948 12 22     0.01514748
1948 12 23     0.01081771
1948 12 24     0.01006999
1948 12 25     0.00965232
1948 12 26     0.58048464
1948 12 27     0.97650772
1948 12 28     0.35075166
1948 12 29     0.12145320
1948 12 30     0.06928137
1948 12 31     0.04099845
1949  1  1     0.65160703
1949  1  2     0.25914756
1949  1  3     0.08900687
1949  1  4     0.05502983
1949  1  5     0.03319556
1949  1  6     0.02442968
1949  1  7     0.03106396
1949  1  8     0.02292985
1949  1  9     0.01501143
1949  1 10     0.01279104
1949  1 11     0.01186772
1949  1 12     0.01107246
1949  1 13     0.01152160
1949  1 14     0.01170066
1949  1 15     0.01073341
1949  1 16     0.00973407
1949  1 17     0.01010158
1949  1 18     0.01090359
1949  1 19     0.43952812
1949  1 20     0.96990345
1949  1 21     0.27596957
1949  1 22     1.12139609
1949  1 23     0.69864811
1949  1 24     0.25891520
1949  1 25     0.16154351
1949  1 26     0.10399197
1949  1 27     0.06420471
1949  1 28     0.04091477
1949  1 29     0.03120033
1949  1 30     0.02621876
1949  1 31     0.02288825
1949  2  1     0.01966758
1949  2  2     0.01887258
1949  2  3     0.36718038
1949  2  4     0.23064221
1949  2  5     0.67528857
1949  2  6     0.21383384
1949  2  7     0.63787190
1949  2  8     0.18056096
1949  2  9     0.09779085
1949  2 10     0.06598395
1949  2 11     0.49877062
1949  2 12     0.21180131
1949  2 13     0.07058403
1949  2 14     0.04428594
1949  2 15     0.02835905
1949  2 16     0.07098465
1949  2 17     0.16068700
1949  2 18     0.18520143
1949  2 19     0.21770751
1949  2 20     0.20664426
1949  2 21     0.20766320
1949  2 22     0.26734427
1949  2 23     0.29866768
1949  2 24     0.32174325
1949  2 25     0.29943928
1949  2 26     0.54393479
1949  2 27     0.47786502
1949  2 28     0.33507510
1949  3  1     0.42527153
1949  3  2     1.32142525
1949  3  3     4.32155112
1949  3  4     5.13502655
1949  3  5     1.84273600
1949  3  6     1.07053251
1949  3  7     1.18723045
1949  3  8     0.87753630
1949  3  9     0.76184764
1949  3 10     1.57667240
1949  3 11     3.53610516
1949  3 12     4.95475616
1949  3 13     1.85875754
1949  3 14     1.15010214
1949  3 15     0.99301005
1949  3 16     2.64500992
1949  3 17     1.36883187
1949  3 18     1.04176294
1949  3 19     2.55203581
1949  3 20     2.58026740
1949  3 21     1.17719523
1949  3 22     2.25130055
1949  3 23     3.82991216
1949  3 24     1.40692759
1949  3 25     1.02954018
1949  3 26     1.00219762
1949  3 27     1.04037825
1949  3 28     0.91592924
1949  3 29     0.85003183
1949  3 30     0.81341251
1949  3 31     0.88694391
1949  4  1     0.91105684
1949  4  2     0.95801056
1949  4  3     1.05410713
1949  4  4     1.22184156
1949  4  5     1.33285519
1949  4  6     1.32253552
1949  4  7     1.27383957
1949  4  8     1.33821913
1949  4  9     1.55659951
1949  4 10     1.78130027
1949  4 11     2.02335436
1949  4 12     2.09380901
1949  4 13     2.17308305
1949  4 14     2.34852225
1949  4 15     2.62325604
1949  4 16     2.68150470
1949  4 17     2.75031802
1949  4 18     2.65870341
1949  4 19     2.59397650
1949  4 20     2.83539623
1949  4 21     3.41212766
1949  4 22     4.20208392
1949  4 23     4.59496808
1949  4 24     4.53268169
1949  4 25     4.28561802
1949  4 26     4.23332618
1949  4 27     4.24866297
1949  4 28     4.22432317
1949  4 29     3.86626277
1949  4 30     3.49210156
1949  5  1     3.66943298
1949  5  2     3.91372288
1949  5  3     3.87552779
1949  5  4     3.61067616
1949  5  5     3.72610413
1949  5  6     4.17877171
1949  5  7     4.47447927
1949  5  8     4.37238653
1949  5  9     3.76296329
1949  5 10     3.81511031
1949  5 11     4.23890177
1949  5 12     4.93001012
1949  5 13     5.19515386
1949  5 14     6.77726042
1949  5 15     5.37323568
1949  5 16     4.28218181
1949  5 17     4.02236423
1949  5 18     3.67442922
1949  5 19     4.12849744
1949  5 20     3.59378173
1949  5 21     3.30902893
1949  5 22     3.46145442
1949  5 23     3.64261477
1949  5 24     3.78754090
1949  5 25     3.89264570
1949  5 26     3.83921455
1949  5 27     3.65307018
1949  5 28     3.31867604
1949  5 29     3.02629068
1949  5 30     2.98039108
1949  5 31     2.74383036
1949  6  1     2.47794048
1949  6  2     2.42514107
1949  6  3     2.44841530
1949  6  4     2.43818221
1949  6  5     2.37668688
1949  6  6     2.28459624
1949  6  7     2.15199857
1949  6  8     1.98738657
1949  6  9     1.87871827
1949  6 10     1.79255686
1949  6 11     1.69352474
1949  6 12     1.61552116
1949  6 13     1.55324469
1949  6 14     1.49574179
1949  6 15     1.44279228
1949  6 16     1.39360270
1949  6 17     1.34762430
1949  6 18     1.30620664
1949  6 19     1.26482574
1949  6 20     1.22261248
1949  6 21     1.18279062
1949  6 22     1.14504956
1949  6 23     1.10939460
1949  6 24     1.07478224
1949  6 25     1.04131497
1949  6 26     1.00955879
1949  6 27     0.97913310
1949  6 28     0.94976507
1949  6 29     0.92133500
1949  6 30     0.89335228
1949  7  1     0.86583705
1949  7  2     0.83957487
1949  7  3     0.81442454
1949  7  4     0.79040266
1949  7  5     0.76706110
1949  7  6     0.74440014
1949  7  7     0.72249114
1949  7  8     0.70064010
1949  7  9     0.67921895
1949  7 10     0.65877510
1949  7 11     0.63910394
1949  7 12     0.62607270
1949  7 13     0.60557145
1949  7 14     0.58409836
1949  7 15     0.56671203
1949  7 16     0.54970932
1949  7 17     0.53341987
1949  7 18     0.51787113
1949  7 19     0.50298651
1949  7 20     0.48821222
1949  7 21     0.47382423
1949  7 22     0.45984369
1949  7 23     0.44632880
1949  7 24     0.43326193
1949  7 25     0.42032141
1949  7 26     0.40782155
1949  7 27     0.39574160
1949  7 28     0.38396979
1949  7 29     0.37241162
1949  7 30     0.36284699
1949  7 31     0.36561929
1949  8  1     0.34621478
1949  8  2     0.32928030
1949  8  3     0.31957165
1949  8  4     0.31014969
1949  8  5     0.30100626
1949  8  6     0.29262704
1949  8  7     0.28425511
1949  8  8     0.27590895
1949  8  9     0.26810676
1949  8 10     0.26034567
1949  8 11     0.25319317
1949  8 12     0.24522557
1949  8 13     0.23745358
1949  8 14     0.23033711
1949  8 15     0.22347363
1949  8 16     0.21800021
1949  8 17     0.21097399
1949  8 18     0.20414976
1949  8 19     0.19801628
1949  8 20     0.19215417
1949  8 21     0.18649016
1949  8 22     0.19553665
1949  8 23     0.18432234
1949  8 24     0.17149815
1949  8 25     0.16545395
1949  8 26     0.16057672
1949  8 27     0.15593536
1949  8 28     0.19730010
1949  8 29     0.16004795
1949  8 30     0.14307871
1949  8 31     0.13854406
1949  9  1     0.13425199
1949  9  2     0.13023841
1949  9  3     0.12639427
1949  9  4     0.12266849
1949  9  5     0.11905252
1949  9  6     0.11554315
1949  9  7     0.11213723
1949  9  8     0.10883926
1949  9  9     0.10562805
1949  9 10     0.10251009
1949  9 11     0.09948835
1949  9 12     0.09668446
1949  9 13     0.09540642
1949  9 14     0.09158069
1949  9 15     0.08826625
1949  9 16     0.08566437
1949  9 17     0.08313920
1949  9 18     0.08068846
1949  9 19     0.07830997
1949  9 20     0.07600158
1949  9 21     0.07376124
1949  9 22     0.07158695
1949  9 23     0.06947674
1949  9 24     0.06742874
1949  9 25     0.06544111
1949  9 26     0.06351207
1949  9 27     0.06163989
1949  9 28     0.09664037
1949  9 29     0.06914604
1949  9 30     0.05697695
1949 10  1     0.05511179
1949 10  2     0.05324265
1949 10  3     0.05153091
1949 10  4     0.04999206
1949 10  5     0.04851842
1949 10  6     0.04708822
1949 10  7     0.10878727
1949 10  8     0.06685509
1949 10  9     0.04478393
1949 10 10     0.08314990
1949 10 11     0.05649459
1949 10 12     0.03996698
1949 10 13     0.03855529
1949 10 14     0.03720051
1949 10 15     0.03752176
1949 10 16     0.03579607
1949 10 17     0.03388240
1949 10 18     0.03651927
1949 10 19     0.03387512
1949 10 20     0.03149326
1949 10 21     0.03513517
1949 10 22     0.03715199
1949 10 23     0.03415475
1949 10 24     0.02973317
1949 10 25     0.02700936
1949 10 26     0.02588359
1949 10 27     0.02512059
1949 10 28     0.02438010
1949 10 29     0.02366144
1949 10 30     0.02296396
1949 10 31     0.02228704
1949 11  1     0.02163007
1949 11  2     0.02099247
1949 11  3     0.02037366
1949 11  4     0.01977310
1949 11  5     0.01919024
1949 11  6     0.01862456
1949 11  7     0.02847821
1949 11  8     0.11003499
1949 11  9     1.28361042
1949 11 10     1.74932684
1949 11 11     0.44905163
1949 11 12     0.17843261
1949 11 13     0.09814714
1949 11 14     0.06376684
1949 11 15     0.04802864
1949 11 16     0.04121920
1949 11 17     0.04078452
1949 11 18     0.03934110
1949 11 19     0.03587916
1949 11 20     0.03076491
1949 11 21     0.02519470
1949 11 22     0.02381219
1949 11 23     0.02450570
1949 11 24     0.02591404
1949 11 25     0.02773703
1949 11 26     0.02559738
1949 11 27     0.02117176
1949 11 28     0.01987624
1949 11 29     0.01921136
1949 11 30     0.01757153
1949 12  1     0.01466570
1949 12  2     0.01346039
1949 12  3     0.01258000
1949 12  4     0.01201062
1949 12  5     0.01123474
1949 12  6     0.00941465
1949 12  7     0.00843440
1949 12  8     0.04069515
1949 12  9     0.03058248
1949 12 10     0.01676762
1949 12 11     0.00929624
1949 12 12     0.00830324
1949 12 13     0.00788554
1949 12 14     0.00719295
1949 12 15     0.03615171
1949 12 16     0.10572278
1949 12 17     0.23235692
1949 12 18     0.73690686
1949 12 19     0.54651148
1949 12 20     0.14790863
1949 12 21     0.07781598
1949 12 22     0.04373453
1949 12 23     0.02247126
1949 12 24     0.01119920
1949 12 25     0.00900891
1949 12 26     0.00944008
1949 12 27     0.01024063
1949 12 28     0.01174100
1949 12 29     0.01063248
1949 12 30     0.00930878
1949 12 31     0.00923665
1950  1  1     0.00966718
1950  1  2     0.16243003
1950  1  3     0.25783118
1950  1  4     0.04031228
1950  1  5     0.02844993
1950  1  6     0.01620933
1950  1  7     0.01011741
1950  1  8     0.62720925
1950  1  9     0.39936464
1950  1 10     0.11296336
1950  1 11     0.69609849
1950  1 12     0.35473409
1950  1 13     0.12366471
1950  1 14     0.77600993
1950  1 15     0.20079369
1950  1 16     1.03098970
1950  1 17     4.27497787
1950  1 18     1.63248073
1950  1 19     0.58213582
1950  1 20     0.34093593
1950  1 21     0.89455454
1950  1 22     1.04116472
1950  1 23     2.68893584
1950  1 24     1.60626699
1950  1 25     0.72915936
1950  1 26     0.55384743
1950  1 27     0.48151562
1950  1 28     3.88009354
1950  1 29     1.53281100
1950  1 30     0.83627831
1950  1 31     0.78629722
1950  2  1     0.57777373
1950  2  2     0.48185772
1950  2  3     0.42618994
1950  2  4     6.46888023
1950  2  5     5.91645064
1950  2  6     7.93327692
1950  2  7     3.02237518
1950  2  8     1.85153086
1950  2  9     1.52650107
1950  2 10     1.78125756
1950  2 11     1.79299314
1950  2 12     1.27829808
1950  2 13     1.17296825
1950  2 14     1.15000085
1950  2 15     1.15156849
1950  2 16     1.13606300
1950  2 17     1.09336087
1950  2 18     1.14656836
1950  2 19     1.16902783
1950  2 20     1.09130384
1950  2 21     1.06464537
1950  2 22     1.06456627
1950  2 23     1.10208235
1950  2 24     1.15251809
1950  2 25     1.19070197
1950  2 26     1.24232222
1950  2 27     1.20257567
1950  2 28     1.16367178
1950  3  1     1.18252008
1950  3  2     1.18004568
1950  3  3     1.21644067
1950  3  4     1.30181970
1950  3  5     1.59569533
1950  3  6     1.30882949
1950  3  7     1.15812283
1950  3  8     1.43753521
1950  3  9     1.24772261
1950  3 10     1.09071924
1950  3 11     1.30689530
1950  3 12     1.25751152
1950  3 13     1.07086365
1950  3 14     1.06162923
1950  3 15     1.04686522
1950  3 16     1.04938605
1950  3 17     2.15664517
1950  3 18     1.61669495
1950  3 19     4.65014019
1950  3 20     3.01142348
1950  3 21     2.02098793
1950  3 22     3.16098567
1950  3 23     2.25931374
1950  3 24     8.22184301
1950  3 25     6.76719712
1950  3 26     4.18286090
1950  3 27     2.69806769
1950  3 28     2.34231796
1950  3 29     2.30449298
1950  3 30     2.62346894
1950  3 31     2.82310748
1950  4  1     2.70549902
1950  4  2     2.60519017
1950  4  3     2.52957815
1950  4  4     3.20129190
1950  4  5     2.84144247
1950  4  6     3.65897224
1950  4  7     3.95305108
1950  4  8     8.65579093
1950  4  9     7.33199771
1950  4 10     3.66663508
1950  4 11     3.02389310
1950  4 12     2.86123283
1950  4 13     3.03792681
1950  4 14     2.54111982
1950  4 15     2.56571169
1950  4 16     2.96713442
1950  4 17     3.36521399
1950  4 18     3.52809646
1950  4 19     3.95269101
1950  4 20     4.34295951
1950  4 21     4.43273315
1950  4 22     4.32065163
1950  4 23     3.84059658
1950  4 24     3.50151290
1950  4 25     3.55244370
1950  4 26     3.63087966
1950  4 27     3.66416543
1950  4 28     3.23497424
1950  4 29     2.88693270
1950  4 30     2.79924414
1950  5  1     3.70529417
1950  5  2     3.59857323
1950  5  3     3.80523786
1950  5  4     2.93444007
1950  5  5     2.67272106
1950  5  6     2.54432526
1950  5  7     2.33090345
1950  5  8     2.23591540
1950  5  9     2.33932574
1950  5 10     2.64966503
1950  5 11     3.17448587
1950  5 12     3.56362825
1950  5 13     3.82188115
1950  5 14     4.00028999
1950  5 15     4.16895690
1950  5 16     4.35740589
1950  5 17     4.47069361
1950  5 18     4.08735476
1950  5 19     4.05767953
1950  5 20     4.49569997
1950  5 21     4.96718154
1950  5 22     5.29635019
1950  5 23     5.41365223
1950  5 24     4.86181944
1950  5 25     4.51807421
1950  5 26     4.71610696
1950  5 27     4.82921568
1950  5 28     4.83524832
1950  5 29     5.07212664
1950  5 30     5.46798704
1950  5 31     5.66593880
1950  6  1     5.63303786
1950  6  2     5.23115360
1950  6  3     4.84397947
1950  6  4     4.60486727
1950  6  5     4.35217777
1950  6  6     3.86972833
1950  6  7     3.23572115
1950  6  8     2.81104838
1950  6  9     2.71128180
1950  6 10     2.67410544
1950  6 11     2.77148300
1950  6 12     2.53903077
1950  6 13     2.41458107
1950  6 14     2.39656861
1950  6 15     2.42691732
1950  6 16     2.28217351
1950  6 17     2.14441066
1950  6 18     2.09413997
1950  6 19     2.04190582
1950  6 20     1.96442424
1950  6 21     1.89046661
1950  6 22     1.78192280
1950  6 23     1.67618206
1950  6 24     1.59537950
1950  6 25     1.53637941
1950  6 26     1.49706271
1950  6 27     1.45908246
1950  6 28     1.40537526
1950  6 29     1.33161180
1950  6 30     1.27095404
1950  7  1     1.22484467
1950  7  2     1.18200645
1950  7  3     1.14225477
1950  7  4     1.10527811
1950  7  5     1.07012524
1950  7  6     1.03644139
1950  7  7     1.00425985
1950  7  8     0.97336292
1950  7  9     0.94372180
1950  7 10     0.93058368
1950  7 11     0.89557539
1950  7 12     0.87439484
1950  7 13     0.84064642
1950  7 14     0.80863924
1950  7 15     0.78441300
1950  7 16     0.76082789
1950  7 17     0.73850288
1950  7 18     0.71712253
1950  7 19     0.69590083
1950  7 20     0.67496396
1950  7 21     0.65449817
1950  7 22     0.63475817
1950  7 23     0.61582839
1950  7 24     0.59724849
1950  7 25     0.57979808
1950  7 26     0.57214669
1950  7 27     0.55171438
1950  7 28     0.53014268
1950  7 29     0.51486750
1950  7 30     0.49901117
1950  7 31     0.48380744
1950  8  1     0.46959443
1950  8  2     0.47011130
1950  8  3     0.44984725
1950  8  4     0.42984878
1950  8  5     0.41831436
1950  8  6     0.40564819
1950  8  7     0.39327394
1950  8  8     0.38155462
1950  8  9     0.37064926
1950  8 10     0.35967115
1950  8 11     0.34881626
1950  8 12     0.33820058
1950  8 13     0.32777175
1950  8 14     0.31816393
1950  8 15     0.30817257
1950  8 16     0.29882812
1950  8 17     0.28999364
1950  8 18     0.28144403
1950  8 19     0.27314733
1950  8 20     0.26509489
1950  8 21     0.25727995
1950  8 22     0.24969504
1950  8 23     0.24233404
1950  8 24     0.23549800
1950  8 25     0.22843255
1950  8 26     0.22152895
1950  8 27     0.21499860
1950  8 28     0.20866050
1950  8 29     0.20250941
1950  8 30     0.19653985
1950  8 31     0.19074630
1950  9  1     0.18512350
1950  9  2     0.17966700
1950  9  3     0.17437057
1950  9  4     0.16923013
1950  9  5     0.16424167
1950  9  6     0.15940058
1950  9  7     0.17053310
1950  9  8     0.15993822
1950  9  9     0.15566562
1950  9 10     0.14578265
1950  9 11     0.14880928
1950  9 12     0.13929197
1950  9 13     0.12979224
1950  9 14     0.12562550
1950  9 15     0.12195047
1950  9 16     0.11829268
1950  9 17     0.14415002
1950  9 18     0.20734310
1950  9 19     0.15623964
1950  9 20     0.11441867
1950  9 21     0.10232578
1950  9 22     0.09884845
1950  9 23     0.09585857
1950  9 24     0.09302278
1950  9 25     0.09028070
1950  9 26     0.08761945
1950  9 27     0.08503664
1950  9 28     0.08252997
1950  9 29     0.08009720
1950  9 30     0.07834253
1950 10  1     0.07626519
1950 10  2     0.07338705
1950 10  3     0.07106238
1950 10  4     0.06896763
1950 10  5     0.06703252
1950 10  6     0.06517264
1950 10  7     0.06313570
1950 10  8     0.06118821
1950 10  9     0.05938453
1950 10 10     0.05763402
1950 10 11     0.05593512
1950 10 12     0.05428629
1950 10 13     0.05268606
1950 10 14     0.05113301
1950 10 15     0.04962573
1950 10 16     0.04816289
1950 10 17     0.04674317
1950 10 18     0.04536530
1950 10 19     0.04402804
1950 10 20     0.04273020
1950 10 21     0.04147062
1950 10 22     0.04024817
1950 10 23     0.08725771
1950 10 24     0.20659390
1950 10 25     0.46170519
1950 10 26     1.07540306
1950 10 27     2.65141334
1950 10 28     0.85659791
1950 10 29     0.21876809
1950 10 30     1.44411325
1950 10 31     0.82382524
1950 11  1     0.32818895
1950 11  2     0.17338083
1950 11  3     0.13103280
1950 11  4     0.11429689
1950 11  5     0.10365941
1950 11  6     0.09613237
1950 11  7     0.09024781
1950 11  8     0.08517053
1950 11  9     0.08040249
1950 11 10     0.07642639
1950 11 11     0.07305711
1950 11 12     0.07018829
1950 11 13     0.24057007
1950 11 14     0.69515604
1950 11 15     0.29151501
1950 11 16     0.95324180
1950 11 17     1.04044171
1950 11 18    14.14872026
1950 11 19    24.28545441
1950 11 20    25.49072034
1950 11 21    19.85433167
1950 11 22    10.80931188
1950 11 23     6.78917126
1950 11 24     5.69377005
1950 11 25     4.94046016
1950 11 26     4.40327624
1950 11 27     4.00155487
1950 11 28     3.69553730
1950 11 29     3.45187078
1950 11 30     3.80069893
1950 12  1     3.54675879
1950 12  2     3.09071630
1950 12  3    29.35934241
1950 12  4    24.56758331
1950 12  5    11.85325015
1950 12  6     8.97507121
1950 12  7    23.41556466
1950 12  8    29.88375380
1950 12  9    15.32755569
1950 12 10     9.17765228
1950 12 11     7.74937245
1950 12 12     6.88996876
1950 12 13     6.26544449
1950 12 14    15.36501447
1950 12 15     9.98839914
1950 12 16     6.94401193
1950 12 17     6.12141455
1950 12 18     5.64515342
1950 12 19     5.26643177
1950 12 20     4.96705527
1950 12 21     4.71747929
1950 12 22     4.50165962
1950 12 23     4.31143841
1950 12 24     4.13947199
1950 12 25     3.98094601
1950 12 26     3.83070791
1950 12 27     3.69344033
1950 12 28     3.56374260
1950 12 29     3.44194197
1950 12 30     3.58913238
1950 12 31     3.32210019
1951  1  1     3.14485190
1951  1  2     3.03968294
1951  1  3     3.84590059
1951  1  4     3.32551149
1951  1  5     2.98609762
1951  1  6     2.84187928
1951  1  7     2.72013318
1951  1  8     2.61613852
1951  1  9     2.53036452
1951  1 10     3.95399968
1951  1 11     6.76962511
1951  1 12     5.34212683
1951  1 13     3.15984620
1951  1 14     2.76875715
1951  1 15     2.55913717
1951  1 16     3.32514723
1951  1 17     3.26453534
1951  1 18    10.29549551
1951  1 19     8.75076285
1951  1 20     4.11002720
1951  1 21     3.31073963
1951  1 22    10.08964099
1951  1 23     5.71680306
1951  1 24     3.82360490
1951  1 25     3.49808164
1951  1 26     3.22664493
1951  1 27     3.03523001
1951  1 28     2.82523258
1951  1 29     2.74530232
1951  1 30     2.59053694
1951  1 31     2.43529322
1951  2  1     2.32772009
1951  2  2     2.23573990
1951  2  3     2.19139772
1951  2  4     2.38357136
1951  2  5     9.23964289
1951  2  6     5.21674954
1951  2  7     3.47454944
1951  2  8     3.25981393
1951  2  9     3.08872404
1951  2 10     2.97372412
1951  2 11     3.65388216
1951  2 12     4.42869214
1951  2 13     3.12592537
1951  2 14     2.77388982
1951  2 15     2.56951381
1951  2 16     2.39561278
1951  2 17     2.26411684
1951  2 18     2.21068215
1951  2 19     2.08423418
1951  2 20     1.98294898
1951  2 21     2.35750224
1951  2 22     2.04845821
1951  2 23     1.91449261
1951  2 24     1.89904022
1951  2 25     1.76557140
1951  2 26     1.71815963
1951  2 27     1.96553898
1951  2 28     1.66802518
1951  3  1     2.15522475
1951  3  2     1.59245331
1951  3  3     1.49943573
1951  3  4     3.07778822
1951  3  5     9.71997153
1951  3  6     6.05608764
1951  3  7     4.28881806
1951  3  8     2.78117990
1951  3  9     2.59148673
1951  3 10     2.16085659
1951  3 11     1.95456002
1951  3 12     1.96020092
1951  3 13     2.04980031
1951  3 14     2.22129551
1951  3 15     2.38768643
1951  3 16     2.34855008
1951  3 17     2.25632008
1951  3 18     2.29543981
1951  3 19     2.37700035
1951  3 20     2.59171630
1951  3 21     2.68776451
1951  3 22     2.38765950
1951  3 23     2.33940668
1951  3 24     2.46633581
1951  3 25     2.49635254
1951  3 26     2.32191749
1951  3 27     2.26043780
1951  3 28     2.43330802
1951  3 29     2.54629736
1951  3 30     2.18112740
1951  3 31     1.86920316
1951  4  1     1.75002379
1951  4  2     1.69693164
1951  4  3     1.80188294
1951  4  4     1.79815398
1951  4  5     1.83393664
1951  4  6     1.83300708
1951  4  7     1.87125427
1951  4  8     2.01341487
1951  4  9     2.27956893
1951  4 10     2.58982502
1951  4 11     2.63882306
1951  4 12     2.49768247
1951  4 13     2.35340223
1951  4 14     2.26631076
1951  4 15     2.20767804
1951  4 16     2.11739527
1951  4 17     1.91917913
1951  4 18     1.75048563
1951  4 19     1.68908761
1951  4 20     1.53602270
1951  4 21     1.48075046
1951  4 22     1.50541650
1951  4 23     1.53729271
1951  4 24     1.46750985
1951  4 25     1.38347500
1951  4 26     1.25685220
1951  4 27     1.17549109
1951  4 28     3.55188169
1951  4 29     3.46576488
1951  4 30     1.88309663
1951  5  1     1.63059570
1951  5  2     1.65541642
1951  5  3     1.87556356
1951  5  4     9.71287335
1951  5  5     5.58358354
1951  5  6     3.78008077
1951  5  7     3.14245882
1951  5  8     2.78829274
1951  5  9     2.87017112
1951  5 10     3.08261740
1951  5 11     3.14672261
1951  5 12     2.46734648
1951  5 13     2.05588700
1951  5 14     2.04703789
1951  5 15     2.03412246
1951  5 16     2.05447374
1951  5 17     2.12458020
1951  5 18     2.21467908
1951  5 19     2.27493868
1951  5 20     2.29254472
1951  5 21     2.20798294
1951  5 22     2.10446992
1951  5 23     2.03785472
1951  5 24     2.01463661
1951  5 25     2.08051548
1951  5 26     2.00449301
1951  5 27     1.88990921
1951  5 28     1.75102670
1951  5 29     1.59263709
1951  5 30     1.48441820
1951  5 31     1.38853351
1951  6  1     1.31059333
1951  6  2     1.26032668
1951  6  3     1.23733820
1951  6  4     1.19323101
1951  6  5     1.14758920
1951  6  6     1.10287056
1951  6  7     1.06183897
1951  6  8     1.02803179
1951  6  9     1.00287764
1951  6 10     0.98432897
1951  6 11     0.96225552
1951  6 12     0.91863620
1951  6 13     0.87109870
1951  6 14     0.83510649
1951  6 15     0.80533640
1951  6 16     0.77866984
1951  6 17     0.75238391
1951  6 18     0.72631657
1951  6 19     0.70264483
1951  6 20     0.71545015
1951  6 21     0.67912055
1951  6 22     0.69220631
1951  6 23     0.64802527
1951  6 24     0.60439479
1951  6 25     0.58563576
1951  6 26     0.56790831
1951  6 27     0.55059769
1951  6 28     0.53374435
1951  6 29     0.51767012
1951  6 30     0.50192972
1951  7  1     0.48688846
1951  7  2     0.47248521
1951  7  3     0.45895218
1951  7  4     0.44583619
1951  7  5     0.43262774
1951  7  6     0.41941893
1951  7  7     0.40650187
1951  7  8     0.39392639
1951  7  9     0.38198713
1951  7 10     0.37054017
1951  7 11     0.35969613
1951  7 12     0.34913431
1951  7 13     0.33916205
1951  7 14     0.32890597
1951  7 15     0.31934382
1951  7 16     0.30944748
1951  7 17     0.29942960
1951  7 18     0.28988819
1951  7 19     0.28113632
1951  7 20     0.27295623
1951  7 21     0.26574731
1951  7 22     0.25732974
1951  7 23     0.24955463
1951  7 24     0.24244815
1951  7 25     0.23537322
1951  7 26     0.22827812
1951  7 27     0.22132368
1951  7 28     0.21462604
1951  7 29     0.20848277
1951  7 30     0.20210051
1951  7 31     0.19568815
1951  8  1     0.18976831
1951  8  2     0.18415819
1951  8  3     0.17872856
1951  8  4     0.17367887
1951  8  5     0.16851897
1951  8  6     0.16358771
1951  8  7     0.15863509
1951  8  8     0.15389864
1951  8  9     0.14935597
1951  8 10     0.14495276
1951  8 11     0.14067993
1951  8 12     0.13653288
1951  8 13     0.13250774
1951  8 14     0.12860152
1951  8 15     0.12481089
1951  8 16     0.12113172
1951  8 17     0.11756074
1951  8 18     0.11409521
1951  8 19     0.11456942
1951  8 20     0.10984603
1951  8 21     0.10509967
1951  8 22     0.10643503
1951  8 23     0.10079309
1951  8 24     0.09559655
1951  8 25     0.09267845
1951  8 26     0.08980725
1951  8 27     0.08715995
1951  8 28     0.08459069
1951  8 29     0.08209718
1951  8 30     0.07967715
1951  8 31     0.07732846
1951  9  1     0.07504900
1951  9  2     0.07283677
1951  9  3     0.07068971
1951  9  4     0.06860594
1951  9  5     0.06658360
1951  9  6     0.06462089
1951  9  7     0.06271602
1951  9  8     0.06086731
1951  9  9     0.05907309
1951  9 10     0.05733177
1951  9 11     0.05564177
1951  9 12     0.05400159
1951  9 13     0.05240975
1951  9 14     0.05086484
1951  9 15     0.04936548
1951  9 16     0.04791030
1951  9 17     0.04649803
1951  9 18     0.04542580
1951  9 19     0.04398596
1951  9 20     0.04250611
1951  9 21     0.04125313
1951  9 22     0.04003709
1951  9 23     0.03885690
1951  9 24     0.03771149
1951  9 25     0.03659985
1951  9 26     0.03552098
1951  9 27     0.03447391
1951  9 28     0.03345771
1951  9 29     0.03247146
1951  9 30     0.03151428
1951 10  1     0.03110549
1951 10  2     0.37217315
1951 10  3     0.16832849
1951 10  4     0.03630735
1951 10  5     0.02947663
1951 10  6     0.02766783
1951 10  7     0.02629743
1951 10  8     0.02516949
1951 10  9     0.02420302
1951 10 10     0.02337969
1951 10 11     0.02267613
1951 10 12     0.02200770
1951 10 13     0.02135896
1951 10 14     0.02072935
1951 10 15     0.02011830
1951 10 16     0.01952527
1951 10 17     0.01894971
1951 10 18     0.01839112
1951 10 19     0.01784900
1951 10 20     0.01732285
1951 10 21     0.01681222
1951 10 22     0.01631663
1951 10 23     0.01583566
1951 10 24     1.26879675
1951 10 25     1.35234087
1951 10 26     0.28961552
1951 10 27     0.11521542
1951 10 28     0.08308952
1951 10 29     0.06055103
1951 10 30     0.04598640
1951 10 31     0.03685517
1951 11  1     0.02985454
1951 11  2     0.02742927
1951 11  3     0.02713608
1951 11  4     0.02509637
1951 11  5     0.02029089
1951 11  6     0.01719120
1951 11  7     0.01514895
1951 11  8     0.01367209
1951 11  9     0.01224477
1951 11 10     0.01239893
1951 11 11     0.54446658
1951 11 12     0.70774773
1951 11 13     0.23681337
1951 11 14     0.09665527
1951 11 15     0.05710144
1951 11 16     0.03018491
1951 11 17     0.02576111
1951 11 18     0.02285848
1951 11 19     0.66372923
1951 11 20     2.02878457
1951 11 21     1.35005741
1951 11 22     0.49355837
1951 11 23     0.21814383
1951 11 24     0.13065328
1951 11 25     0.08308483
1951 11 26     0.08222221
1951 11 27     0.10263191
1951 11 28     0.06128093
1951 11 29     0.04043241
1951 11 30     0.05346576
1951 12  1     4.37714516
1951 12  2     3.23531530
1951 12  3     2.10056422
1951 12  4     2.00006890
1951 12  5     1.94435988
1951 12  6     0.93888328
1951 12  7     0.66077257
1951 12  8     0.51529708
1951 12  9     0.41661475
1951 12 10     0.34899263
1951 12 11     0.30705074
1951 12 12     0.27931635
1951 12 13     0.75418813
1951 12 14     0.42468980
1951 12 15     0.33294513
1951 12 16     0.29847326
1951 12 17     0.26618517
1951 12 18     0.25091556
1951 12 19     0.79362986
1951 12 20     0.40603189
1951 12 21     0.31109020
1951 12 22     0.26396247
1951 12 23     0.23032058
1951 12 24     0.21226370
1951 12 25     0.31989195
1951 12 26     0.66587952
1951 12 27     0.35738830
1951 12 28     5.93425701
1951 12 29     6.41050505
1951 12 30     6.17223666
1951 12 31     2.32995644
1952  1  1     1.47313262
1952  1  2     1.17330320
1952  1  3     0.97316610
1952  1  4     0.83773443
1952  1  5     0.74359044
1952  1  6     0.68373754
1952  1  7     2.46199861
1952  1  8     1.66094125
1952  1  9     0.82466043
1952  1 10     0.77181079
1952  1 11     1.97694575
1952  1 12     7.30580471
1952  1 13     4.12991918
1952  1 14     4.68666112
1952  1 15    12.17537990
1952  1 16     8.06703609
1952  1 17     2.90515121
1952  1 18     1.89265059
1952  1 19     1.50344132
1952  1 20     2.08822915
1952  1 21     1.52052731
1952  1 22     1.15354515
1952  1 23     1.03723639
1952  1 24     5.75673050
1952  1 25    13.83617664
1952  1 26     5.97147911
1952  1 27     2.97070795
1952  1 28     2.40562482
1952  1 29     2.10793952
1952  1 30     1.87972342
1952  1 31     3.79480260
1952  2  1     4.51019941
1952  2  2     9.17658494
1952  2  3     4.38281940
1952  2  4     2.87948185
1952  2  5     2.57605425
1952  2  6     2.38969067
1952  2  7     2.25311375
1952  2  8     2.14760916
1952  2  9     2.06419058
1952  2 10     1.96153497
1952  2 11     2.80436799
1952  2 12     2.43365212
1952  2 13     1.90838761
1952  2 14     1.78787775
1952  2 15     1.71780222
1952  2 16     3.77550604
1952  2 17     3.88629278
1952  2 18     2.74748126
1952  2 19     2.51180881
1952  2 20     4.10953195
1952  2 21     3.59565087
1952  2 22     2.97949830
1952  2 23     2.40934277
1952  2 24     2.07249483
1952  2 25     1.95040189
1952  2 26     1.90737586
1952  2 27     1.87333098
1952  2 28     2.83209297
1952  2 29     2.20265011
1952  3  1     2.07912390
1952  3  2     1.85040528
1952  3  3     1.88993632
1952  3  4     1.89977364
1952  3  5     1.61933745
1952  3  6     1.81644032
1952  3  7     4.64696266
1952  3  8     2.25961102
1952  3  9     1.76155854
1952  3 10     3.85970127
1952  3 11     3.43949775
1952  3 12     3.36610052
1952  3 13     2.28213025
1952  3 14     1.74264912
1952  3 15     6.50320620
1952  3 16     5.68341692
1952  3 17     2.46715597
1952  3 18     4.56959195
1952  3 19     7.36856013
1952  3 20     3.62807117
1952  3 21     2.12291497
1952  3 22     1.85855716
1952  3 23     1.86190084
1952  3 24     1.89740942
1952  3 25     2.29903725
1952  3 26     2.44785842
1952  3 27     2.58854596
1952  3 28     2.69290074
1952  3 29     2.76065017
1952  3 30     2.72173906
1952  3 31     2.62583019
1952  4  1     2.60967381
1952  4  2     2.69315040
1952  4  3     2.96448963
1952  4  4     3.41029788
1952  4  5     3.85936662
1952  4  6     3.96041088
1952  4  7     4.69595202
1952  4  8     3.88626567
1952  4  9     3.84164357
1952  4 10     4.40309831
1952  4 11     3.79090376
1952  4 12     3.54265979
1952  4 13     4.33720234
1952  4 14     4.61371164
1952  4 15     3.68479846
1952  4 16     3.88742756
1952  4 17     4.47636565
1952  4 18     4.90394144
1952  4 19     4.80941692
1952  4 20     4.58091423
1952  4 21     4.82633306
1952  4 22     5.04765819
1952  4 23     5.32647274
1952  4 24     5.65952961
1952  4 25     7.82647469
1952  4 26     7.06178965
1952  4 27     5.58685231
1952  4 28     5.36913701
1952  4 29     4.94863548
1952  4 30     4.87198624
1952  5  1     5.62102686
1952  5  2     6.14898563
1952  5  3     6.20583209
1952  5  4     5.89305876
1952  5  5     5.86869495
1952  5  6     5.73079904
1952  5  7     8.08910801
1952  5  8     7.34364962
1952  5  9     6.23742598
1952  5 10     6.67472808
1952  5 11     7.29050318
1952  5 12     7.50773412
1952  5 13     7.47783833
1952  5 14     7.33554104
1952  5 15     7.16350537
1952  5 16     7.29447391
1952  5 17     7.78300276
1952  5 18     8.67224408
1952  5 19     9.28295990
1952  5 20     8.92014371
1952  5 21     7.99650098
1952  5 22     7.94314491
1952  5 23     8.80281299
1952  5 24     9.26664598
1952  5 25     9.48487100
1952  5 26     9.78006088
1952  5 27    10.21483174
1952  5 28    10.24612254
1952  5 29     9.55610973
1952  5 30     9.15336362
1952  5 31     9.05042370
1952  6  1     8.53580039
1952  6  2     8.46138156
1952  6  3     8.52702268
1952  6  4     8.80729187
1952  6  5     9.21248981
1952  6  6     8.99094216
1952  6  7     8.18409850
1952  6  8     7.90720365
1952  6  9     7.72195005
1952  6 10     7.29429343
1952  6 11     6.62301916
1952  6 12     5.50349174
1952  6 13     5.08612784
1952  6 14     5.17301765
1952  6 15     5.25926214
1952  6 16     5.78913656
1952  6 17     6.45932205
1952  6 18     6.76215511
1952  6 19     6.43324672
1952  6 20     6.09033748
1952  6 21     5.88613590
1952  6 22     5.56504117
1952  6 23     5.34548669
1952  6 24     4.82782403
1952  6 25     4.41465373
1952  6 26     4.23726373
1952  6 27     4.09635248
1952  6 28     4.09276692
1952  6 29     3.93262251
1952  6 30     3.78664133
1952  7  1     3.77102697
1952  7  2     3.67150150
1952  7  3     3.54889364
1952  7  4     3.43182495
1952  7  5     3.20713134
1952  7  6     2.98790641
1952  7  7     2.77706114
1952  7  8     2.57416166
1952  7  9     2.42949491
1952  7 10     2.34005634
1952  7 11     2.24951374
1952  7 12     2.16163641
1952  7 13     2.09136587
1952  7 14     2.03845965
1952  7 15     1.95671276
1952  7 16     1.88278886
1952  7 17     1.82542659
1952  7 18     1.76575169
1952  7 19     1.70862617
1952  7 20     1.65491088
1952  7 21     1.60341263
1952  7 22     1.55388267
1952  7 23     1.50589177
1952  7 24     1.45967062
1952  7 25     1.46775265
1952  7 26     1.40329318
1952  7 27     1.33509338
1952  7 28     1.33320484
1952  7 29     1.30388112
1952  7 30     1.44978515
1952  7 31     1.34059859
1952  8  1     1.34244921
1952  8  2     1.22068700
1952  8  3     1.11438761
1952  8  4     1.07803639
1952  8  5     1.04300293
1952  8  6     1.00996473
1952  8  7     0.97867059
1952  8  8     0.94879272
1952  8  9     0.92036602
1952  8 10     0.89279450
1952  8 11     0.86600752
1952  8 12     0.84003766
1952  8 13     0.81509622
1952  8 14     0.79055454
1952  8 15     0.76675282
1952  8 16     0.74381019
1952  8 17     0.72167361
1952  8 18     0.70022087
1952  8 19     0.67952706
1952  8 20     0.65937787
1952  8 21     0.63968186
1952  8 22     0.62069405
1952  8 23     0.60211171
1952  8 24     0.58457785
1952  8 25     0.56782351
1952  8 26     0.55095103
1952  8 27     0.53476462
1952  8 28     0.51886161
1952  8 29     0.50315628
1952  8 30     0.48806747
1952  8 31     0.47351179
1952  9  1     0.45882336
1952  9  2     0.44494605
1952  9  3     0.43184823
1952  9  4     0.41957411
1952  9  5     0.40798514
1952  9  6     0.39738032
1952  9  7     0.38525431
1952  9  8     0.37325717
1952  9  9     0.36239938
1952  9 10     0.45756622
1952  9 11     0.65693306
1952  9 12     0.43782048
1952  9 13     0.33288067
1952  9 14     0.31623038
1952  9 15     0.30284115
1952  9 16     0.29342353
1952  9 17     0.28450653
1952  9 18     0.27600003
1952  9 19     0.26855099
1952  9 20     0.26114054
1952  9 21     0.25288338
1952  9 22     0.24500845
1952  9 23     0.23749430
1952  9 24     0.23024047
1952  9 25     0.22322070
1952  9 26     0.21676260
1952  9 27     0.21091210
1952  9 28     0.20441277
1952  9 29     0.19801341
1952  9 30     0.19216273
1952 10  1     0.18649810
1952 10  2     0.18100035
1952 10  3     0.17566459
1952 10  4     0.17048678
1952 10  5     0.16546100
1952 10  6     0.16070854
1952 10  7     0.15599656
1952 10  8     0.15199040
1952 10  9     0.14805812
1952 10 10     0.14359245
1952 10 11     0.13906035
1952 10 12     0.13464333
1952 10 13     0.13047569
1952 10 14     0.12657689
1952 10 15     0.12272509
1952 10 16     0.11911322
1952 10 17     0.11589590
1952 10 18     0.13641963
1952 10 19     0.11908379
1952 10 20     0.10630414
1952 10 21     0.10287041
1952 10 22     0.09995201
1952 10 23     0.09707498
1952 10 24     0.09419387
1952 10 25     0.09134331
1952 10 26     0.08849244
1952 10 27     0.08597153
1952 10 28     0.08324296
1952 10 29     0.08073656
1952 10 30     0.07864978
1952 10 31     0.07668595
1952 11  1     0.07483686
1952 11  2     0.07269745
1952 11  3     0.07028995
1952 11  4     0.06794973
1952 11  5     0.06585123
1952 11  6     0.06394505
1952 11  7     0.06199852
1952 11  8     0.06043293
1952 11  9     0.05882071
1952 11 10     0.05699465
1952 11 11     0.05533400
1952 11 12     0.11738007
1952 11 13     0.24949667
1952 11 14     1.63016932
1952 11 15     1.08856592
1952 11 16     0.28577507
1952 11 17     0.17778616
1952 11 18     0.11655780
1952 11 19     0.08337832
1952 11 20     0.06630864
1952 11 21     0.06016110
1952 11 22     0.05546138
1952 11 23     0.05146426
1952 11 24     0.04894403
1952 11 25     0.04719837
1952 11 26     0.04555260
1952 11 27     0.04401414
1952 11 28     0.04255587
1952 11 29     0.04117804
1952 11 30     0.03983367
1952 12  1     0.21544221
1952 12  2     1.17855358
1952 12  3     0.55319650
1952 12  4     0.17654687
1952 12  5     0.27383244
1952 12  6     0.38630327
1952 12  7     1.50466565
1952 12  8     0.83093580
1952 12  9     0.32328356
1952 12 10     0.25689078
1952 12 11     0.13403960
1952 12 12     0.07246066
1952 12 13     0.04932239
1952 12 14     0.03880867
1952 12 15     0.03547676
1952 12 16     0.03265348
1952 12 17     0.03069291
1952 12 18     0.02770910
1952 12 19     0.14999773
1952 12 20     0.94285902
1952 12 21     0.26633593
1952 12 22     0.09851906
1952 12 23     0.06102160
1952 12 24     0.04307896
1952 12 25     0.03857203
1952 12 26     0.25315065
1952 12 27     0.24871704
1952 12 28     0.20007654
1952 12 29     0.07436186
1952 12 30     0.90384726
1952 12 31     0.97065166
1953  1  1     0.24326496
1953  1  2     0.16820451
1953  1  3     0.12729419
1953  1  4     0.10322419
1953  1  5     0.09570547
1953  1  6     0.88468089
1953  1  7     2.09205544
1953  1  8     1.82405641
1953  1  9     1.97194815
1953  1 10     0.94873849
1953  1 11     0.53386068
1953  1 12     0.45485579
1953  1 13     2.25169641
1953  1 14     4.75616528
1953  1 15     1.87474262
1953  1 16     1.11868530
1953  1 17     0.97691311
1953  1 18     3.80024778
1953  1 19     2.04778659
1953  1 20     2.44466545
1953  1 21     2.90698026
1953  1 22     1.53508662
1953  1 23     1.29504155
1953  1 24     1.20277626
1953  1 25     1.12005765
1953  1 26     1.01534527
1953  1 27     0.93177811
1953  1 28     0.92397687
1953  1 29     0.95086967
1953  1 30     0.95215086
1953  1 31     0.95718382
1953  2  1     0.92322729
1953  2  2     0.89225416
1953  2  3     0.89560845
1953  2  4     0.87700684
1953  2  5     0.93856759
1953  2  6     0.88632174
1953  2  7     0.88356533
1953  2  8     0.97362258
1953  2  9     0.83066644
1953  2 10     0.75673122
1953  2 11     0.73563060
1953  2 12     0.71923603
1953  2 13     0.71931455
1953  2 14     0.73774892
1953  2 15     0.69538827
1953  2 16     0.66124013
1953  2 17     0.65477031
1953  2 18     0.61683097
1953  2 19     0.59186835
1953  2 20     0.57230871
1953  2 21     0.55181361
1953  2 22     0.53238817
1953  2 23     0.51722315
1953  2 24     0.50347711
1953  2 25     0.50543410
1953  2 26     0.53302309
1953  2 27     0.57623538
1953  2 28     0.59520852
1953  3  1     0.97869031
1953  3  2     0.61149980
1953  3  3     0.52270603
1953  3  4     0.51884577
1953  3  5     0.58272538
1953  3  6     0.70757563
1953  3  7     0.86990670
1953  3  8     0.97106240
1953  3  9     0.99449222
1953  3 10     1.76332707
1953  3 11     2.55084633
1953  3 12     1.77731239
1953  3 13     1.83649650
1953  3 14     1.27712015
1953  3 15     1.12307164
1953  3 16     1.05828955
1953  3 17     1.07560658
1953  3 18     0.97544310
1953  3 19     2.72411224
1953  3 20     5.84841243
1953  3 21     2.93600579
1953  3 22     1.87063689
1953  3 23     1.75580419
1953  3 24     1.99360839
1953  3 25     1.93857350
1953  3 26     1.80683051
1953  3 27     1.82170424
1953  3 28     1.91527550
1953  3 29     1.71157362
1953  3 30     1.56196860
1953  3 31     1.62287261
1953  4  1     1.77486329
1953  4  2     1.91195967
1953  4  3     2.14383333
1953  4  4     2.36461804
1953  4  5     2.51590438
1953  4  6     2.29363286
1953  4  7     1.80440165
1953  4  8     1.64116033
1953  4  9     1.48986949
1953  4 10     1.58818512
1953  4 11     1.34549794
1953  4 12     1.24750350
1953  4 13     1.19652384
1953  4 14     1.17263205
1953  4 15     1.32018429
1953  4 16     1.55260125
1953  4 17     2.15998456
1953  4 18     1.77652238
1953  4 19     1.88859091
1953  4 20     2.61125862
1953  4 21     2.66729765
1953  4 22     2.89022341
1953  4 23     3.02892199
1953  4 24     3.12077417
1953  4 25     3.28838400
1953  4 26     3.33569034
1953  4 27    10.81831350
1953  4 28    11.13181780
1953  4 29     5.29629290
1953  4 30     4.84286254
1953  5  1     4.36079977
1953  5  2     3.53906146
1953  5  3     3.62269064
1953  5  4     4.08048530
1953  5  5     4.44583368
1953  5  6     4.52878042
1953  5  7     3.84394795
1953  5  8     3.07700734
1953  5  9     2.73512239
1953  5 10     2.54836582
1953  5 11     2.46819002
1953  5 12     2.59895345
1953  5 13     2.69728290
1953  5 14     3.00498508
1953  5 15     3.36809981
1953  5 16     2.92554483
1953  5 17     2.68663238
1953  5 18     2.93831312
1953  5 19     4.21838495
1953  5 20     3.91994626
1953  5 21     3.66944847
1953  5 22     3.02579820
1953  5 23     3.17617936
1953  5 24     2.78174677
1953  5 25     2.48770723
1953  5 26     2.65818746
1953  5 27     2.30615156
1953  5 28     3.55961887
1953  5 29     3.63356562
1953  5 30     2.98189224
1953  5 31     3.23994480
1953  6  1     4.77198619
1953  6  2     3.62232778
1953  6  3     3.03189467
1953  6  4     3.11631986
1953  6  5     3.12921244
1953  6  6     4.78902277
1953  6  7     3.84403674
1953  6  8     2.98795563
1953  6  9     2.82878326
1953  6 10     2.77446157
1953  6 11     2.97235748
1953  6 12     3.32752173
1953  6 13     3.24514927
1953  6 14     3.16159303
1953  6 15     3.34674856
1953  6 16     3.57002473
1953  6 17     3.75514018
1953  6 18     3.85201961
1953  6 19     3.58509184
1953  6 20     3.26544122
1953  6 21     3.13808537
1953  6 22     3.07464358
1953  6 23     2.87247541
1953  6 24     2.58033933
1953  6 25     2.33440969
1953  6 26     2.15019140
1953  6 27     2.01810369
1953  6 28     1.91781909
1953  6 29     1.80902806
1953  6 30     1.71950372
1953  7  1     1.65226720
1953  7  2     1.59934489
1953  7  3     1.54837078
1953  7  4     1.50092541
1953  7  5     1.41829551
1953  7  6     1.34018257
1953  7  7     1.28620431
1953  7  8     1.23871944
1953  7  9     1.19435115
1953  7 10     1.15316091
1953  7 11     1.11469658
1953  7 12     1.07772142
1953  7 13     1.04554343
1953  7 14     1.01022257
1953  7 15     0.97607302
1953  7 16     0.99188867
1953  7 17     1.03364590
1953  7 18     0.95212451
1953  7 19     0.87829444
1953  7 20     0.83688897
1953  7 21     0.80959777
1953  7 22     0.78517261
1953  7 23     0.76143455
1953  7 24     0.73875625
1953  7 25     0.71720780
1953  7 26     0.69590055
1953  7 27     0.67488574
1953  7 28     0.65450219
1953  7 29     0.63495744
1953  7 30     0.61600959
1953  7 31     0.59771715
1953  8  1     0.58000250
1953  8  2     0.56318360
1953  8  3     0.54707992
1953  8  4     0.53087896
1953  8  5     0.51505344
1953  8  6     0.49962372
1953  8  7     0.48486163
1953  8  8     0.47014756
1953  8  9     0.45579990
1953  8 10     0.44203217
1953  8 11     0.42875362
1953  8 12     0.41586324
1953  8 13     0.40378150
1953  8 14     0.39253027
1953  8 15     0.38065192
1953  8 16     0.36932813
1953  8 17     0.35856852
1953  8 18     0.34803433
1953  8 19     0.33748449
1953  8 20     0.32762772
1953  8 21     0.31808223
1953  8 22     0.30866487
1953  8 23     0.29937238
1953  8 24     0.29069546
1953  8 25     0.28225811
1953  8 26     0.27417757
1953  8 27     0.26608587
1953  8 28     0.25840920
1953  8 29     0.25138901
1953  8 30     0.31989713
1953  8 31     0.29989146
1953  9  1     0.24155658
1953  9  2     0.22175162
1953  9  3     0.21490062
1953  9  4     0.20853273
1953  9  5     0.20238555
1953  9  6     0.19641970
1953  9  7     0.19062932
1953  9  8     0.18500963
1953  9  9     0.17955553
1953  9 10     0.17426285
1953  9 11     0.16912595
1953  9 12     0.16414008
1953  9 13     0.15930185
1953  9 14     0.15460575
1953  9 15     0.15116969
1953  9 16     0.14625999
1953  9 17     0.14133238
1953  9 18     0.13716624
1953  9 19     0.13312292
1953  9 20     0.12919878
1953  9 21     0.12539032
1953  9 22     0.12189650
1953  9 23     0.11815828
1953  9 24     0.11462568
1953  9 25     0.11124652
1953  9 26     0.10796725
1953  9 27     0.10787036
1953  9 28     0.10281397
1953  9 29     0.09869814
1953  9 30     0.09578874
1953 10  1     0.09296512
1953 10  2     0.09043525
1953 10  3     0.08761739
1953 10  4     0.08498394
1953 10  5     0.08247882
1953 10  6     0.08004755
1953 10  7     0.07768795
1953 10  8     0.07539790
1953 10  9     0.07317536
1953 10 10     0.07256352
1953 10 11     0.07998188
1953 10 12     0.07049167
1953 10 13     0.06492403
1953 10 14     0.06301501
1953 10 15     0.06141919
1953 10 16     0.05944345
1953 10 17     0.05760561
1953 10 18     0.30380344
1953 10 19     1.09039223
1953 10 20     0.31540650
1953 10 21     0.12220341
1953 10 22     0.08122938
1953 10 23     0.05968015
1953 10 24     0.05345756
1953 10 25     0.05718604
1953 10 26     0.06434843
1953 10 27     0.06117128
1953 10 28     0.05751632
1953 10 29     0.05404997
1953 10 30     0.04671190
1953 10 31     0.04167479
1953 11  1     0.03905267
1953 11  2     0.03822496
1953 11  3     0.03568788
1953 11  4     0.03381936
1953 11  5     0.03338360
1953 11  6     0.09141007
1953 11  7     0.04729111
1953 11  8     0.03170398
1953 11  9     0.02998659
1953 11 10     0.08542710
1953 11 11     0.24107124
1953 11 12     0.08533986
1953 11 13     0.03449359
1953 11 14     1.76765107
1953 11 15     0.65589936
1953 11 16     0.17624580
1953 11 17     0.14980324
1953 11 18     0.10523148
1953 11 19     0.06275923
1953 11 20     0.36488190
1953 11 21     0.12087676
1953 11 22     0.06990258
1953 11 23     0.04989643
1953 11 24     0.04379169
1953 11 25     0.04734444
1953 11 26     0.05269310
1953 11 27     0.05187697
1953 11 28     0.05055571
1953 11 29     0.05043190
1953 11 30     0.04435257
1953 12  1     0.03461391
1953 12  2     0.03079781
1953 12  3     0.04454464
1953 12  4     1.29707865
1953 12  5     0.30664030
1953 12  6     0.12210732
1953 12  7     0.28694871
1953 12  8     0.10922699
1953 12  9     0.05661370
1953 12 10     0.03526182
1953 12 11     0.02668813
1953 12 12     0.02340940
1953 12 13     0.02257025
1953 12 14     0.02247549
1953 12 15     0.02248289
1953 12 16     0.02268099
1953 12 17     0.02229024
1953 12 18     0.01986496
1953 12 19     0.03031470
1953 12 20     0.02817877
1953 12 21     0.01899040
1953 12 22     0.01661116
1953 12 23     0.01595748
1953 12 24     0.01544180
1953 12 25     0.01509539
1953 12 26     0.01546774
1953 12 27     0.01566123
1953 12 28     0.01550987
1953 12 29     0.01416189
1953 12 30     0.01339495
1953 12 31     0.01303531
1954  1  1     0.01318488
1954  1  2     0.01283984
1954  1  3     0.02852375
1954  1  4     0.01928097
1954  1  5     0.01610310
1954  1  6     0.02030407
1954  1  7     0.85620270
1954  1  8     0.30553456
1954  1  9     0.07201752
1954  1 10     0.05287165
1954  1 11     0.04286697
1954  1 12     0.06326270
1954  1 13     0.04361827
1954  1 14     0.03431791
1954  1 15     0.03372094
1954  1 16     0.05633271
1954  1 17     1.47281806
1954  1 18     0.88145505
1954  1 19     0.40496614
1954  1 20     0.24959052
1954  1 21     0.19179494
1954  1 22     0.16372105
1954  1 23     2.96381078
1954  1 24     5.06363886
1954  1 25     2.84471165
1954  1 26     1.22595087
1954  1 27     0.92637995
1954  1 28     0.78994244
1954  1 29     0.71901108
1954  1 30     0.67792699
1954  1 31     0.68388423
1954  2  1     0.71314870
1954  2  2     0.69994564
1954  2  3     0.67803823
1954  2  4     0.66980890
1954  2  5     0.67854516
1954  2  6     0.68624117
1954  2  7     0.68914295
1954  2  8     0.70142764
1954  2  9     0.70291115
1954  2 10     0.66179449
1954  2 11     0.65057476
1954  2 12     1.37731371
1954  2 13     4.53203628
1954  2 14     3.92489354
1954  2 15     1.88787662
1954  2 16     1.34655141
1954  2 17     2.02097462
1954  2 18     2.64448913
1954  2 19     1.52826265
1954  2 20     1.26513803
1954  2 21     1.19349879
1954  2 22     1.19157239
1954  2 23     1.39494812
1954  2 24     1.55423597
1954  2 25     1.61457456
1954  2 26     1.57389673
1954  2 27     1.49039157
1954  2 28     1.43582819
1954  3  1     1.39882008
1954  3  2     1.40400251
1954  3  3     1.38505814
1954  3  4     1.35744833
1954  3  5     1.34636371
1954  3  6     1.35075754
1954  3  7     1.34757019
1954  3  8     2.28399664
1954  3  9    11.60023521
1954  3 10     8.85761158
1954  3 11     4.23814819
1954  3 12     3.15233666
1954  3 13     2.83302190
1954  3 14     2.65540947
1954  3 15     2.37615899
1954  3 16     2.84940409
1954  3 17     4.40696591
1954  3 18     2.56712991
1954  3 19     2.39358297
1954  3 20     3.41987674
1954  3 21     3.75868987
1954  3 22     2.31710228
1954  3 23     2.07613196
1954  3 24     2.95031916
1954  3 25     3.90098760
1954  3 26     2.19221533
1954  3 27     2.05795615
1954  3 28     2.10140652
1954  3 29     2.10962089
1954  3 30     3.92445662
1954  3 31     2.29358196
1954  4  1     1.94947735
1954  4  2     1.95082086
1954  4  3     2.06216146
1954  4  4     2.09588630
1954  4  5     5.08410424
1954  4  6     4.98458835
1954  4  7     3.20153484
1954  4  8     2.83621584
1954  4  9     2.65481184
1954  4 10     2.61704532
1954  4 11     3.02046347
1954  4 12     3.42380742
1954  4 13     3.68173902
1954  4 14     3.73098416
1954  4 15     3.86893554
1954  4 16     4.28182683
1954  4 17     4.60343013
1954  4 18     4.54295630
1954  4 19     4.43546676
1954  4 20     4.33242856
1954  4 21     4.38870298
1954  4 22     4.47015894
1954  4 23     4.52350111
1954  4 24     4.39444954
1954  4 25     3.74545278
1954  4 26     3.43174419
1954  4 27     4.64491537
1954  4 28     7.53318310
1954  4 29     4.66808356
1954  4 30     3.45216612
1954  5  1     3.07850766
1954  5  2     2.94243572
1954  5  3     3.37484898
1954  5  4     3.93948644
1954  5  5     4.12681739
1954  5  6     4.26728497
1954  5  7     4.41678946
1954  5  8     4.46491047
1954  5  9     4.41208056
1954  5 10     4.46172352
1954  5 11     3.72288185
1954  5 12     3.56762015
1954  5 13     3.53003308
1954  5 14     3.47530575
1954  5 15     3.37948711
1954  5 16     3.22234047
1954  5 17     3.22498066
1954  5 18     3.26374978
1954  5 19     3.17726253
1954  5 20     2.89397723
1954  5 21     2.55746546
1954  5 22     2.32821450
1954  5 23     2.22097982
1954  5 24     2.13088009
1954  5 25     2.02083473
1954  5 26     1.91737380
1954  5 27     1.83807157
1954  5 28     1.78043391
1954  5 29     1.71832436
1954  5 30     1.63611435
1954  5 31     1.56555041
1954  6  1     1.51225795
1954  6  2     1.46215411
1954  6  3     1.41474247
1954  6  4     1.36892932
1954  6  5     1.33902703
1954  6  6     1.29182210
1954  6  7     1.24076535
1954  6  8     1.22948979
1954  6  9     2.23131795
1954  6 10     1.45879518
1954  6 11     1.18955495
1954  6 12     1.20475052
1954  6 13     1.36619078
1954  6 14     1.17524416
1954  6 15     1.05115735
1954  6 16     0.99515471
1954  6 17     0.95910861
1954  6 18     0.92505476
1954  6 19     0.89375108
1954  6 20     0.86423441
1954  6 21     0.83612478
1954  6 22     0.80963727
1954  6 23     0.78438447
1954  6 24     0.76029905
1954  6 25     0.73731574
1954  6 26     0.71528224
1954  6 27     0.69400333
1954  6 28     0.67313314
1954  6 29     0.65258131
1954  6 30     0.63267815
1954  7  1     0.61411309
1954  7  2     0.59568874
1954  7  3     0.57764978
1954  7  4     0.56007486
1954  7  5     0.54362800
1954  7  6     0.52756794
1954  7  7     0.51194912
1954  7  8     0.49685710
1954  7  9     0.48224087
1954  7 10     0.46791096
1954  7 11     0.45369837
1954  7 12     0.43987276
1954  7 13     0.42640453
1954  7 14     0.41677082
1954  7 15     0.40332331
1954  7 16     0.38950871
1954  7 17     0.37783503
1954  7 18     0.36657571
1954  7 19     0.35586236
1954  7 20     0.34574924
1954  7 21     0.33573891
1954  7 22     0.32520332
1954  7 23     0.31514610
1954  7 24     0.30562600
1954  7 25     0.30121787
1954  7 26     0.29704076
1954  7 27     0.28289568
1954  7 28     0.27109046
1954  7 29     0.26261295
1954  7 30     0.25492898
1954  7 31     0.24741318
1954  8  1     0.23967251
1954  8  2     0.23251045
1954  8  3     0.22567368
1954  8  4     0.21947544
1954  8  5     0.21362103
1954  8  6     0.20727728
1954  8  7     0.20061656
1954  8  8     0.19434514
1954  8  9     0.18855896
1954  8 10     0.18300014
1954  8 11     0.17760544
1954  8 12     0.17236980
1954  8 13     0.16765611
1954  8 14     0.16309058
1954  8 15     0.15860371
1954  8 16     0.15363910
1954  8 17     0.14879749
1954  8 18     0.14410654
1954  8 19     0.13979723
1954  8 20     0.13576337
1954  8 21     0.13189910
1954  8 22     0.12784486
1954  8 23     0.12402815
1954  8 24     0.12037199
1954  8 25     0.11682343
1954  8 26     0.11380563
1954  8 27     0.11039095
1954  8 28     0.10685541
1954  8 29     0.10364592
1954  8 30     0.10059070
1954  8 31     0.09762553
1954  9  1     0.09474778
1954  9  2     0.09195485
1954  9  3     0.08924425
1954  9  4     0.08661355
1954  9  5     0.08406040
1954  9  6     0.08158250
1954  9  7     0.07917765
1954  9  8     0.07684369
1954  9  9     0.07457853
1954  9 10     0.07238014
1954  9 11     0.07024656
1954  9 12     0.06817586
1954  9 13     0.06616621
1954  9 14     0.06421579
1954  9 15     0.06232287
1954  9 16     0.06048575
1954  9 17     0.05870278
1954  9 18     0.05697237
1954  9 19     0.05529296
1954  9 20     0.05366306
1954  9 21     0.05208121
1954  9 22     0.05054599
1954  9 23     0.04905602
1954  9 24     0.04760997
1954  9 25     0.04620654
1954  9 26     0.04484449
1954  9 27     0.04352258
1954  9 28     0.04223965
1954  9 29     0.04099453
1954  9 30     0.03978611
1954 10  1     0.03861331
1954 10  2     0.03747509
1954 10  3     0.03637042
1954 10  4     0.03529831
1954 10  5     0.03425780
1954 10  6     0.03324797
1954 10  7     0.03226790
1954 10  8     0.03131672
1954 10  9     0.03039358
1954 10 10     0.02949766
1954 10 11     0.02862814
1954 10 12     0.02778425
1954 10 13     0.02696524
1954 10 14     0.02617037
1954 10 15     0.02539894
1954 10 16     0.02465024
1954 10 17     0.02392361
1954 10 18     0.02321840
1954 10 19     0.02253398
1954 10 20     0.02186974
1954 10 21     0.02122507
1954 10 22     0.02059941
1954 10 23     0.01999219
1954 10 24     0.01940287
1954 10 25     0.01883092
1954 10 26     0.01827583
1954 10 27     0.01773710
1954 10 28     0.01721426
1954 10 29     0.01670683
1954 10 30     0.01621435
1954 10 31     0.01573639
1954 11  1     0.01527252
1954 11  2     0.01482233
1954 11  3     0.01438540
1954 11  4     0.01396135
1954 11  5     0.01354981
1954 11  6     0.01315039
1954 11  7     0.01276275
1954 11  8     0.01646635
1954 11  9     0.03166371
1954 11 10     0.01660127
1954 11 11     0.02017369
1954 11 12     0.77133633
1954 11 13     0.24001800
1954 11 14     0.05014227
1954 11 15     1.05512179
1954 11 16     1.35970755
1954 11 17     0.30855663
1954 11 18     0.10559347
1954 11 19     0.06059707
1954 11 20     0.03685268
1954 11 21     0.02636137
1954 11 22     0.02441155
1954 11 23     0.02172822
1954 11 24     0.02006024
1954 11 25     0.01779156
1954 11 26     0.01671258
1954 11 27     0.01517409
1954 11 28     0.01227870
1954 11 29     0.00854626
1954 11 30     0.00733979
1954 12  1     0.00716640
1954 12  2     0.63372706
1954 12  3     2.02899684
1954 12  4     1.69538863
1954 12  5     0.55856381
1954 12  6     0.88821559
1954 12  7     0.80707795
1954 12  8     0.37648172
1954 12  9     0.45836556
1954 12 10     1.52268055
1954 12 11     0.50784977
1954 12 12     0.29775311
1954 12 13     0.23650879
1954 12 14     0.19562023
1954 12 15     0.16976529
1954 12 16     0.15502032
1954 12 17     0.14635625
1954 12 18     0.14000060
1954 12 19     0.13628301
1954 12 20     0.13384795
1954 12 21     0.12945979
1954 12 22     0.12627036
1954 12 23     0.12310939
1954 12 24     0.11831609
1954 12 25     0.11182746
1954 12 26     0.10798929
1954 12 27     0.10453428
1954 12 28     0.10102862
1954 12 29     0.09772178
1954 12 30     0.11288359
1954 12 31     0.65284402
1955  1  1     3.46832974
1955  1  2     1.77202101
1955  1  3     0.72778654
1955  1  4     0.53254393
1955  1  5     0.44514048
1955  1  6     0.37644656
1955  1  7     0.31858409
1955  1  8     0.28697190
1955  1  9     0.26685849
1955  1 10     0.79366455
1955  1 11     0.37532053
1955  1 12     0.30538736
1955  1 13     0.26729101
1955  1 14     0.23808219
1955  1 15     0.24378118
1955  1 16     1.82616389
1955  1 17     0.71004295
1955  1 18     0.96874034
1955  1 19     0.95726999
1955  1 20     0.51955430
1955  1 21     0.32748156
1955  1 22     0.25818474
1955  1 23     0.22645860
1955  1 24     0.24635335
1955  1 25     0.28678950
1955  1 26     0.32006281
1955  1 27     0.34732312
1955  1 28     0.36917857
1955  1 29     0.40639591
1955  1 30     0.42286754
1955  1 31     0.52468881
1955  2  1     1.35338543
1955  2  2     0.75329735
1955  2  3     0.44524363
1955  2  4     0.34258216
1955  2  5     0.27743067
1955  2  6     0.24075888
1955  2  7     0.22664068
1955  2  8     0.23955961
1955  2  9     0.22619833
1955  2 10     0.22986558
1955  2 11     0.24003958
1955  2 12     0.24175825
1955  2 13     0.25790776
1955  2 14     0.30701306
1955  2 15     0.33014750
1955  2 16     0.77080228
1955  2 17     2.76514683
1955  2 18     1.33421013
1955  2 19     0.74103122
1955  2 20     0.62450947
1955  2 21     0.54318132
1955  2 22     0.48652327
1955  2 23     0.44884199
1955  2 24     0.41936948
1955  2 25     0.39586640
1955  2 26     0.39937590
1955  2 27     1.55151018
1955  2 28     0.70051729
1955  3  1     0.45620517
1955  3  2     0.44000532
1955  3  3     0.48103237
1955  3  4     0.51355968
1955  3  5     0.54588675
1955  3  6     0.67249513
1955  3  7     0.87435562
1955  3  8     0.84969777
1955  3  9     1.72733475
1955  3 10     1.76285628
1955  3 11     1.22463033
1955  3 12     0.94505123
1955  3 13     0.81621232
1955  3 14     0.71928550
1955  3 15     0.64313579
1955  3 16     0.59906502
1955  3 17     0.56580843
1955  3 18     0.55930820
1955  3 19     0.55656018
1955  3 20     0.51037098
1955  3 21     0.49386328
1955  3 22     0.49905733
1955  3 23     0.53977342
1955  3 24     0.66037813
1955  3 25     0.81228914
1955  3 26     0.92770524
1955  3 27     1.05232980
1955  3 28     1.33354636
1955  3 29     1.18307078
1955  3 30     0.99401272
1955  3 31     0.89581350
1955  4  1     0.94031457
1955  4  2     0.80969581
1955  4  3     0.73187219
1955  4  4     0.69981849
1955  4  5     0.67232112
1955  4  6     0.68358071
1955  4  7     0.75841170
1955  4  8     0.87966161
1955  4  9     0.97612050
1955  4 10     1.05555638
1955  4 11     0.86347871
1955  4 12     0.82998068
1955  4 13     0.90304463
1955  4 14     0.91580940
1955  4 15     0.84483574
1955  4 16     0.83573486
1955  4 17     1.05912465
1955  4 18     1.83878842
1955  4 19     1.41867673
1955  4 20     1.20213285
1955  4 21     1.54733404
1955  4 22     3.84061945
1955  4 23     2.37645215
1955  4 24     2.08516357
1955  4 25     1.86617888
1955  4 26     3.10934056
1955  4 27     1.77329695
1955  4 28     1.44857238
1955  4 29     1.32441922
1955  4 30     1.38728508
1955  5  1     1.96977169
1955  5  2     1.69657579
1955  5  3     1.32041992
1955  5  4     1.39876220
1955  5  5     1.85174752
1955  5  6     2.26084731
1955  5  7     2.86388841
1955  5  8     2.88502516
1955  5  9     2.28012401
1955  5 10     2.52148785
1955  5 11     3.02684337
1955  5 12     3.21575895
1955  5 13     3.07710038
1955  5 14     2.37649650
1955  5 15     1.91486389
1955  5 16     1.74087314
1955  5 17     1.76286379
1955  5 18     2.32818688
1955  5 19     3.09215306
1955  5 20     3.69587632
1955  5 21     4.11155633
1955  5 22     4.10880245
1955  5 23     3.83072337
1955  5 24     3.41746605
1955  5 25     2.86580699
1955  5 26     2.73799281
1955  5 27     2.86016470
1955  5 28     3.33388352
1955  5 29     3.95257113
1955  5 30     4.26738460
1955  5 31     3.69699924
1955  6  1     2.76836274
1955  6  2     2.62998389
1955  6  3     3.10328849
1955  6  4     3.81338681
1955  6  5     4.24660805
1955  6  6     4.44898380
1955  6  7     4.66665218
1955  6  8     4.75552215
1955  6  9     4.83655734
1955  6 10     4.59356158
1955  6 11     4.03792387
1955  6 12     3.58047975
1955  6 13     3.34382648
1955  6 14     3.08254952
1955  6 15     2.73592739
1955  6 16     2.50404940
1955  6 17     2.41662267
1955  6 18     2.29771300
1955  6 19     2.14340867
1955  6 20     2.03382256
1955  6 21     1.94659692
1955  6 22     1.80313032
1955  6 23     1.67755999
1955  6 24     1.59691568
1955  6 25     1.52763867
1955  6 26     1.46610280
1955  6 27     1.41074337
1955  6 28     1.35884621
1955  6 29     1.31055785
1955  6 30     1.26478888
1955  7  1     1.22103796
1955  7  2     1.17965305
1955  7  3     1.14043137
1955  7  4     1.10373997
1955  7  5     1.06849175
1955  7  6     1.03422012
1955  7  7     1.00097583
1955  7  8     0.96883755
1955  7  9     0.93833575
1955  7 10     0.90951153
1955  7 11     0.88099268
1955  7 12     0.85323173
1955  7 13     0.82620201
1955  7 14     0.82048143
1955  7 15     0.78793568
1955  7 16     0.75445668
1955  7 17     0.73198887
1955  7 18     0.70992523
1955  7 19     0.68857353
1955  7 20     0.66790003
1955  7 21     0.64807903
1955  7 22     0.62998300
1955  7 23     0.61070390
1955  7 24     0.59161643
1955  7 25     0.57447362
1955  7 26     0.55777944
1955  7 27     0.54142762
1955  7 28     0.52536986
1955  7 29     0.50958283
1955  7 30     0.49411790
1955  7 31     0.47944208
1955  8  1     0.46529091
1955  8  2     0.45155862
1955  8  3     0.44565887
1955  8  4     0.42985583
1955  8  5     0.41275724
1955  8  6     0.40655404
1955  8  7     0.39160441
1955  8  8     0.37729916
1955  8  9     0.36617156
1955  8 10     0.35537281
1955  8 11     0.34489335
1955  8 12     0.33472358
1955  8 13     0.32485368
1955  8 14     0.31527511
1955  8 15     0.30597989
1955  8 16     0.29695838
1955  8 17     0.28820331
1955  8 18     0.27970691
1955  8 19     0.27146000
1955  8 20     0.26345740
1955  8 21     0.25569041
1955  8 22     0.24815206
1955  8 23     0.24083745
1955  8 24     0.23373709
1955  8 25     0.22684622
1955  8 26     0.22015908
1955  8 27     0.21366921
1955  8 28     0.20737136
1955  8 29     0.20125756
1955  8 30     0.19532462
1955  8 31     0.18956678
1955  9  1     0.18397868
1955  9  2     0.17855524
1955  9  3     0.17329184
1955  9  4     0.16818327
1955  9  5     0.16322544
1955  9  6     0.15841424
1955  9  7     0.15374439
1955  9  8     0.14921217
1955  9  9     0.14481375
1955  9 10     0.14054496
1955  9 11     0.13640205
1955  9 12     0.13238125
1955  9 13     0.12847898
1955  9 14     0.12469174
1955  9 15     0.13077197
1955  9 16     0.11966484
1955  9 17     0.11408147
1955  9 18     0.14641168
1955  9 19     0.12972835
1955  9 20     0.10500653
1955  9 21     0.10112962
1955  9 22     0.09935917
1955  9 23     0.09594498
1955  9 24     0.14476081
1955  9 25     0.11481332
1955  9 26     0.08707788
1955  9 27     0.08451047
1955  9 28     0.08201931
1955  9 29     0.07960159
1955  9 30     0.07725513
1955 10  1     0.07497784
1955 10  2     0.07276768
1955 10  3     0.07062267
1955 10  4     0.06854089
1955 10  5     0.06652047
1955 10  6     0.06455962
1955 10  7     0.06265656
1955 10  8     0.06080960
1955 10  9     0.05901708
1955 10 10     0.05734516
1955 10 11     0.05597780
1955 10 12     0.05415168
1955 10 13     0.05236007
1955 10 14     0.05081662
1955 10 15     0.04931867
1955 10 16     0.04786488
1955 10 17     0.04645394
1955 10 18     0.04536247
1955 10 19     0.05836265
1955 10 20     0.04897396
1955 10 21     0.04121417
1955 10 22     0.03999913
1955 10 23     0.03882006
1955 10 24     0.03767574
1955 10 25     0.03656515
1955 10 26     0.04263731
1955 10 27     0.03779976
1955 10 28     0.03348061
1955 10 29     0.03244067
1955 10 30     0.03148440
1955 10 31     0.03055632
1955 11  1     0.02965559
1955 11  2     0.02878142
1955 11  3     0.02793301
1955 11  4     0.02710962
1955 11  5     0.03337047
1955 11  6     0.02907970
1955 11  7     0.02478230
1955 11  8     0.02405170
1955 11  9     0.02334272
1955 11 10     0.02265463
1955 11 11     0.02198683
1955 11 12     0.03321858
1955 11 13     0.04824798
1955 11 14     0.79691909
1955 11 15     0.21001648
1955 11 16     0.12273367
1955 11 17     0.68358025
1955 11 18     0.21793633
1955 11 19     0.09527459
1955 11 20     0.19509314
1955 11 21     0.68164969
1955 11 22     0.21303842
1955 11 23     0.05777931
1955 11 24     0.16498960
1955 11 25     0.06027809
1955 11 26     0.03042406
1955 11 27     0.02634528
1955 11 28     0.02544572
1955 11 29     0.02182729
1955 11 30     0.01849838
1955 12  1     0.69385641
1955 12  2     0.70841774
1955 12  3     0.17045867
1955 12  4     0.07782660
1955 12  5     0.04328317
1955 12  6     1.36912963
1955 12  7     0.50924046
1955 12  8     0.15996577
1955 12  9     0.76475712
1955 12 10     0.24789745
1955 12 11     0.07516925
1955 12 12     0.04360493
1955 12 13     0.02554040
1955 12 14     0.01640781
1955 12 15     0.01343790
1955 12 16     0.01280476
1955 12 17     0.29982631
1955 12 18     0.14081814
1955 12 19     3.35704577
1955 12 20     5.29850686
1955 12 21     2.75162522
1955 12 22    12.08308499
1955 12 23    41.82850953
1955 12 24    43.33455290
1955 12 25    16.67002533
1955 12 26    14.63390233
1955 12 27    14.94858603
1955 12 28     8.22163964
1955 12 29     6.54734747
1955 12 30     5.73735347
1955 12 31     7.21320222
1956  1  1     5.19999887
1956  1  2     6.87993641
1956  1  3     4.90736787
1956  1  4     4.34976766
1956  1  5    11.01097900
1956  1  6     7.87457811
1956  1  7     6.08646758
1956  1  8     6.26000218
1956  1  9     4.64712973
1956  1 10     4.22568554
1956  1 11     4.17366255
1956  1 12     3.77416041
1956  1 13     3.56926081
1956  1 14     8.16694072
1956  1 15    13.87091277
1956  1 16    16.29519512
1956  1 17     7.71361904
1956  1 18     5.54528802
1956  1 19     5.05710402
1956  1 20     5.47116820
1956  1 21     5.23487021
1956  1 22     5.09660053
1956  1 23    14.75824821
1956  1 24     7.62914109
1956  1 25    11.10203445
1956  1 26     8.36559968
1956  1 27    13.65554877
1956  1 28     6.70494689
1956  1 29     5.26426132
1956  1 30     4.75761923
1956  1 31     4.37752369
1956  2  1     4.08920684
1956  2  2     3.86104982
1956  2  3     3.68200132
1956  2  4     3.53801885
1956  2  5     3.39568064
1956  2  6     3.28145207
1956  2  7     3.17354670
1956  2  8     3.06408472
1956  2  9     2.97105149
1956  2 10     2.89163164
1956  2 11     2.84499361
1956  2 12     2.79765287
1956  2 13     2.69673025
1956  2 14     2.58683078
1956  2 15     2.49638897
1956  2 16     2.42159829
1956  2 17     2.34807762
1956  2 18     2.29716829
1956  2 19     2.21529773
1956  2 20     2.62122775
1956  2 21     2.30808811
1956  2 22     2.26069316
1956  2 23     6.80853255
1956  2 24     4.01449828
1956  2 25     2.67262789
1956  2 26     3.86838796
1956  2 27     2.40548979
1956  2 28     2.49309828
1956  2 29     2.34300013
1956  3  1     2.17585247
1956  3  2     2.10925257
1956  3  3     2.05692824
1956  3  4     1.94230291
1956  3  5     2.12729211
1956  3  6     1.88505393
1956  3  7     1.74400253
1956  3  8     1.87415914
1956  3  9     1.81397649
1956  3 10     1.75727840
1956  3 11     1.69529955
1956  3 12     1.59979385
1956  3 13     1.53994027
1956  3 14     1.50873697
1956  3 15     1.47270313
1956  3 16     1.53795554
1956  3 17     1.69785946
1956  3 18     1.85972946
1956  3 19     2.04570187
1956  3 20     1.83443408
1956  3 21     1.81237106
1956  3 22     1.98377109
1956  3 23     2.09232305
1956  3 24     2.29868337
1956  3 25     2.42845749
1956  3 26     2.31928917
1956  3 27     1.94446838
1956  3 28     1.99226713
1956  3 29     2.24401889
1956  3 30     2.33250068
1956  3 31     2.25794758
1956  4  1     2.18354215
1956  4  2     1.78674176
1956  4  3     1.65361482
1956  4  4     1.58936066
1956  4  5     1.70463902
1956  4  6     1.97722981
1956  4  7     2.25264060
1956  4  8     2.46321256
1956  4  9     2.70205570
1956  4 10     2.85329966
1956  4 11     2.65697872
1956  4 12     3.02359941
1956  4 13     2.20563817
1956  4 14     2.27175786
1956  4 15     2.04750472
1956  4 16     1.80800328
1956  4 17     1.96291269
1956  4 18     2.31761599
1956  4 19     2.70311926
1956  4 20     3.08546252
1956  4 21     3.41176500
1956  4 22     3.63156033
1956  4 23     3.81278463
1956  4 24     4.09786832
1956  4 25     3.84022753
1956  4 26     6.37181743
1956  4 27     5.07399458
1956  4 28     3.37496574
1956  4 29     3.01778988
1956  4 30     3.04765571
1956  5  1     3.45483891
1956  5  2     4.11739692
1956  5  3     4.57840317
1956  5  4    13.77512325
1956  5  5    10.12445309
1956  5  6     6.59992360
1956  5  7     6.92335448
1956  5  8     5.27494153
1956  5  9     8.00902504
1956  5 10     6.87441711
1956  5 11     5.88387328
1956  5 12     4.83315378
1956  5 13     4.09385784
1956  5 14     4.20367778
1956  5 15     4.99146283
1956  5 16     6.18617416
1956  5 17     7.13803479
1956  5 18     7.26741041
1956  5 19     6.98246838
1956  5 20     6.93614242
1956  5 21     7.14076169
1956  5 22     7.56422464
1956  5 23     7.68585622
1956  5 24     7.35975433
1956  5 25     7.07143900
1956  5 26     6.85582323
1956  5 27     6.14414156
1956  5 28     5.67447477
1956  5 29     5.77108378
1956  5 30     5.93643367
1956  5 31     5.82549259
1956  6  1     5.73658202
1956  6  2     5.98760089
1956  6  3     6.49676857
1956  6  4     6.12052128
1956  6  5     5.00937636
1956  6  6     4.78850453
1956  6  7     5.22098914
1956  6  8     5.74846875
1956  6  9     6.03589086
1956  6 10     6.07182354
1956  6 11     5.88341892
1956  6 12     5.82609079
1956  6 13     5.74034507
1956  6 14     5.33726152
1956  6 15     4.55699555
1956  6 16     4.16133979
1956  6 17     4.39901792
1956  6 18     4.74347055
1956  6 19     4.95032159
1956  6 20     4.60820493
1956  6 21     4.44877482
1956  6 22     4.73061226
1956  6 23     4.94200566
1956  6 24     4.82652062
1956  6 25     4.62452340
1956  6 26     4.66523941
1956  6 27     4.40552639
1956  6 28     4.16697916
1956  6 29     3.92466066
1956  6 30     3.60994219
1956  7  1     3.31608893
1956  7  2     2.98371181
1956  7  3     2.74277385
1956  7  4     2.63594119
1956  7  5     2.53092250
1956  7  6     2.42698596
1956  7  7     2.35094808
1956  7  8     2.29009414
1956  7  9     2.22346836
1956  7 10     2.11177551
1956  7 11     2.00953369
1956  7 12     1.93781271
1956  7 13     1.84924436
1956  7 14     1.73604726
1956  7 15     1.65106546
1956  7 16     1.59484964
1956  7 17     1.54514650
1956  7 18     1.50025972
1956  7 19     1.46190104
1956  7 20     1.42426902
1956  7 21     1.36994035
1956  7 22     1.33731206
1956  7 23     1.35722980
1956  7 24     1.26809834
1956  7 25     1.19773532
1956  7 26     1.16912483
1956  7 27     1.12126562
1956  7 28     1.07832094
1956  7 29     1.04492790
1956  7 30     1.01350817
1956  7 31     0.98315647
1956  8  1     0.95358824
1956  8  2     0.92607358
1956  8  3     0.89873258
1956  8  4     0.87174225
1956  8  5     0.84579660
1956  8  6     0.82015891
1956  8  7     0.79547559
1956  8  8     0.77130204
1956  8  9     0.74812705
1956  8 10     0.72572234
1956  8 11     0.70401762
1956  8 12     0.68353490
1956  8 13     0.66362132
1956  8 14     0.64370860
1956  8 15     0.62476066
1956  8 16     0.60661896
1956  8 17     0.58869382
1956  8 18     0.57098297
1956  8 19     0.55403546
1956  8 20     0.53836742
1956  8 21     0.52189346
1956  8 22     0.50592646
1956  8 23     0.49067496
1956  8 24     0.47604483
1956  8 25     0.46238281
1956  8 26     0.44884533
1956  8 27     0.43582428
1956  8 28     0.42288861
1956  8 29     0.41024695
1956  8 30     0.39783938
1956  8 31     0.38601705
1956  9  1     0.37462948
1956  9  2     0.36358363
1956  9  3     0.35286377
1956  9  4     0.34246024
1956  9  5     0.33236367
1956  9  6     0.32256516
1956  9  7     0.31305536
1956  9  8     0.30382642
1956  9  9     0.29797469
1956  9 10     0.30538068
1956  9 11     0.28434776
1956  9 12     0.26996979
1956  9 13     0.26213595
1956  9 14     0.25434412
1956  9 15     0.24649481
1956  9 16     0.23914542
1956  9 17     0.23209609
1956  9 18     0.22525412
1956  9 19     0.30727481
1956  9 20     0.65831749
1956  9 21     0.31646466
1956  9 22     0.20590724
1956  9 23     0.19644289
1956  9 24     0.18965297
1956  9 25     0.18347005
1956  9 26     0.17770787
1956  9 27     0.18966442
1956  9 28     0.17486309
1956  9 29     0.16208779
1956  9 30     0.16444568
1956 10  1     0.15701398
1956 10  2     0.14961524
1956 10  3     0.16317212
1956 10  4     0.16135584
1956 10  5     0.17922197
1956 10  6     0.14796463
1956 10  7     0.19375817
1956 10  8     0.17237941
1956 10  9     0.12437557
1956 10 10     0.11733957
1956 10 11     0.22933599
1956 10 12     0.16221721
1956 10 13     0.11297814
1956 10 14     0.10517965
1956 10 15     0.10146064
1956 10 16     0.09803833
1956 10 17     0.09492027
1956 10 18     0.09211554
1956 10 19     0.08932591
1956 10 20     0.08651850
1956 10 21     0.09304624
1956 10 22     0.08608456
1956 10 23     0.29988422
1956 10 24     0.55190453
1956 10 25     0.17384159
1956 10 26     0.11558460
1956 10 27     0.75766762
1956 10 28     0.31156121
1956 10 29     0.11493735
1956 10 30     0.39672170
1956 10 31     1.08052389
1956 11  1     0.30553790
1956 11  2     0.15313062
1956 11  3     0.11171305
1956 11  4     0.09386889
1956 11  5     0.10775056
1956 11  6     0.13786675
1956 11  7     0.16142571
1956 11  8     0.15284815
1956 11  9     0.14370973
1956 11 10     0.13488569
1956 11 11     0.12472970
1956 11 12     0.11678997
1956 11 13     0.11096306
1956 11 14     0.09088550
1956 11 15     0.07855025
1956 11 16     0.07718750
1956 11 17     0.07839201
1956 11 18     0.07413350
1956 11 19     0.06822327
1956 11 20     0.06438079
1956 11 21     0.06178995
1956 11 22     0.06308518
1956 11 23     0.06391418
1956 11 24     0.06193566
1956 11 25     0.05961420
1956 11 26     0.05785846
1956 11 27     0.05593955
1956 11 28     0.05401672
1956 11 29     0.05306321
1956 11 30     0.05168344
1956 12  1     0.04970202
1956 12  2     0.04813411
1956 12  3     0.04701492
1956 12  4     0.10654964
1956 12  5     0.98873105
1956 12  6     0.49360952
1956 12  7     0.19033529
1956 12  8     0.12164479
1956 12  9     0.08552000
1956 12 10     0.06130404
1956 12 11     0.10533310
1956 12 12     0.08657879
1956 12 13     0.06297681
1956 12 14     0.05722806
1956 12 15     0.05295588
1956 12 16     0.05150549
1956 12 17     0.05062336
1956 12 18     0.04970971
1956 12 19     0.04603386
1956 12 20     0.04383741
1956 12 21     0.04103638
1956 12 22     0.03721666
1956 12 23     0.03817398
1956 12 24     0.03746796
1956 12 25     0.03725092
1956 12 26     0.03606218
1956 12 27     0.03441801
1956 12 28     0.03380441
1956 12 29     0.03283831
1956 12 30     0.03144009
1956 12 31     0.02822822
1957  1  1     0.02781411
1957  1  2     0.02665829
1957  1  3     0.02450608
1957  1  4     0.02267899
1957  1  5     0.02293536
1957  1  6     0.03421498
1957  1  7     0.02252617
1957  1  8     0.03109819
1957  1  9     0.15311216
1957  1 10     0.04518964
1957  1 11     0.03894875
1957  1 12     0.10705619
1957  1 13     2.33134423
1957  1 14     0.85438228
1957  1 15     0.26130180
1957  1 16     0.16647980
1957  1 17     0.13060528
1957  1 18     0.10797055
1957  1 19     0.09729855
1957  1 20     1.73937998
1957  1 21     0.98575473
1957  1 22     0.38596616
1957  1 23     0.31189122
1957  1 24     0.26837194
1957  1 25     0.23687076
1957  1 26     0.46056053
1957  1 27     0.25733103
1957  1 28     0.22361771
1957  1 29     0.19544076
1957  1 30     0.17610186
1957  1 31     0.16463928
1957  2  1     0.16597204
1957  2  2     0.29879372
1957  2  3     0.18627643
1957  2  4     0.15907544
1957  2  5     0.16494554
1957  2  6     0.18626224
1957  2  7     0.23122476
1957  2  8     1.70285177
1957  2  9     0.73469641
1957  2 10     0.39229026
1957  2 11     1.49086954
1957  2 12     0.90286858
1957  2 13     0.67294134
1957  2 14     0.65903955
1957  2 15     0.65901883
1957  2 16     1.01782926
1957  2 17     0.92659785
1957  2 18     0.73375256
1957  2 19     0.65835307
1957  2 20     0.63029463
1957  2 21     1.21955206
1957  2 22     1.17511102
1957  2 23     4.97606576
1957  2 24     7.41133666
1957  2 25     9.61447646
1957  2 26     5.33858298
1957  2 27     3.72906106
1957  2 28     2.96985032
1957  3  1     3.14766293
1957  3  2     3.14916283
1957  3  3     2.37294667
1957  3  4     3.22021628
1957  3  5    10.36335428
1957  3  6     8.35289191
1957  3  7     4.64848165
1957  3  8     3.73127650
1957  3  9     6.24528734
1957  3 10     4.62261890
1957  3 11     3.26406165
1957  3 12     4.91778321
1957  3 13     3.85644365
1957  3 14     2.97310148
1957  3 15     2.90060999
1957  3 16     4.25784191
1957  3 17     2.89299809
1957  3 18     2.57363899
1957  3 19     2.49715392
1957  3 20     2.42164881
1957  3 21     2.26189392
1957  3 22     2.08374150
1957  3 23     1.97504832
1957  3 24     1.98177567
1957  3 25     2.04099604
1957  3 26     2.03606968
1957  3 27     2.05989368
1957  3 28     2.28651261
1957  3 29     3.36576615
1957  3 30     3.52087877
1957  3 31     2.73017902
1957  4  1     2.74949609
1957  4  2     2.35861564
1957  4  3     2.46618747
1957  4  4     2.55410088
1957  4  5     2.66602731
1957  4  6     2.53470656
1957  4  7     2.19722853
1957  4  8     2.10189515
1957  4  9     2.11414196
1957  4 10     2.11966011
1957  4 11     2.01664465
1957  4 12     1.90993577
1957  4 13     1.83512031
1957  4 14     3.92069043
1957  4 15     2.87243735
1957  4 16     2.04936156
1957  4 17     2.05307726
1957  4 18     3.56890182
1957  4 19     2.37057967
1957  4 20     2.09851778
1957  4 21     1.81878783
1957  4 22     1.76724384
1957  4 23     1.72778173
1957  4 24     1.70780157
1957  4 25     1.79726323
1957  4 26     2.01925896
1957  4 27     2.33288422
1957  4 28     2.59865216
1957  4 29     2.69051480
1957  4 30     2.89832602
1957  5  1     2.60275969
1957  5  2     2.59846694
1957  5  3     2.37918884
1957  5  4     2.33753384
1957  5  5     2.50062941
1957  5  6     2.47008126
1957  5  7     2.56339727
1957  5  8     2.28430826
1957  5  9     2.04144303
1957  5 10     1.85910365
1957  5 11     1.81945831
1957  5 12     1.70699755
1957  5 13     1.64758966
1957  5 14     2.16609635
1957  5 15     2.04970745
1957  5 16     1.79646618
1957  5 17     1.93192589
1957  5 18     4.17112917
1957  5 19    16.35435598
1957  5 20     8.83606893
1957  5 21     6.90511089
1957  5 22     5.06871368
1957  5 23     4.55951936
1957  5 24     4.17029112
1957  5 25     4.05428123
1957  5 26     4.30241852
1957  5 27     4.28985066
1957  5 28     4.08521055
1957  5 29     3.65969125
1957  5 30     3.35942409
1957  5 31     3.32092729
1957  6  1     3.38509539
1957  6  2     3.39733442
1957  6  3     3.31999702
1957  6  4     3.22452747
1957  6  5     3.16827766
1957  6  6     2.97468770
1957  6  7     2.73876571
1957  6  8     2.59956147
1957  6  9     2.48859314
1957  6 10     2.35361067
1957  6 11     2.18103047
1957  6 12     2.12492503
1957  6 13     2.06078455
1957  6 14     1.93326047
1957  6 15     1.81834042
1957  6 16     1.73955759
1957  6 17     1.67391949
1957  6 18     1.60672757
1957  6 19     1.54922919
1957  6 20     1.49943076
1957  6 21     1.44745256
1957  6 22     1.39307977
1957  6 23     1.34207262
1957  6 24     1.29685029
1957  6 25     1.25465203
1957  6 26     1.21459478
1957  6 27     1.17628598
1957  6 28     1.13904807
1957  6 29     1.10378407
1957  6 30     1.07003799
1957  7  1     1.03745979
1957  7  2     1.00592695
1957  7  3     0.97513056
1957  7  4     0.94520274
1957  7  5     0.91644010
1957  7  6     0.88899443
1957  7  7     0.88227422
1957  7  8     0.84562550
1957  7  9     0.81200027
1957  7 10     0.78745529
1957  7 11     0.76420095
1957  7 12     0.74123018
1957  7 13     0.71956667
1957  7 14     0.69881957
1957  7 15     0.67796148
1957  7 16     0.65731544
1957  7 17     0.63734951
1957  7 18     0.61850288
1957  7 19     0.60071581
1957  7 20     0.58323157
1957  7 21     0.56590429
1957  7 22     0.54960970
1957  7 23     0.53293549
1957  7 24     0.51671192
1957  7 25     0.50087328
1957  7 26     0.48591189
1957  7 27     0.48181700
1957  7 28     0.46199702
1957  7 29     0.44386038
1957  7 30     0.43081421
1957  7 31     0.41825649
1957  8  1     0.40541898
1957  8  2     0.39298202
1957  8  3     0.38126612
1957  8  4     0.37035785
1957  8  5     0.35990090
1957  8  6     0.35047328
1957  8  7     0.33995020
1957  8  8     0.32946792
1957  8  9     0.31953157
1957  8 10     0.30964360
1957  8 11     0.30051520
1957  8 12     0.29146066
1957  8 13     0.28253629
1957  8 14     0.27379480
1957  8 15     0.26563837
1957  8 16     0.25780738
1957  8 17     0.25020765
1957  8 18     0.24283142
1957  8 19     0.23567266
1957  8 20     0.22872531
1957  8 21     0.22198309
1957  8 22     0.21543965
1957  8 23     0.20908857
1957  8 24     0.20292470
1957  8 25     0.19694316
1957  8 26     0.19113748
1957  8 27     0.18550289
1957  8 28     0.18011409
1957  8 29     0.17518005
1957  8 30     0.17054330
1957  8 31     0.16535199
1957  9  1     0.15986612
1957  9  2     0.15501837
1957  9  3     0.15044881
1957  9  4     0.14601395
1957  9  5     0.14170983
1957  9  6     0.13753263
1957  9  7     0.13347847
1957  9  8     0.12954381
1957  9  9     0.12572518
1957  9 10     0.12201911
1957  9 11     0.11842229
1957  9 12     0.12145353
1957  9 13     0.11502844
1957  9 14     0.10825566
1957  9 15     0.10506447
1957  9 16     0.10196743
1957  9 17     0.13074155
1957  9 18     0.11235311
1957  9 19     0.09416168
1957  9 20     0.09049865
1957  9 21     0.08779898
1957  9 22     0.08521089
1957  9 23     0.08269908
1957  9 24     0.08026132
1957  9 25     0.07789541
1957  9 26     0.07559925
1957  9 27     0.07337077
1957  9 28     0.07120799
1957  9 29     0.06918847
1957  9 30     0.13651104
1957 10  1     0.08716906
1957 10  2     0.06453759
1957 10  3     0.08060199
1957 10  4     0.06613460
1957 10  5     0.05946405
1957 10  6     0.05730576
1957 10  7     0.05543375
1957 10  8     0.05307570
1957 10  9     0.05125480
1957 10 10     0.04972742
1957 10 11     0.05977486
1957 10 12     0.07339170
1957 10 13     0.50052470
1957 10 14     1.12925392
1957 10 15     0.32485033
1957 10 16     0.10018617
1957 10 17     0.06091914
1957 10 18     0.04372665
1957 10 19     0.04090608
1957 10 20     0.08435115
1957 10 21     0.09229007
1957 10 22     0.05057986
1957 10 23     0.05277980
1957 10 24     0.09228905
1957 10 25     0.05110124
1957 10 26     0.03827261
1957 10 27     0.04336914
1957 10 28     0.03524618
1957 10 29     0.02958193
1957 10 30     0.02877860
1957 10 31     0.02782439
1957 11  1     0.02698403
1957 11  2     0.04396443
1957 11  3     0.03834260
1957 11  4     0.03468958
1957 11  5     0.03120498
1957 11  6     0.02577533
1957 11  7     0.02406703
1957 11  8     0.03186342
1957 11  9     0.03287543
1957 11 10     0.03064701
1957 11 11     0.03807735
1957 11 12     0.03060327
1957 11 13     0.09555193
1957 11 14     1.44495929
1957 11 15     0.47421237
1957 11 16     0.10544232
1957 11 17     0.05665550
1957 11 18     0.11489394
1957 11 19     0.15439672
1957 11 20     0.06771640
1957 11 21     0.02392068
1957 11 22     0.02120274
1957 11 23     0.02042620
1957 11 24     0.02192312
1957 11 25     0.02382607
1957 11 26     0.02205580
1957 11 27     0.01875149
1957 11 28     0.01683317
1957 11 29     0.01606999
1957 11 30     0.01582781
1957 12  1     0.01505783
1957 12  2     0.01425721
1957 12  3     0.01354417
1957 12  4     0.01301973
1957 12  5     0.09933550
1957 12  6     0.04300069
1957 12  7     0.02294438
1957 12  8     0.01344816
1957 12  9     0.01382667
1957 12 10     0.01400779
1957 12 11     0.01379832
1957 12 12     0.01314741
1957 12 13     0.01290022
1957 12 14     0.14167403
1957 12 15     0.90235529
1957 12 16     1.76038270
1957 12 17     1.80066611
1957 12 18     1.86595592
1957 12 19     0.64289651
1957 12 20     0.34207434
1957 12 21     0.31232933
1957 12 22     0.64563112
1957 12 23     0.27574264
1957 12 24     0.21200641
1957 12 25     0.17712011
1957 12 26     0.15493412
1957 12 27     0.13897483
1957 12 28     0.13441791
1957 12 29     0.13390929
1957 12 30     0.12761680
1957 12 31     0.12883448
1958  1  1     0.13179960
1958  1  2     0.82263039
1958  1  3     0.40243570
1958  1  4     0.23339114
1958  1  5     0.22791204
1958  1  6     0.21235212
1958  1  7     0.19955842
1958  1  8     0.19885446
1958  1  9     0.18968724
1958  1 10     2.23800574
1958  1 11     1.66917619
1958  1 12     0.67713397
1958  1 13     0.87946639
1958  1 14     0.55748882
1958  1 15     0.45356097
1958  1 16     0.42434322
1958  1 17     0.41483639
1958  1 18     0.38665676
1958  1 19     0.37406742
1958  1 20     0.36488043
1958  1 21     0.33320555
1958  1 22     0.31672767
1958  1 23     0.30492193
1958  1 24     3.18622728
1958  1 25     3.25187307
1958  1 26     5.51555702
1958  1 27     3.99428695
1958  1 28     1.94114474
1958  1 29     1.52084705
1958  1 30     4.63783100
1958  1 31     2.83197570
1958  2  1     1.74682151
1958  2  2     1.73105316
1958  2  3     6.54054736
1958  2  4     4.15855986
1958  2  5     6.10083501
1958  2  6     3.31269735
1958  2  7     2.88739030
1958  2  8     4.61228376
1958  2  9     2.97808017
1958  2 10     4.13954497
1958  2 11     2.74385941
1958  2 12     8.49174869
1958  2 13     5.79697652
1958  2 14     3.32216303
1958  2 15     2.85109405
1958  2 16     2.60290739
1958  2 17     2.50732303
1958  2 18     2.48740772
1958  2 19     5.44244491
1958  2 20     3.83816169
1958  2 21     2.83090370
1958  2 22     2.64161163
1958  2 23     2.49901912
1958  2 24     4.48389019
1958  2 25    15.40370322
1958  2 26     8.50633632
1958  2 27     4.27065578
1958  2 28     3.55167479
1958  3  1     3.13457100
1958  3  2     2.84437156
1958  3  3     2.63640613
1958  3  4     2.49358760
1958  3  5     2.33916910
1958  3  6     2.48541258
1958  3  7     2.20666506
1958  3  8     2.57248126
1958  3  9     2.17589794
1958  3 10     2.81662663
1958  3 11     2.23925563
1958  3 12     2.40117926
1958  3 13     3.43078837
1958  3 14     5.14790351
1958  3 15    10.64683023
1958  3 16     8.86889426
1958  3 17     6.13888544
1958  3 18     3.59680075
1958  3 19     2.95727961
1958  3 20     4.29154164
1958  3 21    11.50903506
1958  3 22    11.79765037
1958  3 23     6.36524994
1958  3 24     9.12140600
1958  3 25     5.36781106
1958  3 26     3.96645641
1958  3 27     3.53338950
1958  3 28     3.30580735
1958  3 29     3.97088351
1958  3 30     8.56034049
1958  3 31     7.91463783
1958  4  1    12.88017212
1958  4  2     8.43365690
1958  4  3    18.29200509
1958  4  4    10.62243916
1958  4  5     6.58258251
1958  4  6     9.68350421
1958  4  7     5.18997187
1958  4  8     4.14689611
1958  4  9     3.76267616
1958  4 10     3.64931610
1958  4 11     3.70015024
1958  4 12     4.03907257
1958  4 13     4.19108360
1958  4 14     4.34071608
1958  4 15     4.70158997
1958  4 16     4.76587979
1958  4 17     4.86657299
1958  4 18     4.84643640
1958  4 19     5.05861047
1958  4 20     5.67156904
1958  4 21     5.84663360
1958  4 22     5.66679021
1958  4 23     4.46038292
1958  4 24     3.82455247
1958  4 25     3.65659879
1958  4 26     3.57088162
1958  4 27     3.67862414
1958  4 28     3.83942199
1958  4 29     4.01672072
1958  4 30     4.22918049
1958  5  1     4.57744526
1958  5  2     5.04611239
1958  5  3     5.58372710
1958  5  4     6.05249972
1958  5  5     6.62281673
1958  5  6     6.45085168
1958  5  7     6.11869234
1958  5  8     6.35500116
1958  5  9     6.79737841
1958  5 10     7.03323742
1958  5 11     7.85986691
1958  5 12     7.57841459
1958  5 13     5.80949589
1958  5 14     5.47637774
1958  5 15     6.23106257
1958  5 16     7.12403064
1958  5 17     7.88293323
1958  5 18     8.24211368
1958  5 19     7.82036826
1958  5 20     7.61601520
1958  5 21     7.60323049
1958  5 22     7.59354679
1958  5 23     8.08431305
1958  5 24     7.26235542
1958  5 25     6.86516162
1958  5 26     6.72811553
1958  5 27     6.44321869
1958  5 28     6.17556986
1958  5 29     6.01293199
1958  5 30     5.94163300
1958  5 31     5.97560596
1958  6  1     5.73570945
1958  6  2     5.33745688
1958  6  3     6.04629327
1958  6  4     5.45027955
1958  6  5     5.19374893
1958  6  6     5.06568356
1958  6  7     4.60733256
1958  6  8     4.33970609
1958  6  9     4.08985852
1958  6 10     3.99403708
1958  6 11     4.11713312
1958  6 12     4.04189344
1958  6 13     4.16409488
1958  6 14     3.91648370
1958  6 15     4.08699174
1958  6 16     4.24583556
1958  6 17     4.32985655
1958  6 18     4.12266496
1958  6 19     3.68632002
1958  6 20     3.32834946
1958  6 21     3.15188337
1958  6 22     3.09098553
1958  6 23     3.00982382
1958  6 24     2.78687412
1958  6 25     2.58954558
1958  6 26     2.50251919
1958  6 27     2.41317506
1958  6 28     2.28284633
1958  6 29     2.18420475
1958  6 30     2.09838301
1958  7  1     2.01912048
1958  7  2     1.95637117
1958  7  3     1.86596991
1958  7  4     1.78247245
1958  7  5     1.71949329
1958  7  6     1.66061198
1958  7  7     1.60532708
1958  7  8     1.55316287
1958  7  9     1.50341025
1958  7 10     1.45574294
1958  7 11     1.41005671
1958  7 12     1.36623318
1958  7 13     1.32431954
1958  7 14     1.28412156
1958  7 15     1.24575990
1958  7 16     1.20888952
1958  7 17     1.17985885
1958  7 18     1.14205437
1958  7 19     1.11682225
1958  7 20     1.07615179
1958  7 21     1.03783412
1958  7 22     1.02512796
1958  7 23     1.14837798
1958  7 24     1.02481350
1958  7 25     0.92195566
1958  7 26     0.89528481
1958  7 27     0.86686238
1958  7 28     0.86207961
1958  7 29     0.86118047
1958  7 30     0.80870000
1958  7 31     0.76857389
1958  8  1     0.74640063
1958  8  2     0.72425152
1958  8  3     0.70189495
1958  8  4     0.68064642
1958  8  5     0.66023947
1958  8  6     0.64033294
1958  8  7     0.62228146
1958  8  8     0.60357181
1958  8  9     0.58536787
1958  8 10     0.56799084
1958  8 11     0.55116245
1958  8 12     0.53463128
1958  8 13     0.51860054
1958  8 14     0.51068311
1958  8 15     0.49293535
1958  8 16     0.48913453
1958  8 17     0.47050914
1958  8 18     0.46544351
1958  8 19     0.50330088
1958  8 20     0.44920922
1958  8 21     0.41044629
1958  8 22     0.39796654
1958  8 23     0.38602728
1958  8 24     0.37436022
1958  8 25     0.36313491
1958  8 26     0.35204998
1958  8 27     0.34149296
1958  8 28     0.33157354
1958  8 29     0.32211540
1958  8 30     0.31243145
1958  8 31     0.30290114
1958  9  1     0.29381794
1958  9  2     0.28538227
1958  9  3     0.27728822
1958  9  4     0.26948659
1958  9  5     0.26150718
1958  9  6     0.25300266
1958  9  7     0.25150912
1958  9  8     0.33429040
1958  9  9     0.28561094
1958  9 10     0.23252986
1958  9 11     0.22185154
1958  9 12     0.21583664
1958  9 13     0.21012794
1958  9 14     0.20342180
1958  9 15     0.19654601
1958  9 16     0.18991550
1958  9 17     0.18405284
1958  9 18     0.17844948
1958  9 19     0.17312635
1958  9 20     0.16793310
1958  9 21     0.16294352
1958  9 22     0.15811985
1958  9 23     0.47778227
1958  9 24     0.30447148
1958  9 25     0.16623443
1958  9 26     0.15042081
1958  9 27     0.14395093
1958  9 28     0.13853894
1958  9 29     0.13379765
1958  9 30     0.12946409
1958 10  1     0.12539210
1958 10  2     0.12150713
1958 10  3     0.11777952
1958 10  4     0.11419198
1958 10  5     0.11073209
1958 10  6     0.10757674
1958 10  7     0.10503851
1958 10  8     0.10181894
1958 10  9     0.09831189
1958 10 10     0.09512265
1958 10 11     0.09224776
1958 10 12     0.08950032
1958 10 13     0.08683795
1958 10 14     0.08425745
1958 10 15     0.08175578
1958 10 16     0.07933036
1958 10 17     0.07697868
1958 10 18     0.09205289
1958 10 19     0.08088304
1958 10 20     0.07149927
1958 10 21     0.06897416
1958 10 22     0.06682756
1958 10 23     0.07275021
1958 10 24     0.06709713
1958 10 25     0.06131326
1958 10 26     0.05965122
1958 10 27     0.05774815
1958 10 28     0.05579482
1958 10 29     0.05399799
1958 10 30     0.05237927
1958 10 31     0.05097264
1958 11  1     0.04971892
1958 11  2     0.04821773
1958 11  3     0.04668592
1958 11  4     0.04511092
1958 11  5     0.04363637
1958 11  6     0.04227983
1958 11  7     0.04102209
1958 11  8     0.03981262
1958 11  9     0.03863883
1958 11 10     0.33862567
1958 11 11     0.15683387
1958 11 12     0.04221114
1958 11 13     0.03826491
1958 11 14     0.31719113
1958 11 15     0.22193512
1958 11 16     0.07512974
1958 11 17     0.05252143
1958 11 18     0.03998649
1958 11 19     0.04279109
1958 11 20     0.04975873
1958 11 21     0.05066539
1958 11 22     0.04493177
1958 11 23     0.04274400
1958 11 24     0.04283906
1958 11 25     0.04072460
1958 11 26     0.03735719
1958 11 27     0.03226407
1958 11 28     0.03013566
1958 11 29     0.02931662
1958 11 30     0.02745619
1958 12  1     0.02651415
1958 12  2     0.02657328
1958 12  3     0.02555992
1958 12  4     0.02454797
1958 12  5     0.02326527
1958 12  6     0.02239800
1958 12  7     0.02177506
1958 12  8     0.02106378
1958 12  9     0.02048718
1958 12 10     0.01957656
1958 12 11     0.01877971
1958 12 12     0.01817065
1958 12 13     0.01756794
1958 12 14     0.01699953
1958 12 15     0.01643094
1958 12 16     0.01589525
1958 12 17     0.01538618
1958 12 18     0.01489813
1958 12 19     0.01442969
1958 12 20     0.01400698
1958 12 21     0.01356932
1958 12 22     0.12213453
1958 12 23     0.05793519
1958 12 24     0.01435360
1958 12 25     0.10520669
1958 12 26     0.04774393
1958 12 27     1.02563484
1958 12 28     0.39343795
1958 12 29     0.10759296
1958 12 30     0.06795140
1958 12 31     0.04215440
1959  1  1     0.02990234
1959  1  2     0.02620282
1959  1  3     0.02453875
1959  1  4     0.02297285
1959  1  5     0.11449368
1959  1  6     1.86723694
1959  1  7     0.48400649
1959  1  8     0.16618059
1959  1  9     2.71389969
1959  1 10     5.58019016
1959  1 11     2.53538176
1959  1 12     1.58222617
1959  1 13     1.52944513
1959  1 14     0.91337818
1959  1 15     0.72614487
1959  1 16     0.65721511
1959  1 17     0.60893053
1959  1 18     0.57355451
1959  1 19     0.53449631
1959  1 20     0.48725001
1959  1 21     0.45579227
1959  1 22     0.43355591
1959  1 23     0.42576683
1959  1 24     0.47432231
1959  1 25     1.79943181
1959  1 26     1.42338403
1959  1 27     0.77290835
1959  1 28     0.74479958
1959  1 29     0.61122571
1959  1 30     0.57072070
1959  1 31     0.51897674
1959  2  1     0.48420217
1959  2  2     0.45974703
1959  2  3     0.43841720
1959  2  4     0.42362313
1959  2  5     0.41379043
1959  2  6     0.40038753
1959  2  7     0.43097655
1959  2  8     0.43231430
1959  2  9     0.36872255
1959  2 10     0.94263234
1959  2 11     2.09627269
1959  2 12     1.47227237
1959  2 13     0.62528541
1959  2 14     0.45654496
1959  2 15     0.44008513
1959  2 16     4.65750932
1959  2 17     3.25120428
1959  2 18     3.25062278
1959  2 19     3.53409367
1959  2 20     1.86068633
1959  2 21     1.30985360
1959  2 22     1.22031727
1959  2 23     0.97543174
1959  2 24     0.90016134
1959  2 25     0.88582052
1959  2 26     0.92075598
1959  2 27     1.01383090
1959  2 28     1.11948543
1959  3  1     1.20912429
1959  3  2     1.24899652
1959  3  3     1.28242284
1959  3  4     1.29632062
1959  3  5     1.28268697
1959  3  6     1.26063561
1959  3  7     1.24338897
1959  3  8     1.22725062
1959  3  9     1.23603378
1959  3 10     1.21152959
1959  3 11     1.30494893
1959  3 12     1.42660513
1959  3 13     1.47413078
1959  3 14     1.36373123
1959  3 15     1.27967811
1959  3 16     1.40572521
1959  3 17     1.53843121
1959  3 18     1.53818241
1959  3 19     1.43728340
1959  3 20     1.47743816
1959  3 21     1.58128249
1959  3 22     1.43952256
1959  3 23     1.49907810
1959  3 24     1.86174232
1959  3 25     1.26396724
1959  3 26     1.92346164
1959  3 27     1.48089906
1959  3 28     1.27444049
1959  3 29     1.22014385
1959  3 30     1.88528181
1959  3 31     1.95594820
1959  4  1     1.74825322
1959  4  2     1.92687147
1959  4  3     2.02093988
1959  4  4     2.06579420
1959  4  5     2.08189802
1959  4  6     2.09517939
1959  4  7     1.99660648
1959  4  8     1.85418307
1959  4  9     1.83289216
1959  4 10     1.85799365
1959  4 11     1.94751918
1959  4 12     1.96432585
1959  4 13     1.90639405
1959  4 14     1.73120252
1959  4 15     1.59059894
1959  4 16     1.48486734
1959  4 17     1.40437703
1959  4 18     1.29641659
1959  4 19     1.26607949
1959  4 20     1.30974107
1959  4 21     1.40973778
1959  4 22     1.49834771
1959  4 23     1.67876965
1959  4 24     1.82299648
1959  4 25     1.75401049
1959  4 26     3.07440784
1959  4 27     2.00569057
1959  4 28     1.59249025
1959  4 29     1.81344933
1959  4 30     2.11997916
1959  5  1     2.45655440
1959  5  2     1.85711371
1959  5  3     1.43550562
1959  5  4     1.58815236
1959  5  5     1.39803156
1959  5  6     1.49228115
1959  5  7     1.77719338
1959  5  8     1.90649387
1959  5  9     1.75556229
1959  5 10     1.69765801
1959  5 11     1.71514737
1959  5 12     1.84875402
1959  5 13     1.95849187
1959  5 14     1.72810870
1959  5 15     1.44698401
1959  5 16     1.33342358
1959  5 17     1.35966113
1959  5 18     1.27003047
1959  5 19     1.14973171
1959  5 20     1.09038083
1959  5 21     1.09071449
1959  5 22     1.32620634
1959  5 23     1.12956198
1959  5 24     0.97742949
1959  5 25     1.68562193
1959  5 26     1.35437411
1959  5 27     1.06874753
1959  5 28     1.02123208
1959  5 29     0.98108181
1959  5 30     0.96067664
1959  5 31     0.96683495
1959  6  1     0.98172272
1959  6  2     0.99355747
1959  6  3     0.97637288
1959  6  4     0.95009955
1959  6  5     0.91624257
1959  6  6     0.83449392
1959  6  7     0.77111836
1959  6  8     0.73917840
1959  6  9     0.71088093
1959  6 10     0.68307070
1959  6 11     0.65601523
1959  6 12     0.63219585
1959  6 13     0.61054441
1959  6 14     0.59049213
1959  6 15     0.57116427
1959  6 16     0.55290077
1959  6 17     0.53519822
1959  6 18     0.51791779
1959  6 19     0.50126708
1959  6 20     0.48532108
1959  6 21     0.47006719
1959  6 22     0.45553568
1959  6 23     0.44148454
1959  6 24     0.42796717
1959  6 25     0.41526338
1959  6 26     0.40328777
1959  6 27     0.39130611
1959  6 28     0.37935560
1959  6 29     0.36797948
1959  6 30     0.35664646
1959  7  1     0.34579334
1959  7  2     0.33539674
1959  7  3     0.32541200
1959  7  4     0.31563409
1959  7  5     0.30621641
1959  7  6     0.29728069
1959  7  7     0.28877731
1959  7  8     0.28000787
1959  7  9     0.27112576
1959  7 10     0.26262631
1959  7 11     0.25477632
1959  7 12     0.24724842
1959  7 13     0.23994457
1959  7 14     0.23285910
1959  7 15     0.22598368
1959  7 16     0.21931293
1959  7 17     0.21283928
1959  7 18     0.20655791
1959  7 19     0.20046312
1959  7 20     0.19454885
1959  7 21     0.18880986
1959  7 22     0.23395061
1959  7 23     0.20131920
1959  7 24     0.17295754
1959  7 25     0.16750226
1959  7 26     0.16256144
1959  7 27     0.15776767
1959  7 28     0.15311740
1959  7 29     0.14860162
1959  7 30     0.14421998
1959  7 31     0.13996707
1959  8  1     0.13583987
1959  8  2     0.13183471
1959  8  3     0.12794844
1959  8  4     0.12417647
1959  8  5     0.12051519
1959  8  6     0.11696226
1959  8  7     0.11784581
1959  8  8     0.11208821
1959  8  9     0.10692044
1959  8 10     0.10376836
1959  8 11     0.10071008
1959  8 12     0.09774111
1959  8 13     0.09485932
1959  8 14     0.09206322
1959  8 15     0.08934924
1959  8 16     0.08671522
1959  8 17     0.08415906
1959  8 18     0.08167823
1959  8 19     0.07927091
1959  8 20     0.17073230
1959  8 21     0.10095511
1959  8 22     0.07439066
1959  8 23     0.07134460
1959  8 24     0.08470555
1959  8 25     0.07034372
1959  8 26     0.06468653
1959  8 27     0.06254950
1959  8 28     0.06057384
1959  8 29     0.05877152
1959  8 30     0.05703908
1959  8 31     0.05535771
1959  9  1     0.05372590
1959  9  2     0.05214220
1959  9  3     0.05060517
1959  9  4     0.04911346
1959  9  5     0.04766572
1959  9  6     0.04626065
1959  9  7     0.04489700
1959  9  8     0.04357355
1959  9  9     0.04228911
1959  9 10     0.04104253
1959  9 11     0.04087787
1959  9 12     0.04047037
1959  9 13     0.06834460
1959  9 14     0.08876867
1959  9 15     0.05279400
1959  9 16     0.03477752
1959  9 17     0.03328691
1959  9 18     0.75199793
1959  9 19     5.13049097
1959  9 20     1.59840322
1959  9 21     0.42038261
1959  9 22     0.25176342
1959  9 23     0.16304047
1959  9 24     0.11656556
1959  9 25     0.09417095
1959  9 26     0.08401852
1959  9 27     0.07783523
1959  9 28     0.07307967
1959  9 29     0.06897479
1959  9 30     0.06561175
1959 10  1     0.06316608
1959 10  2     0.05999079
1959 10  3     0.05713769
1959 10  4     0.05474107
1959 10  5     0.05249994
1959 10  6     0.05058414
1959 10  7     0.04879976
1959 10  8     0.04696186
1959 10  9     0.04527546
1959 10 10     0.04363769
1959 10 11     0.04209032
1959 10 12     0.04066503
1959 10 13     0.03931059
1959 10 14     0.03801329
1959 10 15     0.03677698
1959 10 16     0.03559321
1959 10 17     0.03446482
1959 10 18     0.03338791
1959 10 19     0.03235400
1959 10 20     0.03135819
1959 10 21     0.03039731
1959 10 22     0.02946932
1959 10 23     0.02857231
1959 10 24     0.02770515
1959 10 25     0.02686807
1959 10 26     0.02605939
1959 10 27     0.02527819
1959 10 28     0.02452219
1959 10 29     0.02378954
1959 10 30     0.02308019
1959 10 31     0.02239142
1959 11  1     0.02172338
1959 11  2     0.02107745
1959 11  3     0.02046920
1959 11  4     0.01985469
1959 11  5     0.01925609
1959 11  6     0.01868457
1959 11  7     0.01813079
1959 11  8     0.01759466
1959 11  9     0.01707493
1959 11 10     0.01657067
1959 11 11     0.01608141
1959 11 12     0.01560669
1959 11 13     0.01514606
1959 11 14     0.01469909
1959 11 15     0.01426537
1959 11 16     0.01384449
1959 11 17     0.01343607
1959 11 18     0.01303974
1959 11 19     0.01265513
1959 11 20     0.01228201
1959 11 21     0.01191971
1959 11 22     0.01156829
1959 11 23     0.01122724
1959 11 24     0.01089607
1959 11 25     0.01057501
1959 11 26     0.01026297
1959 11 27     0.00996026
1959 11 28     0.00966659
1959 11 29     0.00938157
1959 11 30     0.00910500
1959 12  1     0.00883658
1959 12  2     0.00857645
1959 12  3     0.00832364
1959 12  4     0.00807786
1959 12  5     0.00783965
1959 12  6     0.00760866
1959 12  7     0.00738428
1959 12  8     0.00716712
1959 12  9     0.00695542
1959 12 10     0.00675031
1959 12 11     0.00655132
1959 12 12     0.00642280
1959 12 13     0.03930637
1959 12 14     0.01392386
1959 12 15     0.00788896
1959 12 16     0.00868145
1959 12 17     0.00891143
1959 12 18     0.00837124
1959 12 19     0.00787848
1959 12 20     0.00695106
1959 12 21     0.00607246
1959 12 22     0.00525429
1959 12 23     0.00520294
1959 12 24     0.21497369
1959 12 25     0.93737259
1959 12 26     0.21667337
1959 12 27     0.07636591
1959 12 28     0.03860058
1959 12 29     0.01669714
1959 12 30     0.00762257
1959 12 31     0.00781208
1960  1  1     0.00595828
1960  1  2     0.00464659
1960  1  3     0.00442080
1960  1  4     0.00417957
1960  1  5     0.00388219
1960  1  6     0.00363805
1960  1  7     0.00376774
1960  1  8     0.06799866
1960  1  9     0.06704425
1960  1 10     1.15200133
1960  1 11     0.58438670
1960  1 12     0.68556437
1960  1 13     0.19371171
1960  1 14     0.23111558
1960  1 15     0.25240294
1960  1 16     0.08954394
1960  1 17     0.04985903
1960  1 18     0.02796175
1960  1 19     0.01508427
1960  1 20     0.01620250
1960  1 21     0.02808323
1960  1 22     0.49172197
1960  1 23     0.13363359
1960  1 24     0.08109440
1960  1 25     1.41351023
1960  1 26     1.56134281
1960  1 27     0.81126832
1960  1 28     0.34182955
1960  1 29     0.25645284
1960  1 30     0.23925257
1960  1 31     0.21701583
1960  2  1     0.73590832
1960  2  2     2.81399178
1960  2  3     0.90229427
1960  2  4     0.73683210
1960  2  5     1.24266724
1960  2  6     0.91596512
1960  2  7     0.91421609
1960  2  8     7.50120721
1960  2  9     8.64079047
1960  2 10     6.49157379
1960  2 11     2.96502737
1960  2 12     2.08309745
1960  2 13     1.67728818
1960  2 14     1.41145130
1960  2 15     1.22546352
1960  2 16     1.10455812
1960  2 17     1.03157910
1960  2 18     1.27613784
1960  2 19     1.35960267
1960  2 20     1.01104722
1960  2 21     1.00101377
1960  2 22     0.92599698
1960  2 23     0.86374784
1960  2 24     0.82395166
1960  2 25     0.78398976
1960  2 26     0.74663826
1960  2 27     0.71608005
1960  2 28     0.69022843
1960  2 29     0.66846492
1960  3  1     0.64576139
1960  3  2     0.62160914
1960  3  3     0.60432352
1960  3  4     0.60299842
1960  3  5     0.75117306
1960  3  6     1.22494136
1960  3  7     2.43866448
1960  3  8     2.77305231
1960  3  9     1.65913436
1960  3 10     1.31784220
1960  3 11     1.29592888
1960  3 12     2.00890087
1960  3 13     4.52613163
1960  3 14     2.60705897
1960  3 15     1.82563655
1960  3 16     1.69593823
1960  3 17     1.85521806
1960  3 18     2.02145629
1960  3 19     2.17549719
1960  3 20     2.33584321
1960  3 21     2.40128785
1960  3 22     2.49273576
1960  3 23     2.51395044
1960  3 24     2.41738728
1960  3 25     2.41559915
1960  3 26     2.40557935
1960  3 27     3.80535051
1960  3 28     5.15251754
1960  3 29     2.93838095
1960  3 30     2.68576572
1960  3 31     3.29504435
1960  4  1     2.52899561
1960  4  2     2.63411351
1960  4  3     2.86693838
1960  4  4     3.03889188
1960  4  5     3.12289822
1960  4  6     3.10640876
1960  4  7     3.03325140
1960  4  8     2.79132272
1960  4  9     2.65325507
1960  4 10     2.63324930
1960  4 11     2.52392626
1960  4 12     2.18576900
1960  4 13     2.05182768
1960  4 14     2.14476854
1960  4 15     1.98164285
1960  4 16     1.82328780
1960  4 17     1.91667426
1960  4 18     1.95403045
1960  4 19     2.02075819
1960  4 20     2.15464437
1960  4 21     2.26988631
1960  4 22     1.95634038
1960  4 23     1.69272388
1960  4 24     2.73035296
1960  4 25     1.82724622
1960  4 26     1.56970534
1960  4 27     4.41292848
1960  4 28     4.33158110
1960  4 29     2.43919332
1960  4 30     2.23059937
1960  5  1     2.46603110
1960  5  2     2.66451105
1960  5  3     2.40086931
1960  5  4     2.67897489
1960  5  5     2.35335957
1960  5  6     2.48584819
1960  5  7     2.82109665
1960  5  8     2.87729147
1960  5  9     3.05829404
1960  5 10     3.27617726
1960  5 11     3.27422152
1960  5 12     3.15138413
1960  5 13     2.70095317
1960  5 14     2.46331735
1960  5 15     2.38645266
1960  5 16     2.25141780
1960  5 17     2.15122440
1960  5 18     2.07535469
1960  5 19     2.00380408
1960  5 20     2.02206138
1960  5 21     1.93330628
1960  5 22     1.69753061
1960  5 23     1.55413754
1960  5 24     1.51515664
1960  5 25     1.46497295
1960  5 26     1.51337687
1960  5 27     1.64440009
1960  5 28     1.81086224
1960  5 29     1.94401034
1960  5 30     1.95856803
1960  5 31     1.96021888
1960  6  1     1.99106868
1960  6  2     1.83414379
1960  6  3     1.69364759
1960  6  4     1.58678547
1960  6  5     1.43087463
1960  6  6     1.29389080
1960  6  7     1.21066281
1960  6  8     1.15176597
1960  6  9     1.10215081
1960  6 10     1.05839411
1960  6 11     1.01805259
1960  6 12     0.98057294
1960  6 13     0.94557173
1960  6 14     0.91267144
1960  6 15     0.88160974
1960  6 16     0.85225113
1960  6 17     0.82407152
1960  6 18     0.79766478
1960  6 19     0.77233896
1960  6 20     0.74799493
1960  6 21     0.72421556
1960  6 22     0.70116668
1960  6 23     0.67884207
1960  6 24     0.65754644
1960  6 25     0.63773756
1960  6 26     0.61853037
1960  6 27     0.59973332
1960  6 28     0.58162826
1960  6 29     0.56428096
1960  6 30     0.54750423
1960  7  1     0.53088355
1960  7  2     0.52006383
1960  7  3     0.50241546
1960  7  4     0.50095897
1960  7  5     0.47739723
1960  7  6     0.45591105
1960  7  7     0.46508101
1960  7  8     0.43910880
1960  7  9     0.41572226
1960  7 10     0.40418445
1960  7 11     0.39226365
1960  7 12     0.38020287
1960  7 13     0.36907129
1960  7 14     0.35794209
1960  7 15     0.34702959
1960  7 16     0.33625438
1960  7 17     0.32611768
1960  7 18     0.31646880
1960  7 19     0.30712972
1960  7 20     0.29806739
1960  7 21     0.28927424
1960  7 22     0.28074118
1960  7 23     0.27245931
1960  7 24     0.26442370
1960  7 25     0.25662468
1960  7 26     0.24905678
1960  7 27     0.24244741
1960  7 28     0.23499581
1960  7 29     0.25032820
1960  7 30     0.25419818
1960  7 31     0.22796625
1960  8  1     0.20875720
1960  8  2     0.20198094
1960  8  3     0.19602606
1960  8  4     0.19024688
1960  8  5     0.18463816
1960  8  6     0.17919488
1960  8  7     0.17391215
1960  8  8     0.16878520
1960  8  9     0.16380946
1960  8 10     0.15898146
1960  8 11     0.15429427
1960  8 12     0.14974534
1960  8 13     0.14545505
1960  8 14     0.14111874
1960  8 15     0.13688959
1960  8 16     0.13285411
1960  8 17     0.12893723
1960  8 18     0.12513690
1960  8 19     0.12144785
1960  8 20     0.11786738
1960  8 21     0.11439325
1960  8 22     0.11102108
1960  8 23     0.10774822
1960  8 24     0.10457204
1960  8 25     0.10148948
1960  8 26     0.09849782
1960  8 27     0.09559435
1960  8 28     0.09277647
1960  8 29     0.09004165
1960  8 30     0.08738744
1960  8 31     0.08481148
1960  9  1     0.08231145
1960  9  2     0.07988511
1960  9  3     0.08051389
1960  9  4     0.07642402
1960  9  5     0.07302689
1960  9  6     0.07087421
1960  9  7     0.06878502
1960  9  8     0.06675741
1960  9  9     0.06478956
1960  9 10     0.11735285
1960  9 11     0.11334198
1960  9 12     0.06653358
1960  9 13     0.05802662
1960  9 14     0.05578702
1960  9 15     0.05414255
1960  9 16     0.05254656
1960  9 17     0.05099762
1960  9 18     0.04949433
1960  9 19     0.04803536
1960  9 20     0.04661940
1960  9 21     0.04524518
1960  9 22     0.04391146
1960  9 23     0.04261706
1960  9 24     0.04136081
1960  9 25     0.04014160
1960  9 26     0.03895833
1960  9 27     0.03934475
1960  9 28     0.04124279
1960  9 29     0.03723129
1960  9 30     0.03475805
1960 10  1     0.03365492
1960 10  2     0.03712896
1960 10  3     0.03478437
1960 10  4     0.03111066
1960 10  5     0.02976123
1960 10  6     0.31839738
1960 10  7     0.19490050
1960 10  8     0.04720081
1960 10  9     0.03231046
1960 10 10     0.03136463
1960 10 11     0.03353665
1960 10 12     0.02753599
1960 10 13     0.02410929
1960 10 14     0.02296274
1960 10 15     0.02208530
1960 10 16     0.02141472
1960 10 17     0.02078346
1960 10 18     0.02017082
1960 10 19     0.01957623
1960 10 20     0.01899917
1960 10 21     0.01843913
1960 10 22     0.01789559
1960 10 23     0.01736807
1960 10 24     0.01685621
1960 10 25     0.01635923
1960 10 26     0.01663076
1960 10 27     0.01575189
1960 10 28     0.01495477
1960 10 29     0.01451393
1960 10 30     0.01408610
1960 10 31     0.01367087
1960 11  1     0.01326789
1960 11  2     0.01287679
1960 11  3     0.07337913
1960 11  4     0.37082886
1960 11  5     0.10096973
1960 11  6     0.26021374
1960 11  7     0.23617938
1960 11  8     0.08223209
1960 11  9     0.02084090
1960 11 10     0.01739375
1960 11 11     0.07227765
1960 11 12     0.50938311
1960 11 13     0.90386662
1960 11 14     0.77801545
1960 11 15     0.28655442
1960 11 16     0.12515331
1960 11 17     0.05847167
1960 11 18     0.18941148
1960 11 19     0.11359304
1960 11 20     0.04054002
1960 11 21     0.02175947
1960 11 22     0.01660904
1960 11 23     0.01464403
1960 11 24     0.01982945
1960 11 25     0.02037125
1960 11 26     1.03707350
1960 11 27     0.53675567
1960 11 28     0.13417672
1960 11 29     0.08209129
1960 11 30     0.04800355
1960 12  1     0.62480953
1960 12  2     1.72194539
1960 12  3     0.44990720
1960 12  4     0.17329558
1960 12  5     0.12191348
1960 12  6     0.09286276
1960 12  7     0.07253861
1960 12  8     0.06230012
1960 12  9     0.05768972
1960 12 10     0.05462929
1960 12 11     0.05196973
1960 12 12     0.04980991
1960 12 13     0.04767523
1960 12 14     0.04574440
1960 12 15     0.04414657
1960 12 16     0.04243234
1960 12 17     0.04811258
1960 12 18     0.04262562
1960 12 19     0.03893108
1960 12 20     0.03809882
1960 12 21     0.03729363
1960 12 22     0.03567375
1960 12 23     0.03568030
1960 12 24     0.03485921
1960 12 25     0.03358971
1960 12 26     0.03300316
1960 12 27     0.03083341
1960 12 28     0.02916497
1960 12 29     0.02841774
1960 12 30     0.02767426
1960 12 31     0.02701811
1961  1  1     0.02623715
1961  1  2     0.02524043
1961  1  3     0.02455052
1961  1  4     0.02400907
1961  1  5     0.02361389
1961  1  6     0.02436826
1961  1  7     0.02691105
1961  1  8     0.02629128
1961  1  9     0.02692708
1961  1 10     0.02954000
1961  1 11     0.03141120
1961  1 12     0.03085416
1961  1 13     0.02916479
1961  1 14     0.03218973
1961  1 15     0.03740796
1961  1 16     0.04753714
1961  1 17     0.05658281
1961  1 18     0.05341712
1961  1 19     0.04874219
1961  1 20     0.04470452
1961  1 21     0.04282224
1961  1 22     0.05261757
1961  1 23     0.05367163
1961  1 24     0.05323632
1961  1 25     0.05451584
1961  1 26     1.04601365
1961  1 27     0.76665953
1961  1 28     0.26541013
1961  1 29     0.19622659
1961  1 30     0.38395979
1961  1 31     0.60609597
1961  2  1     0.43630419
1961  2  2     0.62459803
1961  2  3     0.89199806
1961  2  4     0.43397302
1961  2  5     0.32679911
1961  2  6     0.29976893
1961  2  7     0.31554667
1961  2  8     0.29955387
1961  2  9     0.40014320
1961  2 10     0.40035662
1961  2 11     1.60011897
1961  2 12     1.77030762
1961  2 13     0.67847271
1961  2 14     0.51490293
1961  2 15     0.52542347
1961  2 16     0.75896067
1961  2 17     0.48668426
1961  2 18     0.41103099
1961  2 19     0.38744619
1961  2 20     0.41960784
1961  2 21     0.49350409
1961  2 22     0.47922798
1961  2 23     0.41705440
1961  2 24     0.39503239
1961  2 25     0.42032467
1961  2 26     0.37279187
1961  2 27     0.34236711
1961  2 28     0.33251557
1961  3  1     0.36602624
1961  3  2     0.41393234
1961  3  3     0.39700681
1961  3  4     0.33392887
1961  3  5     0.30450572
1961  3  6     0.85768594
1961  3  7     0.68243184
1961  3  8     0.47897108
1961  3  9     0.93758318
1961  3 10     0.60601498
1961  3 11     0.47177254
1961  3 12     0.45380313
1961  3 13     0.51353353
1961  3 14     0.53631869
1961  3 15     2.80365773
1961  3 16     1.96076311
1961  3 17     1.87096229
1961  3 18     1.11808414
1961  3 19     0.83586346
1961  3 20     1.21907764
1961  3 21     0.93603285
1961  3 22     0.93744678
1961  3 23     1.70717916
1961  3 24     1.29384281
1961  3 25     2.03609602
1961  3 26     1.20327407
1961  3 27     1.24026169
1961  3 28     1.06538227
1961  3 29     0.95751376
1961  3 30     1.12482929
1961  3 31     1.24342762
1961  4  1     1.25295270
1961  4  2     1.38698377
1961  4  3     1.68830168
1961  4  4     1.85290914
1961  4  5     1.71617418
1961  4  6     1.52805302
1961  4  7     1.32119052
1961  4  8     1.22275487
1961  4  9     1.22864043
1961  4 10     1.15911244
1961  4 11     1.21246878
1961  4 12     1.48821488
1961  4 13     1.41659409
1961  4 14     1.13637019
1961  4 15     1.22619999
1961  4 16     1.39123431
1961  4 17     1.46361089
1961  4 18     1.33394274
1961  4 19     1.07989824
1961  4 20     0.94909530
1961  4 21     0.88688854
1961  4 22     1.58266419
1961  4 23     1.99982052
1961  4 24     1.27674684
1961  4 25     1.00453676
1961  4 26     1.04367333
1961  4 27     1.15931716
1961  4 28     1.51326648
1961  4 29     1.86071930
1961  4 30     1.92683052
1961  5  1     1.88087047
1961  5  2     1.59295845
1961  5  3     1.43864004
1961  5  4     1.30019355
1961  5  5     1.13483430
1961  5  6     1.36594562
1961  5  7     2.14434323
1961  5  8     1.54727258
1961  5  9     1.65402801
1961  5 10     2.61452652
1961  5 11     2.04351004
1961  5 12     1.84157042
1961  5 13     1.59303169
1961  5 14     1.56893615
1961  5 15     1.50972929
1961  5 16     1.44860972
1961  5 17     1.47260569
1961  5 18     1.52298546
1961  5 19     1.57010647
1961  5 20     1.51631167
1961  5 21     1.36188116
1961  5 22     1.29863846
1961  5 23     1.23304108
1961  5 24     1.18011074
1961  5 25     1.17180924
1961  5 26     1.13286147
1961  5 27     1.06041485
1961  5 28     1.02324084
1961  5 29     1.07077099
1961  5 30     1.00394239
1961  5 31     1.06410300
1961  6  1     1.15721376
1961  6  2     1.13628125
1961  6  3     1.11536139
1961  6  4     1.01598375
1961  6  5     0.96931450
1961  6  6     0.94981415
1961  6  7     0.91472262
1961  6  8     0.86220406
1961  6  9     0.81505559
1961  6 10     0.79303696
1961  6 11     0.76583287
1961  6 12     0.71437052
1961  6 13     0.67224719
1961  6 14     0.64367435
1961  6 15     0.61815363
1961  6 16     0.59504272
1961  6 17     0.57411320
1961  6 18     0.55487285
1961  6 19     0.53628065
1961  6 20     0.51839513
1961  6 21     0.50134229
1961  6 22     0.48494592
1961  6 23     0.46979734
1961  6 24     0.45517498
1961  6 25     0.44579537
1961  6 26     0.43000802
1961  6 27     0.41460110
1961  6 28     0.40247895
1961  6 29     0.39066119
1961  6 30     0.37889423
1961  7  1     0.36662380
1961  7  2     0.35510649
1961  7  3     0.48197081
1961  7  4     0.43448882
1961  7  5     0.34768451
1961  7  6     0.31679058
1961  7  7     0.30672628
1961  7  8     0.29689832
1961  7  9     0.28770315
1961  7 10     0.27869094
1961  7 11     0.27021196
1961  7 12     0.27048464
1961  7 13     0.26977247
1961  7 14     0.25213368
1961  7 15     0.23973900
1961  7 16     0.23257349
1961  7 17     0.22568761
1961  7 18     0.21902833
1961  7 19     0.21255957
1961  7 20     0.20628442
1961  7 21     0.20019812
1961  7 22     0.19429174
1961  7 23     0.18856012
1961  7 24     0.18299839
1961  7 25     0.17760104
1961  7 26     0.17236322
1961  7 27     0.16728063
1961  7 28     0.16234748
1961  7 29     0.15756002
1961  7 30     0.15291440
1961  7 31     0.14840630
1961  8  1     0.14403050
1961  8  2     0.13978329
1961  8  3     0.13569929
1961  8  4     0.13168170
1961  8  5     0.14159095
1961  8  6     0.13220758
1961  8  7     0.12519239
1961  8  8     0.11967976
1961  8  9     0.11344811
1961  8 10     0.11002415
1961  8 11     0.12644319
1961  8 12     0.39738693
1961  8 13     0.24507176
1961  8 14     0.11474709
1961  8 15     0.10904018
1961  8 16     0.10321722
1961  8 17     0.09852733
1961  8 18     0.09454868
1961  8 19     0.09203309
1961  8 20     0.08839380
1961  8 21     0.08824096
1961  8 22     0.08429802
1961  8 23     0.08348138
1961  8 24     0.07996439
1961  8 25     0.07521771
1961  8 26     0.07271527
1961  8 27     0.07084616
1961  8 28     0.08888950
1961  8 29     0.07614327
1961  8 30     0.06998789
1961  8 31     0.07487731
1961  9  1     0.06402944
1961  9  2     0.05850102
1961  9  3     0.05673874
1961  9  4     0.05503400
1961  9  5     0.05338357
1961  9  6     0.05178570
1961  9  7     0.05023890
1961  9  8     0.04874185
1961  9  9     0.04729077
1961  9 10     0.04588329
1961  9 11     0.04451848
1961  9 12     0.04319575
1961  9 13     0.04191370
1961  9 14     0.04067177
1961  9 15     0.03946801
1961  9 16     0.41427699
1961  9 17     1.02684048
1961  9 18     0.28244715
1961  9 19     0.06455362
1961  9 20     0.04800078
1961  9 21     0.04275397
1961  9 22     0.03958745
1961  9 23     0.03722163
1961  9 24     0.03532576
1961  9 25     0.03369471
1961  9 26     0.03245604
1961  9 27     0.03134848
1961  9 28     0.05773080
1961  9 29     0.04644576
1961  9 30     0.03034230
1961 10  1     0.02747298
1961 10  2     0.02660805
1961 10  3     0.02577724
1961 10  4     0.02497804
1961 10  5     0.02420829
1961 10  6     0.02346630
1961 10  7     0.02275053
1961 10  8     0.02434126
1961 10  9     0.02490294
1961 10 10     0.02350561
1961 10 11     0.02096013
1961 10 12     0.01953897
1961 10 13     0.01893237
1961 10 14     0.01836494
1961 10 15     0.01781572
1961 10 16     0.01728391
1961 10 17     0.01676928
1961 10 18     0.01627071
1961 10 19     0.01578717
1961 10 20     0.04499837
1961 10 21     0.13388327
1961 10 22     0.05737355
1961 10 23     0.01711771
1961 10 24     0.01711352
1961 10 25     0.01619806
1961 10 26     0.02128745
1961 10 27     0.02843123
1961 10 28     0.26945755
1961 10 29     0.08313424
1961 10 30     0.01835065
1961 10 31     0.01602256
1961 11  1     0.02014463
1961 11  2     0.02059717
1961 11  3     0.02813179
1961 11  4     0.03118875
1961 11  5     0.02825403
1961 11  6     0.02440745
1961 11  7     0.01975944
1961 11  8     0.01426766
1961 11  9     0.01142133
1961 11 10     0.01088478
1961 11 11     0.01035843
1961 11 12     0.00979331
1961 11 13     0.00932668
1961 11 14     0.00892941
1961 11 15     0.00857881
1961 11 16     0.00839976
1961 11 17     0.00810924
1961 11 18     0.00783089
1961 11 19     0.00755270
1961 11 20     0.30805519
1961 11 21     0.33713775
1961 11 22     0.09853201
1961 11 23     0.04530597
1961 11 24     0.01952896
1961 11 25     0.02446102
1961 11 26     0.60914553
1961 11 27     0.18845049
1961 11 28     0.05139191
1961 11 29     0.17808531
1961 11 30     0.85124778
1961 12  1     0.87890420
1961 12  2     1.28577374
1961 12  3     0.70677483
1961 12  4     0.24087439
1961 12  5     0.14821349
1961 12  6     0.10237550
1961 12  7     0.07401680
1961 12  8     0.05476035
1961 12  9     0.04592465
1961 12 10     0.04182860
1961 12 11     0.03996662
1961 12 12     0.03810347
1961 12 13     0.03646631
1961 12 14     0.03458248
1961 12 15     0.03307102
1961 12 16     0.03183454
1961 12 17     0.04868334
1961 12 18     0.08809066
1961 12 19     0.17082076
1961 12 20     0.23990934
1961 12 21     0.12501424
1961 12 22     0.06722178
1961 12 23     0.06505408
1961 12 24     0.06236577
1961 12 25     0.05916631
1961 12 26     0.05641819
1961 12 27     0.05407930
1961 12 28     0.05170525
1961 12 29     0.04971807
1961 12 30     0.04811334
1961 12 31     0.04646922
1962  1  1     0.04613936
1962  1  2     0.04513540
1962  1  3     0.04528874
1962  1  4     0.04406898
1962  1  5     0.04422102
1962  1  6     0.04754944
1962  1  7     0.05330440
1962  1  8     0.05973304
1962  1  9     0.05787995
1962  1 10     0.05370334
1962  1 11     0.04498784
1962  1 12     0.06862636
1962  1 13     0.14333663
1962  1 14     0.06137403
1962  1 15     0.05065782
1962  1 16     0.04485424
1962  1 17     0.04620848
1962  1 18     0.08968198
1962  1 19     0.45905623
1962  1 20     1.17933294
1962  1 21     0.40615430
1962  1 22     0.20032861
1962  1 23     0.14236312
1962  1 24     0.11588662
1962  1 25     0.12869615
1962  1 26     0.13195168
1962  1 27     0.09508074
1962  1 28     0.09653809
1962  1 29     0.11878532
1962  1 30     0.15772655
1962  1 31     0.19442308
1962  2  1     0.20495955
1962  2  2     0.21834520
1962  2  3     0.21038946
1962  2  4     0.22568956
1962  2  5     0.24538005
1962  2  6     0.34008010
1962  2  7     1.38257457
1962  2  8     2.27263319
1962  2  9     7.91113828
1962  2 10    11.83824940
1962  2 11     7.17101252
1962  2 12     3.88364226
1962  2 13     3.85772192
1962  2 14     6.04817601
1962  2 15     9.26895045
1962  2 16     9.04562824
1962  2 17     6.17755455
1962  2 18     3.39299215
1962  2 19     3.81249840
1962  2 20     3.12835469
1962  2 21     2.62164933
1962  2 22     2.12870231
1962  2 23     1.91469940
1962  2 24     2.61502741
1962  2 25     1.86604383
1962  2 26     2.67283946
1962  2 27     1.68744704
1962  2 28     1.52829432
1962  3  1     1.56476880
1962  3  2     5.40023044
1962  3  3     3.04887574
1962  3  4     1.87154488
1962  3  5     1.73953105
1962  3  6     8.86106586
1962  3  7     4.98356953
1962  3  8     2.48266936
1962  3  9     2.16957723
1962  3 10     1.83187939
1962  3 11     2.90177769
1962  3 12     2.45542437
1962  3 13     1.65788895
1962  3 14     1.50108962
1962  3 15     1.42801164
1962  3 16     1.32267599
1962  3 17     1.30878600
1962  3 18     1.26515444
1962  3 19     1.30116227
1962  3 20     1.33097679
1962  3 21     1.34859534
1962  3 22     2.70866180
1962  3 23     3.32164350
1962  3 24     1.89040230
1962  3 25     2.18029473
1962  3 26     2.08893194
1962  3 27     2.04912212
1962  3 28     2.05886775
1962  3 29     1.99923328
1962  3 30     1.89548059
1962  3 31     1.92042932
1962  4  1     1.95854323
1962  4  2     1.93497619
1962  4  3     1.99108266
1962  4  4     2.10747622
1962  4  5     2.35996091
1962  4  6     2.74077434
1962  4  7     2.89373758
1962  4  8     2.90074855
1962  4  9     2.95538934
1962  4 10     2.91599043
1962  4 11     3.13640899
1962  4 12     3.62482256
1962  4 13     4.06411641
1962  4 14     4.42934184
1962  4 15     4.61465285
1962  4 16     4.35983311
1962  4 17     4.40015026
1962  4 18     4.81811116
1962  4 19     4.98289625
1962  4 20     4.54587995
1962  4 21     3.70276787
1962  4 22     4.06647132
1962  4 23     4.51429838
1962  4 24     4.70400673
1962  4 25     4.14090895
1962  4 26     3.59096721
1962  4 27     3.66842120
1962  4 28     4.54351747
1962  4 29     3.46312285
1962  4 30     2.96810926
1962  5  1     3.36489120
1962  5  2     3.96595360
1962  5  3     4.37161653
1962  5  4     4.69155857
1962  5  5     4.80113502
1962  5  6     4.90259196
1962  5  7     4.97960529
1962  5  8     5.01648546
1962  5  9     4.68879528
1962  5 10     4.15776437
1962  5 11     3.58083307
1962  5 12     3.37766816
1962  5 13     3.03141628
1962  5 14     2.84064485
1962  5 15     2.72349507
1962  5 16     3.29825810
1962  5 17     3.00202892
1962  5 18     2.99193037
1962  5 19     2.99207159
1962  5 20     2.61490721
1962  5 21     2.47681127
1962  5 22     2.80015576
1962  5 23     3.13598861
1962  5 24     2.66318595
1962  5 25     2.33138470
1962  5 26     2.30273264
1962  5 27     2.45530498
1962  5 28     2.54884069
1962  5 29     2.76410043
1962  5 30     3.14788679
1962  5 31     3.38321207
1962  6  1     3.74985858
1962  6  2     4.16576377
1962  6  3     4.05964159
1962  6  4     3.38315319
1962  6  5     3.23860630
1962  6  6     3.50632421
1962  6  7     3.86251769
1962  6  8     4.21755285
1962  6  9     4.54337792
1962  6 10     4.59362909
1962  6 11     4.48286372
1962  6 12     4.25711744
1962  6 13     3.96505780
1962  6 14     3.60062091
1962  6 15     3.17713639
1962  6 16     2.94820185
1962  6 17     3.08647750
1962  6 18     3.46164408
1962  6 19     3.57671868
1962  6 20     3.52544886
1962  6 21     3.34343020
1962  6 22     3.04855778
1962  6 23     2.81076780
1962  6 24     2.61015674
1962  6 25     2.40583617
1962  6 26     2.21072837
1962  6 27     2.08182445
1962  6 28     1.97687572
1962  6 29     1.84819149
1962  6 30     1.72081959
1962  7  1     1.62662229
1962  7  2     1.55542123
1962  7  3     1.49291056
1962  7  4     1.43571001
1962  7  5     1.38269173
1962  7  6     1.33348758
1962  7  7     1.28706173
1962  7  8     1.24298087
1962  7  9     1.20152437
1962  7 10     1.16204109
1962  7 11     1.12468928
1962  7 12     1.23983686
1962  7 13     1.12059634
1962  7 14     1.02611802
1962  7 15     0.99568378
1962  7 16     0.96314554
1962  7 17     0.93814305
1962  7 18     0.90607168
1962  7 19     0.87463176
1962  7 20     0.84777377
1962  7 21     0.82164406
1962  7 22     0.79723476
1962  7 23     0.77629478
1962  7 24     0.75117319
1962  7 25     0.72714032
1962  7 26     0.70543846
1962  7 27     0.68524802
1962  7 28     0.66448522
1962  7 29     0.64436081
1962  7 30     0.62579358
1962  7 31     0.60708705
1962  8  1     0.58856744
1962  8  2     0.57103378
1962  8  3     0.55431006
1962  8  4     0.53825130
1962  8  5     0.52245244
1962  8  6     0.50716854
1962  8  7     0.49217742
1962  8  8     0.47762854
1962  8  9     0.50974416
1962  8 10     0.47121056
1962  8 11     0.43615484
1962  8 12     0.42271628
1962  8 13     0.40994995
1962  8 14     0.39771967
1962  8 15     0.38584230
1962  8 16     0.37443173
1962  8 17     0.36338896
1962  8 18     0.35286835
1962  8 19     0.34235698
1962  8 20     0.33283898
1962  8 21     0.32274995
1962  8 22     0.31287989
1962  8 23     0.30365513
1962  8 24     0.29470162
1962  8 25     0.28601348
1962  8 26     0.27758066
1962  8 27     0.26939675
1962  8 28     0.26145553
1962  8 29     0.25374734
1962  8 30     0.24642535
1962  8 31     0.23904584
1962  9  1     0.23196042
1962  9  2     0.22512230
1962  9  3     0.21848606
1962  9  4     0.21204525
1962  9  5     0.20579537
1962  9  6     0.19972825
1962  9  7     0.19384067
1962  9  8     0.18812612
1962  9  9     0.18258010
1962  9 10     0.17719842
1962  9 11     0.17197534
1962  9 12     0.16690530
1962  9 13     0.16198497
1962  9 14     0.15721002
1962  9 15     0.15257587
1962  9 16     0.14807865
1962  9 17     0.14371344
1962  9 18     0.13947685
1962  9 19     0.13536542
1962  9 20     0.13137518
1962  9 21     0.12750257
1962  9 22     0.12374411
1962  9 23     0.12009644
1962  9 24     0.11655630
1962  9 25     0.11420824
1962  9 26     0.19874422
1962  9 27     0.14473480
1962  9 28     0.10406089
1962  9 29     0.10124463
1962  9 30     0.09770912
1962 10  1     0.09455871
1962 10  2     0.09174461
1962 10  3     0.08904021
1962 10  4     0.08641552
1962 10  5     0.08386821
1962 10  6     0.08139598
1962 10  7     0.07899663
1962 10  8     0.07666801
1962 10  9     0.07440802
1962 10 10     0.07912583
1962 10 11     0.28164867
1962 10 12     0.80367943
1962 10 13     1.26458158
1962 10 14     3.88516996
1962 10 15     1.48430659
1962 10 16     0.45926737
1962 10 17     0.34642206
1962 10 18     0.26996312
1962 10 19     0.22400518
1962 10 20     0.20145194
1962 10 21     0.18838309
1962 10 22     0.17804470
1962 10 23     0.16904964
1962 10 24     0.16095600
1962 10 25     0.15370026
1962 10 26     0.14732866
1962 10 27     0.14155576
1962 10 28     0.13612639
1962 10 29     0.13099478
1962 10 30     0.12619238
1962 10 31     0.12166709
1962 11  1     0.11705468
1962 11  2     0.11216272
1962 11  3     0.10809440
1962 11  4     0.10450678
1962 11  5     0.10110168
1962 11  6     0.09789401
1962 11  7     0.09470424
1962 11  8     0.09165725
1962 11  9     0.08881894
1962 11 10     0.14055531
1962 11 11     0.10497566
1962 11 12     0.08111643
1962 11 13     0.07860576
1962 11 14     0.09436650
1962 11 15     0.10106485
1962 11 16     0.07946164
1962 11 17     0.07142780
1962 11 18     0.07084943
1962 11 19     0.06913513
1962 11 20     0.06716355
1962 11 21     0.06543761
1962 11 22     0.06317363
1962 11 23     0.06093678
1962 11 24     0.05783875
1962 11 25     0.05512583
1962 11 26     0.05618853
1962 11 27     0.75937671
1962 11 28     0.28730950
1962 11 29     0.10457067
1962 11 30     0.08013727
1962 12  1     0.06270617
1962 12  2     0.06145017
1962 12  3     0.44903093
1962 12  4     0.24737782
1962 12  5     0.11397258
1962 12  6     0.10980774
1962 12  7     0.10045464
1962 12  8     0.09318807
1962 12  9     0.08752321
1962 12 10     0.08281623
1962 12 11     0.07879483
1962 12 12     0.07524740
1962 12 13     0.07211527
1962 12 14     0.06934006
1962 12 15     0.19200024
1962 12 16     3.25101090
1962 12 17     1.73650749
1962 12 18     0.89392878
1962 12 19     0.62509764
1962 12 20     0.44430457
1962 12 21     0.38985096
1962 12 22     0.34676686
1962 12 23     0.31882053
1962 12 24     0.29889718
1962 12 25     0.28255647
1962 12 26     0.26833226
1962 12 27     0.25572647
1962 12 28     0.24432777
1962 12 29     0.23396345
1962 12 30     0.22442398
1962 12 31     0.21562040
1963  1  1     0.20740616
1963  1  2     0.19969714
1963  1  3     0.19282346
1963  1  4     0.18732960
1963  1  5     0.18061066
1963  1  6     0.17480816
1963  1  7     0.16932758
1963  1  8     0.16326439
1963  1  9     0.15734476
1963  1 10     0.15176296
1963  1 11     0.14680054
1963  1 12     0.14224388
1963  1 13     0.13780174
1963  1 14     0.13352019
1963  1 15     0.12936352
1963  1 16     0.12538862
1963  1 17     0.12157115
1963  1 18     0.11790173
1963  1 19     0.11436905
1963  1 20     0.11094573
1963  1 21     0.10760417
1963  1 22     0.10440502
1963  1 23     0.10125137
1963  1 24     0.09816847
1963  1 25     0.09528820
1963  1 26     0.09254890
1963  1 27     0.08979377
1963  1 28     0.08737017
1963  1 29     0.14876229
1963  1 30     7.86664896
1963  1 31    26.47780248
1963  2  1    49.04752592
1963  2  2    26.20080661
1963  2  3    11.38225671
1963  2  4     8.23328061
1963  2  5     6.97820081
1963  2  6     6.01450983
1963  2  7     5.32456046
1963  2  8     4.83634844
1963  2  9     4.46067412
1963  2 10     4.97923201
1963  2 11     4.31478743
1963  2 12     3.85041071
1963  2 13     8.21507968
1963  2 14     7.58709914
1963  2 15     4.74833416
1963  2 16     4.10366760
1963  2 17     3.77064305
1963  2 18     3.51761546
1963  2 19     3.31129468
1963  2 20     3.17009718
1963  2 21     3.01167018
1963  2 22     2.86626041
1963  2 23     2.75881423
1963  2 24     2.65317311
1963  2 25     2.56138037
1963  2 26     2.47698329
1963  2 27     2.38153195
1963  2 28     2.30018242
1963  3  1     2.22107185
1963  3  2     2.14352165
1963  3  3     2.07539413
1963  3  4     2.00504580
1963  3  5     1.93786647
1963  3  6     1.87611611
1963  3  7     1.84182950
1963  3  8     1.76876973
1963  3  9     1.78554628
1963  3 10     1.67053568
1963  3 11     1.60306250
1963  3 12     1.55159879
1963  3 13     1.50217827
1963  3 14     1.46298319
1963  3 15     1.78091584
1963  3 16     1.60626353
1963  3 17     2.84416451
1963  3 18     2.45999154
1963  3 19     1.73402333
1963  3 20     1.55014478
1963  3 21     1.55749142
1963  3 22     1.67375987
1963  3 23     5.24592659
1963  3 24     2.99064782
1963  3 25     2.27396191
1963  3 26     2.20753568
1963  3 27     4.17193054
1963  3 28    15.04501708
1963  3 29     5.57932907
1963  3 30     3.47094746
1963  3 31     3.17796926
1963  4  1     3.81392515
1963  4  2     2.78458194
1963  4  3     2.45833697
1963  4  4     2.54508265
1963  4  5     3.16337144
1963  4  6     9.33050572
1963  4  7    12.98426537
1963  4  8     9.31281986
1963  4  9     5.15325099
1963  4 10     4.28964528
1963  4 11     4.20993696
1963  4 12     3.65250891
1963  4 13     3.61612620
1963  4 14    11.05612060
1963  4 15    13.28440763
1963  4 16     6.17671494
1963  4 17     4.58415371
1963  4 18     4.15167437
1963  4 19     6.59548108
1963  4 20     6.29780884
1963  4 21     5.24053193
1963  4 22     3.72866248
1963  4 23     3.56039162
1963  4 24     3.54653136
1963  4 25     3.36068701
1963  4 26     3.35686528
1963  4 27     3.09903055
1963  4 28     3.17389003
1963  4 29     3.48773326
1963  4 30     4.00465164
1963  5  1     4.42101234
1963  5  2     4.63939543
1963  5  3     4.84029561
1963  5  4     4.92256562
1963  5  5     4.97667964
1963  5  6     5.30927295
1963  5  7     5.66326601
1963  5  8     6.44276518
1963  5  9     9.37880828
1963  5 10     6.94546003
1963  5 11     7.64745106
1963  5 12     5.50362133
1963  5 13     4.69931499
1963  5 14     4.75621266
1963  5 15     4.94866820
1963  5 16     5.37973310
1963  5 17     5.89592456
1963  5 18     6.19414776
1963  5 19     6.25232848
1963  5 20     6.14542664
1963  5 21     5.84010513
1963  5 22     5.70296115
1963  5 23     5.53222881
1963  5 24     5.16915154
1963  5 25     4.77072128
1963  5 26     4.52299091
1963  5 27     4.33099276
1963  5 28     4.39461822
1963  5 29     3.97358110
1963  5 30     3.73990911
1963  5 31     3.56612057
1963  6  1     3.34788443
1963  6  2     3.16103915
1963  6  3     2.98524280
1963  6  4     2.80218509
1963  6  5     2.84509367
1963  6  6     2.89933255
1963  6  7     2.68830424
1963  6  8     2.51075806
1963  6  9     2.41793470
1963  6 10     2.59672516
1963  6 11     3.56744468
1963  6 12     2.89598320
1963  6 13     2.39850570
1963  6 14     2.34059485
1963  6 15     2.26850078
1963  6 16     2.13889567
1963  6 17     2.07839807
1963  6 18     1.98555640
1963  6 19     1.89919021
1963  6 20     1.83306816
1963  6 21     1.74698145
1963  6 22     1.66330886
1963  6 23     1.62041988
1963  6 24     1.56450855
1963  6 25     1.49128168
1963  6 26     1.43494238
1963  6 27     1.38849589
1963  6 28     1.34823793
1963  6 29     1.30759920
1963  6 30     1.26285955
1963  7  1     1.22142543
1963  7  2     1.18411369
1963  7  3     1.14830706
1963  7  4     1.11327831
1963  7  5     1.07920548
1963  7  6     1.04654656
1963  7  7     1.01501421
1963  7  8     0.98475899
1963  7  9     0.95520364
1963  7 10     0.92646542
1963  7 11     0.89867252
1963  7 12     0.87180481
1963  7 13     0.85510000
1963  7 14     0.82506910
1963  7 15     0.79644307
1963  7 16     0.77326119
1963  7 17     0.75089949
1963  7 18     0.72871008
1963  7 19     0.70695560
1963  7 20     0.68589647
1963  7 21     0.66553461
1963  7 22     0.64599040
1963  7 23     0.62687900
1963  7 24     0.60855504
1963  7 25     0.59087928
1963  7 26     0.57332429
1963  7 27     0.55610416
1963  7 28     0.53968012
1963  7 29     0.52393332
1963  7 30     0.50841688
1963  7 31     0.49332151
1963  8  1     0.47843043
1963  8  2     0.46410876
1963  8  3     0.45078629
1963  8  4     0.43805583
1963  8  5     0.42490702
1963  8  6     0.41167619
1963  8  7     0.39934983
1963  8  8     0.38947909
1963  8  9     0.37730765
1963  8 10     0.36534116
1963  8 11     0.35408495
1963  8 12     0.34380141
1963  8 13     0.33357901
1963  8 14     0.32373369
1963  8 15     0.31366049
1963  8 16     0.30398829
1963  8 17     0.29532615
1963  8 18     0.28691798
1963  8 19     0.27865206
1963  8 20     0.27055165
1963  8 21     0.26272929
1963  8 22     0.25527779
1963  8 23     0.24810638
1963  8 24     0.24149780
1963  8 25     0.23426017
1963  8 26     0.22682062
1963  8 27     0.21962166
1963  8 28     0.21259765
1963  8 29     0.20621863
1963  8 30     0.20639517
1963  8 31     0.20109188
1963  9  1     0.19229622
1963  9  2     0.18363567
1963  9  3     0.17689464
1963  9  4     0.17123277
1963  9  5     0.17678450
1963  9  6     0.26250683
1963  9  7     0.21807423
1963  9  8     0.16215849
1963  9  9     0.14775666
1963  9 10     0.14362972
1963  9 11     0.13937207
1963  9 12     0.13517069
1963  9 13     0.42471074
1963  9 14     0.24520761
1963  9 15     0.12661540
1963  9 16     0.12230795
1963  9 17     0.11897608
1963  9 18     0.11999572
1963  9 19     0.14858266
1963  9 20     0.14220212
1963  9 21     0.11275174
1963  9 22     0.10107584
1963  9 23     0.09840217
1963  9 24     0.09502911
1963  9 25     0.09146558
1963  9 26     0.08851264
1963  9 27     0.08587817
1963  9 28     0.08334669
1963  9 29     0.08088984
1963  9 30     0.07850541
1963 10  1     0.07619126
1963 10  2     0.07394533
1963 10  3     0.07176561
1963 10  4     0.06965505
1963 10  5     0.06819570
1963 10  6     0.06650412
1963 10  7     0.06441703
1963 10  8     0.06233024
1963 10  9     0.10069155
1963 10 10     0.07453851
1963 10 11     1.59391902
1963 10 12     0.78897260
1963 10 13     0.26725931
1963 10 14     0.11220344
1963 10 15     0.06919135
1963 10 16     0.06129309
1963 10 17     0.05878851
1963 10 18     0.05540231
1963 10 19     0.05319340
1963 10 20     0.05140790
1963 10 21     0.04979516
1963 10 22     0.04791249
1963 10 23     0.30257006
1963 10 24     0.15146277
1963 10 25     0.05702124
1963 10 26     0.04940063
1963 10 27     0.04663212
1963 10 28     0.04409945
1963 10 29     0.06725600
1963 10 30     0.21207194
1963 10 31     0.10756659
1963 11  1     0.04870100
1963 11  2     0.05137400
1963 11  3     0.07517696
1963 11  4     0.27121205
1963 11  5     0.52205540
1963 11  6     2.34718512
1963 11  7     1.08486551
1963 11  8     0.42099621
1963 11  9     0.32023491
1963 11 10     0.26666803
1963 11 11     0.24685356
1963 11 12     0.23267416
1963 11 13     0.22091381
1963 11 14     0.73710048
1963 11 15     3.82906940
1963 11 16     1.89612439
1963 11 17     0.78747366
1963 11 18     0.66499621
1963 11 19     0.78660700
1963 11 20     2.52530643
1963 11 21     1.22802620
1963 11 22     0.84228862
1963 11 23     2.25283229
1963 11 24     1.93358965
1963 11 25     1.04817502
1963 11 26     0.87352716
1963 11 27     0.80391415
1963 11 28     0.75632785
1963 11 29     0.71553094
1963 11 30     0.68354608
1963 12  1     0.65567665
1963 12  2     0.62753723
1963 12  3     0.60222689
1963 12  4     0.57731363
1963 12  5     0.56007604
1963 12  6     0.54263569
1963 12  7     0.52734583
1963 12  8     0.50685234
1963 12  9     1.20094186
1963 12 10     0.73198076
1963 12 11     0.56090661
1963 12 12     0.52246200
1963 12 13     0.48819964
1963 12 14     0.46392058
1963 12 15     0.44432440
1963 12 16     0.42730335
1963 12 17     0.41293369
1963 12 18     0.39883219
1963 12 19     0.38407346
1963 12 20     0.60747253
1963 12 21     0.47154804
1963 12 22     0.39204486
1963 12 23     0.38300151
1963 12 24     0.36817096
1963 12 25     0.35382659
1963 12 26     0.34070397
1963 12 27     0.33137341
1963 12 28     0.32350054
1963 12 29     0.32008189
1963 12 30     0.31324706
1963 12 31     0.30852533
1964  1  1     0.30861098
1964  1  2     0.35848245
1964  1  3     0.30830730
1964  1  4     0.28079317
1964  1  5     0.27483076
1964  1  6     0.27005601
1964  1  7     0.50536467
1964  1  8     0.36502809
1964  1  9     0.28688306
1964  1 10     0.28660150
1964  1 11     0.26637589
1964  1 12     0.25276356
1964  1 13     0.24225765
1964  1 14     0.28255078
1964  1 15     0.23097323
1964  1 16     0.21885177
1964  1 17     0.32973618
1964  1 18     1.34811005
1964  1 19     1.57361262
1964  1 20     0.99123580
1964  1 21     3.22079102
1964  1 22     2.43032081
1964  1 23     2.02765652
1964  1 24     1.04554295
1964  1 25     0.76098804
1964  1 26     0.62267350
1964  1 27     0.54467065
1964  1 28     0.51127930
1964  1 29     0.49444193
1964  1 30     0.46574395
1964  1 31     0.50853233
1964  2  1     0.53473848
1964  2  2     0.54974379
1964  2  3     0.54447916
1964  2  4     0.54859984
1964  2  5     0.53252395
1964  2  6     0.46197590
1964  2  7     0.40772940
1964  2  8     0.40956933
1964  2  9     0.45923782
1964  2 10     0.47675920
1964  2 11     0.44723580
1964  2 12     0.37885804
1964  2 13     0.34661632
1964  2 14     0.32362383
1964  2 15     0.38553671
1964  2 16     0.30818889
1964  2 17     0.29125224
1964  2 18     0.33598523
1964  2 19     0.36468153
1964  2 20     0.38401054
1964  2 21     0.40483087
1964  2 22     0.36125884
1964  2 23     0.39058739
1964  2 24     0.37144605
1964  2 25     0.33835446
1964  2 26     0.31491160
1964  2 27     0.31009103
1964  2 28     0.30329232
1964  2 29     0.35626441
1964  3  1     0.29374593
1964  3  2     0.60097031
1964  3  3     0.32369249
1964  3  4     0.33659944
1964  3  5     0.50294633
1964  3  6     0.39844479
1964  3  7     0.36043935
1964  3  8     0.32874527
1964  3  9     0.30261969
1964  3 10     0.28614614
1964  3 11     0.28118776
1964  3 12     1.66802203
1964  3 13     1.30190962
1964  3 14     0.69390664
1964  3 15     0.54682963
1964  3 16     0.58489326
1964  3 17     0.75254915
1964  3 18     0.85273632
1964  3 19     0.90733558
1964  3 20     0.89512519
1964  3 21     0.89489670
1964  3 22     1.18485232
1964  3 23     1.57631147
1964  3 24     2.28949338
1964  3 25     1.59836197
1964  3 26     1.07261884
1964  3 27     1.08563860
1964  3 28     1.28059308
1964  3 29     1.66011508
1964  3 30     1.91262846
1964  3 31     1.81398452
1964  4  1     3.08970125
1964  4  2     2.88367497
1964  4  3     1.66147808
1964  4  4     1.47519417
1964  4  5     1.34539285
1964  4  6     1.16579790
1964  4  7     1.11515310
1964  4  8     1.21641504
1964  4  9     1.42915747
1964  4 10     1.60536823
1964  4 11     1.72995535
1964  4 12     1.90660103
1964  4 13     2.20599983
1964  4 14     2.50520871
1964  4 15     2.75435214
1964  4 16     2.80112873
1964  4 17     2.50099700
1964  4 18     2.04723107
1964  4 19     2.20900959
1964  4 20     1.79019199
1964  4 21     1.61041616
1964  4 22     1.66418589
1964  4 23     1.60409958
1964  4 24     1.42089498
1964  4 25     1.31741215
1964  4 26     1.33185635
1964  4 27     1.64103227
1964  4 28     2.10725873
1964  4 29     2.20225653
1964  4 30     1.95085904
1964  5  1     1.77104161
1964  5  2     1.60545739
1964  5  3     1.56409659
1964  5  4     2.17129166
1964  5  5     1.76548117
1964  5  6     3.00342423
1964  5  7     1.86574418
1964  5  8     1.66777929
1964  5  9     2.02361840
1964  5 10     3.03862215
1964  5 11     3.52560320
1964  5 12     3.52317680
1964  5 13     3.40607724
1964  5 14     3.15337938
1964  5 15     3.03221310
1964  5 16     3.06058061
1964  5 17     2.80928744
1964  5 18     2.87923837
1964  5 19     3.24154478
1964  5 20     3.27507074
1964  5 21     2.95173784
1964  5 22     2.80836390
1964  5 23     2.87860297
1964  5 24     2.96675230
1964  5 25     2.66394376
1964  5 26     2.88472918
1964  5 27     2.97080085
1964  5 28     2.26370000
1964  5 29     1.97921572
1964  5 30     2.04845812
1964  5 31     2.16344249
1964  6  1     2.11301476
1964  6  2     2.00087172
1964  6  3     1.88567764
1964  6  4     1.80834510
1964  6  5     1.72152111
1964  6  6     1.62112127
1964  6  7     1.71541416
1964  6  8     1.79411759
1964  6  9     2.58905389
1964  6 10     1.92255549
1964  6 11     1.73599326
1964  6 12     1.84898551
1964  6 13     1.63974933
1964  6 14     1.46002792
1964  6 15     1.37896650
1964  6 16     1.30128896
1964  6 17     1.24977338
1964  6 18     1.17890522
1964  6 19     1.12725181
1964  6 20     1.07825735
1964  6 21     1.02860821
1964  6 22     0.98748936
1964  6 23     0.95119441
1964  6 24     0.91728184
1964  6 25     0.88561877
1964  6 26     0.85585683
1964  6 27     0.82828387
1964  6 28     0.80179716
1964  6 29     0.77616478
1964  6 30     0.75165666
1964  7  1     0.72793898
1964  7  2     0.70537582
1964  7  3     0.68370067
1964  7  4     0.66289966
1964  7  5     0.64293710
1964  7  6     0.62310028
1964  7  7     0.60385070
1964  7  8     0.58557064
1964  7  9     0.56820668
1964  7 10     0.55088248
1964  7 11     0.53387391
1964  7 12     0.52949337
1964  7 13     0.50775296
1964  7 14     0.48726783
1964  7 15     0.47351763
1964  7 16     0.45918772
1964  7 17     0.44517024
1964  7 18     0.43190201
1964  7 19     0.41915639
1964  7 20     0.40665835
1964  7 21     0.39452361
1964  7 22     0.38294992
1964  7 23     0.37146462
1964  7 24     0.36001188
1964  7 25     0.36018083
1964  7 26     0.34393223
1964  7 27     0.34669411
1964  7 28     0.33038379
1964  7 29     0.30940663
1964  7 30     0.30026243
1964  7 31     0.29178929
1964  8  1     0.28362021
1964  8  2     0.27519193
1964  8  3     0.26677307
1964  8  4     0.25853381
1964  8  5     0.25134041
1964  8  6     0.24386581
1964  8  7     0.23603864
1964  8  8     0.22889098
1964  8  9     0.22214279
1964  8 10     0.21559352
1964  8 11     0.20923917
1964  8 12     0.20306965
1964  8 13     0.19708354
1964  8 14     0.19127120
1964  8 15     0.18632779
1964  8 16     0.18055996
1964  8 17     0.17484749
1964  8 18     0.16969302
1964  8 19     0.16469040
1964  8 20     0.15983571
1964  8 21     0.15512424
1964  8 22     0.15055126
1964  8 23     0.14611277
1964  8 24     0.14180570
1964  8 25     0.13762532
1964  8 26     0.13356817
1964  8 27     0.12963098
1964  8 28     0.12580975
1964  8 29     0.12210114
1964  8 30     0.11850190
1964  8 31     0.13411404
1964  9  1     0.39582047
1964  9  2     0.18821617
1964  9  3     0.10845443
1964  9  4     0.10355756
1964  9  5     0.09983195
1964  9  6     0.09650007
1964  9  7     0.09343393
1964  9  8     0.09054607
1964  9  9     0.08785800
1964  9 10     0.08526817
1964  9 11     0.08275468
1964  9 12     0.08031527
1964  9 13     0.07794778
1964  9 14     0.07565007
1964  9 15     0.07342010
1964  9 16     0.07125585
1964  9 17     0.06915541
1964  9 18     0.06711688
1964  9 19     0.06513844
1964  9 20     0.06321832
1964  9 21     0.06135480
1964  9 22     0.05954621
1964  9 23     0.05779094
1964  9 24     0.05608741
1964  9 25     0.05443409
1964  9 26     0.05282951
1964  9 27     0.05127223
1964  9 28     0.04976085
1964  9 29     0.04829402
1964  9 30     0.04687043
1964 10  1     0.04548881
1964 10  2     0.04414791
1964 10  3     0.04284654
1964 10  4     0.04158353
1964 10  5     0.04035775
1964 10  6     0.03916811
1964 10  7     0.03801353
1964 10  8     0.03689298
1964 10  9     0.03580547
1964 10 10     0.03475001
1964 10 11     0.03372567
1964 10 12     0.03273152
1964 10 13     0.03176668
1964 10 14     0.03083028
1964 10 15     0.02992148
1964 10 16     0.02903946
1964 10 17     0.02818345
1964 10 18     0.02735268
1964 10 19     0.02654639
1964 10 20     0.02576387
1964 10 21     0.02500441
1964 10 22     0.02426734
1964 10 23     0.02355200
1964 10 24     0.02285775
1964 10 25     0.02218396
1964 10 26     0.02153003
1964 10 27     0.02089538
1964 10 28     0.12328230
1964 10 29     1.70561003
1964 10 30     0.73923141
1964 10 31     0.19094905
1964 11  1     0.50723821
1964 11  2     0.68922035
1964 11  3     0.20347614
1964 11  4     0.08215374
1964 11  5     0.05427828
1964 11  6     0.04568278
1964 11  7     0.04486594
1964 11  8     0.04248975
1964 11  9     0.84995845
1964 11 10     1.57557152
1964 11 11     0.73311108
1964 11 12     1.72604643
1964 11 13     0.96353427
1964 11 14     0.30492356
1964 11 15     0.18164814
1964 11 16     0.12146493
1964 11 17     0.08719109
1964 11 18     0.06635287
1964 11 19     0.05669079
1964 11 20     0.05326857
1964 11 21     0.04862701
1964 11 22     0.04697472
1964 11 23     0.04670270
1964 11 24     0.05226860
1964 11 25     0.10230733
1964 11 26     0.88078255
1964 11 27     0.32474149
1964 11 28     0.11839029
1964 11 29     0.09828886
1964 11 30     0.09786847
1964 12  1     0.31454904
1964 12  2     0.76877907
1964 12  3     0.60579168
1964 12  4     0.23235295
1964 12  5     0.19823163
1964 12  6     0.16912003
1964 12  7     0.14338890
1964 12  8     0.13512123
1964 12  9     0.15226931
1964 12 10     0.13831637
1964 12 11     2.12137898
1964 12 12     1.20480509
1964 12 13     0.54259755
1964 12 14     0.43519768
1964 12 15     0.37154200
1964 12 16     0.32646887
1964 12 17     0.29511593
1964 12 18     0.27197675
1964 12 19     1.59207745
1964 12 20     4.01929840
1964 12 21     4.46848636
1964 12 22    10.29022726
1964 12 23    32.10455439
1964 12 24    39.51404804
1964 12 25    20.05489683
1964 12 26    12.72556673
1964 12 27    17.93777327
1964 12 28    12.71758606
1964 12 29     8.28159521
1964 12 30     8.22721021
1964 12 31     7.73541067
1965  1  1     5.38292213
1965  1  2     4.76200822
1965  1  3     6.75336555
1965  1  4     6.80010083
1965  1  5     6.75830372
1965  1  6    19.93082481
1965  1  7    18.08828817
1965  1  8     7.96644968
1965  1  9     5.96842887
1965  1 10     5.24690349
1965  1 11     4.72828735
1965  1 12     4.36532020
1965  1 13     4.11734408
1965  1 14     3.93129283
1965  1 15     3.79438719
1965  1 16     3.64493573
1965  1 17     3.54655824
1965  1 18     3.46552777
1965  1 19     3.58255841
1965  1 20     4.58988334
1965  1 21     3.80880023
1965  1 22     3.39698478
1965  1 23     3.34405283
1965  1 24    10.20149979
1965  1 25     6.12367116
1965  1 26     4.08527487
1965  1 27     3.69603487
1965  1 28     3.40740700
1965  1 29     3.25487914
1965  1 30     3.18075659
1965  1 31     3.12352650
1965  2  1     2.99121745
1965  2  2     2.86455422
1965  2  3     2.82245356
1965  2  4     2.75902243
1965  2  5     4.91690055
1965  2  6     5.37067756
1965  2  7     3.46344799
1965  2  8     3.03329665
1965  2  9     2.80504504
1965  2 10     2.61881874
1965  2 11     2.48052598
1965  2 12     2.36751052
1965  2 13     2.27063965
1965  2 14     2.21052009
1965  2 15     2.13874909
1965  2 16     2.06815094
1965  2 17     2.04831491
1965  2 18     2.10712352
1965  2 19     2.19885099
1965  2 20     2.28378631
1965  2 21     2.37590943
1965  2 22     2.24042836
1965  2 23     2.04875438
1965  2 24     1.96493792
1965  2 25     1.96057837
1965  2 26     2.07845260
1965  2 27     5.17861237
1965  2 28     3.64915014
1965  3  1     2.52555681
1965  3  2     2.42318518
1965  3  3     2.30833351
1965  3  4     2.22016728
1965  3  5     2.14300819
1965  3  6     2.12053679
1965  3  7     1.97764643
1965  3  8     1.87352735
1965  3  9     1.81890035
1965  3 10     1.78889406
1965  3 11     1.77907522
1965  3 12     2.50103858
1965  3 13     4.33757633
1965  3 14     2.37369334
1965  3 15     2.10336824
1965  3 16     1.98638754
1965  3 17     1.82897123
1965  3 18     1.73433770
1965  3 19     1.71161032
1965  3 20     1.82555331
1965  3 21     2.00071518
1965  3 22     2.13580274
1965  3 23     2.15073443
1965  3 24     1.94753446
1965  3 25     1.77327400
1965  3 26     2.03779677
1965  3 27     4.63108580
1965  3 28     2.68563995
1965  3 29     2.09207196
1965  3 30     2.08841476
1965  3 31     2.24104117
1965  4  1     2.55839987
1965  4  2     3.49260201
1965  4  3     2.81188554
1965  4  4     2.21767711
1965  4  5     2.01866926
1965  4  6     2.80497237
1965  4  7     2.56026116
1965  4  8     3.26605010
1965  4  9     5.10228761
1965  4 10     8.66678762
1965  4 11     4.69729789
1965  4 12     2.56478896
1965  4 13     3.05531976
1965  4 14     2.45163527
1965  4 15     2.44849096
1965  4 16     3.54914631
1965  4 17     3.26552457
1965  4 18     3.06711158
1965  4 19     3.90921621
1965  4 20     5.18951878
1965  4 21     5.76447433
1965  4 22     5.43201155
1965  4 23     4.39379242
1965  4 24     4.63795899
1965  4 25     5.23472039
1965  4 26     5.68350531
1965  4 27     6.05452077
1965  4 28     6.25758951
1965  4 29     6.23071716
1965  4 30     6.10307816
1965  5  1     5.41499743
1965  5  2     4.27987965
1965  5  3     3.65592084
1965  5  4     3.40572328
1965  5  5     3.22597889
1965  5  6     3.00538834
1965  5  7     2.83475499
1965  5  8     2.74824556
1965  5  9     2.85583023
1965  5 10     3.11617256
1965  5 11     3.43292484
1965  5 12     3.73598148
1965  5 13     4.04303965
1965  5 14     3.76753196
1965  5 15     4.02335030
1965  5 16     4.71995887
1965  5 17     5.24282664
1965  5 18     5.27194170
1965  5 19     5.24054640
1965  5 20     4.73255321
1965  5 21     4.34784323
1965  5 22     3.64171326
1965  5 23     3.27780934
1965  5 24     3.05047973
1965  5 25     3.18630998
1965  5 26     3.75397176
1965  5 27     4.25809722
1965  5 28     4.66903703
1965  5 29     4.94097428
1965  5 30     5.09270829
1965  5 31     4.82851246
1965  6  1     4.35973633
1965  6  2     3.93934650
1965  6  3     4.25341077
1965  6  4     4.72507608
1965  6  5     4.93546433
1965  6  6     5.00222126
1965  6  7     4.70744635
1965  6  8     4.32302867
1965  6  9     3.88082005
1965  6 10     4.09137400
1965  6 11     4.44076802
1965  6 12     4.39804523
1965  6 13     3.80081504
1965  6 14     3.34822028
1965  6 15     2.98769045
1965  6 16     2.92772035
1965  6 17     2.86560255
1965  6 18     2.81169244
1965  6 19     2.96317517
1965  6 20     3.04536982
1965  6 21     3.02105930
1965  6 22     2.81804264
1965  6 23     2.54489073
1965  6 24     2.35313267
1965  6 25     2.20526451
1965  6 26     2.02653456
1965  6 27     1.90191991
1965  6 28     1.84817823
1965  6 29     1.79622570
1965  6 30     1.72397909
1965  7  1     1.65525332
1965  7  2     1.60386471
1965  7  3     1.55841559
1965  7  4     1.48986993
1965  7  5     1.41032792
1965  7  6     1.34898533
1965  7  7     1.30020112
1965  7  8     1.25474534
1965  7  9     1.21265362
1965  7 10     1.17323039
1965  7 11     1.13576515
1965  7 12     1.09978277
1965  7 13     1.06431330
1965  7 14     1.03015289
1965  7 15     1.00240521
1965  7 16     1.11182266
1965  7 17     1.02659282
1965  7 18     0.93499246
1965  7 19     0.89730217
1965  7 20     0.86481454
1965  7 21     0.83753988
1965  7 22     0.81167208
1965  7 23     0.78628614
1965  7 24     0.76190971
1965  7 25     0.75017058
1965  7 26     0.72670399
1965  7 27     0.69881009
1965  7 28     0.67692882
1965  7 29     0.65601834
1965  7 30     0.64935536
1965  7 31     0.63913816
1965  8  1     0.60756263
1965  8  2     0.58231203
1965  8  3     0.56551846
1965  8  4     0.54874663
1965  8  5     0.53214473
1965  8  6     0.51599175
1965  8  7     0.50065766
1965  8  8     0.48560322
1965  8  9     0.47117115
1965  8 10     0.45679945
1965  8 11     0.55638072
1965  8 12     1.54997453
1965  8 13     0.96071282
1965  8 14     0.82645255
1965  8 15     1.24169173
1965  8 16     1.18565293
1965  8 17     0.77959864
1965  8 18     0.60375431
1965  8 19     0.55141934
1965  8 20     0.51319447
1965  8 21     0.48337033
1965  8 22     0.45897026
1965  8 23     0.43813448
1965  8 24     0.41997653
1965  8 25     0.40340924
1965  8 26     0.38820228
1965  8 27     0.37406093
1965  8 28     0.36082322
1965  8 29     0.34826367
1965  8 30     0.33650758
1965  8 31     0.34383333
1965  9  1     0.32546684
1965  9  2     0.30581153
1965  9  3     0.29493988
1965  9  4     0.28567641
1965  9  5     0.27691061
1965  9  6     0.27185089
1965  9  7     0.56732663
1965  9  8     0.40491909
1965  9  9     0.27099302
1965  9 10     0.25771593
1965  9 11     0.24725972
1965  9 12     0.23792882
1965  9 13     0.22940920
1965  9 14     0.22148501
1965  9 15     0.21410792
1965  9 16     0.20728399
1965  9 17     0.20109754
1965  9 18     0.19526754
1965  9 19     0.19042074
1965  9 20     0.18406601
1965  9 21     0.17782817
1965  9 22     0.17220650
1965  9 23     0.16670842
1965  9 24     0.16155134
1965  9 25     0.15670451
1965  9 26     0.15215972
1965  9 27     0.14793643
1965  9 28     0.14432105
1965  9 29     0.13981814
1965  9 30     0.13514806
1965 10  1     0.13083949
1965 10  2     0.12679693
1965 10  3     0.12298419
1965 10  4     0.11943206
1965 10  5     0.11600294
1965 10  6     0.11252227
1965 10  7     0.10888725
1965 10  8     0.10536522
1965 10  9     0.10224087
1965 10 10     0.09963038
1965 10 11     0.09685898
1965 10 12     0.09394528
1965 10 13     0.09113668
1965 10 14     0.08854461
1965 10 15     0.51482617
1965 10 16     0.21961081
1965 10 17     0.09398276
1965 10 18     0.08303660
1965 10 19     0.07848356
1965 10 20     0.07536102
1965 10 21     0.07254686
1965 10 22     0.07018241
1965 10 23     0.06791464
1965 10 24     0.06580209
1965 10 25     0.06384869
1965 10 26     0.06199029
1965 10 27     0.06016887
1965 10 28     0.05845237
1965 10 29     0.05662909
1965 10 30     0.05493504
1965 10 31     0.05331254
1965 11  1     0.05181910
1965 11  2     0.05046119
1965 11  3     0.04912909
1965 11  4     0.04775279
1965 11  5     0.04633402
1965 11  6     0.04498705
1965 11  7     0.04367060
1965 11  8     0.04241575
1965 11  9     0.04135164
1965 11 10     0.04021361
1965 11 11     0.03901775
1965 11 12     0.09486518
1965 11 13     0.33395856
1965 11 14     1.76636467
1965 11 15     1.56235429
1965 11 16     1.37330315
1965 11 17     2.39441278
1965 11 18     5.18954502
1965 11 19     4.51172664
1965 11 20     1.95768626
1965 11 21     1.23470723
1965 11 22     1.07234111
1965 11 23     4.45780842
1965 11 24     5.00927234
1965 11 25     2.89740199
1965 11 26     1.89446366
1965 11 27     1.49751322
1965 11 28     1.30400686
1965 11 29     1.17348345
1965 11 30     1.08687389
1965 12  1     1.02333335
1965 12  2     0.97502793
1965 12  3     0.95042102
1965 12  4     0.91710132
1965 12  5     0.86854054
1965 12  6     0.82924046
1965 12  7     0.79933405
1965 12  8     0.76972807
1965 12  9     0.73442815
1965 12 10     0.70133276
1965 12 11     0.67322851
1965 12 12     1.39743192
1965 12 13     0.87061902
1965 12 14     0.75627941
1965 12 15     0.68178554
1965 12 16     0.62558580
1965 12 17     0.58776443
1965 12 18     0.55984102
1965 12 19     0.53754111
1965 12 20     0.51704224
1965 12 21     0.49826813
1965 12 22     0.48120562
1965 12 23     0.46493017
1965 12 24     0.45001543
1965 12 25     2.20930042
1965 12 26     1.02979797
1965 12 27     0.71536576
1965 12 28     0.59691251
1965 12 29     3.61646160
1965 12 30     3.33825378
1965 12 31     3.02244926
1966  1  1     2.01500196
1966  1  2     1.09836084
1966  1  3     0.83828003
1966  1  4     0.67869091
1966  1  5     1.65649305
1966  1  6     0.93525302
1966  1  7     0.68825339
1966  1  8     0.59326736
1966  1  9     0.52461835
1966  1 10     0.47935909
1966  1 11     0.44719206
1966  1 12     0.42256924
1966  1 13     0.41240239
1966  1 14     0.40246026
1966  1 15     0.39074030
1966  1 16     0.38127126
1966  1 17     0.36300767
1966  1 18     0.35644384
1966  1 19     0.33793160
1966  1 20     0.32093110
1966  1 21     0.30782110
1966  1 22     0.29585791
1966  1 23     0.28870691
1966  1 24     0.27385069
1966  1 25     0.26990817
1966  1 26     0.26451272
1966  1 27     0.26086808
1966  1 28     0.25357872
1966  1 29     0.26138959
1966  1 30     3.03998248
1966  1 31     1.84240655
1966  2  1     1.23249673
1966  2  2     0.89922528
1966  2  3     0.68212629
1966  2  4     0.60745396
1966  2  5     0.56954258
1966  2  6     4.61635543
1966  2  7     1.97200480
1966  2  8     0.99980601
1966  2  9     0.81880757
1966  2 10     0.75620736
1966  2 11     0.61422142
1966  2 12     0.56581806
1966  2 13     0.51713448
1966  2 14     0.48148582
1966  2 15     0.45240127
1966  2 16     0.43472009
1966  2 17     0.42913064
1966  2 18     0.43461166
1966  2 19     0.49709137
1966  2 20     0.47314646
1966  2 21     0.49044458
1966  2 22     0.54692780
1966  2 23     0.65776478
1966  2 24     0.72414458
1966  2 25     0.60347642
1966  2 26     0.79223969
1966  2 27     0.58620119
1966  2 28     0.54064723
1966  3  1     0.58959393
1966  3  2     0.48416309
1966  3  3     0.43952162
1966  3  4     0.41731776
1966  3  5     0.61251388
1966  3  6     0.65668317
1966  3  7     0.69234858
1966  3  8     0.75247762
1966  3  9     0.76962133
1966  3 10     2.21122704
1966  3 11     1.55474992
1966  3 12     1.36227340
1966  3 13     1.50859143
1966  3 14     1.41649604
1966  3 15     1.33768348
1966  3 16     1.29573225
1966  3 17     1.07894705
1966  3 18     1.21405897
1966  3 19     1.51882449
1966  3 20     1.35234910
1966  3 21     1.21819454
1966  3 22     1.22040812
1966  3 23     1.47768777
1966  3 24     1.62040537
1966  3 25     1.74653051
1966  3 26     1.91549207
1966  3 27     2.14502348
1966  3 28     2.43100162
1966  3 29     2.95642359
1966  3 30     3.53792125
1966  3 31     4.06415256
1966  4  1     4.36749132
1966  4  2     4.31314793
1966  4  3     4.18849781
1966  4  4     4.03889939
1966  4  5     3.79271254
1966  4  6     3.63581435
1966  4  7     3.58362686
1966  4  8     3.28577975
1966  4  9     3.02801962
1966  4 10     4.94413954
1966  4 11     5.36131241
1966  4 12     4.11934688
1966  4 13     3.14415500
1966  4 14     3.07611099
1966  4 15     3.40637686
1966  4 16     3.59181207
1966  4 17     3.49970212
1966  4 18     3.47853482
1966  4 19     2.96101181
1966  4 20     2.47020402
1966  4 21     2.37464343
1966  4 22     2.29886041
1966  4 23     2.51548342
1966  4 24     2.83007619
1966  4 25     3.01558726
1966  4 26     3.10271228
1966  4 27     2.80644532
1966  4 28     2.59922236
1966  4 29     2.59838543
1966  4 30     2.73270619
1966  5  1     3.00941119
1966  5  2     3.37161648
1966  5  3     3.67663855
1966  5  4     3.62190385
1966  5  5     3.41096288
1966  5  6     3.23529832
1966  5  7     3.02832089
1966  5  8     2.94579065
1966  5  9     2.91203369
1966  5 10     3.32579455
1966  5 11     2.69153344
1966  5 12     2.23206864
1966  5 13     2.21815754
1966  5 14     2.20250748
1966  5 15     2.09887273
1966  5 16     2.01990210
1966  5 17     1.96496998
1966  5 18     1.94614492
1966  5 19     1.98753692
1966  5 20     1.92565965
1966  5 21     1.85076050
1966  5 22     1.77480432
1966  5 23     1.64343094
1966  5 24     1.56149699
1966  5 25     1.48965800
1966  5 26     1.42489346
1966  5 27     1.37076236
1966  5 28     1.31286211
1966  5 29     1.23954580
1966  5 30     1.17942963
1966  5 31     1.13503998
1966  6  1     1.09365864
1966  6  2     1.05549759
1966  6  3     1.01953336
1966  6  4     0.98531263
1966  6  5     0.95273153
1966  6  6     0.92395274
1966  6  7     0.91264174
1966  6  8     0.87909990
1966  6  9     0.84956544
1966  6 10     0.81798836
1966  6 11     0.78746637
1966  6 12     0.76218709
1966  6 13     0.73811322
1966  6 14     0.72430786
1966  6 15     0.69784870
1966  6 16     0.67246855
1966  6 17     0.65244084
1966  6 18     0.63295346
1966  6 19     0.61425514
1966  6 20     0.59589019
1966  6 21     0.57848262
1966  6 22     0.56189106
1966  6 23     0.54519873
1966  6 24     0.52907491
1966  6 25     0.51282604
1966  6 26     0.49706377
1966  6 27     0.48214561
1966  6 28     0.46751452
1966  6 29     0.45385687
1966  6 30     0.44065657
1966  7  1     0.42755217
1966  7  2     0.41514261
1966  7  3     0.40304489
1966  7  4     0.39082527
1966  7  5     0.37888054
1966  7  6     0.36751048
1966  7  7     0.35679942
1966  7  8     0.34639772
1966  7  9     0.33759464
1966  7 10     0.32694595
1966  7 11     0.31683783
1966  7 12     0.30753690
1966  7 13     0.29855629
1966  7 14     0.28961127
1966  7 15     0.28082976
1966  7 16     0.27227893
1966  7 17     0.26412129
1966  7 18     0.25616020
1966  7 19     0.24856928
1966  7 20     0.24124136
1966  7 21     0.23412888
1966  7 22     0.22722616
1966  7 23     0.22052818
1966  7 24     0.21402664
1966  7 25     0.20771675
1966  7 26     0.20159315
1966  7 27     0.19565085
1966  7 28     0.18988282
1966  7 29     0.18428521
1966  7 30     0.17885294
1966  7 31     0.20045816
1966  8  1     0.17530968
1966  8  2     0.18677917
1966  8  3     0.17092627
1966  8  4     0.15400251
1966  8  5     0.14946062
1966  8  6     0.14505502
1966  8  7     0.14077922
1966  8  8     0.13662928
1966  8  9     0.13260133
1966  8 10     0.12869235
1966  8 11     0.12489878
1966  8 12     0.12121706
1966  8 13     0.11764387
1966  8 14     0.11417601
1966  8 15     0.11081039
1966  8 16     0.10754397
1966  8 17     0.10437384
1966  8 18     0.10177870
1966  8 19     0.09858823
1966  8 20     0.09541321
1966  8 21     0.09260066
1966  8 22     0.08987102
1966  8 23     0.08722185
1966  8 24     0.08465076
1966  8 25     0.08215547
1966  8 26     0.07973373
1966  8 27     0.07738338
1966  8 28     0.07510231
1966  8 29     0.07288848
1966  8 30     0.07073991
1966  8 31     0.06865467
1966  9  1     0.06663090
1966  9  2     0.06466679
1966  9  3     0.06276057
1966  9  4     0.06091055
1966  9  5     0.05911506
1966  9  6     0.05737249
1966  9  7     0.05568129
1966  9  8     0.05403995
1966  9  9     0.05244698
1966  9 10     0.05090098
1966  9 11     0.04940054
1966  9 12     0.04794434
1966  9 13     0.04653106
1966  9 14     0.04515944
1966  9 15     0.04382825
1966  9 16     0.04253630
1966  9 17     0.04128244
1966  9 18     0.05319263
1966  9 19     0.09698495
1966  9 20     0.06662980
1966  9 21     0.03708003
1966  9 22     0.03554622
1966  9 23     0.03449840
1966  9 24     0.03348147
1966  9 25     0.03249452
1966  9 26     0.03153666
1966  9 27     0.03419413
1966  9 28     0.03166110
1966  9 29     0.02882924
1966  9 30     0.02797938
1966 10  1     0.02715462
1966 10  2     0.02635417
1966 10  3     0.02557732
1966 10  4     0.02482336
1966 10  5     0.02409163
1966 10  6     0.02338147
1966 10  7     0.02269224
1966 10  8     0.02202333
1966 10  9     0.02137414
1966 10 10     0.02074408
1966 10 11     0.02013260
1966 10 12     0.01953914
1966 10 13     0.01896317
1966 10 14     0.01840418
1966 10 15     0.01786168
1966 10 16     0.01733516
1966 10 17     0.01682416
1966 10 18     0.01632823
1966 10 19     0.01584691
1966 10 20     0.01537978
1966 10 21     0.01492642
1966 10 22     0.01448643
1966 10 23     0.01405941
1966 10 24     0.01364497
1966 10 25     0.01324275
1966 10 26     0.01285239
1966 10 27     0.01247353
1966 10 28     0.01210584
1966 10 29     0.01174899
1966 10 30     0.01140266
1966 10 31     0.01106654
1966 11  1     0.01074032
1966 11  2     0.01042373
1966 11  3     0.01011646
1966 11  4     0.00981825
1966 11  5     0.00952884
1966 11  6     0.06248435
1966 11  7     0.82915104
1966 11  8     0.24290965
1966 11  9     0.06069811
1966 11 10     0.02823166
1966 11 11     0.01409525
1966 11 12     0.01059545
1966 11 13     0.00867249
1966 11 14     0.00774865
1966 11 15     0.02456935
1966 11 16     1.89090899
1966 11 17     0.84008033
1966 11 18     0.17868567
1966 11 19     0.06411115
1966 11 20     1.35214592
1966 11 21     1.07160304
1966 11 22     1.10398501
1966 11 23     0.31204925
1966 11 24     0.14115222
1966 11 25     0.08917497
1966 11 26     0.05629078
1966 11 27     0.03668359
1966 11 28     0.27756313
1966 11 29     1.15858105
1966 11 30     0.46810508
1966 12  1     0.30206295
1966 12  2     2.97793445
1966 12  3     4.43831506
1966 12  4     1.65145651
1966 12  5     5.23258341
1966 12  6     8.39768243
1966 12  7     5.01898388
1966 12  8     2.59434116
1966 12  9     1.93777599
1966 12 10     2.10466608
1966 12 11     1.65151924
1966 12 12     1.43388549
1966 12 13     1.31459822
1966 12 14     1.21327393
1966 12 15     1.13834374
1966 12 16     1.07641574
1966 12 17     1.02574674
1966 12 18     0.98185599
1966 12 19     0.94268189
1966 12 20     0.90571928
1966 12 21     0.86732926
1966 12 22     0.83561940
1966 12 23     0.80459050
1966 12 24     0.77509837
1966 12 25     0.74804023
1966 12 26     0.79019986
1966 12 27     0.70240020
1966 12 28     0.68120276
1966 12 29     0.65592280
1966 12 30     0.63831270
1966 12 31     0.62158849
1967  1  1     0.60037300
1967  1  2     0.57739080
1967  1  3     0.55933920
1967  1  4     0.54273798
1967  1  5     0.59122054
1967  1  6     0.51966818
1967  1  7     0.49673861
1967  1  8     0.48178199
1967  1  9     0.46715382
1967  1 10     0.46120577
1967  1 11     0.45223378
1967  1 12     0.44343178
1967  1 13     0.43141323
1967  1 14     0.42335675
1967  1 15     0.41567070
1967  1 16     0.40319944
1967  1 17     0.38623409
1967  1 18     0.37598543
1967  1 19     0.36952435
1967  1 20     0.45198163
1967  1 21     5.36671773
1967  1 22     9.11726957
1967  1 23     3.28506641
1967  1 24     3.29937159
1967  1 25     5.00728893
1967  1 26     2.45799521
1967  1 27     2.46613134
1967  1 28     2.17825352
1967  1 29     9.61438709
1967  1 30     6.35978572
1967  1 31     9.35034859
1967  2  1     4.23042424
1967  2  2     2.89660662
1967  2  3     2.49997527
1967  2  4     2.24261104
1967  2  5     2.08893128
1967  2  6     1.98048756
1967  2  7     1.91578526
1967  2  8     1.84129234
1967  2  9     1.78415278
1967  2 10     1.74204552
1967  2 11     1.77238988
1967  2 12     1.79367967
1967  2 13     1.72328265
1967  2 14     1.73510227
1967  2 15     1.54569814
1967  2 16     1.44501417
1967  2 17     1.38107555
1967  2 18     1.35530439
1967  2 19     1.30665569
1967  2 20     1.25232360
1967  2 21     1.26061704
1967  2 22     1.23925992
1967  2 23     1.28336144
1967  2 24     1.32846716
1967  2 25     1.96131841
1967  2 26     1.45929412
1967  2 27     1.28392195
1967  2 28     1.40029290
1967  3  1     1.47066162
1967  3  2     1.46685773
1967  3  3     1.36071165
1967  3  4     1.23025882
1967  3  5     1.13148384
1967  3  6     1.08235827
1967  3  7     1.08922387
1967  3  8     1.15378458
1967  3  9     1.21045939
1967  3 10     1.18524187
1967  3 11     2.19313605
1967  3 12     4.37377888
1967  3 13     6.74526888
1967  3 14     5.22169004
1967  3 15     2.40364360
1967  3 16    17.33045423
1967  3 17    15.44390810
1967  3 18     6.79674795
1967  3 19     4.40398379
1967  3 20     3.84839793
1967  3 21     3.53922599
1967  3 22     3.49016268
1967  3 23     4.33157092
1967  3 24     3.67361979
1967  3 25     2.94367547
1967  3 26     2.78818871
1967  3 27     2.64466150
1967  3 28     3.71319254
1967  3 29     4.03830825
1967  3 30     2.90102273
1967  3 31     5.36061523
1967  4  1     4.31344914
1967  4  2     2.98369447
1967  4  3     2.63629591
1967  4  4     2.92408743
1967  4  5     5.67690304
1967  4  6     4.13727014
1967  4  7    10.82163473
1967  4  8     4.57063437
1967  4  9     3.19882512
1967  4 10     3.15778241
1967  4 11     6.47698876
1967  4 12     3.09805715
1967  4 13     2.61546523
1967  4 14     2.71017831
1967  4 15     2.83622488
1967  4 16     2.76804050
1967  4 17     2.40552221
1967  4 18    10.71140391
1967  4 19     7.42409116
1967  4 20     4.74440129
1967  4 21     3.88473713
1967  4 22     5.41877641
1967  4 23     3.08783119
1967  4 24     4.82339214
1967  4 25     2.81946163
1967  4 26     2.43299131
1967  4 27     2.91572817
1967  4 28     2.55215056
1967  4 29     2.15677237
1967  4 30     2.15405822
1967  5  1     2.14391384
1967  5  2     2.18530908
1967  5  3     2.32151934
1967  5  4     2.60815308
1967  5  5     2.71963920
1967  5  6     2.58835077
1967  5  7     3.33703960
1967  5  8     4.19464008
1967  5  9     4.99515189
1967  5 10     8.78827376
1967  5 11     4.86460045
1967  5 12     3.50667464
1967  5 13     3.40245245
1967  5 14     3.94937672
1967  5 15     5.12146625
1967  5 16     6.52489104
1967  5 17     7.75937229
1967  5 18     8.32527100
1967  5 19     8.71107764
1967  5 20     9.24876714
1967  5 21     9.88224455
1967  5 22    10.40860588
1967  5 23    10.72951649
1967  5 24    10.32084671
1967  5 25     9.46885978
1967  5 26     8.85076262
1967  5 27     8.48168283
1967  5 28     8.09749930
1967  5 29     7.25306630
1967  5 30     6.43559892
1967  5 31     5.97854541
1967  6  1     5.80301696
1967  6  2     5.00678599
1967  6  3     4.97115700
1967  6  4     5.89304994
1967  6  5     7.51844427
1967  6  6     6.79539151
1967  6  7     6.16649393
1967  6  8     6.33560626
1967  6  9     6.42691262
1967  6 10     6.34613023
1967  6 11     6.44939373
1967  6 12     6.43052835
1967  6 13     6.08599943
1967  6 14     6.14384516
1967  6 15     6.78727550
1967  6 16     7.58307256
1967  6 17     8.05151306
1967  6 18     8.24449932
1967  6 19     8.05780343
1967  6 20     7.89049183
1967  6 21     7.80310404
1967  6 22     7.42558729
1967  6 23     7.03761324
1967  6 24     6.97058976
1967  6 25     6.95218084
1967  6 26     6.82379320
1967  6 27     6.68318795
1967  6 28     6.66162556
1967  6 29     6.67769962
1967  6 30     6.53883396
1967  7  1     6.24516195
1967  7  2     6.02703626
1967  7  3     5.73538187
1967  7  4     5.32422897
1967  7  5     4.94324834
1967  7  6     4.33203354
1967  7  7     3.83651454
1967  7  8     3.58897133
1967  7  9     3.40191835
1967  7 10     3.25115275
1967  7 11     3.09228881
1967  7 12     2.93822227
1967  7 13     2.77333743
1967  7 14     2.63191422
1967  7 15     2.57265381
1967  7 16     2.45305315
1967  7 17     2.37239943
1967  7 18     2.27768379
1967  7 19     2.18346469
1967  7 20     2.11008201
1967  7 21     2.03929339
1967  7 22     1.97184863
1967  7 23     1.90790210
1967  7 24     1.84665429
1967  7 25     1.78819588
1967  7 26     1.73251915
1967  7 27     1.67797864
1967  7 28     1.62680000
1967  7 29     1.63789823
1967  7 30     1.56597478
1967  7 31     1.48519235
1967  8  1     1.43845230
1967  8  2     1.39498295
1967  8  3     1.35340224
1967  8  4     1.31270668
1967  8  5     1.27359735
1967  8  6     1.23621904
1967  8  7     1.19957146
1967  8  8     1.16390793
1967  8  9     1.12916528
1967  8 10     1.09505230
1967  8 11     1.06242740
1967  8 12     1.03054439
1967  8 13     0.99969356
1967  8 14     0.96960454
1967  8 15     0.94051304
1967  8 16     0.91311784
1967  8 17     0.91650333
1967  8 18     0.87565838
1967  8 19     0.83965589
1967  8 20     0.82020319
1967  8 21     0.78960396
1967  8 22     0.76269000
1967  8 23     0.74007356
1967  8 24     0.79067651
1967  8 25     0.76012332
1967  8 26     0.74555118
1967  8 27     0.67868852
1967  8 28     0.63785082
1967  8 29     0.61879129
1967  8 30     0.60004292
1967  8 31     0.58226943
1967  9  1     0.56510659
1967  9  2     0.55964576
1967  9  3     0.54045570
1967  9  4     0.54020028
1967  9  5     0.54248905
1967  9  6     0.50184357
1967  9  7     0.47303925
1967  9  8     0.45916732
1967  9  9     0.44605102
1967  9 10     0.43301888
1967  9 11     0.42007782
1967  9 12     0.40741481
1967  9 13     0.39516296
1967  9 14     0.38340267
1967  9 15     0.37193974
1967  9 16     0.36101943
1967  9 17     0.35051000
1967  9 18     0.73255921
1967  9 19     0.48012387
1967  9 20     0.33019501
1967  9 21     0.31717427
1967  9 22     0.31000104
1967  9 23     0.32459970
1967  9 24     0.31123512
1967  9 25     0.43193472
1967  9 26     0.32915594
1967  9 27     0.26672119
1967  9 28     0.25825961
1967  9 29     0.26618025
1967  9 30     0.25080039
1967 10  1     0.23643516
1967 10  2     0.23008868
1967 10  3     1.41426563
1967 10  4     0.65353629
1967 10  5     0.33500048
1967 10  6     0.26174839
1967 10  7     0.23441795
1967 10  8     0.22050000
1967 10  9     0.21066723
1967 10 10     0.20238822
1967 10 11     0.19475586
1967 10 12     0.18783910
1967 10 13     0.18162119
1967 10 14     0.17587104
1967 10 15     0.17016651
1967 10 16     0.16481115
1967 10 17     0.15958427
1967 10 18     0.15470785
1967 10 19     0.15003633
1967 10 20     0.14533019
1967 10 21     0.14093707
1967 10 22     0.13705349
1967 10 23     0.13294991
1967 10 24     0.12887853
1967 10 25     0.12496436
1967 10 26     0.12134836
1967 10 27     0.11780947
1967 10 28     0.11421434
1967 10 29     0.11095900
1967 10 30     0.10749162
1967 10 31     0.10410734
1967 11  1     0.10087684
1967 11  2     0.09778044
1967 11  3     0.09491014
1967 11  4     0.09218035
1967 11  5     0.08962943
1967 11  6     0.08912128
1967 11  7     0.08536438
1967 11  8     0.08205971
1967 11  9     0.07998401
1967 11 10     0.07769831
1967 11 11     0.07517270
1967 11 12     0.07273676
1967 11 13     0.07077933
1967 11 14     0.35938288
1967 11 15     0.22483039
1967 11 16     0.09707736
1967 11 17     0.07226480
1967 11 18     0.11475099
1967 11 19     1.34086697
1967 11 20     0.73776490
1967 11 21     0.27291626
1967 11 22     0.16673871
1967 11 23     0.13168553
1967 11 24     0.11111408
1967 11 25     0.10050118
1967 11 26     0.09435427
1967 11 27     0.09044973
1967 11 28     0.13847003
1967 11 29     0.09692996
1967 11 30     0.58460653
1967 12  1     0.50727782
1967 12  2     0.17678121
1967 12  3     0.12122256
1967 12  4     0.09945929
1967 12  5     1.27888074
1967 12  6     0.39049173
1967 12  7     0.63750695
1967 12  8     0.30952661
1967 12  9     0.15493827
1967 12 10     0.10892570
1967 12 11     0.08325741
1967 12 12     0.06743040
1967 12 13     0.05660353
1967 12 14     0.05180752
1967 12 15     0.04925324
1967 12 16     0.04781526
1967 12 17     0.04593090
1967 12 18     0.22717277
1967 12 19     0.37927216
1967 12 20     0.12414189
1967 12 21     0.09356879
1967 12 22     0.06637021
1967 12 23     0.04787287
1967 12 24     0.03936986
1967 12 25     0.04560506
1967 12 26     0.04892614
1967 12 27     0.05020637
1967 12 28     0.04877416
1967 12 29     0.04583886
1967 12 30     0.04176817
1967 12 31     0.04048741
1968  1  1     0.04002116
1968  1  2     0.03614491
1968  1  3     0.03004401
1968  1  4     0.02943157
1968  1  5     0.03402637
1968  1  6     0.03450242
1968  1  7     0.03487019
1968  1  8     0.03514036
1968  1  9     0.03394584
1968  1 10     0.90055154
1968  1 11     0.78594909
1968  1 12     0.21436588
1968  1 13     0.12749238
1968  1 14     0.13641508
1968  1 15     2.68224515
1968  1 16     1.15249430
1968  1 17     0.38418383
1968  1 18     0.28495302
1968  1 19     0.26634815
1968  1 20     0.26317019
1968  1 21     0.27441403
1968  1 22     0.29080337
1968  1 23     0.30080385
1968  1 24     0.29231305
1968  1 25     0.28369323
1968  1 26     0.28468131
1968  1 27     0.51955042
1968  1 28     0.37607071
1968  1 29     0.24371692
1968  1 30     0.67790732
1968  1 31     1.66823993
1968  2  1     0.50087990
1968  2  2     0.34255609
1968  2  3     0.34639518
1968  2  4     0.35348202
1968  2  5     0.38447575
1968  2  6     0.43231661
1968  2  7     0.45140448
1968  2  8     0.45112552
1968  2  9     1.04486421
1968  2 10     0.98197196
1968  2 11     0.60712227
1968  2 12     0.53590844
1968  2 13     0.53245552
1968  2 14     0.66451211
1968  2 15     0.44724322
1968  2 16     0.52710679
1968  2 17     3.36335638
1968  2 18     2.51429613
1968  2 19     2.17803769
1968  2 20     6.52219581
1968  2 21     5.53885206
1968  2 22     3.91304961
1968  2 23     3.17072222
1968  2 24     2.52976338
1968  2 25     2.22497683
1968  2 26     2.19701106
1968  2 27     2.18439924
1968  2 28     2.16419533
1968  2 29     2.10675442
1968  3  1     2.06477808
1968  3  2     1.99954134
1968  3  3     2.03331628
1968  3  4     2.09375085
1968  3  5     2.11498323
1968  3  6     1.78948314
1968  3  7     1.74019021
1968  3  8     4.23254932
1968  3  9     3.02152263
1968  3 10     2.12172488
1968  3 11     1.84858671
1968  3 12     1.80551106
1968  3 13     3.21643073
1968  3 14     2.56373911
1968  3 15     1.87020353
1968  3 16     2.35198974
1968  3 17     4.87421117
1968  3 18     2.71158448
1968  3 19     2.02674120
1968  3 20     1.88680342
1968  3 21     1.87344502
1968  3 22     1.93902115
1968  3 23     1.83105894
1968  3 24     1.80623783
1968  3 25     1.88689890
1968  3 26     1.72246000
1968  3 27     1.79516761
1968  3 28     2.10127250
1968  3 29     2.43492289
1968  3 30     2.60821565
1968  3 31     2.59018852
1968  4  1     2.95713506
1968  4  2     2.69703667
1968  4  3     2.05776916
1968  4  4     1.88394580
1968  4  5     1.88895376
1968  4  6     1.69651985
1968  4  7     1.60684832
1968  4  8     1.74048699
1968  4  9     2.06993559
1968  4 10     2.34365206
1968  4 11     2.47135380
1968  4 12     2.38494343
1968  4 13     2.15810050
1968  4 14     2.07060881
1968  4 15     2.19117426
1968  4 16     1.91236444
1968  4 17     1.63013243
1968  4 18     1.51285141
1968  4 19     1.45793823
1968  4 20     1.37291192
1968  4 21     1.29267821
1968  4 22     1.23783993
1968  4 23     1.21403976
1968  4 24     1.24633677
1968  4 25     1.43142322
1968  4 26     1.71171267
1968  4 27     1.92908058
1968  4 28     2.03052040
1968  4 29     2.16475405
1968  4 30     2.29863336
1968  5  1     2.30080671
1968  5  2     2.34023765
1968  5  3     2.46647353
1968  5  4     2.44362897
1968  5  5     2.21927488
1968  5  6     1.84524913
1968  5  7     1.70636218
1968  5  8     1.75245420
1968  5  9     1.77277793
1968  5 10     1.68964335
1968  5 11     1.55503423
1968  5 12     1.78489243
1968  5 13     1.58054176
1968  5 14     2.08191128
1968  5 15     1.42895097
1968  5 16     1.50639497
1968  5 17     1.82621010
1968  5 18     1.80387557
1968  5 19     1.81117763
1968  5 20     1.83330057
1968  5 21     1.67852448
1968  5 22     1.38892833
1968  5 23     1.22127191
1968  5 24     1.14436155
1968  5 25     1.19260341
1968  5 26     1.28997715
1968  5 27     1.39272285
1968  5 28     1.45997434
1968  5 29     1.38333914
1968  5 30     1.27359196
1968  5 31     1.19383433
1968  6  1     1.16919918
1968  6  2     1.10959305
1968  6  3     1.03885690
1968  6  4     0.97325999
1968  6  5     0.90830381
1968  6  6     0.88023062
1968  6  7     0.84906922
1968  6  8     0.82532506
1968  6  9     0.78136395
1968  6 10     0.74048050
1968  6 11     0.71327697
1968  6 12     0.68878390
1968  6 13     0.66565098
1968  6 14     0.64354511
1968  6 15     0.62213207
1968  6 16     0.60138277
1968  6 17     0.58175783
1968  6 18     0.56341104
1968  6 19     0.54572732
1968  6 20     0.52881545
1968  6 21     0.51245065
1968  6 22     0.49658278
1968  6 23     0.48138033
1968  6 24     0.46662600
1968  6 25     0.45208896
1968  6 26     0.43822106
1968  6 27     0.42505688
1968  6 28     0.41263354
1968  6 29     0.40090852
1968  6 30     0.38904838
1968  7  1     0.37713414
1968  7  2     0.36552360
1968  7  3     0.35471589
1968  7  4     0.34402503
1968  7  5     0.33316780
1968  7  6     0.32311279
1968  7  7     0.31362008
1968  7  8     0.31303809
1968  7  9     0.30310802
1968  7 10     0.28895372
1968  7 11     0.27800287
1968  7 12     0.26975459
1968  7 13     0.26197083
1968  7 14     0.25443514
1968  7 15     0.24695693
1968  7 16     0.23959570
1968  7 17     0.23233940
1968  7 18     0.22538465
1968  7 19     0.21872126
1968  7 20     0.21226888
1968  7 21     0.20600748
1968  7 22     0.19993325
1968  7 23     0.19403586
1968  7 24     0.18831250
1968  7 25     0.18276017
1968  7 26     0.17737040
1968  7 27     0.17214287
1968  7 28     0.16706800
1968  7 29     0.16487234
1968  7 30     0.15906696
1968  7 31     0.18341363
1968  8  1     0.17395044
1968  8  2     0.14970223
1968  8  3     0.13960638
1968  8  4     0.13549017
1968  8  5     0.13149564
1968  8  6     0.12761917
1968  8  7     0.12385701
1968  8  8     0.12020931
1968  8  9     0.11666429
1968  8 10     0.11322357
1968  8 11     0.10988563
1968  8 12     0.10664665
1968  8 13     0.15284437
1968  8 14     0.12299215
1968  8 15     0.09749098
1968  8 16     0.09461635
1968  8 17     0.09182733
1968  8 18     0.08912037
1968  8 19     0.15742263
1968  8 20     0.68716638
1968  8 21     0.26826293
1968  8 22     0.14379842
1968  8 23     0.10292438
1968  8 24     0.07756931
1968  8 25     0.07444757
1968  8 26     0.07144441
1968  8 27     0.06882584
1968  8 28     0.06646969
1968  8 29     0.06432607
1968  8 30     0.06237275
1968  8 31     0.06050636
1968  9  1     0.05870333
1968  9  2     0.05695919
1968  9  3     0.05526960
1968  9  4     0.05363195
1968  9  5     0.05204393
1968  9  6     0.05050347
1968  9  7     0.04900956
1968  9  8     0.04756081
1968  9  9     0.04615587
1968  9 10     0.04479302
1968  9 11     0.04347053
1968  9 12     0.04218722
1968  9 13     0.04094198
1968  9 14     0.03973377
1968  9 15     0.03856161
1968  9 16     0.03742368
1968  9 17     0.03631984
1968  9 18     0.03524917
1968  9 19     0.03421011
1968  9 20     0.03368312
1968  9 21     0.03249246
1968  9 22     0.03127313
1968  9 23     0.03035127
1968  9 24     0.02945659
1968  9 25     0.02858829
1968  9 26     0.02774558
1968  9 27     0.02692770
1968  9 28     0.02613394
1968  9 29     0.03115149
1968  9 30     0.02837599
1968 10  1     0.02429527
1968 10  2     0.02318609
1968 10  3     0.02250261
1968 10  4     0.02183929
1968 10  5     0.02119552
1968 10  6     0.02057073
1968 10  7     0.01996436
1968 10  8     0.01937586
1968 10  9     0.01880471
1968 10 10     0.01825039
1968 10 11     0.01771241
1968 10 12     0.08342784
1968 10 13     0.33729407
1968 10 14     1.17938853
1968 10 15     0.37404856
1968 10 16     0.09748550
1968 10 17     0.05004240
1968 10 18     0.03263782
1968 10 19     0.02863261
1968 10 20     0.02601020
1968 10 21     0.02409523
1968 10 22     0.02259431
1968 10 23     0.02136205
1968 10 24     0.02034707
1968 10 25     0.01949602
1968 10 26     0.01872653
1968 10 27     0.01801432
1968 10 28     0.01734994
1968 10 29     0.01701253
1968 10 30     0.62124308
1968 10 31     0.21614583
1968 11  1     0.04645767
1968 11  2     0.42569236
1968 11  3     3.59625222
1968 11  4     1.86996019
1968 11  5     0.52695112
1968 11  6     0.32365104
1968 11  7     0.24568913
1968 11  8     0.19565355
1968 11  9     0.16588467
1968 11 10     0.15212224
1968 11 11     0.25705491
1968 11 12     2.05927856
1968 11 13     1.01391232
1968 11 14     0.44515487
1968 11 15     1.41494590
1968 11 16     0.71529893
1968 11 17     0.45874326
1968 11 18     0.61566004
1968 11 19     0.64201376
1968 11 20     0.46980381
1968 11 21     0.40917012
1968 11 22     0.39343260
1968 11 23     0.36944240
1968 11 24     0.69623758
1968 11 25     0.68174294
1968 11 26     0.43562591
1968 11 27     0.37077386
1968 11 28     0.34975451
1968 11 29     0.33473840
1968 11 30     0.36050043
1968 12  1     0.70416702
1968 12  2     0.50749872
1968 12  3     0.35069415
1968 12  4     0.31647995
1968 12  5     0.29755491
1968 12  6     0.28895331
1968 12  7     0.28030329
1968 12  8     0.27815160
1968 12  9     0.26170485
1968 12 10     0.58188216
1968 12 11     1.99053224
1968 12 12     0.74215348
1968 12 13     0.44752035
1968 12 14     0.93378935
1968 12 15     1.16530203
1968 12 16     1.46960419
1968 12 17     0.67022638
1968 12 18     0.52165591
1968 12 19     0.78937925
1968 12 20     0.49465992
1968 12 21     0.42947026
1968 12 22     0.38812815
1968 12 23     0.42565821
1968 12 24     1.32534606
1968 12 25     3.77560048
1968 12 26     2.01068213
1968 12 27     0.98259001
1968 12 28     0.86857864
1968 12 29     0.71225335
1968 12 30     0.52902254
1968 12 31     0.44774493
1969  1  1     0.39922104
1969  1  2     0.36738415
1969  1  3     0.35480602
1969  1  4     0.36154251
1969  1  5     0.35869131
1969  1  6     0.36953867
1969  1  7     0.37504781
1969  1  8     0.37009324
1969  1  9     0.33662302
1969  1 10     0.31684612
1969  1 11     0.37785487
1969  1 12     1.69439029
1969  1 13     5.10411345
1969  1 14    11.17369442
1969  1 15     4.46298202
1969  1 16     2.34385069
1969  1 17     1.88927856
1969  1 18     1.63337432
1969  1 19    22.89435630
1969  1 20    31.26157256
1969  1 21    43.90189890
1969  1 22    28.09583776
1969  1 23    11.93810453
1969  1 24     9.75671528
1969  1 25    23.66688156
1969  1 26    31.41290707
1969  1 27    16.69493473
1969  1 28    11.41530218
1969  1 29     8.40520654
1969  1 30     7.32056532
1969  1 31     6.27006012
1969  2  1     5.79646147
1969  2  2     5.36715034
1969  2  3     5.05493408
1969  2  4     4.82913009
1969  2  5     6.59770704
1969  2  6     9.10278409
1969  2  7     5.88735206
1969  2  8     4.63306288
1969  2  9     4.26443509
1969  2 10     4.05893385
1969  2 11     3.95322477
1969  2 12     5.99739215
1969  2 13     4.27935703
1969  2 14     3.83640342
1969  2 15     8.76466520
1969  2 16     8.79992969
1969  2 17     4.89697145
1969  2 18     6.56919203
1969  2 19     5.36753777
1969  2 20     4.23991584
1969  2 21     3.93692064
1969  2 22     3.29323084
1969  2 23     4.86121086
1969  2 24     7.05222507
1969  2 25     7.82368002
1969  2 26     6.75697958
1969  2 27     3.63148751
1969  2 28     3.64936017
1969  3  1     7.82644645
1969  3  2     3.87156690
1969  3  3     4.41246853
1969  3  4     3.13693398
1969  3  5     2.80241491
1969  3  6     2.71067320
1969  3  7     2.46497362
1969  3  8     2.32151220
1969  3  9     2.22732692
1969  3 10     3.28952130
1969  3 11     2.22203572
1969  3 12     2.10375797
1969  3 13     2.18844519
1969  3 14     2.02339276
1969  3 15     2.12976018
1969  3 16     2.20472171
1969  3 17     2.29667415
1969  3 18     2.17886268
1969  3 19     2.09667311
1969  3 20     2.19791134
1969  3 21     4.10464440
1969  3 22     2.65617762
1969  3 23     2.46647620
1969  3 24     2.59632441
1969  3 25     2.61590755
1969  3 26     2.70217322
1969  3 27     2.81511649
1969  3 28     3.02937666
1969  3 29     3.36479601
1969  3 30     3.66150963
1969  3 31     3.84275692
1969  4  1     3.36974410
1969  4  2     3.15673698
1969  4  3     3.64394948
1969  4  4     3.10391415
1969  4  5     6.85751656
1969  4  6    11.46127392
1969  4  7     4.87755702
1969  4  8     3.72947190
1969  4  9     3.48124748
1969  4 10     3.40355640
1969  4 11     3.83021047
1969  4 12     4.03536792
1969  4 13     3.56989843
1969  4 14     3.20229808
1969  4 15     2.97068260
1969  4 16     3.25376327
1969  4 17     3.68893786
1969  4 18     3.63164183
1969  4 19     3.77821708
1969  4 20     4.76610571
1969  4 21     5.71708372
1969  4 22     6.02466736
1969  4 23     6.97190999
1969  4 24     5.75242262
1969  4 25     4.12210940
1969  4 26     3.99121857
1969  4 27     4.41018584
1969  4 28     4.99271654
1969  4 29     5.28787861
1969  4 30     5.20607048
1969  5  1     5.02920934
1969  5  2     4.95162115
1969  5  3     4.55852631
1969  5  4     4.43791277
1969  5  5     5.28478952
1969  5  6     6.61792015
1969  5  7     7.56239795
1969  5  8     7.99386298
1969  5  9     8.33552170
1969  5 10     8.76891798
1969  5 11     9.26907387
1969  5 12     9.40794939
1969  5 13     8.80392387
1969  5 14     7.81148046
1969  5 15     7.26717111
1969  5 16     7.62589469
1969  5 17     8.37917279
1969  5 18     8.45538074
1969  5 19     7.98311982
1969  5 20     7.76219246
1969  5 21     7.87691480
1969  5 22     8.23271335
1969  5 23     8.51662268
1969  5 24     8.37951428
1969  5 25     7.86741820
1969  5 26     7.57037262
1969  5 27     7.38666406
1969  5 28     7.09016545
1969  5 29     7.35362475
1969  5 30     7.93838414
1969  5 31     8.16708778
1969  6  1     8.11615741
1969  6  2     8.01206195
1969  6  3     7.86287395
1969  6  4     7.70346135
1969  6  5     7.55440684
1969  6  6     7.36175786
1969  6  7     7.09144503
1969  6  8     6.77127103
1969  6  9     5.99175825
1969  6 10     5.34872410
1969  6 11     4.97732523
1969  6 12     4.74504636
1969  6 13     4.86653386
1969  6 14     4.99390958
1969  6 15     5.10203298
1969  6 16     5.23112261
1969  6 17     5.22946039
1969  6 18     4.91435643
1969  6 19     4.75171455
1969  6 20     4.65741852
1969  6 21     4.55317636
1969  6 22     4.44684882
1969  6 23     4.38774970
1969  6 24     4.17275390
1969  6 25     3.88622209
1969  6 26     3.58550561
1969  6 27     3.42636056
1969  6 28     3.25041492
1969  6 29     3.19481114
1969  6 30     3.31286190
1969  7  1     3.41274198
1969  7  2     3.45055796
1969  7  3     3.32898154
1969  7  4     3.10443113
1969  7  5     2.94613109
1969  7  6     2.84191316
1969  7  7     2.74062920
1969  7  8     2.68088861
1969  7  9     2.56979470
1969  7 10     2.43347060
1969  7 11     2.33168907
1969  7 12     2.24512001
1969  7 13     2.15618407
1969  7 14     1.99098159
1969  7 15     1.84547726
1969  7 16     1.76245823
1969  7 17     1.69222712
1969  7 18     1.62836104
1969  7 19     1.57202114
1969  7 20     1.51930763
1969  7 21     1.46942185
1969  7 22     1.42153376
1969  7 23     1.37616692
1969  7 24     1.35378524
1969  7 25     1.30389987
1969  7 26     1.25197443
1969  7 27     1.21280320
1969  7 28     1.17573173
1969  7 29     1.13973301
1969  7 30     1.10463512
1969  7 31     1.07090764
1969  8  1     1.03809710
1969  8  2     1.00670146
1969  8  3     0.97621650
1969  8  4     0.94682157
1969  8  5     0.91908333
1969  8  6     0.89192976
1969  8  7     0.86535284
1969  8  8     0.83937527
1969  8  9     0.81402997
1969  8 10     0.78963486
1969  8 11     0.76681146
1969  8 12     0.74418081
1969  8 13     0.72211367
1969  8 14     0.70042234
1969  8 15     0.67943106
1969  8 16     0.65946497
1969  8 17     0.63989374
1969  8 18     0.62161168
1969  8 19     0.60342691
1969  8 20     0.58545044
1969  8 21     0.56760000
1969  8 22     0.55029854
1969  8 23     0.53422240
1969  8 24     0.51926878
1969  8 25     0.50430604
1969  8 26     0.48932608
1969  8 27     0.47483298
1969  8 28     0.46093525
1969  8 29     0.44746851
1969  8 30     0.43415985
1969  8 31     0.42072043
1969  9  1     0.40757430
1969  9  2     0.39541076
1969  9  3     0.38375281
1969  9  4     0.37257448
1969  9  5     0.36166759
1969  9  6     0.35093817
1969  9  7     0.41375245
1969  9  8     0.56838805
1969  9  9     0.38346014
1969  9 10     0.31527319
1969  9 11     0.30433491
1969  9 12     0.29476726
1969  9 13     0.28569975
1969  9 14     0.27730575
1969  9 15     0.26933846
1969  9 16     0.26153001
1969  9 17     0.25387046
1969  9 18     0.24625930
1969  9 19     0.23904292
1969  9 20     0.23234840
1969  9 21     0.22589994
1969  9 22     0.21884588
1969  9 23     0.21170893
1969  9 24     0.20510004
1969  9 25     0.19895258
1969  9 26     0.19287609
1969  9 27     0.18714064
1969  9 28     0.18164655
1969  9 29     0.17627601
1969  9 30     0.17119181
1969 10  1     0.16630841
1969 10  2     0.16153951
1969 10  3     0.15743173
1969 10  4     0.15345270
1969 10  5     0.14903788
1969 10  6     0.14442695
1969 10  7     0.13980862
1969 10  8     0.13554350
1969 10  9     0.13328858
1969 10 10     0.12846631
1969 10 11     0.12445653
1969 10 12     0.12083415
1969 10 13     0.11755415
1969 10 14     0.12805372
1969 10 15     0.43199669
1969 10 16     3.47186733
1969 10 17     1.63048983
1969 10 18     0.49473253
1969 10 19     0.24228536
1969 10 20     0.18736912
1969 10 21     0.15356679
1969 10 22     0.14586453
1969 10 23     0.14192338
1969 10 24     0.12898573
1969 10 25     0.11943588
1969 10 26     0.11469806
1969 10 27     0.11407040
1969 10 28     0.10941072
1969 10 29     0.10504308
1969 10 30     0.10583659
1969 10 31     0.10480717
1969 11  1     0.10405708
1969 11  2     0.09825195
1969 11  3     0.09208098
1969 11  4     0.08840800
1969 11  5     0.21892002
1969 11  6     2.81214710
1969 11  7     1.35210246
1969 11  8     0.44439061
1969 11  9     0.31990692
1969 11 10     0.28226596
1969 11 11     0.25880800
1969 11 12     0.23166449
1969 11 13     0.22555938
1969 11 14     0.22510561
1969 11 15     0.22807761
1969 11 16     0.45174361
1969 11 17     0.30482605
1969 11 18     0.21503740
1969 11 19     0.20563489
1969 11 20     0.19297931
1969 11 21     0.18547318
1969 11 22     0.17440206
1969 11 23     0.16522742
1969 11 24     0.15889759
1969 11 25     0.15267374
1969 11 26     0.14653366
1969 11 27     0.14038526
1969 11 28     0.13446994
1969 11 29     0.12998616
1969 11 30     0.12441046
1969 12  1     0.11896749
1969 12  2     0.11480865
1969 12  3     0.11074371
1969 12  4     0.10691428
1969 12  5     0.10340417
1969 12  6     0.10004763
1969 12  7     0.09682473
1969 12  8     0.11492087
1969 12  9     0.24677776
1969 12 10     0.15719635
1969 12 11     0.17792500
1969 12 12     0.11588277
1969 12 13     0.09644405
1969 12 14     0.08669185
1969 12 15     0.07995651
1969 12 16     0.07745953
1969 12 17     0.07473964
1969 12 18     0.07307665
1969 12 19     0.79210601
1969 12 20     5.15687641
1969 12 21     5.25941690
1969 12 22     4.94223166
1969 12 23     2.38424010
1969 12 24     5.95851433
1969 12 25     6.78912349
1969 12 26     3.92418068
1969 12 27     2.42089656
1969 12 28     2.03071728
1969 12 29     1.77336744
1969 12 30     1.58633917
1969 12 31     1.44564218
1970  1  1     1.33987568
1970  1  2     1.25800813
1970  1  3     1.18888443
1970  1  4     1.12936790
1970  1  5     1.07699376
1970  1  6     1.03010096
1970  1  7     0.98798548
1970  1  8     0.97468321
1970  1  9     1.97635893
1970  1 10     8.15336136
1970  1 11     4.67984786
1970  1 12     2.74886137
1970  1 13     3.73192316
1970  1 14    10.33307963
1970  1 15     9.98989268
1970  1 16    20.77348717
1970  1 17    20.28813239
1970  1 18    10.95267210
1970  1 19     6.46014639
1970  1 20     7.73350967
1970  1 21    23.21997930
1970  1 22    20.79955842
1970  1 23    10.10543896
1970  1 24    13.97788563
1970  1 25    10.33919869
1970  1 26     6.85102603
1970  1 27    11.13108390
1970  1 28     7.73859745
1970  1 29     5.91340316
1970  1 30     5.38138663
1970  1 31     4.96124463
1970  2  1     4.62617669
1970  2  2     4.36294419
1970  2  3     4.14578563
1970  2  4     3.96130077
1970  2  5     3.79572516
1970  2  6     3.64348617
1970  2  7     3.51710353
1970  2  8     3.40787903
1970  2  9     3.32122203
1970  2 10     3.22073186
1970  2 11     3.14947409
1970  2 12     3.45602682
1970  2 13     4.42963110
1970  2 14     5.84852502
1970  2 15     3.82854001
1970  2 16     3.70683980
1970  2 17     8.37541458
1970  2 18     4.33123477
1970  2 19     3.40077052
1970  2 20     3.09711338
1970  2 21     2.88074685
1970  2 22     2.71973838
1970  2 23     2.61683284
1970  2 24     2.54644567
1970  2 25     2.50936870
1970  2 26     2.51578116
1970  2 27     2.52537592
1970  2 28     2.71810646
1970  3  1     8.13743784
1970  3  2     8.87346099
1970  3  3     3.99991351
1970  3  4     3.12679665
1970  3  5     4.50641958
1970  3  6     2.93319247
1970  3  7     2.75130332
1970  3  8     2.78786960
1970  3  9     2.45826658
1970  3 10     2.86982041
1970  3 11     2.29905865
1970  3 12     2.23606756
1970  3 13     2.39650039
1970  3 14     2.54578696
1970  3 15     2.44579041
1970  3 16     2.40698969
1970  3 17     2.44164900
1970  3 18     2.22320819
1970  3 19     2.08290683
1970  3 20     2.04077852
1970  3 21     2.10963897
1970  3 22     2.27343899
1970  3 23     2.47987728
1970  3 24     2.84661101
1970  3 25     3.02259583
1970  3 26     2.80767535
1970  3 27     2.53296074
1970  3 28     2.38326002
1970  3 29     2.27031115
1970  3 30     2.07779693
1970  3 31     1.92045960
1970  4  1     1.82265318
1970  4  2     1.78175393
1970  4  3     1.82864448
1970  4  4     1.86380508
1970  4  5     1.93600867
1970  4  6     1.99186858
1970  4  7     1.87480565
1970  4  8     1.73394560
1970  4  9     1.73867691
1970  4 10     1.87119928
1970  4 11     1.70024939
1970  4 12     1.53953752
1970  4 13     1.48060474
1970  4 14     2.27605846
1970  4 15     1.49450324
1970  4 16     1.39829724
1970  4 17     1.38391466
1970  4 18     1.43145327
1970  4 19     2.07988962
1970  4 20     1.54074039
1970  4 21     1.33902196
1970  4 22     1.40653504
1970  4 23     1.20210993
1970  4 24     1.19566793
1970  4 25     1.27546069
1970  4 26     1.52090342
1970  4 27     1.36939725
1970  4 28     1.13369456
1970  4 29     1.15949822
1970  4 30     1.47853273
1970  5  1     1.86065555
1970  5  2     2.34491219
1970  5  3     2.75041201
1970  5  4     3.10422360
1970  5  5     2.92021923
1970  5  6     2.56880941
1970  5  7     2.01913486
1970  5  8     1.76928235
1970  5  9     1.83393328
1970  5 10     1.82689316
1970  5 11     1.56758372
1970  5 12     1.44661101
1970  5 13     1.71935916
1970  5 14     2.03449917
1970  5 15     2.80422981
1970  5 16     3.43954579
1970  5 17     3.79390940
1970  5 18     3.82293541
1970  5 19     3.61879172
1970  5 20     2.97237917
1970  5 21     2.75838068
1970  5 22     3.06642213
1970  5 23     3.22468289
1970  5 24     3.30185328
1970  5 25     3.44702345
1970  5 26     3.41116765
1970  5 27     3.23644133
1970  5 28     2.90371810
1970  5 29     2.80977491
1970  5 30     2.79024810
1970  5 31     2.85014391
1970  6  1     2.95150247
1970  6  2     3.07784077
1970  6  3     3.09394286
1970  6  4     2.92328536
1970  6  5     2.55350542
1970  6  6     2.29036094
1970  6  7     2.09749266
1970  6  8     1.97922915
1970  6  9     3.80918136
1970  6 10     2.52972577
1970  6 11     1.76125527
1970  6 12     1.64612644
1970  6 13     1.57739282
1970  6 14     1.49770273
1970  6 15     1.44314276
1970  6 16     1.40176833
1970  6 17     1.36624337
1970  6 18     1.32615159
1970  6 19     1.28004245
1970  6 20     1.24240167
1970  6 21     1.20784133
1970  6 22     1.17687127
1970  6 23     1.12578609
1970  6 24     1.04579823
1970  6 25     0.98542780
1970  6 26     0.99023821
1970  6 27     1.37157874
1970  6 28     1.13209907
1970  6 29     0.91314686
1970  6 30     0.87427094
1970  7  1     0.83759531
1970  7  2     0.80574372
1970  7  3     0.77898385
1970  7  4     0.75107085
1970  7  5     0.72483183
1970  7  6     0.70155633
1970  7  7     0.67914400
1970  7  8     0.65764942
1970  7  9     0.63988371
1970  7 10     0.63198461
1970  7 11     0.60605760
1970  7 12     0.58014357
1970  7 13     0.56243767
1970  7 14     0.54496740
1970  7 15     0.52826726
1970  7 16     0.51275912
1970  7 17     0.49756709
1970  7 18     0.48214264
1970  7 19     0.46704312
1970  7 20     0.45255601
1970  7 21     0.43928825
1970  7 22     0.42675662
1970  7 23     0.41417534
1970  7 24     0.40169486
1970  7 25     0.38967040
1970  7 26     0.37794210
1970  7 27     0.36671603
1970  7 28     0.35606120
1970  7 29     0.34559314
1970  7 30     0.33555167
1970  7 31     0.32578618
1970  8  1     0.31592838
1970  8  2     0.30630409
1970  8  3     0.29697926
1970  8  4     0.28792428
1970  8  5     0.27958932
1970  8  6     0.27137381
1970  8  7     0.26310894
1970  8  8     0.25514898
1970  8  9     0.24744367
1970  8 10     0.24011064
1970  8 11     0.23302925
1970  8 12     0.22615717
1970  8 13     0.21948844
1970  8 14     0.21301673
1970  8 15     0.20673583
1970  8 16     0.20064035
1970  8 17     0.19472480
1970  8 18     0.18898457
1970  8 19     0.18341260
1970  8 20     0.17800520
1970  8 21     0.17275778
1970  8 22     0.16766435
1970  8 23     0.16272132
1970  8 24     0.15792468
1970  8 25     0.15326889
1970  8 26     0.14875086
1970  8 27     0.14436536
1970  8 28     0.14046008
1970  8 29     0.13618114
1970  8 30     0.13197066
1970  8 31     0.12808059
1970  9  1     0.12430520
1970  9  2     0.12064090
1970  9  3     0.11708461
1970  9  4     0.11390654
1970  9  5     0.11359703
1970  9  6     0.10867093
1970  9  7     0.10387702
1970  9  8     0.10081494
1970  9  9     0.09784317
1970  9 10     0.09495900
1970  9 11     0.09215984
1970  9 12     0.08944320
1970  9 13     0.08680664
1970  9 14     0.08438777
1970  9 15     0.08179912
1970  9 16     0.07935417
1970  9 17     0.07701500
1970  9 18     0.07474479
1970  9 19     0.07254150
1970  9 20     0.07047483
1970  9 21     0.06834564
1970  9 22     0.06631371
1970  9 23     0.06435895
1970  9 24     0.06246181
1970  9 25     0.06062059
1970  9 26     0.05883364
1970  9 27     0.05709937
1970  9 28     0.05541623
1970  9 29     0.05378269
1970  9 30     0.05219731
1970 10  1     0.05065867
1970 10  2     0.04916538
1970 10  3     0.04771610
1970 10  4     0.04630955
1970 10  5     0.04494446
1970 10  6     0.04361961
1970 10  7     0.04233381
1970 10  8     0.04108592
1970 10  9     0.03987481
1970 10 10     0.03869940
1970 10 11     0.03755863
1970 10 12     0.03645150
1970 10 13     0.03537700
1970 10 14     0.03433417
1970 10 15     0.03332209
1970 10 16     0.03233983
1970 10 17     0.03138654
1970 10 18     0.03046134
1970 10 19     0.02956341
1970 10 20     0.10755240
1970 10 21     0.22731084
1970 10 22     0.14520381
1970 10 23     0.09191561
1970 10 24     0.30658771
1970 10 25     0.09861081
1970 10 26     0.04628602
1970 10 27     0.03042673
1970 10 28     0.02605696
1970 10 29     0.03336197
1970 10 30     0.04096598
1970 10 31     0.03863507
1970 11  1     0.02963468
1970 11  2     0.02388401
1970 11  3     0.02032125
1970 11  4     0.17912387
1970 11  5     1.35989025
1970 11  6     0.93171593
1970 11  7     0.90802083
1970 11  8     0.24967251
1970 11  9     0.17585087
1970 11 10     0.24630059
1970 11 11     0.10715449
1970 11 12     0.52180787
1970 11 13     0.24306873
1970 11 14     0.06091202
1970 11 15     0.05336436
1970 11 16     0.04523410
1970 11 17     0.04127837
1970 11 18     0.03915959
1970 11 19     0.03402410
1970 11 20     0.03185220
1970 11 21     0.03059782
1970 11 22     0.03049338
1970 11 23     0.03226504
1970 11 24     0.03200937
1970 11 25     2.77809514
1970 11 26     3.67620374
1970 11 27     1.16338475
1970 11 28     1.12247622
1970 11 29     2.41726988
1970 11 30     2.17275443
1970 12  1     2.60564769
1970 12  2     4.41571171
1970 12  3     2.00025630
1970 12  4     2.56375226
1970 12  5     1.82982202
1970 12  6     1.11699973
1970 12  7     0.88575303
1970 12  8     1.03926595
1970 12  9     2.39324795
1970 12 10     1.14191832
1970 12 11     0.79642636
1970 12 12     0.65930000
1970 12 13     0.55876526
1970 12 14     0.49096219
1970 12 15     0.44504222
1970 12 16     2.16803398
1970 12 17     2.06678722
1970 12 18     1.03883371
1970 12 19     0.81538029
1970 12 20     0.57756550
1970 12 21     1.72782193
1970 12 22     0.85846491
1970 12 23     0.50554957
1970 12 24     0.43153935
1970 12 25     0.38770215
1970 12 26     0.35764976
1970 12 27     1.25542691
1970 12 28     1.00357994
1970 12 29     1.25601074
1970 12 30     0.88409094
1970 12 31     0.58356487
1971  1  1     0.48664126
1971  1  2     0.74576258
1971  1  3     0.44338365
1971  1  4     0.39896755
1971  1  5     0.35311323
1971  1  6     0.31687181
1971  1  7     0.29210149
1971  1  8     0.27674059
1971  1  9     0.27018370
1971  1 10     0.27745864
1971  1 11     0.29207002
1971  1 12     3.11611556
1971  1 13     3.54793490
1971  1 14     3.41278810
1971  1 15     1.03665228
1971  1 16     0.65460401
1971  1 17     1.50752142
1971  1 18     1.00197043
1971  1 19     0.79783980
1971  1 20     0.70556147
1971  1 21     0.65178750
1971  1 22     0.57050751
1971  1 23     0.52523787
1971  1 24     0.51567014
1971  1 25     0.51595569
1971  1 26     0.57333822
1971  1 27     0.65367961
1971  1 28     0.70829829
1971  1 29     0.76667377
1971  1 30     0.81342025
1971  1 31     0.83188178
1971  2  1     0.81945863
1971  2  2     0.75510800
1971  2  3     0.60839853
1971  2  4     0.54846404
1971  2  5     0.56308377
1971  2  6     0.54768772
1971  2  7     0.55871489
1971  2  8     0.60148088
1971  2  9     0.65826005
1971  2 10     0.75775802
1971  2 11     0.86825328
1971  2 12     0.91352659
1971  2 13     0.95479137
1971  2 14     0.97597346
1971  2 15     0.99461430
1971  2 16     0.83943975
1971  2 17     0.79854477
1971  2 18     0.70393908
1971  2 19     1.17356778
1971  2 20     0.76428151
1971  2 21     0.67303704
1971  2 22     0.63550836
1971  2 23     0.61172023
1971  2 24     0.56762072
1971  2 25     0.53899014
1971  2 26     0.49872216
1971  2 27     0.47626499
1971  2 28     0.53986860
1971  3  1     0.53453354
1971  3  2     0.44594685
1971  3  3     0.46706080
1971  3  4     0.56620767
1971  3  5     0.45662876
1971  3  6     0.47326415
1971  3  7     0.62383883
1971  3  8     0.69895055
1971  3  9     0.63242894
1971  3 10     0.59441383
1971  3 11     0.62610158
1971  3 12     1.06636832
1971  3 13     2.78672238
1971  3 14     1.36292096
1971  3 15     1.23507865
1971  3 16     0.99773033
1971  3 17     0.94076199
1971  3 18     0.97294589
1971  3 19     1.05155125
1971  3 20     1.13743205
1971  3 21     1.20363103
1971  3 22     1.35669787
1971  3 23     1.98047878
1971  3 24     1.94750111
1971  3 25     2.77710713
1971  3 26     9.24779228
1971  3 27     7.94336708
1971  3 28     4.26194300
1971  3 29     3.89822693
1971  3 30     3.99395547
1971  3 31     3.19463434
1971  4  1     2.83028635
1971  4  2     2.89834487
1971  4  3     3.24272654
1971  4  4     3.65848051
1971  4  5     3.91003308
1971  4  6     4.16877133
1971  4  7     3.89870463
1971  4  8     3.06706861
1971  4  9     2.90066761
1971  4 10     3.18407213
1971  4 11     3.00142246
1971  4 12     3.11707273
1971  4 13     3.63570595
1971  4 14     3.48075649
1971  4 15     3.36867479
1971  4 16     3.42325263
1971  4 17     3.82984459
1971  4 18     3.06460399
1971  4 19     2.68077821
1971  4 20     2.64562373
1971  4 21     2.49318378
1971  4 22     2.28900692
1971  4 23     2.18171158
1971  4 24     2.06441564
1971  4 25     1.98608760
1971  4 26     2.03014755
1971  4 27     2.00330349
1971  4 28     2.43800960
1971  4 29     2.74346013
1971  4 30     3.15356753
1971  5  1     3.83700627
1971  5  2     4.05103444
1971  5  3     4.16946107
1971  5  4     4.44366341
1971  5  5     3.50840968
1971  5  6     3.44405243
1971  5  7     3.74820525
1971  5  8     4.10391242
1971  5  9     4.05570663
1971  5 10     4.35866746
1971  5 11     4.71756356
1971  5 12     5.29433810
1971  5 13     5.07850172
1971  5 14     4.78854142
1971  5 15     4.81274033
1971  5 16     4.56089298
1971  5 17     3.92133151
1971  5 18     3.77766650
1971  5 19     4.04595659
1971  5 20     4.39741627
1971  5 21     4.25786211
1971  5 22     3.73015775
1971  5 23     3.99990639
1971  5 24     4.65066452
1971  5 25     4.87674821
1971  5 26     4.73559289
1971  5 27     4.76242041
1971  5 28     4.18223670
1971  5 29     3.35596056
1971  5 30     3.06120833
1971  5 31     2.85366363
1971  6  1     2.63064788
1971  6  2     2.52997566
1971  6  3     2.66504191
1971  6  4     2.91139798
1971  6  5     3.21544110
1971  6  6     3.69066179
1971  6  7     4.13778420
1971  6  8     4.37193726
1971  6  9     4.31081834
1971  6 10     3.96005473
1971  6 11     3.71194440
1971  6 12     3.88003820
1971  6 13     3.95272648
1971  6 14     3.84358023
1971  6 15     3.96417529
1971  6 16     3.95376705
1971  6 17     3.74111776
1971  6 18     3.51167565
1971  6 19     3.36639525
1971  6 20     3.23418290
1971  6 21     3.10283378
1971  6 22     2.95436906
1971  6 23     2.72206129
1971  6 24     2.54432074
1971  6 25     2.43024127
1971  6 26     2.52484657
1971  6 27     2.74225128
1971  6 28     2.16700203
1971  6 29     1.91660794
1971  6 30     1.85047226
1971  7  1     1.78643078
1971  7  2     1.72066567
1971  7  3     1.65577106
1971  7  4     1.60768219
1971  7  5     1.53323426
1971  7  6     1.45158135
1971  7  7     1.39141017
1971  7  8     1.34080774
1971  7  9     1.29372128
1971  7 10     1.24975347
1971  7 11     1.20817132
1971  7 12     1.16816011
1971  7 13     1.13004202
1971  7 14     1.09371650
1971  7 15     1.05869945
1971  7 16     1.02579122
1971  7 17     1.05199623
1971  7 18     1.00536328
1971  7 19     0.95490500
1971  7 20     0.92447254
1971  7 21     0.88423420
1971  7 22     0.85310769
1971  7 23     0.82759725
1971  7 24     0.80259715
1971  7 25     0.77938359
1971  7 26     0.75579076
1971  7 27     0.73261255
1971  7 28     0.71056206
1971  7 29     0.68920605
1971  7 30     0.66966255
1971  7 31     0.65212102
1971  8  1     0.64040199
1971  8  2     0.61737317
1971  8  3     0.59460629
1971  8  4     0.57751894
1971  8  5     0.56047233
1971  8  6     0.54379537
1971  8  7     0.52773846
1971  8  8     0.51202609
1971  8  9     0.49650968
1971  8 10     0.48130905
1971  8 11     0.46959369
1971  8 12     0.45420882
1971  8 13     0.43971528
1971  8 14     0.42709608
1971  8 15     0.41448086
1971  8 16     0.40209106
1971  8 17     0.39014777
1971  8 18     0.37853829
1971  8 19     0.36723653
1971  8 20     0.35665048
1971  8 21     0.34639179
1971  8 22     0.33635297
1971  8 23     0.32630552
1971  8 24     0.31625749
1971  8 25     0.30730985
1971  8 26     0.29973238
1971  8 27     0.30196357
1971  8 28     0.28640667
1971  8 29     0.27223073
1971  8 30     0.26425590
1971  8 31     0.25693758
1971  9  1     0.24955268
1971  9  2     0.24207737
1971  9  3     0.23490192
1971  9  4     0.22756361
1971  9  5     0.22075282
1971  9  6     0.26090895
1971  9  7     0.23667070
1971  9  8     0.20461683
1971  9  9     0.19603989
1971  9 10     0.19038280
1971  9 11     0.18476114
1971  9 12     0.17930634
1971  9 13     0.17401307
1971  9 14     0.16887712
1971  9 15     0.16389373
1971  9 16     0.15905796
1971  9 17     0.15436538
1971  9 18     0.14981174
1971  9 19     0.14539278
1971  9 20     0.14110449
1971  9 21     0.13694298
1971  9 22     0.13290443
1971  9 23     0.12898520
1971  9 24     0.12518171
1971  9 25     0.12149401
1971  9 26     0.11863778
1971  9 27     0.11541114
1971  9 28     0.11183042
1971  9 29     0.13637257
1971  9 30     0.57410550
1971 10  1     0.27676349
1971 10  2     0.14525308
1971 10  3     0.13593283
1971 10  4     0.12589948
1971 10  5     0.10400862
1971 10  6     0.09106966
1971 10  7     0.08623966
1971 10  8     0.08375571
1971 10  9     0.08114350
1971 10 10     0.07870387
1971 10 11     0.07635527
1971 10 12     0.07408001
1971 10 13     0.07187533
1971 10 14     0.06973865
1971 10 15     0.06955174
1971 10 16     0.13915428
1971 10 17     0.15981302
1971 10 18     0.08734498
1971 10 19     0.07435886
1971 10 20     0.08653405
1971 10 21     0.08623157
1971 10 22     0.09085360
1971 10 23     0.08274491
1971 10 24     0.06053952
1971 10 25     0.05107179
1971 10 26     0.05187029
1971 10 27     0.05028167
1971 10 28     0.04782978
1971 10 29     0.04593786
1971 10 30     0.04433766
1971 10 31     0.04313868
1971 11  1     0.04253791
1971 11  2     0.04458839
1971 11  3     0.04436628
1971 11  4     0.04015045
1971 11  5     0.03666565
1971 11  6     0.03524766
1971 11  7     0.03434506
1971 11  8     0.03354499
1971 11  9     0.03283478
1971 11 10     0.03162361
1971 11 11     0.87899741
1971 11 12     2.14604290
1971 11 13     0.91528834
1971 11 14     0.54984946
1971 11 15     0.22319010
1971 11 16     0.14533486
1971 11 17     0.10649669
1971 11 18     0.08196126
1971 11 19     0.06540764
1971 11 20     0.06454348
1971 11 21     0.06198084
1971 11 22     0.05463347
1971 11 23     0.04829770
1971 11 24     0.04710570
1971 11 25     0.04407573
1971 11 26     0.19160711
1971 11 27     0.31556289
1971 11 28     0.84034643
1971 11 29     0.92390002
1971 11 30     0.31764885
1971 12  1     0.20881390
1971 12  2     0.18144981
1971 12  3     0.56216230
1971 12  4     0.30833637
1971 12  5     0.17780044
1971 12  6     0.33006783
1971 12  7     0.16712302
1971 12  8     0.11988667
1971 12  9     0.09999561
1971 12 10     0.15787073
1971 12 11     0.19548190
1971 12 12     0.17099292
1971 12 13     0.29566385
1971 12 14     0.12497010
1971 12 15     0.18613680
1971 12 16     0.09913264
1971 12 17     0.08728270
1971 12 18     0.07037947
1971 12 19     0.06142399
1971 12 20     0.05870267
1971 12 21     0.05687704
1971 12 22     1.22288386
1971 12 23     2.61647818
1971 12 24     1.88504093
1971 12 25     2.31513034
1971 12 26     1.32787036
1971 12 27     0.65605277
1971 12 28     0.69909081
1971 12 29     0.35520093
1971 12 30     0.26449450
1971 12 31     0.20248749
1972  1  1     0.16229908
1972  1  2     0.13803712
1972  1  3     0.12959681
1972  1  4     0.11494419
1972  1  5     0.10967145
1972  1  6     0.11030047
1972  1  7     0.11397739
1972  1  8     0.11099614
1972  1  9     0.10461541
1972  1 10     0.10982866
1972  1 11     0.11502960
1972  1 12     0.11868311
1972  1 13     0.11934137
1972  1 14     0.14508915
1972  1 15     0.15898721
1972  1 16     0.16766595
1972  1 17     0.17969434
1972  1 18     0.18994593
1972  1 19     0.20373407
1972  1 20     0.19352058
1972  1 21     0.19362356
1972  1 22     0.19483311
1972  1 23     1.39378689
1972  1 24     0.62536581
1972  1 25     0.36524446
1972  1 26     0.65644950
1972  1 27     0.45128695
1972  1 28     0.86435204
1972  1 29     0.28069151
1972  1 30     0.19492224
1972  1 31     0.15171612
1972  2  1     0.12969238
1972  2  2     0.10395219
1972  2  3     0.10605461
1972  2  4     0.12947721
1972  2  5     1.42410190
1972  2  6     2.90465359
1972  2  7     1.02305088
1972  2  8     0.67167234
1972  2  9     0.54966281
1972  2 10     0.50236101
1972  2 11     0.48466240
1972  2 12     0.47550456
1972  2 13     0.44987802
1972  2 14     0.45124719
1972  2 15     0.42568539
1972  2 16     0.43350967
1972  2 17     0.49663141
1972  2 18     0.58293144
1972  2 19     0.65721923
1972  2 20     0.58800393
1972  2 21     0.55262373
1972  2 22     1.30553702
1972  2 23     0.76341209
1972  2 24     0.54136180
1972  2 25     0.85021069
1972  2 26     0.82229953
1972  2 27     0.79039265
1972  2 28     0.86639821
1972  2 29     2.40427978
1972  3  1     1.37854383
1972  3  2     1.36129378
1972  3  3     1.88224095
1972  3  4     1.64544382
1972  3  5     1.60258012
1972  3  6     1.70758748
1972  3  7     1.75190827
1972  3  8     1.81414656
1972  3  9     1.85962159
1972  3 10     1.86382140
1972  3 11     1.86415026
1972  3 12     1.86330184
1972  3 13     1.85174017
1972  3 14     1.88680825
1972  3 15     2.11209947
1972  3 16     2.41908043
1972  3 17     2.69549327
1972  3 18     2.74103214
1972  3 19     2.70171096
1972  3 20     2.77609211
1972  3 21     3.01410774
1972  3 22     3.82305977
1972  3 23     2.98857506
1972  3 24     2.41091884
1972  3 25     2.57964726
1972  3 26     2.20372395
1972  3 27     1.96425114
1972  3 28     1.85449186
1972  3 29     1.77060859
1972  3 30     1.84263988
1972  3 31     1.95188649
1972  4  1     2.01689345
1972  4  2     2.04407629
1972  4  3     2.23760169
1972  4  4     2.56136540
1972  4  5     3.61365610
1972  4  6     4.08622595
1972  4  7     2.69861871
1972  4  8     2.22373613
1972  4  9     2.11647635
1972  4 10     2.04753186
1972  4 11     3.05213191
1972  4 12     3.74937346
1972  4 13     3.20294543
1972  4 14     2.45030551
1972  4 15     2.88025183
1972  4 16     3.02856177
1972  4 17     2.54297362
1972  4 18     2.21728210
1972  4 19     2.02090790
1972  4 20     1.98471067
1972  4 21     2.09796799
1972  4 22     2.24693143
1972  4 23     2.40476481
1972  4 24     2.92575410
1972  4 25     2.29828343
1972  4 26     2.20434502
1972  4 27     2.57509142
1972  4 28     2.83828930
1972  4 29     2.46236443
1972  4 30     2.28168472
1972  5  1     2.53652164
1972  5  2     2.91220829
1972  5  3     3.17391550
1972  5  4     3.21406856
1972  5  5     3.09464571
1972  5  6     2.78053253
1972  5  7     2.37650572
1972  5  8     2.21785423
1972  5  9     2.11487509
1972  5 10     2.13968114
1972  5 11     2.41021497
1972  5 12     2.72313389
1972  5 13     3.10806441
1972  5 14     3.38894078
1972  5 15     3.45478674
1972  5 16     3.32928976
1972  5 17     2.86955521
1972  5 18     2.39229395
1972  5 19     2.39046703
1972  5 20     2.12311772
1972  5 21     1.89472699
1972  5 22     1.87526371
1972  5 23     1.97189892
1972  5 24     2.10916377
1972  5 25     2.21403208
1972  5 26     2.26859969
1972  5 27     2.31334961
1972  5 28     2.36884244
1972  5 29     2.34480639
1972  5 30     2.24590351
1972  5 31     2.11019566
1972  6  1     1.90818882
1972  6  2     1.75640564
1972  6  3     1.62736962
1972  6  4     1.52574472
1972  6  5     1.45046756
1972  6  6     1.47333144
1972  6  7     1.45339092
1972  6  8     1.36155950
1972  6  9     1.33958930
1972  6 10     1.26409067
1972  6 11     1.15737667
1972  6 12     1.09565809
1972  6 13     1.05185839
1972  6 14     1.01165476
1972  6 15     0.97498590
1972  6 16     0.94093054
1972  6 17     0.90879488
1972  6 18     0.87812247
1972  6 19     0.84885836
1972  6 20     0.82134939
1972  6 21     0.79502449
1972  6 22     0.76986127
1972  6 23     0.74620342
1972  6 24     0.72366441
1972  6 25     0.70121419
1972  6 26     0.67920087
1972  6 27     0.65787408
1972  6 28     0.63724846
1972  6 29     0.61751776
1972  6 30     0.59832303
1972  7  1     0.58005757
1972  7  2     0.56266464
1972  7  3     0.54598546
1972  7  4     0.52960423
1972  7  5     0.51389776
1972  7  6     0.49874381
1972  7  7     0.48412857
1972  7  8     0.46981787
1972  7  9     0.45587263
1972  7 10     0.44218361
1972  7 11     0.42885245
1972  7 12     0.41580426
1972  7 13     0.40319577
1972  7 14     0.39121987
1972  7 15     0.37966345
1972  7 16     0.36845125
1972  7 17     0.35757276
1972  7 18     0.34701766
1972  7 19     0.33677567
1972  7 20     0.32736373
1972  7 21     0.31812838
1972  7 22     0.30850423
1972  7 23     0.29911633
1972  7 24     0.29000317
1972  7 25     0.28139053
1972  7 26     0.27309116
1972  7 27     0.26503808
1972  7 28     0.25722172
1972  7 29     0.25127604
1972  7 30     0.24328072
1972  7 31     0.23519201
1972  8  1     0.22822173
1972  8  2     0.22147162
1972  8  3     0.21494125
1972  8  4     0.20860389
1972  8  5     0.20245391
1972  8  6     0.19648534
1972  8  7     0.19069281
1972  8  8     0.18507128
1972  8  9     0.17961529
1972  8 10     0.17432055
1972  8 11     0.16918215
1972  8 12     0.16419436
1972  8 13     0.15935397
1972  8 14     0.15465700
1972  8 15     0.15009793
1972  8 16     0.14567252
1972  8 17     0.14137783
1972  8 18     0.13721021
1972  8 19     0.13316592
1972  8 20     0.12924046
1972  8 21     0.12543079
1972  8 22     0.12173314
1972  8 23     0.11814445
1972  8 24     0.11466181
1972  8 25     0.11128186
1972  8 26     0.10800155
1972  8 27     0.10481793
1972  8 28     0.13900160
1972  8 29     0.11397633
1972  8 30     0.09864195
1972  8 31     0.09485757
1972  9  1     0.10202740
1972  9  2     0.11128375
1972  9  3     0.09260493
1972  9  4     0.09629811
1972  9  5     0.12305022
1972  9  6     0.09698943
1972  9  7     0.07586083
1972  9  8     0.07319862
1972  9  9     0.07104089
1972  9 10     0.06894678
1972  9 11     0.06691440
1972  9 12     0.06494193
1972  9 13     0.06302761
1972  9 14     0.06116971
1972  9 15     0.05936658
1972  9 16     0.05761660
1972  9 17     0.05591821
1972  9 18     0.05426988
1972  9 19     0.05267013
1972  9 20     0.05111755
1972  9 21     0.04961073
1972  9 22     0.04814833
1972  9 23     0.04672904
1972  9 24     0.04535158
1972  9 25     0.04401473
1972  9 26     0.21034016
1972  9 27     0.34538985
1972  9 28     0.13964415
1972  9 29     0.04414545
1972  9 30     0.03869502
1972 10  1     0.07992511
1972 10  2     0.12352420
1972 10  3     0.06740956
1972 10  4     0.03425903
1972 10  5     0.03268901
1972 10  6     0.03167085
1972 10  7     0.03405307
1972 10  8     0.03164289
1972 10  9     0.03963705
1972 10 10     0.15148607
1972 10 11     0.09468483
1972 10 12     0.04164257
1972 10 13     0.02964223
1972 10 14     0.02782820
1972 10 15     0.11133421
1972 10 16     0.06161901
1972 10 17     0.12146963
1972 10 18     0.16032974
1972 10 19     0.08542618
1972 10 20     0.05914754
1972 10 21     0.03342490
1972 10 22     0.02155326
1972 10 23     0.02100275
1972 10 24     0.01946933
1972 10 25     0.01832068
1972 10 26     0.01784594
1972 10 27     0.01734373
1972 10 28     0.01682022
1972 10 29     0.01634087
1972 10 30     0.01591002
1972 10 31     0.01536955
1972 11  1     0.01489080
1972 11  2     0.01454293
1972 11  3     0.01766922
1972 11  4     1.52994794
1972 11  5     0.74902091
1972 11  6     0.22562763
1972 11  7     0.24088411
1972 11  8     0.55982760
1972 11  9     0.19156375
1972 11 10     0.10994061
1972 11 11     0.63229835
1972 11 12     0.23296608
1972 11 13     0.12142640
1972 11 14     0.85387880
1972 11 15     0.47424050
1972 11 16     0.63601027
1972 11 17     0.28076985
1972 11 18     0.13496892
1972 11 19     0.09728953
1972 11 20     0.07883693
1972 11 21     0.05327635
1972 11 22     0.04539084
1972 11 23     0.04312718
1972 11 24     0.04136767
1972 11 25     0.04202144
1972 11 26     0.04491636
1972 11 27     0.04698176
1972 11 28     0.04483700
1972 11 29     0.04485995
1972 11 30     0.04426945
1972 12  1     0.04626177
1972 12  2     0.04576460
1972 12  3     0.04560135
1972 12  4     0.42594182
1972 12  5     0.16595288
1972 12  6     0.23488209
1972 12  7     0.25847169
1972 12  8     0.28936044
1972 12  9     0.10293557
1972 12 10     0.07776971
1972 12 11     0.05588549
1972 12 12     0.04201192
1972 12 13     0.03426912
1972 12 14     0.02986324
1972 12 15     0.02801255
1972 12 16     0.02699907
1972 12 17     2.09770360
1972 12 18     1.81258080
1972 12 19     1.87316880
1972 12 20     0.88544325
1972 12 21     0.55088408
1972 12 22     1.51978701
1972 12 23     0.87628459
1972 12 24     0.60612742
1972 12 25     0.53523358
1972 12 26     0.47957474
1972 12 27     0.46751576
1972 12 28     0.60363212
1972 12 29     0.43489292
1972 12 30     0.39224574
1972 12 31     0.36923848
1973  1  1     0.35067682
1973  1  2     0.33499085
1973  1  3     0.34058289
1973  1  4     0.31157796
1973  1  5     0.29553997
1973  1  6     0.28426601
1973  1  7     0.27378443
1973  1  8     0.26934890
1973  1  9     1.26765219
1973  1 10     1.65408877
1973  1 11     1.67918021
1973  1 12     8.69304831
1973  1 13     4.02417257
1973  1 14     1.79174934
1973  1 15     1.46120704
1973  1 16     8.73480499
1973  1 17     9.51401150
1973  1 18     5.27099788
1973  1 19     6.06859581
1973  1 20     3.07003466
1973  1 21     2.48694732
1973  1 22     2.07771671
1973  1 23     1.83460291
1973  1 24     1.65141749
1973  1 25     1.74541318
1973  1 26     1.57501332
1973  1 27     1.38662475
1973  1 28     1.31126896
1973  1 29     1.62738130
1973  1 30     4.46357978
1973  1 31     2.08315265
1973  2  1     1.52497450
1973  2  2     1.35496013
1973  2  3     1.26323564
1973  2  4     1.90358164
1973  2  5     1.33125203
1973  2  6     1.48570084
1973  2  7     3.74574396
1973  2  8     1.93585179
1973  2  9     1.42310530
1973  2 10     6.39584761
1973  2 11     8.67129833
1973  2 12     7.66510977
1973  2 13     3.39448856
1973  2 14     2.98385048
1973  2 15     3.84203416
1973  2 16     2.05734496
1973  2 17     1.72688428
1973  2 18     1.55739717
1973  2 19     1.44593806
1973  2 20     1.41489825
1973  2 21     1.39644074
1973  2 22     1.32061125
1973  2 23     1.27065116
1973  2 24     1.63549812
1973  2 25     1.81137457
1973  2 26     1.64080001
1973  2 27     3.68176417
1973  2 28     6.74571243
1973  3  1     2.90135065
1973  3  2     2.06993051
1973  3  3     1.95070109
1973  3  4     3.54254670
1973  3  5     2.18911030
1973  3  6     1.92108442
1973  3  7     3.30705799
1973  3  8     3.06091339
1973  3  9     1.81361041
1973  3 10     1.70352830
1973  3 11     4.48459858
1973  3 12     2.13666560
1973  3 13     1.69996912
1973  3 14     1.53134703
1973  3 15     1.43144828
1973  3 16     1.40150278
1973  3 17     1.37806034
1973  3 18     1.25598045
1973  3 19     1.21665469
1973  3 20     4.95823844
1973  3 21     2.72408541
1973  3 22     3.39049413
1973  3 23     1.77712042
1973  3 24     1.81082192
1973  3 25     1.68862221
1973  3 26     1.72179026
1973  3 27     1.71827076
1973  3 28     1.56659706
1973  3 29     1.31169960
1973  3 30     1.27695368
1973  3 31     2.73031301
1973  4  1     1.80593536
1973  4  2     1.44302163
1973  4  3     1.36524784
1973  4  4     1.42606151
1973  4  5     1.59477785
1973  4  6     1.79925390
1973  4  7     1.86297941
1973  4  8     1.89021674
1973  4  9     1.99489079
1973  4 10     2.17925603
1973  4 11     2.28407512
1973  4 12     2.34200268
1973  4 13     3.05811693
1973  4 14     2.83973486
1973  4 15     2.01912972
1973  4 16     1.82730109
1973  4 17     1.82442405
1973  4 18     1.93373119
1973  4 19     1.62925763
1973  4 20     1.54009321
1973  4 21     1.53948594
1973  4 22     1.72230486
1973  4 23     2.22815260
1973  4 24     2.64377526
1973  4 25     3.07722270
1973  4 26     3.59313014
1973  4 27     4.12518109
1973  4 28     4.26227684
1973  4 29     3.82913968
1973  4 30     3.06080617
1973  5  1     3.12536673
1973  5  2     3.57886097
1973  5  3     3.77441059
1973  5  4     3.44912054
1973  5  5     2.83952819
1973  5  6     2.53677099
1973  5  7     2.98519462
1973  5  8     3.54951849
1973  5  9     4.00781753
1973  5 10     4.59573668
1973  5 11     5.30046473
1973  5 12     5.87383905
1973  5 13     6.42729073
1973  5 14     6.96066168
1973  5 15     6.90603818
1973  5 16     6.69169033
1973  5 17     6.97090945
1973  5 18     7.55999935
1973  5 19     7.62379855
1973  5 20     6.79799021
1973  5 21     5.92120433
1973  5 22     5.53954908
1973  5 23     5.39580548
1973  5 24     5.19180106
1973  5 25     4.71104889
1973  5 26     4.03741398
1973  5 27     3.87321739
1973  5 28     4.26568987
1973  5 29     4.74362547
1973  5 30     5.04246252
1973  5 31     4.95616752
1973  6  1     4.45501271
1973  6  2     3.86266685
1973  6  3     3.65715369
1973  6  4     3.69032792
1973  6  5     3.82673498
1973  6  6     3.92688973
1973  6  7     3.81482879
1973  6  8     3.52391234
1973  6  9     3.28531669
1973  6 10     2.98325356
1973  6 11     2.73728872
1973  6 12     2.54626927
1973  6 13     2.36940115
1973  6 14     2.22610468
1973  6 15     2.11152700
1973  6 16     2.02230759
1973  6 17     1.94389034
1973  6 18     1.87097381
1973  6 19     1.80261368
1973  6 20     1.73820519
1973  6 21     1.67800606
1973  6 22     1.62172932
1973  6 23     1.56902504
1973  6 24     1.51783186
1973  6 25     1.46867419
1973  6 26     1.42091576
1973  6 27     1.41942016
1973  6 28     1.34678558
1973  6 29     1.29143224
1973  6 30     1.25216788
1973  7  1     1.21416169
1973  7  2     1.17664743
1973  7  3     1.14018356
1973  7  4     1.10495130
1973  7  5     1.07117210
1973  7  6     1.03920819
1973  7  7     1.00826886
1973  7  8     0.97821253
1973  7  9     0.94866226
1973  7 10     0.91969005
1973  7 11     0.89205751
1973  7 12     0.86604850
1973  7 13     0.87647568
1973  7 14     0.82952323
1973  7 15     0.80327520
1973  7 16     0.77430919
1973  7 17     0.74558424
1973  7 18     0.72369090
1973  7 19     0.70217729
1973  7 20     0.68175653
1973  7 21     0.66194084
1973  7 22     0.64239320
1973  7 23     0.62311494
1973  7 24     0.60444074
1973  7 25     0.58609001
1973  7 26     0.56830584
1973  7 27     0.55137441
1973  7 28     0.53504759
1973  7 29     0.52026860
1973  7 30     0.50449163
1973  7 31     0.49130341
1973  8  1     0.47652427
1973  8  2     0.46102191
1973  8  3     0.45005073
1973  8  4     0.46466769
1973  8  5     0.44680192
1973  8  6     0.43850031
1973  8  7     0.40850382
1973  8  8     0.38495052
1973  8  9     0.37360067
1973  8 10     0.36258678
1973  8 11     0.35189780
1973  8 12     0.34152325
1973  8 13     0.33145488
1973  8 14     0.32168371
1973  8 15     0.31220072
1973  8 16     0.30299926
1973  8 17     0.29406600
1973  8 18     0.28539615
1973  8 19     0.27698304
1973  8 20     0.26881819
1973  8 21     0.26089429
1973  8 22     0.25320362
1973  8 23     0.24573957
1973  8 24     0.23849574
1973  8 25     0.23146507
1973  8 26     0.23297550
1973  8 27     0.23498904
1973  8 28     0.21629659
1973  8 29     0.20535576
1973  8 30     0.19930218
1973  8 31     0.19342721
1973  9  1     0.18772530
1973  9  2     0.18219159
1973  9  3     0.17682104
1973  9  4     0.17160879
1973  9  5     0.16655019
1973  9  6     0.16164071
1973  9  7     0.15687594
1973  9  8     0.15225163
1973  9  9     0.14776363
1973  9 10     0.14340792
1973  9 11     0.13918061
1973  9 12     0.13507792
1973  9 13     0.13109615
1973  9 14     0.12723177
1973  9 15     0.12348129
1973  9 16     0.11984137
1973  9 17     0.11630874
1973  9 18     0.11288025
1973  9 19     0.10955282
1973  9 20     0.10673902
1973  9 21     0.10340328
1973  9 22     0.10014756
1973  9 23     0.11178996
1973  9 24     0.09995830
1973  9 25     0.09248470
1973  9 26     0.08903152
1973  9 27     0.08623199
1973  9 28     0.08369008
1973  9 29     0.08122310
1973  9 30     0.07882885
1973 10  1     0.07650517
1973 10  2     0.07424999
1973 10  3     0.07206128
1973 10  4     0.06993710
1973 10  5     0.06787552
1973 10  6     0.06587472
1973 10  7     0.48121977
1973 10  8     1.62177805
1973 10  9     0.46641362
1973 10 10     0.18573560
1973 10 11     0.11395111
1973 10 12     0.08396327
1973 10 13     0.07471815
1973 10 14     0.07524686
1973 10 15     0.05920945
1973 10 16     0.04933026
1973 10 17     0.04753805
1973 10 18     0.04601985
1973 10 19     0.04464693
1973 10 20     0.06566255
1973 10 21     0.05008808
1973 10 22     0.06354840
1973 10 23     1.79653126
1973 10 24     0.59594198
1973 10 25     0.12796609
1973 10 26     0.07995651
1973 10 27     0.05486167
1973 10 28     0.04487373
1973 10 29     0.04173713
1973 10 30     0.03997899
1973 10 31     0.03869167
1973 11  1     0.03730906
1973 11  2     0.03553679
1973 11  3     0.03430514
1973 11  4     0.03327221
1973 11  5     0.08292959
1973 11  6     0.81228634
1973 11  7     0.61786309
1973 11  8     0.23476625
1973 11  9     0.12769169
1973 11 10     0.91392967
1973 11 11     2.67961840
1973 11 12     5.91724525
1973 11 13     2.67785630
1973 11 14     2.06657544
1973 11 15     1.35006038
1973 11 16     1.41874374
1973 11 17     2.53729410
1973 11 18     3.28735603
1973 11 19     1.78381645
1973 11 20     1.34269382
1973 11 21     1.26460912
1973 11 22     1.08392107
1973 11 23     0.98491690
1973 11 24     1.10804093
1973 11 25     0.93065685
1973 11 26     1.09852801
1973 11 27     0.87287128
1973 11 28     0.79655848
1973 11 29     0.76646654
1973 11 30     0.74167871
1973 12  1     7.10017616
1973 12  2     3.38447933
1973 12  3     1.66103388
1973 12  4     1.44392121
1973 12  5     1.28512944
1973 12  6     1.18040952
1973 12  7     1.10721225
1973 12  8     1.05704211
1973 12  9     1.01723242
1973 12 10     0.98511533
1973 12 11     1.22145869
1973 12 12     1.43817845
1973 12 13     1.96670657
1973 12 14     1.44917677
1973 12 15     1.10355895
1973 12 16     1.00255566
1973 12 17     1.77032612
1973 12 18     1.50679369
1973 12 19     1.12199953
1973 12 20     1.02245911
1973 12 21     2.59644144
1973 12 22     4.31143093
1973 12 23     2.11271105
1973 12 24     1.57249249
1973 12 25     1.35919828
1973 12 26     1.19547277
1973 12 27     6.39284133
1973 12 28     6.84663689
1973 12 29     9.25117229
1973 12 30     6.31307081
1973 12 31     3.58294822
1974  1  1     3.66197570
1974  1  2     2.71302261
1974  1  3     2.38644596
1974  1  4     2.25147144
1974  1  5     2.50307497
1974  1  6     4.44791107
1974  1  7     3.57541150
1974  1  8     2.16664220
1974  1  9     1.88024888
1974  1 10     1.71634410
1974  1 11     1.59254444
1974  1 12     2.49101820
1974  1 13     1.87889169
1974  1 14     1.63395127
1974  1 15     3.85664491
1974  1 16     3.91717666
1974  1 17    12.23551058
1974  1 18     8.49047882
1974  1 19     6.80579265
1974  1 20     4.99839207
1974  1 21     4.10506415
1974  1 22     3.38549361
1974  1 23     3.04683029
1974  1 24     2.80331119
1974  1 25     2.60815983
1974  1 26     2.43240587
1974  1 27     2.29905192
1974  1 28     2.19084120
1974  1 29     2.09341697
1974  1 30     2.00811540
1974  1 31     1.93554609
1974  2  1     2.01294774
1974  2  2     1.84398095
1974  2  3     1.76691328
1974  2  4     1.73161544
1974  2  5     1.65328095
1974  2  6     1.58951220
1974  2  7     1.53791879
1974  2  8     1.49853736
1974  2  9     1.45415351
1974  2 10     1.41325594
1974  2 11     1.36768270
1974  2 12     1.32208452
1974  2 13     1.41827451
1974  2 14     1.26758101
1974  2 15     1.23376686
1974  2 16     1.32825003
1974  2 17     1.24431440
1974  2 18     1.14901934
1974  2 19     2.07878025
1974  2 20     1.74962966
1974  2 21     1.31351495
1974  2 22     1.79306031
1974  2 23     1.29161032
1974  2 24     1.16267072
1974  2 25     1.11606100
1974  2 26     1.16146545
1974  2 27     1.10794093
1974  2 28     1.05458601
1974  3  1     9.40562093
1974  3  2    19.96057301
1974  3  3    10.34991046
1974  3  4     4.57587204
1974  3  5     3.47585287
1974  3  6     3.01623952
1974  3  7     3.18346499
1974  3  8     5.80081435
1974  3  9     3.21750093
1974  3 10     2.55663191
1974  3 11     2.35110826
1974  3 12     3.04464223
1974  3 13     2.71110342
1974  3 14     2.63699514
1974  3 15     2.77081600
1974  3 16     2.99038962
1974  3 17     2.92715627
1974  3 18     2.64088447
1974  3 19     2.76489433
1974  3 20     2.81262225
1974  3 21     2.70467779
1974  3 22     2.48843792
1974  3 23     2.30196243
1974  3 24     2.24709960
1974  3 25     2.36258736
1974  3 26     2.62374080
1974  3 27     3.82668056
1974  3 28     9.38289050
1974  3 29     7.46036837
1974  3 30    10.90335735
1974  3 31     8.50246121
1974  4  1     8.07421230
1974  4  2    13.76363029
1974  4  3     5.91551082
1974  4  4     4.30865240
1974  4  5     4.05259731
1974  4  6     3.77815777
1974  4  7     3.67375650
1974  4  8     3.88561971
1974  4  9     4.64107956
1974  4 10     4.07121607
1974  4 11     3.42883378
1974  4 12     3.64327748
1974  4 13     3.63085977
1974  4 14     3.52845203
1974  4 15     3.56073597
1974  4 16     3.57666850
1974  4 17     3.67997321
1974  4 18     3.57286131
1974  4 19     3.17286869
1974  4 20     2.83249760
1974  4 21     2.97555909
1974  4 22     3.23629400
1974  4 23     3.37029256
1974  4 24     4.53030077
1974  4 25     3.58133771
1974  4 26     2.88729949
1974  4 27     2.65521536
1974  4 28     2.64700991
1974  4 29     3.50621571
1974  4 30     4.05656202
1974  5  1     4.19580084
1974  5  2     4.31959541
1974  5  3     4.23865592
1974  5  4     4.27327746
1974  5  5     4.62537517
1974  5  6     4.96183176
1974  5  7     5.27719050
1974  5  8     5.52958726
1974  5  9     5.41869876
1974  5 10     5.11853855
1974  5 11     5.05660675
1974  5 12     5.06802755
1974  5 13     4.57246328
1974  5 14     4.17501712
1974  5 15     4.08192612
1974  5 16     3.68275492
1974  5 17     3.12840507
1974  5 18     2.86167584
1974  5 19     2.68281145
1974  5 20     2.57259011
1974  5 21     2.66120034
1974  5 22     3.14053862
1974  5 23     3.56316975
1974  5 24     3.88911499
1974  5 25     4.18868679
1974  5 26     4.58168134
1974  5 27     4.58188735
1974  5 28     4.44751572
1974  5 29     3.99694504
1974  5 30     3.54937574
1974  5 31     3.46986421
1974  6  1     3.47929894
1974  6  2     3.55813969
1974  6  3     3.40615021
1974  6  4     3.18052952
1974  6  5     3.09749403
1974  6  6     2.99242652
1974  6  7     2.78737114
1974  6  8     2.60387163
1974  6  9     2.49097966
1974  6 10     2.47184912
1974  6 11     2.45948606
1974  6 12     2.34142838
1974  6 13     2.13672583
1974  6 14     1.97549970
1974  6 15     1.88389091
1974  6 16     1.80460642
1974  6 17     1.72696539
1974  6 18     1.63596377
1974  6 19     1.61542711
1974  6 20     1.51793655
1974  6 21     1.44170542
1974  6 22     1.38959996
1974  6 23     1.34163286
1974  6 24     1.29694395
1974  6 25     1.25467291
1974  6 26     1.21452752
1974  6 27     1.17528291
1974  6 28     1.13737773
1974  6 29     1.10094164
1974  6 30     1.06643168
1974  7  1     1.03367003
1974  7  2     1.00238262
1974  7  3     0.97196484
1974  7  4     0.94180714
1974  7  5     0.91348721
1974  7  6     0.88649463
1974  7  7     0.86048244
1974  7  8     0.89892215
1974  7  9     2.58301961
1974  7 10     5.28993349
1974  7 11     2.58033589
1974  7 12     1.38407601
1974  7 13     1.19992186
1974  7 14     1.08018737
1974  7 15     1.01002629
1974  7 16     0.95616086
1974  7 17     0.91131582
1974  7 18     0.87212358
1974  7 19     0.83694046
1974  7 20     0.80497363
1974  7 21     0.77563335
1974  7 22     0.74826368
1974  7 23     0.72255365
1974  7 24     0.69858965
1974  7 25     0.71214811
1974  7 26     0.68184964
1974  7 27     0.63702520
1974  7 28     0.61389734
1974  7 29     0.60251979
1974  7 30     0.58403649
1974  7 31     0.56051663
1974  8  1     0.55529474
1974  8  2     0.53595268
1974  8  3     0.50982866
1974  8  4     0.49297251
1974  8  5     0.53471469
1974  8  6     0.48859393
1974  8  7     0.44990343
1974  8  8     0.43683297
1974  8  9     0.42375003
1974  8 10     0.41102775
1974  8 11     0.39856498
1974  8 12     0.38682464
1974  8 13     0.37553218
1974  8 14     0.36466391
1974  8 15     0.35379337
1974  8 16     0.34310484
1974  8 17     0.33282248
1974  8 18     0.32282684
1974  8 19     0.31358255
1974  8 20     0.30443342
1974  8 21     0.29525888
1974  8 22     0.28610807
1974  8 23     0.27727110
1974  8 24     0.26881097
1974  8 25     0.26059617
1974  8 26     0.25319565
1974  8 27     0.24577846
1974  8 28     0.23861044
1974  8 29     0.23183530
1974  8 30     0.22483517
1974  8 31     0.21819164
1974  9  1     0.21184438
1974  9  2     0.20523025
1974  9  3     0.19906830
1974  9  4     0.19319266
1974  9  5     0.18740788
1974  9  6     0.18158410
1974  9  7     0.17608030
1974  9  8     0.17092518
1974  9  9     0.16591675
1974  9 10     0.16107772
1974  9 11     0.15620721
1974  9 12     0.15174596
1974  9 13     0.14754137
1974  9 14     0.14332591
1974  9 15     0.13922141
1974  9 16     0.13473599
1974  9 17     0.13063622
1974  9 18     0.12646385
1974  9 19     0.12259430
1974  9 20     0.11883069
1974  9 21     0.11525835
1974  9 22     0.11185041
1974  9 23     0.10855283
1974  9 24     0.10535291
1974  9 25     0.10224733
1974  9 26     0.09924370
1974  9 27     0.09653053
1974  9 28     0.09372210
1974  9 29     0.09098776
1974  9 30     0.08842082
1974 10  1     0.08552571
1974 10  2     0.08357718
1974 10  3     0.12237554
1974 10  4     0.11142038
1974 10  5     0.25547164
1974 10  6     0.12204187
1974 10  7     0.07782167
1974 10  8     0.10156960
1974 10  9     0.10189672
1974 10 10     0.07199110
1974 10 11     0.06594833
1974 10 12     0.06316441
1974 10 13     0.06077906
1974 10 14     0.05868316
1974 10 15     0.05650385
1974 10 16     0.05458486
1974 10 17     0.05293879
1974 10 18     0.05137829
1974 10 19     0.04986378
1974 10 20     0.04839392
1974 10 21     0.04709077
1974 10 22     0.04595747
1974 10 23     0.04488227
1974 10 24     0.04386286
1974 10 25     0.04242518
1974 10 26     0.04113835
1974 10 27     0.04008242
1974 10 28     1.77231007
1974 10 29     0.99966805
1974 10 30     0.24330259
1974 10 31     0.33624229
1974 11  1     0.29072004
1974 11  2     0.12061531
1974 11  3     0.06445582
1974 11  4     0.04736156
1974 11  5     0.04025934
1974 11  6     0.04209978
1974 11  7     0.04999804
1974 11  8     0.41381876
1974 11  9     0.13770574
1974 11 10     0.05180908
1974 11 11     0.04826146
1974 11 12     0.04852953
1974 11 13     0.04679363
1974 11 14     0.04390714
1974 11 15     0.04003804
1974 11 16     0.03945538
1974 11 17     0.03480796
1974 11 18     0.06308890
1974 11 19     0.03914487
1974 11 20     0.02986662
1974 11 21     0.34398312
1974 11 22     1.09627924
1974 11 23     0.26710877
1974 11 24     0.10169215
1974 11 25     0.07186920
1974 11 26     0.05426107
1974 11 27     0.04055262
1974 11 28     0.03510492
1974 11 29     0.03172786
1974 11 30     0.03021529
1974 12  1     0.02856453
1974 12  2     0.02727680
1974 12  3     0.83949889
1974 12  4     2.66816010
1974 12  5     0.82809234
1974 12  6     0.34088490
1974 12  7     0.27263525
1974 12  8     0.22561907
1974 12  9     0.19309111
1974 12 10     0.17330431
1974 12 11     0.16119720
1974 12 12     0.16895379
1974 12 13     0.31214037
1974 12 14     0.17738978
1974 12 15     0.14693597
1974 12 16     0.14169202
1974 12 17     0.13413439
1974 12 18     0.12754266
1974 12 19     0.12204477
1974 12 20     0.11746598
1974 12 21     0.11563194
1974 12 22     0.11481360
1974 12 23     0.10605602
1974 12 24     0.10152609
1974 12 25     0.09813670
1974 12 26     0.09498373
1974 12 27     0.09705004
1974 12 28     0.66143965
1974 12 29     0.22061336
1974 12 30     0.13259031
1974 12 31     0.11016983
1975  1  1     0.09688765
1975  1  2     0.08659252
1975  1  3     0.08148501
1975  1  4     0.26468309
1975  1  5     0.13424653
1975  1  6     2.04279857
1975  1  7     2.58296197
1975  1  8     3.40936120
1975  1  9     1.75858985
1975  1 10     0.96265817
1975  1 11     0.77036067
1975  1 12     0.65084200
1975  1 13     0.58416660
1975  1 14     0.55549686
1975  1 15     0.56627710
1975  1 16     0.56885752
1975  1 17     0.59901595
1975  1 18     0.58153339
1975  1 19     0.54629668
1975  1 20     0.53367911
1975  1 21     0.50894307
1975  1 22     0.49318070
1975  1 23     0.47481682
1975  1 24     0.47413234
1975  1 25     0.47812717
1975  1 26     0.45321733
1975  1 27     0.39940045
1975  1 28     0.37486681
1975  1 29     0.36155017
1975  1 30     0.34275155
1975  1 31     0.32776518
1975  2  1     0.91126944
1975  2  2     3.49312685
1975  2  3     2.46233843
1975  2  4     2.67775220
1975  2  5     1.57436568
1975  2  6     1.00584876
1975  2  7     0.78218855
1975  2  8     0.87178827
1975  2  9     5.96942260
1975  2 10     6.37662248
1975  2 11     2.47199085
1975  2 12     1.56057222
1975  2 13     3.93422134
1975  2 14     3.60560124
1975  2 15     1.78584793
1975  2 16     1.40383975
1975  2 17     1.21918486
1975  2 18     1.07550880
1975  2 19     1.30016718
1975  2 20     3.31428125
1975  2 21     1.55825654
1975  2 22     1.20873592
1975  2 23     1.17391272
1975  2 24     1.16522897
1975  2 25     1.18843205
1975  2 26     1.20910215
1975  2 27     1.26787882
1975  2 28     1.37121362
1975  3  1     1.46387760
1975  3  2     1.42372348
1975  3  3     1.42335161
1975  3  4     1.56588788
1975  3  5     1.76637632
1975  3  6     3.28092287
1975  3  7     4.29972310
1975  3  8     8.11861552
1975  3  9     5.29890048
1975  3 10     3.20704067
1975  3 11     2.70042069
1975  3 12     2.16378961
1975  3 13     2.54639799
1975  3 14     4.31904885
1975  3 15     2.42184835
1975  3 16     6.38278882
1975  3 17     2.91880938
1975  3 18     2.21645807
1975  3 19     2.27096537
1975  3 20     2.76183349
1975  3 21     2.15911370
1975  3 22     9.15300280
1975  3 23     4.17507287
1975  3 24     3.13200575
1975  3 25    12.79500573
1975  3 26     5.76779401
1975  3 27     3.20818770
1975  3 28     2.70454424
1975  3 29     2.42116141
1975  3 30     2.61028736
1975  3 31     2.81254481
1975  4  1     2.36471731
1975  4  2     2.13698143
1975  4  3     2.08207208
1975  4  4     1.93356699
1975  4  5     5.92224975
1975  4  6     7.73925563
1975  4  7     3.96255093
1975  4  8     2.89402052
1975  4  9     2.26031112
1975  4 10     2.17986251
1975  4 11     2.08968781
1975  4 12     2.16151574
1975  4 13     2.25311083
1975  4 14     2.38412485
1975  4 15     2.62518699
1975  4 16     2.03383957
1975  4 17     2.16613670
1975  4 18     1.77943023
1975  4 19     1.86453565
1975  4 20     2.20901926
1975  4 21     2.49308509
1975  4 22     2.53837316
1975  4 23     2.32923479
1975  4 24     2.61486306
1975  4 25     4.22496119
1975  4 26     2.95352266
1975  4 27     2.21507886
1975  4 28     2.14024779
1975  4 29     2.43397511
1975  4 30     2.70372391
1975  5  1     2.83244232
1975  5  2     2.83877838
1975  5  3     3.24412167
1975  5  4     3.33096503
1975  5  5     2.37275919
1975  5  6     2.19251163
1975  5  7     2.36247978
1975  5  8     2.85009490
1975  5  9     3.39734934
1975  5 10     3.90419624
1975  5 11     4.27536328
1975  5 12     4.84919567
1975  5 13     5.77650022
1975  5 14     6.53100521
1975  5 15     6.12132983
1975  5 16     5.49486713
1975  5 17     5.92531530
1975  5 18     6.70836559
1975  5 19     6.85701645
1975  5 20     5.41438790
1975  5 21     4.30778725
1975  5 22     4.40045088
1975  5 23     4.96275761
1975  5 24     5.58385952
1975  5 25     6.05107044
1975  5 26     6.31807608
1975  5 27     6.42003235
1975  5 28     6.53993315
1975  5 29     7.08472485
1975  5 30     7.83002657
1975  5 31     8.34053080
1975  6  1     8.48501290
1975  6  2     7.92212372
1975  6  3     7.32204608
1975  6  4     7.04138927
1975  6  5     7.39324721
1975  6  6     7.59457629
1975  6  7     7.38669687
1975  6  8     7.03040592
1975  6  9     6.88591450
1975  6 10     6.98277252
1975  6 11     7.05061680
1975  6 12     6.89627750
1975  6 13     6.51506992
1975  6 14     6.37105506
1975  6 15     6.17793430
1975  6 16     5.62573079
1975  6 17     5.15620858
1975  6 18     4.45997645
1975  6 19     3.92331000
1975  6 20     3.84149712
1975  6 21     3.77879146
1975  6 22     3.72500231
1975  6 23     3.63719678
1975  6 24     3.62832129
1975  6 25     3.24747088
1975  6 26     2.97949083
1975  6 27     2.89696879
1975  6 28     2.82735781
1975  6 29     2.72648572
1975  6 30     2.60778887
1975  7  1     2.52266474
1975  7  2     2.44577553
1975  7  3     2.36363870
1975  7  4     2.28351733
1975  7  5     2.16190004
1975  7  6     2.05580065
1975  7  7     1.97734789
1975  7  8     1.90561176
1975  7  9     1.84083311
1975  7 10     1.77964524
1975  7 11     1.72496364
1975  7 12     1.66810101
1975  7 13     1.61505428
1975  7 14     1.56469820
1975  7 15     1.51714100
1975  7 16     1.49971610
1975  7 17     1.43462366
1975  7 18     1.38273130
1975  7 19     1.34122478
1975  7 20     1.30142684
1975  7 21     1.26103288
1975  7 22     1.22231071
1975  7 23     1.18491542
1975  7 24     1.14907544
1975  7 25     1.11434369
1975  7 26     1.08074344
1975  7 27     1.04805325
1975  7 28     1.01725301
1975  7 29     0.98802608
1975  7 30     0.96017140
1975  7 31     0.93248483
1975  8  1     0.90415989
1975  8  2     0.87623767
1975  8  3     0.84976709
1975  8  4     0.82418320
1975  8  5     0.79963792
1975  8  6     0.77645150
1975  8  7     0.75443814
1975  8  8     0.73178304
1975  8  9     0.70986657
1975  8 10     0.68855440
1975  8 11     0.66819020
1975  8 12     0.64951625
1975  8 13     0.63037040
1975  8 14     0.61786016
1975  8 15     0.60250567
1975  8 16     0.57843955
1975  8 17     0.55876160
1975  8 18     0.65680217
1975  8 19     1.83382578
1975  8 20     1.06959003
1975  8 21     0.62992493
1975  8 22     0.53098546
1975  8 23     0.49806990
1975  8 24     0.47829171
1975  8 25     0.46101714
1975  8 26     0.44543279
1975  8 27     0.43132806
1975  8 28     0.41829523
1975  8 29     0.40526789
1975  8 30     0.39257753
1975  8 31     0.38049791
1975  9  1     0.36905870
1975  9  2     0.35794038
1975  9  3     0.34693352
1975  9  4     0.33605564
1975  9  5     0.32548806
1975  9  6     0.31551717
1975  9  7     0.30601457
1975  9  8     0.29702546
1975  9  9     0.29816021
1975  9 10     0.29274590
1975  9 11     0.28460850
1975  9 12     0.33140778
1975  9 13     0.31330363
1975  9 14     0.26564875
1975  9 15     0.24139048
1975  9 16     0.23403360
1975  9 17     0.22698706
1975  9 18     0.22029969
1975  9 19     0.21378372
1975  9 20     0.20744773
1975  9 21     0.20123401
1975  9 22     0.19521027
1975  9 23     0.18936768
1975  9 24     0.18364228
1975  9 25     0.17814342
1975  9 26     0.17280510
1975  9 27     0.16780685
1975  9 28     0.16297805
1975  9 29     0.15832302
1975  9 30     0.15358804
1975 10  1     0.14880634
1975 10  2     0.14437229
1975 10  3     0.14023996
1975 10  4     0.13609338
1975 10  5     0.13205051
1975 10  6     0.16678469
1975 10  7     0.46596683
1975 10  8     0.24174132
1975 10  9     0.12431715
1975 10 10     0.94928856
1975 10 11     1.94204564
1975 10 12     0.76356733
1975 10 13     0.39372918
1975 10 14     0.28267891
1975 10 15     0.22521946
1975 10 16     0.19863833
1975 10 17     0.18035615
1975 10 18     0.17174668
1975 10 19     0.16381399
1975 10 20     0.15748461
1975 10 21     0.15202877
1975 10 22     0.17109736
1975 10 23     0.15116002
1975 10 24     0.13457295
1975 10 25     0.13022884
1975 10 26     1.33802007
1975 10 27     2.08702801
1975 10 28     0.77564867
1975 10 29     0.46208433
1975 10 30     1.90104866
1975 10 31     1.46102510
1975 11  1     0.75255823
1975 11  2     0.62582554
1975 11  3     0.57496156
1975 11  4     0.54823570
1975 11  5     0.52620731
1975 11  6     0.49308962
1975 11  7     0.47292210
1975 11  8     0.48109232
1975 11  9     0.40716730
1975 11 10     1.23028455
1975 11 11     0.69348037
1975 11 12     0.48382644
1975 11 13     0.43825120
1975 11 14     0.42478319
1975 11 15     0.43033149
1975 11 16     1.37885277
1975 11 17     0.93300839
1975 11 18     0.55960328
1975 11 19     0.50779487
1975 11 20     0.46682047
1975 11 21     0.43726499
1975 11 22     0.41422651
1975 11 23     0.39669554
1975 11 24     0.38615503
1975 11 25     0.37382299
1975 11 26     0.36479266
1975 11 27     0.37235327
1975 11 28     0.62849563
1975 11 29     0.38917786
1975 11 30     0.32791000
1975 12  1     0.31124132
1975 12  2     0.30456180
1975 12  3     0.30348842
1975 12  4     0.29427898
1975 12  5     0.28664023
1975 12  6     0.27409732
1975 12  7     0.27524071
1975 12  8     0.27895410
1975 12  9     0.27248340
1975 12 10     0.26437169
1975 12 11     0.24762645
1975 12 12     0.65082435
1975 12 13     0.40849333
1975 12 14     0.33729377
1975 12 15     0.29483338
1975 12 16     0.26951567
1975 12 17     0.25864284
1975 12 18     0.24809722
1975 12 19     0.23345431
1975 12 20     0.22112364
1975 12 21     0.21263429
1975 12 22     0.46041792
1975 12 23     0.27732070
1975 12 24     0.23157146
1975 12 25     0.22119888
1975 12 26     0.21204441
1975 12 27     0.20496483
1975 12 28     0.19781139
1975 12 29     0.19372978
1975 12 30     0.18282516
1975 12 31     0.17434993
1976  1  1     0.16842738
1976  1  2     0.16276772
1976  1  3     0.15744044
1976  1  4     0.15236653
1976  1  5     0.15832451
1976  1  6     0.15128545
1976  1  7     0.13969543
1976  1  8     0.13516942
1976  1  9     0.23228439
1976  1 10     0.36319557
1976  1 11     0.18061927
1976  1 12     0.15827527
1976  1 13     0.14494704
1976  1 14     0.14178434
1976  1 15     0.14571145
1976  1 16     0.15131042
1976  1 17     0.15631076
1976  1 18     0.15113653
1976  1 19     0.14712784
1976  1 20     0.14648744
1976  1 21     0.14035876
1976  1 22     0.13129291
1976  1 23     0.14749697
1976  1 24     0.13522507
1976  1 25     0.12150151
1976  1 26     0.12175598
1976  1 27     0.12830053
1976  1 28     0.13830536
1976  1 29     0.15036640
1976  1 30     0.15670273
1976  1 31     0.15921452
1976  2  1     0.14999074
1976  2  2     0.13875179
1976  2  3     0.16437952
1976  2  4     0.20817900
1976  2  5     0.26801139
1976  2  6     0.33495586
1976  2  7     0.24930792
1976  2  8     0.23909299
1976  2  9     0.47615271
1976  2 10     0.49676843
1976  2 11     0.23509347
1976  2 12     0.17842225
1976  2 13     0.15847788
1976  2 14     1.03221689
1976  2 15     0.55188859
1976  2 16     0.31940596
1976  2 17     0.37599915
1976  2 18     0.30260222
1976  2 19     1.11572391
1976  2 20     0.71431548
1976  2 21     0.42424307
1976  2 22     0.42408894
1976  2 23     0.36655663
1976  2 24     0.30015764
1976  2 25     0.28426385
1976  2 26     0.30144860
1976  2 27     0.29364239
1976  2 28     0.30550652
1976  2 29     0.92187726
1976  3  1     2.56524074
1976  3  2     0.99995151
1976  3  3     0.77372664
1976  3  4     0.52941196
1976  3  5     0.44035417
1976  3  6     0.40095735
1976  3  7     0.45503869
1976  3  8     0.51142633
1976  3  9     0.58599087
1976  3 10     0.70572423
1976  3 11     0.57072298
1976  3 12     0.53079205
1976  3 13     0.55810939
1976  3 14     0.59858082
1976  3 15     0.72241168
1976  3 16     0.89351706
1976  3 17     0.96285305
1976  3 18     1.02228308
1976  3 19     1.16924293
1976  3 20     0.73053824
1976  3 21     0.76691356
1976  3 22     0.83737648
1976  3 23     0.85441628
1976  3 24     0.80449430
1976  3 25     0.68596786
1976  3 26     0.61624325
1976  3 27     0.58111198
1976  3 28     0.54393216
1976  3 29     0.53588336
1976  3 30     0.63271836
1976  3 31     0.74470453
1976  4  1     0.60817895
1976  4  2     0.54263032
1976  4  3     0.60378534
1976  4  4     0.54258482
1976  4  5     0.48790333
1976  4  6     0.46852742
1976  4  7     0.49692634
1976  4  8     1.11690288
1976  4  9     1.01236362
1976  4 10     0.61277871
1976  4 11     1.25727102
1976  4 12     0.96661055
1976  4 13     1.11644344
1976  4 14     0.94184658
1976  4 15     0.96843947
1976  4 16     0.90333717
1976  4 17     0.80201281
1976  4 18     0.80157330
1976  4 19     0.85386917
1976  4 20     1.07984269
1976  4 21     1.25173535
1976  4 22     1.20751298
1976  4 23     1.23419437
1976  4 24     1.40428688
1976  4 25     1.28318922
1976  4 26     1.00521044
1976  4 27     0.87347809
1976  4 28     0.82838881
1976  4 29     0.94282863
1976  4 30     1.30101968
1976  5  1     1.69482802
1976  5  2     1.59920713
1976  5  3     1.43029731
1976  5  4     1.39755888
1976  5  5     1.44186992
1976  5  6     1.60604493
1976  5  7     1.82887140
1976  5  8     1.60784520
1976  5  9     1.62659519
1976  5 10     1.63638354
1976  5 11     1.55254095
1976  5 12     1.52622363
1976  5 13     1.60783172
1976  5 14     1.58256603
1976  5 15     1.40547411
1976  5 16     1.30384261
1976  5 17     1.19830354
1976  5 18     1.07431542
1976  5 19     1.00096715
1976  5 20     0.94563016
1976  5 21     0.90920883
1976  5 22     0.87102189
1976  5 23     0.83127550
1976  5 24     0.79270681
1976  5 25     0.75262670
1976  5 26     0.72066543
1976  5 27     0.69502388
1976  5 28     0.67035570
1976  5 29     0.64392875
1976  5 30     0.61919457
1976  5 31     0.59713665
1976  6  1     0.57642027
1976  6  2     0.55669203
1976  6  3     0.53816032
1976  6  4     0.52047229
1976  6  5     0.50355699
1976  6  6     0.48729311
1976  6  7     0.47174329
1976  6  8     0.46428417
1976  6  9     0.45808164
1976  6 10     0.44102953
1976  6 11     0.42932613
1976  6 12     0.40766687
1976  6 13     0.39033166
1976  6 14     0.37801450
1976  6 15     0.36620069
1976  6 16     0.35512619
1976  6 17     0.34430856
1976  6 18     0.33383969
1976  6 19     0.32391023
1976  6 20     0.31426246
1976  6 21     0.30506640
1976  6 22     0.29633722
1976  6 23     0.28710355
1976  6 24     0.27810673
1976  6 25     0.26971555
1976  6 26     0.26174448
1976  6 27     0.25391379
1976  6 28     0.24637755
1976  6 29     0.23909109
1976  6 30     0.23233135
1976  7  1     0.22556843
1976  7  2     0.21875492
1976  7  3     0.21210176
1976  7  4     0.20580009
1976  7  5     0.19972445
1976  7  6     0.19382972
1976  7  7     0.18810999
1976  7  8     0.18255930
1976  7  9     0.17717301
1976  7 10     0.17194640
1976  7 11     0.16687417
1976  7 12     0.16195228
1976  7 13     0.15717601
1976  7 14     0.15290373
1976  7 15     0.19511103
1976  7 16     0.22350873
1976  7 17     0.17171301
1976  7 18     0.13745762
1976  7 19     0.13176678
1976  7 20     0.12777321
1976  7 21     0.12370737
1976  7 22     0.12006013
1976  7 23     0.16660939
1976  7 24     0.13991634
1976  7 25     0.11077645
1976  7 26     0.10718248
1976  7 27     0.10407407
1976  7 28     0.11223141
1976  7 29     0.10474160
1976  7 30     0.09573800
1976  7 31     0.14442357
1976  8  1     0.13278465
1976  8  2     0.09754764
1976  8  3     0.09006153
1976  8  4     0.08713720
1976  8  5     0.08442812
1976  8  6     0.08181917
1976  8  7     0.07930495
1976  8  8     0.07687970
1976  8  9     0.07453834
1976  8 10     0.07227628
1976  8 11     0.07009001
1976  8 12     0.06797668
1976  8 13     0.06597254
1976  8 14     0.39201951
1976  8 15     1.92970730
1976  8 16     0.95990089
1976  8 17     0.30853899
1976  8 18     0.17389177
1976  8 19     0.43216440
1976  8 20     0.28872435
1976  8 21     0.14665933
1976  8 22     0.12517200
1976  8 23     0.13445247
1976  8 24     0.11612594
1976  8 25     0.10333302
1976  8 26     0.09883111
1976  8 27     0.09375035
1976  8 28     0.08938861
1976  8 29     0.08550349
1976  8 30     0.08196491
1976  8 31     0.07872144
1976  9  1     0.07569631
1976  9  2     0.07285352
1976  9  3     0.07019721
1976  9  4     0.06810568
1976  9  5     0.10376306
1976  9  6     0.08335790
1976  9  7     0.06117387
1976  9  8     0.05905837
1976  9  9     0.05699390
1976  9 10     0.06960283
1976  9 11     1.03176139
1976  9 12     0.37982168
1976  9 13     0.09271015
1976  9 14     0.06958981
1976  9 15     0.06327620
1976  9 16     0.06007905
1976  9 17     0.05667938
1976  9 18     0.05817267
1976  9 19     0.05387428
1976  9 20     0.06597537
1976  9 21     0.05626731
1976  9 22     0.04632193
1976  9 23     0.04457742
1976  9 24     0.04300534
1976  9 25     0.04158370
1976  9 26     0.04027677
1976  9 27     0.03900901
1976  9 28     0.03775179
1976  9 29     0.04683356
1976  9 30     0.04504997
1976 10  1     0.03813265
1976 10  2     0.68529274
1976 10  3     0.27687122
1976 10  4     0.07268908
1976 10  5     0.05520078
1976 10  6     0.05048440
1976 10  7     0.04720138
1976 10  8     0.04458410
1976 10  9     0.04242664
1976 10 10     0.04062749
1976 10 11     0.03908001
1976 10 12     0.03759043
1976 10 13     0.03617495
1976 10 14     0.03489624
1976 10 15     0.03370757
1976 10 16     0.03256862
1976 10 17     0.03150332
1976 10 18     0.03046544
1976 10 19     0.02945004
1976 10 20     0.02845681
1976 10 21     0.02757497
1976 10 22     0.02920984
1976 10 23     0.05631944
1976 10 24     0.03934355
1976 10 25     0.02461036
1976 10 26     0.02404931
1976 10 27     0.02320587
1976 10 28     0.02249363
1976 10 29     0.02181401
1976 10 30     0.02111397
1976 10 31     0.02043296
1976 11  1     0.01976821
1976 11  2     0.01916104
1976 11  3     0.01858318
1976 11  4     0.01802420
1976 11  5     0.01748333
1976 11  6     0.01695983
1976 11  7     0.01645305
1976 11  8     0.01596208
1976 11  9     0.01548651
1976 11 10     0.01502609
1976 11 11     0.01457960
1976 11 12     0.02494038
1976 11 13     0.01616199
1976 11 14     1.15611583
1976 11 15     0.73057469
1976 11 16     0.24448119
1976 11 17     0.09004321
1976 11 18     0.06096334
1976 11 19     0.04581749
1976 11 20     0.03920064
1976 11 21     0.03534784
1976 11 22     0.03249094
1976 11 23     0.03025645
1976 11 24     0.02846826
1976 11 25     0.02696881
1976 11 26     0.02570199
1976 11 27     0.02460746
1976 11 28     0.02357082
1976 11 29     0.02258482
1976 11 30     0.02166494
1976 12  1     0.02080876
1976 12  2     0.02001388
1976 12  3     0.01929492
1976 12  4     0.01860090
1976 12  5     0.01795792
1976 12  6     0.01734097
1976 12  7     0.01674436
1976 12  8     0.01618029
1976 12  9     0.01580918
1976 12 10     0.01522786
1976 12 11     0.01464615
1976 12 12     0.01417358
1976 12 13     0.01371690
1976 12 14     0.01329769
1976 12 15     0.01288700
1976 12 16     0.01243747
1976 12 17     0.01207972
1976 12 18     0.01172070
1976 12 19     0.01137945
1976 12 20     0.01102413
1976 12 21     0.01070097
1976 12 22     0.01040603
1976 12 23     0.01009574
1976 12 24     0.00979696
1976 12 25     0.00947591
1976 12 26     0.00916520
1976 12 27     0.00885954
1976 12 28     0.00857755
1976 12 29     0.00833733
1976 12 30     0.09703792
1976 12 31     0.08816926
1977  1  1     0.03551067
1977  1  2     0.30649159
1977  1  3     1.36193469
1977  1  4     0.57657457
1977  1  5     0.17325597
1977  1  6     0.10333965
1977  1  7     0.06510226
1977  1  8     0.03401646
1977  1  9     0.01847147
1977  1 10     0.01183133
1977  1 11     0.01196956
1977  1 12     0.01288534
1977  1 13     0.01379302
1977  1 14     0.01566357
1977  1 15     0.01717165
1977  1 16     0.02138524
1977  1 17     0.03335320
1977  1 18     0.04086388
1977  1 19     0.03637346
1977  1 20     0.02532810
1977  1 21     0.03164908
1977  1 22     0.03428608
1977  1 23     0.04545084
1977  1 24     0.02048786
1977  1 25     0.01245730
1977  1 26     0.01392618
1977  1 27     0.01419214
1977  1 28     0.01775903
1977  1 29     0.02125753
1977  1 30     0.03319551
1977  1 31     0.03418552
1977  2  1     0.01964597
1977  2  2     0.01649612
1977  2  3     0.01700892
1977  2  4     0.01907422
1977  2  5     0.02261524
1977  2  6     0.03278355
1977  2  7     0.04117278
1977  2  8     0.14453851
1977  2  9     0.22045029
1977  2 10     0.09137840
1977  2 11     0.09501442
1977  2 12     0.11962270
1977  2 13     0.15463452
1977  2 14     0.19796714
1977  2 15     0.23065609
1977  2 16     0.25090781
1977  2 17     0.26321606
1977  2 18     0.26457378
1977  2 19     0.27837502
1977  2 20     0.25789962
1977  2 21     1.79561807
1977  2 22     1.80631059
1977  2 23     0.81373242
1977  2 24     0.62232635
1977  2 25     0.42309630
1977  2 26     0.34852963
1977  2 27     0.33898856
1977  2 28     0.36722494
1977  3  1     0.32584861
1977  3  2     0.26935401
1977  3  3     0.24900764
1977  3  4     0.24927616
1977  3  5     0.27197194
1977  3  6     0.28531313
1977  3  7     0.32689968
1977  3  8     0.36594745
1977  3  9     0.55589959
1977  3 10     0.72664167
1977  3 11     0.43222786
1977  3 12     0.39301144
1977  3 13     0.39154244
1977  3 14     0.34247903
1977  3 15     0.31614651
1977  3 16     0.42103869
1977  3 17     0.42648930
1977  3 18     0.31718644
1977  3 19     0.29673182
1977  3 20     0.29683477
1977  3 21     0.40864666
1977  3 22     0.50669348
1977  3 23     0.54077689
1977  3 24     0.59775437
1977  3 25     0.46311439
1977  3 26     0.41207575
1977  3 27     0.42796187
1977  3 28     0.35958052
1977  3 29     0.32218105
1977  3 30     0.30786036
1977  3 31     0.32023971
1977  4  1     0.28364438
1977  4  2     0.26806739
1977  4  3     0.27537409
1977  4  4     0.35686270
1977  4  5     0.53465859
1977  4  6     0.71837909
1977  4  7     0.79920721
1977  4  8     0.69957860
1977  4  9     0.91924769
1977  4 10     0.59385811
1977  4 11     0.47609736
1977  4 12     0.53816418
1977  4 13     0.55336367
1977  4 14     0.52590519
1977  4 15     0.54941215
1977  4 16     0.59223029
1977  4 17     0.53094703
1977  4 18     0.44860312
1977  4 19     0.42517087
1977  4 20     0.41006914
1977  4 21     0.40502344
1977  4 22     0.40122148
1977  4 23     0.39793150
1977  4 24     0.40176913
1977  4 25     0.38166299
1977  4 26     0.35577944
1977  4 27     0.34384709
1977  4 28     0.33597554
1977  4 29     0.32744066
1977  4 30     0.38494500
1977  5  1     0.98632600
1977  5  2     0.88637493
1977  5  3     0.50551418
1977  5  4     0.36390367
1977  5  5     0.33682858
1977  5  6     0.36419004
1977  5  7     0.33869416
1977  5  8     0.37062523
1977  5  9     0.55623974
1977  5 10     1.13597835
1977  5 11     0.71019258
1977  5 12     1.15620195
1977  5 13     0.73103940
1977  5 14     0.68005000
1977  5 15     0.66535345
1977  5 16     0.87940983
1977  5 17     0.65070746
1977  5 18     0.62244476
1977  5 19     0.71678018
1977  5 20     1.02335984
1977  5 21     1.26923929
1977  5 22     1.37046299
1977  5 23     1.49691916
1977  5 24     1.12142631
1977  5 25     0.89663675
1977  5 26     0.80907814
1977  5 27     0.76407896
1977  5 28     0.74475243
1977  5 29     0.76374148
1977  5 30     0.78040121
1977  5 31     0.78594053
1977  6  1     0.74769974
1977  6  2     0.68322257
1977  6  3     0.61731053
1977  6  4     0.57418436
1977  6  5     0.54657534
1977  6  6     0.53735387
1977  6  7     0.50898037
1977  6  8     0.50235424
1977  6  9     0.77550211
1977  6 10     0.90605058
1977  6 11     0.64221003
1977  6 12     0.52042615
1977  6 13     0.49745642
1977  6 14     0.47025456
1977  6 15     0.44763269
1977  6 16     0.42812553
1977  6 17     0.41088960
1977  6 18     0.40258374
1977  6 19     0.40601151
1977  6 20     0.38292624
1977  6 21     0.35719087
1977  6 22     0.34361785
1977  6 23     0.33193958
1977  6 24     0.32126711
1977  6 25     0.31538917
1977  6 26     0.35383524
1977  6 27     0.33453490
1977  6 28     0.29960641
1977  6 29     0.28448013
1977  6 30     0.27352662
1977  7  1     0.26429456
1977  7  2     0.34104129
1977  7  3     0.27800114
1977  7  4     0.24019924
1977  7  5     0.23261335
1977  7  6     0.22518802
1977  7  7     0.21806151
1977  7  8     0.21118480
1977  7  9     0.20472257
1977  7 10     0.19852543
1977  7 11     0.19252906
1977  7 12     0.18672832
1977  7 13     0.18112102
1977  7 14     0.17569155
1977  7 15     0.17042699
1977  7 16     0.16547238
1977  7 17     0.16048351
1977  7 18     0.15563803
1977  7 19     0.15102444
1977  7 20     0.14655927
1977  7 21     0.14233947
1977  7 22     0.13808092
1977  7 23     0.13392269
1977  7 24     0.12996316
1977  7 25     0.12612266
1977  7 26     0.12239565
1977  7 27     0.11877952
1977  7 28     0.11527133
1977  7 29     0.11186816
1977  7 30     0.10856652
1977  7 31     0.10536154
1977  8  1     0.10225212
1977  8  2     0.09923585
1977  8  3     0.09630736
1977  8  4     0.09346609
1977  8  5     0.09070912
1977  8  6     0.08803376
1977  8  7     0.08543750
1977  8  8     0.08291884
1977  8  9     0.08047296
1977  8 10     0.07809945
1977  8 11     0.07579690
1977  8 12     0.07356244
1977  8 13     0.07139349
1977  8 14     0.06928850
1977  8 15     0.06724571
1977  8 16     0.06526249
1977  8 17     0.06333823
1977  8 18     0.06147118
1977  8 19     0.05965907
1977  8 20     0.05984644
1977  8 21     0.05742865
1977  8 22     0.05453706
1977  8 23     0.05292943
1977  8 24     0.05136872
1977  8 25     0.04985468
1977  8 26     0.04838485
1977  8 27     0.04695833
1977  8 28     0.04557446
1977  8 29     0.04423083
1977  8 30     0.04292675
1977  8 31     0.04166138
1977  9  1     0.04043331
1977  9  2     0.03924143
1977  9  3     0.03808469
1977  9  4     0.03696205
1977  9  5     0.03587250
1977  9  6     0.03481507
1977  9  7     0.03378881
1977  9  8     0.03279280
1977  9  9     0.03182615
1977  9 10     0.03088799
1977  9 11     0.02997749
1977  9 12     0.02909383
1977  9 13     0.02823622
1977  9 14     0.02740388
1977  9 15     0.02659608
1977  9 16     0.03465902
1977  9 17     0.04911210
1977  9 18     0.03384704
1977  9 19     0.09822576
1977  9 20     0.26163930
1977  9 21     0.09849774
1977  9 22     0.02481782
1977  9 23     0.02250496
1977  9 24     0.02111678
1977  9 25     0.02004652
1977  9 26     0.01917803
1977  9 27     0.01857312
1977  9 28     0.01802563
1977  9 29     0.01756804
1977  9 30     0.01702079
1977 10  1     0.01647811
1977 10  2     0.01599237
1977 10  3     0.01552096
1977 10  4     0.01506344
1977 10  5     0.01461941
1977 10  6     0.01418846
1977 10  7     0.01377022
1977 10  8     0.01336431
1977 10  9     0.01297036
1977 10 10     0.01258803
1977 10 11     0.01221697
1977 10 12     0.01185684
1977 10 13     0.01150733
1977 10 14     0.01116812
1977 10 15     0.01083891
1977 10 16     0.01051941
1977 10 17     0.01020932
1977 10 18     0.00990838
1977 10 19     0.00961630
1977 10 20     0.00933284
1977 10 21     0.00905773
1977 10 22     0.00879073
1977 10 23     0.00853160
1977 10 24     0.00828011
1977 10 25     0.00803603
1977 10 26     0.00779915
1977 10 27     0.10505646
1977 10 28     0.05079018
1977 10 29     0.00713059
1977 10 30     0.00691942
1977 10 31     0.00671545
1977 11  1     0.00651750
1977 11  2     0.00632538
1977 11  3     0.06566158
1977 11  4     0.01996267
1977 11  5     0.48801934
1977 11  6     0.21729735
1977 11  7     0.03453577
1977 11  8     0.01010871
1977 11  9     0.00697506
1977 11 10     0.00607633
1977 11 11     0.00565509
1977 11 12     0.00527492
1977 11 13     0.00478636
1977 11 14     0.00448454
1977 11 15     0.00459030
1977 11 16     0.00457445
1977 11 17     0.00433301
1977 11 18     0.00401056
1977 11 19     0.00380349
1977 11 20     0.02856574
1977 11 21     0.88967399
1977 11 22     2.04828921
1977 11 23     0.67298936
1977 11 24     0.13242331
1977 11 25     0.07438601
1977 11 26     0.03935180
1977 11 27     0.02071461
1977 11 28     0.01364058
1977 11 29     0.01364924
1977 11 30     0.01205602
1977 12  1     0.00824055
1977 12  2     0.00735859
1977 12  3     0.00846440
1977 12  4     0.00804696
1977 12  5     0.00705148
1977 12  6     0.00582701
1977 12  7     0.00580130
1977 12  8     0.00488655
1977 12  9     0.00426459
1977 12 10     0.00444412
1977 12 11     0.03124406
1977 12 12     0.21910306
1977 12 13     0.06466545
1977 12 14     0.01963920
1977 12 15     2.25226214
1977 12 16     0.87086646
1977 12 17     1.92687964
1977 12 18     1.93169230
1977 12 19     0.71303968
1977 12 20     0.43722424
1977 12 21     0.35071949
1977 12 22     1.24860922
1977 12 23     4.07613840
1977 12 24     1.69844509
1977 12 25     0.83835018
1977 12 26     0.75618707
1977 12 27     3.22843033
1977 12 28     2.09077925
1977 12 29     1.97584563
1977 12 30     2.12001970
1977 12 31     1.40092008
1978  1  1     1.09761912
1978  1  2     1.00133709
1978  1  3     1.29045350
1978  1  4     1.60712633
1978  1  5     3.90212923
1978  1  6     5.89923914
1978  1  7     2.63438054
1978  1  8     1.70039033
1978  1  9     3.59278379
1978  1 10     4.45055841
1978  1 11     2.48032855
1978  1 12     1.83790808
1978  1 13     1.83053178
1978  1 14     3.94943831
1978  1 15     8.58822631
1978  1 16     8.35851245
1978  1 17    14.44851453
1978  1 18     6.55029586
1978  1 19     6.90150896
1978  1 20     3.83965444
1978  1 21     2.98062530
1978  1 22     2.61888253
1978  1 23     2.35821467
1978  1 24     2.16527500
1978  1 25     2.01826410
1978  1 26     1.90477172
1978  1 27     1.81525910
1978  1 28     1.73880854
1978  1 29     1.67399586
1978  1 30     1.61623311
1978  1 31     1.55682447
1978  2  1     1.49579265
1978  2  2     1.45960983
1978  2  3     1.42302707
1978  2  4     1.39553417
1978  2  5     2.89175463
1978  2  6     4.82426394
1978  2  7     6.64793322
1978  2  8     7.85994565
1978  2  9    10.57660310
1978  2 10     5.97672704
1978  2 11     4.69607421
1978  2 12     3.01996849
1978  2 13     6.34011469
1978  2 14     3.11715168
1978  2 15     2.44043606
1978  2 16     2.15115979
1978  2 17     1.94401130
1978  2 18     1.80521109
1978  2 19     1.73069357
1978  2 20     1.70288566
1978  2 21     1.70576659
1978  2 22     1.75176333
1978  2 23     1.78431828
1978  2 24     1.80205694
1978  2 25     1.76203218
1978  2 26     1.68468186
1978  2 27     1.57236675
1978  2 28     1.62096212
1978  3  1     1.94827362
1978  3  2     5.53234438
1978  3  3     8.71305008
1978  3  4    12.37623984
1978  3  5    18.30062353
1978  3  6    10.60873415
1978  3  7     5.64237680
1978  3  8     4.64365201
1978  3  9     4.26112785
1978  3 10     3.84173399
1978  3 11     4.34671086
1978  3 12     5.68470175
1978  3 13     3.91676581
1978  3 14     3.30629299
1978  3 15     3.18583685
1978  3 16     3.35845847
1978  3 17     3.56660520
1978  3 18     3.72751966
1978  3 19     3.72653503
1978  3 20     3.63270609
1978  3 21     5.06026983
1978  3 22     7.17930020
1978  3 23     5.16333632
1978  3 24     4.21351587
1978  3 25     3.99340189
1978  3 26     4.13170658
1978  3 27     4.27527804
1978  3 28     4.38022358
1978  3 29     4.50597569
1978  3 30     5.32907701
1978  3 31     8.90829084
1978  4  1     6.44389434
1978  4  2     5.56077691
1978  4  3     4.92828407
1978  4  4     5.54924309
1978  4  5     5.07007351
1978  4  6     7.35178218
1978  4  7     5.63003207
1978  4  8     4.02202111
1978  4  9     3.97216525
1978  4 10     4.37083154
1978  4 11     4.74318546
1978  4 12     4.76866263
1978  4 13     4.59274859
1978  4 14     4.19296565
1978  4 15     4.45380247
1978  4 16     9.64167109
1978  4 17     5.32341887
1978  4 18     4.11568167
1978  4 19     4.03293612
1978  4 20     4.80706113
1978  4 21     4.92191119
1978  4 22     3.75328523
1978  4 23     3.84560952
1978  4 24     4.28762083
1978  4 25    16.94942120
1978  4 26    12.87237959
1978  4 27     6.97303348
1978  4 28     5.61754288
1978  4 29     5.26877107
1978  4 30     4.99294632
1978  5  1     4.92079055
1978  5  2     5.11185240
1978  5  3     5.45947882
1978  5  4     5.56405878
1978  5  5     4.91768570
1978  5  6     4.28416366
1978  5  7     4.46272174
1978  5  8     4.89273769
1978  5  9     5.25133585
1978  5 10     5.33881051
1978  5 11     5.07167613
1978  5 12     5.27249307
1978  5 13     5.89551491
1978  5 14     6.37373979
1978  5 15     5.98354302
1978  5 16     4.97379605
1978  5 17     4.71897903
1978  5 18     5.25968766
1978  5 19     5.73056158
1978  5 20     6.12581325
1978  5 21     6.34961983
1978  5 22     6.13134264
1978  5 23     5.34557210
1978  5 24     4.25510724
1978  5 25     3.73267526
1978  5 26     3.71657153
1978  5 27     4.14394468
1978  5 28     4.96909673
1978  5 29     5.71378124
1978  5 30     5.97393612
1978  5 31     5.83672844
1978  6  1     5.72955281
1978  6  2     5.69408780
1978  6  3     5.67651117
1978  6  4     5.87599153
1978  6  5     6.32765644
1978  6  6     6.77956117
1978  6  7     7.03931964
1978  6  8     7.13545215
1978  6  9     7.20715009
1978  6 10     6.53899117
1978  6 11     5.74247243
1978  6 12     5.57838743
1978  6 13     5.55055095
1978  6 14     5.37008559
1978  6 15     4.90896164
1978  6 16     4.56739869
1978  6 17     4.50570680
1978  6 18     4.58160962
1978  6 19     4.42556537
1978  6 20     4.21917994
1978  6 21     4.10009022
1978  6 22     3.94501240
1978  6 23     3.84770153
1978  6 24     3.72208264
1978  6 25     3.44763872
1978  6 26     3.22391177
1978  6 27     3.31648846
1978  6 28     3.14503141
1978  6 29     2.89720473
1978  6 30     2.87158530
1978  7  1     2.89417526
1978  7  2     2.77279364
1978  7  3     2.57582784
1978  7  4     2.51088924
1978  7  5     2.47774010
1978  7  6     2.39928476
1978  7  7     2.30010580
1978  7  8     2.21988141
1978  7  9     2.17267301
1978  7 10     2.11368986
1978  7 11     1.97771872
1978  7 12     1.80881334
1978  7 13     1.70311766
1978  7 14     1.63396240
1978  7 15     1.56965612
1978  7 16     1.51409833
1978  7 17     1.46310479
1978  7 18     1.41417828
1978  7 19     1.36774748
1978  7 20     1.32377161
1978  7 21     1.28153692
1978  7 22     1.24048039
1978  7 23     1.20139071
1978  7 24     1.16364658
1978  7 25     1.12761692
1978  7 26     1.09347811
1978  7 27     1.06037712
1978  7 28     1.02825467
1978  7 29     0.99717883
1978  7 30     0.96716186
1978  7 31     0.93774916
1978  8  1     0.90915965
1978  8  2     0.88159860
1978  8  3     0.85573753
1978  8  4     0.82997496
1978  8  5     0.80438347
1978  8  6     0.78166834
1978  8  7     0.75804442
1978  8  8     0.75740216
1978  8  9     0.73050704
1978  8 10     0.69613240
1978  8 11     0.67143192
1978  8 12     0.65232452
1978  8 13     0.63421256
1978  8 14     0.61586222
1978  8 15     0.59697940
1978  8 16     0.57937826
1978  8 17     0.56317104
1978  8 18     0.54632473
1978  8 19     0.52939260
1978  8 20     0.51349952
1978  8 21     0.49870348
1978  8 22     0.48473055
1978  8 23     0.47049070
1978  8 24     0.45694289
1978  8 25     0.44338539
1978  8 26     0.43023297
1978  8 27     0.41708272
1978  8 28     0.40409457
1978  8 29     0.39170791
1978  8 30     0.38007621
1978  8 31     0.36889503
1978  9  1     0.35801908
1978  9  2     0.34744447
1978  9  3     0.33719709
1978  9  4     0.32761796
1978  9  5     1.10178224
1978  9  6     2.67153433
1978  9  7     1.33427371
1978  9  8     0.57829993
1978  9  9     0.39085792
1978  9 10     1.88689461
1978  9 11     0.87042710
1978  9 12     0.42006745
1978  9 13     0.35928496
1978  9 14     0.48384540
1978  9 15     0.38536296
1978  9 16     0.31122415
1978  9 17     0.29816296
1978  9 18     0.28404958
1978  9 19     0.27323948
1978  9 20     0.26071928
1978  9 21     0.25033381
1978  9 22     0.24081234
1978  9 23     0.23144958
1978  9 24     0.22330984
1978  9 25     0.21591156
1978  9 26     0.20852324
1978  9 27     0.20195408
1978  9 28     0.19557118
1978  9 29     0.18932978
1978  9 30     0.18324521
1978 10  1     0.17753201
1978 10  2     0.17195309
1978 10  3     0.16662066
1978 10  4     0.16149001
1978 10  5     0.15658547
1978 10  6     0.15190216
1978 10  7     0.14751329
1978 10  8     0.14310394
1978 10  9     0.13874192
1978 10 10     0.13478089
1978 10 11     0.13073416
1978 10 12     0.12651859
1978 10 13     0.12234388
1978 10 14     0.11848221
1978 10 15     0.11497099
1978 10 16     0.11209043
1978 10 17     0.10919926
1978 10 18     0.10589189
1978 10 19     0.10259946
1978 10 20     0.09979107
1978 10 21     0.09711700
1978 10 22     0.09427002
1978 10 23     0.09109096
1978 10 24     0.08832044
1978 10 25     0.08592695
1978 10 26     0.08335641
1978 10 27     0.08079392
1978 10 28     0.07839339
1978 10 29     0.07634850
1978 10 30     0.07712950
1978 10 31     0.07711520
1978 11  1     0.07595717
1978 11  2     0.10678090
1978 11  3     0.09082916
1978 11  4     0.07735346
1978 11  5     0.07163207
1978 11  6     0.06620635
1978 11  7     0.06232076
1978 11  8     0.05955803
1978 11  9     0.05711041
1978 11 10     0.05443924
1978 11 11     0.25154164
1978 11 12     0.11236919
1978 11 13     0.38622551
1978 11 14     0.13602709
1978 11 15     0.08837914
1978 11 16     0.06365991
1978 11 17     0.05534565
1978 11 18     0.05418680
1978 11 19     0.05325877
1978 11 20     0.20204855
1978 11 21     0.90505391
1978 11 22     0.60833016
1978 11 23     0.24323389
1978 11 24     0.13017624
1978 11 25     0.07388881
1978 11 26     0.05116566
1978 11 27     0.03915923
1978 11 28     0.03542117
1978 11 29     0.03523190
1978 11 30     0.06193424
1978 12  1     0.52784700
1978 12  2     0.28729059
1978 12  3     0.10190428
1978 12  4     0.06030192
1978 12  5     0.08067899
1978 12  6     0.04825558
1978 12  7     0.03489922
1978 12  8     0.02760673
1978 12  9     0.02568302
1978 12 10     0.02462874
1978 12 11     0.02389285
1978 12 12     0.02309000
1978 12 13     0.02248152
1978 12 14     0.02167228
1978 12 15     0.02096176
1978 12 16     0.02035445
1978 12 17     0.22647991
1978 12 18     1.02946248
1978 12 19     0.81906611
1978 12 20     0.25187976
1978 12 21     0.13584934
1978 12 22     0.08207564
1978 12 23     0.05036493
1978 12 24     0.03264455
1978 12 25     0.02414404
1978 12 26     0.02145093
1978 12 27     0.02111589
1978 12 28     0.01863071
1978 12 29     0.01728123
1978 12 30     0.01603177
1978 12 31     0.01497334
1979  1  1     0.01594399
1979  1  2     0.01659050
1979  1  3     0.01887629
1979  1  4     0.02236027
1979  1  5     0.05394310
1979  1  6     0.04441541
1979  1  7     0.14557792
1979  1  8     0.99724358
1979  1  9     0.82548250
1979  1 10     1.24866448
1979  1 11     9.07574400
1979  1 12     6.15421633
1979  1 13     2.25435153
1979  1 14     2.94779857
1979  1 15     3.25417592
1979  1 16     2.06849727
1979  1 17     1.87133244
1979  1 18     1.36433480
1979  1 19     0.97563852
1979  1 20     0.81558893
1979  1 21     0.70430344
1979  1 22     0.62679486
1979  1 23     0.57366893
1979  1 24     0.62442653
1979  1 25     0.63052100
1979  1 26     0.52883467
1979  1 27     0.48942021
1979  1 28     0.45497085
1979  1 29     0.42940284
1979  1 30     0.41036444
1979  1 31     1.31149268
1979  2  1     0.93878975
1979  2  2     1.01240747
1979  2  3     0.49162390
1979  2  4     0.41508839
1979  2  5     0.41424532
1979  2  6     0.46405952
1979  2  7     0.49758148
1979  2  8     0.53319465
1979  2  9     0.55423438
1979  2 10     0.54380794
1979  2 11     0.56401711
1979  2 12     0.58623859
1979  2 13     1.74351883
1979  2 14     8.15443408
1979  2 15     2.87002302
1979  2 16     2.28782338
1979  2 17     1.47415912
1979  2 18     1.12950590
1979  2 19     4.51935458
1979  2 20     2.08541620
1979  2 21     7.03625321
1979  2 22     4.85344841
1979  2 23     6.87840842
1979  2 24     2.35199801
1979  2 25     1.53713217
1979  2 26     2.45603639
1979  2 27     1.52046018
1979  2 28     1.18294231
1979  3  1     9.57242230
1979  3  2     2.78153382
1979  3  3     1.76109055
1979  3  4     1.50334532
1979  3  5     1.41455154
1979  3  6     1.51812837
1979  3  7     1.61366206
1979  3  8     1.70285760
1979  3  9     1.74549452
1979  3 10     1.88270236
1979  3 11     1.94613775
1979  3 12     2.02522302
1979  3 13     1.96420821
1979  3 14     1.76338706
1979  3 15     2.28819097
1979  3 16     4.95474967
1979  3 17     2.40117837
1979  3 18     1.85197873
1979  3 19     1.79504132
1979  3 20     1.66927757
1979  3 21     1.66787263
1979  3 22     1.57380417
1979  3 23     1.48855260
1979  3 24     1.56158168
1979  3 25     1.65224473
1979  3 26     1.78590619
1979  3 27     5.50585283
1979  3 28    12.54585226
1979  3 29     4.65373593
1979  3 30     2.90988142
1979  3 31     2.47588574
1979  4  1     2.24249228
1979  4  2     2.07731590
1979  4  3     2.06834190
1979  4  4     2.32161848
1979  4  5     2.66517607
1979  4  6     2.96504780
1979  4  7     2.59348236
1979  4  8     2.55836658
1979  4  9     2.70193703
1979  4 10     2.26811383
1979  4 11     2.18902639
1979  4 12     2.44372020
1979  4 13     2.81762108
1979  4 14     3.09144658
1979  4 15     3.39539562
1979  4 16     3.44708078
1979  4 17     2.94199216
1979  4 18     2.55361412
1979  4 19     2.31324174
1979  4 20     2.33680698
1979  4 21     2.64687276
1979  4 22     2.78548597
1979  4 23     3.34511655
1979  4 24     3.28647088
1979  4 25     3.06696305
1979  4 26     3.92375893
1979  4 27     7.06791290
1979  4 28     5.46942754
1979  4 29     4.51232413
1979  4 30     4.37418236
1979  5  1     4.06486669
1979  5  2     4.14711778
1979  5  3     4.43862668
1979  5  4     4.67702525
1979  5  5     4.68264647
1979  5  6     4.33918535
1979  5  7     5.43031598
1979  5  8     5.34896696
1979  5  9     3.90669283
1979  5 10     3.81980485
1979  5 11     4.23921412
1979  5 12     4.87106768
1979  5 13     5.54001998
1979  5 14     6.05685151
1979  5 15     6.31131662
1979  5 16     6.36543035
1979  5 17     6.55619513
1979  5 18     6.89684691
1979  5 19     7.16236765
1979  5 20     7.06816246
1979  5 21     6.77543578
1979  5 22     6.56211903
1979  5 23     6.27258804
1979  5 24     6.00450295
1979  5 25     5.98875924
1979  5 26     5.95362226
1979  5 27     5.74187666
1979  5 28     5.21798016
1979  5 29     4.63264713
1979  5 30     4.32090968
1979  5 31     4.33303999
1979  6  1     4.35616085
1979  6  2     4.31113820
1979  6  3     4.19850264
1979  6  4     4.01725418
1979  6  5     3.91115574
1979  6  6     3.80835235
1979  6  7     3.56773871
1979  6  8     3.26707199
1979  6  9     3.04257443
1979  6 10     2.83969577
1979  6 11     2.67739318
1979  6 12     2.52879503
1979  6 13     2.40252221
1979  6 14     2.28516079
1979  6 15     2.17579154
1979  6 16     2.09079053
1979  6 17     2.02468753
1979  6 18     1.95149436
1979  6 19     1.87957340
1979  6 20     1.81551003
1979  6 21     1.75517177
1979  6 22     1.69801758
1979  6 23     1.64285585
1979  6 24     1.58994350
1979  6 25     1.53983396
1979  6 26     1.49165197
1979  6 27     1.44550807
1979  6 28     1.40065026
1979  6 29     1.35776597
1979  6 30     1.31667166
1979  7  1     1.27687619
1979  7  2     1.24087476
1979  7  3     1.20281585
1979  7  4     1.16528528
1979  7  5     1.13029344
1979  7  6     1.09647499
1979  7  7     1.06351791
1979  7  8     1.03167045
1979  7  9     1.00039455
1979  7 10     0.97092713
1979  7 11     0.94213845
1979  7 12     0.91385256
1979  7 13     0.88563075
1979  7 14     0.85875477
1979  7 15     0.83303156
1979  7 16     0.80816589
1979  7 17     0.78412178
1979  7 18     0.76063305
1979  7 19     0.73807844
1979  7 20     0.71764535
1979  7 21     0.85201992
1979  7 22     0.84417200
1979  7 23     0.68495697
1979  7 24     0.63827214
1979  7 25     0.61837657
1979  7 26     0.59960021
1979  7 27     0.58232048
1979  7 28     0.56516942
1979  7 29     0.54836937
1979  7 30     0.53174475
1979  7 31     0.51550410
1979  8  1     0.49978632
1979  8  2     0.48491728
1979  8  3     0.47065442
1979  8  4     0.45679874
1979  8  5     0.44401812
1979  8  6     0.43099064
1979  8  7     0.41793224
1979  8  8     0.40577393
1979  8  9     0.39342127
1979  8 10     0.38137403
1979  8 11     0.36993880
1979  8 12     0.35937806
1979  8 13     0.34971234
1979  8 14     0.33983520
1979  8 15     0.32976863
1979  8 16     0.31977710
1979  8 17     0.31155609
1979  8 18     0.30159748
1979  8 19     0.29179102
1979  8 20     0.28359350
1979  8 21     0.27539389
1979  8 22     0.26738586
1979  8 23     0.25926077
1979  8 24     0.25141201
1979  8 25     0.24379575
1979  8 26     0.23648487
1979  8 27     0.22924571
1979  8 28     0.22242621
1979  8 29     0.22435402
1979  8 30     0.21469742
1979  8 31     0.20453916
1979  9  1     0.19774522
1979  9  2     0.19175043
1979  9  3     0.18591459
1979  9  4     0.18040224
1979  9  5     0.17507918
1979  9  6     0.16991653
1979  9  7     0.16490781
1979  9  8     0.16004674
1979  9  9     0.15532896
1979  9 10     0.15075025
1979  9 11     0.14630650
1979  9 12     0.14199375
1979  9 13     0.13780813
1979  9 14     0.13374589
1979  9 15     0.12980339
1979  9 16     0.12597711
1979  9 17     0.12226362
1979  9 18     0.11865959
1979  9 19     0.11516180
1979  9 20     0.11176712
1979  9 21     0.10847250
1979  9 22     0.10527500
1979  9 23     0.10217175
1979  9 24     0.09915999
1979  9 25     0.09623700
1979  9 26     0.09340017
1979  9 27     0.09064696
1979  9 28     0.08797492
1979  9 29     0.08538163
1979  9 30     0.08286480
1979 10  1     0.08043449
1979 10  2     0.07805422
1979 10  3     0.07575074
1979 10  4     0.07351780
1979 10  5     0.07135067
1979 10  6     0.06924743
1979 10  7     0.06720619
1979 10  8     0.06522512
1979 10  9     0.06449629
1979 10 10     0.06168587
1979 10 11     0.05970379
1979 10 12     0.05791287
1979 10 13     0.05616204
1979 10 14     0.05450653
1979 10 15     0.05289981
1979 10 16     0.05134045
1979 10 17     0.04982706
1979 10 18     0.05487726
1979 10 19     0.73004440
1979 10 20     1.77068802
1979 10 21     0.88160532
1979 10 22     0.24530201
1979 10 23     0.12083688
1979 10 24     0.08651553
1979 10 25     0.23693227
1979 10 26     0.67501989
1979 10 27     0.20081094
1979 10 28     0.08231874
1979 10 29     0.05703379
1979 10 30     0.04354425
1979 10 31     0.03845336
1979 11  1     0.03670105
1979 11  2     0.03625257
1979 11  3     0.59307436
1979 11  4     0.71669821
1979 11  5     0.28904263
1979 11  6     0.10886310
1979 11  7     0.06020750
1979 11  8     0.04311103
1979 11  9     0.03466593
1979 11 10     0.03247613
1979 11 11     0.03344505
1979 11 12     0.03329443
1979 11 13     0.03445262
1979 11 14     0.03551592
1979 11 15     0.03546500
1979 11 16     0.03599123
1979 11 17     1.46436510
1979 11 18     0.48356287
1979 11 19     0.13638826
1979 11 20     0.08952486
1979 11 21     0.06004324
1979 11 22     0.06135533
1979 11 23     0.24973162
1979 11 24     0.21527824
1979 11 25     0.46367177
1979 11 26     1.15126842
1979 11 27     0.45758858
1979 11 28     0.20800728
1979 11 29     0.17768170
1979 11 30     0.15671744
1979 12  1     0.14444688
1979 12  2     0.13707405
1979 12  3     0.12960323
1979 12  4     0.12703823
1979 12  5     0.12340218
1979 12  6     0.12205242
1979 12  7     0.11868967
1979 12  8     0.11550565
1979 12  9     0.11065815
1979 12 10     0.10460410
1979 12 11     0.09702275
1979 12 12     0.09174778
1979 12 13     0.08779893
1979 12 14     0.08440196
1979 12 15     0.08187893
1979 12 16     0.07928425
1979 12 17     0.07656372
1979 12 18     0.07470605
1979 12 19     0.07201102
1979 12 20     0.06928403
1979 12 21     0.31831481
1979 12 22     0.53688106
1979 12 23     0.18303604
1979 12 24     1.15149837
1979 12 25     1.29673011
1979 12 26     0.41038727
1979 12 27     0.20136729
1979 12 28     0.14286233
1979 12 29     0.10661036
1979 12 30     0.71915288
1979 12 31     3.52890803
1980  1  1     4.62060361
1980  1  2     1.90488524
1980  1  3     0.99731803
1980  1  4     0.78620684
1980  1  5     0.66176871
1980  1  6     0.57213040
1980  1  7     0.52672401
1980  1  8     0.52261085
1980  1  9     2.18471400
1980  1 10     5.23246197
1980  1 11     6.14433622
1980  1 12    18.16432386
1980  1 13    26.89962329
1980  1 14    35.57813263
1980  1 15    21.99148837
1980  1 16    13.94279243
1980  1 17    11.89892692
1980  1 18    10.71747645
1980  1 19     7.00565119
1980  1 20     5.97076179
1980  1 21     5.35059995
1980  1 22     4.89116998
1980  1 23     4.53558595
1980  1 24     4.26280041
1980  1 25     4.04048701
1980  1 26     3.82883202
1980  1 27     3.65054456
1980  1 28     3.68209757
1980  1 29     5.18230033
1980  1 30     3.71842534
1980  1 31     3.35452740
1980  2  1     3.15663003
1980  2  2     3.00894541
1980  2  3     2.89756221
1980  2  4     2.84379379
1980  2  5     2.84204748
1980  2  6     2.81873277
1980  2  7     2.61965115
1980  2  8     2.54372323
1980  2  9     2.44744661
1980  2 10     2.35878672
1980  2 11     2.32107044
1980  2 12     2.22398819
1980  2 13     2.15888856
1980  2 14     3.54236514
1980  2 15     9.58092988
1980  2 16    10.77323164
1980  2 17    15.74324275
1980  2 18    20.12637044
1980  2 19    21.84112948
1980  2 20    17.72968721
1980  2 21    16.53809749
1980  2 22    11.53162532
1980  2 23     7.41053510
1980  2 24     5.90215307
1980  2 25     5.26802006
1980  2 26     4.89751105
1980  2 27     4.68217885
1980  2 28     8.31252338
1980  2 29     6.00000476
1980  3  1     4.72075057
1980  3  2     4.75338330
1980  3  3     6.22931781
1980  3  4     7.01926922
1980  3  5     8.44905844
1980  3  6     9.32623256
1980  3  7     5.45919923
1980  3  8     4.56646981
1980  3  9     4.19859549
1980  3 10     3.96885506
1980  3 11     3.86323068
1980  3 12     3.75235588
1980  3 13     3.44105576
1980  3 14     3.32490014
1980  3 15     3.33237905
1980  3 16     3.11267174
1980  3 17     2.99588080
1980  3 18     3.02741559
1980  3 19     2.95535827
1980  3 20     2.90488138
1980  3 21     2.75024010
1980  3 22     2.64462282
1980  3 23     2.62091262
1980  3 24     2.55624156
1980  3 25     2.43125953
1980  3 26     2.37391300
1980  3 27     2.28245117
1980  3 28     2.28656924
1980  3 29     2.41637052
1980  3 30     2.42099929
1980  3 31     2.27659353
1980  4  1     2.14854457
1980  4  2     2.05937523
1980  4  3     1.98977875
1980  4  4     1.99369341
1980  4  5     5.48420602
1980  4  6     4.38452284
1980  4  7     2.82751658
1980  4  8     2.56880469
1980  4  9     2.61771941
1980  4 10     2.60804630
1980  4 11     2.73866081
1980  4 12     2.94541117
1980  4 13     3.13587616
1980  4 14     3.14511200
1980  4 15     3.10876645
1980  4 16     3.48110478
1980  4 17     3.93570990
1980  4 18     4.21091997
1980  4 19     4.26455969
1980  4 20     4.15811985
1980  4 21     4.33096829
1980  4 22     3.62853477
1980  4 23     3.01673583
1980  4 24     2.74044424
1980  4 25     2.76061125
1980  4 26     3.01498927
1980  4 27     3.50151502
1980  4 28     4.16132865
1980  4 29     4.42922921
1980  4 30     3.62881645
1980  5  1     3.54610608
1980  5  2     3.78768398
1980  5  3     4.18677908
1980  5  4     4.52229822
1980  5  5     4.78644478
1980  5  6     4.63076411
1980  5  7     4.16924820
1980  5  8     4.02458712
1980  5  9     3.99375358
1980  5 10     4.72997700
1980  5 11     3.33676070
1980  5 12     2.98629632
1980  5 13     3.28571111
1980  5 14     4.07387370
1980  5 15     3.75277539
1980  5 16     3.69499517
1980  5 17     4.08460382
1980  5 18     4.45214351
1980  5 19     4.92116650
1980  5 20     5.42755691
1980  5 21     5.75534232
1980  5 22     5.33295061
1980  5 23     4.09282746
1980  5 24     3.28316427
1980  5 25     2.95235124
1980  5 26     2.74201552
1980  5 27     2.60656572
1980  5 28     2.79608802
1980  5 29     2.79453715
1980  5 30     2.98975742
1980  5 31     3.14604696
1980  6  1     3.26691966
1980  6  2     3.26117630
1980  6  3     2.87084884
1980  6  4     3.00436235
1980  6  5     2.71093776
1980  6  6     2.44454868
1980  6  7     2.68508714
1980  6  8     3.16345190
1980  6  9     3.62063274
1980  6 10     3.83316009
1980  6 11     3.75933981
1980  6 12     3.42689613
1980  6 13     2.96990341
1980  6 14     2.92826571
1980  6 15     3.22676577
1980  6 16     3.44739376
1980  6 17     3.62740194
1980  6 18     3.75013871
1980  6 19     3.71496050
1980  6 20     3.68005462
1980  6 21     3.44098193
1980  6 22     3.18369499
1980  6 23     2.94864209
1980  6 24     2.80295195
1980  6 25     2.79405083
1980  6 26     2.78896178
1980  6 27     2.79820011
1980  6 28     2.95747990
1980  6 29     3.08645905
1980  6 30     3.08703998
1980  7  1     3.01739799
1980  7  2     3.16062840
1980  7  3     2.98836390
1980  7  4     2.44424640
1980  7  5     2.18959417
1980  7  6     2.11146960
1980  7  7     2.07264361
1980  7  8     1.99508578
1980  7  9     1.90831640
1980  7 10     1.84522117
1980  7 11     1.77953824
1980  7 12     1.72687745
1980  7 13     1.67041603
1980  7 14     1.59316146
1980  7 15     1.47500984
1980  7 16     1.36747129
1980  7 17     1.30482483
1980  7 18     1.25430217
1980  7 19     1.20710831
1980  7 20     1.15926638
1980  7 21     1.11316925
1980  7 22     1.07373478
1980  7 23     1.03796910
1980  7 24     1.00393626
1980  7 25     0.97140124
1980  7 26     0.94012057
1980  7 27     0.91024351
1980  7 28     0.91029530
1980  7 29     0.86853082
1980  7 30     0.82808348
1980  7 31     0.80267908
1980  8  1     0.77842500
1980  8  2     0.75469690
1980  8  3     0.73185206
1980  8  4     0.70988001
1980  8  5     0.68878083
1980  8  6     0.66847088
1980  8  7     0.64828703
1980  8  8     0.62854379
1980  8  9     0.60955364
1980  8 10     0.59107338
1980  8 11     0.57325941
1980  8 12     0.55631190
1980  8 13     0.54015548
1980  8 14     0.52449977
1980  8 15     0.50941888
1980  8 16     0.51754991
1980  8 17     0.49057263
1980  8 18     0.46542744
1980  8 19     0.45192120
1980  8 20     0.43851070
1980  8 21     0.42521727
1980  8 22     0.41329839
1980  8 23     0.40807852
1980  8 24     0.39943323
1980  8 25     0.38022334
1980  8 26     0.36603140
1980  8 27     0.35513913
1980  8 28     0.34483925
1980  8 29     0.33478492
1980  8 30     0.32512824
1980  8 31     0.31534054
1980  9  1     0.30594476
1980  9  2     0.29675072
1980  9  3     0.28771875
1980  9  4     0.27896228
1980  9  5     0.27627594
1980  9  6     0.26537863
1980  9  7     0.25698110
1980  9  8     0.27718547
1980  9  9     0.29549986
1980  9 10     0.25109219
1980  9 11     0.22660418
1980  9 12     0.21977717
1980  9 13     0.21349884
1980  9 14     0.20792819
1980  9 15     0.20184510
1980  9 16     0.19531451
1980  9 17     0.18914367
1980  9 18     0.18358347
1980  9 19     0.17865786
1980  9 20     0.17349355
1980  9 21     0.16826293
1980  9 22     0.16314477
1980  9 23     0.15794367
1980  9 24     0.15307390
1980  9 25     0.14853037
1980  9 26     0.14415170
1980  9 27     0.13990261
1980  9 28     0.13577851
1980  9 29     0.13177631
1980  9 30     0.12789171
1980 10  1     0.12412149
1980 10  2     0.12046270
1980 10  3     0.11691175
1980 10  4     0.11346546
1980 10  5     0.11012083
1980 10  6     0.10687472
1980 10  7     0.10372428
1980 10  8     0.10066675
1980 10  9     0.09769934
1980 10 10     0.09481941
1980 10 11     0.09202437
1980 10 12     0.21886166
1980 10 13     0.13911152
1980 10 14     0.08669470
1980 10 15     0.09999758
1980 10 16     0.09271898
1980 10 17     0.08763917
1980 10 18     0.08592526
1980 10 19     0.08238102
1980 10 20     0.07686176
1980 10 21     0.07009827
1980 10 22     0.06655052
1980 10 23     0.06464685
1980 10 24     0.06244119
1980 10 25     0.06588844
1980 10 26     0.14481706
1980 10 27     0.09114324
1980 10 28     0.05639387
1980 10 29     0.05475345
1980 10 30     0.05300646
1980 10 31     0.05086740
1980 11  1     0.04909960
1980 11  2     0.04764596
1980 11  3     0.04624148
1980 11  4     0.04487839
1980 11  5     0.04355549
1980 11  6     0.04227158
1980 11  7     0.04102552
1980 11  8     0.04765208
1980 11  9     0.04208641
1980 11 10     0.03783149
1980 11 11     0.15541826
1980 11 12     0.21320114
1980 11 13     0.05454549
1980 11 14     0.03745309
1980 11 15     0.03469372
1980 11 16     0.03287976
1980 11 17     0.03120456
1980 11 18     0.03013082
1980 11 19     0.02922587
1980 11 20     0.02829733
1980 11 21     0.02747357
1980 11 22     0.02667600
1980 11 23     0.04262624
1980 11 24     0.04237745
1980 11 25     0.02730208
1980 11 26     0.02512236
1980 11 27     0.02393819
1980 11 28     0.02270006
1980 11 29     0.02182026
1980 11 30     0.04053250
1980 12  1     0.10590614
1980 12  2     0.05803725
1980 12  3     0.20494990
1980 12  4     2.36536809
1980 12  5     0.76325954
1980 12  6     0.20311262
1980 12  7     0.13562537
1980 12  8     0.09425344
1980 12  9     0.06805877
1980 12 10     0.05079670
1980 12 11     0.04389431
1980 12 12     0.04185583
1980 12 13     0.04059537
1980 12 14     0.03838857
1980 12 15     0.03801756
1980 12 16     0.04054876
1980 12 17     0.04014201
1980 12 18     0.03684761
1980 12 19     0.03327216
1980 12 20     0.03131409
1980 12 21     0.04688804
1980 12 22     0.20569407
1980 12 23     0.08219707
1980 12 24     0.02991854
1980 12 25     0.02919228
1980 12 26     0.02915450
1980 12 27     0.02854058
1980 12 28     0.02696856
1980 12 29     0.02523613
1980 12 30     0.02386356
1980 12 31     0.02309892
1981  1  1     0.02248060
1981  1  2     0.02148117
1981  1  3     0.07302797
1981  1  4     0.31596903
1981  1  5     0.20729646
1981  1  6     0.04809039
1981  1  7     0.03020650
1981  1  8     0.02493164
1981  1  9     0.02341958
1981  1 10     0.02282036
1981  1 11     0.02258357
1981  1 12     0.02145097
1981  1 13     0.02090272
1981  1 14     0.02115909
1981  1 15     0.02097289
1981  1 16     0.29232750
1981  1 17     0.12351250
1981  1 18     0.04190871
1981  1 19     0.03943551
1981  1 20     0.03892683
1981  1 21     0.03881836
1981  1 22     0.04086231
1981  1 23     2.29236574
1981  1 24     1.34778195
1981  1 25     0.41836351
1981  1 26     0.68421348
1981  1 27     2.81288233
1981  1 28     4.24006921
1981  1 29     4.71992327
1981  1 30     2.39686576
1981  1 31     1.11981622
1981  2  1     0.80208980
1981  2  2     0.63152017
1981  2  3     0.51797720
1981  2  4     0.44511547
1981  2  5     0.39526060
1981  2  6     0.36561091
1981  2  7     0.35316015
1981  2  8     0.35284361
1981  2  9     0.98835011
1981  2 10     0.54086089
1981  2 11     0.50319686
1981  2 12     0.44497080
1981  2 13     0.69982564
1981  2 14     1.86436266
1981  2 15     1.20355528
1981  2 16     0.87386602
1981  2 17     1.08406977
1981  2 18     0.94791079
1981  2 19     0.89183152
1981  2 20     0.82969569
1981  2 21     0.76256128
1981  2 22     0.80390580
1981  2 23     0.83140883
1981  2 24     1.77118063
1981  2 25     1.89578352
1981  2 26     1.11404392
1981  2 27     0.92141078
1981  2 28     0.80726650
1981  3  1     1.09822068
1981  3  2     0.98669370
1981  3  3     0.81116883
1981  3  4     0.74460626
1981  3  5     1.46085449
1981  3  6     0.80702996
1981  3  7     0.71779226
1981  3  8     0.70768603
1981  3  9     0.72668240
1981  3 10     0.73989230
1981  3 11     0.75870943
1981  3 12     0.76785323
1981  3 13     1.03954482
1981  3 14     0.75146126
1981  3 15     1.08983079
1981  3 16     1.40384131
1981  3 17     0.93608951
1981  3 18     0.84039689
1981  3 19     3.11104026
1981  3 20     4.96055110
1981  3 21     3.08646697
1981  3 22     2.95839887
1981  3 23     2.97492668
1981  3 24     1.84732659
1981  3 25     3.21444485
1981  3 26     9.76061641
1981  3 27     4.20661859
1981  3 28     2.54017267
1981  3 29     2.35234758
1981  3 30     1.99387427
1981  3 31     1.76585956
1981  4  1     1.91972918
1981  4  2     1.72240346
1981  4  3     1.51464489
1981  4  4     1.47289352
1981  4  5     1.61645971
1981  4  6     1.77872182
1981  4  7     1.69887698
1981  4  8     1.57609673
1981  4  9     1.58177169
1981  4 10     1.61726584
1981  4 11     1.51333341
1981  4 12     1.40544071
1981  4 13     1.51279440
1981  4 14     1.77182398
1981  4 15     2.09767451
1981  4 16     2.20393951
1981  4 17     2.29356292
1981  4 18     2.45554552
1981  4 19     4.27143453
1981  4 20     3.55013360
1981  4 21     2.42238304
1981  4 22     2.67525762
1981  4 23     3.12389353
1981  4 24     3.35963213
1981  4 25     3.16457412
1981  4 26     3.48191011
1981  4 27     2.74774727
1981  4 28     2.86305688
1981  4 29     3.65506311
1981  4 30     4.15140253
1981  5  1     3.95029281
1981  5  2     3.54455459
1981  5  3     2.98264565
1981  5  4     2.63391813
1981  5  5     2.49666869
1981  5  6     2.27637791
1981  5  7     2.11810671
1981  5  8     2.12722051
1981  5  9     2.25600889
1981  5 10     2.36759247
1981  5 11     2.42528415
1981  5 12     2.44739047
1981  5 13     2.40837851
1981  5 14     2.34971206
1981  5 15     2.09891468
1981  5 16     1.90233489
1981  5 17     1.70938775
1981  5 18     1.98862321
1981  5 19     2.67099822
1981  5 20     1.96741039
1981  5 21     1.62014632
1981  5 22     1.60789566
1981  5 23     1.67535107
1981  5 24     1.80739563
1981  5 25     1.83435863
1981  5 26     1.84275724
1981  5 27     1.79986892
1981  5 28     1.63073930
1981  5 29     1.53354910
1981  5 30     1.46653157
1981  5 31     1.39688465
1981  6  1     1.30830802
1981  6  2     1.21438147
1981  6  3     1.14910830
1981  6  4     1.09969404
1981  6  5     1.05570083
1981  6  6     1.01669356
1981  6  7     0.98066686
1981  6  8     0.94667594
1981  6  9     0.91453515
1981  6 10     0.88413773
1981  6 11     0.85521726
1981  6 12     0.82770850
1981  6 13     0.80176806
1981  6 14     0.77642556
1981  6 15     0.75139105
1981  6 16     0.72747967
1981  6 17     0.70472689
1981  6 18     0.68288609
1981  6 19     0.66154287
1981  6 20     0.64116566
1981  6 21     0.62159198
1981  6 22     0.60251310
1981  6 23     0.58442427
1981  6 24     0.56675667
1981  6 25     0.54965119
1981  6 26     0.53312784
1981  6 27     0.51707509
1981  6 28     0.50156831
1981  6 29     0.49957695
1981  6 30     0.47908532
1981  7  1     0.45842682
1981  7  2     0.44460323
1981  7  3     0.43109343
1981  7  4     0.41810137
1981  7  5     0.40608246
1981  7  6     0.41543999
1981  7  7     0.38922784
1981  7  8     0.37139351
1981  7  9     0.36016216
1981  7 10     0.34943878
1981  7 11     0.33933052
1981  7 12     0.32936268
1981  7 13     0.31949584
1981  7 14     0.30981065
1981  7 15     0.30017356
1981  7 16     0.29115317
1981  7 17     0.28246379
1981  7 18     0.27426018
1981  7 19     0.26607638
1981  7 20     0.25805479
1981  7 21     0.25041077
1981  7 22     0.24302695
1981  7 23     0.23585972
1981  7 24     0.22890597
1981  7 25     0.22215592
1981  7 26     0.21560512
1981  7 27     0.20924849
1981  7 28     0.20307978
1981  7 29     0.19709312
1981  7 30     0.19128211
1981  7 31     0.18564256
1981  8  1     0.18017006
1981  8  2     0.17485850
1981  8  3     0.16970356
1981  8  4     0.16470083
1981  8  5     0.15984561
1981  8  6     0.15513470
1981  8  7     0.15056149
1981  8  8     0.14612241
1981  8  9     0.14181444
1981  8 10     0.13763385
1981  8 11     0.13357711
1981  8 12     0.12963952
1981  8 13     0.13500957
1981  8 14     0.12677661
1981  8 15     0.11850973
1981  8 16     0.11501606
1981  8 17     0.11162541
1981  8 18     0.10833495
1981  8 19     0.10514146
1981  8 20     0.10204215
1981  8 21     0.09903420
1981  8 22     0.09611492
1981  8 23     0.09328169
1981  8 24     0.09053198
1981  8 25     0.08786332
1981  8 26     0.08527333
1981  8 27     0.08275968
1981  8 28     0.08032013
1981  8 29     0.07795250
1981  8 30     0.07565465
1981  8 31     0.07342454
1981  9  1     0.07126017
1981  9  2     0.06915959
1981  9  3     0.06712094
1981  9  4     0.06514238
1981  9  5     0.06322215
1981  9  6     0.06135852
1981  9  7     0.05954982
1981  9  8     0.05779444
1981  9  9     0.05609080
1981  9 10     0.05443738
1981  9 11     0.05283271
1981  9 12     0.05127533
1981  9 13     0.06183175
1981  9 14     0.05357228
1981  9 15     0.04759527
1981  9 16     0.04581098
1981  9 17     0.04452887
1981  9 18     0.04306711
1981  9 19     0.04158606
1981  9 20     0.04036020
1981  9 21     0.03917048
1981  9 22     0.03801583
1981  9 23     0.03689522
1981  9 24     0.03580764
1981  9 25     0.26046277
1981  9 26     0.12022637
1981  9 27     0.03490518
1981  9 28     0.03296182
1981  9 29     0.03150621
1981  9 30     0.03026099
1981 10  1     0.02911208
1981 10  2     0.04738610
1981 10  3     0.12940214
1981 10  4     0.08527078
1981 10  5     0.03710286
1981 10  6     0.02722425
1981 10  7     0.21328223
1981 10  8     0.16257911
1981 10  9     0.05872088
1981 10 10     0.38212759
1981 10 11     0.55378301
1981 10 12     0.23923944
1981 10 13     0.07530009
1981 10 14     0.03176181
1981 10 15     0.03028971
1981 10 16     0.03013256
1981 10 17     0.02616052
1981 10 18     0.02343778
1981 10 19     0.01937859
1981 10 20     0.01655571
1981 10 21     0.01596722
1981 10 22     0.01549289
1981 10 23     0.01503620
1981 10 24     0.01459297
1981 10 25     0.01416281
1981 10 26     0.01374532
1981 10 27     0.42537908
1981 10 28     1.76192913
1981 10 29     1.01587797
1981 10 30     0.26003196
1981 10 31     0.09836972
1981 11  1     0.06879845
1981 11  2     0.06718279
1981 11  3     0.06984045
1981 11  4     0.06342776
1981 11  5     0.05756494
1981 11  6     0.16467021
1981 11  7     0.10450791
1981 11  8     0.05066358
1981 11  9     0.04410722
1981 11 10     0.04134369
1981 11 11     0.03589021
1981 11 12     0.16994329
1981 11 13     3.09913645
1981 11 14     9.37520375
1981 11 15     4.00980567
1981 11 16     1.90291649
1981 11 17     5.65645930
1981 11 18     3.21181690
1981 11 19     1.73126564
1981 11 20     1.50767998
1981 11 21     1.68834959
1981 11 22     6.82449751
1981 11 23     4.72164148
1981 11 24     5.97434166
1981 11 25     3.92073455
1981 11 26     2.82362615
1981 11 27     2.85686321
1981 11 28     2.53262762
1981 11 29     2.08893947
1981 11 30     1.87895586
1981 12  1     1.72684051
1981 12  2     1.61110659
1981 12  3     1.52270489
1981 12  4     1.45354694
1981 12  5     1.39094137
1981 12  6     1.33548584
1981 12  7     1.28156452
1981 12  8     1.23264157
1981 12  9     1.23331073
1981 12 10     1.36211082
1981 12 11     1.18361693
1981 12 12     1.13386211
1981 12 13     2.00570145
1981 12 14     1.50287412
1981 12 15     1.30765361
1981 12 16     1.19983786
1981 12 17     1.12083832
1981 12 18     1.10476127
1981 12 19     9.07597183
1981 12 20    19.32775858
1981 12 21    15.53891499
1981 12 22     7.68585545
1981 12 23     4.98332709
1981 12 24     4.21020378
1981 12 25     3.66572053
1981 12 26     3.27641692
1981 12 27     5.18951061
1981 12 28     4.45158154
1981 12 29     7.66341265
1981 12 30    10.79665714
1981 12 31     6.07412082
1982  1  1     9.99188754
1982  1  2     7.60313094
1982  1  3     7.32840228
1982  1  4    12.31801082
1982  1  5    17.37428209
1982  1  6     6.96458026
1982  1  7     4.41767721
1982  1  8     3.78393882
1982  1  9     3.35623933
1982  1 10     3.06464405
1982  1 11     2.85594203
1982  1 12     2.68527064
1982  1 13     2.55923508
1982  1 14     2.45858418
1982  1 15     2.39286697
1982  1 16     2.34438152
1982  1 17     2.26079570
1982  1 18     2.61470578
1982  1 19     3.85874215
1982  1 20     4.67446857
1982  1 21     3.89514876
1982  1 22     2.38163835
1982  1 23     2.06258982
1982  1 24     1.92744372
1982  1 25     2.00107891
1982  1 26     4.40114061
1982  1 27     4.87483048
1982  1 28     5.10711779
1982  1 29     3.08385346
1982  1 30     2.44515884
1982  1 31     2.24677886
1982  2  1     2.10467941
1982  2  2     2.01343275
1982  2  3     1.92576032
1982  2  4     1.80436012
1982  2  5     1.70539969
1982  2  6     1.64081584
1982  2  7     1.58500868
1982  2  8     1.54273434
1982  2  9     1.50486491
1982  2 10     1.43496818
1982  2 11     1.39457380
1982  2 12     1.38526569
1982  2 13     2.22714254
1982  2 14    14.20159101
1982  2 15    33.69919023
1982  2 16    33.92460739
1982  2 17    15.91265960
1982  2 18     8.45310457
1982  2 19     7.07543781
1982  2 20     6.43921775
1982  2 21     6.05899294
1982  2 22     5.58342070
1982  2 23     4.96537603
1982  2 24     4.60876121
1982  2 25     4.36262957
1982  2 26     4.14424368
1982  2 27     3.93293719
1982  2 28     3.85468511
1982  3  1     7.47705861
1982  3  2    11.87721608
1982  3  3     9.87471730
1982  3  4     5.52225816
1982  3  5     4.67664274
1982  3  6     4.30434784
1982  3  7     4.10042422
1982  3  8     4.05968559
1982  3  9     4.59259557
1982  3 10     9.86643159
1982  3 11    17.18857986
1982  3 12    10.82967704
1982  3 13     7.83198931
1982  3 14    16.73197183
1982  3 15    11.61795653
1982  3 16     9.16212721
1982  3 17     7.84031984
1982  3 18     6.97411975
1982  3 19     5.80649707
1982  3 20     4.89482775
1982  3 21     4.51196213
1982  3 22     4.25637460
1982  3 23     4.12260366
1982  3 24     4.15923486
1982  3 25     4.88926183
1982  3 26     5.80761443
1982  3 27     5.37183243
1982  3 28    10.78988983
1982  3 29    10.47428183
1982  3 30    10.11075610
1982  3 31    13.51090785
1982  4  1     9.69893726
1982  4  2     6.32910263
1982  4  3     6.17835498
1982  4  4     8.59688821
1982  4  5     5.44424291
1982  4  6     5.07025155
1982  4  7     4.05461040
1982  4  8     3.79468984
1982  4  9     3.92236039
1982  4 10     9.34462135
1982  4 11    35.97268097
1982  4 12    21.98804420
1982  4 13    10.12594614
1982  4 14     7.52937617
1982  4 15     6.62526790
1982  4 16     6.06592043
1982  4 17     6.03396586
1982  4 18     6.42250614
1982  4 19     6.80078896
1982  4 20     6.72473127
1982  4 21     6.70984645
1982  4 22     6.88337473
1982  4 23     7.16781594
1982  4 24     7.09413714
1982  4 25     7.03638431
1982  4 26     7.24260558
1982  4 27     7.41809928
1982  4 28     7.52531410
1982  4 29     7.55572870
1982  4 30     7.42387313
1982  5  1     7.35180226
1982  5  2     7.35218200
1982  5  3     7.53982910
1982  5  4     7.57229749
1982  5  5     7.49802084
1982  5  6     7.55314946
1982  5  7     7.64022396
1982  5  8     7.39904703
1982  5  9     6.45389144
1982  5 10     5.44430091
1982  5 11     5.05733369
1982  5 12     5.02723524
1982  5 13     5.40059365
1982  5 14     5.77299351
1982  5 15     6.01817047
1982  5 16     6.41097974
1982  5 17     6.40296497
1982  5 18     5.68449803
1982  5 19     5.50592648
1982  5 20     5.84056027
1982  5 21     6.17878370
1982  5 22     6.41541712
1982  5 23     6.75090017
1982  5 24     7.12026869
1982  5 25     7.26242033
1982  5 26     7.13550503
1982  5 27     6.45944312
1982  5 28     5.58200317
1982  5 29     5.16577540
1982  5 30     4.97976449
1982  5 31     4.81490496
1982  6  1     4.67286748
1982  6  2     4.50252302
1982  6  3     4.30757708
1982  6  4     4.10000968
1982  6  5     3.80217697
1982  6  6     3.63833682
1982  6  7     3.69673241
1982  6  8     3.85620670
1982  6  9     4.29999482
1982  6 10     4.74731644
1982  6 11     4.87662876
1982  6 12     4.61382805
1982  6 13     4.13343876
1982  6 14     4.08336194
1982  6 15     4.31530917
1982  6 16     4.59334912
1982  6 17     4.81179796
1982  6 18     4.78880735
1982  6 19     4.65555417
1982  6 20     4.43126771
1982  6 21     4.21340995
1982  6 22     4.21894055
1982  6 23     4.02820136
1982  6 24     3.75358673
1982  6 25     3.53212675
1982  6 26     3.41789556
1982  6 27     3.39982552
1982  6 28     3.51861127
1982  6 29     3.56185539
1982  6 30     3.04174885
1982  7  1     2.64391755
1982  7  2     2.56818819
1982  7  3     2.51691157
1982  7  4     2.41013742
1982  7  5     2.32937679
1982  7  6     2.26540348
1982  7  7     2.20042476
1982  7  8     2.13076323
1982  7  9     2.01920914
1982  7 10     1.88159886
1982  7 11     1.76975911
1982  7 12     1.69874245
1982  7 13     1.64350846
1982  7 14     1.59048412
1982  7 15     1.54006062
1982  7 16     1.48999741
1982  7 17     1.43435396
1982  7 18     1.38150430
1982  7 19     1.33480123
1982  7 20     1.29046380
1982  7 21     1.24918923
1982  7 22     1.21029730
1982  7 23     1.17270587
1982  7 24     1.13641304
1982  7 25     1.10136492
1982  7 26     1.06845195
1982  7 27     1.03553627
1982  7 28     1.00400931
1982  7 29     0.97357988
1982  7 30     0.94372425
1982  7 31     0.91518065
1982  8  1     0.88840686
1982  8  2     0.86300541
1982  8  3     0.83799807
1982  8  4     0.81343216
1982  8  5     0.78895819
1982  8  6     0.76469316
1982  8  7     0.74516148
1982  8  8     0.72369580
1982  8  9     0.69854240
1982  8 10     0.67799079
1982  8 11     0.65848414
1982  8 12     0.63904084
1982  8 13     0.61973639
1982  8 14     0.60149280
1982  8 15     0.58421618
1982  8 16     0.56671902
1982  8 17     0.54933173
1982  8 18     0.53266391
1982  8 19     0.51684628
1982  8 20     0.50126053
1982  8 21     0.48570675
1982  8 22     0.47129818
1982  8 23     0.45729079
1982  8 24     0.44369128
1982  8 25     0.43069203
1982  8 26     0.41837504
1982  8 27     0.41625564
1982  8 28     0.40333755
1982  8 29     0.38789908
1982  8 30     0.37418429
1982  8 31     0.36127884
1982  9  1     0.35024161
1982  9  2     0.33931080
1982  9  3     0.32898908
1982  9  4     0.31941035
1982  9  5     0.31009147
1982  9  6     0.30052132
1982  9  7     0.29186279
1982  9  8     0.28310905
1982  9  9     0.27457322
1982  9 10     0.26704069
1982  9 11     0.25979159
1982  9 12     0.25207917
1982  9 13     0.24468163
1982  9 14     0.23806631
1982  9 15     0.37591818
1982  9 16     0.96104838
1982  9 17     0.53994302
1982  9 18     0.35008562
1982  9 19     0.31519588
1982  9 20     0.23472617
1982  9 21     0.19737558
1982  9 22     0.18903435
1982  9 23     0.44814672
1982  9 24     1.02688967
1982  9 25     1.52775749
1982  9 26     1.74261221
1982  9 27     0.80183842
1982  9 28     0.35939982
1982  9 29     0.31533972
1982  9 30     0.27078791
1982 10  1     0.24044520
1982 10  2     0.22552525
1982 10  3     0.21343864
1982 10  4     0.20356668
1982 10  5     0.19514398
1982 10  6     0.19454885
1982 10  7     0.33489846
1982 10  8     0.21182122
1982 10  9     0.16949848
1982 10 10     0.16237375
1982 10 11     0.15645769
1982 10 12     0.15098257
1982 10 13     0.14566966
1982 10 14     0.14094176
1982 10 15     0.13978605
1982 10 16     0.13354655
1982 10 17     0.12778109
1982 10 18     0.12415191
1982 10 19     0.12022979
1982 10 20     0.11629638
1982 10 21     0.13753389
1982 10 22     0.62576364
1982 10 23     0.78221812
1982 10 24     3.44872763
1982 10 25     5.93303004
1982 10 26     5.70861017
1982 10 27     3.04322597
1982 10 28     1.60757885
1982 10 29     1.64629354
1982 10 30     5.87782928
1982 10 31     4.21573703
1982 11  1     2.17563528
1982 11  2     1.79163904
1982 11  3     1.59416408
1982 11  4     1.44450140
1982 11  5     1.33346452
1982 11  6     1.24788540
1982 11  7     1.17712504
1982 11  8     1.18128605
1982 11  9     1.47653464
1982 11 10     1.87553343
1982 11 11     1.26321293
1982 11 12     1.05659419
1982 11 13     0.97209649
1982 11 14     0.92089621
1982 11 15     0.87420732
1982 11 16     0.84883111
1982 11 17     1.14271903
1982 11 18     7.46365374
1982 11 19     9.83376749
1982 11 20     3.90109161
1982 11 21     2.75707218
1982 11 22     3.73683246
1982 11 23     2.55991429
1982 11 24     2.03387852
1982 11 25     1.79522784
1982 11 26     1.62331578
1982 11 27     1.50418382
1982 11 28     3.26956850
1982 11 29    10.24793850
1982 11 30    12.76446044
1982 12  1     7.49529950
1982 12  2     3.94987140
1982 12  3     3.10412793
1982 12  4     2.65908485
1982 12  5     2.34007826
1982 12  6     2.11556224
1982 12  7     1.94837348
1982 12  8     1.82219683
1982 12  9     1.72587902
1982 12 10     1.64490161
1982 12 11     1.57392428
1982 12 12     1.52368274
1982 12 13     1.96506535
1982 12 14     1.58423861
1982 12 15     1.46490746
1982 12 16     1.41855650
1982 12 17     2.86550404
1982 12 18     2.00389224
1982 12 19     1.61786575
1982 12 20     2.54238273
1982 12 21    12.32377917
1982 12 22    21.38747555
1982 12 23    18.20324520
1982 12 24     6.75861779
1982 12 25     4.63548202
1982 12 26     3.89297293
1982 12 27     3.37162275
1982 12 28     3.00728943
1982 12 29     2.74341455
1982 12 30     2.54568477
1982 12 31     2.39114439
1983  1  1     2.26658564
1983  1  2     2.16138086
1983  1  3     2.06975074
1983  1  4     1.98856571
1983  1  5     1.91444417
1983  1  6     1.84642557
1983  1  7     1.78425701
1983  1  8     1.73320081
1983  1  9     1.68020231
1983  1 10     1.63997301
1983  1 11     1.60053496
1983  1 12     1.56026273
1983  1 13     1.51638958
1983  1 14     1.48236815
1983  1 15     1.44820630
1983  1 16     1.62406440
1983  1 17     1.69166621
1983  1 18     2.79624796
1983  1 19     5.06178820
1983  1 20     2.86800184
1983  1 21     2.13992055
1983  1 22     6.49485656
1983  1 23     9.56600661
1983  1 24    13.86247458
1983  1 25     6.91382819
1983  1 26     8.22746507
1983  1 27    15.07980527
1983  1 28     8.07639421
1983  1 29     9.65389852
1983  1 30     5.54752819
1983  1 31     3.97824166
1983  2  1     3.45448773
1983  2  2     3.09645989
1983  2  3     2.82997307
1983  2  4     2.65277871
1983  2  5     2.50305342
1983  2  6     3.49613266
1983  2  7    13.53708596
1983  2  8    13.97784043
1983  2  9     6.66061294
1983  2 10     4.16425041
1983  2 11     3.52833156
1983  2 12     3.76170234
1983  2 13    10.78903008
1983  2 14     5.26272628
1983  2 15     3.60018569
1983  2 16     3.21798607
1983  2 17     3.39936907
1983  2 18     8.23802249
1983  2 19     7.65590554
1983  2 20     4.15555658
1983  2 21     3.55491259
1983  2 22     3.40275698
1983  2 23     3.24739129
1983  2 24     3.01014497
1983  2 25     3.73026897
1983  2 26     8.99099847
1983  2 27    13.29813572
1983  2 28    12.35378455
1983  3  1    16.39265434
1983  3  2    14.38819242
1983  3  3     9.81664940
1983  3  4     8.57685605
1983  3  5     6.21803180
1983  3  6     5.06934624
1983  3  7     6.53067782
1983  3  8     5.42208727
1983  3  9     4.59113693
1983  3 10     4.54878696
1983  3 11     6.96375323
1983  3 12     8.46630342
1983  3 13    25.12869857
1983  3 14    16.43749672
1983  3 15     7.95748915
1983  3 16     7.04261883
1983  3 17     8.57133280
1983  3 18     9.55277262
1983  3 19     5.81982325
1983  3 20     5.08975976
1983  3 21     7.78314050
1983  3 22     5.27620647
1983  3 23     6.43432517
1983  3 24     9.15007419
1983  3 25     9.68310693
1983  3 26     5.20160243
1983  3 27     5.45939163
1983  3 28     5.28859943
1983  3 29     4.17917696
1983  3 30     4.03334944
1983  3 31     5.63033330
1983  4  1     4.75128466
1983  4  2     4.81119593
1983  4  3     4.09571521
1983  4  4     3.62585003
1983  4  5     3.43702074
1983  4  6     3.29802423
1983  4  7     3.23050715
1983  4  8     3.28685157
1983  4  9     3.40006631
1983  4 10     3.30853816
1983  4 11     3.01715419
1983  4 12     2.86360098
1983  4 13     2.77246108
1983  4 14     2.65977330
1983  4 15     2.67283118
1983  4 16     2.99748299
1983  4 17     3.44647762
1983  4 18     3.42982484
1983  4 19     3.58151487
1983  4 20     5.43780014
1983  4 21     4.57506256
1983  4 22     3.81064790
1983  4 23     5.09025605
1983  4 24     5.62993996
1983  4 25     6.42117279
1983  4 26     4.33161094
1983  4 27     4.60620403
1983  4 28     9.26894859
1983  4 29    13.18432967
1983  4 30    10.65263586
1983  5  1     8.33909289
1983  5  2     4.98809722
1983  5  3     4.60991570
1983  5  4     4.63175689
1983  5  5     4.40773545
1983  5  6     5.26820567
1983  5  7     4.28994856
1983  5  8     3.96547258
1983  5  9     3.61634111
1983  5 10     3.41014732
1983  5 11     3.39767238
1983  5 12     3.55652721
1983  5 13     4.06808688
1983  5 14     4.45807343
1983  5 15     4.49835737
1983  5 16     4.34807239
1983  5 17     4.70961917
1983  5 18     5.45283112
1983  5 19     5.93489530
1983  5 20     6.48275299
1983  5 21     7.03839856
1983  5 22     7.50053293
1983  5 23     8.06456113
1983  5 24     8.83176847
1983  5 25     9.41021146
1983  5 26    10.00306586
1983  5 27    10.48714430
1983  5 28    11.09199649
1983  5 29    11.10994019
1983  5 30    10.49200039
1983  5 31     9.28940783
1983  6  1     8.19809853
1983  6  2     7.48733076
1983  6  3     7.36736956
1983  6  4     7.73159006
1983  6  5     8.28351743
1983  6  6     9.08202732
1983  6  7     9.76446955
1983  6  8     9.69853600
1983  6  9     9.63419671
1983  6 10     9.85441944
1983  6 11     9.76154044
1983  6 12     8.92289857
1983  6 13     8.88293399
1983  6 14     9.46250392
1983  6 15     9.84512998
1983  6 16    10.08295165
1983  6 17    10.28364321
1983  6 18     9.71861025
1983  6 19     8.94097218
1983  6 20     8.40417805
1983  6 21     8.17137073
1983  6 22     8.30227096
1983  6 23     8.49417110
1983  6 24     8.50782675
1983  6 25     8.52962114
1983  6 26     8.43616520
1983  6 27     8.04275417
1983  6 28     7.77154469
1983  6 29     7.57170075
1983  6 30     7.28401194
1983  7  1     7.12792180
1983  7  2     6.90810302
1983  7  3     6.91095829
1983  7  4     7.26240493
1983  7  5     7.64378047
1983  7  6     7.61020651
1983  7  7     7.05686538
1983  7  8     6.30932908
1983  7  9     5.68246007
1983  7 10     5.66361546
1983  7 11     6.02546518
1983  7 12     6.21147005
1983  7 13     6.19404910
1983  7 14     6.01479395
1983  7 15     5.62262609
1983  7 16     5.18361746
1983  7 17     4.81190823
1983  7 18     4.51015796
1983  7 19     4.28722617
1983  7 20     4.13284533
1983  7 21     4.12382328
1983  7 22     4.18010373
1983  7 23     4.14438830
1983  7 24     3.96244062
1983  7 25     3.65811071
1983  7 26     3.42048210
1983  7 27     3.29703361
1983  7 28     3.20972072
1983  7 29     3.17277105
1983  7 30     3.05771076
1983  7 31     2.87558233
1983  8  1     2.71933948
1983  8  2     2.58193904
1983  8  3     2.44510850
1983  8  4     2.31892856
1983  8  5     2.17835760
1983  8  6     2.05516172
1983  8  7     1.97653886
1983  8  8     1.90767565
1983  8  9     1.86810316
1983  8 10     1.78845205
1983  8 11     1.71207612
1983  8 12     1.65604018
1983  8 13     1.60319784
1983  8 14     1.57122744
1983  8 15     1.56309725
1983  8 16     1.48180268
1983  8 17     1.41614459
1983  8 18     1.37398136
1983  8 19     1.45415847
1983  8 20     1.43973526
1983  8 21     1.32637720
1983  8 22     1.24912245
1983  8 23     1.19761815
1983  8 24     1.15284514
1983  8 25     1.11347086
1983  8 26     1.07971388
1983  8 27     1.04673430
1983  8 28     1.01486454
1983  8 29     0.98463914
1983  8 30     0.95699447
1983  8 31     1.24383453
1983  9  1     1.91630963
1983  9  2     1.23945736
1983  9  3     0.89843648
1983  9  4     0.86032364
1983  9  5     0.82948841
1983  9  6     0.80171870
1983  9  7     0.77626091
1983  9  8     0.75263111
1983  9  9     0.73016823
1983  9 10     0.70756859
1983  9 11     0.68538975
1983  9 12     0.66411037
1983  9 13     0.64379332
1983  9 14     0.62465796
1983  9 15     0.60593508
1983  9 16     0.58779615
1983  9 17     0.57039757
1983  9 18     0.55366744
1983  9 19     0.53740806
1983  9 20     0.52134811
1983  9 21     0.52166311
1983  9 22     0.58887999
1983  9 23     0.53872318
1983  9 24     0.47411099
1983  9 25     0.45422210
1983  9 26     0.46156984
1983  9 27     0.46777714
1983  9 28     0.45482795
1983  9 29     0.87047851
1983  9 30     1.60248615
1983 10  1     0.99264520
1983 10  2     0.69661718
1983 10  3     0.66073622
1983 10  4     0.53571355
1983 10  5     0.46797409
1983 10  6     0.44556601
1983 10  7     0.42834079
1983 10  8     0.40624444
1983 10  9     0.39555754
1983 10 10     0.37506530
1983 10 11     0.35838861
1983 10 12     0.34527818
1983 10 13     0.33339648
1983 10 14     0.32294229
1983 10 15     0.31236968
1983 10 16     0.30211001
1983 10 17     0.29231715
1983 10 18     0.28290209
1983 10 19     0.27371888
1983 10 20     0.26487779
1983 10 21     0.25654451
1983 10 22     0.24858757
1983 10 23     0.26388842
1983 10 24     0.25002928
1983 10 25     0.22892139
1983 10 26     0.21983474
1983 10 27     0.21280420
1983 10 28     0.20628744
1983 10 29     0.23484072
1983 10 30     0.52384711
1983 10 31     0.98801046
1983 11  1     1.86193242
1983 11  2     1.19955681
1983 11  3     0.59272809
1983 11  4     0.41197083
1983 11  5     0.35864936
1983 11  6     0.33253294
1983 11  7     0.37346003
1983 11  8     0.30998326
1983 11  9     0.35070625
1983 11 10     1.57803085
1983 11 11     8.06320453
1983 11 12     4.37416531
1983 11 13     2.62317828
1983 11 14     2.82102203
1983 11 15     1.73293113
1983 11 16     4.84793489
1983 11 17    15.46919667
1983 11 18    10.37230607
1983 11 19     6.28655966
1983 11 20     8.50382449
1983 11 21     5.23324716
1983 11 22     3.75755762
1983 11 23     3.26879083
1983 11 24     9.49240261
1983 11 25     9.98806789
1983 11 26     4.84541782
1983 11 27     3.66954652
1983 11 28     3.35093474
1983 11 29     2.92484972
1983 11 30     2.67188173
1983 12  1     2.49742849
1983 12  2     2.92952917
1983 12  3     5.73410421
1983 12  4     9.29183493
1983 12  5     4.19586792
1983 12  6     3.06482634
1983 12  7     2.72186226
1983 12  8     2.52387091
1983 12  9     3.66668169
1983 12 10    11.01093677
1983 12 11     6.96400804
1983 12 12     5.32335566
1983 12 13     3.52324310
1983 12 14     3.03788672
1983 12 15     2.72600201
1983 12 16     2.54485715
1983 12 17     3.16834710
1983 12 18     2.57917984
1983 12 19     2.32537028
1983 12 20     2.21111383
1983 12 21     2.14831856
1983 12 22     2.54349885
1983 12 23     4.30460452
1983 12 24     5.78171433
1983 12 25    23.40914052
1983 12 26    21.82419529
1983 12 27    14.40534559
1983 12 28     7.32507478
1983 12 29     5.70341406
1983 12 30     6.35015154
1983 12 31     5.81758993
1984  1  1     4.49358605
1984  1  2     3.93866236
1984  1  3     3.61658569
1984  1  4     3.36235100
1984  1  5     3.16501328
1984  1  6     3.00301233
1984  1  7     2.86814504
1984  1  8     2.74675781
1984  1  9     2.64243072
1984  1 10     2.54639959
1984  1 11     2.44513983
1984  1 12     2.35742981
1984  1 13     2.27770941
1984  1 14     2.20176297
1984  1 15     2.12987941
1984  1 16     2.41188444
1984  1 17     2.06917726
1984  1 18     1.96744142
1984  1 19     1.89743971
1984  1 20     1.83438639
1984  1 21     1.78000842
1984  1 22     1.72517626
1984  1 23     1.67436791
1984  1 24     1.62846260
1984  1 25     1.59903322
1984  1 26     1.55962433
1984  1 27     1.51438493
1984  1 28     1.50401349
1984  1 29     1.50447105
1984  1 30     1.48691945
1984  1 31     1.46428389
1984  2  1     1.44326082
1984  2  2     1.37531999
1984  2  3     1.39023165
1984  2  4     1.40289215
1984  2  5     1.39394860
1984  2  6     1.35837667
1984  2  7     1.32789273
1984  2  8     1.37342840
1984  2  9     2.26172051
1984  2 10     2.39670102
1984  2 11     1.49310157
1984  2 12     1.44833901
1984  2 13     2.60879043
1984  2 14     2.82525420
1984  2 15     3.73947214
1984  2 16     4.45584712
1984  2 17     2.71168178
1984  2 18     1.89823442
1984  2 19     1.69127021
1984  2 20     2.16579987
1984  2 21     4.52410254
1984  2 22     2.53629626
1984  2 23     1.80750839
1984  2 24     1.64121781
1984  2 25     1.58140635
1984  2 26     1.38661190
1984  2 27     1.32413515
1984  2 28     1.32864275
1984  2 29     1.31159295
1984  3  1     1.37928115
1984  3  2     1.42940882
1984  3  3     1.49084172
1984  3  4     1.49673261
1984  3  5     1.51094764
1984  3  6     1.51455054
1984  3  7     1.57176237
1984  3  8     1.62049639
1984  3  9     1.66091977
1984  3 10     1.70494265
1984  3 11     1.69330029
1984  3 12     1.63229024
1984  3 13     4.39167431
1984  3 14     8.61221134
1984  3 15     6.29570772
1984  3 16     6.19341117
1984  3 17     5.24599826
1984  3 18     3.36611785
1984  3 19     2.99555505
1984  3 20     3.21461747
1984  3 21     3.22530972
1984  3 22     3.00287659
1984  3 23     3.00310744
1984  3 24     3.00186201
1984  3 25     3.02371766
1984  3 26     3.23272134
1984  3 27     2.90067589
1984  3 28     2.82077707
1984  3 29     2.63664206
1984  3 30     2.42783766
1984  3 31     2.67874204
1984  4  1     2.27786403
1984  4  2     2.02484858
1984  4  3     1.95215399
1984  4  4     1.98661039
1984  4  5     1.99875485
1984  4  6     1.91394948
1984  4  7     1.99495301
1984  4  8     2.67786403
1984  4  9     2.25215707
1984  4 10     2.30074522
1984  4 11     2.05253911
1984  4 12     1.99987041
1984  4 13     2.28034477
1984  4 14     2.92242361
1984  4 15     3.48358487
1984  4 16     3.71939337
1984  4 17     3.64000587
1984  4 18     3.48640081
1984  4 19     3.37873613
1984  4 20     2.88950457
1984  4 21     2.61812314
1984  4 22     3.06405500
1984  4 23     3.29975116
1984  4 24     3.14589712
1984  4 25     2.53716203
1984  4 26     2.19946214
1984  4 27     2.05099126
1984  4 28     1.92070695
1984  4 29     1.86435279
1984  4 30     1.94903933
1984  5  1     2.18462442
1984  5  2     4.10116494
1984  5  3     3.91023112
1984  5  4     3.47769819
1984  5  5     2.94594741
1984  5  6     2.83274252
1984  5  7     3.43953593
1984  5  8     4.36592506
1984  5  9     4.91449096
1984  5 10     5.01333914
1984  5 11     5.11239183
1984  5 12     5.40710687
1984  5 13     5.66089469
1984  5 14     5.16757124
1984  5 15     3.88810634
1984  5 16     3.32603386
1984  5 17     3.56579843
1984  5 18     4.10623190
1984  5 19     4.84105232
1984  5 20     5.27097884
1984  5 21     5.27598061
1984  5 22     5.57522734
1984  5 23     5.68224662
1984  5 24     5.49485509
1984  5 25     5.27760145
1984  5 26     5.29302541
1984  5 27     5.54175469
1984  5 28     5.86648204
1984  5 29     5.99181501
1984  5 30     5.97991089
1984  5 31     5.49785216
1984  6  1     4.85399971
1984  6  2     4.47317951
1984  6  3     4.14144057
1984  6  4     4.73675966
1984  6  5     4.78606759
1984  6  6     4.01963131
1984  6  7     3.43554292
1984  6  8     3.08836353
1984  6  9     2.95546538
1984  6 10     2.86208167
1984  6 11     2.87242356
1984  6 12     2.88621740
1984  6 13     2.80678670
1984  6 14     2.95713506
1984  6 15     2.74950808
1984  6 16     2.51398775
1984  6 17     2.40537673
1984  6 18     2.29417583
1984  6 19     2.13724633
1984  6 20     1.97595599
1984  6 21     1.86686650
1984  6 22     1.79392479
1984  6 23     1.73413889
1984  6 24     1.68312166
1984  6 25     1.63244146
1984  6 26     1.55396789
1984  6 27     1.47367846
1984  6 28     1.41334695
1984  6 29     1.36259036
1984  6 30     1.31558263
1984  7  1     1.27202339
1984  7  2     1.22818601
1984  7  3     1.18697819
1984  7  4     1.14848913
1984  7  5     1.11179798
1984  7  6     1.07666781
1984  7  7     1.04362518
1984  7  8     1.01182097
1984  7  9     0.98117880
1984  7 10     0.95155525
1984  7 11     0.92243111
1984  7 12     0.89436700
1984  7 13     0.86729709
1984  7 14     0.84080831
1984  7 15     0.81571157
1984  7 16     0.79166583
1984  7 17     0.82420204
1984  7 18     0.78556731
1984  7 19     0.73872755
1984  7 20     0.71125312
1984  7 21     0.68595299
1984  7 22     0.66559153
1984  7 23     0.64746473
1984  7 24     0.63517958
1984  7 25     0.60937817
1984  7 26     0.58595983
1984  7 27     0.56824187
1984  7 28     0.55129758
1984  7 29     0.53524815
1984  7 30     0.51918654
1984  7 31     0.50362699
1984  8  1     0.48849898
1984  8  2     0.47426664
1984  8  3     0.46050817
1984  8  4     0.44683814
1984  8  5     0.43358872
1984  8  6     0.42058338
1984  8  7     0.40812777
1984  8  8     0.39609322
1984  8  9     0.38441311
1984  8 10     0.37307775
1984  8 11     0.36207723
1984  8 12     0.35140139
1984  8 13     0.34104165
1984  8 14     0.33098664
1984  8 15     0.32122792
1984  8 16     0.31175734
1984  8 17     0.30256657
1984  8 18     0.29364656
1984  8 19     0.28498997
1984  8 20     0.27658886
1984  8 21     0.26843471
1984  8 22     0.26052106
1984  8 23     0.25591769
1984  8 24     0.24678611
1984  8 25     0.23841238
1984  8 26     0.23126307
1984  8 27     0.22432013
1984  8 28     0.21770937
1984  8 29     0.21129054
1984  8 30     0.20506079
1984  8 31     0.19901609
1984  9  1     0.19314971
1984  9  2     0.18745633
1984  9  3     0.18193051
1984  9  4     0.17656739
1984  9  5     0.17146435
1984  9  6     0.16657819
1984  9  7     0.16153571
1984  9  8     0.15665057
1984  9  9     0.15203289
1984  9 10     0.14755134
1984  9 11     0.14320189
1984  9 12     0.13898066
1984  9 13     0.13488385
1984  9 14     0.13090781
1984  9 15     0.12704898
1984  9 16     0.12330389
1984  9 17     0.12046655
1984  9 18     0.11804637
1984  9 19     0.14979789
1984  9 20     0.13064095
1984  9 21     0.10746258
1984  9 22     0.10304570
1984  9 23     0.10000368
1984  9 24     0.09705582
1984  9 25     0.09419486
1984  9 26     0.09141823
1984  9 27     0.08872345
1984  9 28     0.08610810
1984  9 29     0.08356985
1984  9 30     0.09476139
1984 10  1     0.20241050
1984 10  2     0.12032644
1984 10  3     0.07517929
1984 10  4     0.07262888
1984 10  5     0.07018259
1984 10  6     0.06792660
1984 10  7     0.06580530
1984 10  8     0.06384223
1984 10  9     0.06195917
1984 10 10     0.10930291
1984 10 11     0.98143998
1984 10 12     0.35466811
1984 10 13     0.10052278
1984 10 14     0.06838913
1984 10 15     0.05738455
1984 10 16     0.64311722
1984 10 17     0.94047801
1984 10 18     0.29817799
1984 10 19     0.26153845
1984 10 20     0.17607920
1984 10 21     0.10722221
1984 10 22     0.07172604
1984 10 23     0.07464626
1984 10 24     0.08666947
1984 10 25     0.08779830
1984 10 26     0.09045717
1984 10 27     0.08145109
1984 10 28     0.04611906
1984 10 29     0.05407481
1984 10 30     0.06781479
1984 10 31     0.04939288
1984 11  1     0.04378788
1984 11  2     0.26280773
1984 11  3     0.66210825
1984 11  4     0.22747119
1984 11  5     0.11723994
1984 11  6     0.36547776
1984 11  7     0.57887408
1984 11  8     1.47977371
1984 11  9     0.60522701
1984 11 10     0.27639528
1984 11 11     0.56443994
1984 11 12     0.44473712
1984 11 13     3.51017305
1984 11 14     2.15921241
1984 11 15     0.81967481
1984 11 16     0.90310601
1984 11 17     0.72312106
1984 11 18     0.88457509
1984 11 19     0.61337623
1984 11 20     0.57759607
1984 11 21     0.90424014
1984 11 22     0.58506854
1984 11 23     0.52664876
1984 11 24     1.49839687
1984 11 25     1.11191578
1984 11 26     0.65424955
1984 11 27     1.10234258
1984 11 28     3.05131743
1984 11 29     1.54198727
1984 11 30     0.84544639
1984 12  1     0.71618845
1984 12  2     0.66788037
1984 12  3     0.62956545
1984 12  4     0.55912821
1984 12  5     0.56737171
1984 12  6     0.50363880
1984 12  7     0.47704458
1984 12  8     0.45794762
1984 12  9     0.46602699
1984 12 10     1.21952256
1984 12 11     0.92066448
1984 12 12     0.67718732
1984 12 13     0.61078772
1984 12 14     0.52929633
1984 12 15     0.60319110
1984 12 16     0.84018735
1984 12 17     0.51106645
1984 12 18     0.48284002
1984 12 19     0.43359213
1984 12 20     0.40256493
1984 12 21     0.37425674
1984 12 22     0.35692592
1984 12 23     0.34444883
1984 12 24     0.33402157
1984 12 25     0.32669566
1984 12 26     0.31689180
1984 12 27     0.30572282
1984 12 28     0.29626479
1984 12 29     0.28651130
1984 12 30     0.27888819
1984 12 31     0.27168571
1985  1  1     0.26869503
1985  1  2     0.26983557
1985  1  3     0.26399916
1985  1  4     0.26482047
1985  1  5     0.26863555
1985  1  6     0.28431917
1985  1  7     1.20820027
1985  1  8     1.23941163
1985  1  9     0.57728136
1985  1 10     0.43883341
1985  1 11     0.36227975
1985  1 12     0.30811559
1985  1 13     0.27319501
1985  1 14     0.25430594
1985  1 15     0.24444632
1985  1 16     0.23972999
1985  1 17     0.23722661
1985  1 18     0.23924506
1985  1 19     0.24058257
1985  1 20     0.24175467
1985  1 21     0.23523269
1985  1 22     0.21762739
1985  1 23     0.20492839
1985  1 24     0.19697567
1985  1 25     0.19204360
1985  1 26     0.23368505
1985  1 27     0.21255533
1985  1 28     0.26621756
1985  1 29     0.41511021
1985  1 30     0.21152493
1985  1 31     0.18183151
1985  2  1     0.16713601
1985  2  2     0.18365452
1985  2  3     0.15594895
1985  2  4     0.35266930
1985  2  5     0.16934056
1985  2  6     0.15457898
1985  2  7     1.06514188
1985  2  8     1.51403638
1985  2  9     1.13246110
1985  2 10     0.75256354
1985  2 11     0.32620077
1985  2 12     0.28703452
1985  2 13     0.34581433
1985  2 14     0.42313173
1985  2 15     0.56231252
1985  2 16     0.62628715
1985  2 17     0.69251334
1985  2 18     0.68863634
1985  2 19     0.72832003
1985  2 20     0.61356129
1985  2 21     0.49513848
1985  2 22     0.69129600
1985  2 23     0.83037281
1985  2 24     0.84681900
1985  2 25     0.83920731
1985  2 26     0.78944321
1985  2 27     0.80704723
1985  2 28     0.81981394
1985  3  1     0.87784626
1985  3  2     1.31853465
1985  3  3     0.76654883
1985  3  4     0.66062617
1985  3  5     0.90252848
1985  3  6     1.61415358
1985  3  7     1.50874192
1985  3  8     0.78830080
1985  3  9     0.68328357
1985  3 10     1.32241027
1985  3 11     2.19251401
1985  3 12     1.37293426
1985  3 13     1.21602297
1985  3 14     1.31667139
1985  3 15     1.33652379
1985  3 16     1.20825851
1985  3 17     1.17296546
1985  3 18     1.39103301
1985  3 19     1.11604074
1985  3 20     1.11017265
1985  3 21     1.06537403
1985  3 22     0.94131217
1985  3 23     0.99234696
1985  3 24     1.08332175
1985  3 25     0.92350407
1985  3 26     1.59342490
1985  3 27     3.78953817
1985  3 28     2.90787266
1985  3 29     1.42941201
1985  3 30     1.24516573
1985  3 31     1.58193383
1985  4  1     2.33697685
1985  4  2     2.60293015
1985  4  3     2.78861902
1985  4  4     2.73287463
1985  4  5     2.81412481
1985  4  6     3.09826182
1985  4  7     3.28730061
1985  4  8     3.44147872
1985  4  9     3.57229860
1985  4 10     3.53552761
1985  4 11     3.40988652
1985  4 12     3.54676103
1985  4 13     3.97924961
1985  4 14     4.47920452
1985  4 15     4.50234063
1985  4 16     4.51254646
1985  4 17     4.74805951
1985  4 18     3.64373261
1985  4 19     3.00983315
1985  4 20     2.75851768
1985  4 21     2.61963099
1985  4 22     2.54710076
1985  4 23     2.77329413
1985  4 24     2.84441721
1985  4 25     2.55809820
1985  4 26     2.41120775
1985  4 27     2.87950190
1985  4 28     3.31156158
1985  4 29     3.48376865
1985  4 30     3.59907772
1985  5  1     3.94652252
1985  5  2     4.16689330
1985  5  3     3.92306001
1985  5  4     3.61670481
1985  5  5     3.54102811
1985  5  6     3.55260412
1985  5  7     3.42946461
1985  5  8     3.20805487
1985  5  9     2.98335113
1985  5 10     2.63190888
1985  5 11     2.42697444
1985  5 12     2.53217464
1985  5 13     2.84547375
1985  5 14     2.95261197
1985  5 15     2.92225665
1985  5 16     2.87682545
1985  5 17     2.80482395
1985  5 18     2.75985098
1985  5 19     2.72499441
1985  5 20     2.66581402
1985  5 21     2.61878053
1985  5 22     2.67122136
1985  5 23     2.65589086
1985  5 24     2.50566949
1985  5 25     2.32067900
1985  5 26     2.15800558
1985  5 27     2.02901884
1985  5 28     1.90368082
1985  5 29     1.80283129
1985  5 30     1.72252006
1985  5 31     1.67636573
1985  6  1     1.61566902
1985  6  2     1.80219511
1985  6  3     1.59491593
1985  6  4     1.46126684
1985  6  5     1.41924915
1985  6  6     1.35762595
1985  6  7     1.28739234
1985  6  8     1.23368877
1985  6  9     1.18824279
1985  6 10     1.14679929
1985  6 11     1.10757315
1985  6 12     1.07051023
1985  6 13     1.03562143
1985  6 14     1.00275345
1985  6 15     0.97087283
1985  6 16     0.93985185
1985  6 17     0.91051916
1985  6 18     0.88245849
1985  6 19     0.85556551
1985  6 20     0.83316394
1985  6 21     0.81445223
1985  6 22     0.78250190
1985  6 23     0.75715368
1985  6 24     0.73453550
1985  6 25     0.71306557
1985  6 26     0.69161593
1985  6 27     0.67019066
1985  6 28     0.64970189
1985  6 29     0.63080250
1985  6 30     0.61229865
1985  7  1     0.59376852
1985  7  2     0.57558654
1985  7  3     0.55836961
1985  7  4     0.54156988
1985  7  5     0.52548717
1985  7  6     0.50995293
1985  7  7     0.49488150
1985  7  8     0.48026016
1985  7  9     0.46607503
1985  7 10     0.45277427
1985  7 11     0.43920863
1985  7 12     0.42600334
1985  7 13     0.41342859
1985  7 14     0.40122946
1985  7 15     0.38939055
1985  7 16     0.37790249
1985  7 17     0.36675464
1985  7 18     0.35593760
1985  7 19     0.34556010
1985  7 20     0.34391432
1985  7 21     0.34956160
1985  7 22     0.32789002
1985  7 23     0.30645762
1985  7 24     0.29890271
1985  7 25     0.30098499
1985  7 26     0.37053271
1985  7 27     0.30233343
1985  7 28     0.26877130
1985  7 29     0.25969698
1985  7 30     0.25730700
1985  7 31     0.24529741
1985  8  1     0.23414692
1985  8  2     0.22720228
1985  8  3     0.22049954
1985  8  4     0.21399882
1985  8  5     0.20769001
1985  8  6     0.20156738
1985  8  7     0.19562539
1985  8  8     0.18985928
1985  8  9     0.18426238
1985  8 10     0.17883006
1985  8 11     0.17355901
1985  8 12     0.16844275
1985  8 13     0.16347713
1985  8 14     0.15865816
1985  8 15     0.15398083
1985  8 16     0.14944190
1985  8 17     0.15242728
1985  8 18     0.17098170
1985  8 19     0.14445101
1985  8 20     0.13287364
1985  8 21     0.12882420
1985  8 22     0.12490083
1985  8 23     0.12120211
1985  8 24     0.11762936
1985  8 25     0.11416194
1985  8 26     0.11079673
1985  8 27     0.10753072
1985  8 28     0.10436098
1985  8 29     0.10128468
1985  8 30     0.09829906
1985  8 31     0.09540145
1985  9  1     0.09266320
1985  9  2     0.08998223
1985  9  3     0.09829678
1985  9  4     0.19691807
1985  9  5     0.13648196
1985  9  6     0.10155111
1985  9  7     0.72867124
1985  9  8     0.23654675
1985  9  9     0.97734079
1985  9 10     0.52380116
1985  9 11     0.35449734
1985  9 12     0.17644491
1985  9 13     0.07284678
1985  9 14     0.06960635
1985  9 15     0.06621987
1985  9 16     0.06342500
1985  9 17     0.06330290
1985  9 18     0.33599861
1985  9 19     0.12513091
1985  9 20     0.06490575
1985  9 21     0.05820116
1985  9 22     0.05577011
1985  9 23     0.05355764
1985  9 24     0.05160073
1985  9 25     0.05202621
1985  9 26     0.04942450
1985  9 27     0.04660025
1985  9 28     0.04511787
1985  9 29     0.04370158
1985  9 30     0.04244626
1985 10  1     0.04109371
1985 10  2     0.03977941
1985 10  3     0.03856605
1985 10  4     0.03739442
1985 10  5     0.03628217
1985 10  6     0.08259704
1985 10  7     0.26345576
1985 10  8     0.35015362
1985 10  9     0.22105096
1985 10 10     0.08728534
1985 10 11     0.06346718
1985 10 12     0.05446265
1985 10 13     0.04679774
1985 10 14     0.04288728
1985 10 15     0.04111600
1985 10 16     0.03966390
1985 10 17     0.03797590
1985 10 18     0.03595516
1985 10 19     0.03397173
1985 10 20     0.27727437
1985 10 21     0.89672175
1985 10 22     0.43733914
1985 10 23     0.15325939
1985 10 24     0.11804456
1985 10 25     0.10588099
1985 10 26     0.08683865
1985 10 27     0.07268826
1985 10 28     0.06591047
1985 10 29     0.06176433
1985 10 30     0.05814878
1985 10 31     0.05493928
1985 11  1     0.05252630
1985 11  2     0.05076569
1985 11  3     0.04872352
1985 11  4     0.04628535
1985 11  5     0.04424542
1985 11  6     0.04262916
1985 11  7     0.04112648
1985 11  8     0.03966460
1985 11  9     0.05716584
1985 11 10     0.57113652
1985 11 11     0.67787763
1985 11 12     0.37853793
1985 11 13     0.14067583
1985 11 14     0.09464678
1985 11 15     0.06671555
1985 11 16     0.15153694
1985 11 17     0.09210662
1985 11 18     0.08346526
1985 11 19     0.04898645
1985 11 20     0.03490806
1985 11 21     0.04073215
1985 11 22     0.03553717
1985 11 23     0.25207610
1985 11 24     0.83715795
1985 11 25     2.09567530
1985 11 26     0.73468240
1985 11 27     0.28069968
1985 11 28     0.97388550
1985 11 29     2.17649423
1985 11 30     1.16815310
1985 12  1     0.80480660
1985 12  2     2.29590532
1985 12  3     1.85686812
1985 12  4     0.93902140
1985 12  5     0.80739892
1985 12  6     0.82444852
1985 12  7     1.13174630
1985 12  8     1.24548770
1985 12  9     0.73435942
1985 12 10     0.58736548
1985 12 11     0.50527260
1985 12 12     0.44610196
1985 12 13     0.40618626
1985 12 14     0.37927331
1985 12 15     0.35998911
1985 12 16     0.34150959
1985 12 17     0.32413852
1985 12 18     0.31080889
1985 12 19     0.29912488
1985 12 20     0.29049772
1985 12 21     0.28342819
1985 12 22     0.27710813
1985 12 23     0.27088134
1985 12 24     0.26822353
1985 12 25     0.26504093
1985 12 26     0.25663943
1985 12 27     0.24597375
1985 12 28     0.24466235
1985 12 29     0.46416338
1985 12 30     2.34204114
1985 12 31     1.38519786
1986  1  1     0.72980070
1986  1  2     0.60396464
1986  1  3     0.59534355
1986  1  4     1.62049851
1986  1  5     4.44478141
1986  1  6     3.07561179
1986  1  7     1.63463390
1986  1  8     1.27354070
1986  1  9     1.11632071
1986  1 10     1.00471041
1986  1 11     0.93077313
1986  1 12     0.87700147
1986  1 13     0.83067407
1986  1 14     1.03537508
1986  1 15     2.48909524
1986  1 16     3.58066059
1986  1 17     6.16033645
1986  1 18     3.48244137
1986  1 19     2.15431131
1986  1 20     1.94634493
1986  1 21     1.71887195
1986  1 22     1.58733889
1986  1 23     1.95791004
1986  1 24     1.55665619
1986  1 25     1.39811950
1986  1 26     1.36324427
1986  1 27     1.33346964
1986  1 28     1.32169160
1986  1 29     1.69266601
1986  1 30     3.90064338
1986  1 31     3.85622976
1986  2  1     3.91807694
1986  2  2     4.71980205
1986  2  3     4.18536614
1986  2  4     2.90326641
1986  2  5     2.22530631
1986  2  6     1.98019056
1986  2  7     1.76310844
1986  2  8     1.61069407
1986  2  9     1.49931882
1986  2 10     1.41136052
1986  2 11     2.30965148
1986  2 12     1.58286740
1986  2 13    10.66380033
1986  2 14    10.20893786
1986  2 15    18.07757850
1986  2 16    29.19341154
1986  2 17    45.02310485
1986  2 18    45.37045126
1986  2 19    43.24138792
1986  2 20    29.65039181
1986  2 21    15.61585542
1986  2 22    10.62706272
1986  2 23     8.98001990
1986  2 24     8.16619578
1986  2 25     7.71766242
1986  2 26     7.37911552
1986  2 27     7.08217018
1986  2 28     6.79119940
1986  3  1     6.53957874
1986  3  2     6.21816630
1986  3  3     5.97214558
1986  3  4     5.89535134
1986  3  5     5.85930960
1986  3  6     5.74856821
1986  3  7     9.52808696
1986  3  8    33.23390620
1986  3  9    20.18543898
1986  3 10    15.76453850
1986  3 11    15.87084896
1986  3 12    12.00117020
1986  3 13     9.47090861
1986  3 14     7.62475710
1986  3 15     7.81402699
1986  3 16     8.07434485
1986  3 17     6.70790935
1986  3 18     5.83013832
1986  3 19     5.59505196
1986  3 20     5.59588335
1986  3 21     5.69397561
1986  3 22     5.80704799
1986  3 23     5.78170004
1986  3 24     5.56018472
1986  3 25     5.39123235
1986  3 26     5.59366857
1986  3 27     5.93078755
1986  3 28     6.18507015
1986  3 29     6.37384619
1986  3 30     6.37225306
1986  3 31     6.20725509
1986  4  1     5.70240453
1986  4  2     4.94087206
1986  4  3     4.48141457
1986  4  4     4.36128290
1986  4  5     4.50828189
1986  4  6     4.81306142
1986  4  7     6.26263073
1986  4  8     4.92817692
1986  4  9     4.33784961
1986  4 10     4.45636142
1986  4 11     4.59535494
1986  4 12     4.40826260
1986  4 13     3.96396677
1986  4 14     3.70749864
1986  4 15     3.82700929
1986  4 16     3.72738209
1986  4 17     3.48410617
1986  4 18     3.27252306
1986  4 19     3.48157540
1986  4 20     4.16061638
1986  4 21     4.83375082
1986  4 22     5.11437226
1986  4 23     4.73993228
1986  4 24     4.03811577
1986  4 25     3.67100023
1986  4 26     3.43038746
1986  4 27     3.55700708
1986  4 28     3.82758146
1986  4 29     3.67876183
1986  4 30     3.61977222
1986  5  1     3.82047348
1986  5  2     4.01175382
1986  5  3     4.47390809
1986  5  4     4.48715177
1986  5  5     3.45712875
1986  5  6     3.23918794
1986  5  7     2.93111564
1986  5  8     2.90954417
1986  5  9     3.14780520
1986  5 10     3.35763420
1986  5 11     3.25358509
1986  5 12     3.38725455
1986  5 13     3.69255930
1986  5 14     3.86415535
1986  5 15     3.88830805
1986  5 16     4.05218948
1986  5 17     4.48394907
1986  5 18     4.93939678
1986  5 19     5.23025942
1986  5 20     5.01064607
1986  5 21     4.29118660
1986  5 22     3.75233039
1986  5 23     3.88078624
1986  5 24     4.40577797
1986  5 25     5.13597559
1986  5 26     5.68544010
1986  5 27     5.84001132
1986  5 28     5.91595124
1986  5 29     5.94237972
1986  5 30     5.99145576
1986  5 31     5.84542834
1986  6  1     5.96533483
1986  6  2     5.78067138
1986  6  3     5.47403227
1986  6  4     5.18997146
1986  6  5     4.87102777
1986  6  6     4.60105900
1986  6  7     4.36019918
1986  6  8     4.26193242
1986  6  9     4.35581153
1986  6 10     4.42739621
1986  6 11     4.19201887
1986  6 12     3.81027978
1986  6 13     3.44529078
1986  6 14     3.16323416
1986  6 15     2.93704266
1986  6 16     2.71675155
1986  6 17     2.56137495
1986  6 18     2.45115742
1986  6 19     2.31032353
1986  6 20     2.18529083
1986  6 21     2.09007272
1986  6 22     2.01208011
1986  6 23     1.94784379
1986  6 24     1.88795210
1986  6 25     1.81149684
1986  6 26     1.70980234
1986  6 27     1.62821520
1986  6 28     1.56836948
1986  6 29     1.51324835
1986  6 30     1.46105382
1986  7  1     1.41127737
1986  7  2     1.36395658
1986  7  3     1.31996340
1986  7  4     1.27859404
1986  7  5     1.23912178
1986  7  6     1.20075643
1986  7  7     1.16356419
1986  7  8     1.12787661
1986  7  9     1.09350989
1986  7 10     1.06009013
1986  7 11     1.02739215
1986  7 12     0.99584179
1986  7 13     0.96581004
1986  7 14     0.93699303
1986  7 15     0.90909977
1986  7 16     0.88300637
1986  7 17     0.85748841
1986  7 18     0.83206719
1986  7 19     0.80693057
1986  7 20     0.78206723
1986  7 21     0.75794308
1986  7 22     0.78873650
1986  7 23     0.96969097
1986  7 24     0.89974844
1986  7 25     0.83085765
1986  7 26     0.70291855
1986  7 27     0.63632253
1986  7 28     0.61679146
1986  7 29     0.59842758
1986  7 30     0.58038846
1986  7 31     0.56268502
1986  8  1     0.54557544
1986  8  2     0.52917514
1986  8  3     0.51338104
1986  8  4     0.49808914
1986  8  5     0.48317710
1986  8  6     0.46892092
1986  8  7     0.45530881
1986  8  8     0.44180630
1986  8  9     0.42866351
1986  8 10     0.41571885
1986  8 11     0.40348625
1986  8 12     0.39135264
1986  8 13     0.37971444
1986  8 14     0.36846240
1986  8 15     0.35761902
1986  8 16     0.34741273
1986  8 17     0.33737846
1986  8 18     0.32729557
1986  8 19     0.31736465
1986  8 20     0.30863488
1986  8 21     0.29900016
1986  8 22     0.28955797
1986  8 23     0.28125834
1986  8 24     0.27288349
1986  8 25     0.26470782
1986  8 26     0.25678349
1986  8 27     0.24918977
1986  8 28     0.24184455
1986  8 29     0.23484419
1986  8 30     0.22820648
1986  8 31     0.22151971
1986  9  1     0.21471617
1986  9  2     0.20825506
1986  9  3     0.20209980
1986  9  4     0.20263500
1986  9  5     0.19394206
1986  9  6     0.18474935
1986  9  7     0.17930323
1986  9  8     0.17423328
1986  9  9     0.16969536
1986  9 10     0.16457460
1986  9 11     0.15936229
1986  9 12     0.15451658
1986  9 13     0.15031063
1986  9 14     0.14651976
1986  9 15     0.14289590
1986  9 16     0.14789460
1986  9 17     0.21708056
1986  9 18     0.36734966
1986  9 19     0.21000111
1986  9 20     0.13749543
1986  9 21     0.12196250
1986  9 22     0.11726759
1986  9 23     0.13150884
1986  9 24     0.95447793
1986  9 25     1.02317521
1986  9 26     0.62525845
1986  9 27     0.53053836
1986  9 28     0.27151372
1986  9 29     0.16907998
1986  9 30     0.16674293
1986 10  1     0.17320279
1986 10  2     0.14792440
1986 10  3     0.11760813
1986 10  4     0.11824552
1986 10  5     0.12302906
1986 10  6     0.11482034
1986 10  7     0.10416573
1986 10  8     0.09603324
1986 10  9     0.09035450
1986 10 10     0.08666838
1986 10 11     0.08363021
1986 10 12     0.08073778
1986 10 13     0.07792188
1986 10 14     0.07527692
1986 10 15     0.07253707
1986 10 16     0.07005095
1986 10 17     0.06862628
1986 10 18     0.06646727
1986 10 19     0.06417692
1986 10 20     0.06200913
1986 10 21     0.05993847
1986 10 22     0.05792233
1986 10 23     0.05616623
1986 10 24     0.05439121
1986 10 25     0.05254742
1986 10 26     0.05077686
1986 10 27     0.04915946
1986 10 28     0.04781950
1986 10 29     0.04644112
1986 10 30     0.04514709
1986 10 31     0.04413702
1986 11  1     0.04276078
1986 11  2     0.04139944
1986 11  3     0.03982718
1986 11  4     0.03838004
1986 11  5     0.03729347
1986 11  6     0.03650856
1986 11  7     0.03598196
1986 11  8     0.03502290
1986 11  9     0.03399146
1986 11 10     0.03269148
1986 11 11     0.03152043
1986 11 12     0.03037449
1986 11 13     0.02937934
1986 11 14     0.02869456
1986 11 15     0.02805967
1986 11 16     0.02723483
1986 11 17     0.02626736
1986 11 18     0.02543456
1986 11 19     0.02673477
1986 11 20     0.02484092
1986 11 21     0.07061116
1986 11 22     0.03767470
1986 11 23     0.02269293
1986 11 24     0.02186461
1986 11 25     0.02095707
1986 11 26     0.02020720
1986 11 27     0.01946570
1986 11 28     0.03202292
1986 11 29     0.19449443
1986 11 30     0.06450377
1986 12  1     0.02611940
1986 12  2     0.02204200
1986 12  3     0.02087059
1986 12  4     0.01926088
1986 12  5     0.08265677
1986 12  6     0.19575654
1986 12  7     0.07752577
1986 12  8     0.02541119
1986 12  9     0.01685643
1986 12 10     0.01500482
1986 12 11     0.01409381
1986 12 12     0.01336908
1986 12 13     0.01327016
1986 12 14     0.01253466
1986 12 15     0.01198091
1986 12 16     0.01156620
1986 12 17     0.01110386
1986 12 18     0.01237960
1986 12 19     0.03293882
1986 12 20     0.36890355
1986 12 21     0.09230029
1986 12 22     0.04536063
1986 12 23     0.04013130
1986 12 24     0.02470309
1986 12 25     0.01208525
1986 12 26     0.00950880
1986 12 27     0.00894061
1986 12 28     0.00852406
1986 12 29     0.00819588
1986 12 30     0.00797269
1986 12 31     0.00785512
1987  1  1     0.07650984
1987  1  2     0.21827856
1987  1  3     0.24938487
1987  1  4     1.88980720
1987  1  5     0.45478984
1987  1  6     0.17482210
1987  1  7     0.11031930
1987  1  8     0.06438691
1987  1  9     0.03336953
1987  1 10     0.01831111
1987  1 11     0.01126226
1987  1 12     0.00788657
1987  1 13     0.00657143
1987  1 14     0.00607414
1987  1 15     0.00591343
1987  1 16     0.00594223
1987  1 17     0.00564819
1987  1 18     0.00533958
1987  1 19     0.00511714
1987  1 20     0.00499657
1987  1 21     0.00499360
1987  1 22     0.00489854
1987  1 23     0.03949255
1987  1 24     0.16886692
1987  1 25     0.25930143
1987  1 26     0.10458656
1987  1 27     0.03906958
1987  1 28     0.71225771
1987  1 29     0.23126652
1987  1 30     0.05271636
1987  1 31     0.03108930
1987  2  1     0.01727657
1987  2  2     0.02385802
1987  2  3     0.27173400
1987  2  4     0.07805235
1987  2  5     0.04226371
1987  2  6     0.06119048
1987  2  7     0.08362139
1987  2  8     0.09785545
1987  2  9     0.09166286
1987  2 10     0.29407465
1987  2 11     0.76236652
1987  2 12     1.22065720
1987  2 13     4.89403037
1987  2 14     2.76105374
1987  2 15     1.66299549
1987  2 16     1.08976357
1987  2 17     0.82982885
1987  2 18     0.68796469
1987  2 19     0.60002785
1987  2 20     0.54541365
1987  2 21     0.51339302
1987  2 22     0.49778148
1987  2 23     0.53425916
1987  2 24     0.50408274
1987  2 25     0.45480643
1987  2 26     0.41813872
1987  2 27     0.42588777
1987  2 28     0.41221509
1987  3  1     0.38255764
1987  3  2     0.39083524
1987  3  3     0.43490213
1987  3  4     0.53068826
1987  3  5     2.60417949
1987  3  6     4.51335667
1987  3  7     1.88028951
1987  3  8     1.13981172
1987  3  9     0.98202209
1987  3 10     0.87518522
1987  3 11     0.86350773
1987  3 12     1.11031170
1987  3 13     5.24223952
1987  3 14     3.05287935
1987  3 15     3.38946023
1987  3 16     1.95376864
1987  3 17     1.51290291
1987  3 18     1.95934269
1987  3 19     1.55014754
1987  3 20     1.26034788
1987  3 21     1.57046859
1987  3 22     1.37200896
1987  3 23     1.77824928
1987  3 24     1.33782152
1987  3 25     1.18455173
1987  3 26     1.18099945
1987  3 27     1.19657654
1987  3 28     1.19999040
1987  3 29     1.22178729
1987  3 30     1.29360347
1987  3 31     1.37699830
1987  4  1     1.38584129
1987  4  2     1.37746364
1987  4  3     1.76673347
1987  4  4     1.36188283
1987  4  5     1.10599347
1987  4  6     1.10204193
1987  4  7     1.16788343
1987  4  8     1.26502709
1987  4  9     1.37769214
1987  4 10     1.49214472
1987  4 11     1.51816205
1987  4 12     1.38471870
1987  4 13     1.39869405
1987  4 14     1.61309005
1987  4 15     1.83954840
1987  4 16     2.03634931
1987  4 17     2.05420814
1987  4 18     1.75650080
1987  4 19     1.37699792
1987  4 20     1.31638060
1987  4 21     1.45572110
1987  4 22     1.60838631
1987  4 23     1.63790161
1987  4 24     1.59354910
1987  4 25     1.53514950
1987  4 26     1.51309103
1987  4 27     1.54618390
1987  4 28     1.50296496
1987  4 29     1.43042178
1987  4 30     1.98869907
1987  5  1     1.52310790
1987  5  2     1.18663607
1987  5  3     1.14479746
1987  5  4     1.12664629
1987  5  5     1.10869291
1987  5  6     1.08033089
1987  5  7     1.02107480
1987  5  8     0.97193420
1987  5  9     1.16282703
1987  5 10     1.26990455
1987  5 11     1.32756115
1987  5 12     1.16581481
1987  5 13     0.97215677
1987  5 14     0.89957928
1987  5 15     0.95410624
1987  5 16     0.89290069
1987  5 17     0.86603813
1987  5 18     0.80615357
1987  5 19     0.74743758
1987  5 20     0.78028579
1987  5 21     0.83375831
1987  5 22     1.08285733
1987  5 23     0.81527029
1987  5 24     0.69122242
1987  5 25     0.66148978
1987  5 26     0.65392030
1987  5 27     0.61667330
1987  5 28     0.58353034
1987  5 29     0.56196555
1987  5 30     0.54192896
1987  5 31     0.52321073
1987  6  1     0.50558731
1987  6  2     0.48871610
1987  6  3     0.47240350
1987  6  4     0.45715651
1987  6  5     0.44287702
1987  6  6     0.44248404
1987  6  7     0.45829246
1987  6  8     0.43306543
1987  6  9     0.39788352
1987  6 10     0.37869194
1987  6 11     0.36708155
1987  6 12     0.35568957
1987  6 13     0.34550457
1987  6 14     0.33642495
1987  6 15     0.34036582
1987  6 16     0.32213590
1987  6 17     0.30615068
1987  6 18     0.29690946
1987  6 19     0.28782162
1987  6 20     0.27911919
1987  6 21     0.27092602
1987  6 22     0.26298434
1987  6 23     0.25488494
1987  6 24     0.24678373
1987  6 25     0.23905938
1987  6 26     0.23160518
1987  6 27     0.22490694
1987  6 28     0.21918429
1987  6 29     0.21237852
1987  6 30     0.20613004
1987  7  1     0.19979983
1987  7  2     0.19369579
1987  7  3     0.18789063
1987  7  4     0.18247142
1987  7  5     0.17712612
1987  7  6     0.17162520
1987  7  7     0.16638528
1987  7  8     0.16145084
1987  7  9     0.15669005
1987  7 10     0.15206824
1987  7 11     0.14758394
1987  7 12     0.14323195
1987  7 13     0.13900842
1987  7 14     0.13549249
1987  7 15     0.13123620
1987  7 16     0.12707120
1987  7 17     0.12332441
1987  7 18     0.12102500
1987  7 19     0.11668143
1987  7 20     0.11275742
1987  7 21     0.10941207
1987  7 22     0.10627733
1987  7 23     0.10307867
1987  7 24     0.10001869
1987  7 25     0.09706959
1987  7 26     0.09420829
1987  7 27     0.09143099
1987  7 28     0.08873547
1987  7 29     0.08611992
1987  7 30     0.08358083
1987  7 31     0.08111788
1987  8  1     0.07872600
1987  8  2     0.07640470
1987  8  3     0.07415235
1987  8  4     0.07196653
1987  8  5     0.06984513
1987  8  6     0.06778627
1987  8  7     0.06578810
1987  8  8     0.06384883
1987  8  9     0.06196673
1987  8 10     0.06014010
1987  8 11     0.05836732
1987  8 12     0.05664680
1987  8 13     0.05497699
1987  8 14     0.05335640
1987  8 15     0.05178359
1987  8 16     0.05025714
1987  8 17     0.04877568
1987  8 18     0.04733790
1987  8 19     0.04594249
1987  8 20     0.04458822
1987  8 21     0.04327387
1987  8 22     0.04199827
1987  8 23     0.04076026
1987  8 24     0.03955875
1987  8 25     0.03839266
1987  8 26     0.03726094
1987  8 27     0.03616258
1987  8 28     0.03509659
1987  8 29     0.03406203
1987  8 30     0.03305797
1987  8 31     0.03329219
1987  9  1     0.03335350
1987  9  2     0.03130504
1987  9  3     0.02940807
1987  9  4     0.02846454
1987  9  5     0.02762548
1987  9  6     0.02681115
1987  9  7     0.02602082
1987  9  8     0.02525379
1987  9  9     0.02450937
1987  9 10     0.02378690
1987  9 11     0.02308572
1987  9 12     0.02240521
1987  9 13     0.02175159
1987  9 14     0.02110566
1987  9 15     0.02048169
1987  9 16     0.01987794
1987  9 17     0.01929199
1987  9 18     0.01872331
1987  9 19     0.01817139
1987  9 20     0.01763575
1987  9 21     0.01711589
1987  9 22     0.01661135
1987  9 23     0.01612169
1987  9 24     0.01564647
1987  9 25     0.01518525
1987  9 26     0.01473762
1987  9 27     0.01430319
1987  9 28     0.01388157
1987  9 29     0.01347238
1987  9 30     0.01307525
1987 10  1     0.01268982
1987 10  2     0.01231576
1987 10  3     0.01195272
1987 10  4     0.01160038
1987 10  5     0.01125843
1987 10  6     0.01092656
1987 10  7     0.01060447
1987 10  8     0.01029188
1987 10  9     0.00998850
1987 10 10     0.00969406
1987 10 11     0.00972861
1987 10 12     0.03011899
1987 10 13     0.02010850
1987 10 14     0.00943520
1987 10 15     0.00834709
1987 10 16     0.00810102
1987 10 17     0.00786222
1987 10 18     0.00763046
1987 10 19     0.00740553
1987 10 20     0.00718724
1987 10 21     0.00697537
1987 10 22     0.02203505
1987 10 23     0.39439909
1987 10 24     0.14652573
1987 10 25     0.02125273
1987 10 26     0.01153820
1987 10 27     0.01335837
1987 10 28     0.24874470
1987 10 29     0.72949330
1987 10 30     0.24720268
1987 10 31     0.06496953
1987 11  1     0.03638695
1987 11  2     0.06101867
1987 11  3     0.03519006
1987 11  4     0.01672509
1987 11  5     0.03622897
1987 11  6     0.08632264
1987 11  7     0.05222353
1987 11  8     0.01369924
1987 11  9     0.01053532
1987 11 10     0.00923811
1987 11 11     0.00834083
1987 11 12     0.01455752
1987 11 13     0.10013984
1987 11 14     0.50730779
1987 11 15     0.14092956
1987 11 16     0.05752573
1987 11 17     0.23131739
1987 11 18     0.23446518
1987 11 19     0.08994668
1987 11 20     0.02320129
1987 11 21     0.39523927
1987 11 22     0.14197130
1987 11 23     0.05556936
1987 11 24     0.04404654
1987 11 25     0.02309316
1987 11 26     0.01677969
1987 11 27     0.01424242
1987 11 28     0.01298467
1987 11 29     0.01203278
1987 11 30     0.01144633
1987 12  1     0.06727019
1987 12  2     0.03923296
1987 12  3     0.01645472
1987 12  4     0.01416227
1987 12  5     0.01597302
1987 12  6     0.15315765
1987 12  7     0.32497620
1987 12  8     0.15059229
1987 12  9     0.20770480
1987 12 10     0.10758842
1987 12 11     0.04618154
1987 12 12     0.01459749
1987 12 13     0.00959642
1987 12 14     0.00812038
1987 12 15     0.00731747
1987 12 16     0.02576595
1987 12 17     0.03996926
1987 12 18     0.01337497
1987 12 19     0.04106766
1987 12 20     0.01685184
1987 12 21     0.11410768
1987 12 22     0.22224298
1987 12 23     0.33438705
1987 12 24     0.11147743
1987 12 25     0.05214942
1987 12 26     0.03133431
1987 12 27     0.01621081
1987 12 28     0.27855093
1987 12 29     0.63618332
1987 12 30     0.35773394
1987 12 31     0.12000518
1988  1  1     0.07667992
1988  1  2     0.04148821
1988  1  3     0.55297422
1988  1  4     0.58978830
1988  1  5     0.60027695
1988  1  6     0.21433178
1988  1  7     0.07442588
1988  1  8     0.41674519
1988  1  9     0.15516678
1988  1 10     0.06134370
1988  1 11     0.63205390
1988  1 12     0.19750174
1988  1 13     0.07197716
1988  1 14     0.05340154
1988  1 15     0.76871784
1988  1 16     0.50369220
1988  1 17     0.89875939
1988  1 18     0.37640931
1988  1 19     0.17830062
1988  1 20     0.12591049
1988  1 21     0.11048520
1988  1 22     0.09040538
1988  1 23     0.10059194
1988  1 24     0.12298382
1988  1 25     0.14274127
1988  1 26     0.14248568
1988  1 27     0.14919073
1988  1 28     0.16194367
1988  1 29     0.16661480
1988  1 30     0.44781309
1988  1 31     0.20999168
1988  2  1     0.14413434
1988  2  2     0.12294163
1988  2  3     0.10911024
1988  2  4     0.10289126
1988  2  5     0.10567827
1988  2  6     0.12485650
1988  2  7     0.14248078
1988  2  8     0.17456845
1988  2  9     0.18826017
1988  2 10     0.18721479
1988  2 11     0.18898657
1988  2 12     0.22241537
1988  2 13     0.22944167
1988  2 14     0.22856494
1988  2 15     0.23831671
1988  2 16     0.22698624
1988  2 17     0.20082513
1988  2 18     0.18511215
1988  2 19     0.18545185
1988  2 20     0.22728764
1988  2 21     0.28398370
1988  2 22     0.31072791
1988  2 23     0.31542384
1988  2 24     0.35249912
1988  2 25     0.37015118
1988  2 26     0.39954649
1988  2 27     0.47322914
1988  2 28     0.77253361
1988  2 29     1.05598543
1988  3  1     1.68775913
1988  3  2     2.09401612
1988  3  3     1.02175693
1988  3  4     0.76941409
1988  3  5     0.74833861
1988  3  6     0.72331222
1988  3  7     0.70131890
1988  3  8     0.72797124
1988  3  9     0.70273863
1988  3 10     0.59468749
1988  3 11     0.54004968
1988  3 12     0.51381649
1988  3 13     0.49887378
1988  3 14     0.49532659
1988  3 15     0.49684652
1988  3 16     0.48274877
1988  3 17     0.50390457
1988  3 18     0.55361553
1988  3 19     0.63847542
1988  3 20     0.74360035
1988  3 21     0.79378926
1988  3 22     0.73544513
1988  3 23     0.79711679
1988  3 24     0.80351877
1988  3 25     0.87497653
1988  3 26     1.02235126
1988  3 27     1.04188082
1988  3 28     0.85074618
1988  3 29     0.72568155
1988  3 30     0.69022145
1988  3 31     0.67502176
1988  4  1     0.72921100
1988  4  2     0.80125169
1988  4  3     0.85650439
1988  4  4     0.90939059
1988  4  5     0.98541793
1988  4  6     1.10844541
1988  4  7     1.17156552
1988  4  8     1.06712781
1988  4  9     1.02819817
1988  4 10     1.15087453
1988  4 11     1.27537389
1988  4 12     1.31059420
1988  4 13     1.22029007
1988  4 14     2.83441095
1988  4 15     2.14787244
1988  4 16     1.28753891
1988  4 17     1.11822505
1988  4 18     1.01618544
1988  4 19     1.93493990
1988  4 20     3.75267740
1988  4 21     2.28264409
1988  4 22     1.77909732
1988  4 23     2.20268324
1988  4 24     1.55578072
1988  4 25     1.60480722
1988  4 26     1.67398491
1988  4 27     1.92619069
1988  4 28     1.92605299
1988  4 29     1.64497504
1988  4 30     1.47671919
1988  5  1     1.28872363
1988  5  2     1.18940911
1988  5  3     1.19600408
1988  5  4     1.20180498
1988  5  5     1.09600172
1988  5  6     1.04195659
1988  5  7     0.98193638
1988  5  8     1.10618858
1988  5  9     1.02699023
1988  5 10     1.14365145
1988  5 11     1.27201952
1988  5 12     1.44888068
1988  5 13     1.46315319
1988  5 14     1.37257246
1988  5 15     1.37642737
1988  5 16     1.42855315
1988  5 17     1.74673450
1988  5 18     1.38709625
1988  5 19     1.16975608
1988  5 20     1.15697928
1988  5 21     1.15603633
1988  5 22     1.13736720
1988  5 23     1.03944644
1988  5 24     0.94665928
1988  5 25     0.89881852
1988  5 26     0.85659344
1988  5 27     0.81838490
1988  5 28     0.81315399
1988  5 29     1.60848995
1988  5 30     1.15618468
1988  5 31     0.86841648
1988  6  1     0.81811518
1988  6  2     0.75959318
1988  6  3     0.72068602
1988  6  4     0.68930537
1988  6  5     0.66120251
1988  6  6     0.64939999
1988  6  7     0.67006175
1988  6  8     0.63105153
1988  6  9     0.58258917
1988  6 10     0.55587628
1988  6 11     0.53484929
1988  6 12     0.51744666
1988  6 13     0.50063156
1988  6 14     0.48512401
1988  6 15     0.46927129
1988  6 16     0.45412553
1988  6 17     0.44019303
1988  6 18     0.42647214
1988  6 19     0.41410296
1988  6 20     0.40436134
1988  6 21     0.44211350
1988  6 22     0.40269027
1988  6 23     0.36482360
1988  6 24     0.35385899
1988  6 25     0.40731253
1988  6 26     0.38787363
1988  6 27     0.33599918
1988  6 28     0.31381898
1988  6 29     0.30438283
1988  6 30     0.29523449
1988  7  1     0.28621505
1988  7  2     0.27751871
1988  7  3     0.26912655
1988  7  4     0.26118822
1988  7  5     0.25373286
1988  7  6     0.24626296
1988  7  7     0.23871992
1988  7  8     0.23143955
1988  7  9     0.22448235
1988  7 10     0.21783426
1988  7 11     0.21140338
1988  7 12     0.20516374
1988  7 13     0.19910835
1988  7 14     0.19323283
1988  7 15     0.18753241
1988  7 16     0.18199980
1988  7 17     0.17663110
1988  7 18     0.17142080
1988  7 19     0.16636484
1988  7 20     0.16145849
1988  7 21     0.15669710
1988  7 22     0.15207644
1988  7 23     0.14760769
1988  7 24     0.14324877
1988  7 25     0.15239012
1988  7 26     0.14191982
1988  7 27     0.13219881
1988  7 28     0.12751395
1988  7 29     0.12343796
1988  7 30     0.12063120
1988  7 31     0.11664626
1988  8  1     0.11274324
1988  8  2     0.10941958
1988  8  3     0.10619404
1988  8  4     0.10364124
1988  8  5     0.10034888
1988  8  6     0.09707700
1988  8  7     0.09459762
1988  8  8     0.09165756
1988  8  9     0.08874162
1988  8 10     0.08627259
1988  8 11     0.08368346
1988  8 12     0.08112973
1988  8 13     0.07873145
1988  8 14     0.07641064
1988  8 15     0.07415825
1988  8 16     0.07197224
1988  8 17     0.06985068
1988  8 18     0.06779166
1988  8 19     0.06579333
1988  8 20     0.06385390
1988  8 21     0.06197165
1988  8 22     0.06014488
1988  8 23     0.05837196
1988  8 24     0.05665130
1988  8 25     0.05528116
1988  8 26     0.06800764
1988  8 27     0.06112311
1988  8 28     0.05052268
1988  8 29     0.04877957
1988  8 30     0.04748678
1988  8 31     0.04602501
1988  9  1     0.04763532
1988  9  2     0.04461037
1988  9  3     0.04200164
1988  9  4     0.04076350
1988  9  5     0.03956190
1988  9  6     0.03839571
1988  9  7     0.03726390
1988  9  8     0.03616545
1988  9  9     0.03509938
1988  9 10     0.03406474
1988  9 11     0.03306060
1988  9 12     0.03208605
1988  9 13     0.03114024
1988  9 14     0.03022230
1988  9 15     0.02933142
1988  9 16     0.02846680
1988  9 17     0.02762767
1988  9 18     0.02681328
1988  9 19     0.02670327
1988  9 20     0.03119296
1988  9 21     0.05045539
1988  9 22     0.03308334
1988  9 23     0.02308777
1988  9 24     0.02240699
1988  9 25     0.02174649
1988  9 26     0.02110546
1988  9 27     0.02048332
1988  9 28     0.01987952
1988  9 29     0.01929352
1988  9 30     0.01872480
1988 10  1     0.01817284
1988 10  2     0.01763715
1988 10  3     0.01711725
1988 10  4     0.01661267
1988 10  5     0.01612297
1988 10  6     0.01668683
1988 10  7     0.01566690
1988 10  8     0.01473881
1988 10  9     0.01430433
1988 10 10     0.01388268
1988 10 11     0.01347345
1988 10 12     0.01307628
1988 10 13     0.01276222
1988 10 14     0.01237921
1988 10 15     0.01195933
1988 10 16     0.01160130
1988 10 17     0.01125933
1988 10 18     0.01092743
1988 10 19     0.01060532
1988 10 20     0.01029270
1988 10 21     0.00998929
1988 10 22     0.00969483
1988 10 23     0.00940905
1988 10 24     0.00913170
1988 10 25     0.00886252
1988 10 26     0.00860127
1988 10 27     0.00834773
1988 10 28     0.00810166
1988 10 29     0.00786284
1988 10 30     0.00763107
1988 10 31     0.00740612
1988 11  1     0.00718781
1988 11  2     0.01022696
1988 11  3     0.01766597
1988 11  4     0.01105459
1988 11  5     0.00637714
1988 11  6     0.00618906
1988 11  7     0.00600662
1988 11  8     0.00655407
1988 11  9     0.00695371
1988 11 10     0.07623105
1988 11 11     0.03436874
1988 11 12     0.01896370
1988 11 13     0.65203541
1988 11 14     0.93579855
1988 11 15     0.26169524
1988 11 16     0.13978945
1988 11 17     0.23168896
1988 11 18     0.09955570
1988 11 19     0.03822603
1988 11 20     0.01350564
1988 11 21     0.00663900
1988 11 22     0.23710123
1988 11 23     1.37134219
1988 11 24     0.91531354
1988 11 25     0.49480303
1988 11 26     0.20684155
1988 11 27     0.09630933
1988 11 28     0.05833392
1988 11 29     0.03933311
1988 11 30     0.01407636
1988 12  1     0.00622792
1988 12  2     0.00507779
1988 12  3     0.00449234
1988 12  4     0.00404250
1988 12  5     0.00412775
1988 12  6     0.00422695
1988 12  7     0.00350154
1988 12  8     0.00292854
1988 12  9     0.00352660
1988 12 10     0.00359145
1988 12 11     0.00346482
1988 12 12     0.00386942
1988 12 13     0.00418756
1988 12 14     0.00394640
1988 12 15     0.00277760
1988 12 16     0.00217174
1988 12 17     0.00746384
1988 12 18     0.02893268
1988 12 19     0.06567523
1988 12 20     0.40940521
1988 12 21     0.39027867
1988 12 22     0.23339243
1988 12 23     0.37342917
1988 12 24     0.58447181
1988 12 25     0.36504456
1988 12 26     0.14995345
1988 12 27     0.13098245
1988 12 28     0.07160355
1988 12 29     0.05330715
1988 12 30     0.02993558
1988 12 31     0.16765306
1989  1  1     0.13446558
1989  1  2     0.04941230
1989  1  3     0.02612665
1989  1  4     0.01340789
1989  1  5     0.27868488
1989  1  6     0.32271421
1989  1  7     0.09432341
1989  1  8     0.05077209
1989  1  9     0.02594962
1989  1 10     0.02479695
1989  1 11     0.12702412
1989  1 12     0.03207227
1989  1 13     0.02077168
1989  1 14     0.01415797
1989  1 15     0.00633305
1989  1 16     0.00476214
1989  1 17     0.01194176
1989  1 18     0.02389007
1989  1 19     0.03319648
1989  1 20     0.03963154
1989  1 21     0.03911375
1989  1 22     0.03814124
1989  1 23     0.04680580
1989  1 24     0.02217040
1989  1 25     0.01787562
1989  1 26     0.02726504
1989  1 27     0.03200996
1989  1 28     0.03381097
1989  1 29     0.04507490
1989  1 30     0.06809299
1989  1 31     0.07777625
1989  2  1     0.11423953
1989  2  2     0.11680471
1989  2  3     0.20076916
1989  2  4     0.39161925
1989  2  5     0.08954136
1989  2  6     0.05498773
1989  2  7     0.03063162
1989  2  8     0.05813769
1989  2  9     0.16491210
1989  2 10     0.48952444
1989  2 11     0.15650241
1989  2 12     0.05784772
1989  2 13     0.03112884
1989  2 14     0.01779518
1989  2 15     0.01902082
1989  2 16     0.04582021
1989  2 17     0.07053038
1989  2 18     0.10854367
1989  2 19     0.67806077
1989  2 20     0.25876719
1989  2 21     0.19670285
1989  2 22     0.37856102
1989  2 23     0.40165498
1989  2 24     0.46163485
1989  2 25     0.45745171
1989  2 26     0.51914695
1989  2 27     0.49885309
1989  2 28     0.41014669
1989  3  1     0.37635147
1989  3  2     4.07162609
1989  3  3     2.13702433
1989  3  4     0.81241235
1989  3  5     1.14422904
1989  3  6     2.23499483
1989  3  7     2.78662926
1989  3  8     5.52114976
1989  3  9     4.48712203
1989  3 10     2.59439804
1989  3 11     5.91076039
1989  3 12     3.63580653
1989  3 13     2.97913759
1989  3 14     2.32840866
1989  3 15     2.06807720
1989  3 16     2.70293736
1989  3 17     3.18270798
1989  3 18     2.61623551
1989  3 19     4.27825763
1989  3 20     3.21097908
1989  3 21     2.62088683
1989  3 22     2.60639152
1989  3 23     2.57253860
1989  3 24     6.22233188
1989  3 25     9.84907891
1989  3 26     6.44226896
1989  3 27     3.80897908
1989  3 28     5.92798439
1989  3 29     5.04581203
1989  3 30     4.04759416
1989  3 31     4.23637867
1989  4  1     3.70051866
1989  4  2     3.39140303
1989  4  3     3.24183964
1989  4  4     3.26996457
1989  4  5     3.66137318
1989  4  6     4.14475107
1989  4  7     4.53636091
1989  4  8     4.85088552
1989  4  9     5.01404756
1989  4 10     4.94626688
1989  4 11     4.71550141
1989  4 12     4.48958154
1989  4 13     4.34197259
1989  4 14     4.30334519
1989  4 15     4.19357829
1989  4 16     4.03628075
1989  4 17     3.96606927
1989  4 18     4.03577638
1989  4 19     4.07766270
1989  4 20     3.97956718
1989  4 21     3.83846468
1989  4 22     3.29604102
1989  4 23     2.91490673
1989  4 24     3.16409596
1989  4 25     2.83264804
1989  4 26     2.49890046
1989  4 27     2.41102651
1989  4 28     2.39860815
1989  4 29     2.44675932
1989  4 30     2.69509423
1989  5  1     2.84164352
1989  5  2     2.90644581
1989  5  3     3.06837347
1989  5  4     3.21819114
1989  5  5     3.36927380
1989  5  6     3.54417454
1989  5  7     3.73816367
1989  5  8     3.68279013
1989  5  9     3.71282318
1989  5 10     3.45899481
1989  5 11     2.81821523
1989  5 12     2.44055237
1989  5 13     2.33447127
1989  5 14     2.32907518
1989  5 15     2.69905140
1989  5 16     2.54233182
1989  5 17     2.50111752
1989  5 18     2.46020823
1989  5 19     2.24945910
1989  5 20     2.10931187
1989  5 21     2.03884863
1989  5 22     1.96815447
1989  5 23     1.97969007
1989  5 24     1.81672227
1989  5 25     1.66712210
1989  5 26     1.62927811
1989  5 27     1.61227413
1989  5 28     1.56824026
1989  5 29     1.47993428
1989  5 30     1.40933233
1989  5 31     1.37392820
1989  6  1     1.38431488
1989  6  2     1.38560477
1989  6  3     1.44194596
1989  6  4     1.42000410
1989  6  5     1.28742565
1989  6  6     1.21704158
1989  6  7     1.19892823
1989  6  8     1.18023869
1989  6  9     1.09535105
1989  6 10     1.03499195
1989  6 11     1.00180421
1989  6 12     0.96594950
1989  6 13     0.93226754
1989  6 14     0.90161223
1989  6 15     0.87260495
1989  6 16     0.84524041
1989  6 17     0.81900284
1989  6 18     0.79340129
1989  6 19     0.76893227
1989  6 20     0.74568164
1989  6 21     0.72293077
1989  6 22     0.70025718
1989  6 23     0.67906923
1989  6 24     0.65877336
1989  6 25     0.63971066
1989  6 26     0.62149268
1989  6 27     0.61892817
1989  6 28     0.59083914
1989  6 29     0.56691175
1989  6 30     0.55023347
1989  7  1     0.53358515
1989  7  2     0.51726422
1989  7  3     0.50150740
1989  7  4     0.48634285
1989  7  5     0.47166481
1989  7  6     0.45730324
1989  7  7     0.44356001
1989  7  8     0.42980256
1989  7  9     0.41759301
1989  7 10     0.40570740
1989  7 11     0.39358708
1989  7 12     0.38189394
1989  7 13     0.37050365
1989  7 14     0.35934989
1989  7 15     0.34883782
1989  7 16     0.33868901
1989  7 17     0.32848558
1989  7 18     0.31835181
1989  7 19     0.30847457
1989  7 20     0.29914446
1989  7 21     0.29026513
1989  7 22     0.28169902
1989  7 23     0.27339202
1989  7 24     0.26533055
1989  7 25     0.25750707
1989  7 26     0.24991453
1989  7 27     0.24254657
1989  7 28     0.23539622
1989  7 29     0.22845529
1989  7 30     0.22171948
1989  7 31     0.21532198
1989  8  1     0.20901906
1989  8  2     0.20292516
1989  8  3     0.19680270
1989  8  4     0.19091962
1989  8  5     0.18528088
1989  8  6     0.17981894
1989  8  7     0.17451778
1989  8  8     0.24591630
1989  8  9     0.22978800
1989  8 10     0.17468779
1989  8 11     0.15483242
1989  8 12     0.15026806
1989  8 13     0.14583784
1989  8 14     0.14153890
1989  8 15     0.13736647
1989  8 16     0.13331695
1989  8 17     0.12938743
1989  8 18     0.12922941
1989  8 19     0.12313563
1989  8 20     0.12565379
1989  8 21     0.11929176
1989  8 22     0.11140864
1989  8 23     0.10812448
1989  8 24     0.10493724
1989  8 25     0.10184396
1989  8 26     0.09884185
1989  8 27     0.09592822
1989  8 28     0.09310050
1989  8 29     0.09035613
1989  8 30     0.08769265
1989  8 31     0.08510769
1989  9  1     0.08259893
1989  9  2     0.08016412
1989  9  3     0.07780108
1989  9  4     0.07550770
1989  9  5     0.07328192
1989  9  6     0.07112175
1989  9  7     0.06902526
1989  9  8     0.06699056
1989  9  9     0.06501585
1989  9 10     0.06309934
1989  9 11     0.06342097
1989  9 12     0.06073041
1989  9 13     0.05768221
1989  9 14     0.05598185
1989  9 15     0.05433164
1989  9 16     0.08810920
1989  9 17     1.81623382
1989  9 18     1.10361501
1989  9 19     0.75236800
1989  9 20     0.29195388
1989  9 21     0.11926239
1989  9 22     0.08680798
1989  9 23     0.07155086
1989  9 24     0.06427279
1989  9 25     0.06057660
1989  9 26     0.05734156
1989  9 27     0.05467753
1989  9 28     0.05237542
1989  9 29     0.94231767
1989  9 30     0.41573914
1989 10  1     0.12007446
1989 10  2     0.08280894
1989 10  3     0.07079230
1989 10  4     0.06207131
1989 10  5     0.05772042
1989 10  6     0.05436314
1989 10  7     0.05160368
1989 10  8     0.04919054
1989 10  9     0.04715961
1989 10 10     0.04522580
1989 10 11     0.04353831
1989 10 12     0.04197787
1989 10 13     0.04050275
1989 10 14     0.03921902
1989 10 15     0.03806999
1989 10 16     0.03682248
1989 10 17     0.03544944
1989 10 18     0.03418484
1989 10 19     0.03306984
1989 10 20     0.03201972
1989 10 21     0.19969650
1989 10 22     0.89302316
1989 10 23     1.36308682
1989 10 24     6.45067412
1989 10 25     3.81154649
1989 10 26     1.38470343
1989 10 27     0.94235619
1989 10 28     0.77333723
1989 10 29     0.66526493
1989 10 30     0.59641440
1989 10 31     0.55871368
1989 11  1     0.54981921
1989 11  2     0.54886512
1989 11  3     0.55460776
1989 11  4     0.56621793
1989 11  5     0.55974077
1989 11  6     0.51815317
1989 11  7     0.47771146
1989 11  8     0.45537728
1989 11  9     0.44356277
1989 11 10     0.42327369
1989 11 11     0.40167856
1989 11 12     0.38147927
1989 11 13     0.36344325
1989 11 14     0.34436095
1989 11 15     0.32844718
1989 11 16     0.31643552
1989 11 17     0.30502025
1989 11 18     0.29388002
1989 11 19     0.28371807
1989 11 20     0.27411202
1989 11 21     0.26469067
1989 11 22     0.25585595
1989 11 23     0.24742327
1989 11 24     1.11034609
1989 11 25     1.42748851
1989 11 26     4.63345552
1989 11 27     2.04401008
1989 11 28     1.05604071
1989 11 29     0.85334110
1989 11 30     0.71864717
1989 12  1     0.62617925
1989 12  2     0.56194859
1989 12  3     0.52091626
1989 12  4     0.48981436
1989 12  5     0.46811145
1989 12  6     0.45013498
1989 12  7     0.43592782
1989 12  8     0.42110510
1989 12  9     0.40782704
1989 12 10     0.38962596
1989 12 11     0.36989189
1989 12 12     0.35515895
1989 12 13     0.34299844
1989 12 14     0.33240992
1989 12 15     0.32290139
1989 12 16     0.31215204
1989 12 17     0.30036975
1989 12 18     0.28972974
1989 12 19     0.28017918
1989 12 20     0.27175641
1989 12 21     0.26400797
1989 12 22     0.25832690
1989 12 23     0.25452839
1989 12 24     0.25208170
1989 12 25     0.24893630
1989 12 26     0.24332731
1989 12 27     0.23457476
1989 12 28     0.22230159
1989 12 29     0.21385848
1989 12 30     0.20822739
1989 12 31     0.20942483
1990  1  1     0.34642484
1990  1  2     0.40788718
1990  1  3     0.25288616
1990  1  4     0.20538717
1990  1  5     0.18829073
1990  1  6     0.17884674
1990  1  7     0.46706460
1990  1  8     1.56978937
1990  1  9     0.87338235
1990  1 10     0.51566046
1990  1 11     0.49182491
1990  1 12     1.42893316
1990  1 13     2.12242127
1990  1 14     2.57844640
1990  1 15     1.71127744
1990  1 16     1.71706582
1990  1 17     1.15413940
1990  1 18     0.88730336
1990  1 19     0.75267022
1990  1 20     0.65381698
1990  1 21     0.58730678
1990  1 22     0.56028091
1990  1 23     0.56948424
1990  1 24     0.58491995
1990  1 25     0.54416405
1990  1 26     0.50622401
1990  1 27     0.46105146
1990  1 28     0.43860723
1990  1 29     0.42873832
1990  1 30     1.10703426
1990  1 31     1.45911574
1990  2  1     1.12247050
1990  2  2     0.71953044
1990  2  3     0.59889583
1990  2  4     1.85352132
1990  2  5     0.99773192
1990  2  6     0.84490183
1990  2  7     0.68097843
1990  2  8     0.55521784
1990  2  9     0.47927886
1990  2 10     0.46173082
1990  2 11     0.52754250
1990  2 12     0.51233677
1990  2 13     0.42639811
1990  2 14     0.38245929
1990  2 15     0.35895913
1990  2 16     0.57531309
1990  2 17     1.10987207
1990  2 18     0.78130133
1990  2 19     0.40139817
1990  2 20     0.35405886
1990  2 21     0.33157972
1990  2 22     0.47053726
1990  2 23     0.67647249
1990  2 24     0.93095241
1990  2 25     1.11936598
1990  2 26     1.23674429
1990  2 27     1.25053140
1990  2 28     1.18061389
1990  3  1     1.16686090
1990  3  2     1.06198877
1990  3  3     3.02063744
1990  3  4     1.91172795
1990  3  5     2.91584213
1990  3  6     1.53141324
1990  3  7     1.29060599
1990  3  8     1.29732467
1990  3  9     1.16344618
1990  3 10     1.42652474
1990  3 11     2.67229308
1990  3 12     2.04206824
1990  3 13     1.30497186
1990  3 14     1.08401820
1990  3 15     1.11495953
1990  3 16     1.66849008
1990  3 17     1.73952882
1990  3 18     1.82031873
1990  3 19     1.98156056
1990  3 20     2.11708030
1990  3 21     2.33899784
1990  3 22     2.50936007
1990  3 23     2.57518675
1990  3 24     2.53034445
1990  3 25     2.52705151
1990  3 26     2.43782237
1990  3 27     2.28124352
1990  3 28     2.10955849
1990  3 29     1.97172671
1990  3 30     1.96065232
1990  3 31     2.01139161
1990  4  1     2.06886658
1990  4  2     2.16548928
1990  4  3     2.26294183
1990  4  4     2.32038922
1990  4  5     2.43782026
1990  4  6     2.43789127
1990  4  7     2.33953740
1990  4  8     2.47734385
1990  4  9     2.14592045
1990  4 10     2.04226506
1990  4 11     2.20332796
1990  4 12     2.32920583
1990  4 13     2.41118133
1990  4 14     2.53460268
1990  4 15     2.47748855
1990  4 16     2.29494692
1990  4 17     2.40120843
1990  4 18     1.94739787
1990  4 19     1.78722970
1990  4 20     1.86727470
1990  4 21     1.87823066
1990  4 22     1.71977270
1990  4 23     3.89035291
1990  4 24     3.57413464
1990  4 25     2.36969513
1990  4 26     2.13257558
1990  4 27     2.12993827
1990  4 28     2.10599210
1990  4 29     1.92386302
1990  4 30     1.70486232
1990  5  1     1.57624352
1990  5  2     1.52796114
1990  5  3     1.55619076
1990  5  4     1.56873045
1990  5  5     1.59208976
1990  5  6     1.58526792
1990  5  7     1.49933662
1990  5  8     1.41823748
1990  5  9     1.35152061
1990  5 10     1.30377107
1990  5 11     1.23732233
1990  5 12     1.17837234
1990  5 13     1.13918966
1990  5 14     1.10265130
1990  5 15     1.06068090
1990  5 16     1.02618317
1990  5 17     1.00105270
1990  5 18     0.96551170
1990  5 19     0.92807150
1990  5 20     0.90179569
1990  5 21     0.87763783
1990  5 22     0.84781704
1990  5 23     0.91951626
1990  5 24     1.59789523
1990  5 25     0.99420979
1990  5 26     0.84775066
1990  5 27     1.20019218
1990  5 28     4.75364865
1990  5 29     2.61373729
1990  5 30     1.95649050
1990  5 31     4.61274990
1990  6  1     2.86616243
1990  6  2     1.90351968
1990  6  3     1.88608549
1990  6  4     1.86583398
1990  6  5     1.62628162
1990  6  6     1.38924058
1990  6  7     1.26818585
1990  6  8     1.18713024
1990  6  9     1.11952386
1990  6 10     1.06323923
1990  6 11     1.01420208
1990  6 12     0.97028017
1990  6 13     0.93079884
1990  6 14     0.90576281
1990  6 15     0.89569240
1990  6 16     0.89757922
1990  6 17     0.82869749
1990  6 18     0.77874228
1990  6 19     0.75610808
1990  6 20     0.72610106
1990  6 21     0.69920491
1990  6 22     0.67602524
1990  6 23     0.65447355
1990  6 24     0.63367448
1990  6 25     0.61364560
1990  6 26     0.59455442
1990  6 27     0.57612641
1990  6 28     0.55837895
1990  6 29     0.54110429
1990  6 30     0.52438390
1990  7  1     0.50820533
1990  7  2     0.54282134
1990  7  3     0.49673319
1990  7  4     0.46461172
1990  7  5     0.45083453
1990  7  6     0.43732985
1990  7  7     0.42415437
1990  7  8     0.41123146
1990  7  9     0.41392396
1990  7 10     0.39581035
1990  7 11     0.39762345
1990  7 12     0.42980594
1990  7 13     0.38485994
1990  7 14     0.34377573
1990  7 15     0.33173003
1990  7 16     0.32178221
1990  7 17     0.31650257
1990  7 18     0.32307633
1990  7 19     0.30271117
1990  7 20     0.28508352
1990  7 21     0.27640488
1990  7 22     0.26806061
1990  7 23     0.26016646
1990  7 24     0.25291893
1990  7 25     0.24590538
1990  7 26     0.23865774
1990  7 27     0.23135196
1990  7 28     0.22417279
1990  7 29     0.21710476
1990  7 30     0.21053494
1990  7 31     0.20425401
1990  8  1     0.19812228
1990  8  2     0.19219378
1990  8  3     0.18648672
1990  8  4     0.18098154
1990  8  5     0.17564588
1990  8  6     0.17046913
1990  8  7     0.20529424
1990  8  8     0.17447937
1990  8  9     0.17078756
1990  8 10     0.15834484
1990  8 11     0.14677686
1990  8 12     0.14244761
1990  8 13     0.14050084
1990  8 14     0.13549535
1990  8 15     0.13021711
1990  8 16     0.12637802
1990  8 17     0.12265256
1990  8 18     0.11903685
1990  8 19     0.11592263
1990  8 20     0.11739829
1990  8 21     0.11516233
1990  8 22     0.10794963
1990  8 23     0.10249644
1990  8 24     0.09947505
1990  8 25     0.09659975
1990  8 26     0.09393594
1990  8 27     0.09102929
1990  8 28     0.08826401
1990  8 29     0.08565293
1990  8 30     0.08312808
1990  8 31     0.08067767
1990  9  1     0.07829949
1990  9  2     0.07599142
1990  9  3     0.07375138
1990  9  4     0.07157737
1990  9  5     0.06946745
1990  9  6     0.06741972
1990  9  7     0.06543236
1990  9  8     0.06350357
1990  9  9     0.06163165
1990  9 10     0.05981490
1990  9 11     0.05805170
1990  9 12     0.05634048
1990  9 13     0.05467971
1990  9 14     0.05306788
1990  9 15     0.05150357
1990  9 16     0.05223638
1990  9 17     0.04949117
1990  9 18     0.04714206
1990  9 19     0.04843586
1990  9 20     0.06885577
1990  9 21     0.05379045
1990  9 22     0.04179809
1990  9 23     0.12266458
1990  9 24     0.16839943
1990  9 25     0.08747971
1990  9 26     0.03906977
1990  9 27     0.03666551
1990  9 28     0.03811787
1990  9 29     0.03535533
1990  9 30     0.03311718
1990 10  1     0.03191002
1990 10  2     0.03096939
1990 10  3     0.03005649
1990 10  4     0.02917050
1990 10  5     0.02831062
1990 10  6     0.02747610
1990 10  7     0.02666617
1990 10  8     0.02588012
1990 10  9     0.02511723
1990 10 10     0.02437684
1990 10 11     0.02365827
1990 10 12     0.02296089
1990 10 13     0.02228406
1990 10 14     0.02162718
1990 10 15     0.02098966
1990 10 16     0.02037094
1990 10 17     0.01977045
1990 10 18     0.03123394
1990 10 19     0.10755666
1990 10 20     0.04511746
1990 10 21     0.01961478
1990 10 22     0.01818002
1990 10 23     0.01709269
1990 10 24     0.01625945
1990 10 25     0.01558935
1990 10 26     0.01510313
1990 10 27     0.01465793
1990 10 28     0.01422585
1990 10 29     0.01380651
1990 10 30     0.01339953
1990 10 31     0.06418248
1990 11  1     0.36602967
1990 11  2     0.11181514
1990 11  3     0.03351915
1990 11  4     0.02415471
1990 11  5     0.02289627
1990 11  6     0.01626182
1990 11  7     0.01164352
1990 11  8     0.01104539
1990 11  9     0.01246132
1990 11 10     0.01391946
1990 11 11     0.01308306
1990 11 12     0.01244287
1990 11 13     0.01021386
1990 11 14     0.00858190
1990 11 15     0.00830193
1990 11 16     0.00805721
1990 11 17     0.00781970
1990 11 18     0.00758920
1990 11 19     0.01115011
1990 11 20     0.10516258
1990 11 21     0.02936578
1990 11 22     0.00900591
1990 11 23     0.00843936
1990 11 24     0.01398476
1990 11 25     0.01585149
1990 11 26     0.41456144
1990 11 27     0.12352940
1990 11 28     0.03782101
1990 11 29     0.02496096
1990 11 30     0.00834209
1990 12  1     0.00661138
1990 12  2     0.00575892
1990 12  3     0.00526363
1990 12  4     0.00586820
1990 12  5     0.00658226
1990 12  6     0.00630057
1990 12  7     0.00593095
1990 12  8     0.00590792
1990 12  9     0.00598241
1990 12 10     0.00595264
1990 12 11     0.05998920
1990 12 12     0.03003706
1990 12 13     0.01241293
1990 12 14     0.00511910
1990 12 15     0.04077039
1990 12 16     0.13069510
1990 12 17     0.04062129
1990 12 18     0.02295559
1990 12 19     0.14683209
1990 12 20     0.06939486
1990 12 21     0.02849596
1990 12 22     0.02137038
1990 12 23     0.01193648
1990 12 24     0.00542716
1990 12 25     0.00347885
1990 12 26     0.00350816
1990 12 27     0.00443943
1990 12 28     0.00481057
1990 12 29     0.00349733
1990 12 30     0.00286221
1990 12 31     0.00294533
1991  1  1     0.00758326
1991  1  2     0.01169999
1991  1  3     0.01259011
1991  1  4     0.10455193
1991  1  5     0.03702163
1991  1  6     0.01012776
1991  1  7     0.02154263
1991  1  8     0.06704357
1991  1  9     0.05796340
1991  1 10     0.02684659
1991  1 11     0.00737938
1991  1 12     0.00735156
1991  1 13     0.00958213
1991  1 14     0.00967750
1991  1 15     0.01004813
1991  1 16     0.00677938
1991  1 17     0.00921790
1991  1 18     0.01263715
1991  1 19     0.00917822
1991  1 20     0.00533863
1991  1 21     0.00270116
1991  1 22     0.00200298
1991  1 23     0.00215907
1991  1 24     0.00371042
1991  1 25     0.00320488
1991  1 26     0.00303609
1991  1 27     0.00243676
1991  1 28     0.00160932
1991  1 29     0.00122109
1991  1 30     0.00399078
1991  1 31     0.00691034
1991  2  1     0.00417262
1991  2  2     0.04102783
1991  2  3     0.15648879
1991  2  4     0.30107124
1991  2  5     0.81266020
1991  2  6     0.32517459
1991  2  7     0.05341421
1991  2  8     0.03310488
1991  2  9     0.02734474
1991  2 10     0.02649710
1991  2 11     0.02942385
1991  2 12     0.02754918
1991  2 13     0.02808192
1991  2 14     0.03471829
1991  2 15     0.04852390
1991  2 16     0.04867425
1991  2 17     0.03041213
1991  2 18     0.01829459
1991  2 19     0.01629623
1991  2 20     0.02200113
1991  2 21     0.02811356
1991  2 22     0.02740736
1991  2 23     0.02299616
1991  2 24     0.02296781
1991  2 25     0.02724119
1991  2 26     0.02732786
1991  2 27     0.02867400
1991  2 28     0.48486853
1991  3  1     1.68599194
1991  3  2     1.08649742
1991  3  3     1.20178439
1991  3  4     3.40289105
1991  3  5     4.34389869
1991  3  6     1.60818447
1991  3  7     0.82489308
1991  3  8     0.69480307
1991  3  9     0.63550316
1991  3 10     0.67022708
1991  3 11     1.70442789
1991  3 12     0.85946181
1991  3 13     2.00729110
1991  3 14     1.00173818
1991  3 15     0.92149791
1991  3 16     0.61836401
1991  3 17     0.54003067
1991  3 18     2.27116410
1991  3 19     1.91296152
1991  3 20     1.53731311
1991  3 21     1.05315322
1991  3 22     0.83680976
1991  3 23     0.65046257
1991  3 24     2.64971267
1991  3 25     5.63887015
1991  3 26     4.07723959
1991  3 27     2.28518538
1991  3 28     1.31122124
1991  3 29     1.06163759
1991  3 30     1.03183331
1991  3 31     1.15512627
1991  4  1     2.04363629
1991  4  2     1.34059384
1991  4  3     1.19339661
1991  4  4     1.40534046
1991  4  5     1.64289516
1991  4  6     1.84711554
1991  4  7     1.44124342
1991  4  8     1.24918922
1991  4  9     1.37623810
1991  4 10     1.34324455
1991  4 11     1.15101125
1991  4 12     1.06954764
1991  4 13     1.16231892
1991  4 14     1.34411877
1991  4 15     1.33912566
1991  4 16     1.12754764
1991  4 17     1.03643796
1991  4 18     1.03856392
1991  4 19     1.09908173
1991  4 20     1.29758897
1991  4 21     1.61711373
1991  4 22     1.51938249
1991  4 23     1.33941116
1991  4 24     1.40374994
1991  4 25     1.56649465
1991  4 26     1.55743563
1991  4 27     1.32633637
1991  4 28     1.39445140
1991  4 29     1.68757461
1991  4 30     1.88358530
1991  5  1     1.88048270
1991  5  2     1.55079013
1991  5  3     1.28439367
1991  5  4     1.34211465
1991  5  5     1.65273031
1991  5  6     2.06085632
1991  5  7     2.20828203
1991  5  8     2.36287774
1991  5  9     1.86966252
1991  5 10     1.49293134
1991  5 11     1.37762989
1991  5 12     1.37698845
1991  5 13     1.63938023
1991  5 14     2.10454095
1991  5 15     1.80389269
1991  5 16     2.04024596
1991  5 17     2.30932747
1991  5 18     2.42444672
1991  5 19     1.95068324
1991  5 20     1.72788688
1991  5 21     1.80428792
1991  5 22     2.17208559
1991  5 23     2.70496268
1991  5 24     2.94544755
1991  5 25     2.98455610
1991  5 26     2.70110682
1991  5 27     2.42900728
1991  5 28     2.35262700
1991  5 29     2.31560967
1991  5 30     2.48695099
1991  5 31     2.18061622
1991  6  1     2.30834123
1991  6  2     2.75111867
1991  6  3     2.90935343
1991  6  4     2.78487020
1991  6  5     2.61324805
1991  6  6     2.41262143
1991  6  7     2.29422843
1991  6  8     2.40259699
1991  6  9     2.50868934
1991  6 10     2.53927375
1991  6 11     2.53427976
1991  6 12     2.47790357
1991  6 13     2.28574047
1991  6 14     2.05129530
1991  6 15     1.87466776
1991  6 16     1.77764752
1991  6 17     1.66526970
1991  6 18     1.55642370
1991  6 19     1.47755711
1991  6 20     1.38897630
1991  6 21     1.31978410
1991  6 22     1.26923451
1991  6 23     1.20749100
1991  6 24     1.15418408
1991  6 25     1.11136484
1991  6 26     1.07220236
1991  6 27     1.03753827
1991  6 28     1.13693617
1991  6 29     1.57642071
1991  6 30     1.44969876
1991  7  1     1.02894754
1991  7  2     0.90385320
1991  7  3     0.86790686
1991  7  4     0.83634654
1991  7  5     0.80735753
1991  7  6     0.78045998
1991  7  7     0.75518630
1991  7  8     0.73121074
1991  7  9     0.70855362
1991  7 10     0.68673464
1991  7 11     0.66545543
1991  7 12     0.64478872
1991  7 13     0.62504551
1991  7 14     0.60619955
1991  7 15     0.58816005
1991  7 16     0.57055071
1991  7 17     0.55352925
1991  7 18     0.53691159
1991  7 19     0.58266349
1991  7 20     0.55168185
1991  7 21     0.49869129
1991  7 22     0.48525073
1991  7 23     0.46714588
1991  7 24     0.44822228
1991  7 25     0.43412313
1991  7 26     0.42117454
1991  7 27     0.40906797
1991  7 28     0.39653462
1991  7 29     0.38425429
1991  7 30     0.37259413
1991  7 31     0.36139375
1991  8  1     0.35073151
1991  8  2     0.34062285
1991  8  3     0.33073876
1991  8  4     0.32090651
1991  8  5     0.31215765
1991  8  6     0.30283196
1991  8  7     0.29361301
1991  8  8     0.28467482
1991  8  9     0.27587538
1991  8 10     0.26755157
1991  8 11     0.25958456
1991  8 12     0.25173220
1991  8 13     0.31987091
1991  8 14     0.27193792
1991  8 15     0.23676908
1991  8 16     0.23216105
1991  8 17     0.21988588
1991  8 18     0.26416837
1991  8 19     0.28366791
1991  8 20     0.22400869
1991  8 21     0.19220167
1991  8 22     0.18649464
1991  8 23     0.18099661
1991  8 24     0.17566091
1991  8 25     0.17048233
1991  8 26     0.16545692
1991  8 27     0.16057968
1991  8 28     0.15612373
1991  8 29     0.15131986
1991  8 30     0.14679224
1991  8 31     0.14246490
1991  9  1     0.13826574
1991  9  2     0.13418998
1991  9  3     0.13024778
1991  9  4     0.12640263
1991  9  5     0.12266859
1991  9  6     0.12093320
1991  9  7     0.21537017
1991  9  8     0.14657508
1991  9  9     0.11050073
1991  9 10     0.11168671
1991  9 11     0.10828888
1991  9 12     0.10087075
1991  9 13     0.09656313
1991  9 14     0.09370925
1991  9 15     0.09094694
1991  9 16     0.08826605
1991  9 17     0.08566418
1991  9 18     0.08313902
1991  9 19     0.08068829
1991  9 20     0.07830980
1991  9 21     0.07600142
1991  9 22     0.07376108
1991  9 23     0.07158679
1991  9 24     0.06947659
1991  9 25     0.06742859
1991  9 26     0.06636226
1991  9 27     0.06394099
1991  9 28     0.06163976
1991  9 29     0.05982277
1991  9 30     0.05805934
1991 10  1     0.05634790
1991 10  2     0.05468690
1991 10  3     0.05307487
1991 10  4     0.05151035
1991 10  5     0.04999195
1991 10  6     0.04851832
1991 10  7     0.04708812
1991 10  8     0.04570008
1991 10  9     0.04435295
1991 10 10     0.04304554
1991 10 11     0.04177666
1991 10 12     0.04054633
1991 10 13     0.03935070
1991 10 14     0.03819008
1991 10 15     0.03706433
1991 10 16     0.03597176
1991 10 17     0.03491141
1991 10 18     0.03388230
1991 10 19     0.03288354
1991 10 20     0.03191421
1991 10 21     0.03097346
1991 10 22     0.03010561
1991 10 23     0.03201516
1991 10 24     0.02977706
1991 10 25     0.02964607
1991 10 26     3.12773999
1991 10 27     2.47581956
1991 10 28     0.57443181
1991 10 29     0.23290546
1991 10 30     0.15392414
1991 10 31     0.10222233
1991 11  1     0.06078957
1991 11  2     0.05890508
1991 11  3     0.07308437
1991 11  4     0.09205324
1991 11  5     0.11561780
1991 11  6     0.13838831
1991 11  7     0.15610909
1991 11  8     0.17158360
1991 11  9     0.18929013
1991 11 10     0.16533877
1991 11 11     0.13270593
1991 11 12     0.12345698
1991 11 13     0.12355489
1991 11 14     0.12805172
1991 11 15     0.10010690
1991 11 16     0.08474694
1991 11 17     0.52946779
1991 11 18     1.32290389
1991 11 19     0.45801068
1991 11 20     0.22299849
1991 11 21     0.18634150
1991 11 22     0.15831008
1991 11 23     0.14666597
1991 11 24     0.14357003
1991 11 25     0.14602511
1991 11 26     0.14597765
1991 11 27     0.20127575
1991 11 28     0.17363903
1991 11 29     0.13187753
1991 11 30     0.11974722
1991 12  1     0.11289969
1991 12  2     0.10743548
1991 12  3     0.10271403
1991 12  4     0.09947085
1991 12  5     0.09620320
1991 12  6     0.09791841
1991 12  7     0.47164768
1991 12  8     0.29897897
1991 12  9     0.17505951
1991 12 10     0.14297452
1991 12 11     0.12799858
1991 12 12     0.11915481
1991 12 13     0.11305707
1991 12 14     0.10899179
1991 12 15     0.10466571
1991 12 16     0.10093188
1991 12 17     0.09714841
1991 12 18     0.69243400
1991 12 19     0.46304964
1991 12 20     0.22473012
1991 12 21     0.17736821
1991 12 22     0.15597840
1991 12 23     0.14544900
1991 12 24     0.13734603
1991 12 25     0.13068083
1991 12 26     0.12515357
1991 12 27     0.12797373
1991 12 28     0.95992099
1991 12 29     1.10294452
1991 12 30     0.39597133
1991 12 31     0.25269253
1992  1  1     0.21294709
1992  1  2     0.18831918
1992  1  3     0.17367583
1992  1  4     0.17551927
1992  1  5     1.74076934
1992  1  6     0.73315224
1992  1  7     0.63679477
1992  1  8     0.49350110
1992  1  9     0.32612376
1992  1 10     0.27275736
1992  1 11     0.24066760
1992  1 12     0.21956500
1992  1 13     0.20520853
1992  1 14     0.19570951
1992  1 15     0.18846761
1992  1 16     0.18538432
1992  1 17     0.18424701
1992  1 18     0.17792661
1992  1 19     0.17880179
1992  1 20     0.17069782
1992  1 21     0.16621905
1992  1 22     0.16272183
1992  1 23     0.16306596
1992  1 24     0.16690133
1992  1 25     0.17168722
1992  1 26     0.17295898
1992  1 27     0.17408054
1992  1 28     0.22714867
1992  1 29     0.23955186
1992  1 30     0.21963760
1992  1 31     0.22762006
1992  2  1     0.28398521
1992  2  2     0.34308524
1992  2  3     0.23322956
1992  2  4     0.20883305
1992  2  5     0.21013479
1992  2  6     0.21083535
1992  2  7     0.35077563
1992  2  8     0.38292737
1992  2  9     0.25713434
1992  2 10     0.96729839
1992  2 11     2.07267317
1992  2 12     2.17894044
1992  2 13     2.63604633
1992  2 14     1.33459586
1992  2 15     4.23437067
1992  2 16     2.82175628
1992  2 17     1.68296579
1992  2 18     1.13952010
1992  2 19     0.96735250
1992  2 20     3.24389992
1992  2 21     1.84716109
1992  2 22     1.76616408
1992  2 23     1.33611112
1992  2 24     1.12696938
1992  2 25     1.08309652
1992  2 26     1.11212010
1992  2 27     1.10967312
1992  2 28     1.10480311
1992  2 29     1.08577317
1992  3  1     1.08791958
1992  3  2     0.98671829
1992  3  3     1.04149575
1992  3  4     1.01006874
1992  3  5     1.07011472
1992  3  6     6.43269630
1992  3  7     3.11568976
1992  3  8     1.95484897
1992  3  9     1.55778068
1992  3 10     1.37853376
1992  3 11     1.31647649
1992  3 12     1.29496722
1992  3 13     1.34805634
1992  3 14     1.34130108
1992  3 15     2.07875353
1992  3 16     2.33000001
1992  3 17     1.79388893
1992  3 18     1.40792014
1992  3 19     1.31702627
1992  3 20     1.34134905
1992  3 21     1.25963190
1992  3 22     1.53151061
1992  3 23     1.67853049
1992  3 24     1.30524438
1992  3 25     1.32386529
1992  3 26     2.18758579
1992  3 27     1.79671687
1992  3 28     1.68713355
1992  3 29     1.70208305
1992  3 30     1.66696559
1992  3 31     2.15128460
1992  4  1     1.97510484
1992  4  2     2.09032474
1992  4  3     2.18417693
1992  4  4     2.15226603
1992  4  5     1.91312669
1992  4  6     1.71662779
1992  4  7     1.71082316
1992  4  8     1.79883827
1992  4  9     1.87309788
1992  4 10     1.92827103
1992  4 11     1.96814252
1992  4 12     1.96375290
1992  4 13     2.52949910
1992  4 14     2.06423889
1992  4 15     1.78458563
1992  4 16     1.70573631
1992  4 17     1.89314271
1992  4 18     1.77205357
1992  4 19     1.65669799
1992  4 20     1.75342436
1992  4 21     1.79431011
1992  4 22     1.62273755
1992  4 23     1.45931216
1992  4 24     1.47341177
1992  4 25     1.62433686
1992  4 26     1.74162510
1992  4 27     1.69074160
1992  4 28     1.70734957
1992  4 29     1.78720038
1992  4 30     1.70593592
1992  5  1     1.45410116
1992  5  2     1.34847051
1992  5  3     1.44394329
1992  5  4     1.56083978
1992  5  5     1.58035873
1992  5  6     1.58754201
1992  5  7     1.49107628
1992  5  8     1.40218870
1992  5  9     1.34301391
1992  5 10     1.26380194
1992  5 11     1.19907619
1992  5 12     1.15079372
1992  5 13     1.08053915
1992  5 14     1.00620330
1992  5 15     0.95589429
1992  5 16     0.91668641
1992  5 17     0.90675138
1992  5 18     0.86071308
1992  5 19     0.81666322
1992  5 20     0.78748019
1992  5 21     0.76001294
1992  5 22     0.73385298
1992  5 23     0.70868983
1992  5 24     0.68501065
1992  5 25     0.66263416
1992  5 26     0.64226891
1992  5 27     0.62149988
1992  5 28     0.60122353
1992  5 29     0.58232608
1992  5 30     0.56411101
1992  5 31     0.54646336
1992  6  1     0.52930760
1992  6  2     0.51378418
1992  6  3     0.49774460
1992  6  4     0.48204591
1992  6  5     0.46751246
1992  6  6     0.45735139
1992  6  7     0.44285325
1992  6  8     0.42830866
1992  6  9     0.41495968
1992  6 10     0.40209557
1992  6 11     0.39030215
1992  6 12     0.38227844
1992  6 13     0.37026570
1992  6 14     0.36780281
1992  6 15     0.40320848
1992  6 16     0.38997784
1992  6 17     0.34153981
1992  6 18     0.32653593
1992  6 19     0.31292361
1992  6 20     0.29948978
1992  6 21     0.33785075
1992  6 22     0.29325208
1992  6 23     0.27359982
1992  6 24     0.27024621
1992  6 25     0.34804324
1992  6 26     0.28956093
1992  6 27     0.24231482
1992  6 28     0.23833037
1992  6 29     0.25260626
1992  6 30     0.70678501
1992  7  1     0.42351359
1992  7  2     0.23958687
1992  7  3     0.21717056
1992  7  4     0.20744554
1992  7  5     0.20000562
1992  7  6     0.19289240
1992  7  7     0.18630335
1992  7  8     0.18000383
1992  7  9     0.17427644
1992  7 10     0.16878100
1992  7 11     0.29099475
1992  7 12     2.77403143
1992  7 13     1.95360193
1992  7 14     0.77502047
1992  7 15     1.66506347
1992  7 16     1.16726306
1992  7 17     0.64275831
1992  7 18     0.55361107
1992  7 19     0.48494157
1992  7 20     0.44209862
1992  7 21     0.40857865
1992  7 22     0.38184328
1992  7 23     0.35971543
1992  7 24     0.34061275
1992  7 25     0.32376943
1992  7 26     0.30884710
1992  7 27     0.29492965
1992  7 28     0.28223428
1992  7 29     0.27075619
1992  7 30     0.26010427
1992  7 31     0.25024332
1992  8  1     0.24094466
1992  8  2     0.23215463
1992  8  3     0.22389665
1992  8  4     0.21608016
1992  8  5     0.20872345
1992  8  6     0.20231480
1992  8  7     0.19541318
1992  8  8     0.18865969
1992  8  9     0.18247328
1992  8 10     0.17689704
1992  8 11     0.19130898
1992  8 12     0.17574806
1992  8 13     0.16057767
1992  8 14     0.15606849
1992  8 15     0.17368352
1992  8 16     0.15579239
1992  8 17     0.14060362
1992  8 18     0.13622167
1992  8 19     0.13212771
1992  8 20     0.12814122
1992  8 21     0.12448627
1992  8 22     0.12150132
1992  8 23     0.11800666
1992  8 24     0.11428320
1992  8 25     0.11063641
1992  8 26     0.10727174
1992  8 27     0.10371474
1992  8 28     0.10036312
1992  8 29     0.09795078
1992  8 30     0.14482452
1992  8 31     0.12093197
1992  9  1     0.09230725
1992  9  2     0.08836793
1992  9  3     0.08495110
1992  9  4     0.08271317
1992  9  5     0.07993550
1992  9  6     0.07716683
1992  9  7     0.07476137
1992  9  8     0.07234299
1992  9  9     0.07002015
1992  9 10     0.06782834
1992  9 11     0.06580510
1992  9 12     0.06399273
1992  9 13     0.06215134
1992  9 14     0.06024965
1992  9 15     0.05851564
1992  9 16     0.05669212
1992  9 17     0.05498882
1992  9 18     0.05939187
1992  9 19     0.05430166
1992  9 20     0.05026353
1992  9 21     0.04878208
1992  9 22     0.04734500
1992  9 23     0.04594795
1992  9 24     0.04459288
1992  9 25     0.04327827
1992  9 26     0.04200243
1992  9 27     0.04076467
1992  9 28     0.03956346
1992  9 29     0.03839674
1992  9 30     0.03726425
1992 10  1     0.03616570
1992 10  2     0.05748778
1992 10  3     0.04407928
1992 10  4     0.03316491
1992 10  5     0.03209024
1992 10  6     0.03114045
1992 10  7     0.03022251
1992 10  8     0.02933162
1992 10  9     0.02846700
1992 10 10     0.02762786
1992 10 11     0.02681346
1992 10 12     0.02602307
1992 10 13     0.02525597
1992 10 14     0.02451149
1992 10 15     0.02378895
1992 10 16     0.02308771
1992 10 17     0.02240715
1992 10 18     0.02174664
1992 10 19     0.02110560
1992 10 20     0.02048346
1992 10 21     0.45507034
1992 10 22     0.19629226
1992 10 23     0.07295915
1992 10 24     0.02588300
1992 10 25     0.01938022
1992 10 26     0.01793090
1992 10 27     0.01742174
1992 10 28     0.06922480
1992 10 29     0.51636211
1992 10 30     1.67887068
1992 10 31     1.00948314
1992 11  1     0.29418852
1992 11  2     0.10958788
1992 11  3     0.07375019
1992 11  4     0.05624113
1992 11  5     0.05048674
1992 11  6     0.04842090
1992 11  7     0.04910372
1992 11  8     0.04508014
1992 11  9     0.03360337
1992 11 10     0.02860973
1992 11 11     0.02726619
1992 11 12     0.02536990
1992 11 13     0.02457347
1992 11 14     0.02380894
1992 11 15     0.02280148
1992 11 16     0.02196434
1992 11 17     0.02114085
1992 11 18     0.02031841
1992 11 19     0.03861540
1992 11 20     0.03748764
1992 11 21     0.02121896
1992 11 22     0.07652313
1992 11 23     0.06079826
1992 11 24     0.02468505
1992 11 25     0.01783883
1992 11 26     0.02610902
1992 11 27     0.03326551
1992 11 28     0.02181450
1992 11 29     0.01439965
1992 11 30     0.01382376
1992 12  1     0.01333494
1992 12  2     0.01301824
1992 12  3     0.01917473
1992 12  4     0.01416906
1992 12  5     0.01196418
1992 12  6     0.02075566
1992 12  7     1.82671062
1992 12  8     0.72204515
1992 12  9     3.66477987
1992 12 10     2.30778288
1992 12 11     3.08086556
1992 12 12     2.05892664
1992 12 13     0.96016275
1992 12 14     0.67777486
1992 12 15     0.52144163
1992 12 16     0.41669056
1992 12 17     0.44844618
1992 12 18     0.45161593
1992 12 19     0.31338733
1992 12 20     0.28341059
1992 12 21     0.25063967
1992 12 22     0.22985427
1992 12 23     0.21655384
1992 12 24     0.20832214
1992 12 25     0.20275848
1992 12 26     0.19551638
1992 12 27     0.23267542
1992 12 28     0.29879731
1992 12 29     3.68224890
1992 12 30     2.02368727
1992 12 31     0.88485974
1993  1  1     1.00552796
1993  1  2     1.16647876
1993  1  3     0.59011849
1993  1  4     0.45049667
1993  1  5     0.35554340
1993  1  6     0.34737636
1993  1  7     6.35193853
1993  1  8     5.92747679
1993  1  9     3.59369037
1993  1 10     3.66764015
1993  1 11     1.67956982
1993  1 12     1.20425619
1993  1 13     6.55413439
1993  1 14     9.72234847
1993  1 15     3.56014100
1993  1 16     4.29847142
1993  1 17     3.79609642
1993  1 18    10.17787807
1993  1 19     3.27106854
1993  1 20     3.44833841
1993  1 21     8.30178243
1993  1 22     9.03528729
1993  1 23     4.08900338
1993  1 24     2.76445119
1993  1 25     2.39422863
1993  1 26     2.14096433
1993  1 27     1.95930201
1993  1 28     1.83330845
1993  1 29     1.72652011
1993  1 30     1.63867324
1993  1 31     1.54658884
1993  2  1     1.47846910
1993  2  2     1.44699474
1993  2  3     1.43077360
1993  2  4     1.42851595
1993  2  5     1.63382494
1993  2  6     1.98856283
1993  2  7     1.58179039
1993  2  8     2.84888688
1993  2  9     7.67915169
1993  2 10     4.00546177
1993  2 11     3.61034950
1993  2 12     2.78809496
1993  2 13     2.09605073
1993  2 14     1.86886365
1993  2 15     1.70869899
1993  2 16     1.64171333
1993  2 17     1.91988573
1993  2 18     2.75710493
1993  2 19     6.43024056
1993  2 20     6.72192501
1993  2 21     4.87155693
1993  2 22     2.80744733
1993  2 23     3.39143959
1993  2 24     5.53328813
1993  2 25     3.21494515
1993  2 26     2.81676132
1993  2 27     2.74644978
1993  2 28     2.03859075
1993  3  1     1.86120073
1993  3  2     1.73684911
1993  3  3     1.81743460
1993  3  4     1.74139356
1993  3  5     1.77624433
1993  3  6     1.87971035
1993  3  7     2.00327736
1993  3  8     2.07513936
1993  3  9     2.11975789
1993  3 10     2.12088567
1993  3 11     2.11751890
1993  3 12     2.15992384
1993  3 13     2.39022402
1993  3 14     2.89972542
1993  3 15     2.62245558
1993  3 16     2.34619348
1993  3 17     7.49433172
1993  3 18     6.18648632
1993  3 19     3.97783751
1993  3 20     3.56349975
1993  3 21     3.55982426
1993  3 22     3.64360212
1993  3 23     5.63003064
1993  3 24    10.88054568
1993  3 25    13.99277646
1993  3 26    12.80436540
1993  3 27     7.97375621
1993  3 28     6.96767839
1993  3 29     5.20825936
1993  3 30     4.74041313
1993  3 31     4.77798344
1993  4  1    10.92586082
1993  4  2     6.88248705
1993  4  3     5.16008579
1993  4  4     6.39301778
1993  4  5     5.27897022
1993  4  6     4.38734317
1993  4  7     4.23049603
1993  4  8     4.42419546
1993  4  9     4.77364521
1993  4 10     4.54545886
1993  4 11     4.06654755
1993  4 12     3.74644051
1993  4 13     3.71465404
1993  4 14     3.73420499
1993  4 15     3.93512044
1993  4 16     3.84499683
1993  4 17     4.01096735
1993  4 18     5.09485593
1993  4 19     4.27462729
1993  4 20     4.15113067
1993  4 21     4.68064650
1993  4 22     4.69348909
1993  4 23     4.04714155
1993  4 24     4.31516061
1993  4 25     4.20336166
1993  4 26     4.24524362
1993  4 27     4.40462695
1993  4 28     4.74124949
1993  4 29     5.45874715
1993  4 30     6.04553740
1993  5  1     6.10658233
1993  5  2     6.07746598
1993  5  3     6.30141290
1993  5  4     5.52508101
1993  5  5     4.76314635
1993  5  6     4.95320024
1993  5  7     4.77015112
1993  5  8     4.67889694
1993  5  9     4.94115633
1993  5 10     5.72975628
1993  5 11     6.49222146
1993  5 12     5.97716877
1993  5 13     4.97832107
1993  5 14     5.04096193
1993  5 15     5.62103845
1993  5 16     5.92126870
1993  5 17     6.31969128
1993  5 18     6.72403756
1993  5 19     6.69093659
1993  5 20     6.66277281
1993  5 21     6.25936046
1993  5 22     5.89875276
1993  5 23     5.94611712
1993  5 24     6.17138580
1993  5 25     7.59550733
1993  5 26     6.65715488
1993  5 27     5.49094998
1993  5 28     4.90888952
1993  5 29     4.73145451
1993  5 30     5.11234163
1993  5 31     7.03732619
1993  6  1     6.83584313
1993  6  2     5.18363927
1993  6  3     4.37728506
1993  6  4     4.35382227
1993  6  5     6.99727688
1993  6  6     5.52361969
1993  6  7     5.36499673
1993  6  8     4.54224623
1993  6  9     4.52999853
1993  6 10     4.85672230
1993  6 11     4.82390786
1993  6 12     4.51463346
1993  6 13     4.50804310
1993  6 14     4.79084368
1993  6 15     4.79714020
1993  6 16     4.51956082
1993  6 17     4.20143454
1993  6 18     4.17466514
1993  6 19     4.10474032
1993  6 20     3.88049025
1993  6 21     3.67209923
1993  6 22     3.34945118
1993  6 23     3.09892217
1993  6 24     3.05641717
1993  6 25     3.07914332
1993  6 26     3.00535977
1993  6 27     2.82289028
1993  6 28     2.60879324
1993  6 29     2.44304032
1993  6 30     2.30565844
1993  7  1     2.19353689
1993  7  2     2.09092415
1993  7  3     2.00123471
1993  7  4     1.92253243
1993  7  5     1.84950149
1993  7  6     1.78358024
1993  7  7     1.72124992
1993  7  8     1.66283240
1993  7  9     1.60828490
1993  7 10     1.55646873
1993  7 11     1.50684196
1993  7 12     1.45940654
1993  7 13     1.41434864
1993  7 14     1.37085531
1993  7 15     1.32901206
1993  7 16     1.28884580
1993  7 17     1.24949741
1993  7 18     1.21106000
1993  7 19     1.17417797
1993  7 20     1.13907552
1993  7 21     1.10521288
1993  7 22     1.07216104
1993  7 23     1.03978095
1993  7 24     1.00848832
1993  7 25     0.97819223
1993  7 26     0.94934286
1993  7 27     0.92113777
1993  7 28     0.89360268
1993  7 29     0.86719264
1993  7 30     0.84200825
1993  7 31     0.81633986
1993  8  1     0.79133927
1993  8  2     0.76680772
1993  8  3     0.74380277
1993  8  4     0.72220598
1993  8  5     0.70077795
1993  8  6     0.68008725
1993  8  7     0.66045740
1993  8  8     0.64164513
1993  8  9     0.62243210
1993  8 10     0.60380580
1993  8 11     0.58668983
1993  8 12     0.57013556
1993  8 13     0.55333575
1993  8 14     0.53661704
1993  8 15     0.52092884
1993  8 16     0.50620749
1993  8 17     0.49066740
1993  8 18     0.47572817
1993  8 19     0.46137185
1993  8 20     0.44855755
1993  8 21     0.43547435
1993  8 22     0.42174925
1993  8 23     0.40840801
1993  8 24     0.39621776
1993  8 25     0.38472688
1993  8 26     0.37350151
1993  8 27     0.36233623
1993  8 28     0.35118033
1993  8 29     0.34092268
1993  8 30     0.33089591
1993  8 31     0.32143726
1993  9  1     0.31209698
1993  9  2     0.30265833
1993  9  3     0.29308508
1993  9  4     0.28429890
1993  9  5     0.27608071
1993  9  6     0.26832488
1993  9  7     0.26053190
1993  9  8     0.25242893
1993  9  9     0.24481189
1993  9 10     0.23757827
1993  9 11     0.23057541
1993  9 12     0.22377850
1993  9 13     0.21731970
1993  9 14     0.21113687
1993  9 15     0.20514673
1993  9 16     0.19942459
1993  9 17     0.19419119
1993  9 18     0.18909967
1993  9 19     0.18308473
1993  9 20     0.17699246
1993  9 21     0.17174641
1993  9 22     0.16656709
1993  9 23     0.16180558
1993  9 24     0.15682784
1993  9 25     0.15178130
1993  9 26     0.14719991
1993  9 27     0.14285646
1993  9 28     0.13864540
1993  9 29     0.13455848
1993  9 30     0.13059203
1993 10  1     0.12674250
1993 10  2     0.12300645
1993 10  3     0.11938053
1993 10  4     0.11586148
1993 10  5     0.12169787
1993 10  6     0.15052576
1993 10  7     0.12430974
1993 10  8     0.10348142
1993 10  9     0.10024539
1993 10 10     0.09712410
1993 10 11     0.17897086
1993 10 12     0.12639295
1993 10 13     0.09003245
1993 10 14     0.11148433
1993 10 15     0.64180002
1993 10 16     0.50510717
1993 10 17     0.21867306
1993 10 18     0.10658401
1993 10 19     0.08315476
1993 10 20     0.07827646
1993 10 21     0.07507579
1993 10 22     0.07106875
1993 10 23     0.06737616
1993 10 24     0.06494697
1993 10 25     0.06299042
1993 10 26     0.06077754
1993 10 27     0.05892483
1993 10 28     0.05740742
1993 10 29     0.05584806
1993 10 30     0.05399186
1993 10 31     0.05239548
1993 11  1     0.05117738
1993 11  2     0.04975684
1993 11  3     0.04836073
1993 11  4     0.04688685
1993 11  5     0.04547740
1993 11  6     0.04421947
1993 11  7     0.04296080
1993 11  8     0.04168817
1993 11  9     0.04046152
1993 11 10     0.03934936
1993 11 11     0.17433924
1993 11 12     0.36347400
1993 11 13     0.14339005
1993 11 14     0.05142513
1993 11 15     0.03952935
1993 11 16     0.03545862
1993 11 17     0.03368864
1993 11 18     0.03239166
1993 11 19     0.03119646
1993 11 20     0.03041608
1993 11 21     0.02992999
1993 11 22     0.07487560
1993 11 23     0.05096253
1993 11 24     0.02795224
1993 11 25     0.02636238
1993 11 26     0.02548963
1993 11 27     0.02554283
1993 11 28     0.03027339
1993 11 29     0.07366471
1993 11 30     0.89016111
1993 12  1     0.26991588
1993 12  2     0.06580934
1993 12  3     0.05641831
1993 12  4     0.03492763
1993 12  5     0.02213929
1993 12  6     0.02060863
1993 12  7     0.01976981
1993 12  8     0.02104403
1993 12  9     0.18388935
1993 12 10     0.06933278
1993 12 11     0.15385740
1993 12 12     0.83424350
1993 12 13     0.19073654
1993 12 14     0.25260098
1993 12 15     0.36149551
1993 12 16     0.11566642
1993 12 17     0.06748538
1993 12 18     0.04056430
1993 12 19     0.02535052
1993 12 20     0.01825348
1993 12 21     0.01577722
1993 12 22     0.01575749
1993 12 23     0.01712376
1993 12 24     0.01852692
1993 12 25     0.01836598
1993 12 26     0.01967712
1993 12 27     0.18462195
1993 12 28     0.06069739
1993 12 29     0.01748643
1993 12 30     0.01406835
1993 12 31     0.01223782
1994  1  1     0.01111487
1994  1  2     0.01054526
1994  1  3     0.01047605
1994  1  4     0.10976959
1994  1  5     0.39345068
1994  1  6     0.11662518
1994  1  7     0.02576242
1994  1  8     0.01298798
1994  1  9     0.01012242
1994  1 10     0.00908832
1994  1 11     0.00849378
1994  1 12     0.00819130
1994  1 13     0.00972321
1994  1 14     0.01096036
1994  1 15     0.01242020
1994  1 16     0.01322392
1994  1 17     0.01494934
1994  1 18     0.01884646
1994  1 19     0.02085223
1994  1 20     0.01820087
1994  1 21     0.01744483
1994  1 22     0.01681043
1994  1 23     0.70083396
1994  1 24     0.54547166
1994  1 25     0.81338840
1994  1 26     0.37645210
1994  1 27     0.16482953
1994  1 28     0.09444721
1994  1 29     0.05892532
1994  1 30     0.03885576
1994  1 31     0.03108045
1994  2  1     0.03157250
1994  2  2     0.03052817
1994  2  3     0.02825686
1994  2  4     0.02620723
1994  2  5     0.02567649
1994  2  6     0.04020056
1994  2  7     0.83969462
1994  2  8     1.84976332
1994  2  9     0.52385998
1994  2 10     0.30216727
1994  2 11     0.52086497
1994  2 12     0.23758490
1994  2 13     0.16106248
1994  2 14     0.14527246
1994  2 15     0.14162183
1994  2 16     0.14757189
1994  2 17     1.93264198
1994  2 18     2.81715222
1994  2 19     1.02783459
1994  2 20     1.13668903
1994  2 21     0.91845654
1994  2 22     1.02686892
1994  2 23     0.64433765
1994  2 24     0.53515105
1994  2 25     0.56488907
1994  2 26     0.83661893
1994  2 27     0.77841286
1994  2 28     0.64152107
1994  3  1     0.63754686
1994  3  2     0.71517768
1994  3  3     0.74324093
1994  3  4     0.75298145
1994  3  5     1.62577624
1994  3  6     2.09070258
1994  3  7     1.22181852
1994  3  8     1.05315852
1994  3  9     1.02864750
1994  3 10     1.02681879
1994  3 11     0.94748340
1994  3 12     0.92410357
1994  3 13     1.06477911
1994  3 14     1.16644405
1994  3 15     1.27260989
1994  3 16     1.27402737
1994  3 17     1.06512202
1994  3 18     1.02725670
1994  3 19     1.14416333
1994  3 20     1.03785006
1994  3 21     0.96382954
1994  3 22     0.85277943
1994  3 23     0.77507172
1994  3 24     0.72341811
1994  3 25     0.76037110
1994  3 26     0.71729781
1994  3 27     0.75379736
1994  3 28     0.87642706
1994  3 29     0.97411802
1994  3 30     1.01881704
1994  3 31     1.00687479
1994  4  1     0.98455337
1994  4  2     1.01837749
1994  4  3     1.48704759
1994  4  4     1.28056127
1994  4  5     0.97722581
1994  4  6     0.98167574
1994  4  7     0.86861427
1994  4  8     0.82701784
1994  4  9     1.82725721
1994  4 10     1.14083907
1994  4 11     0.88702242
1994  4 12     1.02019055
1994  4 13     1.20989604
1994  4 14     1.38391378
1994  4 15     1.54694259
1994  4 16     1.75588297
1994  4 17     1.75252394
1994  4 18     1.67540358
1994  4 19     1.58224678
1994  4 20     1.43044792
1994  4 21     1.31514782
1994  4 22     1.17384028
1994  4 23     1.08707212
1994  4 24     1.57074941
1994  4 25     2.06501786
1994  4 26     2.98674552
1994  4 27     1.63333865
1994  4 28     1.31168475
1994  4 29     1.20218065
1994  4 30     1.26788251
1994  5  1     1.56889699
1994  5  2     1.72976901
1994  5  3     1.70812454
1994  5  4     1.58141746
1994  5  5     1.41246627
1994  5  6     1.55199576
1994  5  7     2.13645345
1994  5  8     1.85096035
1994  5  9     1.55770785
1994  5 10     1.57839025
1994  5 11     1.74534809
1994  5 12     1.85623474
1994  5 13     1.77248886
1994  5 14     1.63911360
1994  5 15     1.54362637
1994  5 16     1.33745927
1994  5 17     1.18528185
1994  5 18     1.93293959
1994  5 19     2.64893764
1994  5 20     1.80085455
1994  5 21     1.43235129
1994  5 22     1.50633662
1994  5 23     1.63198864
1994  5 24     1.49726032
1994  5 25     1.42285828
1994  5 26     1.36635890
1994  5 27     1.26110653
1994  5 28     1.17574956
1994  5 29     1.08238827
1994  5 30     1.00755854
1994  5 31     1.02573377
1994  6  1     0.95283528
1994  6  2     0.88024657
1994  6  3     0.84709275
1994  6  4     0.81442103
1994  6  5     0.78420360
1994  6  6     0.75635422
1994  6  7     0.73014199
1994  6  8     0.70484808
1994  6  9     0.68073616
1994  6 10     0.65771610
1994  6 11     0.63587034
1994  6 12     0.61535748
1994  6 13     0.59577668
1994  6 14     0.57721227
1994  6 15     0.55940401
1994  6 16     0.54255992
1994  6 17     0.52589133
1994  6 18     0.50954565
1994  6 19     0.49371079
1994  6 20     0.47827377
1994  6 21     0.46378396
1994  6 22     0.44964433
1994  6 23     0.43611655
1994  6 24     0.42284963
1994  6 25     0.41011160
1994  6 26     0.39783396
1994  6 27     0.38557340
1994  6 28     0.37370246
1994  6 29     0.36242514
1994  6 30     0.35161257
1994  7  1     0.34124139
1994  7  2     0.33118442
1994  7  3     0.32135626
1994  7  4     0.31180186
1994  7  5     0.30257963
1994  7  6     0.29348703
1994  7  7     0.28466415
1994  7  8     0.27580129
1994  7  9     0.26754972
1994  7 10     0.25964916
1994  7 11     0.25198347
1994  7 12     0.24454589
1994  7 13     0.23732822
1994  7 14     0.23032534
1994  7 15     0.22352911
1994  7 16     0.21693447
1994  7 17     0.21441870
1994  7 18     0.20645686
1994  7 19     0.19830106
1994  7 20     0.19245169
1994  7 21     0.18677803
1994  7 22     0.18164023
1994  7 23     0.17612315
1994  7 24     0.17073503
1994  7 25     0.16569974
1994  7 26     0.16081480
1994  7 27     0.15607333
1994  7 28     0.15147039
1994  7 29     0.14700484
1994  7 30     0.14267069
1994  7 31     0.13846500
1994  8  1     0.13438344
1994  8  2     0.13042142
1994  8  3     0.12657622
1994  8  4     0.12284520
1994  8  5     0.11922366
1994  8  6     0.11570904
1994  8  7     0.11229805
1994  8  8     0.10898816
1994  8  9     0.10577553
1994  8 10     0.10265689
1994  8 11     0.09963051
1994  8 12     0.09669402
1994  8 13     0.09384353
1994  8 14     0.09107697
1994  8 15     0.08839230
1994  8 16     0.08578667
1994  8 17     0.08325785
1994  8 18     0.08080361
1994  8 19     0.07842172
1994  8 20     0.07611005
1994  8 21     0.07386651
1994  8 22     0.07168911
1994  8 23     0.06957589
1994  8 24     0.06752497
1994  8 25     0.06553450
1994  8 26     0.06360271
1994  8 27     0.06172786
1994  8 28     0.05990827
1994  8 29     0.05814233
1994  8 30     0.05642843
1994  8 31     0.05476506
1994  9  1     0.05315073
1994  9  2     0.05158397
1994  9  3     0.05006341
1994  9  4     0.04858766
1994  9  5     0.04715542
1994  9  6     0.04576539
1994  9  7     0.04441634
1994  9  8     0.04310706
1994  9  9     0.04183637
1994  9 10     0.04060314
1994  9 11     0.03940626
1994  9 12     0.04526426
1994  9 13     0.04972962
1994  9 14     0.04087590
1994  9 15     0.03498444
1994  9 16     0.03393073
1994  9 17     0.03293054
1994  9 18     0.03195983
1994  9 19     0.03141110
1994  9 20     0.03072073
1994  9 21     0.02944100
1994  9 22     0.02835482
1994  9 23     0.02751899
1994  9 24     0.05615283
1994  9 25     0.04925565
1994  9 26     0.03166575
1994  9 27     0.02441505
1994  9 28     0.03611440
1994  9 29     0.34302663
1994  9 30     0.13912712
1994 10  1     0.02569040
1994 10  2     0.02268283
1994 10  3     0.02123124
1994 10  4     0.26903900
1994 10  5     1.58412570
1994 10  6     0.45787342
1994 10  7     0.12015152
1994 10  8     0.06202192
1994 10  9     0.04211393
1994 10 10     0.04104923
1994 10 11     0.04036718
1994 10 12     0.03713461
1994 10 13     0.02902640
1994 10 14     0.02299452
1994 10 15     0.02674860
1994 10 16     0.02245052
1994 10 17     0.01822222
1994 10 18     0.01777826
1994 10 19     0.01863850
1994 10 20     0.01869824
1994 10 21     0.01866242
1994 10 22     0.01896456
1994 10 23     0.01776448
1994 10 24     0.01682145
1994 10 25     0.01640274
1994 10 26     0.01581159
1994 10 27     0.01525341
1994 10 28     0.01472496
1994 10 29     0.01422355
1994 10 30     0.01374651
1994 10 31     0.01329175
1994 11  1     0.01517452
1994 11  2     0.16903387
1994 11  3     0.07487384
1994 11  4     0.01468828
1994 11  5     0.40997211
1994 11  6     1.90904214
1994 11  7     1.03939586
1994 11  8     0.36762585
1994 11  9     0.21015291
1994 11 10     0.79428249
1994 11 11     0.27564881
1994 11 12     0.13706737
1994 11 13     0.11392548
1994 11 14     0.09590995
1994 11 15     0.06910172
1994 11 16     0.23097851
1994 11 17     0.42018135
1994 11 18     0.52250520
1994 11 19     0.17023958
1994 11 20     0.10808837
1994 11 21     0.07591270
1994 11 22     0.05887158
1994 11 23     0.05005048
1994 11 24     0.05135576
1994 11 25     0.69658216
1994 11 26     1.02636570
1994 11 27     0.28443724
1994 11 28     0.19438028
1994 11 29     0.11882095
1994 11 30     0.07526001
1994 12  1     0.05746342
1994 12  2     0.05261096
1994 12  3     0.32606820
1994 12  4     1.23786364
1994 12  5     0.79271371
1994 12  6     0.45054397
1994 12  7     0.40630788
1994 12  8     0.26459428
1994 12  9     0.21963826
1994 12 10     0.19679290
1994 12 11     0.18284264
1994 12 12     0.33973005
1994 12 13     0.65971379
1994 12 14     0.55054396
1994 12 15     0.35224744
1994 12 16     0.37133394
1994 12 17     0.23549738
1994 12 18     0.18259444
1994 12 19     0.16526296
1994 12 20     0.16184404
1994 12 21     0.15718286
1994 12 22     0.14944659
1994 12 23     0.14949242
1994 12 24     0.95194098
1994 12 25     1.84667738
1994 12 26     0.71259648
1994 12 27     0.49867808
1994 12 28     1.22690293
1994 12 29     0.69367676
1994 12 30     0.46716717
1994 12 31     0.40619403
1995  1  1     0.37543350
1995  1  2     0.33424503
1995  1  3     0.35046875
1995  1  4     0.35792836
1995  1  5     3.28968442
1995  1  6     2.69030150
1995  1  7     2.76441595
1995  1  8     1.95946710
1995  1  9     3.44471926
1995  1 10     9.94252598
1995  1 11    10.61773066
1995  1 12     5.40021093
1995  1 13     8.29383925
1995  1 14    11.07418242
1995  1 15    12.97204553
1995  1 16     6.72721195
1995  1 17     4.41119176
1995  1 18     3.50146632
1995  1 19     3.06832754
1995  1 20     2.77673386
1995  1 21     2.55369246
1995  1 22     2.45059536
1995  1 23     4.63659071
1995  1 24     5.29366715
1995  1 25    11.17920142
1995  1 26     5.75247530
1995  1 27     9.44656166
1995  1 28     6.01376904
1995  1 29     3.65020908
1995  1 30     3.16029089
1995  1 31     2.90390031
1995  2  1     2.67525921
1995  2  2     2.51381674
1995  2  3     2.43422335
1995  2  4     2.39445792
1995  2  5     2.34490335
1995  2  6     2.30787183
1995  2  7     2.22218907
1995  2  8     2.14670126
1995  2  9     2.06421927
1995  2 10     1.94169937
1995  2 11     1.87784451
1995  2 12     1.80946877
1995  2 13     1.73891003
1995  2 14     2.30750708
1995  2 15     1.76160285
1995  2 16     1.64878760
1995  2 17     1.61471893
1995  2 18     1.63029174
1995  2 19     1.97017350
1995  2 20     2.17048724
1995  2 21     2.12141554
1995  2 22     2.13151572
1995  2 23     2.13152742
1995  2 24     2.17000396
1995  2 25     2.17637815
1995  2 26     2.12436440
1995  2 27     2.14361903
1995  2 28     2.10030081
1995  3  1     2.40646182
1995  3  2     2.26911229
1995  3  3     8.73482685
1995  3  4     6.67089576
1995  3  5     4.17030529
1995  3  6     3.15370589
1995  3  7     2.74399348
1995  3  8     2.55331543
1995  3  9     9.92240269
1995  3 10    25.40100842
1995  3 11    33.81719761
1995  3 12    19.36299602
1995  3 13     9.93923319
1995  3 14     9.91682543
1995  3 15     7.64987556
1995  3 16     6.47585991
1995  3 17     5.85729210
1995  3 18     6.86542728
1995  3 19     6.79173741
1995  3 20     7.09368329
1995  3 21    16.58989399
1995  3 22    11.01878687
1995  3 23    15.11535323
1995  3 24     9.63402371
1995  3 25     6.11850504
1995  3 26     5.21838225
1995  3 27     4.72045070
1995  3 28     4.42710179
1995  3 29     4.19714626
1995  3 30     4.09002433
1995  3 31     4.18330207
1995  4  1     4.36361065
1995  4  2     4.19742398
1995  4  3     4.45635185
1995  4  4     5.06775079
1995  4  5     5.10659412
1995  4  6     4.99473001
1995  4  7     8.13711289
1995  4  8     8.99314059
1995  4  9     6.11823152
1995  4 10     4.73077255
1995  4 11     4.90189465
1995  4 12     5.51825067
1995  4 13     8.29786161
1995  4 14     6.89126298
1995  4 15     4.85357363
1995  4 16     4.67294301
1995  4 17     4.35478019
1995  4 18     4.31657997
1995  4 19     3.83807682
1995  4 20     4.46648700
1995  4 21     4.11950396
1995  4 22     3.70816135
1995  4 23     3.92641495
1995  4 24     4.29819652
1995  4 25     4.55629778
1995  4 26     4.76222619
1995  4 27     5.01453060
1995  4 28    10.72339378
1995  4 29    12.95685947
1995  4 30    15.28020153
1995  5  1    19.73023052
1995  5  2    19.47471292
1995  5  3    11.15271719
1995  5  4     8.24961173
1995  5  5     8.68723249
1995  5  6    12.52240300
1995  5  7     7.81625672
1995  5  8     6.72007676
1995  5  9     6.51789902
1995  5 10     6.38777274
1995  5 11     6.36299702
1995  5 12     5.77610181
1995  5 13     9.58964090
1995  5 14     8.83471406
1995  5 15     7.38371515
1995  5 16     5.95097800
1995  5 17     5.80873857
1995  5 18     6.29092831
1995  5 19     6.80066075
1995  5 20     7.20593486
1995  5 21     7.43271120
1995  5 22     7.22413330
1995  5 23     7.16066151
1995  5 24     7.00146958
1995  5 25     6.97427935
1995  5 26     6.62130650
1995  5 27     6.67908208
1995  5 28     6.82780946
1995  5 29     7.11291373
1995  5 30     7.60010205
1995  5 31     7.91684439
1995  6  1     8.00980960
1995  6  2     7.55503169
1995  6  3     6.94258881
1995  6  4     6.77746902
1995  6  5     6.73795234
1995  6  6     5.75328950
1995  6  7     4.98198641
1995  6  8     4.61237538
1995  6  9     4.61084142
1995  6 10     5.03955431
1995  6 11     5.58067210
1995  6 12     5.94510738
1995  6 13     6.15761088
1995  6 14     6.25208918
1995  6 15     5.82865535
1995  6 16     6.26734422
1995  6 17     4.53879954
1995  6 18     4.09639629
1995  6 19     4.18768313
1995  6 20     4.12178019
1995  6 21     4.12942820
1995  6 22     4.59752979
1995  6 23     5.21887093
1995  6 24     5.58925261
1995  6 25     5.81624568
1995  6 26     6.04910689
1995  6 27     5.92884914
1995  6 28     5.61084554
1995  6 29     5.39530333
1995  6 30     5.22698571
1995  7  1     5.06101900
1995  7  2     4.80149529
1995  7  3     4.60521848
1995  7  4     4.53113358
1995  7  5     4.56709176
1995  7  6     4.67475089
1995  7  7     4.60663832
1995  7  8     4.58292842
1995  7  9     4.49966696
1995  7 10     4.22960788
1995  7 11     3.88835667
1995  7 12     3.54482086
1995  7 13     3.28861546
1995  7 14     3.23913570
1995  7 15     3.35360966
1995  7 16     3.50677222
1995  7 17     3.56904229
1995  7 18     3.39571807
1995  7 19     3.08495598
1995  7 20     2.86806116
1995  7 21     2.75346601
1995  7 22     2.59851870
1995  7 23     2.41920458
1995  7 24     2.24251306
1995  7 25     2.09281995
1995  7 26     1.99896134
1995  7 27     1.93955225
1995  7 28     1.89083285
1995  7 29     1.81666641
1995  7 30     1.70970322
1995  7 31     1.62657843
1995  8  1     1.56733632
1995  8  2     1.51259774
1995  8  3     1.46073697
1995  8  4     1.41017406
1995  8  5     1.36260282
1995  8  6     1.31865474
1995  8  7     1.27743560
1995  8  8     1.23779429
1995  8  9     1.19924211
1995  8 10     1.16229884
1995  8 11     1.12697231
1995  8 12     1.09266535
1995  8 13     1.05915442
1995  8 14     1.02682630
1995  8 15     0.99573694
1995  8 16     0.96604988
1995  8 17     0.93808280
1995  8 18     0.91093159
1995  8 19     0.88327932
1995  8 20     0.85528308
1995  8 21     0.82966439
1995  8 22     0.80447526
1995  8 23     0.78038670
1995  8 24     0.75762038
1995  8 25     0.73584083
1995  8 26     0.71456069
1995  8 27     0.69358770
1995  8 28     0.67311003
1995  8 29     0.65348991
1995  8 30     0.63406225
1995  8 31     0.61496781
1995  9  1     0.59625076
1995  9  2     0.57816107
1995  9  3     0.56098243
1995  9  4     0.54514529
1995  9  5     0.52955017
1995  9  6     0.51364380
1995  9  7     0.49833998
1995  9  8     0.48367928
1995  9  9     0.46909609
1995  9 10     0.45561212
1995  9 11     0.44220200
1995  9 12     0.42894614
1995  9 13     0.41581963
1995  9 14     0.40323919
1995  9 15     0.39078027
1995  9 16     0.37938274
1995  9 17     0.36904967
1995  9 18     0.35810069
1995  9 19     0.34695391
1995  9 20     0.33600691
1995  9 21     0.32624372
1995  9 22     0.31697021
1995  9 23     0.30805373
1995  9 24     0.29897386
1995  9 25     0.29078870
1995  9 26     0.28296491
1995  9 27     0.27484172
1995  9 28     0.26685378
1995  9 29     0.25919892
1995  9 30     0.25160457
1995 10  1     0.24424192
1995 10  2     0.23683216
1995 10  3     0.22900567
1995 10  4     0.22226154
1995 10  5     0.21570640
1995 10  6     0.20960797
1995 10  7     0.20360685
1995 10  8     0.19770858
1995 10  9     0.19185931
1995 10 10     0.18610206
1995 10 11     0.18021696
1995 10 12     0.17540840
1995 10 13     0.17022058
1995 10 14     0.16453194
1995 10 15     0.15936134
1995 10 16     0.15520276
1995 10 17     0.15115954
1995 10 18     0.14621138
1995 10 19     0.14172331
1995 10 20     0.13728658
1995 10 21     0.13331262
1995 10 22     0.12997561
1995 10 23     0.12680794
1995 10 24     0.12345688
1995 10 25     0.11984036
1995 10 26     0.11609729
1995 10 27     0.11203612
1995 10 28     0.10807359
1995 10 29     0.10498336
1995 10 30     0.10206782
1995 10 31     0.09911104
1995 11  1     0.09668942
1995 11  2     0.09415524
1995 11  3     0.09170397
1995 11  4     0.08888371
1995 11  5     0.08622365
1995 11  6     0.08373280
1995 11  7     0.08117355
1995 11  8     0.07808278
1995 11  9     0.07559663
1995 11 10     0.07404074
1995 11 11     0.07186733
1995 11 12     0.06923001
1995 11 13     0.06698856
1995 11 14     0.06484173
1995 11 15     0.06295110
1995 11 16     0.06115714
1995 11 17     0.05949508
1995 11 18     0.05761409
1995 11 19     0.05605396
1995 11 20     0.05436596
1995 11 21     0.05254587
1995 11 22     0.05170084
1995 11 23     0.05011831
1995 11 24     0.04808954
1995 11 25     0.04655049
1995 11 26     0.15800633
1995 11 27     0.08283594
1995 11 28     0.04603658
1995 11 29     0.04312991
1995 11 30     0.04115441
1995 12  1     0.03975429
1995 12  2     0.03911098
1995 12  3     0.03797581
1995 12  4     0.34121930
1995 12  5     0.21726491
1995 12  6     0.06130798
1995 12  7     0.06563445
1995 12  8     0.04631561
1995 12  9     0.03296181
1995 12 10     0.03135665
1995 12 11     0.28255234
1995 12 12     3.29732170
1995 12 13     2.70683719
1995 12 14     1.15533228
1995 12 15     0.57499169
1995 12 16     0.66955925
1995 12 17     0.26943079
1995 12 18     0.18614459
1995 12 19     0.13680294
1995 12 20     0.09957557
1995 12 21     0.08063774
1995 12 22     0.06930770
1995 12 23     0.08980673
1995 12 24     0.07089308
1995 12 25     0.05959499
1995 12 26     0.05714790
1995 12 27     0.05532293
1995 12 28     0.11966799
1995 12 29     0.07764340
1995 12 30     1.48711646
1995 12 31     0.64373594
1996  1  1     0.28660283
1996  1  2     0.20042736
1996  1  3     0.17850188
1996  1  4     0.16143613
1996  1  5     0.14724600
1996  1  6     0.14291313
1996  1  7     0.14535976
1996  1  8     0.14691470
1996  1  9     0.14773206
1996  1 10     0.14697817
1996  1 11     0.14277370
1996  1 12     0.14896528
1996  1 13     0.15426720
1996  1 14     0.15660192
1996  1 15     0.32937525
1996  1 16     1.59386350
1996  1 17     3.63562720
1996  1 18     2.29804611
1996  1 19     3.38940417
1996  1 20     1.58907717
1996  1 21     2.18484044
1996  1 22     1.34427705
1996  1 23     0.95132454
1996  1 24     1.27229445
1996  1 25     5.14983745
1996  1 26     2.07577624
1996  1 27     2.61079141
1996  1 28     4.77907938
1996  1 29     2.25508163
1996  1 30     1.44864326
1996  1 31     2.15580857
1996  2  1     1.81604358
1996  2  2     1.20253915
1996  2  3     1.01741212
1996  2  4     4.66753545
1996  2  5    14.36804226
1996  2  6     6.30573723
1996  2  7     3.13196485
1996  2  8     2.68657281
1996  2  9     2.40448508
1996  2 10     2.21155293
1996  2 11     2.09961311
1996  2 12     2.07046144
1996  2 13     2.05529883
1996  2 14     2.03062080
1996  2 15     2.01047535
1996  2 16     2.26066767
1996  2 17     2.25946171
1996  2 18     2.86923904
1996  2 19    10.18214403
1996  2 20    19.93581067
1996  2 21    14.85028303
1996  2 22    12.43611159
1996  2 23     6.17494748
1996  2 24     5.44378093
1996  2 25     4.77238148
1996  2 26     4.01453298
1996  2 27     3.49382207
1996  2 28     3.12949584
1996  2 29     2.95609672
1996  3  1     2.86148121
1996  3  2     2.84057888
1996  3  3     2.80814706
1996  3  4     6.21137104
1996  3  5    16.77814170
1996  3  6     7.15174294
1996  3  7     4.44188915
1996  3  8     4.04812945
1996  3  9     4.17027900
1996  3 10     4.18762007
1996  3 11     4.84323661
1996  3 12     8.27354789
1996  3 13     5.49704016
1996  3 14     4.00816669
1996  3 15     3.70895280
1996  3 16     3.62721758
1996  3 17     3.89753961
1996  3 18     4.17794439
1996  3 19     4.51554574
1996  3 20     4.49532828
1996  3 21     4.49934644
1996  3 22     4.36682691
1996  3 23     3.68310084
1996  3 24     3.25438504
1996  3 25     3.07741714
1996  3 26     2.93367038
1996  3 27     2.92215130
1996  3 28     7.62265352
1996  3 29     5.25105109
1996  3 30     3.51989680
1996  3 31     3.42890860
1996  4  1     4.54903509
1996  4  2     7.11867373
1996  4  3     4.64596579
1996  4  4     3.70569255
1996  4  5     3.63432759
1996  4  6     3.79032606
1996  4  7     4.02402227
1996  4  8     4.31753717
1996  4  9     4.49565473
1996  4 10     3.95647966
1996  4 11     3.49544974
1996  4 12     3.31348738
1996  4 13     2.99317219
1996  4 14     2.92055815
1996  4 15     3.31164382
1996  4 16     7.23486728
1996  4 17     7.70422951
1996  4 18     6.60891560
1996  4 19     4.32505311
1996  4 20     3.91650978
1996  4 21     3.33843021
1996  4 22     3.18508989
1996  4 23     3.45047043
1996  4 24     3.79038626
1996  4 25     4.00681202
1996  4 26     4.63908924
1996  4 27     4.92624795
1996  4 28     4.96163790
1996  4 29     4.83354789
1996  4 30     5.12027442
1996  5  1     5.54099187
1996  5  2     5.58337290
1996  5  3     5.10094775
1996  5  4     4.49801684
1996  5  5     4.28955184
1996  5  6     4.26256504
1996  5  7     4.19122096
1996  5  8     4.04667584
1996  5  9     3.86977545
1996  5 10     3.98728483
1996  5 11     4.54800722
1996  5 12     5.03574065
1996  5 13     5.11913676
1996  5 14     4.83059144
1996  5 15     4.77911028
1996  5 16    11.99910989
1996  5 17    12.84264360
1996  5 18     9.89178789
1996  5 19     6.38900314
1996  5 20     4.79726148
1996  5 21     4.47261009
1996  5 22     4.85034637
1996  5 23     4.06942997
1996  5 24     4.50950413
1996  5 25     4.09978487
1996  5 26     3.77601948
1996  5 27     3.74653224
1996  5 28     3.42235256
1996  5 29     3.24476412
1996  5 30     3.15157484
1996  5 31     3.07023417
1996  6  1     3.19536220
1996  6  2     3.45871976
1996  6  3     3.71892434
1996  6  4     3.79636074
1996  6  5     3.68925454
1996  6  6     3.60595554
1996  6  7     3.50356251
1996  6  8     3.38945920
1996  6  9     3.28606631
1996  6 10     3.17260183
1996  6 11     3.03387196
1996  6 12     2.84570725
1996  6 13     2.71191007
1996  6 14     2.60897990
1996  6 15     2.51069557
1996  6 16     2.43610576
1996  6 17     2.35904995
1996  6 18     2.24310683
1996  6 19     2.12974098
1996  6 20     2.02944627
1996  6 21     1.94931310
1996  6 22     1.86742466
1996  6 23     1.76125023
1996  6 24     1.67447953
1996  6 25     1.70976726
1996  6 26     1.78550978
1996  6 27     2.06042047
1996  6 28     1.58696789
1996  6 29     1.43074707
1996  6 30     1.38384616
1996  7  1     1.33818749
1996  7  2     1.29278589
1996  7  3     1.25008520
1996  7  4     1.20960720
1996  7  5     1.16983595
1996  7  6     1.13213964
1996  7  7     1.09663297
1996  7  8     1.06316236
1996  7  9     1.03063522
1996  7 10     1.00687050
1996  7 11     0.98378331
1996  7 12     0.99132412
1996  7 13     0.93464521
1996  7 14     0.90869328
1996  7 15     0.87167268
1996  7 16     0.83425421
1996  7 17     0.80997376
1996  7 18     0.78599269
1996  7 19     0.76258125
1996  7 20     0.73952617
1996  7 21     0.71703206
1996  7 22     0.69510782
1996  7 23     0.67429785
1996  7 24     0.65442986
1996  7 25     0.63781768
1996  7 26     0.61724178
1996  7 27     0.59681648
1996  7 28     0.59127448
1996  7 29     0.56871877
1996  7 30     0.54525986
1996  7 31     0.52915542
1996  8  1     0.51358168
1996  8  2     0.49874856
1996  8  3     0.48461555
1996  8  4     0.47108943
1996  8  5     0.45689305
1996  8  6     0.44332396
1996  8  7     0.43010811
1996  8  8     0.41672805
1996  8  9     0.40381297
1996  8 10     0.39101542
1996  8 11     0.37874153
1996  8 12     0.37004704
1996  8 13     0.36346043
1996  8 14     0.36450216
1996  8 15     0.34374774
1996  8 16     0.32629820
1996  8 17     0.31697992
1996  8 18     0.30807927
1996  8 19     0.29947721
1996  8 20     0.29105905
1996  8 21     0.28253194
1996  8 22     0.27368007
1996  8 23     0.26492194
1996  8 24     0.25866685
1996  8 25     0.25000103
1996  8 26     0.24213970
1996  8 27     0.23561048
1996  8 28     0.22866502
1996  8 29     0.22137127
1996  8 30     0.21451619
1996  8 31     0.20809937
1996  9  1     0.20195419
1996  9  2     0.19600083
1996  9  3     0.19022295
1996  9  4     0.18464033
1996  9  5     0.18024089
1996  9  6     0.17509002
1996  9  7     0.16943937
1996  9  8     0.16392284
1996  9  9     0.15896803
1996  9 10     0.15427672
1996  9 11     0.14972900
1996  9 12     0.14531575
1996  9 13     0.14386129
1996  9 14     0.17399785
1996  9 15     0.14602503
1996  9 16     0.14683092
1996  9 17     0.13070404
1996  9 18     0.12347406
1996  9 19     0.11912900
1996  9 20     0.11506543
1996  9 21     0.11116093
1996  9 22     0.10774528
1996  9 23     0.10456170
1996  9 24     0.10147948
1996  9 25     0.09848812
1996  9 26     0.09558493
1996  9 27     0.09276733
1996  9 28     0.09003278
1996  9 29     0.08737883
1996  9 30     0.08480312
1996 10  1     0.08320587
1996 10  2     0.09555477
1996 10  3     0.08397848
1996 10  4     0.07523763
1996 10  5     0.07301967
1996 10  6     0.07086723
1996 10  7     0.06877824
1996 10  8     0.06675083
1996 10  9     0.06478318
1996 10 10     0.06287353
1996 10 11     0.06102018
1996 10 12     0.05922145
1996 10 13     0.05747575
1996 10 14     0.05578151
1996 10 15     0.05417487
1996 10 16     0.05296127
1996 10 17     0.05145215
1996 10 18     0.06020124
1996 10 19     0.24109822
1996 10 20     0.10522115
1996 10 21     0.05074828
1996 10 22     0.04708488
1996 10 23     0.04581285
1996 10 24     0.04685669
1996 10 25     0.27347102
1996 10 26     0.30933804
1996 10 27     0.10147486
1996 10 28     0.04876791
1996 10 29     0.07725194
1996 10 30     0.52960986
1996 10 31     0.24773332
1996 11  1     0.10115099
1996 11  2     0.05067974
1996 11  3     0.04603390
1996 11  4     0.04338108
1996 11  5     0.03477794
1996 11  6     0.03047782
1996 11  7     0.03173739
1996 11  8     0.03983073
1996 11  9     0.04646342
1996 11 10     0.04863113
1996 11 11     0.04645534
1996 11 12     0.04573116
1996 11 13     0.04414364
1996 11 14     0.03914271
1996 11 15     0.02776328
1996 11 16     0.02418720
1996 11 17     1.86256599
1996 11 18     2.38622962
1996 11 19     0.87630053
1996 11 20     0.82721264
1996 11 21     0.64534094
1996 11 22     3.40672934
1996 11 23     3.05515058
1996 11 24     1.10017049
1996 11 25     0.74867399
1996 11 26     0.63619298
1996 11 27     0.55355903
1996 11 28     0.49548438
1996 11 29     0.53749846
1996 11 30     0.44608524
1996 12  1     0.90889766
1996 12  2     0.59891328
1996 12  3     0.46106055
1996 12  4     0.42578043
1996 12  5     4.85715669
1996 12  6     3.03561349
1996 12  7     1.40601527
1996 12  8     1.01234592
1996 12  9     1.07315628
1996 12 10     7.61805680
1996 12 11     8.82429783
1996 12 12     9.76382351
1996 12 13     7.90630042
1996 12 14     4.47272807
1996 12 15     3.24199627
1996 12 16     2.78891469
1996 12 17     2.44876033
1996 12 18     2.20176280
1996 12 19     2.01750332
1996 12 20     1.88460721
1996 12 21     6.83971659
1996 12 22     9.11136686
1996 12 23     5.59833380
1996 12 24     3.27366159
1996 12 25     2.67689938
1996 12 26     2.58111607
1996 12 27     8.18040746
1996 12 28     4.66378640
1996 12 29     3.16910371
1996 12 30    12.41367300
1996 12 31     9.51448241
1997  1  1    23.67927878
1997  1  2    54.51607429
1997  1  3    54.21486722
1997  1  4    26.80903473
1997  1  5    13.96216042
1997  1  6    10.82349127
1997  1  7     9.38403615
1997  1  8     8.36788141
1997  1  9     7.61616393
1997  1 10     7.03768653
1997  1 11     6.58984213
1997  1 12     6.21748421
1997  1 13     6.09058190
1997  1 14     5.62811704
1997  1 15     5.57585718
1997  1 16     5.22213607
1997  1 17     4.96077641
1997  1 18     4.76394398
1997  1 19     4.64209381
1997  1 20    10.24575339
1997  1 21    13.14098824
1997  1 22    11.79710359
1997  1 23    20.37324694
1997  1 24     9.27042840
1997  1 25    15.69701898
1997  1 26    25.06517007
1997  1 27    13.70757894
1997  1 28     8.09622249
1997  1 29     6.75362927
1997  1 30     6.09775868
1997  1 31     5.62767217
1997  2  1     5.27102319
1997  2  2     4.95351129
1997  2  3     4.70369444
1997  2  4     4.51600822
1997  2  5     4.31822809
1997  2  6     4.14645752
1997  2  7     3.99602463
1997  2  8     4.07978723
1997  2  9     3.80472494
1997  2 10     3.65206883
1997  2 11     3.53267685
1997  2 12     3.42304921
1997  2 13     3.30725055
1997  2 14     3.22381683
1997  2 15     3.17518394
1997  2 16     3.13038219
1997  2 17     3.91728981
1997  2 18     3.38299688
1997  2 19     3.05622687
1997  2 20     2.93167073
1997  2 21     2.81144677
1997  2 22     2.70538448
1997  2 23     2.60892173
1997  2 24     2.51924672
1997  2 25     2.43924237
1997  2 26     2.38578313
1997  2 27     2.69771852
1997  2 28     2.44997364
1997  3  1     2.26165785
1997  3  2     2.32825167
1997  3  3     2.20329029
1997  3  4     2.08110414
1997  3  5     2.01347070
1997  3  6     1.98901344
1997  3  7     1.95966347
1997  3  8     1.97658201
1997  3  9     2.06937447
1997  3 10     2.30268447
1997  3 11     2.54487458
1997  3 12     2.50420765
1997  3 13     2.29269208
1997  3 14     2.25184205
1997  3 15     2.36711644
1997  3 16     2.50223367
1997  3 17     2.46811192
1997  3 18     2.46318745
1997  3 19     2.74570368
1997  3 20     3.02503646
1997  3 21     3.11866281
1997  3 22     3.06271897
1997  3 23     3.04979374
1997  3 24     2.99968521
1997  3 25     3.10785785
1997  3 26     3.30344195
1997  3 27     3.31896103
1997  3 28     3.09280918
1997  3 29     2.82835304
1997  3 30     2.81246716
1997  3 31     3.00473874
1997  4  1     2.51400369
1997  4  2     2.17438861
1997  4  3     2.04075711
1997  4  4     1.92695994
1997  4  5     1.83356585
1997  4  6     1.74048095
1997  4  7     1.66688249
1997  4  8     1.64169983
1997  4  9     1.57182180
1997  4 10     1.49458245
1997  4 11     1.43186983
1997  4 12     1.38374963
1997  4 13     1.40755229
1997  4 14     1.50278239
1997  4 15     1.70713266
1997  4 16     1.99521637
1997  4 17     2.14149459
1997  4 18     2.18614149
1997  4 19     4.57440427
1997  4 20     3.57170455
1997  4 21     2.80355729
1997  4 22     2.58542506
1997  4 23     2.93370559
1997  4 24     2.39752370
1997  4 25     2.12116610
1997  4 26     2.33568800
1997  4 27     2.56690940
1997  4 28     2.49703485
1997  4 29     2.17335881
1997  4 30     1.97088216
1997  5  1     1.94332028
1997  5  2     1.95458209
1997  5  3     2.11581339
1997  5  4     2.42543238
1997  5  5     2.67109039
1997  5  6     2.81817423
1997  5  7     2.89935233
1997  5  8     3.17530030
1997  5  9     3.35990127
1997  5 10     3.40831523
1997  5 11     3.57439837
1997  5 12     3.77409152
1997  5 13     3.69818408
1997  5 14     3.46602797
1997  5 15     3.15104701
1997  5 16     2.94656086
1997  5 17     3.09434265
1997  5 18     3.08338003
1997  5 19     3.15721519
1997  5 20     2.99226078
1997  5 21     2.64028307
1997  5 22     2.48412532
1997  5 23     2.42777416
1997  5 24     2.64060867
1997  5 25     2.13025862
1997  5 26     1.91254858
1997  5 27     2.04975906
1997  5 28     2.21631885
1997  5 29     2.23988505
1997  5 30     2.24340816
1997  5 31     2.30898742
1997  6  1     2.16086864
1997  6  2     1.99385852
1997  6  3     1.93038719
1997  6  4     2.20120331
1997  6  5     2.12755752
1997  6  6     1.75559185
1997  6  7     1.62684001
1997  6  8     1.63328171
1997  6  9     1.64692718
1997  6 10     1.56610876
1997  6 11     1.47056399
1997  6 12     1.41533574
1997  6 13     1.34322575
1997  6 14     1.56993806
1997  6 15     1.95940089
1997  6 16     1.64250489
1997  6 17     1.44625214
1997  6 18     1.35208873
1997  6 19     1.22277772
1997  6 20     1.13092476
1997  6 21     1.07876796
1997  6 22     1.03322365
1997  6 23     0.99114985
1997  6 24     0.95450813
1997  6 25     0.92340873
1997  6 26     0.89437378
1997  6 27     0.86191656
1997  6 28     0.82991555
1997  6 29     0.80058380
1997  6 30     0.78802849
1997  7  1     0.78458201
1997  7  2     0.73354790
1997  7  3     0.70051421
1997  7  4     0.67783824
1997  7  5     0.65630089
1997  7  6     0.63584308
1997  7  7     0.61620187
1997  7  8     0.60035711
1997  7  9     0.58042055
1997  7 10     0.56112966
1997  7 11     0.54442512
1997  7 12     0.52835370
1997  7 13     0.51222993
1997  7 14     0.49659337
1997  7 15     0.48145016
1997  7 16     0.46700362
1997  7 17     0.45329699
1997  7 18     0.44011464
1997  7 19     0.42694406
1997  7 20     0.41386605
1997  7 21     0.40792844
1997  7 22     0.39328755
1997  7 23     0.38350214
1997  7 24     0.39122270
1997  7 25     0.36268869
1997  7 26     0.34514071
1997  7 27     0.33503675
1997  7 28     0.32554224
1997  7 29     0.32061585
1997  7 30     0.30876827
1997  7 31     0.29707089
1997  8  1     0.28806721
1997  8  2     0.27953274
1997  8  3     0.27101833
1997  8  4     0.26281329
1997  8  5     0.25502478
1997  8  6     0.24750289
1997  8  7     0.24020233
1997  8  8     0.23311822
1997  8  9     0.22624406
1997  8 10     0.21957156
1997  8 11     0.21319087
1997  8 12     0.20683719
1997  8 13     0.20120598
1997  8 14     0.19506171
1997  8 15     0.18905402
1997  8 16     0.18348076
1997  8 17     0.17807045
1997  8 18     0.17281988
1997  8 19     0.16772661
1997  8 20     0.16287031
1997  8 21     0.15803182
1997  8 22     0.15333423
1997  8 23     0.14882801
1997  8 24     0.14442346
1997  8 25     0.14016001
1997  8 26     0.13602811
1997  8 27     0.13201795
1997  8 28     0.12812630
1997  8 29     0.12434937
1997  8 30     0.12068442
1997  8 31     0.11712658
1997  9  1     0.11367349
1997  9  2     0.11043795
1997  9  3     0.11832035
1997  9  4     0.10865072
1997  9  5     0.10094993
1997  9  6     0.09789874
1997  9  7     0.09500483
1997  9  8     0.09219294
1997  9  9     0.08947532
1997  9 10     0.08683785
1997  9 11     0.08427806
1997  9 12     0.08179373
1997  9 13     0.07938265
1997  9 14     0.07704265
1997  9 15     0.07552746
1997  9 16     0.07299408
1997  9 17     0.07042842
1997  9 18     0.07062802
1997  9 19     0.07515239
1997  9 20     0.08116560
1997  9 21     0.06387379
1997  9 22     0.06064236
1997  9 23     0.05885475
1997  9 24     0.05711985
1997  9 25     0.08351674
1997  9 26     0.07202538
1997  9 27     0.05531104
1997  9 28     0.05067691
1997  9 29     0.04918301
1997  9 30     0.04773322
1997 10  1     0.04981938
1997 10  2     0.19477232
1997 10  3     0.09745521
1997 10  4     0.04548036
1997 10  5     0.04213444
1997 10  6     0.04043284
1997 10  7     0.03904615
1997 10  8     0.03808178
1997 10  9     0.15383124
1997 10 10     0.31298154
1997 10 11     0.50698116
1997 10 12     0.22619607
1997 10 13     0.07630905
1997 10 14     0.05211719
1997 10 15     0.04898176
1997 10 16     0.03569042
1997 10 17     0.02949041
1997 10 18     0.02826648
1997 10 19     0.02723553
1997 10 20     0.02632625
1997 10 21     0.02547605
1997 10 22     0.02471405
1997 10 23     0.02398554
1997 10 24     0.02327851
1997 10 25     0.02259232
1997 10 26     0.02192635
1997 10 27     0.02128002
1997 10 28     0.02065273
1997 10 29     0.03159855
1997 10 30     0.02503447
1997 10 31     0.01887980
1997 11  1     0.01832314
1997 11  2     0.01778302
1997 11  3     0.01725882
1997 11  4     0.01675008
1997 11  5     0.01625632
1997 11  6     0.01577993
1997 11  7     0.01939598
1997 11  8     0.01679487
1997 11  9     0.01442751
1997 11 10     0.02067272
1997 11 11     0.29886066
1997 11 12     0.22756253
1997 11 13     0.12747336
1997 11 14     0.28000136
1997 11 15     0.09268132
1997 11 16     0.18288102
1997 11 17     0.08532452
1997 11 18     0.04453207
1997 11 19     0.30931944
1997 11 20     0.24007703
1997 11 21     0.08392303
1997 11 22     0.03889292
1997 11 23     0.03759293
1997 11 24     0.02280392
1997 11 25     0.21158625
1997 11 26     1.74581490
1997 11 27     1.80509858
1997 11 28     0.46514582
1997 11 29     0.19298633
1997 11 30     0.20414836
1997 12  1     0.12227068
1997 12  2     0.09177894
1997 12  3     0.06295951
1997 12  4     0.04974492
1997 12  5     0.08606826
1997 12  6     0.35869336
1997 12  7     0.81659515
1997 12  8     2.09003010
1997 12  9     0.67112585
1997 12 10     0.29213023
1997 12 11     0.22270583
1997 12 12     0.18170755
1997 12 13     0.15299587
1997 12 14     0.14768625
1997 12 15     0.44183642
1997 12 16     0.19940966
1997 12 17     0.13357126
1997 12 18     0.12197639
1997 12 19     0.11369106
1997 12 20     0.10750098
1997 12 21     0.10220438
1997 12 22     0.09763426
1997 12 23     0.09367493
1997 12 24     0.09012608
1997 12 25     0.08690996
1997 12 26     0.08389908
1997 12 27     0.08108622
1997 12 28     0.07842607
1997 12 29     0.07598392
1997 12 30     0.07370595
1997 12 31     0.07146122
1998  1  1     0.07008825
1998  1  2     0.51845239
1998  1  3     1.83399758
1998  1  4     2.53620761
1998  1  5     1.05910159
1998  1  6     0.58243324
1998  1  7     0.57999273
1998  1  8     0.45470236
1998  1  9     0.42677798
1998  1 10     1.14321418
1998  1 11     2.31253930
1998  1 12     5.39556914
1998  1 13     4.98177606
1998  1 14     2.23284926
1998  1 15     8.56103866
1998  1 16    10.10050591
1998  1 17     5.67606069
1998  1 18     3.60027693
1998  1 19    10.56602715
1998  1 20     4.95082877
1998  1 21     2.98474553
1998  1 22     2.56795502
1998  1 23     2.27009781
1998  1 24     2.06210144
1998  1 25     1.90671372
1998  1 26     1.78748282
1998  1 27     1.70550174
1998  1 28     1.64166724
1998  1 29     6.59389151
1998  1 30     4.11494674
1998  1 31     2.41319598
1998  2  1     2.25173012
1998  2  2     7.40766343
1998  2  3    18.57689223
1998  2  4    10.42602568
1998  2  5     4.77582301
1998  2  6     5.53340250
1998  2  7    11.91219950
1998  2  8    14.18071969
1998  2  9     8.22130146
1998  2 10     4.65829247
1998  2 11     5.57604079
1998  2 12     3.94891859
1998  2 13     4.87959062
1998  2 14     7.45298435
1998  2 15     8.93583401
1998  2 16     4.65086585
1998  2 17     4.29181613
1998  2 18     3.46948134
1998  2 19     3.76271331
1998  2 20     8.20152791
1998  2 21     4.08229125
1998  2 22     9.21830208
1998  2 23     5.69236090
1998  2 24     6.41528810
1998  2 25     3.88543207
1998  2 26     3.23414230
1998  2 27     2.95778780
1998  2 28     2.77704953
1998  3  1     2.64982202
1998  3  2     2.55528455
1998  3  3     2.49749243
1998  3  4     2.32743995
1998  3  5     2.25688293
1998  3  6     4.02646821
1998  3  7     2.64932985
1998  3  8     2.32128172
1998  3  9     2.22208492
1998  3 10     2.21879851
1998  3 11     2.31879808
1998  3 12     2.35541175
1998  3 13     2.43641688
1998  3 14     2.44204178
1998  3 15     2.45659881
1998  3 16     2.56221389
1998  3 17     2.54056752
1998  3 18     2.56711256
1998  3 19     2.72898574
1998  3 20     2.82187418
1998  3 21     2.92275992
1998  3 22     3.06622882
1998  3 23     4.45709420
1998  3 24    12.51090211
1998  3 25    21.90685634
1998  3 26    10.27496408
1998  3 27     7.27982391
1998  3 28     8.67854808
1998  3 29     6.42573136
1998  3 30     4.75146411
1998  3 31     4.92441492
1998  4  1     4.84543877
1998  4  2     3.81546035
1998  4  3     6.84583226
1998  4  4     5.32396481
1998  4  5     4.15342363
1998  4  6     4.44462030
1998  4  7     5.07523133
1998  4  8     3.53292562
1998  4  9     3.19299469
1998  4 10     3.02244324
1998  4 11     2.99413651
1998  4 12     3.72953445
1998  4 13     5.50546149
1998  4 14     7.05757935
1998  4 15     3.49339823
1998  4 16     2.93741090
1998  4 17     2.86796770
1998  4 18     2.88601414
1998  4 19     3.03676494
1998  4 20     3.55105174
1998  4 21     4.44288471
1998  4 22     5.30418303
1998  4 23     5.57643114
1998  4 24     4.71485290
1998  4 25     3.76530795
1998  4 26     3.76949447
1998  4 27     4.31167018
1998  4 28     4.69708391
1998  4 29     5.03247335
1998  4 30     5.43015716
1998  5  1     5.32621746
1998  5  2     6.99841317
1998  5  3     7.35420021
1998  5  4     7.39641747
1998  5  5     8.13343124
1998  5  6     9.16959908
1998  5  7     7.37603570
1998  5  8     5.98981386
1998  5  9     5.62356411
1998  5 10     4.99481285
1998  5 11     4.30115574
1998  5 12     5.60812198
1998  5 13     6.94267618
1998  5 14     5.17740446
1998  5 15     4.34285949
1998  5 16     4.56465117
1998  5 17     5.73151478
1998  5 18     4.36638868
1998  5 19     4.20706132
1998  5 20     4.45991394
1998  5 21     4.02943497
1998  5 22     3.84126624
1998  5 23     4.18548994
1998  5 24     4.30315323
1998  5 25     5.02946439
1998  5 26     4.71737212
1998  5 27     3.64330510
1998  5 28     3.76556487
1998  5 29     7.38148251
1998  5 30     4.97541515
1998  5 31     4.45427769
1998  6  1     5.17707566
1998  6  2     5.64165339
1998  6  3     5.43617760
1998  6  4     4.53691115
1998  6  5     4.30675786
1998  6  6     5.30038782
1998  6  7     7.83612753
1998  6  8     6.54763010
1998  6  9     5.59882927
1998  6 10     5.77715972
1998  6 11     6.30213762
1998  6 12     5.77674187
1998  6 13     6.66897913
1998  6 14     6.24960550
1998  6 15     6.12664044
1998  6 16     6.37538076
1998  6 17     6.12302894
1998  6 18     5.92835613
1998  6 19     6.02709408
1998  6 20     6.05479705
1998  6 21     5.89019044
1998  6 22     5.58360608
1998  6 23     5.15525349
1998  6 24     4.86336200
1998  6 25     4.86610034
1998  6 26     4.69369275
1998  6 27     4.57410461
1998  6 28     4.69386550
1998  6 29     4.75943994
1998  6 30     4.76345906
1998  7  1     4.75622391
1998  7  2     4.69557631
1998  7  3     4.58062534
1998  7  4     4.53773398
1998  7  5     4.55934609
1998  7  6     4.51044552
1998  7  7     4.28661355
1998  7  8     4.12337154
1998  7  9     4.02029480
1998  7 10     3.91091160
1998  7 11     3.72432351
1998  7 12     3.56888871
1998  7 13     3.47583976
1998  7 14     3.26227052
1998  7 15     3.00728887
1998  7 16     2.85558111
1998  7 17     2.77164444
1998  7 18     2.67892131
1998  7 19     2.59647206
1998  7 20     2.45960270
1998  7 21     2.29234378
1998  7 22     2.15798212
1998  7 23     2.01568492
1998  7 24     2.04097870
1998  7 25     1.93936059
1998  7 26     1.77649082
1998  7 27     1.69493473
1998  7 28     1.63957131
1998  7 29     1.57939561
1998  7 30     1.52361748
1998  7 31     1.47497610
1998  8  1     1.42737109
1998  8  2     1.38128925
1998  8  3     1.33577379
1998  8  4     1.29313434
1998  8  5     1.25194760
1998  8  6     1.21311734
1998  8  7     1.17654911
1998  8  8     1.14137705
1998  8  9     1.10712982
1998  8 10     1.07339981
1998  8 11     1.04065300
1998  8 12     1.00896060
1998  8 13     0.97809154
1998  8 14     0.94855917
1998  8 15     0.93030582
1998  8 16     0.89825663
1998  8 17     0.86810365
1998  8 18     0.84284664
1998  8 19     0.81855481
1998  8 20     0.79450089
1998  8 21     0.77089207
1998  8 22     0.74758512
1998  8 23     0.72470248
1998  8 24     0.70297205
1998  8 25     0.68207432
1998  8 26     0.66223841
1998  8 27     0.64262624
1998  8 28     0.62294817
1998  8 29     0.60338991
1998  8 30     0.58514791
1998  8 31     0.56762826
1998  9  1     0.55096239
1998  9  2     0.53459429
1998  9  3     0.51974987
1998  9  4     0.52044625
1998  9  5     0.60151856
1998  9  6     0.74851275
1998  9  7     0.54282230
1998  9  8     0.45099361
1998  9  9     0.92867983
1998  9 10     0.61038483
1998  9 11     0.42783009
1998  9 12     0.44100484
1998  9 13     0.40807045
1998  9 14     0.38260539
1998  9 15     0.37918299
1998  9 16     0.36272771
1998  9 17     0.34807635
1998  9 18     0.33846198
1998  9 19     0.32886034
1998  9 20     0.31925050
1998  9 21     0.30993686
1998  9 22     0.30085558
1998  9 23     0.29192791
1998  9 24     0.29188634
1998  9 25     0.28236278
1998  9 26     0.40727691
1998  9 27     0.50668904
1998  9 28     0.33665972
1998  9 29     0.36074798
1998  9 30     0.36894666
1998 10  1     0.28812770
1998 10  2     0.24283287
1998 10  3     0.23564034
1998 10  4     0.22782471
1998 10  5     0.22003040
1998 10  6     0.21219089
1998 10  7     0.20527798
1998 10  8     0.19893082
1998 10  9     0.19307699
1998 10 10     0.18738966
1998 10 11     0.18191589
1998 10 12     0.17593111
1998 10 13     0.17046704
1998 10 14     0.16574824
1998 10 15     0.16094377
1998 10 16     0.15635730
1998 10 17     0.15186145
1998 10 18     0.14708954
1998 10 19     0.14230578
1998 10 20     0.13739088
1998 10 21     0.13351651
1998 10 22     0.12937270
1998 10 23     0.12544039
1998 10 24     0.16513937
1998 10 25     0.45355347
1998 10 26     0.26939470
1998 10 27     0.14199111
1998 10 28     0.11474324
1998 10 29     0.11078930
1998 10 30     0.13243246
1998 10 31     0.11431239
1998 11  1     0.13161998
1998 11  2     0.11043454
1998 11  3     0.12526739
1998 11  4     0.10498466
1998 11  5     0.09107783
1998 11  6     0.13396489
1998 11  7     0.48162416
1998 11  8     0.64526671
1998 11  9     0.23395827
1998 11 10     0.11414060
1998 11 11     0.57735212
1998 11 12     0.25634679
1998 11 13     0.12263426
1998 11 14     0.10209659
1998 11 15     0.09855193
1998 11 16     0.12052642
1998 11 17     0.46074757
1998 11 18     0.26418077
1998 11 19     0.13307863
1998 11 20     0.10723392
1998 11 21     0.09968222
1998 11 22     0.41114450
1998 11 23     0.51636591
1998 11 24     1.16659001
1998 11 25     0.51077591
1998 11 26     0.25033890
1998 11 27     0.22128710
1998 11 28     0.46910192
1998 11 29     0.43871118
1998 11 30     1.49105478
1998 12  1     3.70865202
1998 12  2     1.73914586
1998 12  3     1.04832806
1998 12  4     1.40606834
1998 12  5     0.79941277
1998 12  6     0.88833596
1998 12  7     0.62752487
1998 12  8     0.56471988
1998 12  9     0.51031799
1998 12 10     0.46903391
1998 12 11     0.44624578
1998 12 12     0.43039562
1998 12 13     0.41671778
1998 12 14     1.15741241
1998 12 15     0.62936014
1998 12 16     0.47201842
1998 12 17     0.45710410
1998 12 18     0.42796962
1998 12 19     0.40904578
1998 12 20     0.44663882
1998 12 21     0.37590227
1998 12 22     0.36016820
1998 12 23     0.33924164
1998 12 24     0.32262201
1998 12 25     0.31072408
1998 12 26     0.30720556
1998 12 27     0.29945458
1998 12 28     0.29014780
1998 12 29     0.28476289
1998 12 30     0.28319726
1998 12 31     0.28132344
1999  1  1     0.26318968
1999  1  2     0.27463480
1999  1  3     0.27178271
1999  1  4     0.25284200
1999  1  5     0.24863603
1999  1  6     0.25036936
1999  1  7     0.24754831
1999  1  8     0.23735873
1999  1  9     0.23632554
1999  1 10     0.23839732
1999  1 11     0.24474122
1999  1 12     0.24188482
1999  1 13     0.23054150
1999  1 14     0.22675051
1999  1 15     0.41778412
1999  1 16     2.58791239
1999  1 17     2.13553507
1999  1 18     3.28820821
1999  1 19    10.24825152
1999  1 20    13.51037925
1999  1 21     9.24101736
1999  1 22     4.63205917
1999  1 23     5.84616889
1999  1 24     4.75815492
1999  1 25     3.24501869
1999  1 26     3.28123401
1999  1 27     2.59632046
1999  1 28     2.28666043
1999  1 29     2.08213500
1999  1 30     1.93589429
1999  1 31     3.06393801
1999  2  1     3.08205846
1999  2  2     2.10947516
1999  2  3     1.87381944
1999  2  4     1.74108603
1999  2  5     1.60898755
1999  2  6     4.95302150
1999  2  7    11.02841774
1999  2  8    13.87523213
1999  2  9    19.60045677
1999  2 10    12.23805167
1999  2 11     6.00994693
1999  2 12     4.78126466
1999  2 13     4.14213131
1999  2 14     3.87336407
1999  2 15     3.46270429
1999  2 16     3.26151721
1999  2 17    12.00163425
1999  2 18     6.99007186
1999  2 19     6.22768745
1999  2 20     4.37300000
1999  2 21    11.23297735
1999  2 22     5.84598649
1999  2 23     4.14870161
1999  2 24     3.71687932
1999  2 25     5.66682489
1999  2 26     4.23358993
1999  2 27     3.49176552
1999  2 28     3.32078613
1999  3  1     3.24463996
1999  3  2     3.15035076
1999  3  3     4.30077906
1999  3  4     4.08110504
1999  3  5     3.18952759
1999  3  6     2.91455232
1999  3  7     2.73885995
1999  3  8     2.58989447
1999  3  9     6.07945512
1999  3 10     3.47600821
1999  3 11     2.78788676
1999  3 12     2.56910446
1999  3 13     2.43916226
1999  3 14     2.45660245
1999  3 15     2.39783412
1999  3 16     2.33986074
1999  3 17     2.25195530
1999  3 18     2.31221327
1999  3 19     2.46432041
1999  3 20     3.12884284
1999  3 21     2.72631248
1999  3 22     2.27623518
1999  3 23     2.84755373
1999  3 24     2.53065354
1999  3 25     2.38920489
1999  3 26     2.44409180
1999  3 27     2.40938854
1999  3 28     2.26363748
1999  3 29     2.17389881
1999  3 30     2.12967537
1999  3 31     3.20323255
1999  4  1     2.21581466
1999  4  2     1.93909708
1999  4  3     1.80030762
1999  4  4     1.70903240
1999  4  5     1.80816224
1999  4  6     3.63967103
1999  4  7     1.87259843
1999  4  8     2.46382126
1999  4  9     4.67873571
1999  4 10     1.92055754
1999  4 11     2.13686331
1999  4 12     2.06365004
1999  4 13     2.68233514
1999  4 14     3.36349786
1999  4 15     3.83125380
1999  4 16     4.07707137
1999  4 17     4.10457240
1999  4 18     4.16381100
1999  4 19     4.35515372
1999  4 20     4.20001498
1999  4 21     3.71443176
1999  4 22     3.28036024
1999  4 23     3.01758265
1999  4 24     2.94500815
1999  4 25     2.85131452
1999  4 26     2.97822434
1999  4 27     2.93444717
1999  4 28     2.47126434
1999  4 29     2.22292763
1999  4 30     2.32809774
1999  5  1     2.48342488
1999  5  2     2.61650707
1999  5  3     3.27485230
1999  5  4     2.84149115
1999  5  5     2.32301983
1999  5  6     2.59532429
1999  5  7     2.98667641
1999  5  8     2.84440173
1999  5  9     2.50201400
1999  5 10     2.37232973
1999  5 11     2.62437743
1999  5 12     2.94201552
1999  5 13     2.89134088
1999  5 14     2.48589050
1999  5 15     2.11152115
1999  5 16     2.00717377
1999  5 17     2.28325300
1999  5 18     2.58730764
1999  5 19     2.86909873
1999  5 20     3.06113281
1999  5 21     3.10433328
1999  5 22     3.45499339
1999  5 23     4.09900493
1999  5 24     4.29614537
1999  5 25     4.02829275
1999  5 26     4.05149685
1999  5 27     4.09851356
1999  5 28     3.94428629
1999  5 29     3.58171371
1999  5 30     3.06579101
1999  5 31     2.79558356
1999  6  1     2.78355209
1999  6  2     2.86914245
1999  6  3     2.73708431
1999  6  4     2.11923709
1999  6  5     2.01678456
1999  6  6     2.21322324
1999  6  7     2.12775727
1999  6  8     1.95627567
1999  6  9     1.88699518
1999  6 10     1.93917845
1999  6 11     2.10471032
1999  6 12     2.29771510
1999  6 13     2.47827615
1999  6 14     2.56295873
1999  6 15     2.58994419
1999  6 16     2.47495892
1999  6 17     2.36822573
1999  6 18     2.34252802
1999  6 19     2.21186349
1999  6 20     2.07853446
1999  6 21     2.00099127
1999  6 22     1.89430368
1999  6 23     1.80807951
1999  6 24     1.76913818
1999  6 25     1.58127444
1999  6 26     1.40672040
1999  6 27     1.33249757
1999  6 28     1.28043874
1999  6 29     1.23119130
1999  6 30     1.18094922
1999  7  1     1.13222180
1999  7  2     1.08874388
1999  7  3     1.05135132
1999  7  4     1.01666195
1999  7  5     0.98278621
1999  7  6     0.94977470
1999  7  7     0.91803196
1999  7  8     0.88821020
1999  7  9     0.85971156
1999  7 10     0.83216134
1999  7 11     0.80545508
1999  7 12     0.77950323
1999  7 13     0.75485534
1999  7 14     0.75226674
1999  7 15     0.72042216
1999  7 16     0.68966249
1999  7 17     0.66933991
1999  7 18     0.64934534
1999  7 19     0.62965987
1999  7 20     0.61107166
1999  7 21     0.59323475
1999  7 22     0.57538051
1999  7 23     0.55765040
1999  7 24     0.54140222
1999  7 25     0.52532299
1999  7 26     0.50929273
1999  7 27     0.49366851
1999  7 28     0.47866026
1999  7 29     0.46468038
1999  7 30     0.45082804
1999  7 31     0.43726919
1999  8  1     0.42441863
1999  8  2     0.41196729
1999  8  3     0.39978954
1999  8  4     0.39839158
1999  8  5     0.39896171
1999  8  6     0.37390244
1999  8  7     0.35593990
1999  8  8     0.34532829
1999  8  9     0.33483201
1999  8 10     0.33346774
1999  8 11     0.32910822
1999  8 12     0.31099700
1999  8 13     0.29624373
1999  8 14     0.28741201
1999  8 15     0.27906437
1999  8 16     0.27047285
1999  8 17     0.26200733
1999  8 18     0.25404569
1999  8 19     0.24657679
1999  8 20     0.23926602
1999  8 21     0.23219797
1999  8 22     0.22535201
1999  8 23     0.21870807
1999  8 24     0.21226028
1999  8 25     0.20600247
1999  8 26     0.19996821
1999  8 27     0.20259126
1999  8 28     0.19155529
1999  8 29     0.18276361
1999  8 30     0.17737645
1999  8 31     0.17284089
1999  9  1     0.16778898
1999  9  2     0.16279339
1999  9  3     0.15789705
1999  9  4     0.15294624
1999  9  5     0.14825548
1999  9  6     0.14385659
1999  9  7     0.13961603
1999  9  8     0.13550012
1999  9  9     0.13150607
1999  9 10     0.12955938
1999  9 11     0.12436528
1999  9 12     0.12025255
1999  9 13     0.11667176
1999  9 14     0.11323261
1999  9 15     0.10989479
1999  9 16     0.10665534
1999  9 17     0.10351138
1999  9 18     0.10113085
1999  9 19     0.09961820
1999  9 20     0.09555166
1999  9 21     0.09189906
1999  9 22     0.08919538
1999  9 23     0.10883313
1999  9 24     0.09559483
1999  9 25     0.08229678
1999  9 26     0.07907488
1999  9 27     0.07674393
1999  9 28     0.07448171
1999  9 29     0.07228618
1999  9 30     0.07015536
1999 10  1     0.06808736
1999 10  2     0.06608031
1999 10  3     0.06413243
1999 10  4     0.06224196
1999 10  5     0.06040722
1999 10  6     0.05862657
1999 10  7     0.05701900
1999 10  8     0.05529055
1999 10  9     0.05359340
1999 10 10     0.05201360
1999 10 11     0.05048037
1999 10 12     0.04899233
1999 10 13     0.04754816
1999 10 14     0.04614656
1999 10 15     0.04478627
1999 10 16     0.04346608
1999 10 17     0.04218481
1999 10 18     0.04094131
1999 10 19     0.03973446
1999 10 20     0.03856319
1999 10 21     0.03742644
1999 10 22     0.03632320
1999 10 23     0.03525248
1999 10 24     0.03421333
1999 10 25     0.03320480
1999 10 26     0.03222601
1999 10 27     0.03127607
1999 10 28     0.91604425
1999 10 29     0.32699722
1999 10 30     0.06062875
1999 10 31     0.03626192
1999 11  1     0.03020620
1999 11  2     0.02791927
1999 11  3     0.02640335
1999 11  4     0.02521065
1999 11  5     0.02420444
1999 11  6     0.02332673
1999 11  7     0.02255037
1999 11  8     1.12184330
1999 11  9     0.48056169
1999 11 10     0.11302162
1999 11 11     0.05141549
1999 11 12     0.02895287
1999 11 13     0.02304817
1999 11 14     0.02139638
1999 11 15     0.03814792
1999 11 16     0.02435457
1999 11 17     0.75046546
1999 11 18     0.29844842
1999 11 19     0.10775942
1999 11 20     0.87162178
1999 11 21     0.33093326
1999 11 22     0.10984747
1999 11 23     0.07236465
1999 11 24     0.05125452
1999 11 25     0.04198641
1999 11 26     0.03804227
1999 11 27     0.03553055
1999 11 28     0.03345967
1999 11 29     0.07488341
1999 11 30     0.06292944
1999 12  1     0.27805437
1999 12  2     0.10619318
1999 12  3     0.04326631
1999 12  4     0.03121026
1999 12  5     0.02668263
1999 12  6     0.02521788
1999 12  7     0.02535222
1999 12  8     0.02669937
1999 12  9     0.02342786
1999 12 10     0.07132779
1999 12 11     0.02593123
1999 12 12     0.02431705
1999 12 13     0.04170191
1999 12 14     0.02942971
1999 12 15     0.01914688
1999 12 16     0.01801617
1999 12 17     0.01724351
1999 12 18     0.01651527
1999 12 19     0.01593502
1999 12 20     0.01537555
1999 12 21     0.01492895
1999 12 22     0.01454968
1999 12 23     0.01409542
1999 12 24     0.01357504
1999 12 25     0.01314175
1999 12 26     0.01271982
1999 12 27     0.01238971
1999 12 28     0.01198772
1999 12 29     0.01164672
1999 12 30     0.01132381
1999 12 31     0.01095854
2000  1  1     0.01075108
2000  1  2     0.02526734
2000  1  3     0.01278481
2000  1  4     0.01111315
2000  1  5     0.01050014
2000  1  6     0.00969041
2000  1  7     0.00938171
2000  1  8     0.00897584
2000  1  9     0.00883081
2000  1 10     0.00853265
2000  1 11     0.05468507
2000  1 12     0.43224636
2000  1 13     0.12732564
2000  1 14     0.02222158
2000  1 15     0.33535791
2000  1 16     1.32269535
2000  1 17     0.82197137
2000  1 18     3.29697562
2000  1 19     2.82777845
2000  1 20     1.93116133
2000  1 21     1.70771447
2000  1 22     0.95870482
2000  1 23     0.82510038
2000  1 24     8.48356232
2000  1 25    14.66765692
2000  1 26     6.92857041
2000  1 27     3.31462952
2000  1 28     2.65557154
2000  1 29     2.25586303
2000  1 30     2.23091680
2000  1 31     3.66379934
2000  2  1     2.30450905
2000  2  2     1.87162991
2000  2  3     1.72718016
2000  2  4     2.44496360
2000  2  5     1.83650834
2000  2  6     1.59440152
2000  2  7     1.51529091
2000  2  8     1.48328151
2000  2  9     1.45611594
2000  2 10     3.31779508
2000  2 11     3.90104768
2000  2 12     5.67734587
2000  2 13     7.35879009
2000  2 14    18.70686249
2000  2 15    10.33351055
2000  2 16     6.15632105
2000  2 17     5.40209335
2000  2 18     3.80532760
2000  2 19     3.32981554
2000  2 20     3.05713652
2000  2 21     5.17269920
2000  2 22     3.43850239
2000  2 23    14.15947233
2000  2 24     6.33234593
2000  2 25     3.92802988
2000  2 26     3.47991885
2000  2 27    16.10091838
2000  2 28    15.14599948
2000  2 29     6.73937631
2000  3  1     6.50488316
2000  3  2     4.58112662
2000  3  3     4.04287540
2000  3  4     3.75797541
2000  3  5     6.19009492
2000  3  6     5.26627849
2000  3  7     3.73098770
2000  3  8     7.02560456
2000  3  9     5.72981795
2000  3 10     3.87794171
2000  3 11     3.38830422
2000  3 12     3.22872200
2000  3 13     3.29594016
2000  3 14     3.53394286
2000  3 15     3.56441206
2000  3 16     3.44976286
2000  3 17     3.13785098
2000  3 18     3.07412985
2000  3 19     3.27228421
2000  3 20     3.03288796
2000  3 21     2.73797881
2000  3 22     2.74447156
2000  3 23     2.91656931
2000  3 24     2.87203104
2000  3 25     2.80688542
2000  3 26     2.78633204
2000  3 27     2.81760651
2000  3 28     2.65912474
2000  3 29     2.52436160
2000  3 30     2.45492430
2000  3 31     2.46266128
2000  4  1     2.47811437
2000  4  2     2.65406107
2000  4  3     2.86793568
2000  4  4     3.09312738
2000  4  5     3.03838071
2000  4  6     2.88835191
2000  4  7     2.80761040
2000  4  8     2.81500026
2000  4  9     2.64723628
2000  4 10     2.43803938
2000  4 11     2.49210536
2000  4 12     2.72868254
2000  4 13     4.52559253
2000  4 14     4.14957221
2000  4 15     2.70380893
2000  4 16     2.31457977
2000  4 17     3.28525634
2000  4 18     4.56728020
2000  4 19     2.92403186
2000  4 20     2.46691552
2000  4 21     2.64496715
2000  4 22     2.63025948
2000  4 23     2.38657387
2000  4 24     2.17113002
2000  4 25     2.28347045
2000  4 26     2.41723213
2000  4 27     2.69908679
2000  4 28     2.65982508
2000  4 29     2.20378372
2000  4 30     2.09098463
2000  5  1     2.43485652
2000  5  2     2.55830068
2000  5  3     2.46431127
2000  5  4     2.42257904
2000  5  5     2.44327447
2000  5  6     2.24907611
2000  5  7     3.23741983
2000  5  8     7.57158349
2000  5  9     4.90002399
2000  5 10     3.18545409
2000  5 11     2.69525378
2000  5 12     2.33773095
2000  5 13     2.24145238
2000  5 14     2.22412382
2000  5 15     2.63199912
2000  5 16     4.45401228
2000  5 17     3.40451078
2000  5 18     2.53838004
2000  5 19     2.52221568
2000  5 20     2.79898807
2000  5 21     3.07436897
2000  5 22     3.32106090
2000  5 23     3.49038892
2000  5 24     3.52984555
2000  5 25     3.29875672
2000  5 26     2.87954749
2000  5 27     2.66434150
2000  5 28     2.66814154
2000  5 29     2.55771243
2000  5 30     2.34749117
2000  5 31     2.14344131
2000  6  1     2.01847102
2000  6  2     2.01539266
2000  6  3     2.00571470
2000  6  4     1.96985098
2000  6  5     1.93146027
2000  6  6     1.82405445
2000  6  7     1.69489754
2000  6  8     2.01921384
2000  6  9     1.75942094
2000  6 10     1.45650586
2000  6 11     1.38302619
2000  6 12     1.38246762
2000  6 13     1.40055910
2000  6 14     1.43274712
2000  6 15     1.38978895
2000  6 16     1.32360584
2000  6 17     1.23945156
2000  6 18     1.14171006
2000  6 19     1.07833180
2000  6 20     1.03493176
2000  6 21     0.99784385
2000  6 22     0.96442441
2000  6 23     0.93852994
2000  6 24     0.90531513
2000  6 25     0.87356582
2000  6 26     0.84746946
2000  6 27     0.82002997
2000  6 28     0.79469867
2000  6 29     0.79566292
2000  6 30     0.75955619
2000  7  1     0.72349067
2000  7  2     0.70088093
2000  7  3     0.68003541
2000  7  4     0.65979028
2000  7  5     0.64009452
2000  7  6     0.62106142
2000  7  7     0.60238196
2000  7  8     0.58444545
2000  7  9     0.56683160
2000  7 10     0.54939961
2000  7 11     0.53292786
2000  7 12     0.51666623
2000  7 13     0.50147121
2000  7 14     0.48671633
2000  7 15     0.47186998
2000  7 16     0.45781209
2000  7 17     0.44486333
2000  7 18     0.43147964
2000  7 19     0.41830498
2000  7 20     0.40567766
2000  7 21     0.39323949
2000  7 22     0.38187709
2000  7 23     0.37026959
2000  7 24     0.35904771
2000  7 25     0.34818778
2000  7 26     0.33792761
2000  7 27     0.32801854
2000  7 28     0.31845252
2000  7 29     0.30851262
2000  7 30     0.29867952
2000  7 31     0.28951359
2000  8  1     0.28060207
2000  8  2     0.27358173
2000  8  3     0.26490967
2000  8  4     0.26500791
2000  8  5     0.25429537
2000  8  6     0.24180906
2000  8  7     0.23459438
2000  8  8     0.22778065
2000  8  9     0.22101461
2000  8 10     0.21484668
2000  8 11     0.20879127
2000  8 12     0.20212212
2000  8 13     0.19589435
2000  8 14     0.19008664
2000  8 15     0.18448270
2000  8 16     0.17904466
2000  8 17     0.17376610
2000  8 18     0.16864331
2000  8 19     0.16367183
2000  8 20     0.15907613
2000  8 21     0.15433940
2000  8 22     0.14964939
2000  8 23     0.14520931
2000  8 24     0.14092873
2000  8 25     0.13677431
2000  8 26     0.13278090
2000  8 27     0.12885166
2000  8 28     0.12503170
2000  8 29     0.12151955
2000  8 30     0.12855810
2000  8 31     0.12238597
2000  9  1     0.13083945
2000  9  2     1.06054225
2000  9  3     0.43746469
2000  9  4     0.14195445
2000  9  5     0.10996177
2000  9  6     0.10250200
2000  9  7     0.09720303
2000  9  8     0.09292073
2000  9  9     0.08958577
2000  9 10     0.08659388
2000  9 11     0.08378448
2000  9 12     0.08110450
2000  9 13     0.07866232
2000  9 14     0.07632763
2000  9 15     0.07406405
2000  9 16     0.07186915
2000  9 17     0.06974062
2000  9 18     0.06767627
2000  9 19     0.06567401
2000  9 20     0.06373182
2000  9 21     0.06184778
2000  9 22     0.06023547
2000  9 23     0.06443290
2000  9 24     0.05835200
2000  9 25     0.05496489
2000  9 26     0.05323781
2000  9 27     0.05166637
2000  9 28     0.05014155
2000  9 29     0.04866194
2000  9 30     0.04722618
2000 10  1     0.04583292
2000 10  2     0.04448090
2000 10  3     0.04316888
2000 10  4     0.04189565
2000 10  5     0.04066005
2000 10  6     0.03946097
2000 10  7     0.03829731
2000 10  8     0.03716801
2000 10  9     0.03607206
2000 10 10     0.83648756
2000 10 11     0.32804952
2000 10 12     0.24269170
2000 10 13     0.10409742
2000 10 14     0.05809177
2000 10 15     0.04270035
2000 10 16     0.03409499
2000 10 17     0.03096305
2000 10 18     0.02987121
2000 10 19     0.02880672
2000 10 20     0.02779922
2000 10 21     0.02822366
2000 10 22     0.03520729
2000 10 23     0.03022896
2000 10 24     0.02522986
2000 10 25     0.02470027
2000 10 26     0.46473733
2000 10 27     0.63192729
2000 10 28     0.16319237
2000 10 29     1.86485050
2000 10 30     0.69003877
2000 10 31     0.19624562
2000 11  1     0.11201328
2000 11  2     0.06805991
2000 11  3     0.04572908
2000 11  4     0.03374125
2000 11  5     0.03083580
2000 11  6     0.03000715
2000 11  7     0.02462928
2000 11  8     0.02099940
2000 11  9     0.02266231
2000 11 10     0.14607947
2000 11 11     0.08810239
2000 11 12     0.03627610
2000 11 13     0.02102570
2000 11 14     0.03233408
2000 11 15     0.02231826
2000 11 16     0.01976087
2000 11 17     0.02045670
2000 11 18     0.02515603
2000 11 19     0.02888346
2000 11 20     0.02622978
2000 11 21     0.02108723
2000 11 22     0.01962528
2000 11 23     0.01485304
2000 11 24     0.01383370
2000 11 25     0.01447365
2000 11 26     0.01706481
2000 11 27     0.01662294
2000 11 28     0.01683659
2000 11 29     0.05695453
2000 11 30     0.44860091
2000 12  1     0.13188974
2000 12  2     0.02977986
2000 12  3     0.01799118
2000 12  4     0.01533418
2000 12  5     0.01512189
2000 12  6     0.01557332
2000 12  7     0.01502024
2000 12  8     0.01437794
2000 12  9     0.01898588
2000 12 10     0.01539052
2000 12 11     0.01142665
2000 12 12     0.27175934
2000 12 13     0.08511856
2000 12 14     0.28226634
2000 12 15     0.39392335
2000 12 16     0.12369110
2000 12 17     0.04674954
2000 12 18     0.02955324
2000 12 19     0.02199462
2000 12 20     0.02034322
2000 12 21     0.02058277
2000 12 22     0.01956306
2000 12 23     0.01723262
2000 12 24     0.01603563
2000 12 25     0.01549510
2000 12 26     0.01515983
2000 12 27     0.01472218
2000 12 28     0.01437251
2000 12 29     0.01522985
2000 12 30     0.01541570
2000 12 31     0.01455154
2001  1  1     0.01353359
2001  1  2     0.01314825
2001  1  3     0.01270731
2001  1  4     0.01367427
2001  1  5     0.01458500
2001  1  6     0.01414897
2001  1  7     0.01339045
2001  1  8     0.18699430
2001  1  9     0.28913293
2001  1 10     0.08921905
2001  1 11     1.90232755
2001  1 12     0.64193720
2001  1 13     0.22230895
2001  1 14     0.13258484
2001  1 15     0.08590847
2001  1 16     0.06300554
2001  1 17     0.04692326
2001  1 18     0.03739147
2001  1 19     0.03473574
2001  1 20     0.03270028
2001  1 21     0.03190409
2001  1 22     0.03735141
2001  1 23     0.03817048
2001  1 24     2.57898636
2001  1 25     0.97966126
2001  1 26     1.44240135
2001  1 27     0.53238591
2001  1 28     0.30736133
2001  1 29     0.26947635
2001  1 30     0.24901712
2001  1 31     0.18957867
2001  2  1     0.15621365
2001  2  2     0.14248068
2001  2  3     0.13826450
2001  2  4     0.15995447
2001  2  5     0.19069237
2001  2  6     0.20154144
2001  2  7     0.21317132
2001  2  8     0.15636983
2001  2  9     0.14107372
2001  2 10     1.49098078
2001  2 11     1.61776268
2001  2 12     0.84877722
2001  2 13     0.55858251
2001  2 14     0.40001959
2001  2 15     0.30464640
2001  2 16     0.27535494
2001  2 17     0.25478774
2001  2 18     0.32961267
2001  2 19     0.56947979
2001  2 20     2.05434753
2001  2 21     1.57277180
2001  2 22     1.11787827
2001  2 23     1.23244182
2001  2 24     1.06656876
2001  2 25     1.76153311
2001  2 26     0.83447281
2001  2 27     0.57613329
2001  2 28     0.48480069
2001  3  1     0.56194932
2001  3  2     0.52558547
2001  3  3     0.94805020
2001  3  4     2.10184621
2001  3  5     4.47301089
2001  3  6     3.00498412
2001  3  7     1.58404275
2001  3  8     1.26260593
2001  3  9     1.11798193
2001  3 10     1.00297621
2001  3 11     0.85700571
2001  3 12     0.81171167
2001  3 13     0.81691952
2001  3 14     0.88578817
2001  3 15     0.93294106
2001  3 16     0.92401137
2001  3 17     0.95433753
2001  3 18     1.01058746
2001  3 19     1.17251748
2001  3 20     1.34304199
2001  3 21     1.43007735
2001  3 22     1.46141513
2001  3 23     1.42529109
2001  3 24     1.45352211
2001  3 25     2.60552417
2001  3 26     1.94937487
2001  3 27     1.58798565
2001  3 28     1.70950510
2001  3 29     1.80043292
2001  3 30     1.83136412
2001  3 31     6.28944381
2001  4  1     3.89771033
2001  4  2     2.48485670
2001  4  3     2.02955708
2001  4  4     1.76071362
2001  4  5     1.59556416
2001  4  6     1.46963966
2001  4  7     4.49315790
2001  4  8     2.60584934
2001  4  9     1.82267083
2001  4 10     1.61051392
2001  4 11     1.52516053
2001  4 12     2.59108019
2001  4 13     1.74904846
2001  4 14     1.49701398
2001  4 15     1.47961449
2001  4 16     1.62057573
2001  4 17     1.96081185
2001  4 18     2.17806200
2001  4 19     3.03915601
2001  4 20     5.84627106
2001  4 21     5.71435965
2001  4 22     2.99716318
2001  4 23     2.58784680
2001  4 24     3.01323213
2001  4 25     4.10550183
2001  4 26     4.18224543
2001  4 27     3.86360463
2001  4 28     3.54818623
2001  4 29     3.07516018
2001  4 30     3.16041399
2001  5  1     3.38612602
2001  5  2     3.22095815
2001  5  3     2.81645866
2001  5  4     2.66340347
2001  5  5     2.68860833
2001  5  6     2.70420183
2001  5  7     2.82600206
2001  5  8     3.02867165
2001  5  9     3.05242468
2001  5 10     3.08067932
2001  5 11     3.14768010
2001  5 12     3.29161390
2001  5 13     3.15578568
2001  5 14     2.85190885
2001  5 15     2.89504043
2001  5 16     2.81052955
2001  5 17     2.63672907
2001  5 18     2.50176464
2001  5 19     2.42807367
2001  5 20     2.37189413
2001  5 21     2.27049871
2001  5 22     2.18243547
2001  5 23     2.06571110
2001  5 24     1.96457250
2001  5 25     1.87836693
2001  5 26     1.76024634
2001  5 27     1.61747379
2001  5 28     1.51736121
2001  5 29     1.45290095
2001  5 30     1.39472619
2001  5 31     1.34160775
2001  6  1     1.29272762
2001  6  2     1.24847922
2001  6  3     1.20691202
2001  6  4     1.16664253
2001  6  5     1.12774422
2001  6  6     1.09071635
2001  6  7     1.05480075
2001  6  8     1.02038500
2001  6  9     0.98835283
2001  6 10     0.95745427
2001  6 11     0.92778179
2001  6 12     0.89923091
2001  6 13     0.87192412
2001  6 14     0.84494714
2001  6 15     0.81874166
2001  6 16     0.79340514
2001  6 17     0.76866581
2001  6 18     0.74550469
2001  6 19     0.72302749
2001  6 20     0.70109152
2001  6 21     0.67987511
2001  6 22     0.65922050
2001  6 23     0.63948588
2001  6 24     0.62144581
2001  6 25     0.60369412
2001  6 26     0.59579911
2001  6 27     0.57099868
2001  6 28     0.55433335
2001  6 29     0.53628601
2001  6 30     0.51881487
2001  7  1     0.50274365
2001  7  2     0.48743177
2001  7  3     0.48038085
2001  7  4     0.46282562
2001  7  5     0.54583787
2001  7  6     0.48129792
2001  7  7     0.48137865
2001  7  8     0.44333618
2001  7  9     0.40413041
2001  7 10     0.43755141
2001  7 11     0.40432727
2001  7 12     0.36801217
2001  7 13     0.35625715
2001  7 14     0.34516208
2001  7 15     0.33482187
2001  7 16     0.32499702
2001  7 17     0.31580310
2001  7 18     0.30631579
2001  7 19     0.29672553
2001  7 20     0.28782004
2001  7 21     0.27923989
2001  7 22     0.27098983
2001  7 23     0.26267132
2001  7 24     0.25488639
2001  7 25     0.24679577
2001  7 26     0.23922938
2001  7 27     0.23215487
2001  7 28     0.22529269
2001  7 29     0.21863517
2001  7 30     0.21217661
2001  7 31     0.20630089
2001  8  1     0.19992841
2001  8  2     0.19393055
2001  8  3     0.18820497
2001  8  4     0.18265213
2001  8  5     0.17726274
2001  8  6     0.17203296
2001  8  7     0.16695891
2001  8  8     0.16203499
2001  8  9     0.21253832
2001  8 10     0.17837477
2001  8 11     0.14811988
2001  8 12     0.14375162
2001  8 13     0.13951285
2001  8 14     0.13539943
2001  8 15     0.13140735
2001  8 16     0.12753309
2001  8 17     0.12377315
2001  8 18     0.12012413
2001  8 19     0.11658274
2001  8 20     0.11314580
2001  8 21     0.10981023
2001  8 22     0.10657303
2001  8 23     0.10343129
2001  8 24     0.10038239
2001  8 25     0.09742307
2001  8 26     0.09455104
2001  8 27     0.09176380
2001  8 28     0.08905872
2001  8 29     0.08643341
2001  8 30     0.08388549
2001  8 31     0.08141269
2001  9  1     0.07901279
2001  9  2     0.07668364
2001  9  3     0.07442316
2001  9  4     0.07222931
2001  9  5     0.07010014
2001  9  6     0.06803374
2001  9  7     0.06602825
2001  9  8     0.06408189
2001  9  9     0.06219289
2001  9 10     0.06035993
2001  9 11     0.05858051
2001  9 12     0.05685393
2001  9 13     0.05517784
2001  9 14     0.05355104
2001  9 15     0.05197249
2001  9 16     0.05044047
2001  9 17     0.04895361
2001  9 18     0.04751058
2001  9 19     0.04611009
2001  9 20     0.04475088
2001  9 21     0.04343173
2001  9 22     0.04215147
2001  9 23     0.04090895
2001  9 24     0.03970306
2001  9 25     0.32644632
2001  9 26     0.15059466
2001  9 27     0.04027260
2001  9 28     0.03706281
2001  9 29     0.03522759
2001  9 30     0.03371896
2001 10  1     0.03239245
2001 10  2     0.03127332
2001 10  3     0.03033014
2001 10  4     0.02943608
2001 10  5     0.02856838
2001 10  6     0.02772625
2001 10  7     0.02690895
2001 10  8     0.02611574
2001 10  9     0.02534592
2001 10 10     0.02459878
2001 10 11     0.02387367
2001 10 12     0.02316993
2001 10 13     0.02248694
2001 10 14     0.02182408
2001 10 15     0.02118076
2001 10 16     0.02055641
2001 10 17     0.01995046
2001 10 18     0.01936237
2001 10 19     0.01879161
2001 10 20     0.01823768
2001 10 21     0.01770008
2001 10 22     0.01717833
2001 10 23     0.01667195
2001 10 24     0.01618050
2001 10 25     0.01570354
2001 10 26     0.01524064
2001 10 27     0.01479138
2001 10 28     0.01435537
2001 10 29     0.01393221
2001 10 30     0.15660028
2001 10 31     0.64469568
2001 11  1     0.18511941
2001 11  2     0.03164996
2001 11  3     0.01911958
2001 11  4     0.01680292
2001 11  5     0.01660714
2001 11  6     0.01575221
2001 11  7     0.01378121
2001 11  8     0.01248085
2001 11  9     0.01139208
2001 11 10     0.01038806
2001 11 11     0.21945644
2001 11 12     0.10431120
2001 11 13     1.34049548
2001 11 14     0.44611178
2001 11 15     0.09311648
2001 11 16     0.05311819
2001 11 17     0.02879609
2001 11 18     0.01881749
2001 11 19     0.01580689
2001 11 20     0.01421581
2001 11 21     0.02933702
2001 11 22     1.43937473
2001 11 23     0.58876807
2001 11 24     0.52822828
2001 11 25     0.95346360
2001 11 26     0.27714603
2001 11 27     0.11317743
2001 11 28     0.07297416
2001 11 29     0.52780321
2001 11 30     0.29714470
2001 12  1     0.23411236
2001 12  2     1.59827058
2001 12  3     2.86457298
2001 12  4     0.86813880
2001 12  5     0.40974806
2001 12  6     0.49838375
2001 12  7     0.32071992
2001 12  8     0.24391834
2001 12  9     0.39167517
2001 12 10     0.26286070
2001 12 11     0.21152097
2001 12 12     0.19941878
2001 12 13     0.18818919
2001 12 14     1.18397114
2001 12 15     0.56632410
2001 12 16     0.32416485
2001 12 17     0.29728733
2001 12 18     0.77206188
2001 12 19     0.36727408
2001 12 20     1.04917633
2001 12 21     1.30362484
2001 12 22     0.53972960
2001 12 23     1.39393428
2001 12 24     0.63877217
2001 12 25     0.41918041
2001 12 26     0.36322587
2001 12 27     0.32254412
2001 12 28     0.32095570
2001 12 29     3.36527087
2001 12 30     1.98298437
2001 12 31     3.25829628
2002  1  1     1.57507659
2002  1  2     1.29164245
2002  1  3     3.58861309
2002  1  4     1.88558771
2002  1  5     1.20974995
2002  1  6     1.10616737
2002  1  7     0.97609669
2002  1  8     0.86074667
2002  1  9     0.78703430
2002  1 10     0.73770729
2002  1 11     0.70294222
2002  1 12     0.67138350
2002  1 13     0.64736982
2002  1 14     0.61322661
2002  1 15     0.58689438
2002  1 16     0.56466717
2002  1 17     0.54325758
2002  1 18     0.52342419
2002  1 19     0.50474617
2002  1 20     0.48725263
2002  1 21     0.47069676
2002  1 22     0.56570726
2002  1 23     0.45970864
2002  1 24     0.43158689
2002  1 25     0.41578291
2002  1 26     0.40833051
2002  1 27     2.24888202
2002  1 28     0.96739425
2002  1 29     0.67553125
2002  1 30     0.58265544
2002  1 31     0.50251031
2002  2  1     0.45290181
2002  2  2     0.42757044
2002  2  3     0.40945734
2002  2  4     0.39452412
2002  2  5     0.37907498
2002  2  6     0.37326790
2002  2  7     0.37057826
2002  2  8     2.54787512
2002  2  9     1.28632119
2002  2 10     0.79138450
2002  2 11     0.72817432
2002  2 12     0.68336846
2002  2 13     0.66653421
2002  2 14     0.64321637
2002  2 15     0.63541860
2002  2 16     0.61332746
2002  2 17     3.31428429
2002  2 18     2.14085249
2002  2 19     1.18752159
2002  2 20     3.19242065
2002  2 21     1.85993450
2002  2 22     1.38299575
2002  2 23     1.34794737
2002  2 24     1.15257908
2002  2 25     1.07868390
2002  2 26     1.12749446
2002  2 27     1.19637716
2002  2 28     1.18816109
2002  3  1     1.05805602
2002  3  2     0.94251118
2002  3  3     0.89674656
2002  3  4     0.86964247
2002  3  5     1.22853405
2002  3  6     4.68801678
2002  3  7     6.67304688
2002  3  8     4.98090934
2002  3  9     2.57251859
2002  3 10     2.18675631
2002  3 11     2.22377725
2002  3 12     2.01622460
2002  3 13     1.68065306
2002  3 14     1.50931368
2002  3 15     1.39342585
2002  3 16     1.41271146
2002  3 17     1.84151142
2002  3 18     1.56293103
2002  3 19     1.43450134
2002  3 20     1.36740424
2002  3 21     1.65088280
2002  3 22     1.66207354
2002  3 23     5.18398438
2002  3 24     6.67605210
2002  3 25     3.12361946
2002  3 26     2.31591544
2002  3 27     2.16425570
2002  3 28     2.23785704
2002  3 29     2.36834674
2002  3 30     2.42803722
2002  3 31     2.45510567
2002  4  1     2.56696747
2002  4  2     2.74724198
2002  4  3     2.87923440
2002  4  4     2.90871164
2002  4  5     2.71549817
2002  4  6     2.42561047
2002  4  7     2.20691392
2002  4  8     2.28276695
2002  4  9     2.42346023
2002  4 10     2.47726908
2002  4 11     2.51952828
2002  4 12     2.56070121
2002  4 13     2.68352050
2002  4 14     3.00071766
2002  4 15     2.72823130
2002  4 16     2.15912701
2002  4 17     2.23373505
2002  4 18     1.96033683
2002  4 19     1.75006293
2002  4 20     1.65787822
2002  4 21     1.58183435
2002  4 22     1.70553094
2002  4 23     2.01345555
2002  4 24     2.24886218
2002  4 25     2.25429444
2002  4 26     2.59013425
2002  4 27     2.38572889
2002  4 28     1.89302097
2002  4 29     1.81261316
2002  4 30     2.33242996
2002  5  1     1.76346031
2002  5  2     1.58764678
2002  5  3     1.68745803
2002  5  4     1.80237706
2002  5  5     1.85126743
2002  5  6     1.93238841
2002  5  7     1.91038244
2002  5  8     1.75907992
2002  5  9     1.65335535
2002  5 10     1.59041828
2002  5 11     1.47843933
2002  5 12     1.50996631
2002  5 13     1.63765086
2002  5 14     1.79949082
2002  5 15     1.88060822
2002  5 16     1.89475108
2002  5 17     2.01280381
2002  5 18     2.14640205
2002  5 19     2.03552032
2002  5 20     2.89076514
2002  5 21     4.39783390
2002  5 22     2.47114864
2002  5 23     2.01230436
2002  5 24     2.25564218
2002  5 25     2.27888074
2002  5 26     2.17488077
2002  5 27     2.11040877
2002  5 28     2.02796613
2002  5 29     2.08828786
2002  5 30     2.22413371
2002  5 31     2.23551762
2002  6  1     2.21176231
2002  6  2     1.92644392
2002  6  3     1.71654871
2002  6  4     1.68860748
2002  6  5     1.61095400
2002  6  6     1.56627868
2002  6  7     1.54089691
2002  6  8     1.46605803
2002  6  9     1.35390764
2002  6 10     1.26383791
2002  6 11     1.24059261
2002  6 12     1.25463890
2002  6 13     1.27158257
2002  6 14     1.20403001
2002  6 15     1.09333527
2002  6 16     1.02458699
2002  6 17     0.98611968
2002  6 18     0.94882296
2002  6 19     0.91215843
2002  6 20     0.87817985
2002  6 21     0.84780002
2002  6 22     0.81961264
2002  6 23     0.79274354
2002  6 24     0.76692455
2002  6 25     0.74199886
2002  6 26     0.71799414
2002  6 27     0.69549362
2002  6 28     0.67391889
2002  6 29     0.65308832
2002  6 30     0.63277959
2002  7  1     0.61278315
2002  7  2     0.59364759
2002  7  3     0.57601987
2002  7  4     0.55892280
2002  7  5     0.54213728
2002  7  6     0.52572800
2002  7  7     0.50971465
2002  7  8     0.49468083
2002  7  9     0.47927169
2002  7 10     0.46398688
2002  7 11     0.44946011
2002  7 12     0.43593645
2002  7 13     0.42304786
2002  7 14     0.41057713
2002  7 15     0.39852370
2002  7 16     0.38695820
2002  7 17     0.37562581
2002  7 18     0.36457619
2002  7 19     0.36966248
2002  7 20     0.35088060
2002  7 21     0.33262155
2002  7 22     0.32297821
2002  7 23     0.31347418
2002  7 24     0.30411570
2002  7 25     0.29500351
2002  7 26     0.28627069
2002  7 27     0.27782483
2002  7 28     0.26962860
2002  7 29     0.26167260
2002  7 30     0.25394958
2002  7 31     0.24645767
2002  8  1     0.23918865
2002  8  2     0.23230202
2002  8  3     0.22538512
2002  8  4     0.21864540
2002  8  5     0.21219788
2002  8  6     0.20594093
2002  8  7     0.19987638
2002  8  8     0.19397767
2002  8  9     0.18825731
2002  8 10     0.18270677
2002  8 11     0.17731975
2002  8 12     0.17209200
2002  8 13     0.16701909
2002  8 14     0.16209513
2002  8 15     0.15731631
2002  8 16     0.15267875
2002  8 17     0.14817755
2002  8 18     0.14380922
2002  8 19     0.13957047
2002  8 20     0.13545580
2002  8 21     0.13146233
2002  8 22     0.12758703
2002  8 23     0.12382617
2002  8 24     0.12017590
2002  8 25     0.11663320
2002  8 26     0.11319508
2002  8 27     0.10985832
2002  8 28     0.10662038
2002  8 29     0.10350283
2002  8 30     0.10044170
2002  8 31     0.09746647
2002  9  1     0.09459312
2002  9  2     0.09180479
2002  9  3     0.08909860
2002  9  4     0.08656183
2002  9  5     0.08397952
2002  9  6     0.08452600
2002  9  7     0.09035690
2002  9  8     0.08147416
2002  9  9     0.07445689
2002  9 10     0.07226198
2002  9 11     0.07013188
2002  9 12     0.06806456
2002  9 13     0.06605819
2002  9 14     0.06411096
2002  9 15     0.06222113
2002  9 16     0.06038700
2002  9 17     0.05860694
2002  9 18     0.05687936
2002  9 19     0.05520269
2002  9 20     0.05357546
2002  9 21     0.05199618
2002  9 22     0.05046347
2002  9 23     0.04897593
2002  9 24     0.04753224
2002  9 25     0.04613111
2002  9 26     0.04477128
2002  9 27     0.04345153
2002  9 28     0.04217069
2002  9 29     0.04092760
2002  9 30     0.03972116
2002 10  1     0.04679772
2002 10  2     0.04205693
2002 10  3     0.03665863
2002 10  4     0.03524069
2002 10  5     0.03474281
2002 10  6     0.03349747
2002 10  7     0.03221523
2002 10  8     0.03126560
2002 10  9     0.03034396
2002 10 10     0.02944950
2002 10 11     0.02858140
2002 10 12     0.02773889
2002 10 13     0.02692122
2002 10 14     0.02612765
2002 10 15     0.02535747
2002 10 16     0.02460999
2002 10 17     0.02388455
2002 10 18     0.02318050
2002 10 19     0.02249719
2002 10 20     0.02183403
2002 10 21     0.02119042
2002 10 22     0.02056578
2002 10 23     0.01995955
2002 10 24     0.01937119
2002 10 25     0.01880018
2002 10 26     0.01824599
2002 10 27     0.01770815
2002 10 28     0.01718616
2002 10 29     0.01667955
2002 10 30     0.01618788
2002 10 31     0.01571070
2002 11  1     0.01524759
2002 11  2     0.01479813
2002 11  3     0.01436192
2002 11  4     0.01393856
2002 11  5     0.01352769
2002 11  6     0.01312892
2002 11  7     0.16859693
2002 11  8     2.40621211
2002 11  9     4.04246757
2002 11 10     1.53640590
2002 11 11     0.54541884
2002 11 12     0.31220118
2002 11 13     0.20113551
2002 11 14     0.15517071
2002 11 15     0.12353788
2002 11 16     0.10761026
2002 11 17     0.09988013
2002 11 18     0.09239272
2002 11 19     0.08681780
2002 11 20     0.08294819
2002 11 21     0.07971723
2002 11 22     0.07564076
2002 11 23     0.07206537
2002 11 24     0.06904465
2002 11 25     0.06627899
2002 11 26     0.06368794
2002 11 27     0.06110609
2002 11 28     0.05879308
2002 11 29     0.05659794
2002 11 30     0.05455733
2002 12  1     0.05280490
2002 12  2     0.05100100
2002 12  3     0.04925749
2002 12  4     0.04757873
2002 12  5     0.04594745
2002 12  6     0.04439426
2002 12  7     0.04299103
2002 12  8     0.04165853
2002 12  9     0.04034545
2002 12 10     0.04867012
2002 12 11     0.04944526
2002 12 12     0.03944375
2002 12 13     0.19516755
2002 12 14     1.40420803
2002 12 15     2.51882905
2002 12 16     3.55591142
2002 12 17     3.12581257
2002 12 18     1.31765324
2002 12 19     0.72492980
2002 12 20     1.31057714
2002 12 21     1.30610716
2002 12 22     0.66711996
2002 12 23     0.47823298
2002 12 24     0.40520409
2002 12 25     0.35650621
2002 12 26     0.32154768
2002 12 27     0.30595598
2002 12 28     0.29747282
2002 12 29     2.71704440
2002 12 30     1.16651049
2002 12 31     1.56405235
2003  1  1     0.99126620
2003  1  2     0.66249752
2003  1  3     0.55506972
2003  1  4     0.48941266
2003  1  5     0.45142779
2003  1  6     0.43317135
2003  1  7     0.40906301
2003  1  8     0.39101556
2003  1  9     0.38928683
2003  1 10     2.28709772
2003  1 11     2.04691009
2003  1 12     1.08058422
2003  1 13     0.81434598
2003  1 14     0.73086378
2003  1 15     0.65638873
2003  1 16     0.61490651
2003  1 17     0.59969147
2003  1 18     0.59180808
2003  1 19     0.57684305
2003  1 20     0.55767947
2003  1 21     0.57069186
2003  1 22     0.57097240
2003  1 23     0.65426541
2003  1 24     0.65853626
2003  1 25     0.61139143
2003  1 26     0.60585674
2003  1 27     0.62293554
2003  1 28     0.62509218
2003  1 29     0.58816233
2003  1 30     0.60991934
2003  1 31     0.66472711
2003  2  1     0.63200969
2003  2  2     0.62193287
2003  2  3     0.54307401
2003  2  4     0.50193230
2003  2  5     0.47796233
2003  2  6     0.45581109
2003  2  7     0.43658592
2003  2  8     0.41903593
2003  2  9     0.40298805
2003  2 10     0.38894523
2003  2 11     0.38907033
2003  2 12     0.38706856
2003  2 13     1.46942138
2003  2 14     1.41609769
2003  2 15     0.83030619
2003  2 16     1.87904360
2003  2 17     1.10446067
2003  2 18     0.82170367
2003  2 19     0.72555907
2003  2 20     0.80527904
2003  2 21     0.63356046
2003  2 22     0.58868973
2003  2 23     0.56329498
2003  2 24     0.56259801
2003  2 25     1.14559291
2003  2 26     1.05191707
2003  2 27     0.88724623
2003  2 28     0.70885150
2003  3  1     0.77222460
2003  3  2     0.61241252
2003  3  3     0.57996963
2003  3  4     0.58346546
2003  3  5     0.52063757
2003  3  6     0.50418716
2003  3  7     0.50180767
2003  3  8     0.50084705
2003  3  9     0.55300918
2003  3 10     0.61946023
2003  3 11     0.65057731
2003  3 12     0.69213615
2003  3 13     0.78985173
2003  3 14     0.94413069
2003  3 15     5.46121252
2003  3 16     3.79004962
2003  3 17     1.81840547
2003  3 18     1.52876089
2003  3 19     1.29546069
2003  3 20     1.27257501
2003  3 21     1.14561400
2003  3 22     1.16173157
2003  3 23     1.66303809
2003  3 24     2.16824832
2003  3 25     1.54925119
2003  3 26     1.87313886
2003  3 27     1.69688409
2003  3 28     1.36353414
2003  3 29     1.30008974
2003  3 30     1.38318468
2003  3 31     1.55729448
2003  4  1     1.59213299
2003  4  2     2.68978312
2003  4  3     2.12494129
2003  4  4     2.17307751
2003  4  5     1.85162659
2003  4  6     1.46592944
2003  4  7     1.46696766
2003  4  8     1.76235221
2003  4  9     2.13348838
2003  4 10     2.30750236
2003  4 11     2.14882445
2003  4 12     1.94769709
2003  4 13     9.28720259
2003  4 14     7.82723574
2003  4 15     4.01269297
2003  4 16     2.94087336
2003  4 17     2.72856373
2003  4 18     2.71839471
2003  4 19     2.36405650
2003  4 20     2.29096000
2003  4 21     2.59015272
2003  4 22     2.68982038
2003  4 23     2.08560604
2003  4 24     2.15885858
2003  4 25     5.66744501
2003  4 26     6.56195414
2003  4 27     3.69139127
2003  4 28     6.11049037
2003  4 29     3.94766900
2003  4 30     2.94718316
2003  5  1     2.69066090
2003  5  2     2.89045232
2003  5  3     3.88238488
2003  5  4     6.18489167
2003  5  5     4.35514799
2003  5  6     3.19186095
2003  5  7     3.32714745
2003  5  8     3.07858060
2003  5  9     3.59186361
2003  5 10     3.01905325
2003  5 11     2.82744734
2003  5 12     2.73009241
2003  5 13     3.04262281
2003  5 14     3.40064671
2003  5 15     3.36156661
2003  5 16     3.39321973
2003  5 17     3.44780034
2003  5 18     3.38124812
2003  5 19     3.29501775
2003  5 20     3.47375519
2003  5 21     3.54013724
2003  5 22     3.49690551
2003  5 23     3.57798034
2003  5 24     3.71513739
2003  5 25     3.67880915
2003  5 26     3.42303163
2003  5 27     3.32891391
2003  5 28     3.50229773
2003  5 29     3.76133545
2003  5 30     3.70906754
2003  5 31     3.38713304
2003  6  1     3.21599073
2003  6  2     3.19679827
2003  6  3     3.11154303
2003  6  4     2.93666552
2003  6  5     2.79182701
2003  6  6     2.59445246
2003  6  7     2.40038606
2003  6  8     2.27390737
2003  6  9     2.17635067
2003  6 10     2.08848296
2003  6 11     1.96108100
2003  6 12     1.81130283
2003  6 13     1.70211061
2003  6 14     1.62885237
2003  6 15     1.56405818
2003  6 16     1.50514938
2003  6 17     1.45151462
2003  6 18     1.40120600
2003  6 19     1.35464594
2003  6 20     1.31011755
2003  6 21     1.26749837
2003  6 22     1.22666721
2003  6 23     1.19170882
2003  6 24     1.15778625
2003  6 25     1.11603700
2003  6 26     1.07710738
2003  6 27     1.04273779
2003  6 28     1.01004656
2003  6 29     0.97923239
2003  6 30     0.95017987
2003  7  1     0.92151007
2003  7  2     0.89368637
2003  7  3     0.86647761
2003  7  4     0.84023171
2003  7  5     0.81483878
2003  7  6     0.79032240
2003  7  7     0.76708305
2003  7  8     0.74440223
2003  7  9     0.72189130
2003  7 10     0.69967818
2003  7 11     0.67861108
2003  7 12     0.65845133
2003  7 13     0.63899263
2003  7 14     0.62000432
2003  7 15     0.60123420
2003  7 16     0.58322916
2003  7 17     0.56548490
2003  7 18     0.54822697
2003  7 19     0.53188603
2003  7 20     0.52525183
2003  7 21     0.50527035
2003  7 22     0.48653392
2003  7 23     0.47257211
2003  7 24     0.53437895
2003  7 25     0.48146365
2003  7 26     0.43183339
2003  7 27     0.41829804
2003  7 28     0.40586594
2003  7 29     0.44350513
2003  7 30     0.42440859
2003  7 31     0.41259086
2003  8  1     0.48738735
2003  8  2     0.83929095
2003  8  3     0.75203788
2003  8  4     0.44668693
2003  8  5     0.35232464
2003  8  6     0.33664012
2003  8  7     0.32352829
2003  8  8     0.31198514
2003  8  9     0.30113798
2003  8 10     0.29090565
2003  8 11     0.28146655
2003  8 12     0.27262798
2003  8 13     0.26429305
2003  8 14     0.25603086
2003  8 15     0.24802721
2003  8 16     0.24030117
2003  8 17     0.23283473
2003  8 18     0.22564838
2003  8 19     0.21884546
2003  8 20     0.21229487
2003  8 21     0.21542458
2003  8 22     0.27267105
2003  8 23     0.22530631
2003  8 24     0.18857927
2003  8 25     0.18261900
2003  8 26     0.19278759
2003  8 27     0.17739822
2003  8 28     0.16740665
2003  8 29     0.16179949
2003  8 30     0.15700947
2003  8 31     0.15246394
2003  9  1     0.14954885
2003  9  2     0.14417228
2003  9  3     0.14138853
2003  9  4     0.15671683
2003  9  5     0.14377044
2003  9  6     0.12792273
2003  9  7     0.12350862
2003  9  8     0.11986317
2003  9  9     0.11659652
2003  9 10     0.11326594
2003  9 11     0.10963847
2003  9 12     0.10632943
2003  9 13     0.10319300
2003  9 14     0.10015009
2003  9 15     0.09719702
2003  9 16     0.09433113
2003  9 17     0.09154983
2003  9 18     0.08885061
2003  9 19     0.08623103
2003  9 20     0.08368875
2003  9 21     0.08122146
2003  9 22     0.07882695
2003  9 23     0.07650307
2003  9 24     0.07424773
2003  9 25     0.07205890
2003  9 26     0.06993462
2003  9 27     0.06787298
2003  9 28     0.06587214
2003  9 29     0.06393029
2003  9 30     0.06204570
2003 10  1     0.06021671
2003 10  2     0.05844159
2003 10  3     0.05671879
2003 10  4     0.05504683
2003 10  5     0.05342414
2003 10  6     0.05184928
2003 10  7     0.05032107
2003 10  8     0.04883756
2003 10  9     0.04739784
2003 10 10     0.04600100
2003 10 11     0.04464484
2003 10 12     0.04332856
2003 10 13     0.04205135
2003 10 14     0.04081178
2003 10 15     0.03960875
2003 10 16     0.03844118
2003 10 17     0.03730803
2003 10 18     0.03620828
2003 10 19     0.03514095
2003 10 20     0.03410508
2003 10 21     0.03309975
2003 10 22     0.03212405
2003 10 23     0.03117711
2003 10 24     0.03025809
2003 10 25     0.02936616
2003 10 26     0.02850052
2003 10 27     0.02766039
2003 10 28     0.02684503
2003 10 29     0.02605371
2003 10 30     0.02528571
2003 10 31     0.02644938
2003 11  1     0.07150151
2003 11  2     0.03205229
2003 11  3     0.20513614
2003 11  4     0.09902463
2003 11  5     0.05124373
2003 11  6     0.02999675
2003 11  7     0.07617496
2003 11  8     0.04850127
2003 11  9     1.15579093
2003 11 10     0.57143729
2003 11 11     0.12930906
2003 11 12     0.05190970
2003 11 13     0.03913966
2003 11 14     0.03146640
2003 11 15     0.37587444
2003 11 16     0.19422503
2003 11 17     0.07509257
2003 11 18     0.04074777
2003 11 19     0.03630350
2003 11 20     0.03613955
2003 11 21     0.03328077
2003 11 22     0.02616800
2003 11 23     0.02251200
2003 11 24     0.02125871
2003 11 25     0.01998807
2003 11 26     0.01912951
2003 11 27     0.01832661
2003 11 28     0.01752737
2003 11 29     0.01707024
2003 11 30     0.01774147
2003 12  1     0.01769528
2003 12  2     0.10542076
2003 12  3     0.04729015
2003 12  4     0.02009359
2003 12  5     0.19242448
2003 12  6     0.48993373
2003 12  7     2.11263763
2003 12  8     0.80000266
2003 12  9     0.22101464
2003 12 10     1.22402657
2003 12 11     1.85798686
2003 12 12     0.75323371
2003 12 13     0.84864139
2003 12 14     1.49605525
2003 12 15     0.77426838
2003 12 16     0.43983636
2003 12 17     0.36117058
2003 12 18     0.30862473
2003 12 19     0.27370931
2003 12 20     1.00487124
2003 12 21     0.85480997
2003 12 22     0.47480747
2003 12 23     0.38068482
2003 12 24     1.57630778
2003 12 25     4.84094479
2003 12 26     2.34593610
2003 12 27     1.07072015
2003 12 28     0.89193945
2003 12 29     0.79475564
2003 12 30     2.07180217
2003 12 31     1.36242978
2004  1  1     2.32202444
2004  1  2     3.19227178
2004  1  3     2.09829179
2004  1  4     1.27443917
2004  1  5     1.04643798
2004  1  6     0.91343505
2004  1  7     0.88669486
2004  1  8     0.80743621
2004  1  9     0.72960472
2004  1 10     0.69436721
2004  1 11     0.66301134
2004  1 12     0.63796181
2004  1 13     0.61182244
2004  1 14     0.58982688
2004  1 15     0.57295656
2004  1 16     0.55183826
2004  1 17     0.53473955
2004  1 18     0.52141892
2004  1 19     0.50716195
2004  1 20     0.50358459
2004  1 21     0.48754614
2004  1 22     0.46349998
2004  1 23     0.45112463
2004  1 24     0.45772057
2004  1 25     0.43192254
2004  1 26     0.41071737
2004  1 27     0.40727532
2004  1 28     0.90975382
2004  1 29     0.54954546
2004  1 30     0.46252528
2004  1 31     0.55571178
2004  2  1     0.45441259
2004  2  2     0.43914675
2004  2  3     1.53372381
2004  2  4     0.94822707
2004  2  5     0.61352753
2004  2  6     0.51756872
2004  2  7     0.58394734
2004  2  8     0.45201776
2004  2  9     0.40519533
2004  2 10     0.38025437
2004  2 11     0.36002026
2004  2 12     0.34106215
2004  2 13     0.32559147
2004  2 14     0.31819139
2004  2 15     0.31350177
2004  2 16     0.52486921
2004  2 17     3.26451807
2004  2 18     4.78883935
2004  2 19     3.13031640
2004  2 20     1.68806977
2004  2 21     1.37672910
2004  2 22     1.34234124
2004  2 23     1.29228972
2004  2 24     1.14048374
2004  2 25     1.40415307
2004  2 26     7.38888299
2004  2 27     4.57960332
2004  2 28     2.27436189
2004  2 29     1.79644820
2004  3  1     1.55108853
2004  3  2     1.97316145
2004  3  3     1.58776941
2004  3  4     1.38596314
2004  3  5     1.31404401
2004  3  6     1.26128833
2004  3  7     1.27716062
2004  3  8     1.40793011
2004  3  9     1.63155997
2004  3 10     1.80874408
2004  3 11     1.86851204
2004  3 12     1.88232065
2004  3 13     1.93564873
2004  3 14     2.03711880
2004  3 15     2.13867051
2004  3 16     2.20852763
2004  3 17     2.23394562
2004  3 18     2.30579273
2004  3 19     2.36664886
2004  3 20     2.43562228
2004  3 21     2.58488868
2004  3 22     2.74826923
2004  3 23     2.73693374
2004  3 24     2.54993623
2004  3 25     2.38463693
2004  3 26     4.01360497
2004  3 27     2.74128211
2004  3 28     2.24245593
2004  3 29     2.49693910
2004  3 30     2.67465633
2004  3 31     2.55500549
2004  4  1     2.30076637
2004  4  2     2.04383214
2004  4  3     1.95173817
2004  4  4     2.02152251
2004  4  5     2.01625090
2004  4  6     1.83717244
2004  4  7     1.71519306
2004  4  8     1.69314748
2004  4  9     1.71461655
2004  4 10     1.78156488
2004  4 11     1.83872586
2004  4 12     1.84573496
2004  4 13     1.80265757
2004  4 14     1.60265578
2004  4 15     1.47507579
2004  4 16     1.39111020
2004  4 17     1.30761811
2004  4 18     1.28487252
2004  4 19     1.20929042
2004  4 20     1.17779541
2004  4 21     1.13265155
2004  4 22     1.07932403
2004  4 23     1.09428775
2004  4 24     1.15041395
2004  4 25     1.27485292
2004  4 26     1.53408386
2004  4 27     1.65284969
2004  4 28     1.63268087
2004  4 29     1.42761501
2004  4 30     1.28660153
2004  5  1     1.30967444
2004  5  2     1.39255687
2004  5  3     1.53266915
2004  5  4     1.60093501
2004  5  5     1.58627600
2004  5  6     1.45367311
2004  5  7     1.31248645
2004  5  8     1.23257081
2004  5  9     1.17377615
2004  5 10     1.13186252
2004  5 11     1.03982528
2004  5 12     0.96047720
2004  5 13     0.94490028
2004  5 14     0.93819718
2004  5 15     0.93911957
2004  5 16     0.92369568
2004  5 17     0.89075242
2004  5 18     0.84264491
2004  5 19     0.80043598
2004  5 20     0.77789406
2004  5 21     0.76371048
2004  5 22     0.73917889
2004  5 23     0.72108946
2004  5 24     0.70491446
2004  5 25     0.68781518
2004  5 26     0.68074736
2004  5 27     0.69038238
2004  5 28     1.13481146
2004  5 29     0.89103071
2004  5 30     0.66654379
2004  5 31     0.64916871
2004  6  1     0.61753110
2004  6  2     0.58879863
2004  6  3     0.57161614
2004  6  4     0.55309698
2004  6  5     0.53084487
2004  6  6     0.51097569
2004  6  7     0.49474768
2004  6  8     0.47848008
2004  6  9     0.46246379
2004  6 10     0.44866876
2004  6 11     0.43368052
2004  6 12     0.41910883
2004  6 13     0.40543634
2004  6 14     0.39268688
2004  6 15     0.38014132
2004  6 16     0.36822357
2004  6 17     0.35694399
2004  6 18     0.34649161
2004  6 19     0.33604693
2004  6 20     0.32590685
2004  6 21     0.31596298
2004  6 22     0.30625570
2004  6 23     0.29691328
2004  6 24     0.28794808
2004  6 25     0.27947354
2004  6 26     0.27122352
2004  6 27     0.26306428
2004  6 28     0.25584159
2004  6 29     0.24776928
2004  6 30     0.24012388
2004  7  1     0.23311897
2004  7  2     0.22614449
2004  7  3     0.21931816
2004  7  4     0.21273462
2004  7  5     0.20644533
2004  7  6     0.20034433
2004  7  7     0.19442506
2004  7  8     0.18868239
2004  7  9     0.18311048
2004  7 10     0.17770422
2004  7 11     0.17245884
2004  7 12     0.16736907
2004  7 13     0.16243008
2004  7 14     0.15763730
2004  7 15     0.15298656
2004  7 16     0.14847391
2004  7 17     0.14409425
2004  7 18     0.13984402
2004  7 19     0.13571984
2004  7 20     0.13171780
2004  7 21     0.12783318
2004  7 22     0.12406335
2004  7 23     0.12040517
2004  7 24     0.11685497
2004  7 25     0.11340957
2004  7 26     0.11006617
2004  7 27     0.10682088
2004  7 28     0.10367139
2004  7 29     0.10061525
2004  7 30     0.09764886
2004  7 31     0.09477013
2004  8  1     0.09197614
2004  8  2     0.08926459
2004  8  3     0.08663311
2004  8  4     0.08407922
2004  8  5     0.08160063
2004  8  6     0.07919513
2004  8  7     0.07686073
2004  8  8     0.07459491
2004  8  9     0.07239583
2004  8 10     0.07026171
2004  8 11     0.06819052
2004  8 12     0.06618081
2004  8 13     0.06423008
2004  8 14     0.06233626
2004  8 15     0.06049846
2004  8 16     0.05871511
2004  8 17     0.05698433
2004  8 18     0.05530457
2004  8 19     0.05367437
2004  8 20     0.05209217
2004  8 21     0.05137863
2004  8 22     0.05120626
2004  8 23     0.04861520
2004  8 24     0.04621627
2004  8 25     0.04485389
2004  8 26     0.04353170
2004  8 27     0.04224849
2004  8 28     0.04100311
2004  8 29     0.03979444
2004  8 30     0.03862140
2004  8 31     0.03748294
2004  9  1     0.03637803
2004  9  2     0.03530570
2004  9  3     0.03426498
2004  9  4     0.03325493
2004  9  5     0.03227466
2004  9  6     0.03132328
2004  9  7     0.03039995
2004  9  8     0.02950383
2004  9  9     0.02863413
2004  9 10     0.02779007
2004  9 11     0.02697089
2004  9 12     0.02617585
2004  9 13     0.02540425
2004  9 14     0.02465540
2004  9 15     0.02392862
2004  9 16     0.02322326
2004  9 17     0.02253870
2004  9 18     0.02187431
2004  9 19     0.02148484
2004  9 20     0.07110603
2004  9 21     0.02997654
2004  9 22     0.02153305
2004  9 23     0.01997401
2004  9 24     0.01827968
2004  9 25     0.01774082
2004  9 26     0.01721786
2004  9 27     0.01671032
2004  9 28     0.01621775
2004  9 29     0.01573969
2004  9 30     0.01527572
2004 10  1     0.01482543
2004 10  2     0.01438841
2004 10  3     0.01396428
2004 10  4     0.01355265
2004 10  5     0.01328807
2004 10  6     0.01284336
2004 10  7     0.01238913
2004 10  8     0.01202393
2004 10  9     0.01166950
2004 10 10     0.01132551
2004 10 11     0.01099166
2004 10 12     0.01066765
2004 10 13     0.01035320
2004 10 14     0.01004801
2004 10 15     0.00975182
2004 10 16     0.00946436
2004 10 17     0.14911913
2004 10 18     1.66612966
2004 10 19     0.78438400
2004 10 20     1.69062242
2004 10 21     0.81081149
2004 10 22     0.20486090
2004 10 23     0.09184104
2004 10 24     0.23523410
2004 10 25     0.11833013
2004 10 26     0.81777814
2004 10 27     0.82938954
2004 10 28     0.24362567
2004 10 29     0.10438765
2004 10 30     0.05184619
2004 10 31     0.02928003
2004 11  1     0.02258327
2004 11  2     0.02570395
2004 11  3     0.04009884
2004 11  4     0.76197791
2004 11  5     0.23837768
2004 11  6     0.09031547
2004 11  7     0.09801911
2004 11  8     0.10560506
2004 11  9     0.15788506
2004 11 10     0.11277878
2004 11 11     0.21637200
2004 11 12     0.60072759
2004 11 13     0.25017267
2004 11 14     0.14442772
2004 11 15     0.11545634
2004 11 16     0.10816428
2004 11 17     0.10438202
2004 11 18     0.09863875
2004 11 19     0.09340129
2004 11 20     0.08467257
2004 11 21     0.07833807
2004 11 22     0.07421169
2004 11 23     0.07053228
2004 11 24     0.06734216
2004 11 25     0.06500819
2004 11 26     0.06380844
2004 11 27     0.96677127
2004 11 28     0.64607555
2004 11 29     0.24105041
2004 11 30     0.17747316
2004 12  1     0.14340295
2004 12  2     0.12407767
2004 12  3     0.11307630
2004 12  4     0.10659956
2004 12  5     0.10127710
2004 12  6     0.09661965
2004 12  7     1.26565307
2004 12  8     2.61873358
2004 12  9     1.68494339
2004 12 10     0.80821821
2004 12 11     0.57590643
2004 12 12     0.51805529
2004 12 13     0.47284942
2004 12 14     0.43971556
2004 12 15     0.41592008
2004 12 16     0.39475053
2004 12 17     0.37469193
2004 12 18     0.35840402
2004 12 19     0.34366005
2004 12 20     0.32870987
2004 12 21     0.31538659
2004 12 22     0.30366394
2004 12 23     0.29208245
2004 12 24     0.28152700
2004 12 25     0.27171070
2004 12 26     0.26276493
2004 12 27     0.37783674
2004 12 28     1.97937416
2004 12 29     1.99736385
2004 12 30     3.23106396
2004 12 31     6.89883730
2005  1  1     4.54894017
2005  1  2     3.25595960
2005  1  3     2.74148834
2005  1  4     2.04342751
2005  1  5     1.50299567
2005  1  6     1.28005264
2005  1  7     1.43952979
2005  1  8    11.52803440
2005  1  9    12.15638063
2005  1 10    10.13505572
2005  1 11    12.27301614
2005  1 12     7.56348652
2005  1 13     4.25700279
2005  1 14     3.54518950
2005  1 15     3.10210297
2005  1 16     2.79407630
2005  1 17     2.55704622
2005  1 18     2.37899537
2005  1 19     2.24212425
2005  1 20     2.12066908
2005  1 21     2.02024232
2005  1 22     1.93219413
2005  1 23     1.85053949
2005  1 24     1.77963152
2005  1 25     1.99519475
2005  1 26     3.31023255
2005  1 27     7.00087432
2005  1 28     7.16113109
2005  1 29     6.78461644
2005  1 30     3.51524979
2005  1 31     2.87216393
2005  2  1     2.56717510
2005  2  2     2.32649680
2005  2  3     2.15299274
2005  2  4     2.03386765
2005  2  5     1.93857738
2005  2  6     1.85537858
2005  2  7     1.86447331
2005  2  8     1.76622287
2005  2  9     1.65499954
2005  2 10     1.59018427
2005  2 11     1.54689569
2005  2 12     2.21289197
2005  2 13     1.81604117
2005  2 14     1.66934506
2005  2 15     1.92053006
2005  2 16     6.10995181
2005  2 17     4.02791418
2005  2 18     3.42099747
2005  2 19     3.16484192
2005  2 20    10.73971784
2005  2 21     5.51863850
2005  2 22     3.73467416
2005  2 23     3.06229021
2005  2 24     2.75124570
2005  2 25     2.49206577
2005  2 26     2.33725785
2005  2 27     2.17751581
2005  2 28     5.94264158
2005  3  1     3.42615421
2005  3  2     4.93157606
2005  3  3     3.63731607
2005  3  4     2.87532202
2005  3  5     2.71152196
2005  3  6     2.41658376
2005  3  7     2.32852463
2005  3  8     2.32149715
2005  3  9     2.37906216
2005  3 10     2.40403323
2005  3 11     2.46198880
2005  3 12     2.47633903
2005  3 13     2.50426088
2005  3 14     2.35527372
2005  3 15     2.12308891
2005  3 16     1.99904622
2005  3 17     1.90833560
2005  3 18     1.84453374
2005  3 19     3.30419731
2005  3 20     6.05704177
2005  3 21     7.47178358
2005  3 22    11.32294459
2005  3 23    15.36466722
2005  3 24     8.66921399
2005  3 25     4.78269773
2005  3 26     3.91784769
2005  3 27     3.58229827
2005  3 28    10.53984375
2005  3 29     6.78796278
2005  3 30     5.35305672
2005  3 31     4.18907618
2005  4  1     3.77013543
2005  4  2     3.63033416
2005  4  3     3.45664576
2005  4  4     4.55565400
2005  4  5     3.48973835
2005  4  6     3.24216840
2005  4  7     3.64204382
2005  4  8     3.99992211
2005  4  9     5.66517605
2005  4 10     3.45041418
2005  4 11     3.17390079
2005  4 12     3.31978073
2005  4 13     3.17564320
2005  4 14     2.75885268
2005  4 15     2.56252993
2005  4 16     2.82003754
2005  4 17     3.12409540
2005  4 18     2.96041317
2005  4 19     2.59281265
2005  4 20     2.42263833
2005  4 21     2.30259870
2005  4 22     2.47500055
2005  4 23     2.73197270
2005  4 24     2.53069964
2005  4 25     2.24904676
2005  4 26     2.33204857
2005  4 27     2.70899130
2005  4 28     3.75986885
2005  4 29     3.18597882
2005  4 30     2.70076405
2005  5  1     2.83924383
2005  5  2     2.72677877
2005  5  3     2.79608395
2005  5  4     2.97546373
2005  5  5     3.99625921
2005  5  6     5.46372127
2005  5  7     3.64635092
2005  5  8     3.15250982
2005  5  9     9.74132527
2005  5 10     7.50919381
2005  5 11     4.29081752
2005  5 12     3.90223329
2005  5 13     4.12485917
2005  5 14     4.43553187
2005  5 15     4.65330796
2005  5 16    10.62419598
2005  5 17     7.86979153
2005  5 18     5.47302424
2005  5 19     5.08385506
2005  5 20     5.17299205
2005  5 21     4.88727555
2005  5 22     4.93400033
2005  5 23     5.14190837
2005  5 24     5.27827952
2005  5 25     5.48756050
2005  5 26     5.65298117
2005  5 27     5.75122669
2005  5 28     5.72187492
2005  5 29     5.12614547
2005  5 30     4.51554060
2005  5 31     4.57247817
2005  6  1     4.77139909
2005  6  2     4.68039438
2005  6  3     4.41245089
2005  6  4     4.29210977
2005  6  5     4.20186658
2005  6  6     3.65285960
2005  6  7     3.16816013
2005  6  8     3.28915035
2005  6  9     3.37864883
2005  6 10     3.38384333
2005  6 11     3.45637355
2005  6 12     3.56363064
2005  6 13     3.86740533
2005  6 14     4.05710610
2005  6 15     4.09647527
2005  6 16     4.04604223
2005  6 17     3.72984285
2005  6 18     3.09064325
2005  6 19     2.68045342
2005  6 20     2.65837567
2005  6 21     2.91993903
2005  6 22     3.10936856
2005  6 23     3.19735122
2005  6 24     3.21856378
2005  6 25     3.15393085
2005  6 26     3.04583217
2005  6 27     3.00794247
2005  6 28     3.03581681
2005  6 29     3.06006754
2005  6 30     3.22261241
2005  7  1     3.49538609
2005  7  2     3.67185622
2005  7  3     3.59833219
2005  7  4     3.40027134
2005  7  5     3.32678672
2005  7  6     3.30685946
2005  7  7     3.19209581
2005  7  8     3.05444049
2005  7  9     2.93474849
2005  7 10     2.81156912
2005  7 11     2.73407691
2005  7 12     2.74025060
2005  7 13     2.81875526
2005  7 14     2.81517330
2005  7 15     2.70106705
2005  7 16     2.60874127
2005  7 17     2.41365989
2005  7 18     2.18804562
2005  7 19     2.02595053
2005  7 20     1.89978218
2005  7 21     1.81139765
2005  7 22     1.69305290
2005  7 23     1.53634508
2005  7 24     1.41864981
2005  7 25     1.34782477
2005  7 26     1.28986568
2005  7 27     1.23786433
2005  7 28     1.19294065
2005  7 29     1.15232897
2005  7 30     1.11357257
2005  7 31     1.07630340
2005  8  1     1.04092601
2005  8  2     1.00753086
2005  8  3     0.97535314
2005  8  4     0.94419860
2005  8  5     0.91398967
2005  8  6     0.88483119
2005  8  7     0.85720222
2005  8  8     0.83060293
2005  8  9     0.80523246
2005  8 10     0.78078614
2005  8 11     0.75735470
2005  8 12     0.73446351
2005  8 13     0.71226693
2005  8 14     0.69120294
2005  8 15     0.68124968
2005  8 16     0.72377461
2005  8 17     0.66330793
2005  8 18     0.61269833
2005  8 19     0.59460858
2005  8 20     0.57690775
2005  8 21     0.55933008
2005  8 22     0.54241597
2005  8 23     0.52621392
2005  8 24     0.51060264
2005  8 25     0.49558943
2005  8 26     0.48092426
2005  8 27     0.46666527
2005  8 28     0.45287165
2005  8 29     0.43949893
2005  8 30     0.42659090
2005  8 31     0.41395099
2005  9  1     0.40171828
2005  9  2     0.38986433
2005  9  3     0.37836158
2005  9  4     0.36719940
2005  9  5     0.35672544
2005  9  6     0.34607171
2005  9  7     0.33570283
2005  9  8     0.32587038
2005  9  9     0.31663854
2005  9 10     0.30757860
2005  9 11     0.29946300
2005  9 12     0.29089240
2005  9 13     0.28196893
2005  9 14     0.27318645
2005  9 15     0.26490082
2005  9 16     0.25683384
2005  9 17     0.24951593
2005  9 18     0.24242634
2005  9 19     0.23495809
2005  9 20     0.23636174
2005  9 21     0.94645584
2005  9 22     0.41045189
2005  9 23     0.23007072
2005  9 24     0.21201925
2005  9 25     0.19826518
2005  9 26     0.19155454
2005  9 27     0.29442842
2005  9 28     0.21714884
2005  9 29     0.17760594
2005  9 30     0.17081023
2005 10  1     0.16501943
2005 10  2     0.15972412
2005 10  3     0.15545851
2005 10  4     0.15161554
2005 10  5     0.14662664
2005 10  6     0.14163786
2005 10  7     0.13723497
2005 10  8     0.13311718
2005 10  9     0.12985411
2005 10 10     0.12576515
2005 10 11     0.12167899
2005 10 12     0.11798260
2005 10 13     0.11449371
2005 10 14     0.11111795
2005 10 15     0.12154382
2005 10 16     0.11532530
2005 10 17     0.10308789
2005 10 18     0.09866672
2005 10 19     0.09594330
2005 10 20     0.09321456
2005 10 21     0.09035365
2005 10 22     0.08755700
2005 10 23     0.08491489
2005 10 24     0.09129196
2005 10 25     0.15250907
2005 10 26     0.10863834
2005 10 27     0.40680333
2005 10 28     0.39139989
2005 10 29     0.16490111
2005 10 30     0.08336599
2005 10 31     0.07820035
2005 11  1     0.07639837
2005 11  2     0.07451464
2005 11  3     0.07281624
2005 11  4     0.08656988
2005 11  5     0.07452821
2005 11  6     0.06535418
2005 11  7     0.06276084
2005 11  8     0.15531784
2005 11  9     0.10724608
2005 11 10     0.06751785
2005 11 11     0.06128461
2005 11 12     0.05831387
2005 11 13     0.05503382
2005 11 14     0.05261990
2005 11 15     0.05051998
2005 11 16     0.04866621
2005 11 17     0.04695641
2005 11 18     0.04548543
2005 11 19     0.04398840
2005 11 20     0.04260300
2005 11 21     0.04128623
2005 11 22     0.04009233
2005 11 23     0.03885498
2005 11 24     0.03762990
2005 11 25     0.04799335
2005 11 26     0.32044112
2005 11 27     0.12297722
2005 11 28     0.04605038
2005 11 29     0.61448127
2005 11 30     0.87309490
2005 12  1     0.39173925
2005 12  2     4.12587365
2005 12  3     1.74025514
2005 12  4     0.49265828
2005 12  5     0.37368627
2005 12  6     0.28928432
2005 12  7     0.23566533
2005 12  8     0.42364854
2005 12  9     0.28008735
2005 12 10     0.20323745
2005 12 11     0.19101590
2005 12 12     0.17778105
2005 12 13     0.16481573
2005 12 14     0.15422030
2005 12 15     0.14589318
2005 12 16     0.13834876
2005 12 17     0.13213333
2005 12 18     2.32045536
2005 12 19     3.95937930
2005 12 20     1.76388158
2005 12 21     0.93677578
2005 12 22     5.21758362
2005 12 23     5.79077549
2005 12 24     2.76948325
2005 12 25     1.69332945
2005 12 26    10.37538132
2005 12 27     5.53598888
2005 12 28     5.01491362
2005 12 29     5.50601621
2005 12 30     4.54404406
2005 12 31    22.83942362
2006  1  1    21.04627026
2006  1  2    19.07350495
2006  1  3    16.12848813
2006  1  4     8.35595275
2006  1  5     6.42980724
2006  1  6     5.59637528
2006  1  7     5.30008287
2006  1  8     4.67741751
2006  1  9     4.27505757
2006  1 10     3.99936928
2006  1 11     3.76911245
2006  1 12     3.70766671
2006  1 13     3.44906705
2006  1 14     5.47204261
2006  1 15     7.46897120
2006  1 16     4.43279945
2006  1 17     3.75531436
2006  1 18     5.95780832
2006  1 19     6.32013871
2006  1 20     4.00813849
2006  1 21     3.50584598
2006  1 22     3.22952053
2006  1 23     3.01035112
2006  1 24     2.85009831
2006  1 25     2.73660281
2006  1 26     2.62977860
2006  1 27     2.56313040
2006  1 28     2.45630300
2006  1 29     2.62021114
2006  1 30     2.43430210
2006  1 31     4.20042862
2006  2  1     2.95392780
2006  2  2     4.51045576
2006  2  3     3.64660456
2006  2  4     2.93786932
2006  2  5     2.98432704
2006  2  6     2.68041480
2006  2  7     2.55591079
2006  2  8     2.50034420
2006  2  9     2.47878756
2006  2 10     2.43815173
2006  2 11     2.40987560
2006  2 12     2.39567867
2006  2 13     2.37338555
2006  2 14     2.35332302
2006  2 15     2.12607938
2006  2 16     1.98752270
2006  2 17     1.90494393
2006  2 18     1.91011651
2006  2 19     1.94442272
2006  2 20     1.73379932
2006  2 21     1.65899929
2006  2 22     1.58548316
2006  2 23     1.57877826
2006  2 24     1.55477289
2006  2 25     1.54155853
2006  2 26     1.61645871
2006  2 27     3.35979120
2006  2 28    18.16131076
2006  3  1     9.86466833
2006  3  2     5.44121587
2006  3  3     9.79382933
2006  3  4     5.84384440
2006  3  5     3.89573265
2006  3  6     7.86566453
2006  3  7     5.88919227
2006  3  8     4.78391620
2006  3  9     3.92455663
2006  3 10     3.57285593
2006  3 11     5.34936217
2006  3 12     3.38432321
2006  3 13     2.96483445
2006  3 14     4.65544655
2006  3 15     4.86063427
2006  3 16     3.06455591
2006  3 17     5.05551305
2006  3 18     3.49658911
2006  3 19     3.53892346
2006  3 20     2.78413987
2006  3 21     5.77103450
2006  3 22     3.15109778
2006  3 23     2.66928169
2006  3 24     2.76937031
2006  3 25     8.34699557
2006  3 26     7.74564683
2006  3 27     4.00234444
2006  3 28     5.71199179
2006  3 29    11.40695750
2006  3 30     5.01993297
2006  3 31     4.49805374
2006  4  1     7.00846451
2006  4  2     3.78144931
2006  4  3    11.95967304
2006  4  4    21.47725569
2006  4  5    20.55471741
2006  4  6     9.12062294
2006  4  7     6.18096022
2006  4  8     7.19061831
2006  4  9     5.84069098
2006  4 10     5.69356022
2006  4 11    10.70916705
2006  4 12     9.61063740
2006  4 13     6.63328184
2006  4 14     6.64208831
2006  4 15     8.75171794
2006  4 16     9.26291340
2006  4 17    13.42208322
2006  4 18     7.02456249
2006  4 19     5.61492041
2006  4 20     6.03694124
2006  4 21     6.72632279
2006  4 22     7.84711208
2006  4 23     6.74782019
2006  4 24     6.03981618
2006  4 25     5.80234167
2006  4 26     5.91907487
2006  4 27     6.36988208
2006  4 28     6.92601526
2006  4 29     7.30155190
2006  4 30     7.57788114
2006  5  1     7.55398206
2006  5  2     7.49478134
2006  5  3     7.37935858
2006  5  4     7.01628449
2006  5  5     6.69909503
2006  5  6     6.36645695
2006  5  7     6.14260536
2006  5  8     6.28052556
2006  5  9     6.33581098
2006  5 10     6.33004439
2006  5 11     6.51076149
2006  5 12     6.62094957
2006  5 13     6.67490851
2006  5 14     6.63740073
2006  5 15     6.87705074
2006  5 16     6.99114957
2006  5 17     6.98711775
2006  5 18     6.77909324
2006  5 19     6.56228773
2006  5 20     5.93793187
2006  5 21     5.50698221
2006  5 22     8.18995674
2006  5 23     6.51100291
2006  5 24     4.99374581
2006  5 25     4.71657097
2006  5 26     4.59361435
2006  5 27     4.21111839
2006  5 28     3.73372234
2006  5 29     3.46458157
2006  5 30     3.45842601
2006  5 31     3.61746092
2006  6  1     3.90195656
2006  6  2     4.11401279
2006  6  3     4.13231846
2006  6  4     4.17998623
2006  6  5     4.21537620
2006  6  6     4.21549427
2006  6  7     4.24002016
2006  6  8     4.12290265
2006  6  9     3.93662036
2006  6 10     3.70216363
2006  6 11     3.56679154
2006  6 12     3.47817828
2006  6 13     3.26615115
2006  6 14     2.93109547
2006  6 15     2.80079362
2006  6 16     2.93348855
2006  6 17     3.13037843
2006  6 18     3.21270857
2006  6 19     3.20378915
2006  6 20     3.14283725
2006  6 21     3.10765627
2006  6 22     3.17797552
2006  6 23     3.10153261
2006  6 24     2.87337241
2006  6 25     2.65085975
2006  6 26     2.45640605
2006  6 27     2.25149938
2006  6 28     2.09329751
2006  6 29     1.97473299
2006  6 30     1.88782333
2006  7  1     1.81767857
2006  7  2     1.75255734
2006  7  3     1.65777378
2006  7  4     1.56820002
2006  7  5     1.50508411
2006  7  6     1.45074108
2006  7  7     1.40029009
2006  7  8     1.35229254
2006  7  9     1.30704901
2006  7 10     1.26424226
2006  7 11     1.22395414
2006  7 12     1.18573831
2006  7 13     1.14909337
2006  7 14     1.11283505
2006  7 15     1.07778770
2006  7 16     1.04378822
2006  7 17     1.01116096
2006  7 18     0.98001149
2006  7 19     0.95484212
2006  7 20     0.92409541
2006  7 21     0.94067783
2006  7 22     0.89118471
2006  7 23     0.84124926
2006  7 24     0.81468232
2006  7 25     0.79038539
2006  7 26     0.76705907
2006  7 27     0.74403423
2006  7 28     0.72236336
2006  7 29     0.70167393
2006  7 30     0.68168961
2006  7 31     0.66208529
2006  8  1     0.64276207
2006  8  2     0.62339750
2006  8  3     0.60431787
2006  8  4     0.58602624
2006  8  5     0.56880296
2006  8  6     0.55219661
2006  8  7     0.53590362
2006  8  8     0.52060601
2006  8  9     0.50488553
2006  8 10     0.48932703
2006  8 11     0.47430224
2006  8 12     0.46046755
2006  8 13     0.44713814
2006  8 14     0.43394092
2006  8 15     0.42134798
2006  8 16     0.40900774
2006  8 17     0.39719046
2006  8 18     0.38513063
2006  8 19     0.37339548
2006  8 20     0.36198613
2006  8 21     0.35124312
2006  8 22     0.34067506
2006  8 23     0.33029200
2006  8 24     0.32048352
2006  8 25     0.31122389
2006  8 26     0.30244568
2006  8 27     0.29331310
2006  8 28     0.28438303
2006  8 29     0.27594792
2006  8 30     0.26781313
2006  8 31     0.25991835
2006  9  1     0.25225664
2006  9  2     0.24482004
2006  9  3     0.23760276
2006  9  4     0.23059859
2006  9  5     0.22380092
2006  9  6     0.21720366
2006  9  7     0.21080089
2006  9  8     0.20458725
2006  9  9     0.19855693
2006  9 10     0.19315921
2006  9 11     0.18725804
2006  9 12     0.18154004
2006  9 13     0.17615939
2006  9 14     0.17096618
2006  9 15     0.16639044
2006  9 16     0.16267901
2006  9 17     0.15786468
2006  9 18     0.15268272
2006  9 19     0.14765195
2006  9 20     0.14313590
2006  9 21     0.13894050
2006  9 22     0.13483920
2006  9 23     0.13069386
2006  9 24     0.12676423
2006  9 25     0.12301867
2006  9 26     0.11939239
2006  9 27     0.11587300
2006  9 28     0.11245735
2006  9 29     0.10914238
2006  9 30     0.10592514
2006 10  1     0.10290546
2006 10  2     0.16666574
2006 10  3     0.12562461
2006 10  4     0.09444524
2006 10  5     0.54851973
2006 10  6     0.50505538
2006 10  7     0.22380164
2006 10  8     0.09531797
2006 10  9     0.08536594
2006 10 10     0.08551440
2006 10 11     0.08140932
2006 10 12     0.07556872
2006 10 13     0.07249938
2006 10 14     0.07056192
2006 10 15     0.06874521
2006 10 16     0.06649651
2006 10 17     0.06504825
2006 10 18     0.06332671
2006 10 19     0.06120701
2006 10 20     0.05888397
2006 10 21     0.05668222
2006 10 22     0.05485946
2006 10 23     0.05322650
2006 10 24     0.05165751
2006 10 25     0.05036844
2006 10 26     0.04906381
2006 10 27     0.04754826
2006 10 28     0.04588997
2006 10 29     0.04447966
2006 10 30     0.04350009
2006 10 31     0.04251704
2006 11  1     0.04131815
2006 11  2     0.05229113
2006 11  3     0.12937921
2006 11  4     0.19161672
2006 11  5     0.08038280
2006 11  6     0.03892374
2006 11  7     0.03592280
2006 11  8     0.03448805
2006 11  9     0.13938929
2006 11 10     0.06902036
2006 11 11     0.04114990
2006 11 12     0.09713022
2006 11 13     0.07235200
2006 11 14     1.37874917
2006 11 15     0.47871947
2006 11 16     0.09349314
2006 11 17     0.05854661
2006 11 18     0.04171196
2006 11 19     0.03637366
2006 11 20     0.03368307
2006 11 21     0.03193667
2006 11 22     0.03083777
2006 11 23     0.04137202
2006 11 24     0.03229510
2006 11 25     0.02820263
2006 11 26     0.02738605
2006 11 27     0.27374853
2006 11 28     0.11712417
2006 11 29     0.06011169
2006 11 30     0.03542932
2006 12  1     0.02805295
2006 12  2     0.02966386
2006 12  3     0.03099497
2006 12  4     0.02498205
2006 12  5     0.02290721
2006 12  6     0.02241434
2006 12  7     0.02151886
2006 12  8     0.02186702
2006 12  9     0.45267034
2006 12 10     1.29089658
2006 12 11     0.55308349
2006 12 12     0.44564682
2006 12 13     0.52542831
2006 12 14     0.20327632
2006 12 15     0.10265699
2006 12 16     0.12740164
2006 12 17     0.07855285
2006 12 18     0.04484973
2006 12 19     0.03393052
2006 12 20     0.02973140
2006 12 21     0.04075456
2006 12 22     0.62762995
2006 12 23     0.16520358
2006 12 24     0.06404703
2006 12 25     0.04042559
2006 12 26     0.02671103
2006 12 27     1.55392911
2006 12 28     0.66980109
2006 12 29     0.19545292
2006 12 30     0.15051721
2006 12 31     0.13188131
2007  1  1     0.10102921
2007  1  2     0.08027002
2007  1  3     0.07442849
2007  1  4     1.42459497
2007  1  5     1.33070339
2007  1  6     0.41880329
2007  1  7     0.30386860
2007  1  8     0.24862457
2007  1  9     0.21619412
2007  1 10     0.20050370
2007  1 11     0.18214043
2007  1 12     0.16639183
2007  1 13     0.15762578
2007  1 14     0.15030169
2007  1 15     0.14354447
2007  1 16     0.13740758
2007  1 17     0.13218999
2007  1 18     0.12710540
2007  1 19     0.12507682
2007  1 20     0.12556821
2007  1 21     0.12166801
2007  1 22     0.11615454
2007  1 23     0.11311665
2007  1 24     0.11875167
2007  1 25     0.13405921
2007  1 26     0.12813083
2007  1 27     0.11540476
2007  1 28     0.12758770
2007  1 29     0.10918305
2007  1 30     0.10732302
2007  1 31     0.09971431
2007  2  1     0.09513225
2007  2  2     0.09201800
2007  2  3     0.09042333
2007  2  4     0.10848311
2007  2  5     0.14447607
2007  2  6     0.17848602
2007  2  7     0.18455075
2007  2  8     0.31364444
2007  2  9     1.47592661
2007  2 10     3.11294989
2007  2 11     6.39383253
2007  2 12     3.47455907
2007  2 13     1.50293669
2007  2 14     1.18646515
2007  2 15     1.02140864
2007  2 16     0.91826970
2007  2 17     0.89387826
2007  2 18     0.89058524
2007  2 19     0.79436859
2007  2 20     0.71705480
2007  2 21     0.68183223
2007  2 22     0.86387300
2007  2 23     2.37455292
2007  2 24     1.08865102
2007  2 25     1.82510594
2007  2 26     2.75022407
2007  2 27     3.99606085
2007  2 28     2.85017581
2007  3  1     1.45842145
2007  3  2     1.06510846
2007  3  3     0.86274408
2007  3  4     0.75871482
2007  3  5     0.77334004
2007  3  6     0.87848525
2007  3  7     0.99214095
2007  3  8     1.00973250
2007  3  9     1.05536885
2007  3 10     1.08978876
2007  3 11     1.27548657
2007  3 12     1.66389756
2007  3 13     1.97372375
2007  3 14     2.13584009
2007  3 15     2.20412792
2007  3 16     2.44306869
2007  3 17     2.72834260
2007  3 18     2.65088537
2007  3 19     2.40622091
2007  3 20     2.22236746
2007  3 21     2.47742963
2007  3 22     1.93229989
2007  3 23     1.78772595
2007  3 24     1.76587577
2007  3 25     1.72526227
2007  3 26     1.68937724
2007  3 27     2.25086974
2007  3 28     1.67692531
2007  3 29     1.46283092
2007  3 30     1.40983429
2007  3 31     1.42912029
2007  4  1     1.42438353
2007  4  2     1.38475311
2007  4  3     1.35375197
2007  4  4     1.35667601
2007  4  5     1.41072544
2007  4  6     1.42287163
2007  4  7     1.43809472
2007  4  8     1.37599764
2007  4  9     1.32032369
2007  4 10     1.20577254
2007  4 11     1.11608090
2007  4 12     1.41787960
2007  4 13     1.09185644
2007  4 14     1.07772991
2007  4 15     1.22794809
2007  4 16     1.03733680
2007  4 17     1.15080553
2007  4 18     1.04104191
2007  4 19     0.91204573
2007  4 20     0.87013152
2007  4 21     0.82672512
2007  4 22     3.47008199
2007  4 23     3.31681412
2007  4 24     2.02254830
2007  4 25     1.71987769
2007  4 26     1.66589032
2007  4 27     1.76359496
2007  4 28     1.91196392
2007  4 29     1.83635074
2007  4 30     1.61441641
2007  5  1     1.45785016
2007  5  2     1.35467497
2007  5  3     2.17825535
2007  5  4     2.21739885
2007  5  5     1.83366065
2007  5  6     1.49634121
2007  5  7     1.76896998
2007  5  8     1.98848914
2007  5  9     1.75383286
2007  5 10     1.49345170
2007  5 11     1.36167962
2007  5 12     1.27125805
2007  5 13     1.17864373
2007  5 14     1.09393301
2007  5 15     1.03607453
2007  5 16     0.99176520
2007  5 17     0.94989477
2007  5 18     0.90930797
2007  5 19     0.87226406
2007  5 20     0.83923006
2007  5 21     0.80902526
2007  5 22     0.78074556
2007  5 23     0.75385331
2007  5 24     0.72832085
2007  5 25     0.70398749
2007  5 26     0.68075614
2007  5 27     0.65865398
2007  5 28     0.63766256
2007  5 29     0.61752648
2007  5 30     0.59798579
2007  5 31     0.57941504
2007  6  1     0.56149808
2007  6  2     0.54422680
2007  6  3     0.52752589
2007  6  4     0.51132381
2007  6  5     0.50837661
2007  6  6     0.52258646
2007  6  7     0.47890843
2007  6  8     0.45485436
2007  6  9     0.44063609
2007  6 10     0.42687082
2007  6 11     0.41394062
2007  6 12     0.40147293
2007  6 13     0.38923819
2007  6 14     0.37720172
2007  6 15     0.36569149
2007  6 16     0.35478378
2007  6 17     0.34472391
2007  6 18     0.33442919
2007  6 19     0.32427739
2007  6 20     0.31465437
2007  6 21     0.30557240
2007  6 22     0.29648799
2007  6 23     0.28749396
2007  6 24     0.27921505
2007  6 25     0.27132273
2007  6 26     0.26281798
2007  6 27     0.25464096
2007  6 28     0.24718833
2007  6 29     0.24013300
2007  6 30     0.23308954
2007  7  1     0.22584355
2007  7  2     0.21888579
2007  7  3     0.21210607
2007  7  4     0.20541554
2007  7  5     0.19869679
2007  7  6     0.19269653
2007  7  7     0.18701487
2007  7  8     0.18149996
2007  7  9     0.17615309
2007  7 10     0.17095857
2007  7 11     0.18209659
2007  7 12     0.16879718
2007  7 13     0.15656008
2007  7 14     0.15171704
2007  7 15     0.14719494
2007  7 16     0.14285525
2007  7 17     0.13864365
2007  7 18     0.13455708
2007  7 19     0.13085053
2007  7 20     0.12680504
2007  7 21     0.12300433
2007  7 22     0.11937789
2007  7 23     0.11585864
2007  7 24     0.11250269
2007  7 25     0.10975723
2007  7 26     0.10625366
2007  7 27     0.10278969
2007  7 28     0.09975969
2007  7 29     0.09681904
2007  7 30     0.09396504
2007  7 31     0.09119521
2007  8  1     0.08850700
2007  8  2     0.08589799
2007  8  3     0.08336592
2007  8  4     0.08090850
2007  8  5     0.07852352
2007  8  6     0.07620884
2007  8  7     0.07396239
2007  8  8     0.07178216
2007  8  9     0.06966620
2007  8 10     0.06761262
2007  8 11     0.06561957
2007  8 12     0.06368526
2007  8 13     0.06180798
2007  8 14     0.05998604
2007  8 15     0.05821780
2007  8 16     0.05650190
2007  8 17     0.05483616
2007  8 18     0.05321971
2007  8 19     0.05165103
2007  8 20     0.05012839
2007  8 21     0.04865072
2007  8 22     0.04721662
2007  8 23     0.04582506
2007  8 24     0.04447474
2007  8 25     0.04316311
2007  8 26     0.04189071
2007  8 27     0.04065582
2007  8 28     0.03945737
2007  8 29     0.03832024
2007  8 30     0.05217133
2007  8 31     0.04484987
2007  9  1     0.04521990
2007  9  2     0.03607703
2007  9  3     0.03297330
2007  9  4     0.03200128
2007  9  5     0.03105796
2007  9  6     0.03014245
2007  9  7     0.02925393
2007  9  8     0.02839159
2007  9  9     0.02755468
2007  9 10     0.02674244
2007  9 11     0.02595414
2007  9 12     0.02518907
2007  9 13     0.02444656
2007  9 14     0.02372594
2007  9 15     0.02302656
2007  9 16     0.02234779
2007  9 17     0.02168903
2007  9 18     0.02104969
2007  9 19     0.02042920
2007  9 20     0.06111414
2007  9 21     0.03897957
2007  9 22     0.05974908
2007  9 23     0.14642225
2007  9 24     0.05343006
2007  9 25     0.01770280
2007  9 26     0.01686283
2007  9 27     0.01614707
2007  9 28     0.01561185
2007  9 29     0.01545649
2007  9 30     0.01481228
2007 10  1     0.01426654
2007 10  2     0.01384600
2007 10  3     0.01343785
2007 10  4     0.01304174
2007 10  5     0.01485970
2007 10  6     0.08321685
2007 10  7     0.04401776
2007 10  8     0.02745012
2007 10  9     0.08110732
2007 10 10     0.05908952
2007 10 11     0.05686846
2007 10 12     0.02607734
2007 10 13     0.04872532
2007 10 14     0.02542483
2007 10 15     0.00984511
2007 10 16     0.00920080
2007 10 17     0.05183565
2007 10 18     0.02700919
2007 10 19     0.00986446
2007 10 20     0.12363526
2007 10 21     0.04362502
2007 10 22     0.01053811
2007 10 23     0.00892441
2007 10 24     0.00795798
2007 10 25     0.00733077
2007 10 26     0.00688366
2007 10 27     0.00656852
2007 10 28     0.00639141
2007 10 29     0.00643966
2007 10 30     0.19271905
2007 10 31     0.07205266
2007 11  1     0.00863896
2007 11  2     0.00694761
2007 11  3     0.00612240
2007 11  4     0.00556726
2007 11  5     0.00516251
2007 11  6     0.00488951
2007 11  7     0.00471771
2007 11  8     0.00457648
2007 11  9     0.00444158
2007 11 10     0.00468204
2007 11 11     0.73825762
2007 11 12     0.25422227
2007 11 13     0.03997882
2007 11 14     0.01465199
2007 11 15     0.00891521
2007 11 16     0.00755573
2007 11 17     0.00676092
2007 11 18     0.00617667
2007 11 19     0.00575560
2007 11 20     0.00544989
2007 11 21     0.00519753
2007 11 22     0.00500647
2007 11 23     0.00483350
2007 11 24     0.00466927
2007 11 25     0.00451301
2007 11 26     0.00436403
2007 11 27     0.00422172
2007 11 28     0.00408557
2007 11 29     0.00395512
2007 11 30     0.00382995
2007 12  1     0.00370970
2007 12  2     0.00359405
2007 12  3     0.00348271
2007 12  4     0.00350157
2007 12  5     0.00452632
2007 12  6     0.02035156
2007 12  7     1.15865988
2007 12  8     0.41862961
2007 12  9     0.11408857
2007 12 10     0.06125168
2007 12 11     0.03192640
2007 12 12     0.01384011
2007 12 13     0.00631115
2007 12 14     0.00460969
2007 12 15     0.00475371
2007 12 16     0.00502927
2007 12 17     0.13476049
2007 12 18     0.34168792
2007 12 19     1.29122627
2007 12 20     0.94441365
2007 12 21     0.33090226
2007 12 22     0.14298321
2007 12 23     0.07904522
2007 12 24     0.04706367
2007 12 25     0.02814470
2007 12 26     0.01469899
2007 12 27     0.00725339
2007 12 28     0.08279759
2007 12 29     0.06742485
2007 12 30     0.07186621
2007 12 31     0.02927983
2008  1  1     0.01254091
2008  1  2     0.01192170
2008  1  3     0.01312489
2008  1  4     0.43626001
2008  1  5     2.73668049
2008  1  6     1.94240957
2008  1  7     0.57881786
2008  1  8     0.31576516
2008  1  9     0.53182686
2008  1 10     0.26688037
2008  1 11     0.26431577
2008  1 12     0.16466174
2008  1 13     0.12792107
2008  1 14     0.11187531
2008  1 15     0.10571490
2008  1 16     0.09674894
2008  1 17     0.08923619
2008  1 18     0.08871438
2008  1 19     0.08836876
2008  1 20     0.08725924
2008  1 21     0.23234439
2008  1 22     0.16040806
2008  1 23     1.63949014
2008  1 24     1.65943784
2008  1 25     0.75902093
2008  1 26     0.43167613
2008  1 27     1.73612529
2008  1 28     2.62335952
2008  1 29     0.89048399
2008  1 30     0.70606065
2008  1 31     0.42524079
2008  2  1     1.43457432
2008  2  2     0.58064353
2008  2  3     3.62909603
2008  2  4     1.49306079
2008  2  5     0.72165663
2008  2  6     0.51869553
2008  2  7     0.42320997
2008  2  8     0.41834064
2008  2  9     0.42840379
2008  2 10     0.39174789
2008  2 11     0.39705390
2008  2 12     0.40287139
2008  2 13     0.41521324
2008  2 14     0.36740612
2008  2 15     0.29485757
2008  2 16     0.30777611
2008  2 17     0.33741928
2008  2 18     0.35996559
2008  2 19     0.39632321
2008  2 20     0.76380310
2008  2 21     0.72345578
2008  2 22     1.77545547
2008  2 23     1.79597120
2008  2 24     2.14551090
2008  2 25     3.62887219
2008  2 26     1.54005079
2008  2 27     2.37238978
2008  2 28     1.58996853
2008  2 29     1.29596229
2008  3  1     1.21799063
2008  3  2     1.02766032
2008  3  3     0.95495318
2008  3  4     0.92411859
2008  3  5     0.91956042
2008  3  6     0.89510371
2008  3  7     0.89908104
2008  3  8     0.89695192
2008  3  9     0.86903517
2008  3 10     0.90594683
2008  3 11     0.97198112
2008  3 12     1.04150649
2008  3 13     2.09514963
2008  3 14     1.40125130
2008  3 15     1.23162277
2008  3 16     1.05119472
2008  3 17     0.95367337
2008  3 18     0.96252382
2008  3 19     1.02288705
2008  3 20     1.01510898
2008  3 21     0.96618713
2008  3 22     1.02431087
2008  3 23     1.14532061
2008  3 24     1.23888541
2008  3 25     1.31115916
2008  3 26     1.28278717
2008  3 27     1.14030747
2008  3 28     1.08511315
2008  3 29     1.15223045
2008  3 30     1.09290939
2008  3 31     0.96694177
2008  4  1     0.92186200
2008  4  2     0.93450850
2008  4  3     0.98414939
2008  4  4     1.02193660
2008  4  5     1.00930692
2008  4  6     1.03534863
2008  4  7     0.96041248
2008  4  8     0.92870077
2008  4  9     1.00317030
2008  4 10     0.89111945
2008  4 11     1.00895587
2008  4 12     1.36162543
2008  4 13     1.70462465
2008  4 14     1.92698627
2008  4 15     1.57028957
2008  4 16     1.20617901
2008  4 17     1.25277212
2008  4 18     1.62351169
2008  4 19     1.79608941
2008  4 20     1.38569941
2008  4 21     1.14046205
2008  4 22     1.12971486
2008  4 23     1.36701788
2008  4 24     1.17509780
2008  4 25     1.14203960
2008  4 26     1.51642526
2008  4 27     1.99241037
2008  4 28     2.47699264
2008  4 29     2.54648231
2008  4 30     2.02345414
2008  5  1     1.57483959
2008  5  2     1.58391001
2008  5  3     1.71833367
2008  5  4     1.87006257
2008  5  5     2.08499338
2008  5  6     2.26850935
2008  5  7     2.37272520
2008  5  8     2.17313948
2008  5  9     2.11394119
2008  5 10     2.16337887
2008  5 11     2.35266666
2008  5 12     2.44112509
2008  5 13     2.19890184
2008  5 14     2.20762215
2008  5 15     2.47338171
2008  5 16     2.65329849
2008  5 17     2.76399315
2008  5 18     2.95075717
2008  5 19     3.08307017
2008  5 20     2.95712977
2008  5 21     2.64977785
2008  5 22     2.19480746
2008  5 23     1.87129361
2008  5 24     2.16960762
2008  5 25     2.18265485
2008  5 26     1.91349076
2008  5 27     1.67167110
2008  5 28     1.83680571
2008  5 29     1.66350356
2008  5 30     1.53758642
2008  5 31     1.64699353
2008  6  1     1.77037580
2008  6  2     1.71437068
2008  6  3     1.63731792
2008  6  4     1.62137566
2008  6  5     1.46343367
2008  6  6     1.43584340
2008  6  7     1.45546731
2008  6  8     1.41325025
2008  6  9     1.36028658
2008  6 10     1.34451237
2008  6 11     1.28984648
2008  6 12     1.20779784
2008  6 13     1.17734782
2008  6 14     1.16756310
2008  6 15     1.07834364
2008  6 16     0.99812300
2008  6 17     0.95777050
2008  6 18     0.91892328
2008  6 19     0.88281740
2008  6 20     0.85060317
2008  6 21     0.82108614
2008  6 22     0.79405315
2008  6 23     0.76775833
2008  6 24     0.74245224
2008  6 25     0.71834391
2008  6 26     0.69541389
2008  6 27     0.67338312
2008  6 28     0.65194066
2008  6 29     0.63138620
2008  6 30     0.61181923
2008  7  1     0.59294002
2008  7  2     0.57473881
2008  7  3     0.55718594
2008  7  4     0.54039557
2008  7  5     0.52433780
2008  7  6     0.50832057
2008  7  7     0.49300785
2008  7  8     0.47828283
2008  7  9     0.46407943
2008  7 10     0.45024742
2008  7 11     0.43683536
2008  7 12     0.42386442
2008  7 13     0.41128926
2008  7 14     0.39909712
2008  7 15     0.38727428
2008  7 16     0.37580836
2008  7 17     0.36468872
2008  7 18     0.35390195
2008  7 19     0.34343857
2008  7 20     0.33336966
2008  7 21     0.32352497
2008  7 22     0.31390825
2008  7 23     0.30461752
2008  7 24     0.29562359
2008  7 25     0.28689676
2008  7 26     0.27842965
2008  7 27     0.27021324
2008  7 28     0.26223988
2008  7 29     0.25450366
2008  7 30     0.24699546
2008  7 31     0.23970982
2008  8  1     0.23263972
2008  8  2     0.22577927
2008  8  3     0.21912019
2008  8  4     0.21265798
2008  8  5     0.20638692
2008  8  6     0.20030206
2008  8  7     0.19439552
2008  8  8     0.18866345
2008  8  9     0.18310116
2008  8 10     0.17770288
2008  8 11     0.17246359
2008  8 12     0.16737948
2008  8 13     0.16244509
2008  8 14     0.15765567
2008  8 15     0.15300794
2008  8 16     0.14849697
2008  8 17     0.14411933
2008  8 18     0.14022472
2008  8 19     0.13595098
2008  8 20     0.13174603
2008  8 21     0.12786216
2008  8 22     0.12409301
2008  8 23     0.12043481
2008  8 24     0.11688441
2008  8 25     0.11343907
2008  8 26     0.11009501
2008  8 27     0.10684950
2008  8 28     0.10370024
2008  8 29     0.10064356
2008  8 30     0.09767633
2008  8 31     0.09479678
2008  9  1     0.09200245
2008  9  2     0.08929042
2008  9  3     0.08665834
2008  9  4     0.08410386
2008  9  5     0.08162467
2008  9  6     0.07921858
2008  9  7     0.07688341
2008  9  8     0.07461708
2008  9  9     0.07241756
2008  9 10     0.07028287
2008  9 11     0.06821110
2008  9 12     0.06620041
2008  9 13     0.06424899
2008  9 14     0.06235509
2008  9 15     0.06051701
2008  9 16     0.05873312
2008  9 17     0.05700182
2008  9 18     0.05532154
2008  9 19     0.05369080
2008  9 20     0.05210813
2008  9 21     0.05057211
2008  9 22     0.04908137
2008  9 23     0.04763458
2008  9 24     0.04623043
2008  9 25     0.04486767
2008  9 26     0.04354508
2008  9 27     0.04226148
2008  9 28     0.04101572
2008  9 29     0.03980668
2008  9 30     0.03863327
2008 10  1     0.03749446
2008 10  2     0.03638922
2008 10  3     0.03531655
2008 10  4     0.48361031
2008 10  5     0.28185725
2008 10  6     0.07224866
2008 10  7     0.03607091
2008 10  8     0.03243668
2008 10  9     0.03062982
2008 10 10     0.02930486
2008 10 11     0.02919338
2008 10 12     0.02743563
2008 10 13     0.02624883
2008 10 14     0.03174511
2008 10 15     0.02852244
2008 10 16     0.02393607
2008 10 17     0.02323040
2008 10 18     0.02254563
2008 10 19     0.02188104
2008 10 20     0.02123604
2008 10 21     0.02061006
2008 10 22     0.02000252
2008 10 23     0.01941290
2008 10 24     0.01884065
2008 10 25     0.01828528
2008 10 26     0.01774627
2008 10 27     0.01722316
2008 10 28     0.01671546
2008 10 29     0.01622273
2008 10 30     0.01576733
2008 10 31     0.16662111
2008 11  1     0.24924820
2008 11  2     1.66800333
2008 11  3     0.66291614
2008 11  4     0.99503308
2008 11  5     0.36357516
2008 11  6     0.12419767
2008 11  7     0.07936572
2008 11  8     0.08066097
2008 11  9     0.29798262
2008 11 10     0.15087450
2008 11 11     0.05362915
2008 11 12     0.04814468
2008 11 13     0.04520309
2008 11 14     0.04201918
2008 11 15     0.03907232
2008 11 16     0.03637641
2008 11 17     0.03438442
2008 11 18     0.03292314
2008 11 19     0.03148329
2008 11 20     0.03016035
2008 11 21     0.02893762
2008 11 22     0.02780299
2008 11 23     0.02674470
2008 11 24     0.02575339
2008 11 25     0.02482137
2008 11 26     0.10415127
2008 11 27     0.10689305
2008 11 28     0.05257740
2008 11 29     0.02789107
2008 11 30     0.02648762
2008 12  1     0.02536309
2008 12  2     0.02341369
2008 12  3     0.02216932
2008 12  4     0.02143048
2008 12  5     0.02063027
2008 12  6     0.02022191
2008 12  7     0.01928709
2008 12  8     0.01854218
2008 12  9     0.01792298
2008 12 10     0.01733376
2008 12 11     0.01677132
2008 12 12     0.01623334
2008 12 13     0.10275426
2008 12 14     0.05660653
2008 12 15     0.19133532
2008 12 16     0.28981136
2008 12 17     0.09699455
2008 12 18     0.05937698
2008 12 19     0.09588588
2008 12 20     0.07399807
2008 12 21     0.04426298
2008 12 22     1.00016763
2008 12 23     0.60347242
2008 12 24     0.18514045
2008 12 25     0.79137597
2008 12 26     0.67394386
2008 12 27     0.17782957
2008 12 28     0.10185821
2008 12 29     0.06011303
2008 12 30     0.03861651
2008 12 31     0.02599323
2009  1  1     0.02101355
2009  1  2     0.06662211
2009  1  3     0.26235094
2009  1  4     0.08165454
2009  1  5     0.03215998
2009  1  6     0.04940081
2009  1  7     0.03535162
2009  1  8     0.02877315
2009  1  9     0.02454482
2009  1 10     0.02656003
2009  1 11     0.02980844
2009  1 12     0.03446483
2009  1 13     0.04345070
2009  1 14     0.04004181
2009  1 15     0.04701329
2009  1 16     0.05412681
2009  1 17     0.05195140
2009  1 18     0.05151165
2009  1 19     0.04958033
2009  1 20     0.05117404
2009  1 21     0.06124753
2009  1 22     0.92372050
2009  1 23     2.48187640
2009  1 24     6.11979140
2009  1 25     3.81639919
2009  1 26     1.56845358
2009  1 27     1.06345748
2009  1 28     0.90512773
2009  1 29     0.83844734
2009  1 30     0.74074563
2009  1 31     0.70007795
2009  2  1     0.67419363
2009  2  2     0.64394536
2009  2  3     0.64319030
2009  2  4     0.66785519
2009  2  5     0.67163319
2009  2  6     0.89855136
2009  2  7     0.86239879
2009  2  8     0.63741717
2009  2  9     1.50668223
2009  2 10     0.82698115
2009  2 11     0.71018392
2009  2 12     1.07188334
2009  2 13     0.91553624
2009  2 14     1.99637760
2009  2 15     1.05570892
2009  2 16     1.00662369
2009  2 17     2.36217560
2009  2 18     1.43327649
2009  2 19     0.84398267
2009  2 20     0.71503747
2009  2 21     0.64605265
2009  2 22     1.37205968
2009  2 23     2.41775417
2009  2 24     2.15956999
2009  2 25     1.58261755
2009  2 26     1.45940376
2009  2 27     1.16450949
2009  2 28     1.10407052
2009  3  1     1.16238349
2009  3  2     3.04756503
2009  3  3     4.50970955
2009  3  4     9.25786065
2009  3  5     8.40608661
2009  3  6     4.14127221
2009  3  7     2.81313710
2009  3  8     2.36299343
2009  3  9     2.06324463
2009  3 10     1.83461709
2009  3 11     1.67315515
2009  3 12     1.57861076
2009  3 13     1.52959599
2009  3 14     1.53376788
2009  3 15     1.49007965
2009  3 16     1.56694498
2009  3 17     1.74640133
2009  3 18     1.84360143
2009  3 19     2.05092102
2009  3 20     2.16996971
2009  3 21     2.24635606
2009  3 22     4.38097472
2009  3 23     2.99422215
2009  3 24     2.14570062
2009  3 25     2.02396013
2009  3 26     2.00475199
2009  3 27     2.12609013
2009  3 28     2.25736943
2009  3 29     2.38664689
2009  3 30     2.12481387
2009  3 31     1.99374106
2009  4  1     1.97513799
2009  4  2     2.08795750
2009  4  3     1.95525170
2009  4  4     1.71935799
2009  4  5     1.63349790
2009  4  6     1.74615013
2009  4  7     2.03336525
2009  4  8     4.40830588
2009  4  9     3.07847759
2009  4 10     4.08128109
2009  4 11     2.86273804
2009  4 12     2.30131676
2009  4 13     2.31848116
2009  4 14     2.31455131
2009  4 15     1.99801285
2009  4 16     1.79874830
2009  4 17     1.77494429
2009  4 18     1.96086697
2009  4 19     2.41624546
2009  4 20     3.06795860
2009  4 21     3.61406338
2009  4 22     3.95787053
2009  4 23     3.91921231
2009  4 24     3.48017464
2009  4 25     2.72153264
2009  4 26     2.34258152
2009  4 27     2.28119193
2009  4 28     2.16926956
2009  4 29     2.00404177
2009  4 30     1.99771719
2009  5  1     2.43997543
2009  5  2    12.21248461
2009  5  3     8.83440866
2009  5  4     5.99621787
2009  5  5     5.20176071
2009  5  6     4.30663610
2009  5  7     3.97877685
2009  5  8     3.80728104
2009  5  9     3.66200795
2009  5 10     3.64226445
2009  5 11     3.65315530
2009  5 12     3.50739612
2009  5 13     3.28528777
2009  5 14     3.15404974
2009  5 15     3.08738431
2009  5 16     3.03740192
2009  5 17     3.13256395
2009  5 18     3.22755905
2009  5 19     3.03657055
2009  5 20     2.73323449
2009  5 21     2.47354486
2009  5 22     2.32352476
2009  5 23     2.23560149
2009  5 24     2.14729402
2009  5 25     2.03037488
2009  5 26     1.92758938
2009  5 27     1.85774923
2009  5 28     1.79908637
2009  5 29     1.71251327
2009  5 30     1.62666465
2009  5 31     1.80986941
2009  6  1     1.65416461
2009  6  2     1.48455519
2009  6  3     1.43245026
2009  6  4     1.38721768
2009  6  5     1.45804504
2009  6  6     1.39473912
2009  6  7     1.36793687
2009  6  8     1.27497334
2009  6  9     1.20268990
2009  6 10     1.16290711
2009  6 11     1.12391164
2009  6 12     1.08671265
2009  6 13     1.06133493
2009  6 14     1.03438370
2009  6 15     0.99322077
2009  6 16     0.96136822
2009  6 17     0.93034727
2009  6 18     0.89938688
2009  6 19     0.87144558
2009  6 20     0.84533669
2009  6 21     0.82054829
2009  6 22     0.79579288
2009  6 23     0.77126126
2009  6 24     0.74751835
2009  6 25     0.72484153
2009  6 26     0.70315787
2009  6 27     0.68205761
2009  6 28     0.66095815
2009  6 29     0.64101408
2009  6 30     0.62199792
2009  7  1     0.60352693
2009  7  2     0.58542401
2009  7  3     0.56818367
2009  7  4     0.55127560
2009  7  5     0.53507269
2009  7  6     0.51965765
2009  7  7     0.50460173
2009  7  8     0.48967473
2009  7  9     0.47529025
2009  7 10     0.46108587
2009  7 11     0.44702853
2009  7 12     0.43346721
2009  7 13     0.42031180
2009  7 14     0.40761968
2009  7 15     0.39528734
2009  7 16     0.38324199
2009  7 17     0.37185591
2009  7 18     0.36088754
2009  7 19     0.35024485
2009  7 20     0.33991638
2009  7 21     0.32989252
2009  7 22     0.32016564
2009  7 23     0.31072487
2009  7 24     0.30156296
2009  7 25     0.29267180
2009  7 26     0.28404299
2009  7 27     0.27566996
2009  7 28     0.26754203
2009  7 29     0.25965390
2009  7 30     0.25199931
2009  7 31     0.24457019
2009  8  1     0.23859501
2009  8  2     0.23110603
2009  8  3     0.22357201
2009  8  4     0.21698112
2009  8  5     0.21058532
2009  8  6     0.20437721
2009  8  7     0.19851680
2009  8  8     0.19257325
2009  8  9     0.18683721
2009  8 10     0.18132269
2009  8 11     0.17597838
2009  8 12     0.17079068
2009  8 13     0.16575554
2009  8 14     0.16086955
2009  8 15     0.15612739
2009  8 16     0.15152499
2009  8 17     0.14705838
2009  8 18     0.14272387
2009  8 19     0.13851652
2009  8 20     0.13443307
2009  8 21     0.13047031
2009  8 22     0.12895352
2009  8 23     0.17382543
2009  8 24     0.15729335
2009  8 25     0.12311035
2009  8 26     0.11234154
2009  8 27     0.10902983
2009  8 28     0.10581590
2009  8 29     0.10269671
2009  8 30     0.09966946
2009  8 31     0.09673146
2009  9  1     0.09388005
2009  9  2     0.09111270
2009  9  3     0.08842693
2009  9  4     0.08582032
2009  9  5     0.08329055
2009  9  6     0.08083535
2009  9  7     0.07845253
2009  9  8     0.07613994
2009  9  9     0.07389553
2009  9 10     0.07171727
2009  9 11     0.06960322
2009  9 12     0.06755149
2009  9 13     0.06827758
2009  9 14     0.12145188
2009  9 15     0.08243496
2009  9 16     0.06118851
2009  9 17     0.05822527
2009  9 18     0.05645060
2009  9 19     0.05478658
2009  9 20     0.05317160
2009  9 21     0.05160424
2009  9 22     0.05008307
2009  9 23     0.04860675
2009  9 24     0.04717394
2009  9 25     0.04578337
2009  9 26     0.04443379
2009  9 27     0.04312399
2009  9 28     0.04185281
2009  9 29     0.04061909
2009  9 30     0.03942174
2009 10  1     0.03825968
2009 10  2     0.03713188
2009 10  3     0.03603733
2009 10  4     0.06414986
2009 10  5     0.04685198
2009 10  6     0.03305640
2009 10  7     0.03200602
2009 10  8     0.03102992
2009 10  9     0.03011523
2009 10 10     0.02922751
2009 10 11     0.02836595
2009 10 12     0.02752980
2009 10 13     0.16901771
2009 10 14     3.76146389
2009 10 15     1.33651708
2009 10 16     0.24581066
2009 10 17     0.14091555
2009 10 18     0.08971151
2009 10 19     0.07033229
2009 10 20     0.07796001
2009 10 21     0.06492163
2009 10 22     0.05359010
2009 10 23     0.05068520
2009 10 24     0.04785728
2009 10 25     0.04544908
2009 10 26     0.04349789
2009 10 27     0.04171125
2009 10 28     0.04029073
2009 10 29     0.03918298
2009 10 30     0.03770739
2009 10 31     0.03607356
2009 11  1     0.03452824
2009 11  2     0.03317650
2009 11  3     0.03190473
2009 11  4     0.03080527
2009 11  5     0.02987935
2009 11  6     0.02923302
2009 11  7     0.02837638
2009 11  8     0.02759533
2009 11  9     0.02669021
2009 11 10     0.02570673
2009 11 11     0.02486914
2009 11 12     0.09888452
2009 11 13     0.06326031
2009 11 14     0.02752454
2009 11 15     0.02411959
2009 11 16     0.02540153
2009 11 17     0.02926647
2009 11 18     0.03432252
2009 11 19     0.02418729
2009 11 20     0.03477946
2009 11 21     0.23012936
2009 11 22     0.08025003
2009 11 23     0.03738773
2009 11 24     0.02769525
2009 11 25     0.02200469
2009 11 26     0.02055025
2009 11 27     0.02213643
2009 11 28     0.11338860
2009 11 29     0.05657252
2009 11 30     0.02244302
2009 12  1     0.02216151
2009 12  2     0.02062955
2009 12  3     0.01950529
2009 12  4     0.01858917
2009 12  5     0.01776299
2009 12  6     0.01724571
2009 12  7     0.35476774
2009 12  8     0.24288507
2009 12  9     0.07891122
2009 12 10     0.05319222
2009 12 11     0.23130241
2009 12 12     1.32282907
2009 12 13     2.47715617
2009 12 14     1.18845820
2009 12 15     0.39169902
2009 12 16     0.26617580
2009 12 17     0.20625640
2009 12 18     0.16835278
2009 12 19     0.14700349
2009 12 20     0.13240157
2009 12 21     0.19833836
2009 12 22     0.55299731
2009 12 23     0.27084993
2009 12 24     0.19082406
2009 12 25     0.16103936
2009 12 26     0.14589662
2009 12 27     0.28714668
2009 12 28     0.19650281
2009 12 29     0.18638740
2009 12 30     0.45236865
2009 12 31     0.26824468
2010  1  1     0.24021596
2010  1  2     0.20898811
2010  1  3     0.19031594
2010  1  4     0.18547212
2010  1  5     0.18096063
2010  1  6     0.17693653
2010  1  7     0.17444549
2010  1  8     0.17486101
2010  1  9     0.20445733
2010  1 10     0.19658279
2010  1 11     0.18489420
2010  1 12     0.23994860
2010  1 13     1.99572643
2010  1 14     1.13796642
2010  1 15     0.52057716
2010  1 16     0.44611228
2010  1 17     0.43543640
2010  1 18     1.65936117
2010  1 19     2.80274326
2010  1 20     2.54308431
2010  1 21     2.98266221
2010  1 22     2.90039041
2010  1 23     2.10197304
2010  1 24     1.13564650
2010  1 25     0.98640464
2010  1 26     1.53982435
2010  1 27     0.97938922
2010  1 28     0.78127054
2010  1 29     0.71484459
2010  1 30     0.73511794
2010  1 31     0.65022909
2010  2  1     0.59619715
2010  2  2     0.58255293
2010  2  3     0.57332691
2010  2  4     0.57167445
2010  2  5     1.20165486
2010  2  6     1.62322375
2010  2  7     2.02970707
2010  2  8     1.29264236
2010  2  9     1.20695541
2010  2 10     0.96476323
2010  2 11     0.83190663
2010  2 12     0.75820293
2010  2 13     0.71600933
2010  2 14     0.71287810
2010  2 15     0.72494130
2010  2 16     0.73569390
2010  2 17     0.74101011
2010  2 18     0.75169112
2010  2 19     0.73817379
2010  2 20     1.17316189
2010  2 21     1.09421442
2010  2 22     0.97664036
2010  2 23     0.78134404
2010  2 24     3.49087279
2010  2 25     2.07186986
2010  2 26     1.28700044
2010  2 27     9.51547713
2010  2 28     4.64110823
2010  3  1     2.44396632
2010  3  2     2.16224560
2010  3  3     2.46808888
2010  3  4     4.35621426
2010  3  5     2.22049882
2010  3  6     1.76557198
2010  3  7     1.59703582
2010  3  8     1.50565230
2010  3  9     1.36988124
2010  3 10     1.37767553
2010  3 11     1.22331393
2010  3 12     1.37806703
2010  3 13     4.32996416
2010  3 14     2.27745175
2010  3 15     1.66507053
2010  3 16     1.68653461
2010  3 17     1.78267015
2010  3 18     1.80789249
2010  3 19     1.61182132
2010  3 20     1.65927353
2010  3 21     1.72411663
2010  3 22     1.65859496
2010  3 23     1.57545820
2010  3 24     1.56054512
2010  3 25     1.60234430
2010  3 26     1.44247654
2010  3 27     1.30544260
2010  3 28     1.36947726
2010  3 29     1.53233519
2010  3 30     2.07307952
2010  3 31     2.39967485
2010  4  1     1.52303545
2010  4  2     1.38128191
2010  4  3     1.68948986
2010  4  4     1.31543448
2010  4  5     4.63287731
2010  4  6     2.20248706
2010  4  7     1.58355954
2010  4  8     1.50767662
2010  4  9     1.62387056
2010  4 10     1.85824215
2010  4 11     1.74255548
2010  4 12     5.29238725
2010  4 13     4.90662648
2010  4 14     2.46306373
2010  4 15     2.08599401
2010  4 16     2.18163174
2010  4 17     2.17572616
2010  4 18     2.31071996
2010  4 19     2.49525052
2010  4 20     4.53281628
2010  4 21     4.76270130
2010  4 22     3.33990967
2010  4 23     2.44274067
2010  4 24     2.52009239
2010  4 25     2.67643901
2010  4 26     2.99330050
2010  4 27     3.20738089
2010  4 28     3.88196436
2010  4 29     3.35793801
2010  4 30     2.60390734
2010  5  1     2.39043419
2010  5  2     2.35074831
2010  5  3     2.53974969
2010  5  4     2.78084280
2010  5  5     2.76833492
2010  5  6     2.39338391
2010  5  7     2.15650822
2010  5  8     2.24854623
2010  5  9     2.21588590
2010  5 10     1.93963748
2010  5 11     2.58735688
2010  5 12     1.91283432
2010  5 13     2.09048507
2010  5 14     2.40860647
2010  5 15     2.54011677
2010  5 16     2.94970226
2010  5 17     3.31617639
2010  5 18     3.63898886
2010  5 19     2.91669270
2010  5 20     3.00453842
2010  5 21     2.88112839
2010  5 22     2.42049125
2010  5 23     2.18464093
2010  5 24     1.97269341
2010  5 25     1.85556083
2010  5 26     3.13694773
2010  5 27     3.73291051
2010  5 28     4.93884255
2010  5 29     3.18145171
2010  5 30     2.96521463
2010  5 31     3.52001127
2010  6  1     3.81344440
2010  6  2     3.62791297
2010  6  3     3.58193482
2010  6  4     3.67389061
2010  6  5     3.70617698
2010  6  6     3.84498632
2010  6  7     3.97440079
2010  6  8     3.84173698
2010  6  9     3.66427408
2010  6 10     3.29569644
2010  6 11     2.82845139
2010  6 12     2.71682696
2010  6 13     2.82204993
2010  6 14     2.96592314
2010  6 15     2.98570414
2010  6 16     2.82135271
2010  6 17     2.53924607
2010  6 18     2.38048226
2010  6 19     2.28526685
2010  6 20     2.14917287
2010  6 21     2.09153752
2010  6 22     2.10024866
2010  6 23     2.18784097
2010  6 24     2.18017087
2010  6 25     2.02576820
2010  6 26     1.87645950
2010  6 27     1.82295036
2010  6 28     1.81554895
2010  6 29     1.79514357
2010  6 30     1.71958443
2010  7  1     1.58109263
2010  7  2     1.44681650
2010  7  3     1.36351594
2010  7  4     1.30535517
2010  7  5     1.25440317
2010  7  6     1.20808766
2010  7  7     1.16662423
2010  7  8     1.12672564
2010  7  9     1.08804728
2010  7 10     1.05217861
2010  7 11     1.01772027
2010  7 12     0.98482261
2010  7 13     0.95396504
2010  7 14     0.92407668
2010  7 15     0.89488967
2010  7 16     0.86896699
2010  7 17     0.84283645
2010  7 18     0.81481119
2010  7 19     0.78917680
2010  7 20     0.76554432
2010  7 21     0.74278284
2010  7 22     0.72029974
2010  7 23     0.69873253
2010  7 24     0.67748485
2010  7 25     0.65695628
2010  7 26     0.64542412
2010  7 27     0.62312949
2010  7 28     0.60058355
2010  7 29     0.58284076
2010  7 30     0.56533128
2010  7 31     0.54845335
2010  8  1     0.53230542
2010  8  2     0.51646940
2010  8  3     0.50105065
2010  8  4     0.48610812
2010  8  5     0.47163686
2010  8  6     0.45780913
2010  8  7     0.44424650
2010  8  8     0.43104866
2010  8  9     0.42096025
2010  8 10     0.40728181
2010  8 11     0.39437321
2010  8 12     0.38255597
2010  8 13     0.37108800
2010  8 14     0.35980799
2010  8 15     0.34905935
2010  8 16     0.33869329
2010  8 17     0.32857941
2010  8 18     0.31886144
2010  8 19     0.30945772
2010  8 20     0.30033218
2010  8 21     0.29147578
2010  8 22     0.28323829
2010  8 23     0.27466645
2010  8 24     0.26645453
2010  8 25     0.25858964
2010  8 26     0.25096531
2010  8 27     0.24356627
2010  8 28     0.23638550
2010  8 29     0.23054595
2010  8 30     0.22383859
2010  8 31     0.21685909
2010  9  1     0.20984942
2010  9  2     0.20353692
2010  9  3     0.19753653
2010  9  4     0.19171284
2010  9  5     0.18606125
2010  9  6     0.18057640
2010  9  7     0.17525326
2010  9  8     0.17008744
2010  9  9     0.16602586
2010  9 10     0.16089427
2010  9 11     0.15559548
2010  9 12     0.15090100
2010  9 13     0.14645293
2010  9 14     0.14213572
2010  9 15     0.13794617
2010  9 16     0.13387963
2010  9 17     0.12993321
2010  9 18     0.12610292
2010  9 19     0.12238550
2010  9 20     0.11877788
2010  9 21     0.11527656
2010  9 22     0.11187848
2010  9 23     0.10858058
2010  9 24     0.10537989
2010  9 25     0.10227355
2010  9 26     0.09925878
2010  9 27     0.09633288
2010  9 28     0.09349323
2010  9 29     0.09073728
2010  9 30     0.08806257
2010 10  1     0.08546671
2010 10  2     0.08294736
2010 10  3     0.53287678
2010 10  4     0.73296326
2010 10  5     0.36227300
2010 10  6     0.15557153
2010 10  7     0.34535795
2010 10  8     0.16578274
2010 10  9     0.08922430
2010 10 10     0.07747617
2010 10 11     0.07402009
2010 10 12     0.07113939
2010 10 13     0.06856313
2010 10 14     0.06630518
2010 10 15     0.06421599
2010 10 16     0.06221497
2010 10 17     0.06029692
2010 10 18     0.12984545
2010 10 19     0.08369859
2010 10 20     0.05605809
2010 10 21     0.05426357
2010 10 22     0.05235671
2010 10 23     0.11213828
2010 10 24     1.64339956
2010 10 25     5.24242618
2010 10 26     2.24379966
2010 10 27     0.64761648
2010 10 28     0.51327077
2010 10 29     0.41375829
2010 10 30     0.42847627
2010 10 31     0.60701357
2010 11  1     0.40477643
2010 11  2     0.31048162
2010 11  3     0.29172128
2010 11  4     0.27294497
2010 11  5     0.25760692
2010 11  6     0.24434216
2010 11  7     0.28070866
2010 11  8     2.70533697
2010 11  9     1.27652494
2010 11 10     1.02054130
2010 11 11     0.70341352
2010 11 12     0.52771695
2010 11 13     0.47610768
2010 11 14     0.44110856
2010 11 15     0.41875055
2010 11 16     0.39904112
2010 11 17     0.37793102
2010 11 18     0.36240707
2010 11 19     0.34902279
2010 11 20     2.25734016
2010 11 21     2.49682388
2010 11 22     1.83929121
2010 11 23     1.53442962
2010 11 24     1.17708648
2010 11 25     0.72045957
2010 11 26     0.62279217
2010 11 27     0.56947806
2010 11 28     1.01047271
2010 11 29     0.53518852
2010 11 30     0.43602468
2010 12  1     0.38485206
2010 12  2     0.36108593
2010 12  3     0.38660591
2010 12  4     0.36984870
2010 12  5     0.44520381
2010 12  6     4.67186915
2010 12  7     2.39953925
2010 12  8     1.21368824
2010 12  9     3.81047776
2010 12 10     2.69272308
2010 12 11     1.64789408
2010 12 12     1.30627021
2010 12 13     1.15912658
2010 12 14     1.29773809
2010 12 15     4.45467923
2010 12 16     2.47361019
2010 12 17     1.77406938
2010 12 18     7.37558848
2010 12 19    29.07099293
2010 12 20    22.99403275
2010 12 21    10.29019079
2010 12 22     7.42480743
2010 12 23     5.96471678
2010 12 24     4.96702025
2010 12 25     4.40070332
2010 12 26     8.45772851
2010 12 27     5.38228125
2010 12 28     4.17979048
2010 12 29    21.17946940
2010 12 30    10.36160359
2010 12 31     5.73406144
2011  1  1     5.20981164
2011  1  2     9.26851656
2011  1  3     7.06233138
2011  1  4     4.69278973
2011  1  5     4.12313950
2011  1  6     3.78952950
2011  1  7     3.52666968
2011  1  8     3.31985857
2011  1  9     3.31392564
2011  1 10     3.05897840
2011  1 11     2.93082789
2011  1 12     3.11871314
2011  1 13     2.86160800
2011  1 14     2.78858540
2011  1 15     2.65603436
2011  1 16     2.56924606
2011  1 17     2.50319837
2011  1 18     2.42882328
2011  1 19     2.35544249
2011  1 20     2.28865215
2011  1 21     2.23069322
2011  1 22     2.19116731
2011  1 23     2.16207138
2011  1 24     2.11096181
2011  1 25     2.07646916
2011  1 26     2.04338199
2011  1 27     2.01843189
2011  1 28     1.99234276
2011  1 29     1.95701616
2011  1 30     4.52080217
2011  1 31     3.50118060
2011  2  1     2.43535146
2011  2  2     2.23350534
2011  2  3     2.06488595
2011  2  4     1.94462332
2011  2  5     1.88483480
2011  2  6     1.85812143
2011  2  7     1.85741047
2011  2  8     1.77078220
2011  2  9     1.65402208
2011  2 10     1.58600976
2011  2 11     1.52840191
2011  2 12     1.50034216
2011  2 13     1.52562254
2011  2 14     1.55472638
2011  2 15     1.55678552
2011  2 16     4.40034375
2011  2 17     3.27275571
2011  2 18     6.77669478
2011  2 19     6.77958959
2011  2 20     3.08143289
2011  2 21     2.31687719
2011  2 22     1.99306623
2011  2 23     1.76845529
2011  2 24     1.63016945
2011  2 25     4.08573775
2011  2 26     3.87874717
2011  2 27     1.96485409
2011  2 28     7.99196412
2011  3  1     3.15396844
2011  3  2     3.35186441
2011  3  3     7.62667078
2011  3  4     3.99452918
2011  3  5     2.97191578
2011  3  6     6.03355539
2011  3  7    12.88581887
2011  3  8     6.02886149
2011  3  9     4.27330794
2011  3 10     4.23818657
2011  3 11     4.01176518
2011  3 12     3.65252209
2011  3 13     3.50154771
2011  3 14     6.33853650
2011  3 15     5.19368471
2011  3 16    17.71084758
2011  3 17    10.14472762
2011  3 18     5.61568012
2011  3 19     9.80162465
2011  3 20    14.15806734
2011  3 21    16.87379402
2011  3 22     8.46072937
2011  3 23     5.84287685
2011  3 24     7.17019302
2011  3 25    11.34449494
2011  3 26    13.43424456
2011  3 27    10.23651400
2011  3 28     6.32642606
2011  3 29     5.20014752
2011  3 30     4.80291036
2011  3 31     4.89619863
2011  4  1     5.59743840
2011  4  2     6.10596900
2011  4  3     5.41920717
2011  4  4     5.03505292
2011  4  5     5.26845593
2011  4  6     5.26110027
2011  4  7     5.02701207
2011  4  8     4.40277108
2011  4  9     3.93715013
2011  4 10     3.72155823
2011  4 11     3.67935138
2011  4 12     3.65174151
2011  4 13     3.57473365
2011  4 14     3.34156491
2011  4 15     3.39862570
2011  4 16     4.03969924
2011  4 17     4.84850773
2011  4 18     5.35842647
2011  4 19     5.73563269
2011  4 20     5.48924535
2011  4 21     7.56784515
2011  4 22     6.13460036
2011  4 23     5.11752951
2011  4 24     4.94332219
2011  4 25     4.78279434
2011  4 26     4.46706969
2011  4 27     4.50198396
2011  4 28     4.91583012
2011  4 29     4.58160584
2011  4 30     4.09106592
2011  5  1     4.03252649
2011  5  2     4.51012813
2011  5  3     5.20215501
2011  5  4     5.84722284
2011  5  5     6.78097121
2011  5  6     7.35585517
2011  5  7     7.47656225
2011  5  8     6.60492289
2011  5  9     5.01952854
2011  5 10     4.39070677
2011  5 11     4.53595259
2011  5 12     5.16612604
2011  5 13     5.86746068
2011  5 14     6.12415310
2011  5 15     7.20085006
2011  5 16     5.34301894
2011  5 17     4.51310192
2011  5 18     5.14413449
2011  5 19     4.24378584
2011  5 20     4.34523032
2011  5 21     5.02441864
2011  5 22     5.19200304
2011  5 23     4.81024496
2011  5 24     4.45852072
2011  5 25     4.71032577
2011  5 26     4.67838273
2011  5 27     4.28743046
2011  5 28     4.39971559
2011  5 29     4.20379997
2011  5 30     3.63721304
2011  5 31     3.68755025
2011  6  1     3.82913844
2011  6  2     3.50566391
2011  6  3     3.16689965
2011  6  4     3.61551864
2011  6  5     5.25504009
2011  6  6     8.47359954
2011  6  7     5.86710701
2011  6  8     4.89470452
2011  6  9     5.33325994
2011  6 10     5.85024073
2011  6 11     5.93515704
2011  6 12     5.66786179
2011  6 13     5.68131292
2011  6 14     6.06971418
2011  6 15     6.57229099
2011  6 16     6.65263031
2011  6 17     6.21508684
2011  6 18     6.08818534
2011  6 19     6.23545740
2011  6 20     6.23610714
2011  6 21     6.49459044
2011  6 22     6.76100358
2011  6 23     6.75238242
2011  6 24     6.48505439
2011  6 25     5.98560912
2011  6 26     5.61757459
2011  6 27     5.45574898
2011  6 28     5.36876539
2011  6 29     8.54724536
2011  6 30     6.89572427
2011  7  1     5.22536641
2011  7  2     5.11381107
2011  7  3     5.23930507
2011  7  4     5.20441018
2011  7  5     5.07692863
2011  7  6     5.03325017
2011  7  7     4.93785463
2011  7  8     4.73198000
2011  7  9     4.58868257
2011  7 10     4.27853735
2011  7 11     3.89027296
2011  7 12     3.64168084
2011  7 13     3.44625416
2011  7 14     3.24022179
2011  7 15     3.10339697
2011  7 16     2.97076087
2011  7 17     2.84302786
2011  7 18     2.70528527
2011  7 19     2.55663463
2011  7 20     2.42364252
2011  7 21     2.32680704
2011  7 22     2.26112261
2011  7 23     2.17342021
2011  7 24     2.05394973
2011  7 25     1.95141963
2011  7 26     1.87612785
2011  7 27     1.81472514
2011  7 28     1.76314515
2011  7 29     1.72127260
2011  7 30     1.68790757
2011  7 31     1.60708452
2011  8  1     1.51123106
2011  8  2     1.43949185
2011  8  3     1.38677949
2011  8  4     1.34045191
2011  8  5     1.29743827
2011  8  6     1.25586496
2011  8  7     1.21632746
2011  8  8     1.17833926
2011  8  9     1.14224582
2011  8 10     1.10709693
2011  8 11     1.07321934
2011  8 12     1.04075117
2011  8 13     1.00939341
2011  8 14     0.97839148
2011  8 15     0.94898415
2011  8 16     0.92064009
2011  8 17     0.89335181
2011  8 18     0.86648719
2011  8 19     0.84078550
2011  8 20     0.81603188
2011  8 21     0.79203489
2011  8 22     0.76860903
2011  8 23     0.74530244
2011  8 24     0.72261208
2011  8 25     0.70096233
2011  8 26     0.67997743
2011  8 27     0.65940350
2011  8 28     0.63978424
2011  8 29     0.62096309
2011  8 30     0.60283149
2011  8 31     0.58542789
2011  9  1     0.56820579
2011  9  2     0.55134593
2011  9  3     0.53475173
2011  9  4     0.51881556
2011  9  5     0.50326052
2011  9  6     0.48834149
2011  9  7     0.47399951
2011  9  8     0.45985433
2011  9  9     0.44790651
2011  9 10     0.43484902
2011  9 11     0.49914095
2011  9 12     0.48771852
2011  9 13     0.46900441
2011  9 14     0.46945878
2011  9 15     0.40537736
2011  9 16     0.36721157
2011  9 17     0.35704632
2011  9 18     0.34633860
2011  9 19     0.33523107
2011  9 20     0.32829065
2011  9 21     0.31696359
2011  9 22     0.30647232
2011  9 23     0.29680273
2011  9 24     0.28770912
2011  9 25     0.31587784
2011  9 26     0.29146100
2011  9 27     0.26565125
2011  9 28     0.25722108
2011  9 29     0.24962926
2011  9 30     0.24187745
2011 10  1     0.23500413
2011 10  2     0.22858875
2011 10  3     0.22193394
2011 10  4     0.21608336
2011 10  5     2.04868687
2011 10  6     1.11813278
2011 10  7     0.61203943
2011 10  8     0.35981302
2011 10  9     0.31223236
2011 10 10     0.26515911
2011 10 11     0.51520493
2011 10 12     0.31984127
2011 10 13     0.20523638
2011 10 14     0.19438472
2011 10 15     0.18544504
2011 10 16     0.17891262
2011 10 17     0.17175331
2011 10 18     0.16532536
2011 10 19     0.15968650
2011 10 20     0.15478811
2011 10 21     0.14982190
2011 10 22     0.14516744
2011 10 23     0.14046603
2011 10 24     0.13594164
2011 10 25     0.13200254
2011 10 26     0.12845043
2011 10 27     0.12482685
2011 10 28     0.12104110
2011 10 29     0.11719311
2011 10 30     0.11340551
2011 10 31     0.10994313
2011 11  1     0.10668946
2011 11  2     0.10374127
2011 11  3     0.10073783
2011 11  4     0.28834847
2011 11  5     0.16975637
2011 11  6     0.42732760
2011 11  7     0.17745247
2011 11  8     0.11389059
2011 11  9     0.09578405
2011 11 10     0.09316071
2011 11 11     0.15414377
2011 11 12     0.95569120
2011 11 13     0.31066534
2011 11 14     0.15939371
2011 11 15     0.12249930
2011 11 16     0.09859184
2011 11 17     0.08699467
2011 11 18     0.08594028
2011 11 19     0.12636969
2011 11 20     0.22598034
2011 11 21     0.12097107
2011 11 22     0.07983759
2011 11 23     0.06924631
2011 11 24     0.06967754
2011 11 25     0.07019330
2011 11 26     0.06556741
2011 11 27     0.06833144
2011 11 28     0.06895117
2011 11 29     0.07094784
2011 11 30     0.06218934
2011 12  1     0.05518608
2011 12  2     0.05195659
2011 12  3     0.05019863
2011 12  4     0.04836512
2011 12  5     0.04675506
2011 12  6     0.04521836
2011 12  7     0.04374893
2011 12  8     0.04228404
2011 12  9     0.04093732
2011 12 10     0.03962981
2011 12 11     0.03855532
2011 12 12     0.03749366
2011 12 13     0.03633344
2011 12 14     0.03534694
2011 12 15     0.03528650
2011 12 16     0.03768385
2011 12 17     0.03322581
2011 12 18     0.03136130
2011 12 19     0.03039260
2011 12 20     0.02948505
2011 12 21     0.02877237
2011 12 22     0.02798110
2011 12 23     0.02702711
2011 12 24     0.02620276
2011 12 25     0.02531155
2011 12 26     0.02456475
2011 12 27     0.02385975
2011 12 28     0.02325175
2011 12 29     0.02318518
2011 12 30     0.02295999
2011 12 31     0.02162863
2012  1  1     0.02045718
2012  1  2     0.01992234
2012  1  3     0.01982202
2012  1  4     0.01973806
2012  1  5     0.01941169
2012  1  6     0.01902036
2012  1  7     0.01812581
2012  1  8     0.01740348
2012  1  9     0.01685592
2012  1 10     0.01612514
2012  1 11     0.01567889
2012  1 12     0.01522608
2012  1 13     0.01483089
2012  1 14     0.01428261
2012  1 15     0.01392740
2012  1 16     0.01372976
2012  1 17     0.01334181
2012  1 18     0.01310410
2012  1 19     0.01266216
2012  1 20     0.06011581
2012  1 21     7.08780811
2012  1 22     3.34357919
2012  1 23     2.68913436
2012  1 24     1.97642501
2012  1 25     1.01554136
2012  1 26     0.88916361
2012  1 27     0.79483832
2012  1 28     0.71846010
2012  1 29     0.65206860
2012  1 30     0.61944588
2012  1 31     0.60080711
2012  2  1     0.56256896
2012  2  2     0.51048005
2012  2  3     0.48360504
2012  2  4     0.45776021
2012  2  5     0.43670495
2012  2  6     0.42237375
2012  2  7     0.41127660
2012  2  8     0.40286183
2012  2  9     0.39319095
2012  2 10     0.41066976
2012  2 11     0.44453604
2012  2 12     0.40269925
2012  2 13     1.16565127
2012  2 14     0.99308901
2012  2 15     0.74233461
2012  2 16     0.50644280
2012  2 17     0.43157332
2012  2 18     0.40908381
2012  2 19     0.37157357
2012  2 20     0.34820726
2012  2 21     0.34397940
2012  2 22     0.41383703
2012  2 23     0.49709489
2012  2 24     0.55182048
2012  2 25     0.53783781
2012  2 26     0.43973561
2012  2 27     0.43441556
2012  2 28     0.37882747
2012  2 29     0.74473346
2012  3  1     1.30286070
2012  3  2     0.72950852
2012  3  3     0.50977405
2012  3  4     0.53645320
2012  3  5     0.71100870
2012  3  6     1.03584969
2012  3  7     0.66889431
2012  3  8     0.52282088
2012  3  9     0.55733950
2012  3 10     0.62586546
2012  3 11     0.64639934
2012  3 12     0.58355368
2012  3 13     0.61338213
2012  3 14     1.88531396
2012  3 15     2.46627080
2012  3 16     2.03100052
2012  3 17     8.11272982
2012  3 18     5.68494493
2012  3 19     2.75951784
2012  3 20     2.17524276
2012  3 21     1.80793841
2012  3 22     1.80662969
2012  3 23     1.84542308
2012  3 24     1.74148625
2012  3 25     2.05621925
2012  3 26     2.14829281
2012  3 27     1.69490288
2012  3 28     3.70332694
2012  3 29     2.60476817
2012  3 30     2.26798386
2012  3 31     3.05600549
2012  4  1     6.82071886
2012  4  2     3.64132280
2012  4  3     2.45668713
2012  4  4     2.45741904
2012  4  5     2.06000236
2012  4  6     1.79418242
2012  4  7     1.66187612
2012  4  8     1.69002744
2012  4  9     1.79389125
2012  4 10     1.85797300
2012  4 11     2.77711694
2012  4 12     4.30211905
2012  4 13     6.58790759
2012  4 14     4.71123568
2012  4 15     2.76965821
2012  4 16     2.45531810
2012  4 17     2.60821337
2012  4 18     2.93204061
2012  4 19     3.06422849
2012  4 20     3.24795956
2012  4 21     3.40021660
2012  4 22     3.43191344
2012  4 23     3.28196909
2012  4 24     3.13544093
2012  4 25     2.93650984
2012  4 26     5.47881203
2012  4 27     4.40045642
2012  4 28     2.98774322
2012  4 29     2.62914823
2012  4 30     2.54058449
2012  5  1     2.43679435
2012  5  2     2.25790043
2012  5  3     2.13246293
2012  5  4     2.02951920
2012  5  5     1.88567442
2012  5  6     1.81603053
2012  5  7     1.75905897
2012  5  8     1.68059100
2012  5  9     1.62599759
2012  5 10     1.57518897
2012  5 11     1.49444812
2012  5 12     1.41796513
2012  5 13     1.35970140
2012  5 14     1.30873076
2012  5 15     1.26311805
2012  5 16     1.21869528
2012  5 17     1.17560234
2012  5 18     1.13703670
2012  5 19     1.09965117
2012  5 20     1.06289556
2012  5 21     1.02802962
2012  5 22     0.99594193
2012  5 23     0.96493015
2012  5 24     0.93574016
2012  5 25     0.90747232
2012  5 26     0.97754648
2012  5 27     0.89548199
2012  5 28     0.84797130
2012  5 29     0.81098718
2012  5 30     0.77744815
2012  5 31     0.75351147
2012  6  1     0.73036288
2012  6  2     0.70825755
2012  6  3     0.68787868
2012  6  4     0.67518129
2012  6  5     1.34333276
2012  6  6     0.86731782
2012  6  7     0.63003212
2012  6  8     0.60694728
2012  6  9     0.58660245
2012  6 10     0.56769968
2012  6 11     0.54978217
2012  6 12     0.53269847
2012  6 13     0.51651650
2012  6 14     0.50090640
2012  6 15     0.48586302
2012  6 16     0.47108375
2012  6 17     0.45673333
2012  6 18     0.44314625
2012  6 19     0.43044520
2012  6 20     0.41778275
2012  6 21     0.40513520
2012  6 22     0.39358512
2012  6 23     0.38255049
2012  6 24     0.37164214
2012  6 25     0.36061017
2012  6 26     0.35014771
2012  6 27     0.33971398
2012  6 28     0.32904072
2012  6 29     0.31907866
2012  6 30     0.30966980
2012  7  1     0.30042701
2012  7  2     0.29130032
2012  7  3     0.28231533
2012  7  4     0.27393667
2012  7  5     0.26567889
2012  7  6     0.25786754
2012  7  7     0.24988153
2012  7  8     0.24197357
2012  7  9     0.23469554
2012  7 10     0.22738318
2012  7 11     0.22033029
2012  7 12     0.21355578
2012  7 13     0.20697791
2012  7 14     0.20131303
2012  7 15     0.19584091
2012  7 16     0.19007372
2012  7 17     0.18511242
2012  7 18     0.18005564
2012  7 19     0.17417720
2012  7 20     0.17298783
2012  7 21     0.16461643
2012  7 22     0.15827337
2012  7 23     0.19297782
2012  7 24     0.16080841
2012  7 25     0.14521731
2012  7 26     0.14109539
2012  7 27     0.13673260
2012  7 28     0.13282828
2012  7 29     0.12882313
2012  7 30     0.12468830
2012  7 31     0.12046109
2012  8  1     0.11679195
2012  8  2     0.11334917
2012  8  3     0.11019306
2012  8  4     0.10681127
2012  8  5     0.10626086
2012  8  6     0.10188679
2012  8  7     0.09759907
2012  8  8     0.09472240
2012  8  9     0.09193006
2012  8 10     0.08921992
2012  8 11     0.08658994
2012  8 12     0.08439004
2012  8 13     0.08311158
2012  8 14     0.07984728
2012  8 15     0.10114555
2012  8 16     0.08843180
2012  8 17     0.07285709
2012  8 18     0.07680243
2012  8 19     0.07361994
2012  8 20     0.06731497
2012  8 21     0.06419831
2012  8 22     0.06437061
2012  8 23     0.06147859
2012  8 24     0.05868680
2012  8 25     0.05695684
2012  8 26     0.05527789
2012  8 27     0.05364843
2012  8 28     0.05206701
2012  8 29     0.05053221
2012  8 30     0.04904264
2012  8 31     0.04759699
2012  9  1     0.04619395
2012  9  2     0.04483226
2012  9  3     0.04351072
2012  9  4     0.04222813
2012  9  5     0.04168611
2012  9  6     0.08556580
2012  9  7     0.04956723
2012  9  8     0.03793403
2012  9  9     0.03649838
2012  9 10     0.03530353
2012  9 11     0.03426206
2012  9 12     0.03324679
2012  9 13     0.03225910
2012  9 14     0.03130818
2012  9 15     0.03038530
2012  9 16     0.02948961
2012  9 17     0.02862033
2012  9 18     0.02777668
2012  9 19     0.02695789
2012  9 20     0.02616324
2012  9 21     0.02539201
2012  9 22     0.02464352
2012  9 23     0.02391709
2012  9 24     0.02321207
2012  9 25     0.02252784
2012  9 26     0.02186377
2012  9 27     0.02121928
2012  9 28     0.02059379
2012  9 29     0.01998674
2012  9 30     0.01939758
2012 10  1     0.01882579
2012 10  2     0.01827085
2012 10  3     0.01773227
2012 10  4     0.01720957
2012 10  5     0.01670227
2012 10  6     0.01620993
2012 10  7     0.01573210
2012 10  8     0.01526836
2012 10  9     0.01481828
2012 10 10     0.01438148
2012 10 11     0.01476484
2012 10 12     0.04312993
2012 10 13     0.03145632
2012 10 14     0.01381606
2012 10 15     0.01265920
2012 10 16     0.01209860
2012 10 17     0.01167234
2012 10 18     0.01132005
2012 10 19     0.01098636
2012 10 20     0.01066251
2012 10 21     0.01034821
2012 10 22     0.08442426
2012 10 23     0.42187241
2012 10 24     0.58484000
2012 10 25     0.17032315
2012 10 26     0.04126032
2012 10 27     0.03177438
2012 10 28     0.03479570
2012 10 29     0.03793179
2012 10 30     0.03203414
2012 10 31     0.01818634
2012 11  1     0.01517033
2012 11  2     0.03365297
2012 11  3     0.01370931
2012 11  4     0.00771233
2012 11  5     0.00720986
2012 11  6     0.00669655
2012 11  7     0.00631552
2012 11  8     0.01077877
2012 11  9     0.18290031
2012 11 10     0.24610589
2012 11 11     0.06381044
2012 11 12     0.02546932
2012 11 13     0.01172591
2012 11 14     0.01406483
2012 11 15     0.01518266
2012 11 16     0.01665935
2012 11 17     0.44724213
2012 11 18     1.33905677
2012 11 19     0.54652928
2012 11 20     0.15322213
2012 11 21     0.17509516
2012 11 22     0.13561274
2012 11 23     0.07941086
2012 11 24     0.04026615
2012 11 25     0.03412323
2012 11 26     0.03101822
2012 11 27     0.02865703
2012 11 28     0.09793614
2012 11 29     0.65292921
2012 11 30     1.30562108
2012 12  1     1.80031042
2012 12  2     2.49424044
2012 12  3     2.65503019
2012 12  4     1.13817175
2012 12  5     1.10117074
2012 12  6     1.16783238
2012 12  7     0.68576440
2012 12  8     0.53996154
2012 12  9     0.47402069
2012 12 10     0.42429505
2012 12 11     0.39076439
2012 12 12     0.65097355
2012 12 13     0.51704109
2012 12 14     0.39782746
2012 12 15     0.35673884
2012 12 16     0.33329994
2012 12 17     0.74486822
2012 12 18     1.01611206
2012 12 19     0.49116672
2012 12 20     0.39910053
2012 12 21     0.35669461
2012 12 22     1.01608864
2012 12 23     1.85455244
2012 12 24     2.16431822
2012 12 25     1.01073687
2012 12 26     1.61232519
2012 12 27     1.24125845
2012 12 28     0.70873518
2012 12 29     0.59546178
2012 12 30     0.52361183
2012 12 31     0.47539748
2013  1  1     0.44064531
2013  1  2     0.41580769
2013  1  3     0.39821899
2013  1  4     0.38455673
2013  1  5     0.37279099
2013  1  6     0.82358069
2013  1  7     0.77483474
2013  1  8     0.45544129
2013  1  9     0.40096390
2013  1 10     0.42106602
2013  1 11     0.39505866
2013  1 12     0.34727391
2013  1 13     0.32543065
2013  1 14     0.31188245
2013  1 15     0.30048984
2013  1 16     0.29148983
2013  1 17     0.28162131
2013  1 18     0.27454676
2013  1 19     0.27260328
2013  1 20     0.26621622
2013  1 21     0.26198263
2013  1 22     0.26350067
2013  1 23     0.27966716
2013  1 24     0.31797499
2013  1 25     1.12651186
2013  1 26     0.71333848
2013  1 27     0.50110865
2013  1 28     0.41269922
2013  1 29     0.38798179
2013  1 30     0.40377439
2013  1 31     0.41394713
2013  2  1     0.36895161
2013  2  2     0.35614528
2013  2  3     0.33892831
2013  2  4     0.32858008
2013  2  5     0.34287138
2013  2  6     0.32092863
2013  2  7     0.30568612
2013  2  8     0.31624953
2013  2  9     0.28052130
2013  2 10     0.26564613
2013  2 11     0.25522044
2013  2 12     0.24601549
2013  2 13     0.23864048
2013  2 14     0.23853322
2013  2 15     0.24165828
2013  2 16     0.25184232
2013  2 17     0.25077705
2013  2 18     0.25006955
2013  2 19     0.24474945
2013  2 20     0.53832723
2013  2 21     0.32458277
2013  2 22     0.25604170
2013  2 23     0.21527699
2013  2 24     0.19615765
2013  2 25     0.18430993
2013  2 26     0.18234264
2013  2 27     0.18046716
2013  2 28     0.20748125
2013  3  1     0.25520572
2013  3  2     0.32750411
2013  3  3     0.57044101
2013  3  4     0.41451275
2013  3  5     0.32288437
2013  3  6     0.77370628
2013  3  7     0.48484736
2013  3  8     0.41720065
2013  3  9     0.32606494
2013  3 10     0.28778992
2013  3 11     0.29373237
2013  3 12     0.36333951
2013  3 13     0.47590097
2013  3 14     0.59853383
2013  3 15     0.66311663
2013  3 16     0.63515533
2013  3 17     0.59199840
2013  3 18     0.52180362
2013  3 19     0.47198778
2013  3 20     0.83949371
2013  3 21     0.72310725
2013  3 22     0.47815834
2013  3 23     0.38091142
2013  3 24     0.36185979
2013  3 25     0.38296970
2013  3 26     0.40906707
2013  3 27     0.38579855
2013  3 28     0.35580889
2013  3 29     0.33409607
2013  3 30     0.32025088
2013  3 31     1.57938825
2013  4  1     1.28605120
2013  4  2     0.66069373
2013  4  3     0.46623214
2013  4  4     0.53675751
2013  4  5     0.61284445
2013  4  6     0.42914737
2013  4  7     0.37822020
2013  4  8     1.51938337
2013  4  9     0.75117314
2013  4 10     0.51506818
2013  4 11     0.47311073
2013  4 12     0.43666092
2013  4 13     0.40983371
2013  4 14     0.37694702
2013  4 15     0.34840461
2013  4 16     0.33110222
2013  4 17     0.31314391
2013  4 18     0.30589967
2013  4 19     0.30749767
2013  4 20     0.29508299
2013  4 21     0.28373518
2013  4 22     0.28375202
2013  4 23     0.27203208
2013  4 24     0.25916370
2013  4 25     0.24993170
2013  4 26     0.24391582
2013  4 27     0.23741470
2013  4 28     0.22840099
2013  4 29     0.22043109
2013  4 30     0.21309868
2013  5  1     0.20580633
2013  5  2     0.19898641
2013  5  3     0.19234890
2013  5  4     0.18614349
2013  5  5     0.18361138
2013  5  6     0.20025955
2013  5  7     0.28218188
2013  5  8     0.28673864
2013  5  9     0.19762614
2013  5 10     0.26857969
2013  5 11     0.22539204
2013  5 12     0.16758921
2013  5 13     0.16160282
2013  5 14     0.15471963
2013  5 15     0.16835157
2013  5 16     0.15411204
2013  5 17     0.14455547
2013  5 18     0.13706485
2013  5 19     0.13107786
2013  5 20     0.12657864
2013  5 21     0.12232376
2013  5 22     0.11860104
2013  5 23     0.11516412
2013  5 24     0.11155098
2013  5 25     0.10796300
2013  5 26     0.10458768
2013  5 27     0.10362495
2013  5 28     0.10749497
2013  5 29     0.09950209
2013  5 30     0.09261578
2013  5 31     0.08925365
2013  6  1     0.08627173
2013  6  2     0.08333785
2013  6  3     0.08068620
2013  6  4     0.07822982
2013  6  5     0.07592665
2013  6  6     0.07351006
2013  6  7     0.07118000
2013  6  8     0.06903667
2013  6  9     0.06698562
2013  6 10     0.06514564
2013  6 11     0.06392537
2013  6 12     0.06158457
2013  6 13     0.05943585
2013  6 14     0.05771690
2013  6 15     0.05594429
2013  6 16     0.05427093
2013  6 17     0.05266642
2013  6 18     0.05111110
2013  6 19     0.04961717
2013  6 20     0.04814223
2013  6 21     0.04671744
2013  6 22     0.04533883
2013  6 23     0.04400115
2013  6 24     0.09794494
2013  6 25     0.13712496
2013  6 26     0.06377434
2013  6 27     0.04019587
2013  6 28     0.03828543
2013  6 29     0.03681506
2013  6 30     0.03568214
2013  7  1     0.03462997
2013  7  2     0.03360941
2013  7  3     0.03786282
2013  7  4     0.08114333
2013  7  5     0.05793923
2013  7  6     0.03158271
2013  7  7     0.02912613
2013  7  8     0.02838833
2013  7  9     0.02754172
2013  7 10     0.02672142
2013  7 11     0.02592668
2013  7 12     0.02515683
2013  7 13     0.02440988
2013  7 14     0.02368590
2013  7 15     0.02298381
2013  7 16     0.02230306
2013  7 17     0.02164283
2013  7 18     0.02100244
2013  7 19     0.02038172
2013  7 20     0.01977913
2013  7 21     0.01919433
2013  7 22     0.01862776
2013  7 23     0.01839919
2013  7 24     0.01773144
2013  7 25     0.01702538
2013  7 26     0.04680845
2013  7 27     0.03223527
2013  7 28     0.04369850
2013  7 29     0.02972191
2013  7 30     0.01498651
2013  7 31     0.01460316
2013  8  1     0.01416045
2013  8  2     0.01373279
2013  8  3     0.01331906
2013  8  4     0.01291885
2013  8  5     0.01253150
2013  8  6     0.01215674
2013  8  7     0.01179349
2013  8  8     0.01144166
2013  8  9     0.01134654
2013  8 10     0.01092529
2013  8 11     0.01045993
2013  8 12     0.01014063
2013  8 13     0.00983954
2013  8 14     0.00954810
2013  8 15     0.00926515
2013  8 16     0.00899111
2013  8 17     0.00872485
2013  8 18     0.00846662
2013  8 19     0.00821672
2013  8 20     0.00810113
2013  8 21     0.00782958
2013  8 22     0.03027004
2013  8 23     0.01936070
2013  8 24     0.00707267
2013  8 25     0.00686362
2013  8 26     0.00666105
2013  8 27     0.00646448
2013  8 28     0.00631242
2013  8 29     0.00611102
2013  8 30     0.00590904
2013  8 31     0.00573474
2013  9  1     0.00556559
2013  9  2     0.00540145
2013  9  3     0.00524215
2013  9  4     0.00508756
2013  9  5     0.00493754
2013  9  6     0.00479195
2013  9  7     0.00465066
2013  9  8     0.00451353
2013  9  9     0.00438046
2013  9 10     0.00425131
2013  9 11     0.00412597
2013  9 12     0.00400433
2013  9 13     0.00394500
2013  9 14     0.00380565
2013  9 15     0.00366043
2013  9 16     0.00355253
2013  9 17     0.01546961
2013  9 18     0.07784068
2013  9 19     0.02596930
2013  9 20     0.00541572
2013  9 21     0.02634067
2013  9 22     0.32488584
2013  9 23     0.10028458
2013  9 24     0.00568278
2013  9 25     0.00458809
2013  9 26     0.00441062
2013  9 27     0.00421832
2013  9 28     0.00403208
2013  9 29     0.00387848
2013  9 30     0.00373440
2013 10  1     0.01702445
2013 10  2     0.00600891
2013 10  3     0.00336760
2013 10  4     0.00323517
2013 10  5     0.00312609
2013 10  6     0.00302220
2013 10  7     0.00292306
2013 10  8     0.00282828
2013 10  9     0.00321897
2013 10 10     0.01188878
2013 10 11     0.00711186
2013 10 12     0.00248677
2013 10 13     0.00395391
2013 10 14     0.00307795
2013 10 15     0.00226325
2013 10 16     0.00219402
2013 10 17     0.00212721
2013 10 18     0.00206268
2013 10 19     0.00200031
2013 10 20     0.00194000
2013 10 21     0.00188167
2013 10 22     0.00182522
2013 10 23     0.00177057
2013 10 24     0.00171766
2013 10 25     0.00166641
2013 10 26     0.00161675
2013 10 27     0.00156864
2013 10 28     0.17586040
2013 10 29     0.11850677
2013 10 30     0.01428789
2013 10 31     0.00539312
2013 11  1     0.00627297
2013 11  2     0.00898441
2013 11  3     0.00880008
2013 11  4     0.00607353
2013 11  5     0.00499153
2013 11  6     0.00498879
2013 11  7     0.00519465
2013 11  8     0.00483716
2013 11  9     0.00451975
2013 11 10     0.00444405
2013 11 11     0.00425828
2013 11 12     0.00408585
2013 11 13     0.00392524
2013 11 14     0.00377512
2013 11 15     0.00363437
2013 11 16     0.00350200
2013 11 17     0.00337715
2013 11 18     0.00325908
2013 11 19     0.00314715
2013 11 20     0.20790291
2013 11 21     0.79575140
2013 11 22     0.25872898
2013 11 23     0.05710719
2013 11 24     0.02976171
2013 11 25     0.01530997
2013 11 26     0.01057887
2013 11 27     0.00928977
2013 11 28     0.00837999
2013 11 29     0.00783955
2013 11 30     0.00740868
2013 12  1     0.00709475
2013 12  2     0.00681662
2013 12  3     0.06374009
2013 12  4     0.06368739
2013 12  5     0.01562672
2013 12  6     0.01081461
2013 12  7     0.32807462
2013 12  8     0.08394666
2013 12  9     0.04588127
2013 12 10     0.02401911
2013 12 11     0.01235307
2013 12 12     0.00962805
2013 12 13     0.00985803
2013 12 14     0.00936613
2013 12 15     0.00977291
2013 12 16     0.01033534
2013 12 17     0.01200264
2013 12 18     0.01484046
2013 12 19     0.02115773
2013 12 20     0.01292243
2013 12 21     0.00871827
2013 12 22     0.00978050
2013 12 23     0.01139524
2013 12 24     0.01316367
2013 12 25     0.01227846
2013 12 26     0.01128553
2013 12 27     0.00954051
2013 12 28     0.00766585
2013 12 29     0.00617836
2013 12 30     0.00577634
2013 12 31     0.00729167
2014  1  1     0.00705985
2014  1  2     0.00715780
2014  1  3     0.00828319
2014  1  4     0.00768226
2014  1  5     0.00636417
2014  1  6     0.00510917
2014  1  7     0.00640728
2014  1  8     0.00548000
2014  1  9     0.00624984
2014  1 10     0.00699677
2014  1 11     0.00719065
2014  1 12     0.01117793
2014  1 13     0.00837481
2014  1 14     0.00869816
2014  1 15     0.00999675
2014  1 16     0.01074436
2014  1 17     0.01092368
2014  1 18     0.01036882
2014  1 19     0.00930309
2014  1 20     0.00891224
2014  1 21     0.00833525
2014  1 22     0.00724669
2014  1 23     0.00616322
2014  1 24     0.00600265
2014  1 25     0.00637170
2014  1 26     0.00585489
2014  1 27     0.00556154
2014  1 28     0.00667298
2014  1 29     0.01134691
2014  1 30     1.05746264
2014  1 31     0.67270595
2014  2  1     0.17482420
2014  2  2     0.07651603
2014  2  3     0.04869576
2014  2  4     0.03268553
2014  2  5     0.02662578
2014  2  6     0.03337665
2014  2  7     0.05808217
2014  2  8     0.86252966
2014  2  9     3.89050991
2014  2 10     3.97898754
2014  2 11     1.51812517
2014  2 12     0.74323599
2014  2 13     0.60670971
2014  2 14     0.53825384
2014  2 15     0.49435034
2014  2 16     0.82032800
2014  2 17     0.60254329
2014  2 18     0.41573969
2014  2 19     0.37958260
2014  2 20     0.34975313
2014  2 21     0.33078980
2014  2 22     0.31469468
2014  2 23     0.29599295
2014  2 24     0.28956323
2014  2 25     0.28520411
2014  2 26     0.28702545
2014  2 27     3.65238898
2014  2 28     2.50927642
2014  3  1     2.35754095
2014  3  2     1.25923280
2014  3  3     0.93363601
2014  3  4     1.80458333
2014  3  5     1.18245200
2014  3  6     2.68607934
2014  3  7     1.66788509
2014  3  8     1.06556331
2014  3  9     1.01592340
2014  3 10     0.97767609
2014  3 11     0.89564407
2014  3 12     0.82097554
2014  3 13     0.76738931
2014  3 14     0.74626280
2014  3 15     0.73444180
2014  3 16     0.71198292
2014  3 17     0.71690555
2014  3 18     0.66613405
2014  3 19     0.61818878
2014  3 20     0.60525852
2014  3 21     0.59785037
2014  3 22     0.57730750
2014  3 23     0.55787924
2014  3 24     0.55586274
2014  3 25     0.58100002
2014  3 26     0.93941429
2014  3 27     1.44553370
2014  3 28     0.77217817
2014  3 29     0.64196990
2014  3 30     2.26874893
2014  3 31     1.29302101
2014  4  1     1.69189090
2014  4  2     1.33432003
2014  4  3     0.86866432
2014  4  4     0.74902536
2014  4  5     0.76144888
2014  4  6     0.77733032
2014  4  7     0.99171136
2014  4  8     1.26175847
2014  4  9     1.40390184
2014  4 10     1.26047312
2014  4 11     1.19799966
2014  4 12     1.12793121
2014  4 13     1.00467533
2014  4 14     0.92388245
2014  4 15     0.88578119
2014  4 16     0.85657861
2014  4 17     0.83364465
2014  4 18     0.81909800
2014  4 19     0.82744674
2014  4 20     0.81257736
2014  4 21     0.79797071
2014  4 22     0.79388544
2014  4 23     0.72416339
2014  4 24     0.68194907
2014  4 25     1.31645474
2014  4 26     2.29042752
2014  4 27     1.14376375
2014  4 28     0.93535579
2014  4 29     1.19017266
2014  4 30     1.47493915
2014  5  1     1.30359816
2014  5  2     1.07378139
2014  5  3     0.96421088
2014  5  4     0.88929229
2014  5  5     0.81534757
2014  5  6     0.76605646
2014  5  7     0.87954805
2014  5  8     0.77308851
2014  5  9     0.74168932
2014  5 10     0.66770737
2014  5 11     0.62997439
2014  5 12     0.60303543
2014  5 13     0.57738487
2014  5 14     0.55761493
2014  5 15     0.54074021
2014  5 16     0.52341490
2014  5 17     0.50330188
2014  5 18     0.48491330
2014  5 19     0.46903489
2014  5 20     0.54557297
2014  5 21     0.65144698
2014  5 22     0.82782033
2014  5 23     0.61035874
2014  5 24     0.50514027
2014  5 25     0.46504265
2014  5 26     0.43787966
2014  5 27     0.41986766
2014  5 28     0.40350358
2014  5 29     0.38891891
2014  5 30     0.37515991
2014  5 31     0.36232491
2014  6  1     0.35025319
2014  6  2     0.33857530
2014  6  3     0.32760842
2014  6  4     0.31711313
2014  6  5     0.30690980
2014  6  6     0.29707183
2014  6  7     0.28764075
2014  6  8     0.27854803
2014  6  9     0.26963712
2014  6 10     0.26113778
2014  6 11     0.25556546
2014  6 12     0.24719017
2014  6 13     0.23878617
2014  6 14     0.23177392
2014  6 15     0.22469783
2014  6 16     0.21782503
2014  6 17     0.21161669
2014  6 18     0.20527532
2014  6 19     0.19877156
2014  6 20     0.19249796
2014  6 21     0.18655692
2014  6 22     0.18109742
2014  6 23     0.17569187
2014  6 24     0.17025202
2014  6 25     0.16518226
2014  6 26     0.17740832
2014  6 27     0.16373863
2014  6 28     0.15098716
2014  6 29     0.14624220
2014  6 30     0.14178965
2014  7  1     0.13758561
2014  7  2     0.13352386
2014  7  3     0.12958086
2014  7  4     0.12575571
2014  7  5     0.12204523
2014  7  6     0.11844283
2014  7  7     0.11494831
2014  7  8     0.11155748
2014  7  9     0.11324425
2014  7 10     0.10783565
2014  7 11     0.10197490
2014  7 12     0.09896788
2014  7 13     0.09604937
2014  7 14     0.09321699
2014  7 15     0.09257117
2014  7 16     0.11462318
2014  7 17     0.09906999
2014  7 18     0.09173077
2014  7 19     0.08537263
2014  7 20     0.07809236
2014  7 21     0.64076916
2014  7 22     0.41399177
2014  7 23     0.12444717
2014  7 24     0.10385081
2014  7 25     0.09629994
2014  7 26     0.09047298
2014  7 27     0.08580730
2014  7 28     0.08234493
2014  7 29     0.07871011
2014  7 30     0.07540810
2014  7 31     0.11364591
2014  8  1     0.09155596
2014  8  2     0.06767147
2014  8  3     0.06518073
2014  8  4     0.06689045
2014  8  5     0.06609704
2014  8  6     0.06087851
2014  8  7     0.05795689
2014  8  8     0.05571368
2014  8  9     0.05346440
2014  8 10     0.05179205
2014  8 11     0.05017758
2014  8 12     0.07686812
2014  8 13     0.06298392
2014  8 14     0.04569101
2014  8 15     0.04429801
2014  8 16     0.04295286
2014  8 17     0.04165300
2014  8 18     0.04039631
2014  8 19     0.03918100
2014  8 20     0.03803033
2014  8 21     0.03688139
2014  8 22     0.03576453
2014  8 23     0.03469688
2014  8 24     0.03366261
2014  8 25     0.03266048
2014  8 26     0.03219303
2014  8 27     0.03102445
2014  8 28     0.02983453
2014  8 29     0.02894892
2014  8 30     0.02809056
2014  8 31     0.02725831
2014  9  1     0.02645091
2014  9  2     0.02566872
2014  9  3     0.02491072
2014  9  4     0.02417539
2014  9  5     0.02346189
2014  9  6     0.02276954
2014  9  7     0.02209771
2014  9  8     0.03446278
2014  9  9     0.02590900
2014  9 10     0.02107193
2014  9 11     0.01960347
2014  9 12     0.01902529
2014  9 13     0.01846422
2014  9 14     0.01792004
2014  9 15     0.01739141
2014  9 16     0.01687843
2014  9 17     0.01638077
2014  9 18     0.01589780
2014  9 19     0.01542907
2014  9 20     0.03404648
2014  9 21     0.02080897
2014  9 22     0.01523186
2014  9 23     0.01374590
2014  9 24     0.01328490
2014  9 25     0.04236111
2014  9 26     0.05804582
2014  9 27     0.22349115
2014  9 28     0.34249445
2014  9 29     0.13278430
2014  9 30     0.02365592
2014 10  1     0.01312730
2014 10  2     0.01168137
2014 10  3     0.01064313
2014 10  4     0.00992725
2014 10  5     0.00956213
2014 10  6     0.00927716
2014 10  7     0.00900369
2014 10  8     0.00873829
2014 10  9     0.00848070
2014 10 10     0.00823071
2014 10 11     0.00798809
2014 10 12     0.00775262
2014 10 13     0.00752409
2014 10 14     0.00730279
2014 10 15     0.00708717
2014 10 16     0.00694481
2014 10 17     0.00669826
2014 10 18     0.00647860
2014 10 19     0.00628763
2014 10 20     0.00610228
2014 10 21     0.00614452
2014 10 22     0.00582887
2014 10 23     0.00557840
2014 10 24     0.00541396
2014 10 25     0.04502086
2014 10 26     0.08206980
2014 10 27     0.02852051
2014 10 28     0.00622864
2014 10 29     0.00501571
2014 10 30     0.00456853
2014 10 31     0.08837237
2014 11  1     1.04885659
2014 11  2     0.34893961
2014 11  3     0.07971055
2014 11  4     0.04112534
2014 11  5     0.02137229
2014 11  6     0.01500286
2014 11  7     0.01316971
2014 11  8     0.01193067
2014 11  9     0.01111943
2014 11 10     0.01049707
2014 11 11     0.00996280
2014 11 12     0.00948985
2014 11 13     0.18664247
2014 11 14     0.37887229
2014 11 15     0.13582374
2014 11 16     0.02922915
2014 11 17     0.02094582
2014 11 18     0.01750188
2014 11 19     0.01661758
2014 11 20     0.02575798
2014 11 21     0.04613522
2014 11 22     0.38660499
2014 11 23     0.35762791
2014 11 24     0.11945160
2014 11 25     0.03037521
2014 11 26     0.02261891
2014 11 27     0.02002562
2014 11 28     0.01835841
2014 11 29     0.08092234
2014 11 30     0.37179038
2014 12  1     0.29722132
2014 12  2     0.35735326
2014 12  3     1.25474493
2014 12  4     1.25179109
2014 12  5     0.43218919
2014 12  6     0.22951246
2014 12  7     0.16510365
2014 12  8     0.10083543
2014 12  9     0.07941241
2014 12 10     0.06925015
2014 12 11     0.35392657
2014 12 12     3.49953768
2014 12 13     1.56021133
2014 12 14     0.57518776
2014 12 15     0.50187457
2014 12 16     0.73554255
2014 12 17     0.79099552
2014 12 18     0.45364255
2014 12 19     0.67545522
2014 12 20     1.24455504
2014 12 21     0.73239802
2014 12 22     0.49084911
2014 12 23     0.42495108
2014 12 24     0.66158965
2014 12 25     0.56390612
2014 12 26     0.42824165
2014 12 27     0.38623672
2014 12 28     0.36361835
2014 12 29     0.34341598
2014 12 30     0.32716926
2014 12 31     0.31339405
2015  1  1     0.29886449
2015  1  2     0.28608393
2015  1  3     0.27485966
2015  1  4     0.26463196
2015  1  5     0.25730971
2015  1  6     0.25127059
2015  1  7     0.24866181
2015  1  8     0.24587466
2015  1  9     0.24335722
2015  1 10     0.24093048
2015  1 11     0.23618485
2015  1 12     0.22574509
2015  1 13     0.21531624
2015  1 14     0.20455868
2015  1 15     0.19691246
2015  1 16     0.19791118
2015  1 17     0.20301653
2015  1 18     0.21192828
2015  1 19     0.21753538
2015  1 20     0.21113717
2015  1 21     0.19395409
2015  1 22     0.18384018
2015  1 23     0.17847224
2015  1 24     0.17387118
2015  1 25     0.18058794
2015  1 26     0.18582801
2015  1 27     0.20018149
2015  1 28     0.17980489
2015  1 29     0.15872643
2015  1 30     0.16112294
2015  1 31     0.15701829
2015  2  1     0.15801952
2015  2  2     0.15339442
2015  2  3     0.15173714
2015  2  4     0.15045410
2015  2  5     0.14601257
2015  2  6     0.56695948
2015  2  7     5.21218322
2015  2  8     6.45661145
2015  2  9     6.22695342
2015  2 10     3.19479202
2015  2 11     1.85684490
2015  2 12     1.57688014
2015  2 13     1.38621770
2015  2 14     1.24707074
2015  2 15     1.14879533
2015  2 16     1.07649864
2015  2 17     1.01291951
2015  2 18     0.95968897
2015  2 19     0.91410392
2015  2 20     0.87246000
2015  2 21     0.83402194
2015  2 22     0.80278840
2015  2 23     0.76797549
2015  2 24     0.73505674
2015  2 25     0.70739373
2015  2 26     0.68058459
2015  2 27     0.72449238
2015  2 28     0.69163883
2015  3  1     0.69688667
2015  3  2     0.63788424
2015  3  3     0.59772634
2015  3  4     0.55904621
2015  3  5     0.54495816
2015  3  6     0.54747307
2015  3  7     0.56815357
2015  3  8     0.56045655
2015  3  9     0.53113122
2015  3 10     0.56798660
2015  3 11     0.52199915
2015  3 12     0.48235974
2015  3 13     0.45132950
2015  3 14     0.44004244
2015  3 15     0.42844206
2015  3 16     0.41187127
2015  3 17     0.39736770
2015  3 18     0.38451875
2015  3 19     0.37187947
2015  3 20     0.36018267
2015  3 21     0.34893627
2015  3 22     0.33864765
2015  3 23     0.41726688
2015  3 24     0.35037514
2015  3 25     0.31004411
2015  3 26     0.30060003
2015  3 27     0.29096776
2015  3 28     0.28203593
2015  3 29     0.27350451
2015  3 30     0.26525768
2015  3 31     0.25745206
2015  4  1     0.24996348
2015  4  2     0.24257422
2015  4  3     0.23534182
2015  4  4     0.22836860
2015  4  5     0.25147931
2015  4  6     0.30004139
2015  4  7     0.25085939
2015  4  8     0.81097469
2015  4  9     0.39546218
2015  4 10     0.32043228
2015  4 11     0.36853261
2015  4 12     0.41735264
2015  4 13     0.45357377
2015  4 14     0.40479358
2015  4 15     0.31852760
2015  4 16     0.29853453
2015  4 17     0.27596394
2015  4 18     0.26369510
2015  4 19     0.27133322
2015  4 20     0.25875829
2015  4 21     0.23357153
2015  4 22     0.21558989
2015  4 23     0.21992635
2015  4 24     0.41702658
2015  4 25     2.24141817
2015  4 26     1.38469599
2015  4 27     0.66752043
2015  4 28     0.68957254
2015  4 29     0.74595750
2015  4 30     0.61429362
2015  5  1     0.51981425
2015  5  2     0.46065349
2015  5  3     0.41671233
2015  5  4     0.39198936
2015  5  5     0.36950808
2015  5  6     0.35115234
2015  5  7     0.52888274
2015  5  8     0.78898644
2015  5  9     0.52204645
2015  5 10     0.69771466
2015  5 11     0.83906462
2015  5 12     0.74501612
2015  5 13     0.58760707
2015  5 14     0.54399683
2015  5 15     0.78608067
2015  5 16     0.58718805
2015  5 17     0.49845528
2015  5 18     0.62763408
2015  5 19     0.52855277
2015  5 20     0.47577411
2015  5 21     0.46881690
2015  5 22     0.65750311
2015  5 23     0.61227082
2015  5 24     0.63324502
2015  5 25     0.53774257
2015  5 26     0.46320871
2015  5 27     0.44189735
2015  5 28     0.41181473
2015  5 29     0.38769248
2015  5 30     0.36778874
2015  5 31     0.35068249
2015  6  1     0.33571003
2015  6  2     0.32215185
2015  6  3     0.30956340
2015  6  4     0.30017144
2015  6  5     0.32182098
2015  6  6     0.38334899
2015  6  7     0.35095397
2015  6  8     0.28741775
2015  6  9     0.29658106
2015  6 10     0.28283087
2015  6 11     0.30718896
2015  6 12     0.27345765
2015  6 13     0.23826312
2015  6 14     0.22905936
2015  6 15     0.22022751
2015  6 16     0.21222501
2015  6 17     0.20476929
2015  6 18     0.19785454
2015  6 19     0.19142356
2015  6 20     0.18514445
2015  6 21     0.17932500
2015  6 22     0.17375151
2015  6 23     0.16826574
2015  6 24     0.16288014
2015  6 25     0.15765146
2015  6 26     0.15278948
2015  6 27     0.14814095
2015  6 28     0.14439453
2015  6 29     0.13978074
2015  6 30     0.14205818
2015  7  1     0.13512433
2015  7  2     0.16465942
2015  7  3     0.16517731
2015  7  4     0.13288708
2015  7  5     0.11849087
2015  7  6     0.11482133
2015  7  7     0.11672641
2015  7  8     0.16868244
2015  7  9     0.32326435
2015  7 10     0.26584387
2015  7 11     0.15309490
2015  7 12     0.12341611
2015  7 13     0.11851703
2015  7 14     0.11206150
2015  7 15     0.10688195
2015  7 16     0.10249641
2015  7 17     0.09858917
2015  7 18     0.09502218
2015  7 19     0.09171427
2015  7 20     0.16378093
2015  7 21     0.21380598
2015  7 22     0.24724758
2015  7 23     0.16624032
2015  7 24     0.11566761
2015  7 25     0.10758480
2015  7 26     0.10041461
2015  7 27     0.09460644
2015  7 28     0.08988223
2015  7 29     0.08585782
2015  7 30     0.08231230
2015  7 31     0.07922173
2015  8  1     0.07869471
2015  8  2     0.07454574
2015  8  3     0.07090371
2015  8  4     0.06848829
2015  8  5     0.06620027
2015  8  6     0.06400961
2015  8  7     0.06624050
2015  8  8     0.06368133
2015  8  9     0.05876566
2015  8 10     0.05621996
2015  8 11     0.05447385
2015  8 12     0.05279273
2015  8 13     0.05117189
2015  8 14     0.04960749
2015  8 15     0.04809761
2015  8 16     0.04663868
2015  8 17     0.04522804
2015  8 18     0.04386431
2015  8 19     0.04254569
2015  8 20     0.04127001
2015  8 21     0.04003480
2015  8 22     0.03883862
2015  8 23     0.03767958
2015  8 24     0.03655648
2015  8 25     0.03546804
2015  8 26     0.03441334
2015  8 27     0.03339030
2015  8 28     0.03239902
2015  8 29     0.03143980
2015  8 30     0.03051025
2015  8 31     0.02960849
2015  9  1     0.02873366
2015  9  2     0.02788506
2015  9  3     0.02706150
2015  9  4     0.02626242
2015  9  5     0.02548740
2015  9  6     0.02473503
2015  9  7     0.02400495
2015  9  8     0.02329666
2015  9  9     0.02260935
2015  9 10     0.02194238
2015  9 11     0.02129514
2015  9 12     0.02066705
2015  9 13     0.02005752
2015  9 14     0.01968762
2015  9 15     0.02442229
2015  9 16     0.02066911
2015  9 17     0.01780469
2015  9 18     0.01726950
2015  9 19     0.01676032
2015  9 20     0.01626617
2015  9 21     0.01578681
2015  9 22     0.01532163
2015  9 23     0.01486954
2015  9 24     0.01443101
2015  9 25     0.01400558
2015  9 26     0.01359275
2015  9 27     0.01319223
2015  9 28     0.01280352
2015  9 29     0.01242583
2015  9 30     0.01205927
2015 10  1     0.14320594
2015 10  2     0.13187126
2015 10  3     0.03872549
2015 10  4     0.01294425
2015 10  5     0.01395598
2015 10  6     0.01187718
2015 10  7     0.00981376
2015 10  8     0.00949218
2015 10  9     0.00921238
2015 10 10     0.00894082
2015 10 11     0.00867726
2015 10 12     0.00842148
2015 10 13     0.00817324
2015 10 14     0.00793231
2015 10 15     0.00769848
2015 10 16     0.00747155
2015 10 17     0.57375455
2015 10 18     0.36317965
2015 10 19     0.12647651
2015 10 20     0.02245882
2015 10 21     0.01164215
2015 10 22     0.01015620
2015 10 23     0.00896144
2015 10 24     0.00812514
2015 10 25     0.00753339
2015 10 26     0.00720933
2015 10 27     0.00719613
2015 10 28     0.15116195
2015 10 29     0.10523327
2015 10 30     0.04268246
2015 10 31     0.01129151
2015 11  1     0.01074953
2015 11  2     1.16259530
2015 11  3     0.90102851
2015 11  4     0.24824771
2015 11  5     0.09529541
2015 11  6     0.04965048
2015 11  7     0.02992781
2015 11  8     0.18285088
2015 11  9     0.65716719
2015 11 10     0.43680155
2015 11 11     0.14488011
2015 11 12     0.07523192
2015 11 13     0.04685250
2015 11 14     0.04323511
2015 11 15     0.25107786
2015 11 16     0.38363184
2015 11 17     0.10924443
2015 11 18     0.05293108
2015 11 19     0.03777089
2015 11 20     0.04092444
2015 11 21     0.04359257
2015 11 22     0.04158053
2015 11 23     0.05618754
2015 11 24     0.19123833
2015 11 25     0.24962836
2015 11 26     0.07496946
2015 11 27     0.05005020
2015 11 28     0.03395577
2015 11 29     0.02799840
2015 11 30     0.02747539
2015 12  1     0.02747371
2015 12  2     0.02737550
2015 12  3     0.14298626
2015 12  4     0.23604946
2015 12  5     0.10568250
2015 12  6     0.04828387
2015 12  7     0.04963010
2015 12  8     0.05058966
2015 12  9     0.04789133
2015 12 10     1.25993616
2015 12 11     1.67212248
2015 12 12     0.61543899
2015 12 13     0.53109663
2015 12 14     0.44695762
2015 12 15     0.28178219
2015 12 16     0.23359688
2015 12 17     0.20273791
2015 12 18     0.17999118
2015 12 19     0.53706015
2015 12 20     0.34655208
2015 12 21     3.61084774
2015 12 22     8.66293022
2015 12 23     3.95613273
2015 12 24     1.72924910
2015 12 25     1.55261212
2015 12 26     1.20368275
2015 12 27     1.05051764
2015 12 28     0.94216164
2015 12 29     0.85865014
2015 12 30     0.78503711
2015 12 31     0.73465071
2016  1  1     0.69626725
2016  1  2     0.66305492
2016  1  3     0.63682831
2016  1  4     0.64295374
2016  1  5     2.94177833
2016  1  6     2.98508626
2016  1  7     2.23207738
2016  1  8     1.28851003
2016  1  9     1.09035530
2016  1 10     0.89628327
2016  1 11     0.77921558
2016  1 12     0.70078528
2016  1 13     1.07828335
2016  1 14     1.53380807
2016  1 15     1.82425787
2016  1 16     1.78150193
2016  1 17     1.21569840
2016  1 18     2.85380581
2016  1 19     4.15110728
2016  1 20     2.70158249
2016  1 21     1.69676123
2016  1 22     2.93269353
2016  1 23     6.68585026
2016  1 24     3.83915177
2016  1 25     2.28424480
2016  1 26     2.01572393
2016  1 27     1.82144129
2016  1 28     1.72141789
2016  1 29     3.05385405
2016  1 30     8.55766193
2016  1 31     5.79137948
2016  2  1     3.37556041
2016  2  2     2.74468375
2016  2  3     2.43217018
2016  2  4     2.22368897
2016  2  5     2.11943787
2016  2  6     2.03963465
2016  2  7     1.94903018
2016  2  8     1.89913645
2016  2  9     1.90185544
2016  2 10     1.97672672
2016  2 11     2.05630508
2016  2 12     2.10530300
2016  2 13     2.08477369
2016  2 14     2.03169645
2016  2 15     1.96414192
2016  2 16     1.99260048
2016  2 17     2.09733693
2016  2 18     5.74383134
2016  2 19     4.00827497
2016  2 20     2.55039253
2016  2 21     2.39902266
2016  2 22     2.29885320
2016  2 23     2.15330561
2016  2 24     2.18704878
2016  2 25     2.24949200
2016  2 26     2.31297898
2016  2 27     2.34914500
2016  2 28     2.27550409
2016  2 29     2.20265578
2016  3  1     2.15457764
2016  3  2     2.18352400
2016  3  3     2.25637802
2016  3  4     2.31953887
2016  3  5     6.16419669
2016  3  6    17.18172202
2016  3  7    12.14576012
2016  3  8     5.67192377
2016  3  9     4.45845649
2016  3 10     3.93622194
2016  3 11     3.76050637
2016  3 12     8.09909268
2016  3 13     9.17931989
2016  3 14    16.49468492
2016  3 15     8.04727107
2016  3 16     5.20757927
2016  3 17     4.74685592
2016  3 18     4.51045048
2016  3 19     4.37613226
2016  3 20     4.22254012
2016  3 21     4.07903443
2016  3 22     6.41359274
2016  3 23     4.60514518
2016  3 24     3.73174459
2016  3 25     3.58278620
2016  3 26     3.47186860
2016  3 27     3.32683237
2016  3 28     3.76363203
2016  3 29     3.23849442
2016  3 30     2.91617437
2016  3 31     2.76581569
2016  4  1     2.65277091
2016  4  2     2.86407045
2016  4  3     2.91312547
2016  4  4     2.88971270
2016  4  5     2.86901832
2016  4  6     2.82266532
2016  4  7     2.85738207
2016  4  8     2.90742369
2016  4  9     4.28804516
2016  4 10     4.67619790
2016  4 11     4.54209009
2016  4 12     3.50603601
2016  4 13     3.04770559
2016  4 14     2.84218506
2016  4 15     2.54371252
2016  4 16     2.34429231
2016  4 17     2.26239760
2016  4 18     2.33418468
2016  4 19     2.46824311
2016  4 20     2.55178766
2016  4 21     2.52304192
2016  4 22     2.51184358
2016  4 23     5.02349557
2016  4 24     3.43251875
2016  4 25     2.57542911
2016  4 26     2.33645011
2016  4 27     2.15607997
2016  4 28     2.19258920
2016  4 29     2.00341618
2016  4 30     2.02646403
2016  5  1     1.86768986
2016  5  2     1.89924994
2016  5  3     1.97798678
2016  5  4     2.07173131
2016  5  5     2.17425562
2016  5  6     2.66069315
2016  5  7     2.55882593
2016  5  8     2.31463138
2016  5  9     2.18195465
2016  5 10     2.21535613
2016  5 11     2.12994704
2016  5 12     2.08255075
2016  5 13     2.21855837
2016  5 14     2.28649099
2016  5 15     2.06410811
2016  5 16     1.83733305
2016  5 17     1.76078772
2016  5 18     1.71540348
2016  5 19     1.76824975
2016  5 20     1.75588825
2016  5 21     1.55186251
2016  5 22     1.45904229
2016  5 23     1.36574800
2016  5 24     1.35513464
2016  5 25     1.36054283
2016  5 26     1.69872223
2016  5 27     1.57112809
2016  5 28     1.43430430
2016  5 29     1.46039561
2016  5 30     1.51733911
2016  5 31     1.57626123
2016  6  1     1.53442657
2016  6  2     1.38957195
2016  6  3     1.29769667
2016  6  4     1.24792860
2016  6  5     1.16293141
2016  6  6     1.06862105
2016  6  7     1.00638155
2016  6  8     0.96154866
2016  6  9     0.92190829
2016  6 10     0.88795306
2016  6 11     0.85718537
2016  6 12     0.82859835
2016  6 13     0.84813254
2016  6 14     0.79763034
2016  6 15     0.75052617
2016  6 16     0.72732757
2016  6 17     0.70409891
2016  6 18     0.68155590
2016  6 19     0.65982369
2016  6 20     0.63862115
2016  6 21     0.61785948
2016  6 22     0.59815694
2016  6 23     0.57987331
2016  6 24     0.56247243
2016  6 25     0.54558031
2016  6 26     0.52877276
2016  6 27     0.51235542
2016  6 28     0.49652017
2016  6 29     0.48127175
2016  6 30     0.46689823
2016  7  1     0.45293277
2016  7  2     0.43932502
2016  7  3     0.42641113
2016  7  4     0.42230164
2016  7  5     0.40649717
2016  7  6     0.38987759
2016  7  7     0.37846910
2016  7  8     0.36719075
2016  7  9     0.35628639
2016  7 10     0.34622675
2016  7 11     0.33647758
2016  7 12     0.32616009
2016  7 13     0.31599619
2016  7 14     0.30590979
2016  7 15     0.29631635
2016  7 16     0.28742609
2016  7 17     0.27910254
2016  7 18     0.27103487
2016  7 19     0.26331930
2016  7 20     0.25543712
2016  7 21     0.24758147
2016  7 22     0.23992661
2016  7 23     0.23271809
2016  7 24     0.22583935
2016  7 25     0.21917927
2016  7 26     0.21271618
2016  7 27     0.20644397
2016  7 28     0.20035647
2016  7 29     0.19605359
2016  7 30     0.18957225
2016  7 31     0.18315150
2016  8  1     0.17775170
2016  8  2     0.17251194
2016  8  3     0.16742555
2016  8  4     0.16248932
2016  8  5     0.15769945
2016  8  6     0.15305038
2016  8  7     0.14853814
2016  8  8     0.14415922
2016  8  9     0.13990951
2016  8 10     0.13578511
2016  8 11     0.13178232
2016  8 12     0.12789793
2016  8 13     0.12412749
2016  8 14     0.12046815
2016  8 15     0.11691763
2016  8 16     0.11347079
2016  8 17     0.11012542
2016  8 18     0.10687935
2016  8 19     0.10372869
2016  8 20     0.10067086
2016  8 21     0.09770370
2016  8 22     0.09482345
2016  8 23     0.09202806
2016  8 24     0.08931528
2016  8 25     0.08668243
2016  8 26     0.08412723
2016  8 27     0.08165051
2016  8 28     0.07924245
2016  8 29     0.07690479
2016  8 30     0.07463783
2016  8 31     0.07243770
2016  9  1     0.07030241
2016  9  2     0.06823007
2016  9  3     0.06621882
2016  9  4     0.06426685
2016  9  5     0.06237243
2016  9  6     0.06053384
2016  9  7     0.05874945
2016  9  8     0.05701767
2016  9  9     0.05533693
2016  9 10     0.05370573
2016  9 11     0.05212262
2016  9 12     0.05058618
2016  9 13     0.04909502
2016  9 14     0.04764834
2016  9 15     0.04624360
2016  9 16     0.04488015
2016  9 17     0.04355719
2016  9 18     0.04227323
2016  9 19     0.04102712
2016  9 20     0.03981775
2016  9 21     0.03900278
2016  9 22     0.03811927
2016  9 23     0.03662548
2016  9 24     0.03532638
2016  9 25     0.03428504
2016  9 26     0.03327440
2016  9 27     0.03229356
2016  9 28     0.03134162
2016  9 29     0.03041775
2016  9 30     0.02952111
2016 10  1     0.02865090
2016 10  2     0.02780634
2016 10  3     0.04637826
2016 10  4     0.03175177
2016 10  5     0.02586731
2016 10  6     0.02489105
2016 10  7     0.02396844
2016 10  8     0.02323686
2016 10  9     0.02255190
2016 10 10     0.02188712
2016 10 11     0.02124195
2016 10 12     0.02061579
2016 10 13     0.02000808
2016 10 14     0.02122824
2016 10 15     0.63315383
2016 10 16     1.37315491
2016 10 17     3.33882368
2016 10 18     1.04834365
2016 10 19     0.21616008
2016 10 20     0.13136544
2016 10 21     0.07304392
2016 10 22     0.04778995
2016 10 23     0.04155834
2016 10 24     0.06629929
2016 10 25     0.04801134
2016 10 26     0.03366277
2016 10 27     0.03200675
2016 10 28     1.45928430
2016 10 29     1.16273425
2016 10 30     0.80013037
2016 10 31     2.39371300
2016 11  1     1.40355945
2016 11  2     0.67117496
2016 11  3     0.48156328
2016 11  4     0.41961996
2016 11  5     0.37858474
2016 11  6     0.34916125
2016 11  7     0.32621856
2016 11  8     0.30691158
2016 11  9     0.29044128
2016 11 10     0.27602047
2016 11 11     0.26312260
2016 11 12     0.25141146
2016 11 13     0.24069184
2016 11 14     0.23078079
2016 11 15     0.22155338
2016 11 16     0.24115846
2016 11 17     0.22734196
2016 11 18     0.20256496
2016 11 19     0.19771656
2016 11 20     0.41565651
2016 11 21     1.03154298
2016 11 22     0.50607822
2016 11 23     0.73027507
2016 11 24     0.42247052
2016 11 25     0.30997106
2016 11 26     0.30590685
2016 11 27     2.59155853
2016 11 28     1.20115845
2016 11 29     0.60026826
2016 11 30     0.50677201
2016 12  1     0.44464709
2016 12  2     0.40912173
2016 12  3     0.38212871
2016 12  4     0.36475130
2016 12  5     0.35037566
2016 12  6     0.33371162
2016 12  7     0.31859931
2016 12  8     0.51114196
2016 12  9     1.30192185
2016 12 10     1.41014182
2016 12 11     7.09706431
2016 12 12     3.50103849
2016 12 13     1.53284034
2016 12 14     1.30911681
2016 12 15     1.20146798
2016 12 16    18.64693724
2016 12 17    10.72242893
2016 12 18     4.39851603
2016 12 19     3.56356502
2016 12 20     3.05099632
2016 12 21     2.69441054
2016 12 22     2.43290442
2016 12 23     2.23907103
2016 12 24     3.05382526
2016 12 25     2.31319662
2016 12 26     2.05525335
2016 12 27     1.89712211
2016 12 28     1.77647336
2016 12 29     1.70348684
2016 12 30     1.65491089
2016 12 31     1.60014207
2017  1  1     1.49910133
2017  1  2     1.53137018
2017  1  3     1.58238351
2017  1  4     4.87243056
2017  1  5     8.99607019
2017  1  6     4.59036274
2017  1  7     3.37015529
2017  1  8    15.42275905
2017  1  9    32.31661538
2017  1 10    25.13812869
2017  1 11    33.89585448
2017  1 12    20.12380978
2017  1 13    10.44139558
2017  1 14     7.85228013
2017  1 15     6.73630560
2017  1 16     5.96072456
2017  1 17     5.39283690
2017  1 18     4.97565567
2017  1 19    14.76028951
2017  1 20    12.78419991
2017  1 21    11.92880186
2017  1 22    12.36836222
2017  1 23    10.30549705
2017  1 24     6.68835625
2017  1 25     5.36216606
2017  1 26     4.82589457
2017  1 27     4.45079262
2017  1 28     4.15549675
2017  1 29     3.92567049
2017  1 30     3.76403429
2017  1 31     3.67885427
2017  2  1     3.61070784
2017  2  2     4.30605666
2017  2  3     7.12132856
2017  2  4    10.25863536
2017  2  5     6.06760798
2017  2  6    12.05474617
2017  2  7    15.82563618
2017  2  8    38.94354069
2017  2  9    30.29368493
2017  2 10    39.36825633
2017  2 11    24.37048614
2017  2 12    12.87724126
2017  2 13    10.08379096
2017  2 14     8.94984015
2017  2 15     8.20462481
2017  2 16     8.00520086
2017  2 17     8.48420055
2017  2 18    10.84964331
2017  2 19     9.00356244
2017  2 20    17.27603220
2017  2 21    32.90744242
2017  2 22    19.93920799
2017  2 23    11.74969105
2017  2 24     8.91851121
2017  2 25     7.92178801
2017  2 26     7.26349356
2017  2 27     7.06634358
2017  2 28     6.45652721
2017  3  1     6.10558844
2017  3  2     5.84700266
2017  3  3     5.82074876
2017  3  4     5.80550168
2017  3  5    11.51577446
2017  3  6     8.21567501
2017  3  7     6.00687823
2017  3  8     5.61479680
2017  3  9     5.62624009
2017  3 10     6.00836332
2017  3 11     6.12424939
2017  3 12     6.17302577
2017  3 13     6.24454563
2017  3 14     6.40568282
2017  3 15     6.56676612
2017  3 16     6.48462578
2017  3 17     6.24678410
2017  3 18     6.37872983
2017  3 19     6.11632628
2017  3 20     5.96197661
2017  3 21     8.71243576
2017  3 22    14.11843975
2017  3 23    10.75825679
2017  3 24     6.73030452
2017  3 25     7.68641153
2017  3 26     6.52493010
2017  3 27     6.00410640
2017  3 28     5.32109565
2017  3 29     5.79092807
2017  3 30     8.07106590
2017  3 31     6.44082800
2017  4  1     5.06670065
2017  4  2     5.05471491
2017  4  3     5.33958347
2017  4  4     5.06591744
2017  4  5     4.99048122
2017  4  6     5.31088359
2017  4  7    13.12842883
2017  4  8    20.17382642
2017  4  9    10.49132228
2017  4 10     6.71899366
2017  4 11     5.94636496
2017  4 12     5.45621406
2017  4 13    11.18879134
2017  4 14    11.92878812
2017  4 15     6.55923973
2017  4 16     5.80499133
2017  4 17     9.62442989
2017  4 18    20.50876846
2017  4 19    12.98928223
2017  4 20     7.79553974
2017  4 21     6.74342355
2017  4 22     6.94064656
2017  4 23     7.15453489
2017  4 24     6.75984299
2017  4 25     5.78773125
2017  4 26     5.44185246
2017  4 27     5.53124649
2017  4 28     5.30826831
2017  4 29     4.79366082
2017  4 30     4.67294551
2017  5  1     5.19157317
2017  5  2     5.56952349
2017  5  3     5.88335616
2017  5  4     6.24899606
2017  5  5     6.62283636
2017  5  6     6.40097721
2017  5  7     6.20257250
2017  5  8     5.15549824
2017  5  9     5.01533828
2017  5 10     5.38042946
2017  5 11     5.69680707
2017  5 12     5.69940315
2017  5 13     4.64533700
2017  5 14     3.92486462
2017  5 15     3.73207063
2017  5 16     3.82642980
2017  5 17     3.76594441
2017  5 18     3.54384235
2017  5 19     3.50382205
2017  5 20     3.96592535
2017  5 21     4.61343026
2017  5 22     4.99736188
2017  5 23     5.40086986
2017  5 24     5.79640742
2017  5 25     5.66742925
2017  5 26     5.06962924
2017  5 27     4.68620529
2017  5 28     4.68083354
2017  5 29     4.91455325
2017  5 30     5.12462928
2017  5 31     5.09020730
2017  6  1     4.47140365
2017  6  2     4.14888082
2017  6  3     4.29265059
2017  6  4     4.45450229
2017  6  5     4.31079727
2017  6  6     4.21090154
2017  6  7     4.11321869
2017  6  8     3.94603982
2017  6  9     3.63927291
2017  6 10     3.26964891
2017  6 11     3.06352523
2017  6 12     2.71749298
2017  6 13     2.44334379
2017  6 14     2.50595597
2017  6 15     2.83390941
2017  6 16     3.15130058
2017  6 17     3.45298052
2017  6 18     3.70887987
2017  6 19     3.81125616
2017  6 20     3.90771586
2017  6 21     3.99099512
2017  6 22     3.87748652
2017  6 23     3.58199976
2017  6 24     3.27872061
2017  6 25     2.98532499
2017  6 26     2.77361720
2017  6 27     2.61541091
2017  6 28     2.39780939
2017  6 29     2.16924582
2017  6 30     1.99677105
2017  7  1     1.89711025
2017  7  2     1.83190307
2017  7  3     1.77532285
2017  7  4     1.72154230
2017  7  5     1.66450642
2017  7  6     1.58976741
2017  7  7     1.49686357
2017  7  8     1.42329570
2017  7  9     1.36950425
2017  7 10     1.32062651
2017  7 11     1.27554379
2017  7 12     1.23303029
2017  7 13     1.19283462
2017  7 14     1.15432956
2017  7 15     1.11782303
2017  7 16     1.08073502
2017  7 17     1.04357652
2017  7 18     1.01005761
2017  7 19     0.97912528
2017  7 20     0.94938325
2017  7 21     0.92041575
2017  7 22     0.89216723
2017  7 23     0.86421052
2017  7 24     0.83753214
2017  7 25     0.81272693
2017  7 26     0.78887006
2017  7 27     0.76531872
2017  7 28     0.74258986
2017  7 29     0.71967828
2017  7 30     0.69771584
2017  7 31     0.67667997
2017  8  1     0.65641342
2017  8  2     0.63640979
2017  8  3     0.61738064
2017  8  4     0.59913187
2017  8  5     0.58180922
2017  8  6     0.58659950
2017  8  7     0.57153491
2017  8  8     0.54640012
2017  8  9     0.52083079
2017  8 10     0.50456003
2017  8 11     0.48816303
2017  8 12     0.47181098
2017  8 13     0.45784560
2017  8 14     0.44440873
2017  8 15     0.43180933
2017  8 16     0.41935113
2017  8 17     0.40640428
2017  8 18     0.39394918
2017  8 19     0.38278121
2017  8 20     0.37136024
2017  8 21     0.36004036
2017  8 22     0.34948317
2017  8 23     0.33928407
2017  8 24     0.32919640
2017  8 25     0.31941839
2017  8 26     0.31000072
2017  8 27     0.30086104
2017  8 28     0.29199110
2017  8 29     0.28338280
2017  8 30     0.27622788
2017  8 31     0.26747280
2017  9  1     0.25905161
2017  9  2     0.25141479
2017  9  3     0.24400335
2017  9  4     0.23681041
2017  9  5     0.22982923
2017  9  6     0.22544040
2017  9  7     0.21776026
2017  9  8     0.21009751
2017  9  9     0.20390398
2017  9 10     0.19789375
2017  9 11     0.19206017
2017  9 12     0.18651575
2017  9 13     0.18478965
2017  9 14     0.18872518
2017  9 15     0.17574325
2017  9 16     0.16537240
2017  9 17     0.16049711
2017  9 18     0.15576604
2017  9 19     0.15117444
2017  9 20     0.14674892
2017  9 21     0.40793976
2017  9 22     0.26054210
2017  9 23     0.13917110
2017  9 24     0.13474054
2017  9 25     0.13299244
2017  9 26     0.13514077
2017  9 27     0.12655124
2017  9 28     0.11857505
2017  9 29     0.11532019
2017  9 30     0.11184238
2017 10  1     0.10847835
2017 10  2     0.10522315
2017 10  3     0.10242129
2017 10  4     0.18770073
2017 10  5     0.13222426
2017 10  6     0.10121743
2017 10  7     0.09210231
2017 10  8     0.08851148
2017 10  9     0.08553870
2017 10 10     0.08279817
2017 10 11     0.08020296
2017 10 12     0.07795861
2017 10 13     0.07573050
2017 10 14     0.07329849
2017 10 15     0.07108028
2017 10 16     0.06897843
2017 10 17     0.06693949
2017 10 18     0.06496145
2017 10 19     0.06304242
2017 10 20     0.33983240
2017 10 21     0.16471519
2017 10 22     0.06449252
2017 10 23     0.06011463
2017 10 24     0.05739917
2017 10 25     0.05519515
2017 10 26     0.05324311
2017 10 27     0.05147645
2017 10 28     0.04989957
2017 10 29     0.04839571
2017 10 30     0.04694090
2017 10 31     0.04553302
2017 11  1     0.04417012
2017 11  2     0.04285036
2017 11  3     0.07120131
2017 11  4     0.14427787
2017 11  5     0.08803138
2017 11  6     0.04828456
2017 11  7     0.03892276
2017 11  8     0.03804283
2017 11  9     0.09160033
2017 11 10     0.12165688
2017 11 11     0.06124797
2017 11 12     0.03479990
2017 11 13     0.03277053
2017 11 14     0.10085373
2017 11 15     0.05531163
2017 11 16     0.93969996
2017 11 17     3.85584776
2017 11 18     1.54879409
2017 11 19     0.37644241
2017 11 20     0.28134730
2017 11 21     0.22606837
2017 11 22     0.17858318
2017 11 23     0.15439291
2017 11 24     0.14235280
2017 11 25     0.33355705
2017 11 26     0.26434175
2017 11 27     1.74039395
2017 11 28     0.78799327
2017 11 29     0.33139993
2017 11 30     0.27354994
2017 12  1     0.22867876
2017 12  2     0.20329437
2017 12  3     0.27202086
2017 12  4     0.21205217
2017 12  5     0.17162579
2017 12  6     0.16307501
2017 12  7     0.15455012
2017 12  8     0.14708415
2017 12  9     0.14046661
2017 12 10     0.13449245
2017 12 11     0.12905670
2017 12 12     0.12405199
2017 12 13     0.11936399
2017 12 14     0.11498661
2017 12 15     0.11080518
2017 12 16     0.10700014
2017 12 17     0.10366793
2017 12 18     0.10025485
2017 12 19     0.09674935
2017 12 20     0.17162946
2017 12 21     0.11575391
2017 12 22     0.09219797
2017 12 23     0.08710618
2017 12 24     0.08650484
2017 12 25     0.08455656
2017 12 26     0.08152379
2017 12 27     0.07826600
2017 12 28     0.07413272
2017 12 29     0.07060504
2017 12 30     0.06800834
2017 12 31     0.06593247
2018  1  1     0.06394941
2018  1  2     0.06198272
2018  1  3     0.06011407
2018  1  4     0.17567605
2018  1  5     0.08912972
2018  1  6     1.26259660
2018  1  7     1.03809985
2018  1  8     0.50650745
2018  1  9     4.23407298
2018  1 10     2.51512688
2018  1 11     1.07922018
2018  1 12     0.78397919
2018  1 13     0.65095842
2018  1 14     0.56703430
2018  1 15     0.50922839
2018  1 16     0.47090061
2018  1 17     0.44069922
2018  1 18     0.41627886
2018  1 19     1.35878257
2018  1 20     0.81782107
2018  1 21     0.53837947
2018  1 22     0.50466014
2018  1 23     0.46835285
2018  1 24     0.47879359
2018  1 25     1.28606587
2018  1 26     0.91733254
2018  1 27     0.57605200
2018  1 28     0.51330208
2018  1 29     0.55679929
2018  1 30     0.52465854
2018  1 31     0.50332479
2018  2  1     0.50188160
2018  2  2     0.50451565
2018  2  3     0.48557497
2018  2  4     0.44395212
2018  2  5     0.40862154
2018  2  6     0.38544125
2018  2  7     0.36656923
2018  2  8     0.35029883
2018  2  9     0.33558891
2018  2 10     0.32212821
2018  2 11     0.31008894
2018  2 12     0.29944851
2018  2 13     0.28886618
2018  2 14     0.27894877
2018  2 15     0.26960093
2018  2 16     0.26062948
2018  2 17     0.25205604
2018  2 18     0.24392020
2018  2 19     0.24747164
2018  2 20     0.23214247
2018  2 21     0.22322647
2018  2 22     0.21647842
2018  2 23     0.26305674
2018  2 24     0.20667278
2018  2 25     0.20791437
2018  2 26     0.22739156
2018  2 27     0.30169017
2018  2 28     0.20613342
2018  3  1     0.49782000
2018  3  2     1.82997662
2018  3  3     1.66446577
2018  3  4     0.88840473
2018  3  5     0.41014397
2018  3  6     0.29794570
2018  3  7     0.31098625
2018  3  8     0.36757645
2018  3  9     0.44364161
2018  3 10     0.46750013
2018  3 11     0.48349498
2018  3 12     0.60458316
2018  3 13     1.93336417
2018  3 14     8.18085834
2018  3 15     4.20410013
2018  3 16     3.86733566
2018  3 17     3.26675595
2018  3 18     2.13128059
2018  3 19     1.54941967
2018  3 20     2.09293766
2018  3 21     3.61825170
2018  3 22    23.23223745
2018  3 23    17.36224762
2018  3 24     7.35758602
2018  3 25     5.43188390
2018  3 26     4.36853713
2018  3 27     3.82849314
2018  3 28     3.58590462
2018  3 29     3.96234180
2018  3 30     4.39591870
2018  3 31     4.68389522
2018  4  1     4.66937876
2018  4  2     4.52417539
2018  4  3     4.11696147
2018  4  4     3.87209320
2018  4  5     4.05789848
2018  4  6     4.48628752
2018  4  7    17.66190264
2018  4  8    11.11028697
2018  4  9     6.18869025
2018  4 10     5.68722445
2018  4 11     5.34038390
2018  4 12    11.30153478
2018  4 13     8.42559830
2018  4 14     5.55613636
2018  4 15     5.25128695
2018  4 16     6.82787937
2018  4 17     6.34509943
2018  4 18     4.57497319
2018  4 19     4.21201140
2018  4 20     3.83825821
2018  4 21     3.81126308
2018  4 22     3.99424078
2018  4 23     4.00616669
2018  4 24     3.84153337
2018  4 25     3.74339822
2018  4 26     3.79301924
2018  4 27     3.77640805
2018  4 28     3.41910876
2018  4 29     3.04318096
2018  4 30     2.83608885
2018  5  1     2.70816297
2018  5  2     2.60471223
2018  5  3     2.51930566
2018  5  4     2.53427385
2018  5  5     2.55642998
2018  5  6     2.55302202
2018  5  7     2.53425264
2018  5  8     2.51154826
2018  5  9     2.43750920
2018  5 10     2.27622344
2018  5 11     2.13060657
2018  5 12     2.01609897
2018  5 13     1.92636787
2018  5 14     1.87203247
2018  5 15     1.81754709
2018  5 16     1.77705897
2018  5 17     1.70967630
2018  5 18     1.64242057
2018  5 19     1.60277998
2018  5 20     1.56433359
2018  5 21     1.51681778
2018  5 22     1.53503612
2018  5 23     1.48731798
2018  5 24     1.47900755
2018  5 25     1.44124083
2018  5 26     1.34022353
2018  5 27     1.27468482
2018  5 28     1.22944101
2018  5 29     1.19001957
2018  5 30     1.15201375
2018  5 31     1.11558561
2018  6  1     1.08178821
2018  6  2     1.04821895
2018  6  3     1.01538430
2018  6  4     0.98422781
2018  6  5     0.95469520
2018  6  6     0.92634349
2018  6  7     0.89891313
2018  6  8     0.87217554
2018  6  9     0.84608937
2018  6 10     0.82161868
2018  6 11     0.79714450
2018  6 12     0.77274262
2018  6 13     0.74911335
2018  6 14     0.72649292
2018  6 15     0.70520541
2018  6 16     0.68481576
2018  6 17     0.66521348
2018  6 18     0.64636967
2018  6 19     0.62701663
2018  6 20     0.60770979
2018  6 21     0.58914883
2018  6 22     0.57154592
2018  6 23     0.55434018
2018  6 24     0.53770190
2018  6 25     0.52161303
2018  6 26     0.50626004
2018  6 27     0.49128747
2018  6 28     0.47695390
2018  6 29     0.46364193
2018  6 30     0.44999413
2018  7  1     0.43562222
2018  7  2     0.42195651
2018  7  3     0.40948339
2018  7  4     0.39785918
2018  7  5     0.38664305
2018  7  6     0.37514715
2018  7  7     0.36289094
2018  7  8     0.35154056
2018  7  9     0.34097560
2018  7 10     0.33099589
2018  7 11     0.32126380
2018  7 12     0.31146005
2018  7 13     0.30856804
2018  7 14     0.29600019
2018  7 15     0.29255001
2018  7 16     0.28000554
2018  7 17     0.26739684
2018  7 18     0.25944408
2018  7 19     0.25177988
2018  7 20     0.24435753
2018  7 21     0.26336191
2018  7 22     0.24427283
2018  7 23     0.23169683
2018  7 24     0.22140635
2018  7 25     0.21046127
2018  7 26     0.20420027
2018  7 27     0.19818077
2018  7 28     0.19233911
2018  7 29     0.18666964
2018  7 30     0.18166055
2018  7 31     0.17611152
2018  8  1     0.17064289
2018  8  2     0.16561273
2018  8  3     0.16073122
2018  8  4     0.15599309
2018  8  5     0.15139456
2018  8  6     0.14693180
2018  8  7     0.14260058
2018  8  8     0.13839707
2018  8  9     0.13431746
2018  8 10     0.13035812
2018  8 11     0.12651552
2018  8 12     0.12278614
2018  8 13     0.11916668
2018  8 14     0.11725026
2018  8 15     0.11309050
2018  8 16     0.10893608
2018  8 17     0.10572489
2018  8 18     0.10260838
2018  8 19     0.09958374
2018  8 20     0.09664826
2018  8 21     0.09379931
2018  8 22     0.09103434
2018  8 23     0.08835088
2018  8 24     0.08574651
2018  8 25     0.08321892
2018  8 26     0.08076583
2018  8 27     0.07838506
2018  8 28     0.07607446
2018  8 29     0.07383197
2018  8 30     0.07165559
2018  8 31     0.06954336
2018  9  1     0.06749340
2018  9  2     0.06550386
2018  9  3     0.06357297
2018  9  4     0.06169899
2018  9  5     0.06455503
2018  9  6     0.06022045
2018  9  7     0.05641162
2018  9  8     0.05473946
2018  9  9     0.05312587
2018  9 10     0.05155986
2018  9 11     0.05004000
2018  9 12     0.04856495
2018  9 13     0.04713337
2018  9 14     0.04574400
2018  9 15     0.04439558
2018  9 16     0.04308691
2018  9 17     0.04181681
2018  9 18     0.04058416
2018  9 19     0.03938784
2018  9 20     0.03822678
2018  9 21     0.03709995
2018  9 22     0.03600634
2018  9 23     0.03494496
2018  9 24     0.03391487
2018  9 25     0.03291514
2018  9 26     0.03194489
2018  9 27     0.03100323
2018  9 28     0.03008933
2018  9 29     0.02920237
2018  9 30     0.02834156
2018 10  1     0.02750612
2018 10  2     0.02691121
2018 10  3     0.03771560
2018 10  4     0.37288759
2018 10  5     0.21454435
2018 10  6     0.05316268
2018 10  7     0.02770136
2018 10  8     0.02429856
2018 10  9     0.02278244
2018 10 10     0.02162263
2018 10 11     0.02130213
2018 10 12     0.02027111
2018 10 13     0.01922627
2018 10 14     0.01864241
2018 10 15     0.01809288
2018 10 16     0.01755955
2018 10 17     0.01704194
2018 10 18     0.01653958
2018 10 19     0.01605204
2018 10 20     0.01557886
2018 10 21     0.01511964
2018 10 22     0.01467395
2018 10 23     0.01424140
2018 10 24     0.01382160
2018 10 25     0.01341417
2018 10 26     0.01301875
2018 10 27     0.01263499
2018 10 28     0.01226254
2018 10 29     0.01190108
2018 10 30     0.01155770
2018 10 31     0.01121411
2018 11  1     0.01087935
2018 11  2     0.01055866
2018 11  3     0.01024741
2018 11  4     0.00994534
2018 11  5     0.00965218
2018 11  6     0.00936766
2018 11  7     0.00909152
2018 11  8     0.00882353
2018 11  9     0.00856343
2018 11 10     0.00831100
2018 11 11     0.00806601
2018 11 12     0.00782825
2018 11 13     0.00759749
2018 11 14     0.00737354
2018 11 15     0.00715618
2018 11 16     0.00694524
2018 11 17     0.00674051
2018 11 18     0.00654181
2018 11 19     0.00634898
2018 11 20     0.00616183
2018 11 21     0.00971895
2018 11 22     1.33857285
2018 11 23     1.17381079
2018 11 24     1.66898644
2018 11 25     0.51734166
2018 11 26     0.13990752
2018 11 27     0.08093543
2018 11 28     0.50070562
2018 11 29     1.78169554
2018 11 30     1.85161372
2018 12  1     0.49067300
2018 12  2     0.59913637
2018 12  3     0.22115327
2018 12  4     0.13038201
2018 12  5     0.09173543
2018 12  6     0.07505527
2018 12  7     0.05358566
2018 12  8     0.03415475
2018 12  9     0.03229937
2018 12 10     0.03143756
2018 12 11     0.02918333
2018 12 12     0.02835664
2018 12 13     0.02858761
2018 12 14     0.02989760
2018 12 15     0.02677478
2018 12 16     0.02481002
2018 12 17     1.08382504
2018 12 18     0.58345600
2018 12 19     0.25493891
2018 12 20     0.14644401
2018 12 21     0.16102706
2018 12 22     0.11960605
2018 12 23     0.09660062
2018 12 24     0.09233151
2018 12 25     0.65638658
2018 12 26     0.30745752
2018 12 27     0.17014420
2018 12 28     0.13848361
2018 12 29     0.12504593
2018 12 30     0.11772978
2018 12 31     0.11174403
