1987 10  1    13.27278235
1987 10  2    13.42196349
1987 10  3    10.09363201
1987 10  4     7.85998504
1987 10  5     6.29189836
1987 10  6     5.14977206
1987 10  7     4.36030427
1987 10  8     3.77559426
1987 10  9     3.27900957
1987 10 10     2.88062284
1987 10 11     2.53978843
1987 10 12     2.40438526
1987 10 13     2.11298095
1987 10 14     1.82910599
1987 10 15     1.63978957
1987 10 16     1.48517175
1987 10 17     1.35540308
1987 10 18     1.24389407
1987 10 19     1.14598171
1987 10 20     1.06037273
1987 10 21     0.98825472
1987 10 22     0.98079710
1987 10 23     1.29863480
1987 10 24     1.05335209
1987 10 25     0.83901638
1987 10 26     0.74931367
1987 10 27     0.75678600
1987 10 28     0.70274870
1987 10 29     0.89345837
1987 10 30     0.82396521
1987 10 31     0.65402081
1987 11  1     0.59580745
1987 11  2     0.67492998
1987 11  3     0.57966267
1987 11  4     0.50524443
1987 11  5     0.51390050
1987 11  6     0.54299842
1987 11  7     0.47823811
1987 11  8     0.43456109
1987 11  9     0.41266790
1987 11 10     0.39763982
1987 11 11     0.38443274
1987 11 12     0.37430197
1987 11 13     0.64494256
1987 11 14     0.67832719
1987 11 15     0.47421838
1987 11 16     0.49977384
1987 11 17     0.66783502
1987 11 18     0.52948372
1987 11 19     0.37494439
1987 11 20     0.31207951
1987 11 21     0.36030941
1987 11 22     0.34972938
1987 11 23     0.39803176
1987 11 24     0.34296501
1987 11 25     0.29660077
1987 11 26     0.27372033
1987 11 27     0.24888932
1987 11 28     0.23313768
1987 11 29     0.22630374
1987 11 30     0.21987400
1987 12  1     0.26045100
1987 12  2     0.28341707
1987 12  3     0.24489740
1987 12  4     0.21329309
1987 12  5     0.20211795
1987 12  6     0.36350616
1987 12  7     0.48117133
1987 12  8     0.43112161
1987 12  9     0.39324954
1987 12 10     0.36305913
1987 12 11     0.28767733
1987 12 12     0.21754507
1987 12 13     0.18275882
1987 12 14     0.16310866
1987 12 15     0.14957796
1987 12 16     0.14579994
1987 12 17     0.15474285
1987 12 18     0.15794998
1987 12 19     0.14536217
1987 12 20     0.13877486
1987 12 21     0.12933847
1987 12 22     0.32767193
1987 12 23     0.27144811
1987 12 24     0.22795308
1987 12 25     0.17399678
1987 12 26     0.13314646
1987 12 27     0.11403251
1987 12 28     0.24158280
1987 12 29     0.27108728
1987 12 30     0.25761508
1987 12 31     0.18746218
1988  1  1     0.13894659
1988  1  2     0.10304833
1988  1  3     0.30621952
1988  1  4     0.35235883
1988  1  5     0.40046200
1988  1  6     0.30624984
1988  1  7     0.22080019
1988  1  8     0.24736676
1988  1  9     0.22429971
1988  1 10     0.17558278
1988  1 11     0.26596812
1988  1 12     0.21753956
1988  1 13     0.15637792
1988  1 14     0.09888701
1988  1 15     0.25159179
1988  1 16     0.31489266
1988  1 17     0.27417652
1988  1 18     0.20754142
1988  1 19     0.23989721
1988  1 20     0.14411378
1988  1 21     0.10035274
1988  1 22     0.07403525
1988  1 23     0.06614062
1988  1 24     0.06652182
1988  1 25     0.07050668
1988  1 26     0.05799650
1988  1 27     0.05816738
1988  1 28     0.05913265
1988  1 29     0.06887274
1988  1 30     0.08183397
1988  1 31     0.09974691
1988  2  1     0.09118694
1988  2  2     0.05865995
1988  2  3     0.04424295
1988  2  4     0.03917994
1988  2  5     0.03887377
1988  2  6     0.04080944
1988  2  7     0.04264356
1988  2  8     0.05047092
1988  2  9     0.05046690
1988  2 10     0.04021993
1988  2 11     0.04039836
1988  2 12     0.05720176
1988  2 13     0.05357615
1988  2 14     0.05841661
1988  2 15     0.05921099
1988  2 16     0.03930954
1988  2 17     0.03050636
1988  2 18     0.02780318
1988  2 19     0.02626213
1988  2 20     0.04181517
1988  2 21     0.07123845
1988  2 22     0.06994049
1988  2 23     0.06451272
1988  2 24     0.07800795
1988  2 25     0.06675228
1988  2 26     0.07193530
1988  2 27     0.07547701
1988  2 28     0.19362152
1988  2 29     0.29355723
1988  3  1     0.57344659
1988  3  2     0.48194929
1988  3  3     0.30715371
1988  3  4     0.17771685
1988  3  5     0.13551400
1988  3  6     0.11173853
1988  3  7     0.11398993
1988  3  8     0.16091799
1988  3  9     0.11744191
1988  3 10     0.07624248
1988  3 11     0.06828470
1988  3 12     0.06580103
1988  3 13     0.06754530
1988  3 14     0.07383758
1988  3 15     0.07244724
1988  3 16     0.06942766
1988  3 17     0.08583360
1988  3 18     0.12751171
1988  3 19     0.21360837
1988  3 20     0.26525359
1988  3 21     0.22896183
1988  3 22     0.17702313
1988  3 23     0.24661913
1988  3 24     0.25707244
1988  3 25     0.34275446
1988  3 26     0.41726347
1988  3 27     0.30078484
1988  3 28     0.17180208
1988  3 29     0.16010894
1988  3 30     0.11644434
1988  3 31     0.10509672
1988  4  1     0.17886030
1988  4  2     0.25943549
1988  4  3     0.26097069
1988  4  4     0.30766502
1988  4  5     0.39163571
1988  4  6     0.46498238
1988  4  7     0.45607407
1988  4  8     0.30998340
1988  4  9     0.28438857
1988  4 10     0.44284581
1988  4 11     0.53935527
1988  4 12     0.43231950
1988  4 13     0.34625932
1988  4 14     0.98578118
1988  4 15     0.60132228
1988  4 16     0.32462546
1988  4 17     0.28822953
1988  4 18     0.22263220
1988  4 19     0.84242409
1988  4 20     0.99875375
1988  4 21     0.68093055
1988  4 22     0.58298916
1988  4 23     0.69202646
1988  4 24     0.64575271
1988  4 25     0.62706133
1988  4 26     0.78575895
1988  4 27     0.84926498
1988  4 28     0.72022172
1988  4 29     0.63003874
1988  4 30     0.52570503
1988  5  1     0.45990760
1988  5  2     0.47089623
1988  5  3     0.46050713
1988  5  4     0.43599357
1988  5  5     0.39892828
1988  5  6     0.37724892
1988  5  7     0.36478302
1988  5  8     0.41558867
1988  5  9     0.50054799
1988  5 10     0.64078658
1988  5 11     0.82633934
1988  5 12     0.91530496
1988  5 13     0.78673222
1988  5 14     0.81700812
1988  5 15     0.88583929
1988  5 16     0.81649912
1988  5 17     0.73254220
1988  5 18     0.62016236
1988  5 19     0.61039944
1988  5 20     0.66323993
1988  5 21     0.68482852
1988  5 22     0.62450044
1988  5 23     0.53049330
1988  5 24     0.46747989
1988  5 25     0.43639666
1988  5 26     0.41885446
1988  5 27     0.40369752
1988  5 28     0.53396536
1988  5 29     0.77738877
1988  5 30     0.54610513
1988  5 31     0.39644849
1988  6  1     0.41277018
1988  6  2     0.36818038
1988  6  3     0.33474076
1988  6  4     0.32439551
1988  6  5     0.31445259
1988  6  6     0.37332028
1988  6  7     0.39546847
1988  6  8     0.33721501
1988  6  9     0.31056598
1988  6 10     0.28021310
1988  6 11     0.26101444
1988  6 12     0.25288064
1988  6 13     0.24406304
1988  6 14     0.23560506
1988  6 15     0.22743900
1988  6 16     0.22029044
1988  6 17     0.21400234
1988  6 18     0.20689660
1988  6 19     0.19972975
1988  6 20     0.20488993
1988  6 21     0.27280902
1988  6 22     0.22126133
1988  6 23     0.17661393
1988  6 24     0.17141000
1988  6 25     0.21443348
1988  6 26     0.24391805
1988  6 27     0.18358721
1988  6 28     0.15265624
1988  6 29     0.14730258
1988  6 30     0.14293160
1988  7  1     0.13869328
1988  7  2     0.13458317
1988  7  3     0.13059689
1988  7  4     0.12673155
1988  7  5     0.12298278
1988  7  6     0.11934490
1988  7  7     0.11581675
1988  7  8     0.11239419
1988  7  9     0.10907378
1988  7 10     0.10585250
1988  7 11     0.10272686
1988  7 12     0.09969486
1988  7 13     0.09675204
1988  7 14     0.09389619
1988  7 15     0.09112555
1988  7 16     0.08843688
1988  7 17     0.08582903
1988  7 18     0.08329628
1988  7 19     0.08083903
1988  7 20     0.07845576
1988  7 21     0.07614124
1988  7 22     0.07389563
1988  7 23     0.07171696
1988  7 24     0.06960183
1988  7 25     0.18392718
1988  7 26     0.11212356
1988  7 27     0.07383786
1988  7 28     0.06596027
1988  7 29     0.05992851
1988  7 30     0.05823121
1988  7 31     0.05647875
1988  8  1     0.05478290
1988  8  2     0.05316770
1988  8  3     0.05160033
1988  8  4     0.05015643
1988  8  5     0.04863850
1988  8  6     0.04717025
1988  8  7     0.04577942
1988  8  8     0.04443022
1988  8  9     0.04312038
1988  8 10     0.04184921
1988  8 11     0.04061546
1988  8 12     0.03941809
1988  8 13     0.03825613
1988  8 14     0.03712844
1988  8 15     0.03603398
1988  8 16     0.03497179
1988  8 17     0.03394091
1988  8 18     0.03294042
1988  8 19     0.03196942
1988  8 20     0.03102704
1988  8 21     0.03011244
1988  8 22     0.02922480
1988  8 23     0.02836332
1988  8 24     0.02752724
1988  8 25     0.02671581
1988  8 26     0.02592829
1988  8 27     0.02516399
1988  8 28     0.02442222
1988  8 29     0.02370231
1988  8 30     0.02674258
1988  8 31     0.02429319
1988  9  1     0.02181235
1988  9  2     0.02102874
1988  9  3     0.02040886
1988  9  4     0.01980726
1988  9  5     0.01922339
1988  9  6     0.01865673
1988  9  7     0.01810678
1988  9  8     0.01757303
1988  9  9     0.01705502
1988  9 10     0.01655228
1988  9 11     0.01606436
1988  9 12     0.01559083
1988  9 13     0.01513125
1988  9 14     0.01468522
1988  9 15     0.01425233
1988  9 16     0.01383221
1988  9 17     0.01342447
1988  9 18     0.01302875
1988  9 19     0.01525038
1988  9 20     0.03651313
1988  9 21     0.09609135
1988  9 22     0.04012694
1988  9 23     0.01138981
1988  9 24     0.01088771
1988  9 25     0.01056676
1988  9 26     0.01025528
1988  9 27     0.00995298
1988  9 28     0.00965959
1988  9 29     0.00937485
1988  9 30     0.00909850
1988 10  1     0.00883030
1988 10  2     0.00857001
1988 10  3     0.00831738
1988 10  4     0.00807221
1988 10  5     0.00783426
1988 10  6     0.00760713
1988 10  7     0.00738090
1988 10  8     0.00716168
1988 10  9     0.00695057
1988 10 10     0.00674568
1988 10 11     0.00654684
1988 10 12     0.00635385
1988 10 13     0.00782982
1988 10 14     0.00679142
1988 10 15     0.00581061
1988 10 16     0.00563715
1988 10 17     0.00547098
1988 10 18     0.00530971
1988 10 19     0.00515319
1988 10 20     0.00500129
1988 10 21     0.00485386
1988 10 22     0.00471078
1988 10 23     0.00457192
1988 10 24     0.00443715
1988 10 25     0.00430636
1988 10 26     0.00417942
1988 10 27     0.00405622
1988 10 28     0.00393665
1988 10 29     0.00382061
1988 10 30     0.00370799
1988 10 31     0.00359868
1988 11  1     0.00349260
1988 11  2     0.00339369
1988 11  3     0.08453439
1988 11  4     0.04177777
1988 11  5     0.00373584
1988 11  6     0.00300835
1988 11  7     0.00292372
1988 11  8     0.01142069
1988 11  9     0.00624924
1988 11 10     0.13533144
1988 11 11     0.06573862
1988 11 12     0.09920515
1988 11 13     0.93105063
1988 11 14     0.66158035
1988 11 15     0.26813351
1988 11 16     0.17175970
1988 11 17     0.25416388
1988 11 18     0.17319591
1988 11 19     0.10548011
1988 11 20     0.04677317
1988 11 21     0.01792410
1988 11 22     0.21573683
1988 11 23     0.85739130
1988 11 24     0.53180467
1988 11 25     0.42474118
1988 11 26     0.28454771
1988 11 27     0.18139357
1988 11 28     0.18851788
1988 11 29     0.10280589
1988 11 30     0.05601546
1988 12  1     0.02647441
1988 12  2     0.01231264
1988 12  3     0.00741609
1988 12  4     0.00617813
1988 12  5     0.00649104
1988 12  6     0.00773452
1988 12  7     0.00402308
1988 12  8     0.00160061
1988 12  9     0.00318787
1988 12 10     0.00593147
1988 12 11     0.00587468
1988 12 12     0.00765718
1988 12 13     0.00797748
1988 12 14     0.00586780
1988 12 15     0.00206287
1988 12 16     0.00094253
1988 12 17     0.00174391
1988 12 18     0.00196036
1988 12 19     0.00499005
1988 12 20     0.06661355
1988 12 21     0.27204824
1988 12 22     0.31984188
1988 12 23     0.20938324
1988 12 24     0.30145692
1988 12 25     0.28803099
1988 12 26     0.17693676
1988 12 27     0.10835946
1988 12 28     0.06070626
1988 12 29     0.06651859
1988 12 30     0.01198638
1988 12 31     0.19830790
1989  1  1     0.11943019
1989  1  2     0.08528478
1989  1  3     0.04591673
1989  1  4     0.03325036
1989  1  5     0.39945647
1989  1  6     0.21340254
1989  1  7     0.14498367
1989  1  8     0.09279448
1989  1  9     0.04260372
1989  1 10     0.18800089
1989  1 11     0.18553836
1989  1 12     0.09388470
1989  1 13     0.05599834
1989  1 14     0.04270444
1989  1 15     0.02763983
1989  1 16     0.02179777
1989  1 17     0.01917694
1989  1 18     0.01845218
1989  1 19     0.01806457
1989  1 20     0.02204880
1989  1 21     0.02181705
1989  1 22     0.02366288
1989  1 23     0.03256448
1989  1 24     0.02973759
1989  1 25     0.02724966
1989  1 26     0.02471244
1989  1 27     0.02205994
1989  1 28     0.02313701
1989  1 29     0.03134623
1989  1 30     0.04433397
1989  1 31     0.05332054
1989  2  1     0.12624941
1989  2  2     0.07613298
1989  2  3     0.11037645
1989  2  4     0.07037008
1989  2  5     0.03963308
1989  2  6     0.02645582
1989  2  7     0.01882888
1989  2  8     0.01498566
1989  2  9     0.09514556
1989  2 10     0.16588430
1989  2 11     0.10586617
1989  2 12     0.08671902
1989  2 13     0.06007214
1989  2 14     0.11036086
1989  2 15     0.07073006
1989  2 16     0.11691400
1989  2 17     0.14021721
1989  2 18     0.17746631
1989  2 19     0.65188293
1989  2 20     0.35079301
1989  2 21     0.29575369
1989  2 22     0.46960272
1989  2 23     0.45210531
1989  2 24     0.44575197
1989  2 25     0.48195087
1989  2 26     0.52686294
1989  2 27     0.48727340
1989  2 28     0.39532729
1989  3  1     0.33590388
1989  3  2     3.27820273
1989  3  3     1.39139042
1989  3  4     0.68312692
1989  3  5     1.06483604
1989  3  6     2.01757844
1989  3  7     2.50401626
1989  3  8     5.49847717
1989  3  9     3.92308901
1989  3 10     2.06196280
1989  3 11     4.90490322
1989  3 12     2.86355098
1989  3 13     2.59288732
1989  3 14     2.02606133
1989  3 15     1.85732048
1989  3 16     3.08983608
1989  3 17     2.85668488
1989  3 18     2.57926931
1989  3 19     4.04496048
1989  3 20     3.02575302
1989  3 21     2.46287465
1989  3 22     2.41239336
1989  3 23     2.37094512
1989  3 24     5.90357506
1989  3 25     7.44690603
1989  3 26     4.79536134
1989  3 27     3.11526760
1989  3 28     5.86047869
1989  3 29     4.29816523
1989  3 30     3.48754670
1989  3 31     3.96405439
1989  4  1     3.49560580
1989  4  2     3.13995194
1989  4  3     3.12323865
1989  4  4     3.32354792
1989  4  5     3.73527688
1989  4  6     4.17586285
1989  4  7     4.32507139
1989  4  8     4.38421369
1989  4  9     4.38641715
1989  4 10     4.32346446
1989  4 11     4.17620831
1989  4 12     4.03977770
1989  4 13     4.08087310
1989  4 14     4.17266740
1989  4 15     4.16475597
1989  4 16     4.04103150
1989  4 17     4.02212316
1989  4 18     4.18781404
1989  4 19     4.27091980
1989  4 20     4.22025941
1989  4 21     4.19444826
1989  4 22     3.56373900
1989  4 23     3.11674088
1989  4 24     3.00138083
1989  4 25     2.89097222
1989  4 26     2.51490828
1989  4 27     2.29038523
1989  4 28     2.18751802
1989  4 29     2.32943148
1989  4 30     2.65560001
1989  5  1     2.77513903
1989  5  2     2.89923191
1989  5  3     3.27804109
1989  5  4     3.77931856
1989  5  5     4.03175274
1989  5  6     4.25441948
1989  5  7     4.32187493
1989  5  8     4.18500867
1989  5  9     4.34797366
1989  5 10     3.84129050
1989  5 11     3.13645066
1989  5 12     2.69614426
1989  5 13     2.41895429
1989  5 14     2.30746847
1989  5 15     2.41474440
1989  5 16     2.44860089
1989  5 17     2.58482015
1989  5 18     2.55914145
1989  5 19     2.31272593
1989  5 20     2.31577725
1989  5 21     2.40183221
1989  5 22     2.47265676
1989  5 23     2.70999466
1989  5 24     2.21435013
1989  5 25     1.86471113
1989  5 26     1.90382615
1989  5 27     2.01213258
1989  5 28     2.00178574
1989  5 29     1.75491262
1989  5 30     1.58441341
1989  5 31     1.67527438
1989  6  1     1.96265656
1989  6  2     2.23287467
1989  6  3     2.63690341
1989  6  4     2.66272151
1989  6  5     2.19840473
1989  6  6     2.02053502
1989  6  7     1.97759712
1989  6  8     1.91927217
1989  6  9     1.70867778
1989  6 10     1.54535157
1989  6 11     1.41413135
1989  6 12     1.23406999
1989  6 13     1.10245499
1989  6 14     1.02018928
1989  6 15     0.95312981
1989  6 16     0.89972349
1989  6 17     0.84657334
1989  6 18     0.79972833
1989  6 19     0.76277791
1989  6 20     0.73150882
1989  6 21     0.69988576
1989  6 22     0.66803932
1989  6 23     0.64168685
1989  6 24     0.61903673
1989  6 25     0.60504842
1989  6 26     0.59883852
1989  6 27     0.63854152
1989  6 28     0.56764827
1989  6 29     0.52384006
1989  6 30     0.50746889
1989  7  1     0.48897157
1989  7  2     0.47063806
1989  7  3     0.45273463
1989  7  4     0.43630979
1989  7  5     0.42078930
1989  7  6     0.40504054
1989  7  7     0.38931364
1989  7  8     0.37608960
1989  7  9     0.36787051
1989  7 10     0.35850836
1989  7 11     0.34680867
1989  7 12     0.33612275
1989  7 13     0.32557451
1989  7 14     0.31505109
1989  7 15     0.30621559
1989  7 16     0.29770525
1989  7 17     0.28766547
1989  7 18     0.27833229
1989  7 19     0.27001387
1989  7 20     0.26204350
1989  7 21     0.25430966
1989  7 22     0.24680532
1989  7 23     0.23952306
1989  7 24     0.23245652
1989  7 25     0.22559920
1989  7 26     0.21894474
1989  7 27     0.21248707
1989  7 28     0.20622029
1989  7 29     0.20013869
1989  7 30     0.19423713
1989  7 31     0.18850924
1989  8  1     0.18295057
1989  8  2     0.17755618
1989  8  3     0.17232110
1989  8  4     0.16724038
1989  8  5     0.16230975
1989  8  6     0.15752514
1989  8  7     0.15288073
1989  8  8     0.38519269
1989  8  9     0.25541911
1989  8 10     0.14194337
1989  8 11     0.13563369
1989  8 12     0.13163563
1989  8 13     0.12775532
1989  8 14     0.12398872
1989  8 15     0.12033342
1989  8 16     0.11678613
1989  8 17     0.11334371
1989  8 18     0.15443234
1989  8 19     0.12166595
1989  8 20     0.10365269
1989  8 21     0.10055803
1989  8 22     0.09759379
1989  8 23     0.09471702
1989  8 24     0.09192531
1989  8 25     0.08921533
1989  8 26     0.08658520
1989  8 27     0.08403287
1989  8 28     0.08155578
1989  8 29     0.07915172
1989  8 30     0.07681852
1989  8 31     0.07455410
1989  9  1     0.07235649
1989  9  2     0.07022356
1989  9  3     0.06815350
1989  9  4     0.06614451
1989  9  5     0.06419473
1989  9  6     0.06230243
1989  9  7     0.06046591
1989  9  8     0.05868353
1989  9  9     0.05695368
1989  9 10     0.05527483
1989  9 11     0.05600424
1989  9 12     0.05321680
1989  9 13     0.05052943
1989  9 14     0.04903993
1989  9 15     0.04759435
1989  9 16     0.30216584
1989  9 17     1.46542967
1989  9 18     1.42080112
1989  9 19     0.68588180
1989  9 20     0.30281382
1989  9 21     0.11291651
1989  9 22     0.05932360
1989  9 23     0.03983144
1989  9 24     0.03651621
1989  9 25     0.03539705
1989  9 26     0.03432661
1989  9 27     0.03329689
1989  9 28     0.03230314
1989  9 29     0.72021319
1989  9 30     0.38983322
1989 10  1     0.07181553
1989 10  2     0.10060853
1989 10  3     0.06412517
1989 10  4     0.03217461
1989 10  5     0.02864380
1989 10  6     0.02709227
1989 10  7     0.02590556
1989 10  8     0.02488817
1989 10  9     0.02397966
1989 10 10     0.02314748
1989 10 11     0.02237196
1989 10 12     0.02164081
1989 10 13     0.02094615
1989 10 14     0.02028311
1989 10 15     0.01964778
1989 10 16     0.01903728
1989 10 17     0.01844935
1989 10 18     0.01788313
1989 10 19     0.01733696
1989 10 20     0.01680997
1989 10 21     0.35588767
1989 10 22     0.85030258
1989 10 23     2.59254747
1989 10 24     5.28446814
1989 10 25     3.39029522
1989 10 26     1.67338968
1989 10 27     1.16552194
1989 10 28     0.88410053
1989 10 29     0.69961339
1989 10 30     0.61576821
1989 10 31     0.58333827
1989 11  1     0.57291898
1989 11  2     0.57918412
1989 11  3     0.62227965
1989 11  4     0.65514176
1989 11  5     0.60962281
1989 11  6     0.53442477
1989 11  7     0.47785221
1989 11  8     0.46254004
1989 11  9     0.44820060
1989 11 10     0.43784215
1989 11 11     0.42303940
1989 11 12     0.39276827
1989 11 13     0.36284716
1989 11 14     0.34073097
1989 11 15     0.32644656
1989 11 16     0.30872496
1989 11 17     0.29370470
1989 11 18     0.28868399
1989 11 19     0.28874936
1989 11 20     0.27146548
1989 11 21     0.25717418
1989 11 22     0.24669690
1989 11 23     0.23193815
1989 11 24     3.00279177
1989 11 25     2.75134940
1989 11 26     4.00528932
1989 11 27     2.39010410
1989 11 28     1.25179209
1989 11 29     0.94059878
1989 11 30     0.76561547
1989 12  1     0.64897228
1989 12  2     0.57690514
1989 12  3     0.53133955
1989 12  4     0.50074155
1989 12  5     0.47914165
1989 12  6     0.46684334
1989 12  7     0.45068933
1989 12  8     0.43373014
1989 12  9     0.42445681
1989 12 10     0.40263575
1989 12 11     0.37803207
1989 12 12     0.36070804
1989 12 13     0.34970370
1989 12 14     0.33850213
1989 12 15     0.32818776
1989 12 16     0.31543088
1989 12 17     0.30234470
1989 12 18     0.29121649
1989 12 19     0.28071173
1989 12 20     0.27456462
1989 12 21     0.26808453
1989 12 22     0.26555724
1989 12 23     0.26692480
1989 12 24     0.26985678
1989 12 25     0.27082031
1989 12 26     0.26754817
1989 12 27     0.25396184
1989 12 28     0.23631422
1989 12 29     0.22435143
1989 12 30     0.21809355
1989 12 31     0.22256034
1990  1  1     0.37932097
1990  1  2     0.36502633
1990  1  3     0.30908960
1990  1  4     0.27237802
1990  1  5     0.22740752
1990  1  6     0.20491925
1990  1  7     0.68097730
1990  1  8     2.74996360
1990  1  9     1.50807607
1990  1 10     0.87159182
1990  1 11     0.75263128
1990  1 12     1.91603688
1990  1 13     1.96912350
1990  1 14     2.33914317
1990  1 15     1.49814883
1990  1 16     2.21221427
1990  1 17     1.23053426
1990  1 18     0.90526831
1990  1 19     0.77227050
1990  1 20     0.67779455
1990  1 21     0.61033011
1990  1 22     0.56190608
1990  1 23     0.54372242
1990  1 24     0.53615276
1990  1 25     0.53376677
1990  1 26     0.50452491
1990  1 27     0.45214686
1990  1 28     0.44267887
1990  1 29     0.43363833
1990  1 30     1.32425527
1990  1 31     1.40451925
1990  2  1     1.02300644
1990  2  2     0.71419034
1990  2  3     0.58911029
1990  2  4     1.72938241
1990  2  5     1.01015981
1990  2  6     0.97754841
1990  2  7     0.70184587
1990  2  8     0.57938111
1990  2  9     0.53238590
1990  2 10     0.49671522
1990  2 11     0.56567292
1990  2 12     0.61896740
1990  2 13     0.47956558
1990  2 14     0.43038141
1990  2 15     0.41018393
1990  2 16     0.80267990
1990  2 17     0.54659508
1990  2 18     0.43291836
1990  2 19     0.38830190
1990  2 20     0.41274455
1990  2 21     0.37183936
1990  2 22     0.56857372
1990  2 23     0.74692944
1990  2 24     0.91205687
1990  2 25     1.07170524
1990  2 26     1.29816232
1990  2 27     1.43736522
1990  2 28     1.42564256
1990  3  1     1.41051141
1990  3  2     1.18134205
1990  3  3     3.34490351
1990  3  4     1.99402684
1990  3  5     3.25206648
1990  3  6     1.64122756
1990  3  7     1.30723249
1990  3  8     1.33683091
1990  3  9     1.19027668
1990  3 10     1.93113625
1990  3 11     2.17985864
1990  3 12     2.01861895
1990  3 13     1.35524460
1990  3 14     1.23078079
1990  3 15     1.34892384
1990  3 16     1.82923998
1990  3 17     2.16755132
1990  3 18     2.10753563
1990  3 19     2.24751449
1990  3 20     2.31469088
1990  3 21     2.58643843
1990  3 22     2.75612755
1990  3 23     2.87166375
1990  3 24     2.87041764
1990  3 25     2.94321908
1990  3 26     2.87023388
1990  3 27     2.61867580
1990  3 28     2.34972612
1990  3 29     2.18832180
1990  3 30     2.11451653
1990  3 31     2.13431791
1990  4  1     2.25594204
1990  4  2     2.49595654
1990  4  3     2.70550364
1990  4  4     2.94912938
1990  4  5     3.54279974
1990  4  6     3.69560690
1990  4  7     3.53447420
1990  4  8     3.02832106
1990  4  9     2.66658501
1990  4 10     2.84523381
1990  4 11     3.02211077
1990  4 12     3.19952160
1990  4 13     3.40628154
1990  4 14     3.56523472
1990  4 15     3.51448907
1990  4 16     3.87093837
1990  4 17     3.72817536
1990  4 18     2.96042432
1990  4 19     2.62548840
1990  4 20     2.50360119
1990  4 21     2.20477763
1990  4 22     2.18682029
1990  4 23     4.36590618
1990  4 24     4.05506366
1990  4 25     3.04889722
1990  4 26     2.78449582
1990  4 27     2.85312615
1990  4 28     2.73790720
1990  4 29     2.29275213
1990  4 30     1.83632210
1990  5  1     1.69262298
1990  5  2     1.77566705
1990  5  3     1.96213979
1990  5  4     2.05497913
1990  5  5     2.13895131
1990  5  6     2.08437279
1990  5  7     1.87486376
1990  5  8     1.62522548
1990  5  9     1.43184684
1990  5 10     1.30912909
1990  5 11     1.20684329
1990  5 12     1.09239356
1990  5 13     0.99899072
1990  5 14     0.93821637
1990  5 15     0.88738800
1990  5 16     0.84211261
1990  5 17     0.80215246
1990  5 18     0.76768818
1990  5 19     0.73652000
1990  5 20     0.74019681
1990  5 21     0.69270928
1990  5 22     0.65530172
1990  5 23     1.08983768
1990  5 24     1.18964978
1990  5 25     0.87168042
1990  5 26     0.86287043
1990  5 27     1.39950891
1990  5 28     4.05318758
1990  5 29     2.28617845
1990  5 30     2.65563310
1990  5 31     4.97078813
1990  6  1     2.84449672
1990  6  2     2.07852940
1990  6  3     2.08680390
1990  6  4     1.69373291
1990  6  5     1.34965133
1990  6  6     1.18477982
1990  6  7     1.07397729
1990  6  8     0.98756691
1990  6  9     0.91927873
1990  6 10     0.86425103
1990  6 11     0.81845363
1990  6 12     0.77764261
1990  6 13     0.74185324
1990  6 14     0.74278990
1990  6 15     0.74429787
1990  6 16     0.68087402
1990  6 17     0.62822531
1990  6 18     0.61351797
1990  6 19     0.60357813
1990  6 20     0.56116439
1990  6 21     0.53093987
1990  6 22     0.51209123
1990  6 23     0.49682332
1990  6 24     0.48023188
1990  6 25     0.46402008
1990  6 26     0.44944317
1990  6 27     0.43533040
1990  6 28     0.42128482
1990  6 29     0.40647273
1990  6 30     0.39271278
1990  7  1     0.37950122
1990  7  2     0.54496728
1990  7  3     0.44452431
1990  7  4     0.35332590
1990  7  5     0.34125534
1990  7  6     0.33050068
1990  7  7     0.31907354
1990  7  8     0.30743727
1990  7  9     0.33342837
1990  7 10     0.33576265
1990  7 11     0.30549701
1990  7 12     0.39212035
1990  7 13     0.32328427
1990  7 14     0.25475857
1990  7 15     0.23960962
1990  7 16     0.23132196
1990  7 17     0.22476575
1990  7 18     0.29919500
1990  7 19     0.24804211
1990  7 20     0.20349722
1990  7 21     0.19701092
1990  7 22     0.19114411
1990  7 23     0.18550272
1990  7 24     0.18080283
1990  7 25     0.17696371
1990  7 26     0.17136566
1990  7 27     0.16524615
1990  7 28     0.15977911
1990  7 29     0.15499606
1990  7 30     0.15042446
1990  7 31     0.14598854
1990  8  1     0.14168319
1990  8  2     0.13750515
1990  8  3     0.13345067
1990  8  4     0.12951600
1990  8  5     0.12569761
1990  8  6     0.12199112
1990  8  7     0.25818929
1990  8  8     0.19471046
1990  8  9     0.15073961
1990  8 10     0.12262639
1990  8 11     0.10503744
1990  8 12     0.10193944
1990  8 13     0.10406001
1990  8 14     0.09831322
1990  8 15     0.09318754
1990  8 16     0.09044050
1990  8 17     0.08777453
1990  8 18     0.08518716
1990  8 19     0.08289556
1990  8 20     0.12636318
1990  8 21     0.10884178
1990  8 22     0.08305449
1990  8 23     0.07335051
1990  8 24     0.07118815
1990  8 25     0.06908970
1990  8 26     0.06705311
1990  8 27     0.06507655
1990  8 28     0.06315826
1990  8 29     0.06129651
1990  8 30     0.05948964
1990  8 31     0.05773603
1990  9  1     0.05603412
1990  9  2     0.05438237
1990  9  3     0.05277932
1990  9  4     0.05122351
1990  9  5     0.04971357
1990  9  6     0.04824814
1990  9  7     0.04682590
1990  9  8     0.04544559
1990  9  9     0.04410597
1990  9 10     0.04280583
1990  9 11     0.04154403
1990  9 12     0.04031941
1990  9 13     0.03913089
1990  9 14     0.03797741
1990  9 15     0.03685793
1990  9 16     0.03577145
1990  9 17     0.03474081
1990  9 18     0.03717256
1990  9 19     0.03426668
1990  9 20     0.03173829
1990  9 21     0.03080098
1990  9 22     0.02989305
1990  9 23     0.20739150
1990  9 24     0.38159618
1990  9 25     0.17688455
1990  9 26     0.03770307
1990  9 27     0.02712190
1990  9 28     0.02879099
1990  9 29     0.02629709
1990  9 30     0.02370262
1990 10  1     0.02283603
1990 10  2     0.02216288
1990 10  3     0.02150957
1990 10  4     0.02087553
1990 10  5     0.02026017
1990 10  6     0.01966295
1990 10  7     0.01908333
1990 10  8     0.01852080
1990 10  9     0.01797486
1990 10 10     0.01744500
1990 10 11     0.01693077
1990 10 12     0.01643169
1990 10 13     0.01594732
1990 10 14     0.01547724
1990 10 15     0.01502101
1990 10 16     0.01457822
1990 10 17     0.01414849
1990 10 18     0.12098216
1990 10 19     0.19136156
1990 10 20     0.08765948
1990 10 21     0.02458230
1990 10 22     0.01329940
1990 10 23     0.01182344
1990 10 24     0.01147491
1990 10 25     0.01113666
1990 10 26     0.01080838
1990 10 27     0.01048978
1990 10 28     0.01018056
1990 10 29     0.00988047
1990 10 30     0.00958922
1990 10 31     0.18792040
1990 11  1     0.18148255
1990 11  2     0.08844427
1990 11  3     0.05168352
1990 11  4     0.05136728
1990 11  5     0.04183166
1990 11  6     0.01828110
1990 11  7     0.00951907
1990 11  8     0.00994198
1990 11  9     0.00856255
1990 11 10     0.00727416
1990 11 11     0.00676065
1990 11 12     0.00649914
1990 11 13     0.00630756
1990 11 14     0.00612163
1990 11 15     0.00594118
1990 11 16     0.00576605
1990 11 17     0.00559608
1990 11 18     0.00543112
1990 11 19     0.03505115
1990 11 20     0.04623927
1990 11 21     0.02049586
1990 11 22     0.01512526
1990 11 23     0.01043218
1990 11 24     0.02592387
1990 11 25     0.02669536
1990 11 26     0.26010062
1990 11 27     0.14504144
1990 11 28     0.07561445
1990 11 29     0.03450867
1990 11 30     0.01543223
1990 12  1     0.00822782
1990 12  2     0.00479381
1990 12  3     0.00614750
1990 12  4     0.00742324
1990 12  5     0.00842597
1990 12  6     0.00856922
1990 12  7     0.00937051
1990 12  8     0.01096540
1990 12  9     0.01272963
1990 12 10     0.01034745
1990 12 11     0.25165709
1990 12 12     0.14412431
1990 12 13     0.04291590
1990 12 14     0.01894923
1990 12 15     0.05997529
1990 12 16     0.06848277
1990 12 17     0.04395324
1990 12 18     0.02080198
1990 12 19     0.13317317
1990 12 20     0.09812795
1990 12 21     0.08159411
1990 12 22     0.05223752
1990 12 23     0.02845419
1990 12 24     0.01211033
1990 12 25     0.00558508
1990 12 26     0.00250365
1990 12 27     0.00210976
1990 12 28     0.00204964
1990 12 29     0.00213062
1990 12 30     0.00220332
1990 12 31     0.00199621
1991  1  1     0.00243858
1991  1  2     0.00333898
1991  1  3     0.00370250
1991  1  4     0.01539037
1991  1  5     0.00929988
1991  1  6     0.00796344
1991  1  7     0.03702531
1991  1  8     0.03460223
1991  1  9     0.02839451
1991  1 10     0.02127237
1991  1 11     0.00841508
1991  1 12     0.00924584
1991  1 13     0.01418449
1991  1 14     0.01735828
1991  1 15     0.01819220
1991  1 16     0.01001477
1991  1 17     0.01516659
1991  1 18     0.02418934
1991  1 19     0.01762720
1991  1 20     0.00942651
1991  1 21     0.00448427
1991  1 22     0.00380704
1991  1 23     0.00524927
1991  1 24     0.00564132
1991  1 25     0.00361875
1991  1 26     0.00411986
1991  1 27     0.00373350
1991  1 28     0.00355167
1991  1 29     0.00438027
1991  1 30     0.00797015
1991  1 31     0.01148944
1991  2  1     0.01294308
1991  2  2     0.22435203
1991  2  3     0.27201096
1991  2  4     0.17285516
1991  2  5     1.16095969
1991  2  6     0.56863094
1991  2  7     0.15077157
1991  2  8     0.08841659
1991  2  9     0.06666023
1991  2 10     0.05378079
1991  2 11     0.05717487
1991  2 12     0.04649053
1991  2 13     0.03801702
1991  2 14     0.05216619
1991  2 15     0.08402798
1991  2 16     0.07731356
1991  2 17     0.03205311
1991  2 18     0.00786070
1991  2 19     0.00687518
1991  2 20     0.03309830
1991  2 21     0.04867563
1991  2 22     0.05139339
1991  2 23     0.03242429
1991  2 24     0.02152890
1991  2 25     0.01830972
1991  2 26     0.03659180
1991  2 27     0.04904584
1991  2 28     0.58429471
1991  3  1     1.09784005
1991  3  2     0.87323346
1991  3  3     1.18149678
1991  3  4     2.78316521
1991  3  5     3.01806658
1991  3  6     1.15857811
1991  3  7     0.66076022
1991  3  8     0.51139237
1991  3  9     0.43923578
1991  3 10     0.67360857
1991  3 11     1.74944911
1991  3 12     0.91146158
1991  3 13     1.89048911
1991  3 14     0.92875474
1991  3 15     0.80686563
1991  3 16     0.53523996
1991  3 17     0.45922666
1991  3 18     1.77477531
1991  3 19     1.29119191
1991  3 20     1.06674446
1991  3 21     0.64040334
1991  3 22     0.64831854
1991  3 23     0.52882789
1991  3 24     2.52105367
1991  3 25     5.00328969
1991  3 26     2.12759221
1991  3 27     1.45283414
1991  3 28     1.04101324
1991  3 29     1.05075370
1991  3 30     1.04458700
1991  3 31     1.29539912
1991  4  1     2.31658825
1991  4  2     1.46475256
1991  4  3     1.31047450
1991  4  4     1.61085806
1991  4  5     2.08926646
1991  4  6     2.53108641
1991  4  7     1.77455447
1991  4  8     1.42040117
1991  4  9     1.58378646
1991  4 10     1.50636607
1991  4 11     1.28053123
1991  4 12     1.19188963
1991  4 13     1.32480129
1991  4 14     1.73197187
1991  4 15     1.60349476
1991  4 16     1.29571523
1991  4 17     1.18968503
1991  4 18     1.14261309
1991  4 19     1.20715287
1991  4 20     1.87481387
1991  4 21     2.17289151
1991  4 22     2.05823650
1991  4 23     1.75445166
1991  4 24     2.22212655
1991  4 25     2.04617124
1991  4 26     1.98041968
1991  4 27     1.69845073
1991  4 28     1.96124693
1991  4 29     2.65091556
1991  4 30     2.88387084
1991  5  1     2.39647665
1991  5  2     1.86421382
1991  5  3     1.63241224
1991  5  4     1.93748935
1991  5  5     2.67447647
1991  5  6     3.23356563
1991  5  7     3.33793033
1991  5  8     3.14391626
1991  5  9     2.25704227
1991  5 10     1.76616474
1991  5 11     1.61774422
1991  5 12     1.83521102
1991  5 13     2.20817707
1991  5 14     2.68999568
1991  5 15     2.79468727
1991  5 16     3.07642695
1991  5 17     2.99355141
1991  5 18     3.05745237
1991  5 19     2.21462840
1991  5 20     1.89238633
1991  5 21     2.22349206
1991  5 22     2.96167131
1991  5 23     3.79412362
1991  5 24     4.28075224
1991  5 25     4.31299172
1991  5 26     3.79663638
1991  5 27     3.64763562
1991  5 28     3.64144915
1991  5 29     3.39236900
1991  5 30     3.38492646
1991  5 31     2.80078634
1991  6  1     2.99722238
1991  6  2     3.85580467
1991  6  3     4.24474649
1991  6  4     4.05761782
1991  6  5     3.54913863
1991  6  6     3.20118426
1991  6  7     3.00696086
1991  6  8     3.08750007
1991  6  9     2.97721781
1991  6 10     3.00468060
1991  6 11     2.77537977
1991  6 12     2.18326882
1991  6 13     1.68941370
1991  6 14     1.44393320
1991  6 15     1.30220059
1991  6 16     1.19339128
1991  6 17     1.10714989
1991  6 18     1.03589449
1991  6 19     0.97802107
1991  6 20     0.92834713
1991  6 21     0.88225739
1991  6 22     0.84100826
1991  6 23     0.80356850
1991  6 24     0.77019913
1991  6 25     0.73911197
1991  6 26     0.71609686
1991  6 27     0.70063162
1991  6 28     1.00819872
1991  6 29     1.32061105
1991  6 30     1.00711228
1991  7  1     0.72509686
1991  7  2     0.60202649
1991  7  3     0.56217823
1991  7  4     0.53915825
1991  7  5     0.51936807
1991  7  6     0.50193387
1991  7  7     0.48595112
1991  7  8     0.47068153
1991  7  9     0.45625859
1991  7 10     0.44285751
1991  7 11     0.42866749
1991  7 12     0.41302711
1991  7 13     0.39946201
1991  7 14     0.38827159
1991  7 15     0.37742380
1991  7 16     0.36609944
1991  7 17     0.35507441
1991  7 18     0.34392625
1991  7 19     0.55665681
1991  7 20     0.51406234
1991  7 21     0.35028181
1991  7 22     0.40988027
1991  7 23     0.34226757
1991  7 24     0.28451666
1991  7 25     0.27281409
1991  7 26     0.26493627
1991  7 27     0.28180672
1991  7 28     0.26286896
1991  7 29     0.24014548
1991  7 30     0.22972492
1991  7 31     0.22261400
1991  8  1     0.21613461
1991  8  2     0.21046230
1991  8  3     0.20474474
1991  8  4     0.19847230
1991  8  5     0.19584301
1991  8  6     0.18890434
1991  8  7     0.18217593
1991  8  8     0.17573742
1991  8  9     0.17006238
1991  8 10     0.16499499
1991  8 11     0.16013017
1991  8 12     0.15540914
1991  8 13     0.32451672
1991  8 14     0.23844519
1991  8 15     0.15227139
1991  8 16     0.13996958
1991  8 17     0.13381240
1991  8 18     0.26294493
1991  8 19     0.32457987
1991  8 20     0.18729978
1991  8 21     0.12009962
1991  8 22     0.11625930
1991  8 23     0.11252191
1991  8 24     0.10901458
1991  8 25     0.10568189
1991  8 26     0.10248916
1991  8 27     0.09941556
1991  8 28     0.09644931
1991  8 29     0.09357930
1991  8 30     0.09079984
1991  8 31     0.08810720
1991  9  1     0.08549733
1991  9  2     0.08296644
1991  9  3     0.08051173
1991  9  4     0.07813117
1991  9  5     0.07582221
1991  9  6     0.07464780
1991  9  7     0.19808837
1991  9  8     0.12115672
1991  9  9     0.06749474
1991  9 10     0.08931395
1991  9 11     0.10842686
1991  9 12     0.07630067
1991  9 13     0.05966312
1991  9 14     0.05790234
1991  9 15     0.05619409
1991  9 16     0.05453621
1991  9 17     0.05292708
1991  9 18     0.05136542
1991  9 19     0.04985080
1991  9 20     0.04838130
1991  9 21     0.04695514
1991  9 22     0.04557102
1991  9 23     0.04422770
1991  9 24     0.04292398
1991  9 25     0.04165868
1991  9 26     0.04043069
1991  9 27     0.03923889
1991  9 28     0.03808223
1991  9 29     0.03695966
1991  9 30     0.03587018
1991 10  1     0.03481282
1991 10  2     0.03378662
1991 10  3     0.03279068
1991 10  4     0.03182409
1991 10  5     0.03088599
1991 10  6     0.02997555
1991 10  7     0.02909195
1991 10  8     0.02823439
1991 10  9     0.02740211
1991 10 10     0.02659436
1991 10 11     0.02581043
1991 10 12     0.02504960
1991 10 13     0.02431120
1991 10 14     0.02359457
1991 10 15     0.02289906
1991 10 16     0.02222405
1991 10 17     0.02156894
1991 10 18     0.02093314
1991 10 19     0.02031608
1991 10 20     0.01971722
1991 10 21     0.01913600
1991 10 22     0.01857192
1991 10 23     0.04151640
1991 10 24     0.02790014
1991 10 25     0.02980044
1991 10 26     3.33058247
1991 10 27     2.06935393
1991 10 28     0.81409911
1991 10 29     0.47325524
1991 10 30     0.30658984
1991 10 31     0.18016081
1991 11  1     0.10893941
1991 11  2     0.12671503
1991 11  3     0.16675214
1991 11  4     0.19153797
1991 11  5     0.22678373
1991 11  6     0.26592499
1991 11  7     0.31385104
1991 11  8     0.33528016
1991 11  9     0.44984664
1991 11 10     0.28801548
1991 11 11     0.15111436
1991 11 12     0.12242600
1991 11 13     0.10707305
1991 11 14     0.11342753
1991 11 15     0.08013134
1991 11 16     0.06579786
1991 11 17     1.14491662
1991 11 18     0.89302221
1991 11 19     0.44759933
1991 11 20     0.30179424
1991 11 21     0.23492357
1991 11 22     0.15567915
1991 11 23     0.12533641
1991 11 24     0.11870083
1991 11 25     0.12921471
1991 11 26     0.13110088
1991 11 27     0.49803189
1991 11 28     0.29727665
1991 11 29     0.18659143
1991 11 30     0.15390953
1991 12  1     0.12391475
1991 12  2     0.10588884
1991 12  3     0.09624783
1991 12  4     0.09247896
1991 12  5     0.08904381
1991 12  6     0.09185428
1991 12  7     1.41446939
1991 12  8     0.83051259
1991 12  9     0.39533053
1991 12 10     0.30157466
1991 12 11     0.23851890
1991 12 12     0.20028658
1991 12 13     0.17662041
1991 12 14     0.16545710
1991 12 15     0.15613887
1991 12 16     0.14849327
1991 12 17     0.13893575
1991 12 18     1.31949482
1991 12 19     0.92807062
1991 12 20     0.49623260
1991 12 21     0.38581348
1991 12 22     0.30592916
1991 12 23     0.25915397
1991 12 24     0.22859007
1991 12 25     0.20963268
1991 12 26     0.19595796
1991 12 27     0.19575142
1991 12 28     1.07607334
1991 12 29     1.43044606
1991 12 30     0.66719609
1991 12 31     0.47156491
1992  1  1     0.37863796
1992  1  2     0.31919508
1992  1  3     0.28381358
1992  1  4     0.28587412
1992  1  5     1.86805459
1992  1  6     0.95495795
1992  1  7     0.99104478
1992  1  8     0.59173918
1992  1  9     0.44923557
1992  1 10     0.37279440
1992  1 11     0.32496259
1992  1 12     0.29552775
1992  1 13     0.27603211
1992  1 14     0.26310514
1992  1 15     0.25419522
1992  1 16     0.25025622
1992  1 17     0.24629255
1992  1 18     0.23735349
1992  1 19     0.23436138
1992  1 20     0.22515551
1992  1 21     0.22063250
1992  1 22     0.21784340
1992  1 23     0.21565602
1992  1 24     0.21348942
1992  1 25     0.21649935
1992  1 26     0.21644231
1992  1 27     0.22062466
1992  1 28     0.40388247
1992  1 29     0.32890461
1992  1 30     0.30947249
1992  1 31     0.32567018
1992  2  1     0.58303031
1992  2  2     0.45445411
1992  2  3     0.32642492
1992  2  4     0.29363836
1992  2  5     0.30173008
1992  2  6     0.29983600
1992  2  7     0.42261557
1992  2  8     0.54415637
1992  2  9     0.38045140
1992  2 10     1.05805154
1992  2 11     1.83886736
1992  2 12     2.06266977
1992  2 13     2.21511563
1992  2 14     1.11656389
1992  2 15     4.39077588
1992  2 16     2.53022730
1992  2 17     1.61258156
1992  2 18     1.07006249
1992  2 19     1.07931614
1992  2 20     3.86755595
1992  2 21     2.12721250
1992  2 22     2.81931264
1992  2 23     1.91902773
1992  2 24     1.52588486
1992  2 25     1.49670077
1992  2 26     1.61949544
1992  2 27     1.65256305
1992  2 28     1.65362956
1992  2 29     1.64728061
1992  3  1     1.66078125
1992  3  2     1.44634761
1992  3  3     1.37576089
1992  3  4     1.36574346
1992  3  5     1.79329687
1992  3  6     5.94883824
1992  3  7     2.88290312
1992  3  8     2.26211633
1992  3  9     1.68182264
1992  3 10     1.55096357
1992  3 11     1.63193850
1992  3 12     1.76328372
1992  3 13     1.97072609
1992  3 14     2.13828765
1992  3 15     2.58851151
1992  3 16     3.22324221
1992  3 17     2.44703106
1992  3 18     1.85011209
1992  3 19     1.72970850
1992  3 20     1.77951378
1992  3 21     1.55960730
1992  3 22     1.79732502
1992  3 23     1.85786089
1992  3 24     1.67139603
1992  3 25     1.96739149
1992  3 26     4.22298266
1992  3 27     2.88844888
1992  3 28     2.41633902
1992  3 29     2.25751503
1992  3 30     2.15957505
1992  3 31     2.47264868
1992  4  1     2.67433870
1992  4  2     2.91038966
1992  4  3     3.11115995
1992  4  4     3.02458402
1992  4  5     2.47435945
1992  4  6     2.12812638
1992  4  7     2.19627133
1992  4  8     2.36066836
1992  4  9     2.47109178
1992  4 10     2.65295883
1992  4 11     2.77459169
1992  4 12     2.76676232
1992  4 13     3.50405289
1992  4 14     2.89455998
1992  4 15     2.51343517
1992  4 16     2.32179931
1992  4 17     2.94579846
1992  4 18     2.45857522
1992  4 19     2.13141107
1992  4 20     2.46236924
1992  4 21     2.44664011
1992  4 22     2.07374072
1992  4 23     1.89552518
1992  4 24     1.90271667
1992  4 25     2.15330407
1992  4 26     2.44368282
1992  4 27     2.50262530
1992  4 28     2.59317077
1992  4 29     2.66181965
1992  4 30     2.22120978
1992  5  1     1.85756347
1992  5  2     1.73908502
1992  5  3     2.04300190
1992  5  4     2.32842640
1992  5  5     2.30450847
1992  5  6     2.10020459
1992  5  7     2.10916742
1992  5  8     1.76747861
1992  5  9     1.35980555
1992  5 10     1.14755384
1992  5 11     1.02477998
1992  5 12     0.93341180
1992  5 13     0.86639347
1992  5 14     0.81338453
1992  5 15     0.76897059
1992  5 16     0.73014418
1992  5 17     0.76318855
1992  5 18     0.69810935
1992  5 19     0.64706107
1992  5 20     0.61929951
1992  5 21     0.59495031
1992  5 22     0.56769195
1992  5 23     0.54176688
1992  5 24     0.51949564
1992  5 25     0.50062980
1992  5 26     0.48880477
1992  5 27     0.46899317
1992  5 28     0.44986239
1992  5 29     0.43466897
1992  5 30     0.41937009
1992  5 31     0.40303979
1992  6  1     0.38782160
1992  6  2     0.37472672
1992  6  3     0.36166333
1992  6  4     0.34879313
1992  6  5     0.33771416
1992  6  6     0.38272769
1992  6  7     0.35635993
1992  6  8     0.33461372
1992  6  9     0.31070207
1992  6 10     0.29165269
1992  6 11     0.28543979
1992  6 12     0.28639165
1992  6 13     0.27930414
1992  6 14     0.34687234
1992  6 15     0.50557692
1992  6 16     0.41701947
1992  6 17     0.27843228
1992  6 18     0.26368765
1992  6 19     0.24656923
1992  6 20     0.21947222
1992  6 21     0.27475880
1992  6 22     0.24465921
1992  6 23     0.22529515
1992  6 24     0.21680455
1992  6 25     0.22087480
1992  6 26     0.19866539
1992  6 27     0.17446566
1992  6 28     0.21059181
1992  6 29     0.35687513
1992  6 30     0.74204402
1992  7  1     0.42787637
1992  7  2     0.21417411
1992  7  3     0.16677181
1992  7  4     0.14661574
1992  7  5     0.14231049
1992  7  6     0.13667810
1992  7  7     0.13029404
1992  7  8     0.12352224
1992  7  9     0.11932478
1992  7 10     0.11561762
1992  7 11     1.13082374
1992  7 12     2.21136619
1992  7 13     1.46215956
1992  7 14     0.73936741
1992  7 15     0.54195066
1992  7 16     0.47167551
1992  7 17     0.45993669
1992  7 18     0.33992507
1992  7 19     0.28440111
1992  7 20     0.26044270
1992  7 21     0.23624432
1992  7 22     0.21736397
1992  7 23     0.20375665
1992  7 24     0.19027862
1992  7 25     0.17843853
1992  7 26     0.16904827
1992  7 27     0.15884067
1992  7 28     0.15073791
1992  7 29     0.14409978
1992  7 30     0.13798688
1992  7 31     0.13245684
1992  8  1     0.12736474
1992  8  2     0.12253900
1992  8  3     0.11804436
1992  8  4     0.11379951
1992  8  5     0.10978951
1992  8  6     0.10598323
1992  8  7     0.10239147
1992  8  8     0.09893612
1992  8  9     0.09564862
1992  8 10     0.11587142
1992  8 11     0.31154424
1992  8 12     0.17592135
1992  8 13     0.08646836
1992  8 14     0.10851340
1992  8 15     0.31248678
1992  8 16     0.17075499
1992  8 17     0.07566895
1992  8 18     0.07329208
1992  8 19     0.07088379
1992  8 20     0.06864402
1992  8 21     0.06652709
1992  8 22     0.06450366
1992  8 23     0.06255806
1992  8 24     0.06068105
1992  8 25     0.05886728
1992  8 26     0.05711219
1992  8 27     0.06078364
1992  8 28     0.05602308
1992  8 29     0.07596184
1992  8 30     0.29504024
1992  8 31     0.15989134
1992  9  1     0.05314924
1992  9  2     0.05030799
1992  9  3     0.05437817
1992  9  4     0.05272787
1992  9  5     0.04486471
1992  9  6     0.04116868
1992  9  7     0.03992230
1992  9  8     0.03872257
1992  9  9     0.03756496
1992  9 10     0.03644574
1992  9 11     0.03536199
1992  9 12     0.03431102
1992  9 13     0.03329377
1992  9 14     0.03230801
1992  9 15     0.03135322
1992  9 16     0.03042464
1992  9 17     0.03200743
1992  9 18     0.05151848
1992  9 19     0.03792654
1992  9 20     0.02698492
1992  9 21     0.02618675
1992  9 22     0.02541317
1992  9 23     0.02466166
1992  9 24     0.02393389
1992  9 25     0.02322819
1992  9 26     0.02254342
1992  9 27     0.02187890
1992  9 28     0.02123396
1992  9 29     0.02060804
1992  9 30     0.02000056
1992 10  1     0.01941100
1992 10  2     0.13386480
1992 10  3     0.06767624
1992 10  4     0.01774767
1992 10  5     0.01722147
1992 10  6     0.01671382
1992 10  7     0.01622114
1992 10  8     0.01574298
1992 10  9     0.01527892
1992 10 10     0.01482853
1992 10 11     0.01439143
1992 10 12     0.01396720
1992 10 13     0.01355548
1992 10 14     0.01315590
1992 10 15     0.01276810
1992 10 16     0.01239173
1992 10 17     0.01202645
1992 10 18     0.01167194
1992 10 19     0.01132788
1992 10 20     0.01132670
1992 10 21     0.47942958
1992 10 22     0.27703025
1992 10 23     0.06841783
1992 10 24     0.03360247
1992 10 25     0.01549748
1992 10 26     0.00946645
1992 10 27     0.00891839
1992 10 28     0.11611887
1992 10 29     1.48899051
1992 10 30     1.71135485
1992 10 31     1.30856425
1992 11  1     0.76522215
1992 11  2     0.38659299
1992 11  3     0.24875648
1992 11  4     0.15790713
1992 11  5     0.13947649
1992 11  6     0.13247863
1992 11  7     0.15362268
1992 11  8     0.16133783
1992 11  9     0.09530122
1992 11 10     0.06799838
1992 11 11     0.05881145
1992 11 12     0.05435774
1992 11 13     0.07801240
1992 11 14     0.09620618
1992 11 15     0.10060838
1992 11 16     0.07568962
1992 11 17     0.06271527
1992 11 18     0.04870897
1992 11 19     0.15626588
1992 11 20     0.08466041
1992 11 21     0.05487663
1992 11 22     0.23598032
1992 11 23     0.13539030
1992 11 24     0.07472902
1992 11 25     0.05665326
1992 11 26     0.04248305
1992 11 27     0.21433113
1992 11 28     0.11840071
1992 11 29     0.05324773
1992 11 30     0.04909588
1992 12  1     0.03944362
1992 12  2     0.03524970
1992 12  3     0.04362596
1992 12  4     0.03112676
1992 12  5     0.02893137
1992 12  6     0.04627050
1992 12  7     0.87809979
1992 12  8     0.55635951
1992 12  9     4.60190025
1992 12 10     2.74299440
1992 12 11     3.76791545
1992 12 12     2.45591135
1992 12 13     1.15553335
1992 12 14     0.82731720
1992 12 15     0.66187648
1992 12 16     0.55406460
1992 12 17     0.88660047
1992 12 18     0.60788638
1992 12 19     0.50471227
1992 12 20     0.44941220
1992 12 21     0.40691024
1992 12 22     0.37814056
1992 12 23     0.35844455
1992 12 24     0.34518332
1992 12 25     0.33524086
1992 12 26     0.32283904
1992 12 27     0.96337804
1992 12 28     1.13247301
1992 12 29     3.96584516
1992 12 30     2.36386885
1992 12 31     1.04177224
1993  1  1     2.41116935
1993  1  2     1.07618026
1993  1  3     0.73060702
1993  1  4     0.61340432
1993  1  5     0.53154452
1993  1  6     1.38239239
1993  1  7     8.86794954
1993  1  8     5.67860585
1993  1  9     3.64156146
1993  1 10     2.43633860
1993  1 11     1.45660610
1993  1 12     1.56806251
1993  1 13     7.37364351
1993  1 14     6.68192015
1993  1 15     2.80811922
1993  1 16     3.40272055
1993  1 17     6.49638164
1993  1 18     6.77120441
1993  1 19     3.21993062
1993  1 20     5.24288984
1993  1 21     9.08860738
1993  1 22     8.67976522
1993  1 23     3.79873071
1993  1 24     2.76957263
1993  1 25     2.54611904
1993  1 26     2.39793115
1993  1 27     2.27231858
1993  1 28     2.19264167
1993  1 29     2.09774778
1993  1 30     2.01688794
1993  1 31     1.93090123
1993  2  1     1.86808421
1993  2  2     1.84702119
1993  2  3     1.84536285
1993  2  4     1.86692531
1993  2  5     2.35098378
1993  2  6     2.32360251
1993  2  7     2.03208426
1993  2  8     3.63513877
1993  2  9     7.48272146
1993  2 10     4.54724984
1993  2 11     3.79266297
1993  2 12     2.77117904
1993  2 13     2.35810475
1993  2 14     2.18220174
1993  2 15     2.06353486
1993  2 16     2.14875701
1993  2 17     3.12706128
1993  2 18     3.55522876
1993  2 19     5.54240791
1993  2 20     7.47328846
1993  2 21     4.91465881
1993  2 22     3.04942735
1993  2 23     3.94792345
1993  2 24     5.79477812
1993  2 25     3.36455796
1993  2 26     3.05765414
1993  2 27     2.46841140
1993  2 28     2.28957012
1993  3  1     2.17609201
1993  3  2     2.17123614
1993  3  3     2.29448104
1993  3  4     2.17564563
1993  3  5     2.22232610
1993  3  6     2.32947819
1993  3  7     2.44035932
1993  3  8     2.54485509
1993  3  9     2.60383611
1993  3 10     2.61671345
1993  3 11     2.65858078
1993  3 12     2.65931364
1993  3 13     3.09272509
1993  3 14     3.46859125
1993  3 15     3.28243459
1993  3 16     2.92208126
1993  3 17     9.67623678
1993  3 18     6.83024608
1993  3 19     4.28508763
1993  3 20     4.04376162
1993  3 21     4.09745630
1993  3 22     4.21283577
1993  3 23     8.25741015
1993  3 24    14.00366167
1993  3 25    14.88915885
1993  3 26     9.95669412
1993  3 27     6.11809021
1993  3 28     6.25826272
1993  3 29     4.74560357
1993  3 30     4.43893313
1993  3 31     5.04599672
1993  4  1    11.89048830
1993  4  2     6.84274686
1993  4  3     5.11563664
1993  4  4     6.73495529
1993  4  5     5.39843265
1993  4  6     4.34861843
1993  4  7     4.28227666
1993  4  8     4.73222374
1993  4  9     5.19174970
1993  4 10     4.84076423
1993  4 11     4.11003832
1993  4 12     3.71684064
1993  4 13     3.68253853
1993  4 14     3.69459610
1993  4 15     4.01123883
1993  4 16     3.81983040
1993  4 17     4.29817046
1993  4 18     5.14392999
1993  4 19     4.33484376
1993  4 20     4.32458145
1993  4 21     4.93375871
1993  4 22     4.81297302
1993  4 23     3.90077028
1993  4 24     4.88163307
1993  4 25     4.55782586
1993  4 26     4.25657232
1993  4 27     4.76542133
1993  4 28     5.54635986
1993  4 29     6.49678506
1993  4 30     7.32124597
1993  5  1     7.43182936
1993  5  2     7.06362124
1993  5  3     7.74549306
1993  5  4     6.79184704
1993  5  5     5.32753765
1993  5  6     5.42940492
1993  5  7     5.24161294
1993  5  8     5.33754870
1993  5  9     5.94879307
1993  5 10     7.14847231
1993  5 11     8.46569517
1993  5 12     7.47903655
1993  5 13     6.15939435
1993  5 14     6.57766313
1993  5 15     7.12991400
1993  5 16     7.09808374
1993  5 17     7.58303948
1993  5 18     8.28649385
1993  5 19     8.24817740
1993  5 20     8.11056140
1993  5 21     7.85280118
1993  5 22     7.94795433
1993  5 23     7.81561164
1993  5 24     8.36536140
1993  5 25     9.67309969
1993  5 26     8.58957478
1993  5 27     7.32231828
1993  5 28     6.43775171
1993  5 29     6.19671230
1993  5 30     7.01443411
1993  5 31    12.74971490
1993  6  1     9.50704488
1993  6  2     6.70749805
1993  6  3     5.50786612
1993  6  4     5.46585264
1993  6  5     8.22231119
1993  6  6     6.35265647
1993  6  7     6.00262468
1993  6  8     4.80733313
1993  6  9     4.71273203
1993  6 10     5.52707453
1993  6 11     5.47216739
1993  6 12     5.07342501
1993  6 13     5.17561178
1993  6 14     5.78345509
1993  6 15     6.11633745
1993  6 16     5.82218098
1993  6 17     5.47587020
1993  6 18     5.29916574
1993  6 19     5.34467513
1993  6 20     5.40887626
1993  6 21     5.37811833
1993  6 22     4.29330160
1993  6 23     3.57902123
1993  6 24     3.54518035
1993  6 25     3.67169793
1993  6 26     3.85904577
1993  6 27     3.87558950
1993  6 28     3.69662644
1993  6 29     3.10501422
1993  6 30     2.62961096
1993  7  1     2.34291038
1993  7  2     2.00017626
1993  7  3     1.78388448
1993  7  4     1.65229212
1993  7  5     1.54274010
1993  7  6     1.45350847
1993  7  7     1.37918653
1993  7  8     1.31433316
1993  7  9     1.25607261
1993  7 10     1.20380755
1993  7 11     1.15514516
1993  7 12     1.11006580
1993  7 13     1.07140830
1993  7 14     1.03440071
1993  7 15     1.00021940
1993  7 16     0.96801678
1993  7 17     0.93445892
1993  7 18     0.89986465
1993  7 19     0.86877530
1993  7 20     0.84223667
1993  7 21     0.81713139
1993  7 22     0.79038563
1993  7 23     0.76303587
1993  7 24     0.73801804
1993  7 25     0.71294226
1993  7 26     0.69251172
1993  7 27     0.67094228
1993  7 28     0.64958132
1993  7 29     0.63067139
1993  7 30     0.61365325
1993  7 31     0.58962650
1993  8  1     0.58626931
1993  8  2     0.55078200
1993  8  3     0.52419162
1993  8  4     0.51074094
1993  8  5     0.49501985
1993  8  6     0.48026500
1993  8  7     0.46864446
1993  8  8     0.45911343
1993  8  9     0.44281126
1993  8 10     0.42777385
1993  8 11     0.42041863
1993  8 12     0.41216766
1993  8 13     0.39878981
1993  8 14     0.38436116
1993  8 15     0.37414290
1993  8 16     0.36605528
1993  8 17     0.35087266
1993  8 18     0.33793575
1993  8 19     0.32627308
1993  8 20     0.32266099
1993  8 21     0.31117908
1993  8 22     0.29705937
1993  8 23     0.28535031
1993  8 24     0.27657755
1993  8 25     0.26878083
1993  8 26     0.26144697
1993  8 27     0.25297408
1993  8 28     0.24537653
1993  8 29     0.23814279
1993  8 30     0.23112242
1993  8 31     0.22434635
1993  9  1     0.21788305
1993  9  2     0.21130879
1993  9  3     0.20505078
1993  9  4     0.19900723
1993  9  5     0.19314036
1993  9  6     0.18744625
1993  9  7     0.18192051
1993  9  8     0.17655816
1993  9  9     0.17135340
1993  9 10     0.16630221
1993  9 11     0.16139989
1993  9 12     0.15664238
1993  9 13     0.15202473
1993  9 14     0.14754350
1993  9 15     0.14319435
1993  9 16     0.13965631
1993  9 17     0.13729318
1993  9 18     0.13526500
1993  9 19     0.12937001
1993  9 20     0.12357016
1993  9 21     0.11966249
1993  9 22     0.11613514
1993  9 23     0.11294430
1993  9 24     0.10942741
1993  9 25     0.10616478
1993  9 26     0.10303530
1993  9 27     0.09999808
1993  9 28     0.09705039
1993  9 29     0.09418958
1993  9 30     0.09141311
1993 10  1     0.08871848
1993 10  2     0.08610328
1993 10  3     0.08356516
1993 10  4     0.08110187
1993 10  5     0.18773451
1993 10  6     0.26685266
1993 10  7     0.13734942
1993 10  8     0.07195521
1993 10  9     0.06983316
1993 10 10     0.06777442
1993 10 11     0.12408007
1993 10 12     0.09833996
1993 10 13     0.06649421
1993 10 14     0.06538331
1993 10 15     0.96771306
1993 10 16     0.87139741
1993 10 17     0.31080312
1993 10 18     0.16948952
1993 10 19     0.09918714
1993 10 20     0.06785498
1993 10 21     0.05176000
1993 10 22     0.04797883
1993 10 23     0.04612402
1993 10 24     0.04459835
1993 10 25     0.04326618
1993 10 26     0.04199080
1993 10 27     0.04075301
1993 10 28     0.03955172
1993 10 29     0.03838583
1993 10 30     0.03725431
1993 10 31     0.03615615
1993 11  1     0.03509035
1993 11  2     0.03409340
1993 11  3     0.03305934
1993 11  4     0.03207780
1993 11  5     0.03113222
1993 11  6     0.03021452
1993 11  7     0.02932387
1993 11  8     0.02864811
1993 11  9     0.02771627
1993 11 10     0.02702732
1993 11 11     0.03309925
1993 11 12     0.37564826
1993 11 13     0.19655925
1993 11 14     0.10423498
1993 11 15     0.06126856
1993 11 16     0.03937155
1993 11 17     0.03054293
1993 11 18     0.02561303
1993 11 19     0.02483720
1993 11 20     0.02456084
1993 11 21     0.02380469
1993 11 22     0.12792237
1993 11 23     0.06134569
1993 11 24     0.02939372
1993 11 25     0.02441774
1993 11 26     0.02069576
1993 11 27     0.02167808
1993 11 28     0.07576266
1993 11 29     0.13220070
1993 11 30     0.65071204
1993 12  1     0.29905405
1993 12  2     0.13627185
1993 12  3     0.07473475
1993 12  4     0.04217385
1993 12  5     0.02857975
1993 12  6     0.02212331
1993 12  7     0.01790155
1993 12  8     0.02832961
1993 12  9     0.33299250
1993 12 10     0.17639817
1993 12 11     1.03804046
1993 12 12     0.76009575
1993 12 13     0.32062774
1993 12 14     0.44162042
1993 12 15     0.35956705
1993 12 16     0.22187878
1993 12 17     0.13725819
1993 12 18     0.08201016
1993 12 19     0.04749797
1993 12 20     0.03145910
1993 12 21     0.02340666
1993 12 22     0.01824376
1993 12 23     0.01677749
1993 12 24     0.01630733
1993 12 25     0.01555625
1993 12 26     0.01616904
1993 12 27     0.07286573
1993 12 28     0.03943581
1993 12 29     0.02878101
1993 12 30     0.02030213
1993 12 31     0.01581590
1994  1  1     0.01446208
1994  1  2     0.01345562
1994  1  3     0.01313844
1994  1  4     0.40720086
1994  1  5     0.52214283
1994  1  6     0.19451779
1994  1  7     0.08809123
1994  1  8     0.04895362
1994  1  9     0.02938062
1994  1 10     0.02058346
1994  1 11     0.01516755
1994  1 12     0.01484131
1994  1 13     0.01901197
1994  1 14     0.02076148
1994  1 15     0.02319043
1994  1 16     0.02681088
1994  1 17     0.02885899
1994  1 18     0.03902855
1994  1 19     0.04451966
1994  1 20     0.04006230
1994  1 21     0.04409425
1994  1 22     0.04691565
1994  1 23     1.02173402
1994  1 24     0.82216456
1994  1 25     0.57774427
1994  1 26     0.53912863
1994  1 27     0.29595893
1994  1 28     0.17845495
1994  1 29     0.11091838
1994  1 30     0.07307204
1994  1 31     0.05821136
1994  2  1     0.04929226
1994  2  2     0.04529363
1994  2  3     0.04319645
1994  2  4     0.04104827
1994  2  5     0.04046585
1994  2  6     0.12136047
1994  2  7     1.16345512
1994  2  8     1.45406291
1994  2  9     0.54317182
1994  2 10     0.60939877
1994  2 11     0.82857937
1994  2 12     0.39956476
1994  2 13     0.28493369
1994  2 14     0.25665326
1994  2 15     0.24418905
1994  2 16     0.23838702
1994  2 17     3.18223939
1994  2 18     3.52445143
1994  2 19     1.24672273
1994  2 20     1.26849265
1994  2 21     1.56556837
1994  2 22     1.09150572
1994  2 23     0.72852064
1994  2 24     0.65879414
1994  2 25     0.69157757
1994  2 26     0.98423874
1994  2 27     1.55477891
1994  2 28     1.12221107
1994  3  1     0.98850211
1994  3  2     1.09311385
1994  3  3     1.19200077
1994  3  4     1.14025984
1994  3  5     2.91653150
1994  3  6     2.45151244
1994  3  7     1.48675715
1994  3  8     1.30306213
1994  3  9     1.31917328
1994  3 10     1.32737508
1994  3 11     1.15166663
1994  3 12     1.17920709
1994  3 13     1.48580796
1994  3 14     1.70025112
1994  3 15     1.94609804
1994  3 16     2.08495638
1994  3 17     1.65645261
1994  3 18     1.53906133
1994  3 19     1.48341364
1994  3 20     1.43624427
1994  3 21     1.39943983
1994  3 22     1.11523164
1994  3 23     0.95961060
1994  3 24     0.88343601
1994  3 25     0.92746615
1994  3 26     0.98967394
1994  3 27     1.23903738
1994  3 28     1.14249958
1994  3 29     1.19131203
1994  3 30     1.33299511
1994  3 31     1.24273742
1994  4  1     1.30490774
1994  4  2     1.46692328
1994  4  3     2.77034481
1994  4  4     1.94357060
1994  4  5     1.31256619
1994  4  6     1.42315547
1994  4  7     1.12706819
1994  4  8     1.05570649
1994  4  9     1.36819142
1994  4 10     1.07520113
1994  4 11     0.99084192
1994  4 12     1.46331409
1994  4 13     1.61555867
1994  4 14     1.99466282
1994  4 15     2.42098621
1994  4 16     2.48795644
1994  4 17     2.53136423
1994  4 18     2.52087181
1994  4 19     2.32390960
1994  4 20     2.09058875
1994  4 21     1.94167894
1994  4 22     1.59581173
1994  4 23     1.66101676
1994  4 24     1.39475632
1994  4 25     2.33381629
1994  4 26     2.60923051
1994  4 27     1.40394113
1994  4 28     1.13847152
1994  4 29     1.15549359
1994  4 30     1.70180484
1994  5  1     2.29508043
1994  5  2     2.23567835
1994  5  3     2.06409232
1994  5  4     1.91363590
1994  5  5     1.85278559
1994  5  6     3.18891735
1994  5  7     3.99648250
1994  5  8     3.30268305
1994  5  9     2.82965547
1994  5 10     2.78246032
1994  5 11     2.99365683
1994  5 12     3.00723292
1994  5 13     2.76092965
1994  5 14     2.29209208
1994  5 15     1.86841563
1994  5 16     1.47655288
1994  5 17     1.21738006
1994  5 18     1.78495885
1994  5 19     2.77396555
1994  5 20     2.11734668
1994  5 21     1.83250956
1994  5 22     1.95682787
1994  5 23     1.87501892
1994  5 24     1.59870008
1994  5 25     1.32559087
1994  5 26     1.18770465
1994  5 27     1.02529471
1994  5 28     0.89777500
1994  5 29     0.82654276
1994  5 30     0.77857699
1994  5 31     0.77613230
1994  6  1     0.71177585
1994  6  2     0.65667936
1994  6  3     0.62632847
1994  6  4     0.59951170
1994  6  5     0.57462324
1994  6  6     0.55306714
1994  6  7     0.53248009
1994  6  8     0.51100811
1994  6  9     0.48851551
1994  6 10     0.46789309
1994  6 11     0.44919414
1994  6 12     0.43365995
1994  6 13     0.41979340
1994  6 14     0.40812188
1994  6 15     0.39611475
1994  6 16     0.38584468
1994  6 17     0.37342054
1994  6 18     0.35958984
1994  6 19     0.34674358
1994  6 20     0.33357601
1994  6 21     0.32300594
1994  6 22     0.31223791
1994  6 23     0.30266394
1994  6 24     0.29146441
1994  6 25     0.28152017
1994  6 26     0.27282648
1994  6 27     0.26239833
1994  6 28     0.25299123
1994  6 29     0.24495970
1994  6 30     0.23767126
1994  7  1     0.23085653
1994  7  2     0.22406444
1994  7  3     0.21749571
1994  7  4     0.21088422
1994  7  5     0.20453849
1994  7  6     0.19821833
1994  7  7     0.19232174
1994  7  8     0.18664403
1994  7  9     0.18113465
1994  7 10     0.17578887
1994  7 11     0.17060160
1994  7 12     0.16556801
1994  7 13     0.16068348
1994  7 14     0.15594350
1994  7 15     0.15134439
1994  7 16     0.14688041
1994  7 17     0.15492630
1994  7 18     0.14427025
1994  7 19     0.13426575
1994  7 20     0.13030714
1994  7 21     0.12646482
1994  7 22     0.13776574
1994  7 23     0.12555966
1994  7 24     0.11560954
1994  7 25     0.11219579
1994  7 26     0.10888803
1994  7 27     0.10567792
1994  7 28     0.10256139
1994  7 29     0.09954006
1994  7 30     0.09660323
1994  7 31     0.09375504
1994  8  1     0.09099113
1994  8  2     0.08830896
1994  8  3     0.08570596
1994  8  4     0.08317915
1994  8  5     0.08072703
1994  8  6     0.07834738
1994  8  7     0.07603788
1994  8  8     0.07379645
1994  8  9     0.07162143
1994  8 10     0.06951005
1994  8 11     0.06746083
1994  8 12     0.06547225
1994  8 13     0.06354229
1994  8 14     0.06166922
1994  8 15     0.05985136
1994  8 16     0.05808710
1994  8 17     0.05637483
1994  8 18     0.05471304
1994  8 19     0.05310024
1994  8 20     0.05153497
1994  8 21     0.05001585
1994  8 22     0.04854151
1994  8 23     0.04711063
1994  8 24     0.04572192
1994  8 25     0.04437415
1994  8 26     0.04306611
1994  8 27     0.04179663
1994  8 28     0.04056457
1994  8 29     0.03936883
1994  8 30     0.03820833
1994  8 31     0.03708205
1994  9  1     0.03598896
1994  9  2     0.03492809
1994  9  3     0.03389850
1994  9  4     0.03289926
1994  9  5     0.03192947
1994  9  6     0.03098827
1994  9  7     0.03007481
1994  9  8     0.02918828
1994  9  9     0.02832788
1994  9 10     0.02749285
1994  9 11     0.02668243
1994  9 12     0.10963012
1994  9 13     0.10322095
1994  9 14     0.04431611
1994  9 15     0.02377441
1994  9 16     0.02297489
1994  9 17     0.02229764
1994  9 18     0.02164036
1994  9 19     0.02100246
1994  9 20     0.02047148
1994  9 21     0.01982236
1994  9 22     0.01919937
1994  9 23     0.01863342
1994  9 24     0.08291528
1994  9 25     0.08351072
1994  9 26     0.03592985
1994  9 27     0.01653204
1994  9 28     0.11986240
1994  9 29     0.39753835
1994  9 30     0.15973865
1994 10  1     0.01995512
1994 10  2     0.01960207
1994 10  3     0.01461188
1994 10  4     0.40584967
1994 10  5     1.09906603
1994 10  6     0.45552174
1994 10  7     0.16395655
1994 10  8     0.11295493
1994 10  9     0.09583854
1994 10 10     0.08768855
1994 10 11     0.07808375
1994 10 12     0.06045264
1994 10 13     0.03072392
1994 10 14     0.01772327
1994 10 15     0.08431554
1994 10 16     0.05505657
1994 10 17     0.01456282
1994 10 18     0.00920301
1994 10 19     0.01085973
1994 10 20     0.00936549
1994 10 21     0.00806215
1994 10 22     0.00782447
1994 10 23     0.00759383
1994 10 24     0.00736998
1994 10 25     0.00715273
1994 10 26     0.00694188
1994 10 27     0.00673726
1994 10 28     0.00653866
1994 10 29     0.00634591
1994 10 30     0.00615885
1994 10 31     0.00688795
1994 11  1     0.02592386
1994 11  2     0.47190551
1994 11  3     0.23158112
1994 11  4     0.06708435
1994 11  5     0.86185098
1994 11  6     2.46185374
1994 11  7     1.43857331
1994 11  8     0.54120764
1994 11  9     0.45695433
1994 11 10     0.67371250
1994 11 11     0.36566612
1994 11 12     0.23627499
1994 11 13     0.16226362
1994 11 14     0.10983684
1994 11 15     0.12631258
1994 11 16     0.17340995
1994 11 17     0.53885685
1994 11 18     0.39739404
1994 11 19     0.22883857
1994 11 20     0.13866951
1994 11 21     0.08271387
1994 11 22     0.05315056
1994 11 23     0.03384851
1994 11 24     0.02981819
1994 11 25     0.81863875
1994 11 26     1.13339814
1994 11 27     0.42103281
1994 11 28     0.31846945
1994 11 29     0.18069318
1994 11 30     0.11873165
1994 12  1     0.07924205
1994 12  2     0.06893286
1994 12  3     1.13163545
1994 12  4     2.03502342
1994 12  5     1.75960095
1994 12  6     0.99978984
1994 12  7     0.63749416
1994 12  8     0.46264926
1994 12  9     0.37152274
1994 12 10     0.31350523
1994 12 11     0.27843060
1994 12 12     0.81722696
1994 12 13     1.03589452
1994 12 14     0.59779883
1994 12 15     0.56792042
1994 12 16     0.49855901
1994 12 17     0.34901785
1994 12 18     0.28745843
1994 12 19     0.26290247
1994 12 20     0.25242181
1994 12 21     0.23960254
1994 12 22     0.22819179
1994 12 23     0.22838471
1994 12 24     2.20765739
1994 12 25     1.74861010
1994 12 26     0.74529026
1994 12 27     0.82731740
1994 12 28     2.25999365
1994 12 29     1.17762562
1994 12 30     0.71742775
1994 12 31     0.61670986
1995  1  1     0.53379248
1995  1  2     0.48335293
1995  1  3     0.45449329
1995  1  4     0.68691272
1995  1  5     3.55453199
1995  1  6     3.14413228
1995  1  7     3.27576355
1995  1  8     2.30636597
1995  1  9     4.52741188
1995  1 10    14.41033224
1995  1 11    11.22366250
1995  1 12     5.37528811
1995  1 13     8.16431246
1995  1 14    13.23997648
1995  1 15    14.53318899
1995  1 16     6.54473796
1995  1 17     4.32312224
1995  1 18     3.69534709
1995  1 19     3.33062337
1995  1 20     3.07448402
1995  1 21     2.89942666
1995  1 22     3.10484511
1995  1 23     5.39465529
1995  1 24     4.70026687
1995  1 25     8.57456956
1995  1 26     5.39435273
1995  1 27     7.82275342
1995  1 28     4.53732555
1995  1 29     3.47114191
1995  1 30     3.28685172
1995  1 31     3.39805153
1995  2  1     3.05874649
1995  2  2     2.92231944
1995  2  3     2.88859800
1995  2  4     2.84329261
1995  2  5     2.76978504
1995  2  6     2.72023667
1995  2  7     2.56253531
1995  2  8     2.47897082
1995  2  9     2.35534851
1995  2 10     2.25568120
1995  2 11     2.17786410
1995  2 12     2.09842450
1995  2 13     2.02735306
1995  2 14     2.50350301
1995  2 15     2.06053288
1995  2 16     1.91915773
1995  2 17     1.86041642
1995  2 18     1.93820023
1995  2 19     2.34897966
1995  2 20     2.45900415
1995  2 21     2.40439705
1995  2 22     2.44416135
1995  2 23     2.45627663
1995  2 24     2.48033285
1995  2 25     2.44739428
1995  2 26     2.36460965
1995  2 27     2.42631113
1995  2 28     2.34702975
1995  3  1     2.80013653
1995  3  2     2.69644887
1995  3  3    10.28196322
1995  3  4     5.70134661
1995  3  5     3.74845877
1995  3  6     3.15618360
1995  3  7     2.70701785
1995  3  8     2.59167026
1995  3  9    15.14365063
1995  3 10    24.46755337
1995  3 11    24.40773672
1995  3 12    14.08805442
1995  3 13     8.41204853
1995  3 14    10.23749686
1995  3 15     7.41624596
1995  3 16     6.07500766
1995  3 17     5.53160479
1995  3 18     8.46382346
1995  3 19     6.81377705
1995  3 20     9.23699707
1995  3 21    13.61894583
1995  3 22     9.61226691
1995  3 23    11.39419334
1995  3 24     9.28883012
1995  3 25     5.44464619
1995  3 26     4.63411979
1995  3 27     4.33852825
1995  3 28     4.25223025
1995  3 29     4.11076813
1995  3 30     4.05588804
1995  3 31     4.16871107
1995  4  1     4.44006296
1995  4  2     4.22051209
1995  4  3     4.65731998
1995  4  4     5.59720234
1995  4  5     5.31170859
1995  4  6     5.24315918
1995  4  7    10.00345811
1995  4  8    10.79367331
1995  4  9     6.76708717
1995  4 10     5.20994676
1995  4 11     5.63457007
1995  4 12     5.83573703
1995  4 13    10.25223884
1995  4 14     7.03026139
1995  4 15     5.03305223
1995  4 16     4.78699652
1995  4 17     5.05481095
1995  4 18     4.25229917
1995  4 19     3.87870021
1995  4 20     5.10330801
1995  4 21     4.10843191
1995  4 22     3.76769834
1995  4 23     4.11000265
1995  4 24     4.41264604
1995  4 25     5.06016330
1995  4 26     5.58603168
1995  4 27     6.64832664
1995  4 28    10.74357376
1995  4 29    13.85439100
1995  4 30    14.77293657
1995  5  1    23.90310116
1995  5  2    18.18725484
1995  5  3     9.98616921
1995  5  4     7.81982274
1995  5  5     9.39414120
1995  5  6    10.31689960
1995  5  7     7.50166266
1995  5  8     7.22959606
1995  5  9     6.92760880
1995  5 10     6.80541700
1995  5 11     6.94552128
1995  5 12     5.79499979
1995  5 13     8.63012020
1995  5 14     8.27114493
1995  5 15     8.05756776
1995  5 16     5.66381016
1995  5 17     6.23188792
1995  5 18     7.10246826
1995  5 19     7.54540359
1995  5 20     7.86984287
1995  5 21     8.00195449
1995  5 22     7.82973946
1995  5 23     8.29364194
1995  5 24     7.67683149
1995  5 25     7.24068023
1995  5 26     7.34388109
1995  5 27     7.32876222
1995  5 28     7.27204850
1995  5 29     8.07971904
1995  5 30     8.66157685
1995  5 31     8.83034761
1995  6  1     9.00047144
1995  6  2     8.74729022
1995  6  3     8.89992319
1995  6  4     8.63692707
1995  6  5     8.45481261
1995  6  6     6.67345766
1995  6  7     5.33371879
1995  6  8     5.08572840
1995  6  9     5.33978127
1995  6 10     5.54526168
1995  6 11     6.37936709
1995  6 12     7.25537119
1995  6 13     7.42218300
1995  6 14     8.00102398
1995  6 15     7.48823379
1995  6 16     7.06750409
1995  6 17     5.23939537
1995  6 18     4.39206579
1995  6 19     4.49465776
1995  6 20     4.21753117
1995  6 21     4.04083485
1995  6 22     5.02304469
1995  6 23     6.19877132
1995  6 24     7.34803975
1995  6 25     7.74533467
1995  6 26     8.12958500
1995  6 27     8.07149206
1995  6 28     7.38358011
1995  6 29     7.06420349
1995  6 30     6.91025480
1995  7  1     6.42281076
1995  7  2     5.91333437
1995  7  3     5.67082687
1995  7  4     5.57247154
1995  7  5     5.61568578
1995  7  6     5.71005450
1995  7  7     5.64800947
1995  7  8     5.77933490
1995  7  9     5.56520608
1995  7 10     5.12958282
1995  7 11     4.81939766
1995  7 12     4.25656234
1995  7 13     3.75688045
1995  7 14     3.83268113
1995  7 15     3.92428230
1995  7 16     4.09283165
1995  7 17     4.09968492
1995  7 18     3.61606484
1995  7 19     3.21690200
1995  7 20     2.83863939
1995  7 21     2.43441332
1995  7 22     2.09009396
1995  7 23     1.88599377
1995  7 24     1.71961997
1995  7 25     1.56381814
1995  7 26     1.45135310
1995  7 27     1.36061205
1995  7 28     1.28184067
1995  7 29     1.22164652
1995  7 30     1.16811491
1995  7 31     1.11852786
1995  8  1     1.06975175
1995  8  2     1.02504361
1995  8  3     0.98403526
1995  8  4     0.94963987
1995  8  5     0.91681786
1995  8  6     0.88582891
1995  8  7     0.85768243
1995  8  8     0.83087996
1995  8  9     0.80210473
1995  8 10     0.77617083
1995  8 11     0.75339991
1995  8 12     0.72982703
1995  8 13     0.70478382
1995  8 14     0.68007878
1995  8 15     0.65817147
1995  8 16     0.64128935
1995  8 17     0.62768004
1995  8 18     0.61141647
1995  8 19     0.58677873
1995  8 20     0.56040155
1995  8 21     0.55963680
1995  8 22     0.53003387
1995  8 23     0.50631116
1995  8 24     0.49346868
1995  8 25     0.48332235
1995  8 26     0.47276864
1995  8 27     0.45968994
1995  8 28     0.44625967
1995  8 29     0.43381284
1995  8 30     0.41894881
1995  8 31     0.40417525
1995  9  1     0.38863013
1995  9  2     0.37563374
1995  9  3     0.36418221
1995  9  4     0.35641273
1995  9  5     0.34755062
1995  9  6     0.33387226
1995  9  7     0.32356793
1995  9  8     0.31446330
1995  9  9     0.30329164
1995  9 10     0.29597864
1995  9 11     0.28690342
1995  9 12     0.27741591
1995  9 13     0.26727764
1995  9 14     0.25844170
1995  9 15     0.24872549
1995  9 16     0.24210939
1995  9 17     0.23855514
1995  9 18     0.23017253
1995  9 19     0.22134536
1995  9 20     0.21304090
1995  9 21     0.20710103
1995  9 22     0.20178164
1995  9 23     0.19721899
1995  9 24     0.19131346
1995  9 25     0.18760149
1995  9 26     0.18538871
1995  9 27     0.18050995
1995  9 28     0.17626763
1995  9 29     0.17078744
1995  9 30     0.16545518
1995 10  1     0.16136708
1995 10  2     0.15516786
1995 10  3     0.14718080
1995 10  4     0.14365812
1995 10  5     0.13910386
1995 10  6     0.13650836
1995 10  7     0.13307335
1995 10  8     0.12954694
1995 10  9     0.12539221
1995 10 10     0.12060047
1995 10 11     0.11610699
1995 10 12     0.11502961
1995 10 13     0.11100639
1995 10 14     0.10499106
1995 10 15     0.10101580
1995 10 16     0.10029646
1995 10 17     0.09803794
1995 10 18     0.09374003
1995 10 19     0.09036683
1995 10 20     0.08706185
1995 10 21     0.08464448
1995 10 22     0.08450492
1995 10 23     0.08549924
1995 10 24     0.08361244
1995 10 25     0.08126133
1995 10 26     0.07721965
1995 10 27     0.07250144
1995 10 28     0.06859593
1995 10 29     0.06687011
1995 10 30     0.06518058
1995 10 31     0.06337715
1995 11  1     0.06330890
1995 11  2     0.06205490
1995 11  3     0.06132409
1995 11  4     0.05901774
1995 11  5     0.05722300
1995 11  6     0.05572412
1995 11  7     0.05326206
1995 11  8     0.04946607
1995 11  9     0.04766692
1995 11 10     0.04837314
1995 11 11     0.04679708
1995 11 12     0.04382871
1995 11 13     0.04229018
1995 11 14     0.04104357
1995 11 15     0.03983371
1995 11 16     0.03865951
1995 11 17     0.03751992
1995 11 18     0.03641393
1995 11 19     0.03535589
1995 11 20     0.03430130
1995 11 21     0.03328774
1995 11 22     0.03369304
1995 11 23     0.03215278
1995 11 24     0.03052337
1995 11 25     0.02955568
1995 11 26     0.23140507
1995 11 27     0.14018571
1995 11 28     0.05484050
1995 11 29     0.03837799
1995 11 30     0.02975644
1995 12  1     0.02557700
1995 12  2     0.04760276
1995 12  3     0.03600196
1995 12  4     0.84864849
1995 12  5     0.45365757
1995 12  6     0.12348033
1995 12  7     0.18699964
1995 12  8     0.10832755
1995 12  9     0.03578918
1995 12 10     0.02723984
1995 12 11     0.77581147
1995 12 12     5.20586825
1995 12 13     3.08763675
1995 12 14     1.14031004
1995 12 15     1.09095365
1995 12 16     0.71094757
1995 12 17     0.48566113
1995 12 18     0.46752453
1995 12 19     0.28196750
1995 12 20     0.20877169
1995 12 21     0.15808373
1995 12 22     0.12901436
1995 12 23     0.12781187
1995 12 24     0.10541733
1995 12 25     0.09190410
1995 12 26     0.08292278
1995 12 27     0.07872882
1995 12 28     0.16040190
1995 12 29     0.17915559
1995 12 30     1.00066751
1995 12 31     0.69071091
1996  1  1     0.39735689
1996  1  2     0.27140625
1996  1  3     0.23396320
1996  1  4     0.20808446
1996  1  5     0.19003188
1996  1  6     0.17932101
1996  1  7     0.18043771
1996  1  8     0.18143811
1996  1  9     0.18344639
1996  1 10     0.19200257
1996  1 11     0.17544458
1996  1 12     0.17976533
1996  1 13     0.18616745
1996  1 14     0.18767121
1996  1 15     1.06918864
1996  1 16     3.24409885
1996  1 17     3.37893803
1996  1 18     3.42043421
1996  1 19     3.49938679
1996  1 20     1.83848270
1996  1 21     2.23417829
1996  1 22     1.43638201
1996  1 23     1.08773555
1996  1 24     2.06442183
1996  1 25     7.12147330
1996  1 26     2.27524844
1996  1 27     4.03573047
1996  1 28     4.25832801
1996  1 29     2.49746171
1996  1 30     1.48306804
1996  1 31     2.06237054
1996  2  1     1.59892004
1996  2  2     1.21934096
1996  2  3     1.12332357
1996  2  4     9.36281372
1996  2  5    15.34712964
1996  2  6     6.30652341
1996  2  7     3.52461544
1996  2  8     3.19685071
1996  2  9     2.97144228
1996  2 10     2.79764550
1996  2 11     2.70843243
1996  2 12     2.67246755
1996  2 13     2.72138739
1996  2 14     2.69291026
1996  2 15     2.67924845
1996  2 16     2.85781454
1996  2 17     3.74624538
1996  2 18     4.89030638
1996  2 19    11.64131663
1996  2 20    18.17615055
1996  2 21    13.35788733
1996  2 22     8.74403239
1996  2 23     5.00317816
1996  2 24     5.25730902
1996  2 25     4.22360505
1996  2 26     3.54285243
1996  2 27     3.25728341
1996  2 28     3.05471133
1996  2 29     2.95725782
1996  3  1     2.85395319
1996  3  2     2.75596837
1996  3  3     2.95732057
1996  3  4     8.47074318
1996  3  5    16.23876926
1996  3  6     6.66846552
1996  3  7     4.38870351
1996  3  8     4.17697552
1996  3  9     4.34272985
1996  3 10     4.23656922
1996  3 11     5.73835279
1996  3 12     7.49283179
1996  3 13     5.04279563
1996  3 14     3.86016371
1996  3 15     3.63872193
1996  3 16     3.63257975
1996  3 17     4.08385852
1996  3 18     4.34870740
1996  3 19     4.92428663
1996  3 20     4.84911852
1996  3 21     5.03577767
1996  3 22     4.85577635
1996  3 23     3.85832752
1996  3 24     3.37935478
1996  3 25     3.17592940
1996  3 26     3.02895228
1996  3 27     3.09053056
1996  3 28     6.78014059
1996  3 29     4.29424844
1996  3 30     3.23966407
1996  3 31     3.15458817
1996  4  1     6.74241883
1996  4  2     8.54311135
1996  4  3     4.70324404
1996  4  4     3.78552670
1996  4  5     3.67170954
1996  4  6     4.04785088
1996  4  7     4.62073703
1996  4  8     5.05860634
1996  4  9     5.81612362
1996  4 10     5.23426783
1996  4 11     4.54749141
1996  4 12     3.95312387
1996  4 13     3.31812775
1996  4 14     3.34538753
1996  4 15     4.06173501
1996  4 16    11.15089927
1996  4 17     8.59560803
1996  4 18     6.27366124
1996  4 19     4.37903730
1996  4 20     3.92853221
1996  4 21     3.36167712
1996  4 22     3.46054257
1996  4 23     3.82561123
1996  4 24     4.29622048
1996  4 25     4.70036110
1996  4 26     5.84699341
1996  4 27     6.07374055
1996  4 28     5.91887194
1996  4 29     5.57264425
1996  4 30     6.37821910
1996  5  1     7.13909745
1996  5  2     7.17352176
1996  5  3     6.48420307
1996  5  4     5.55795336
1996  5  5     5.42881034
1996  5  6     5.51555912
1996  5  7     5.30974615
1996  5  8     5.17822485
1996  5  9     5.23406456
1996  5 10     5.58084838
1996  5 11     6.73418343
1996  5 12     7.30932937
1996  5 13     7.47998732
1996  5 14     6.83033589
1996  5 15     6.76599534
1996  5 16    18.33699358
1996  5 17    15.33738798
1996  5 18    12.35739678
1996  5 19     7.78406778
1996  5 20     5.40130854
1996  5 21     5.60902422
1996  5 22     6.18773410
1996  5 23     4.69907818
1996  5 24     3.84870021
1996  5 25     3.75130143
1996  5 26     4.23948943
1996  5 27     4.68299727
1996  5 28     4.31056389
1996  5 29     4.25534717
1996  5 30     4.10731240
1996  5 31     3.89469302
1996  6  1     4.74804031
1996  6  2     5.90945420
1996  6  3     6.15131698
1996  6  4     6.19625120
1996  6  5     6.22539592
1996  6  6     6.30395570
1996  6  7     5.78849578
1996  6  8     5.10856214
1996  6  9     4.49314227
1996  6 10     4.10881500
1996  6 11     3.80392334
1996  6 12     3.12171225
1996  6 13     2.46849305
1996  6 14     2.14725485
1996  6 15     1.95353543
1996  6 16     1.80825507
1996  6 17     1.69398756
1996  6 18     1.59766015
1996  6 19     1.51486808
1996  6 20     1.44163671
1996  6 21     1.37689821
1996  6 22     1.31898145
1996  6 23     1.26318070
1996  6 24     1.23268753
1996  6 25     1.47410646
1996  6 26     1.78108380
1996  6 27     1.64703880
1996  6 28     1.28501894
1996  6 29     1.09729138
1996  6 30     1.02579106
1996  7  1     0.96896088
1996  7  2     0.92836178
1996  7  3     0.89416373
1996  7  4     0.86524581
1996  7  5     0.83703674
1996  7  6     0.80861519
1996  7  7     0.77951960
1996  7  8     0.75365468
1996  7  9     0.73020308
1996  7 10     0.70645968
1996  7 11     0.71459158
1996  7 12     0.76686634
1996  7 13     0.68317950
1996  7 14     0.62048676
1996  7 15     0.60346838
1996  7 16     0.58991772
1996  7 17     0.57394609
1996  7 18     0.55759126
1996  7 19     0.54019945
1996  7 20     0.52087687
1996  7 21     0.50295278
1996  7 22     0.48436226
1996  7 23     0.46739694
1996  7 24     0.45362691
1996  7 25     0.44995908
1996  7 26     0.42884671
1996  7 27     0.40762750
1996  7 28     0.44291263
1996  7 29     0.40300682
1996  7 30     0.36966952
1996  7 31     0.36008378
1996  8  1     0.34922711
1996  8  2     0.34132445
1996  8  3     0.33465060
1996  8  4     0.32884644
1996  8  5     0.31671472
1996  8  6     0.30762660
1996  8  7     0.29563222
1996  8  8     0.28309635
1996  8  9     0.27148364
1996  8 10     0.26130915
1996  8 11     0.25874960
1996  8 12     0.24859439
1996  8 13     0.27648283
1996  8 14     0.30144041
1996  8 15     0.24759596
1996  8 16     0.21812205
1996  8 17     0.21169148
1996  8 18     0.20641087
1996  8 19     0.20138057
1996  8 20     0.19754091
1996  8 21     0.19104176
1996  8 22     0.18363748
1996  8 23     0.17705489
1996  8 24     0.26044653
1996  8 25     0.20082017
1996  8 26     0.16176855
1996  8 27     0.15821735
1996  8 28     0.15298311
1996  8 29     0.14790542
1996  8 30     0.14347304
1996  8 31     0.13924369
1996  9  1     0.13513909
1996  9  2     0.13115562
1996  9  3     0.12728932
1996  9  4     0.12353703
1996  9  5     0.12185431
1996  9  6     0.11799516
1996  9  7     0.11314611
1996  9  8     0.10960228
1996  9  9     0.10637147
1996  9 10     0.10323591
1996  9 11     0.10019277
1996  9 12     0.09723933
1996  9 13     0.14551858
1996  9 14     0.23717835
1996  9 15     0.14343038
1996  9 16     0.13064488
1996  9 17     0.10371732
1996  9 18     0.08643653
1996  9 19     0.07978296
1996  9 20     0.07658849
1996  9 21     0.07428351
1996  9 22     0.07209381
1996  9 23     0.06996867
1996  9 24     0.06790616
1996  9 25     0.06590446
1996  9 26     0.06396176
1996  9 27     0.06207633
1996  9 28     0.06024647
1996  9 29     0.05847055
1996  9 30     0.05674699
1996 10  1     0.06002888
1996 10  2     0.05961459
1996 10  3     0.05259161
1996 10  4     0.05034717
1996 10  5     0.04886195
1996 10  6     0.04742162
1996 10  7     0.04602375
1996 10  8     0.04466709
1996 10  9     0.04335041
1996 10 10     0.04207255
1996 10 11     0.04083236
1996 10 12     0.03962872
1996 10 13     0.03846056
1996 10 14     0.03732684
1996 10 15     0.03622654
1996 10 16     0.03515867
1996 10 17     0.03412228
1996 10 18     0.15443310
1996 10 19     0.23647828
1996 10 20     0.10755319
1996 10 21     0.04204586
1996 10 22     0.03355707
1996 10 23     0.05870519
1996 10 24     0.14255788
1996 10 25     0.49371611
1996 10 26     0.42708944
1996 10 27     0.16628796
1996 10 28     0.09255115
1996 10 29     0.24201533
1996 10 30     0.33542983
1996 10 31     0.31067645
1996 11  1     0.17766773
1996 11  2     0.12360261
1996 11  3     0.10203699
1996 11  4     0.07811832
1996 11  5     0.04675545
1996 11  6     0.03272914
1996 11  7     0.04151841
1996 11  8     0.06478197
1996 11  9     0.06697510
1996 11 10     0.07537489
1996 11 11     0.07961214
1996 11 12     0.09436680
1996 11 13     0.09500489
1996 11 14     0.07949319
1996 11 15     0.03764768
1996 11 16     0.02398114
1996 11 17     0.86410844
1996 11 18     2.82061501
1996 11 19     1.69453136
1996 11 20     1.40312811
1996 11 21     1.93143083
1996 11 22     5.64550634
1996 11 23     3.87964075
1996 11 24     1.58543388
1996 11 25     1.11189467
1996 11 26     0.85718265
1996 11 27     0.67678644
1996 11 28     0.55806146
1996 11 29     0.64084135
1996 11 30     0.49753539
1996 12  1     1.83752377
1996 12  2     1.11749665
1996 12  3     0.68246686
1996 12  4     0.57701467
1996 12  5     5.42993420
1996 12  6     3.43716919
1996 12  7     1.63135479
1996 12  8     1.13614418
1996 12  9     2.35145179
1996 12 10     9.45404206
1996 12 11     7.41180915
1996 12 12    10.20345209
1996 12 13     9.17183325
1996 12 14     4.58816890
1996 12 15     3.13373282
1996 12 16     2.69845520
1996 12 17     2.37299566
1996 12 18     2.13713639
1996 12 19     1.96206958
1996 12 20     1.84901088
1996 12 21     9.45691566
1996 12 22    11.46775481
1996 12 23     5.30706086
1996 12 24     3.13847999
1996 12 25     2.67040275
1996 12 26     2.50762098
1996 12 27    10.57691902
1996 12 28     4.88554845
1996 12 29     3.60499638
1996 12 30    11.23570588
1996 12 31     9.35455358
1997  1  1    30.96155147
1997  1  2    62.16504341
1997  1  3    65.86131407
1997  1  4    31.22707862
1997  1  5    15.31300312
1997  1  6    11.80119140
1997  1  7    10.07374387
1997  1  8     8.86692185
1997  1  9     7.99846557
1997  1 10     7.33898644
1997  1 11     6.87764873
1997  1 12     6.43942591
1997  1 13     6.09714520
1997  1 14     5.73488075
1997  1 15     5.44886188
1997  1 16     5.20018982
1997  1 17     4.98903958
1997  1 18     4.81169973
1997  1 19     4.70039254
1997  1 20     9.38296332
1997  1 21    12.24245214
1997  1 22    10.63841024
1997  1 23    17.99826267
1997  1 24     8.07034192
1997  1 25    13.45741587
1997  1 26    21.21422629
1997  1 27    10.39776831
1997  1 28     6.49640442
1997  1 29     5.73517018
1997  1 30     5.36478693
1997  1 31     5.08781240
1997  2  1     4.93400758
1997  2  2     4.67939362
1997  2  3     4.50938274
1997  2  4     4.35214850
1997  2  5     4.17462221
1997  2  6     4.02817975
1997  2  7     3.89495501
1997  2  8     4.21819978
1997  2  9     3.82534336
1997  2 10     3.68848251
1997  2 11     3.53504402
1997  2 12     3.42173264
1997  2 13     3.29884875
1997  2 14     3.21493030
1997  2 15     3.17056421
1997  2 16     3.13492101
1997  2 17     4.15421392
1997  2 18     3.45912905
1997  2 19     3.10295573
1997  2 20     2.96785324
1997  2 21     2.84673495
1997  2 22     2.74133003
1997  2 23     2.64633696
1997  2 24     2.56035424
1997  2 25     2.48098746
1997  2 26     2.44375576
1997  2 27     3.54806919
1997  2 28     2.90951418
1997  3  1     2.48555225
1997  3  2     2.63560506
1997  3  3     2.44871075
1997  3  4     2.27887098
1997  3  5     2.18885884
1997  3  6     2.15655042
1997  3  7     2.11152879
1997  3  8     2.11212228
1997  3  9     2.22157142
1997  3 10     2.59077681
1997  3 11     2.90680404
1997  3 12     2.75121320
1997  3 13     2.38171310
1997  3 14     2.37197657
1997  3 15     2.63154247
1997  3 16     2.92876264
1997  3 17     2.98257353
1997  3 18     3.22558785
1997  3 19     3.61167769
1997  3 20     3.98442914
1997  3 21     4.16862781
1997  3 22     4.04942663
1997  3 23     3.98029415
1997  3 24     3.92124088
1997  3 25     3.89887662
1997  3 26     4.10557969
1997  3 27     4.21903903
1997  3 28     3.66187784
1997  3 29     3.10566798
1997  3 30     2.98179998
1997  3 31     3.61602093
1997  4  1     2.74952349
1997  4  2     2.18493745
1997  4  3     1.98374066
1997  4  4     1.80361494
1997  4  5     1.68381929
1997  4  6     1.58309825
1997  4  7     1.50825354
1997  4  8     1.46909144
1997  4  9     1.39515351
1997  4 10     1.32130721
1997  4 11     1.26305887
1997  4 12     1.21628758
1997  4 13     1.31701800
1997  4 14     1.60748588
1997  4 15     2.05808746
1997  4 16     2.57102338
1997  4 17     2.93962820
1997  4 18     2.96601163
1997  4 19    10.04981149
1997  4 20     7.26313063
1997  4 21     4.83240598
1997  4 22     4.11594669
1997  4 23     5.08912544
1997  4 24     4.02507461
1997  4 25     3.49400118
1997  4 26     3.95768998
1997  4 27     4.16372583
1997  4 28     3.85974120
1997  4 29     3.03981745
1997  4 30     2.52743724
1997  5  1     2.49512438
1997  5  2     2.49576533
1997  5  3     3.09813903
1997  5  4     3.87211203
1997  5  5     4.23381292
1997  5  6     4.38720310
1997  5  7     4.50034414
1997  5  8     5.46670806
1997  5  9     5.32522827
1997  5 10     5.06231507
1997  5 11     5.10991481
1997  5 12     5.23958072
1997  5 13     5.26320492
1997  5 14     5.06506945
1997  5 15     4.72321260
1997  5 16     4.73289477
1997  5 17     5.54653794
1997  5 18     5.17404078
1997  5 19     4.66722373
1997  5 20     4.29607608
1997  5 21     3.88690211
1997  5 22     3.57112523
1997  5 23     4.17756569
1997  5 24     3.67632969
1997  5 25     2.62080168
1997  5 26     2.40462606
1997  5 27     2.36092746
1997  5 28     2.64854477
1997  5 29     2.66898231
1997  5 30     2.71219035
1997  5 31     2.75910417
1997  6  1     2.58687145
1997  6  2     2.29514748
1997  6  3     2.03618422
1997  6  4     3.26478139
1997  6  5     2.99207094
1997  6  6     2.11912203
1997  6  7     1.79653309
1997  6  8     1.46474562
1997  6  9     1.41765371
1997  6 10     1.29955739
1997  6 11     1.06959739
1997  6 12     0.96247192
1997  6 13     0.99131811
1997  6 14     1.91732395
1997  6 15     3.45840886
1997  6 16     2.09289077
1997  6 17     1.30045034
1997  6 18     1.13969932
1997  6 19     1.00047904
1997  6 20     0.90417814
1997  6 21     0.83562849
1997  6 22     0.78252574
1997  6 23     0.73760123
1997  6 24     0.69870992
1997  6 25     0.66291146
1997  6 26     0.63080257
1997  6 27     0.60545529
1997  6 28     0.58077530
1997  6 29     0.56131592
1997  6 30     0.56423166
1997  7  1     0.54663035
1997  7  2     0.50939776
1997  7  3     0.48016752
1997  7  4     0.46002337
1997  7  5     0.44303639
1997  7  6     0.42717741
1997  7  7     0.41257211
1997  7  8     0.40831597
1997  7  9     0.38768691
1997  7 10     0.37134816
1997  7 11     0.36118995
1997  7 12     0.35182960
1997  7 13     0.33929008
1997  7 14     0.32631681
1997  7 15     0.31495695
1997  7 16     0.30471444
1997  7 17     0.29704696
1997  7 18     0.28975866
1997  7 19     0.27992046
1997  7 20     0.26939137
1997  7 21     0.27893721
1997  7 22     0.26024079
1997  7 23     0.24331381
1997  7 24     0.24106365
1997  7 25     0.23034816
1997  7 26     0.22191616
1997  7 27     0.21560458
1997  7 28     0.21008264
1997  7 29     0.22698956
1997  7 30     0.20774282
1997  7 31     0.19093276
1997  8  1     0.18519498
1997  8  2     0.17972563
1997  8  3     0.17442315
1997  8  4     0.16927764
1997  8  5     0.16428438
1997  8  6     0.15943879
1997  8  7     0.15473645
1997  8  8     0.15017308
1997  8  9     0.14574453
1997  8 10     0.14144678
1997  8 11     0.13727657
1997  8 12     0.13322941
1997  8 13     0.13165000
1997  8 14     0.12637573
1997  8 15     0.12178870
1997  8 16     0.11819766
1997  8 17     0.11471269
1997  8 18     0.11133257
1997  8 19     0.10805090
1997  8 20     0.10647136
1997  8 21     0.10209718
1997  8 22     0.09877206
1997  8 23     0.10203341
1997  8 24     0.09543270
1997  8 25     0.09029083
1997  8 26     0.08762912
1997  8 27     0.08504605
1997  8 28     0.08253892
1997  8 29     0.08010573
1997  8 30     0.07774441
1997  8 31     0.07545270
1997  9  1     0.07322854
1997  9  2     0.07185036
1997  9  3     0.07059925
1997  9  4     0.06760849
1997  9  5     0.06499669
1997  9  6     0.06307741
1997  9  7     0.06120566
1997  9  8     0.05939086
1997  9  9     0.05764016
1997  9 10     0.05594108
1997  9 11     0.05429207
1997  9 12     0.05269168
1997  9 13     0.05113846
1997  9 14     0.04963102
1997  9 15     0.05039175
1997  9 16     0.04789279
1997  9 17     0.04537016
1997  9 18     0.08873882
1997  9 19     0.08602425
1997  9 20     0.05277647
1997  9 21     0.04028809
1997  9 22     0.03906592
1997  9 23     0.03791435
1997  9 24     0.03679673
1997  9 25     0.20146783
1997  9 26     0.11173549
1997  9 27     0.03690885
1997  9 28     0.03264620
1997  9 29     0.03168380
1997  9 30     0.03074984
1997 10  1     0.02984341
1997 10  2     0.32372815
1997 10  3     0.18316884
1997 10  4     0.05855527
1997 10  5     0.04131870
1997 10  6     0.03080639
1997 10  7     0.02772327
1997 10  8     0.02474903
1997 10  9     0.50533578
1997 10 10     0.57992644
1997 10 11     0.62555419
1997 10 12     0.55349733
1997 10 13     0.26174358
1997 10 14     0.12583451
1997 10 15     0.08717878
1997 10 16     0.06077902
1997 10 17     0.03295504
1997 10 18     0.01913848
1997 10 19     0.01749225
1997 10 20     0.01690265
1997 10 21     0.01640441
1997 10 22     0.01592084
1997 10 23     0.01545154
1997 10 24     0.01499606
1997 10 25     0.01455402
1997 10 26     0.01412500
1997 10 27     0.01370863
1997 10 28     0.01330454
1997 10 29     0.12650097
1997 10 30     0.06370640
1997 10 31     0.01216351
1997 11  1     0.01180381
1997 11  2     0.01145586
1997 11  3     0.01111817
1997 11  4     0.01079043
1997 11  5     0.01047236
1997 11  6     0.01016366
1997 11  7     0.03808169
1997 11  8     0.02227118
1997 11  9     0.00936369
1997 11 10     0.03300275
1997 11 11     0.10101626
1997 11 12     0.07626724
1997 11 13     0.14746000
1997 11 14     0.17211043
1997 11 15     0.14069134
1997 11 16     0.13253552
1997 11 17     0.08689017
1997 11 18     0.04571903
1997 11 19     0.38955965
1997 11 20     0.24309835
1997 11 21     0.21707843
1997 11 22     0.15794035
1997 11 23     0.27645824
1997 11 24     0.12534617
1997 11 25     0.58033077
1997 11 26     2.97429986
1997 11 27     2.04010193
1997 11 28     0.76765617
1997 11 29     0.46419468
1997 11 30     0.32961831
1997 12  1     0.23966898
1997 12  2     0.17065120
1997 12  3     0.12494963
1997 12  4     0.10172384
1997 12  5     0.15604349
1997 12  6     0.44209263
1997 12  7     1.45737714
1997 12  8     2.89243632
1997 12  9     1.13720868
1997 12 10     0.64132977
1997 12 11     0.50598342
1997 12 12     0.41814746
1997 12 13     0.35830488
1997 12 14     0.37306161
1997 12 15     0.68504568
1997 12 16     0.39404384
1997 12 17     0.31580261
1997 12 18     0.28550795
1997 12 19     0.26636149
1997 12 20     0.25189263
1997 12 21     0.24103150
1997 12 22     0.22976286
1997 12 23     0.22023603
1997 12 24     0.21230372
1997 12 25     0.20498628
1997 12 26     0.19803385
1997 12 27     0.19149797
1997 12 28     0.18534009
1997 12 29     0.18050296
1997 12 30     0.17597884
1997 12 31     0.17047652
1998  1  1     0.16660418
1998  1  2     2.36045853
1998  1  3     2.85930189
1998  1  4     3.40064340
1998  1  5     1.44941526
1998  1  6     0.90287891
1998  1  7     0.83780851
1998  1  8     0.65485210
1998  1  9     0.60401801
1998  1 10     1.25412670
1998  1 11     4.03728699
1998  1 12     8.69076650
1998  1 13     5.42796696
1998  1 14     2.69977245
1998  1 15    11.86350007
1998  1 16     8.83688673
1998  1 17     6.43902802
1998  1 18     6.78122994
1998  1 19    11.51375020
1998  1 20     5.41099261
1998  1 21     3.53230593
1998  1 22     3.06729945
1998  1 23     2.74748361
1998  1 24     2.52246267
1998  1 25     2.36564399
1998  1 26     2.23212812
1998  1 27     2.15675826
1998  1 28     2.09423595
1998  1 29     9.87856351
1998  1 30     5.03195796
1998  1 31     3.02260441
1998  2  1     2.95255362
1998  2  2     8.28681407
1998  2  3    19.41365736
1998  2  4     8.73097553
1998  2  5     4.88070795
1998  2  6     8.56198668
1998  2  7    12.23740195
1998  2  8    12.30802815
1998  2  9     6.56555468
1998  2 10     5.23239259
1998  2 11     6.19816755
1998  2 12     5.02905682
1998  2 13     5.07675822
1998  2 14     9.11823254
1998  2 15     8.72824335
1998  2 16     4.98233795
1998  2 17     4.91070880
1998  2 18     4.03413109
1998  2 19     7.14491551
1998  2 20     6.61889280
1998  2 21     7.21000545
1998  2 22     7.89941104
1998  2 23     6.98121868
1998  2 24     5.48313589
1998  2 25     4.25711992
1998  2 26     3.78955351
1998  2 27     3.58054220
1998  2 28     3.42821598
1998  3  1     3.24760601
1998  3  2     3.15716272
1998  3  3     3.11093465
1998  3  4     2.93731666
1998  3  5     2.87916186
1998  3  6     4.56674364
1998  3  7     3.15231953
1998  3  8     2.87059475
1998  3  9     2.74296178
1998  3 10     2.78074556
1998  3 11     2.87132723
1998  3 12     2.87793519
1998  3 13     2.94374764
1998  3 14     2.92667105
1998  3 15     3.00669654
1998  3 16     3.12280016
1998  3 17     2.97161407
1998  3 18     3.01907687
1998  3 19     3.27567442
1998  3 20     3.43614346
1998  3 21     3.66570204
1998  3 22     3.85618028
1998  3 23     6.23536138
1998  3 24    20.53344858
1998  3 25    25.14865879
1998  3 26    11.69424055
1998  3 27     9.18581826
1998  3 28     8.86232205
1998  3 29     5.98149206
1998  3 30     5.03960519
1998  3 31     5.03994856
1998  4  1     4.32711713
1998  4  2     3.90041622
1998  4  3     7.31406356
1998  4  4     4.63941078
1998  4  5     4.67341160
1998  4  6     4.70738149
1998  4  7     4.61757608
1998  4  8     3.55882475
1998  4  9     3.29874018
1998  4 10     3.18600574
1998  4 11     3.28873260
1998  4 12     3.85981687
1998  4 13     7.11871443
1998  4 14     5.59986024
1998  4 15     3.50055325
1998  4 16     3.17144889
1998  4 17     3.09437101
1998  4 18     3.06508637
1998  4 19     3.27804856
1998  4 20     4.41979010
1998  4 21     5.75272344
1998  4 22     6.89164131
1998  4 23     6.77641756
1998  4 24     5.95510208
1998  4 25     4.49979809
1998  4 26     4.96469544
1998  4 27     5.88727344
1998  4 28     6.62397171
1998  4 29     7.13053314
1998  4 30     7.85767425
1998  5  1     7.34299148
1998  5  2    10.70756754
1998  5  3    10.35899189
1998  5  4     8.83815045
1998  5  5     8.64899427
1998  5  6    14.06730199
1998  5  7    10.43568746
1998  5  8     7.43980183
1998  5  9     6.58581910
1998  5 10     5.75065399
1998  5 11     4.68939703
1998  5 12     7.44332646
1998  5 13     7.28124179
1998  5 14     5.36084406
1998  5 15     4.77346497
1998  5 16     5.21848011
1998  5 17     5.66569930
1998  5 18     4.40049107
1998  5 19     4.21267474
1998  5 20     4.57694833
1998  5 21     3.93839670
1998  5 22     3.96880282
1998  5 23     4.38654315
1998  5 24     4.57984463
1998  5 25     5.85939819
1998  5 26     5.42074916
1998  5 27     3.89756752
1998  5 28     4.21161878
1998  5 29     7.60923505
1998  5 30     4.58754876
1998  5 31     4.84981115
1998  6  1     6.41188892
1998  6  2     7.31905758
1998  6  3     6.92002264
1998  6  4     6.14518263
1998  6  5     5.69684162
1998  6  6     8.82671254
1998  6  7    12.04451825
1998  6  8     9.20416376
1998  6  9     8.14176737
1998  6 10     8.12177243
1998  6 11     8.51099205
1998  6 12     7.86351444
1998  6 13     9.94944941
1998  6 14     8.49590402
1998  6 15     7.73680764
1998  6 16     7.72979371
1998  6 17     7.20762225
1998  6 18     7.21285588
1998  6 19     7.15141161
1998  6 20     6.90311621
1998  6 21     6.83348361
1998  6 22     6.55531506
1998  6 23     5.81381325
1998  6 24     5.48680089
1998  6 25     5.50535571
1998  6 26     5.48740646
1998  6 27     5.34934976
1998  6 28     4.99779432
1998  6 29     4.44874128
1998  6 30     4.13066128
1998  7  1     4.06082181
1998  7  2     3.90331475
1998  7  3     3.75602424
1998  7  4     3.63360383
1998  7  5     3.31990086
1998  7  6     2.79722156
1998  7  7     2.45603259
1998  7  8     2.20413443
1998  7  9     2.00207608
1998  7 10     1.86932954
1998  7 11     1.76371132
1998  7 12     1.67454852
1998  7 13     1.59742368
1998  7 14     1.52910579
1998  7 15     1.46616523
1998  7 16     1.40740463
1998  7 17     1.34892958
1998  7 18     1.29762749
1998  7 19     1.24926651
1998  7 20     1.20468827
1998  7 21     1.16366988
1998  7 22     1.12514148
1998  7 23     1.10069386
1998  7 24     1.06334120
1998  7 25     1.02993535
1998  7 26     0.99486439
1998  7 27     0.95617038
1998  7 28     0.95261469
1998  7 29     0.91220082
1998  7 30     0.87544527
1998  7 31     0.85302833
1998  8  1     0.82509662
1998  8  2     0.79606301
1998  8  3     0.76132608
1998  8  4     0.73470376
1998  8  5     0.70633606
1998  8  6     0.68627165
1998  8  7     0.66987792
1998  8  8     0.65511288
1998  8  9     0.63775877
1998  8 10     0.61742076
1998  8 11     0.59546470
1998  8 12     0.57374425
1998  8 13     0.55163614
1998  8 14     0.53371064
1998  8 15     0.58646820
1998  8 16     0.53555218
1998  8 17     0.50040986
1998  8 18     0.48960174
1998  8 19     0.47880717
1998  8 20     0.46537735
1998  8 21     0.45110659
1998  8 22     0.43379347
1998  8 23     0.41595727
1998  8 24     0.40193047
1998  8 25     0.38817608
1998  8 26     0.38031031
1998  8 27     0.36845771
1998  8 28     0.35101882
1998  8 29     0.33586547
1998  8 30     0.32529040
1998  8 31     0.31569350
1998  9  1     0.30638638
1998  9  2     0.29735383
1998  9  3     0.32696416
1998  9  4     0.30195085
1998  9  5     0.81222863
1998  9  6     0.62373058
1998  9  7     0.31896263
1998  9  8     0.26582978
1998  9  9     0.81663771
1998  9 10     0.54761177
1998  9 11     0.28013262
1998  9 12     0.31559799
1998  9 13     0.25792462
1998  9 14     0.21208544
1998  9 15     0.20389647
1998  9 16     0.19730406
1998  9 17     0.19215077
1998  9 18     0.19124347
1998  9 19     0.18932062
1998  9 20     0.18426399
1998  9 21     0.17990547
1998  9 22     0.17504450
1998  9 23     0.16976531
1998  9 24     0.19994925
1998  9 25     0.19023898
1998  9 26     0.52555114
1998  9 27     0.60724580
1998  9 28     0.28909280
1998  9 29     0.56958909
1998  9 30     0.40422139
1998 10  1     0.20496061
1998 10  2     0.16862379
1998 10  3     0.15681675
1998 10  4     0.14941745
1998 10  5     0.13853860
1998 10  6     0.12855214
1998 10  7     0.12307128
1998 10  8     0.11895602
1998 10  9     0.11732111
1998 10 10     0.11450977
1998 10 11     0.11160289
1998 10 12     0.10414972
1998 10 13     0.10032684
1998 10 14     0.09896344
1998 10 15     0.09639587
1998 10 16     0.09613248
1998 10 17     0.09371283
1998 10 18     0.08797665
1998 10 19     0.08229636
1998 10 20     0.07626694
1998 10 21     0.07997985
1998 10 22     0.07373908
1998 10 23     0.06882936
1998 10 24     0.44924054
1998 10 25     0.91293674
1998 10 26     0.66711304
1998 10 27     0.26803424
1998 10 28     0.15484435
1998 10 29     0.12867147
1998 10 30     0.21653735
1998 10 31     0.14975444
1998 11  1     0.45345874
1998 11  2     0.28513258
1998 11  3     0.30101763
1998 11  4     0.19279959
1998 11  5     0.13813339
1998 11  6     0.49521596
1998 11  7     0.60702562
1998 11  8     0.37043114
1998 11  9     0.24905688
1998 11 10     0.17555481
1998 11 11     0.53118199
1998 11 12     0.29671741
1998 11 13     0.20838304
1998 11 14     0.17963363
1998 11 15     0.17955183
1998 11 16     0.62015289
1998 11 17     0.57893576
1998 11 18     0.28313083
1998 11 19     0.20435187
1998 11 20     0.16920689
1998 11 21     0.14132694
1998 11 22     1.43859776
1998 11 23     1.73202069
1998 11 24     2.18552377
1998 11 25     1.12369734
1998 11 26     0.67336513
1998 11 27     0.51945160
1998 11 28     0.88179785
1998 11 29     0.80739605
1998 11 30     1.82214220
1998 12  1     5.31766030
1998 12  2     2.82322584
1998 12  3     3.15924516
1998 12  4     2.54363673
1998 12  5     1.39582534
1998 12  6     1.15138391
1998 12  7     0.91773154
1998 12  8     0.81816405
1998 12  9     0.70823251
1998 12 10     0.63318881
1998 12 11     0.58979423
1998 12 12     0.55731449
1998 12 13     0.53249873
1998 12 14     1.59891038
1998 12 15     0.92508528
1998 12 16     0.65633084
1998 12 17     0.61303453
1998 12 18     0.55155292
1998 12 19     0.52567370
1998 12 20     0.56059959
1998 12 21     0.46231033
1998 12 22     0.43122525
1998 12 23     0.40666549
1998 12 24     0.38510039
1998 12 25     0.36879484
1998 12 26     0.35743603
1998 12 27     0.35087840
1998 12 28     0.33760851
1998 12 29     0.33133024
1998 12 30     0.32617575
1998 12 31     0.32228711
1999  1  1     0.30809649
1999  1  2     0.32036683
1999  1  3     0.31131333
1999  1  4     0.30286283
1999  1  5     0.28714720
1999  1  6     0.28386576
1999  1  7     0.28634756
1999  1  8     0.27031669
1999  1  9     0.25461332
1999  1 10     0.26552982
1999  1 11     0.27456490
1999  1 12     0.27144626
1999  1 13     0.26034196
1999  1 14     0.25344889
1999  1 15     1.31041451
1999  1 16     4.15044178
1999  1 17     3.80905746
1999  1 18     7.16452662
1999  1 19     8.93928305
1999  1 20    14.44296544
1999  1 21     9.23530531
1999  1 22     4.28396942
1999  1 23     6.62264475
1999  1 24     4.31348275
1999  1 25     2.98760471
1999  1 26     3.14167171
1999  1 27     2.46231060
1999  1 28     2.13212548
1999  1 29     1.94395548
1999  1 30     1.81421808
1999  1 31     3.60559680
1999  2  1     2.82928661
1999  2  2     1.96502774
1999  2  3     1.77704918
1999  2  4     1.67807062
1999  2  5     1.57197550
1999  2  6     5.16229401
1999  2  7    13.71738285
1999  2  8    12.27224286
1999  2  9    18.74569305
1999  2 10     8.66798024
1999  2 11     4.85484558
1999  2 12     4.15648101
1999  2 13     3.81160509
1999  2 14     3.94439236
1999  2 15     3.51958844
1999  2 16     3.97984732
1999  2 17    14.87569200
1999  2 18    10.05572565
1999  2 19     6.94743315
1999  2 20     4.89470150
1999  2 21    12.77312767
1999  2 22     6.22912210
1999  2 23     4.48698608
1999  2 24     4.11418647
1999  2 25     7.18933005
1999  2 26     4.95118580
1999  2 27     4.01941788
1999  2 28     3.81654100
1999  3  1     4.11774976
1999  3  2     3.78993723
1999  3  3     7.56051067
1999  3  4     5.31685070
1999  3  5     3.90869385
1999  3  6     3.55961954
1999  3  7     3.29728535
1999  3  8     3.09977195
1999  3  9     6.13422746
1999  3 10     3.66002726
1999  3 11     3.08001723
1999  3 12     2.90220648
1999  3 13     2.80056068
1999  3 14     2.87706208
1999  3 15     2.75850783
1999  3 16     2.78174395
1999  3 17     2.82969482
1999  3 18     2.93563589
1999  3 19     3.10315932
1999  3 20     3.48637484
1999  3 21     3.13768742
1999  3 22     2.71653409
1999  3 23     2.87182954
1999  3 24     2.65390641
1999  3 25     2.95110241
1999  3 26     3.02775294
1999  3 27     2.93558150
1999  3 28     2.72087112
1999  3 29     2.41696640
1999  3 30     2.35326515
1999  3 31     3.38899335
1999  4  1     2.35699759
1999  4  2     2.06926603
1999  4  3     1.96247288
1999  4  4     2.01956235
1999  4  5     2.14967438
1999  4  6     3.41157524
1999  4  7     2.25779763
1999  4  8     4.18021118
1999  4  9     2.62272612
1999  4 10     2.01944977
1999  4 11     2.59975663
1999  4 12     2.57235118
1999  4 13     2.96908030
1999  4 14     3.39116982
1999  4 15     3.69602394
1999  4 16     3.51608447
1999  4 17     3.80332845
1999  4 18     3.97373480
1999  4 19     5.20853437
1999  4 20     5.49215384
1999  4 21     4.99905901
1999  4 22     4.32683808
1999  4 23     3.80165177
1999  4 24     3.97865583
1999  4 25     3.46543341
1999  4 26     3.66759439
1999  4 27     3.73738513
1999  4 28     2.85276215
1999  4 29     2.40416268
1999  4 30     2.98010466
1999  5  1     3.34244287
1999  5  2     3.54872649
1999  5  3     3.35430730
1999  5  4     2.97458885
1999  5  5     2.79059480
1999  5  6     3.47499691
1999  5  7     4.60302487
1999  5  8     3.76671394
1999  5  9     2.76300128
1999  5 10     3.06694304
1999  5 11     4.38038446
1999  5 12     4.99657505
1999  5 13     4.41594960
1999  5 14     3.22141110
1999  5 15     2.41213015
1999  5 16     2.25616234
1999  5 17     2.95722607
1999  5 18     3.38147847
1999  5 19     4.50159980
1999  5 20     5.16360743
1999  5 21     5.39343051
1999  5 22     6.07796679
1999  5 23     7.20109437
1999  5 24     7.91197453
1999  5 25     7.34469114
1999  5 26     7.29293608
1999  5 27     6.94876278
1999  5 28     6.51681544
1999  5 29     6.07655505
1999  5 30     5.09772384
1999  5 31     4.56241539
1999  6  1     4.38639386
1999  6  2     4.24180282
1999  6  3     3.18767377
1999  6  4     2.41861121
1999  6  5     2.97080897
1999  6  6     3.13829783
1999  6  7     2.68494247
1999  6  8     2.31175653
1999  6  9     2.29146813
1999  6 10     2.56179972
1999  6 11     2.91986559
1999  6 12     3.32632453
1999  6 13     3.79026144
1999  6 14     3.88447600
1999  6 15     3.76296812
1999  6 16     3.36260031
1999  6 17     3.08160117
1999  6 18     3.00265267
1999  6 19     2.97503718
1999  6 20     2.94729208
1999  6 21     2.70690097
1999  6 22     2.22432176
1999  6 23     1.73054221
1999  6 24     1.44166157
1999  6 25     1.28101235
1999  6 26     1.16230149
1999  6 27     1.07649524
1999  6 28     1.00674165
1999  6 29     0.94699407
1999  6 30     0.89304857
1999  7  1     0.84532073
1999  7  2     0.80600126
1999  7  3     0.77781116
1999  7  4     0.75128694
1999  7  5     0.72076680
1999  7  6     0.68818515
1999  7  7     0.65865385
1999  7  8     0.63264328
1999  7  9     0.60861604
1999  7 10     0.58426818
1999  7 11     0.56025053
1999  7 12     0.53684330
1999  7 13     0.51634384
1999  7 14     0.60396781
1999  7 15     0.53335361
1999  7 16     0.47703020
1999  7 17     0.46461971
1999  7 18     0.45027757
1999  7 19     0.43527610
1999  7 20     0.42405720
1999  7 21     0.41318986
1999  7 22     0.39912917
1999  7 23     0.38343714
1999  7 24     0.37401593
1999  7 25     0.36214729
1999  7 26     0.34823720
1999  7 27     0.33559036
1999  7 28     0.32454753
1999  7 29     0.31544411
1999  7 30     0.30546047
1999  7 31     0.29589833
1999  8  1     0.28723020
1999  8  2     0.27887210
1999  8  3     0.27061997
1999  8  4     0.33475428
1999  8  5     0.38537809
1999  8  6     0.29173896
1999  8  7     0.24685338
1999  8  8     0.23727200
1999  8  9     0.23111984
1999  8 10     0.26096267
1999  8 11     0.29935673
1999  8 12     0.23691062
1999  8 13     0.20012387
1999  8 14     0.19393265
1999  8 15     0.18858996
1999  8 16     0.18177551
1999  8 17     0.17590366
1999  8 18     0.17066891
1999  8 19     0.16563725
1999  8 20     0.16075390
1999  8 21     0.15601460
1999  8 22     0.15142492
1999  8 23     0.14762757
1999  8 24     0.14292125
1999  8 25     0.13841509
1999  8 26     0.13433921
1999  8 27     0.23712547
1999  8 28     0.16880165
1999  8 29     0.12285788
1999  8 30     0.11918080
1999  8 31     0.11671027
1999  9  1     0.11284340
1999  9  2     0.10921754
1999  9  3     0.10577038
1999  9  4     0.10262017
1999  9  5     0.09959493
1999  9  6     0.09665933
1999  9  7     0.09380993
1999  9  8     0.09104446
1999  9  9     0.08836087
1999  9 10     0.08794260
1999  9 11     0.08469031
1999  9 12     0.08105687
1999  9 13     0.07839370
1999  9 14     0.07608284
1999  9 15     0.07384011
1999  9 16     0.07166349
1999  9 17     0.06955103
1999  9 18     0.06758468
1999  9 19     0.09617825
1999  9 20     0.07658254
1999  9 21     0.06223569
1999  9 22     0.06014238
1999  9 23     0.05836241
1999  9 24     0.05654896
1999  9 25     0.05474549
1999  9 26     0.05313173
1999  9 27     0.05156554
1999  9 28     0.05004551
1999  9 29     0.04857030
1999  9 30     0.04713857
1999 10  1     0.04574904
1999 10  2     0.04440047
1999 10  3     0.04309165
1999 10  4     0.04182142
1999 10  5     0.04058863
1999 10  6     0.03946457
1999 10  7     0.03940468
1999 10  8     0.03763259
1999 10  9     0.03601032
1999 10 10     0.03494881
1999 10 11     0.03391861
1999 10 12     0.03291877
1999 10 13     0.03194841
1999 10 14     0.03100665
1999 10 15     0.03009265
1999 10 16     0.02920559
1999 10 17     0.02834468
1999 10 18     0.02750915
1999 10 19     0.02669825
1999 10 20     0.02591125
1999 10 21     0.02514745
1999 10 22     0.02440617
1999 10 23     0.02368674
1999 10 24     0.02298851
1999 10 25     0.02231087
1999 10 26     0.02165320
1999 10 27     0.02978322
1999 10 28     1.35815536
1999 10 29     0.62824226
1999 10 30     0.17134007
1999 10 31     0.09329149
1999 11  1     0.05458695
1999 11  2     0.03715911
1999 11  3     0.02737349
1999 11  4     0.02158099
1999 11  5     0.01763180
1999 11  6     0.02050900
1999 11  7     0.07141269
1999 11  8     1.14686611
1999 11  9     0.62151784
1999 11 10     0.20450192
1999 11 11     0.10864281
1999 11 12     0.05517340
1999 11 13     0.03380360
1999 11 14     0.02886027
1999 11 15     0.04221235
1999 11 16     0.02574456
1999 11 17     0.90301667
1999 11 18     0.41734851
1999 11 19     0.29389657
1999 11 20     0.83815824
1999 11 21     0.41898117
1999 11 22     0.18502393
1999 11 23     0.10883112
1999 11 24     0.06236858
1999 11 25     0.03546457
1999 11 26     0.02512033
1999 11 27     0.02062079
1999 11 28     0.01634855
1999 11 29     0.39744750
1999 11 30     0.34538982
1999 12  1     0.46098010
1999 12  2     0.21542299
1999 12  3     0.13975708
1999 12  4     0.08281513
1999 12  5     0.05702870
1999 12  6     0.04062649
1999 12  7     0.05333067
1999 12  8     0.04151684
1999 12  9     0.02575753
1999 12 10     0.04264032
1999 12 11     0.02554067
1999 12 12     0.02527780
1999 12 13     0.11675586
1999 12 14     0.05091982
1999 12 15     0.03155299
1999 12 16     0.02577193
1999 12 17     0.02284782
1999 12 18     0.02248619
1999 12 19     0.01819611
1999 12 20     0.01487474
1999 12 21     0.01292819
1999 12 22     0.01172816
1999 12 23     0.00980410
1999 12 24     0.00827595
1999 12 25     0.00766661
1999 12 26     0.00719848
1999 12 27     0.00674507
1999 12 28     0.00617139
1999 12 29     0.00597408
1999 12 30     0.00597002
1999 12 31     0.00568443
2000  1  1     0.00623681
2000  1  2     0.01517722
2000  1  3     0.00998330
2000  1  4     0.01071539
2000  1  5     0.00807704
2000  1  6     0.00644962
2000  1  7     0.00639124
2000  1  8     0.00665528
2000  1  9     0.01100213
2000  1 10     0.00786537
2000  1 11     0.36847471
2000  1 12     0.57612016
2000  1 13     0.22694743
2000  1 14     0.13164039
2000  1 15     1.09692482
2000  1 16     1.68872670
2000  1 17     1.28183556
2000  1 18     4.63487952
2000  1 19     3.88062246
2000  1 20     3.04714945
2000  1 21     2.27732406
2000  1 22     1.45023359
2000  1 23     1.39374418
2000  1 24     9.83144851
2000  1 25    15.15352508
2000  1 26     6.47263283
2000  1 27     3.13803406
2000  1 28     2.46656262
2000  1 29     2.08529643
2000  1 30     1.94154275
2000  1 31     3.85780241
2000  2  1     2.23675135
2000  2  2     1.78648716
2000  2  3     1.70016392
2000  2  4     3.99767195
2000  2  5     2.36699036
2000  2  6     1.81447864
2000  2  7     1.67518598
2000  2  8     1.58779241
2000  2  9     1.50711640
2000  2 10     3.88822466
2000  2 11     4.55134599
2000  2 12     7.77697813
2000  2 13     9.16566920
2000  2 14    20.86797470
2000  2 15    11.12083496
2000  2 16     6.58002645
2000  2 17     5.40798295
2000  2 18     4.04302106
2000  2 19     3.56862613
2000  2 20     3.36217765
2000  2 21     5.55914168
2000  2 22     4.32807558
2000  2 23    15.35351022
2000  2 24     6.58572720
2000  2 25     4.17672506
2000  2 26     3.87148440
2000  2 27    19.82660409
2000  2 28    13.66010381
2000  2 29     7.02106724
2000  3  1     5.95679703
2000  3  2     4.71903977
2000  3  3     4.24892836
2000  3  4     4.03230644
2000  3  5     6.57677510
2000  3  6     4.71136759
2000  3  7     3.90308229
2000  3  8     6.21797662
2000  3  9     5.54735555
2000  3 10     3.88462225
2000  3 11     3.47697424
2000  3 12     3.45446303
2000  3 13     3.87952313
2000  3 14     4.45963757
2000  3 15     4.41454136
2000  3 16     3.89599495
2000  3 17     3.36712697
2000  3 18     3.22089281
2000  3 19     3.71847953
2000  3 20     3.23836114
2000  3 21     2.88085929
2000  3 22     2.76017600
2000  3 23     3.16124071
2000  3 24     2.95758506
2000  3 25     2.86592596
2000  3 26     2.83722853
2000  3 27     2.85094397
2000  3 28     2.75937385
2000  3 29     2.77898909
2000  3 30     2.51408636
2000  3 31     2.33337290
2000  4  1     2.52229080
2000  4  2     2.89085267
2000  4  3     3.31473209
2000  4  4     3.85919282
2000  4  5     3.82253752
2000  4  6     3.79986285
2000  4  7     3.62995688
2000  4  8     3.57923816
2000  4  9     3.28495248
2000  4 10     2.82693152
2000  4 11     2.93570171
2000  4 12     3.37358398
2000  4 13     6.05437811
2000  4 14     4.70871910
2000  4 15     2.89428152
2000  4 16     2.58551973
2000  4 17     3.71583205
2000  4 18     4.56142712
2000  4 19     2.89649857
2000  4 20     2.51333541
2000  4 21     2.87679215
2000  4 22     3.06950428
2000  4 23     2.78089350
2000  4 24     2.20147982
2000  4 25     2.48566185
2000  4 26     2.77322772
2000  4 27     3.26260486
2000  4 28     3.31622260
2000  4 29     2.39478885
2000  4 30     2.24713621
2000  5  1     2.91200038
2000  5  2     3.26627483
2000  5  3     3.22719040
2000  5  4     3.53873261
2000  5  5     3.69549117
2000  5  6     3.40662028
2000  5  7     4.44790153
2000  5  8    10.13072771
2000  5  9     6.39490512
2000  5 10     3.86945041
2000  5 11     2.97522821
2000  5 12     2.43373789
2000  5 13     2.33037631
2000  5 14     2.23903725
2000  5 15     3.40841162
2000  5 16     6.07801315
2000  5 17     4.13152279
2000  5 18     3.00183669
2000  5 19     3.13328595
2000  5 20     3.28023254
2000  5 21     3.41527154
2000  5 22     3.55979448
2000  5 23     3.39088314
2000  5 24     3.55345300
2000  5 25     2.93928605
2000  5 26     2.38849542
2000  5 27     2.04575714
2000  5 28     1.71351233
2000  5 29     1.52380571
2000  5 30     1.41106755
2000  5 31     1.31486988
2000  6  1     1.23304837
2000  6  2     1.16467664
2000  6  3     1.10788402
2000  6  4     1.05630188
2000  6  5     1.01119919
2000  6  6     0.97233100
2000  6  7     0.93409030
2000  6  8     1.27138140
2000  6  9     1.08899805
2000  6 10     0.91925295
2000  6 11     0.85092204
2000  6 12     0.80634871
2000  6 13     0.76778318
2000  6 14     0.73196502
2000  6 15     0.70313605
2000  6 16     0.67863627
2000  6 17     0.65946699
2000  6 18     0.64024875
2000  6 19     0.62164473
2000  6 20     0.60211158
2000  6 21     0.58085818
2000  6 22     0.56233097
2000  6 23     0.61826763
2000  6 24     0.56051694
2000  6 25     0.51462402
2000  6 26     0.49887502
2000  6 27     0.48238520
2000  6 28     0.46464462
2000  6 29     0.45067733
2000  6 30     0.44160439
2000  7  1     0.43054221
2000  7  2     0.41804580
2000  7  3     0.40796955
2000  7  4     0.39737159
2000  7  5     0.38608703
2000  7  6     0.37605797
2000  7  7     0.36399274
2000  7  8     0.35381828
2000  7  9     0.34167790
2000  7 10     0.32771693
2000  7 11     0.31691191
2000  7 12     0.30497395
2000  7 13     0.29736747
2000  7 14     0.28890737
2000  7 15     0.27706037
2000  7 16     0.26766190
2000  7 17     0.26400059
2000  7 18     0.25536032
2000  7 19     0.24480819
2000  7 20     0.23487521
2000  7 21     0.22494563
2000  7 22     0.22144256
2000  7 23     0.21164817
2000  7 24     0.20328358
2000  7 25     0.19593190
2000  7 26     0.19019397
2000  7 27     0.18543373
2000  7 28     0.18007917
2000  7 29     0.17199294
2000  7 30     0.16455061
2000  7 31     0.15926321
2000  8  1     0.15454874
2000  8  2     0.15667510
2000  8  3     0.15014306
2000  8  4     0.14236642
2000  8  5     0.13714340
2000  8  6     0.13307338
2000  8  7     0.12915026
2000  8  8     0.12534323
2000  8  9     0.12164840
2000  8 10     0.11837127
2000  8 11     0.11553327
2000  8 12     0.11135206
2000  8 13     0.10792634
2000  8 14     0.10474500
2000  8 15     0.10165734
2000  8 16     0.09866069
2000  8 17     0.09575242
2000  8 18     0.09292988
2000  8 19     0.09019054
2000  8 20     0.08753194
2000  8 21     0.08495172
2000  8 22     0.08244755
2000  8 23     0.08001720
2000  8 24     0.07765850
2000  8 25     0.07536932
2000  8 26     0.07314762
2000  8 27     0.07099141
2000  8 28     0.06889876
2000  8 29     0.06702969
2000  8 30     0.07499392
2000  8 31     0.07662306
2000  9  1     0.06934069
2000  9  2     1.15002718
2000  9  3     0.58906679
2000  9  4     0.21111216
2000  9  5     0.12178546
2000  9  6     0.08830757
2000  9  7     0.06837612
2000  9  8     0.05704931
2000  9  9     0.05100499
2000  9 10     0.04731662
2000  9 11     0.04536802
2000  9 12     0.04398407
2000  9 13     0.04268753
2000  9 14     0.04142921
2000  9 15     0.04020798
2000  9 16     0.03902275
2000  9 17     0.03787245
2000  9 18     0.03675607
2000  9 19     0.03567259
2000  9 20     0.03462105
2000  9 21     0.03360051
2000  9 22     0.03356921
2000  9 23     0.05189312
2000  9 24     0.03736652
2000  9 25     0.02985998
2000  9 26     0.02893169
2000  9 27     0.02807886
2000  9 28     0.02725116
2000  9 29     0.02644787
2000  9 30     0.02566825
2000 10  1     0.02491161
2000 10  2     0.02417728
2000 10  3     0.02346459
2000 10  4     0.02277292
2000 10  5     0.02210163
2000 10  6     0.02145013
2000 10  7     0.02081783
2000 10  8     0.02020417
2000 10  9     0.01960860
2000 10 10     0.84012860
2000 10 11     0.41553380
2000 10 12     0.26000149
2000 10 13     0.15800235
2000 10 14     0.08035181
2000 10 15     0.04763349
2000 10 16     0.03273404
2000 10 17     0.02412486
2000 10 18     0.01869928
2000 10 19     0.01572872
2000 10 20     0.01423387
2000 10 21     0.02278362
2000 10 22     0.01736782
2000 10 23     0.01402260
2000 10 24     0.01269175
2000 10 25     0.01214888
2000 10 26     0.51569978
2000 10 27     0.44758476
2000 10 28     0.18724840
2000 10 29     1.61842820
2000 10 30     0.82151615
2000 10 31     0.33884622
2000 11  1     0.21731808
2000 11  2     0.13177977
2000 11  3     0.08686852
2000 11  4     0.05396062
2000 11  5     0.04073991
2000 11  6     0.02899322
2000 11  7     0.02487724
2000 11  8     0.02001408
2000 11  9     0.01906646
2000 11 10     0.21322401
2000 11 11     0.17028572
2000 11 12     0.12239562
2000 11 13     0.08537942
2000 11 14     0.09154454
2000 11 15     0.05330043
2000 11 16     0.04184513
2000 11 17     0.03174783
2000 11 18     0.02497652
2000 11 19     0.02130798
2000 11 20     0.02054042
2000 11 21     0.02231072
2000 11 22     0.04199771
2000 11 23     0.02304928
2000 11 24     0.02527794
2000 11 25     0.02497907
2000 11 26     0.03031760
2000 11 27     0.02891603
2000 11 28     0.02709604
2000 11 29     0.13179570
2000 11 30     0.38648253
2000 12  1     0.16357131
2000 12  2     0.08543430
2000 12  3     0.05408683
2000 12  4     0.04190421
2000 12  5     0.03220617
2000 12  6     0.02673219
2000 12  7     0.02512450
2000 12  8     0.02183667
2000 12  9     0.01875908
2000 12 10     0.02224605
2000 12 11     0.01544759
2000 12 12     0.39137402
2000 12 13     0.17495694
2000 12 14     0.38837016
2000 12 15     0.89141396
2000 12 16     0.40002321
2000 12 17     0.21755023
2000 12 18     0.15076908
2000 12 19     0.10464445
2000 12 20     0.08299656
2000 12 21     0.09323592
2000 12 22     0.08435229
2000 12 23     0.06499308
2000 12 24     0.05571010
2000 12 25     0.05058004
2000 12 26     0.04710564
2000 12 27     0.04490886
2000 12 28     0.04428558
2000 12 29     0.04543131
2000 12 30     0.04510472
2000 12 31     0.04374221
2001  1  1     0.04092250
2001  1  2     0.03913934
2001  1  3     0.03801186
2001  1  4     0.03880178
2001  1  5     0.03904880
2001  1  6     0.03819093
2001  1  7     0.03654711
2001  1  8     0.13266034
2001  1  9     0.19523907
2001  1 10     0.11937825
2001  1 11     1.78639232
2001  1 12     0.76066640
2001  1 13     0.35735989
2001  1 14     0.23361702
2001  1 15     0.16974483
2001  1 16     0.13403057
2001  1 17     0.11133394
2001  1 18     0.09911067
2001  1 19     0.09178376
2001  1 20     0.08634389
2001  1 21     0.08200244
2001  1 22     0.08009162
2001  1 23     0.07805798
2001  1 24     3.01629114
2001  1 25     1.20404788
2001  1 26     1.87174166
2001  1 27     0.83767713
2001  1 28     0.54982562
2001  1 29     0.52732361
2001  1 30     0.43232277
2001  1 31     0.36502509
2001  2  1     0.32195153
2001  2  2     0.29829967
2001  2  3     0.28437457
2001  2  4     0.31370053
2001  2  5     0.37156029
2001  2  6     0.35749531
2001  2  7     0.36772366
2001  2  8     0.29162400
2001  2  9     0.27515574
2001  2 10     0.96672449
2001  2 11     2.08682053
2001  2 12     1.30045461
2001  2 13     0.61282446
2001  2 14     0.47733619
2001  2 15     0.39837557
2001  2 16     0.36583298
2001  2 17     0.35410358
2001  2 18     0.47184465
2001  2 19     0.91741312
2001  2 20     2.48215454
2001  2 21     2.08875441
2001  2 22     1.69974694
2001  2 23     1.51055526
2001  2 24     1.73956318
2001  2 25     2.16055863
2001  2 26     1.05625614
2001  2 27     0.78334622
2001  2 28     0.69796937
2001  3  1     0.61176391
2001  3  2     0.68991552
2001  3  3     1.20022528
2001  3  4     2.75465203
2001  3  5     4.81532168
2001  3  6     3.36047855
2001  3  7     1.95621703
2001  3  8     1.65876421
2001  3  9     1.50738267
2001  3 10     1.37992169
2001  3 11     1.25049448
2001  3 12     1.21969839
2001  3 13     1.26011654
2001  3 14     1.40649853
2001  3 15     1.38685508
2001  3 16     1.35708017
2001  3 17     1.48912753
2001  3 18     1.54737889
2001  3 19     1.75126597
2001  3 20     1.93528176
2001  3 21     1.99083459
2001  3 22     2.01881878
2001  3 23     2.03764021
2001  3 24     2.13040090
2001  3 25     3.71049997
2001  3 26     2.95067921
2001  3 27     2.40151215
2001  3 28     2.59951709
2001  3 29     2.48412681
2001  3 30     2.40479972
2001  3 31     7.13427023
2001  4  1     4.29589127
2001  4  2     2.48459466
2001  4  3     2.00101486
2001  4  4     1.77865613
2001  4  5     1.61640792
2001  4  6     1.50096926
2001  4  7     4.52131201
2001  4  8     2.49109081
2001  4  9     1.79944489
2001  4 10     1.61366667
2001  4 11     1.54691138
2001  4 12     3.63837740
2001  4 13     1.99717640
2001  4 14     1.62373686
2001  4 15     1.65307691
2001  4 16     2.18480502
2001  4 17     2.49971921
2001  4 18     2.55468184
2001  4 19     3.40620824
2001  4 20     7.27168764
2001  4 21     5.59928678
2001  4 22     2.89715510
2001  4 23     2.70606391
2001  4 24     3.61373268
2001  4 25     4.80895216
2001  4 26     4.68075845
2001  4 27     4.53691772
2001  4 28     3.97417094
2001  4 29     3.46684116
2001  4 30     3.80432390
2001  5  1     4.03862430
2001  5  2     3.44519272
2001  5  3     2.85066072
2001  5  4     2.77100167
2001  5  5     3.12733145
2001  5  6     3.32132375
2001  5  7     3.58007236
2001  5  8     3.79531706
2001  5  9     3.78247760
2001  5 10     3.40229985
2001  5 11     2.73974531
2001  5 12     2.26409827
2001  5 13     1.94373570
2001  5 14     1.74082620
2001  5 15     1.59055230
2001  5 16     1.48127976
2001  5 17     1.39494003
2001  5 18     1.31934180
2001  5 19     1.25520890
2001  5 20     1.19655615
2001  5 21     1.14248022
2001  5 22     1.09449922
2001  5 23     1.07907737
2001  5 24     1.02428794
2001  5 25     0.97432330
2001  5 26     0.93961263
2001  5 27     0.90729446
2001  5 28     0.87920016
2001  5 29     0.85056925
2001  5 30     0.81746733
2001  5 31     0.78285815
2001  6  1     0.75484615
2001  6  2     0.73816905
2001  6  3     0.72166242
2001  6  4     0.70016315
2001  6  5     0.67637696
2001  6  6     0.65511009
2001  6  7     0.63142122
2001  6  8     0.60806910
2001  6  9     0.59229356
2001  6 10     0.57521454
2001  6 11     0.55904483
2001  6 12     0.54337661
2001  6 13     0.52854735
2001  6 14     0.51008097
2001  6 15     0.49141429
2001  6 16     0.47394196
2001  6 17     0.45554079
2001  6 18     0.44129379
2001  6 19     0.42694201
2001  6 20     0.41259357
2001  6 21     0.39882175
2001  6 22     0.38540730
2001  6 23     0.37360411
2001  6 24     0.36685297
2001  6 25     0.35871348
2001  6 26     0.36600806
2001  6 27     0.34520295
2001  6 28     0.34124280
2001  6 29     0.32308895
2001  6 30     0.30494417
2001  7  1     0.29382953
2001  7  2     0.28244116
2001  7  3     0.31560349
2001  7  4     0.30760767
2001  7  5     0.27160639
2001  7  6     0.25181317
2001  7  7     0.26035352
2001  7  8     0.24294993
2001  7  9     0.22920295
2001  7 10     0.32378847
2001  7 11     0.26508206
2001  7 12     0.21086398
2001  7 13     0.20396684
2001  7 14     0.19687302
2001  7 15     0.19140433
2001  7 16     0.18644875
2001  7 17     0.18261593
2001  7 18     0.17682911
2001  7 19     0.16992951
2001  7 20     0.16474665
2001  7 21     0.15976824
2001  7 22     0.15508197
2001  7 23     0.15027608
2001  7 24     0.14580622
2001  7 25     0.14150749
2001  7 26     0.13733634
2001  7 27     0.13328809
2001  7 28     0.12935859
2001  7 29     0.12554525
2001  7 30     0.12184447
2001  7 31     0.11825280
2001  8  1     0.11476700
2001  8  2     0.11138396
2001  8  3     0.10810063
2001  8  4     0.10491410
2001  8  5     0.10182149
2001  8  6     0.09882004
2001  8  7     0.09590708
2001  8  8     0.09307997
2001  8  9     0.34539093
2001  8 10     0.19609106
2001  8 11     0.08509145
2001  8 12     0.08258072
2001  8 13     0.08014644
2001  8 14     0.07778393
2001  8 15     0.07549105
2001  8 16     0.07326576
2001  8 17     0.07110607
2001  8 18     0.06901004
2001  8 19     0.06697579
2001  8 20     0.06500151
2001  8 21     0.06308543
2001  8 22     0.06122583
2001  8 23     0.05942104
2001  8 24     0.05766946
2001  8 25     0.05596951
2001  8 26     0.05431967
2001  8 27     0.05271846
2001  8 28     0.05116445
2001  8 29     0.04965625
2001  8 30     0.04819250
2001  8 31     0.04677191
2001  9  1     0.04539319
2001  9  2     0.04405511
2001  9  3     0.04275648
2001  9  4     0.04149612
2001  9  5     0.04027292
2001  9  6     0.03908577
2001  9  7     0.03793362
2001  9  8     0.03681543
2001  9  9     0.03573021
2001  9 10     0.03467697
2001  9 11     0.03365478
2001  9 12     0.03268656
2001  9 13     0.03171061
2001  9 14     0.03076547
2001  9 15     0.02985858
2001  9 16     0.02897842
2001  9 17     0.02812421
2001  9 18     0.02729518
2001  9 19     0.02649058
2001  9 20     0.02570971
2001  9 21     0.02495185
2001  9 22     0.02421633
2001  9 23     0.02350249
2001  9 24     0.02280970
2001  9 25     0.35100141
2001  9 26     0.18379684
2001  9 27     0.04230672
2001  9 28     0.03113379
2001  9 29     0.02446753
2001  9 30     0.02004882
2001 10  1     0.01856897
2001 10  2     0.01795413
2001 10  3     0.01742489
2001 10  4     0.01691124
2001 10  5     0.01641274
2001 10  6     0.01592894
2001 10  7     0.01545939
2001 10  8     0.01500369
2001 10  9     0.01456141
2001 10 10     0.01413218
2001 10 11     0.01371560
2001 10 12     0.01331130
2001 10 13     0.01291891
2001 10 14     0.01253810
2001 10 15     0.01216850
2001 10 16     0.01180981
2001 10 17     0.01146168
2001 10 18     0.01112382
2001 10 19     0.01079592
2001 10 20     0.01047768
2001 10 21     0.01016883
2001 10 22     0.00986907
2001 10 23     0.00957816
2001 10 24     0.00929582
2001 10 25     0.00902180
2001 10 26     0.00875586
2001 10 27     0.00849776
2001 10 28     0.00824727
2001 10 29     0.00800416
2001 10 30     0.09802071
2001 10 31     0.46031015
2001 11  1     0.21069042
2001 11  2     0.05008402
2001 11  3     0.03097988
2001 11  4     0.01958785
2001 11  5     0.01274029
2001 11  6     0.00887524
2001 11  7     0.00698564
2001 11  8     0.00602858
2001 11  9     0.00575940
2001 11 10     0.00558963
2001 11 11     0.34838099
2001 11 12     0.21407172
2001 11 13     0.95274545
2001 11 14     0.46430589
2001 11 15     0.12435849
2001 11 16     0.06796066
2001 11 17     0.03757293
2001 11 18     0.02293559
2001 11 19     0.01455573
2001 11 20     0.00933108
2001 11 21     0.05896850
2001 11 22     1.82022074
2001 11 23     0.83066152
2001 11 24     0.61067796
2001 11 25     0.59060187
2001 11 26     0.30595772
2001 11 27     0.18804982
2001 11 28     0.11058795
2001 11 29     0.30513109
2001 11 30     0.22638645
2001 12  1     0.36984875
2001 12  2     1.05468129
2001 12  3     2.48819005
2001 12  4     0.97519812
2001 12  5     0.55611130
2001 12  6     0.65039750
2001 12  7     0.37487204
2001 12  8     0.26403608
2001 12  9     0.40423310
2001 12 10     0.24743054
2001 12 11     0.20046672
2001 12 12     0.17367612
2001 12 13     0.15581184
2001 12 14     1.09536985
2001 12 15     0.58635215
2001 12 16     0.33223820
2001 12 17     0.39283810
2001 12 18     0.74287302
2001 12 19     0.37448672
2001 12 20     1.30007585
2001 12 21     1.20261696
2001 12 22     0.55392378
2001 12 23     1.97025903
2001 12 24     0.82559801
2001 12 25     0.52847343
2001 12 26     0.44162620
2001 12 27     0.38393513
2001 12 28     0.37520042
2001 12 29     2.72881531
2001 12 30     1.52320435
2001 12 31     3.15273388
2002  1  1     1.47518832
2002  1  2     1.31805678
2002  1  3     2.88135143
2002  1  4     2.36154694
2002  1  5     1.30473623
2002  1  6     1.51517201
2002  1  7     1.18279471
2002  1  8     1.00431481
2002  1  9     0.90397870
2002  1 10     0.83822752
2002  1 11     0.79911864
2002  1 12     0.76913958
2002  1 13     0.73257279
2002  1 14     0.69550681
2002  1 15     0.66664315
2002  1 16     0.64055952
2002  1 17     0.61678636
2002  1 18     0.59495636
2002  1 19     0.57412383
2002  1 20     0.55485534
2002  1 21     0.53705978
2002  1 22     0.54904777
2002  1 23     0.51440034
2002  1 24     0.50264718
2002  1 25     0.48479563
2002  1 26     0.47739372
2002  1 27     2.53052875
2002  1 28     1.08121285
2002  1 29     0.75105520
2002  1 30     0.64816303
2002  1 31     0.57646851
2002  2  1     0.53952441
2002  2  2     0.54483672
2002  2  3     0.51820664
2002  2  4     0.48249944
2002  2  5     0.46076615
2002  2  6     0.45055181
2002  2  7     0.45995271
2002  2  8     3.23170609
2002  2  9     1.42881400
2002  2 10     0.88252405
2002  2 11     0.85366576
2002  2 12     0.83190803
2002  2 13     0.82936211
2002  2 14     0.80957391
2002  2 15     0.81724400
2002  2 16     0.83949172
2002  2 17     5.31789984
2002  2 18     3.14466803
2002  2 19     1.72169833
2002  2 20     5.82980518
2002  2 21     3.12377164
2002  2 22     2.16646944
2002  2 23     2.08551968
2002  2 24     1.75359984
2002  2 25     1.60512062
2002  2 26     1.67047105
2002  2 27     1.75254397
2002  2 28     1.68027961
2002  3  1     1.39338791
2002  3  2     1.23631147
2002  3  3     1.16967926
2002  3  4     1.14541795
2002  3  5     1.80714737
2002  3  6     7.45640049
2002  3  7    10.05320399
2002  3  8     5.17916981
2002  3  9     2.85131275
2002  3 10     2.89118585
2002  3 11     2.64439883
2002  3 12     2.45990535
2002  3 13     2.05942761
2002  3 14     1.88168699
2002  3 15     1.76497421
2002  3 16     1.85679211
2002  3 17     2.34360562
2002  3 18     1.74087282
2002  3 19     1.95420226
2002  3 20     1.78396304
2002  3 21     2.24372875
2002  3 22     2.26515220
2002  3 23     7.50883996
2002  3 24     6.45337455
2002  3 25     3.23753844
2002  3 26     2.59114215
2002  3 27     2.61345990
2002  3 28     2.80478201
2002  3 29     3.06191897
2002  3 30     3.27308248
2002  3 31     3.38409858
2002  4  1     3.56494472
2002  4  2     3.59314656
2002  4  3     3.62821166
2002  4  4     3.68070157
2002  4  5     3.25777763
2002  4  6     2.86169418
2002  4  7     2.76142082
2002  4  8     2.87140841
2002  4  9     3.03730430
2002  4 10     3.12648718
2002  4 11     3.26669623
2002  4 12     3.20254225
2002  4 13     3.41237404
2002  4 14     3.75296204
2002  4 15     2.99733158
2002  4 16     2.15965669
2002  4 17     2.09119468
2002  4 18     1.86981793
2002  4 19     1.65370554
2002  4 20     1.52221317
2002  4 21     1.52879157
2002  4 22     2.19777080
2002  4 23     2.46470328
2002  4 24     2.67592329
2002  4 25     2.83635310
2002  4 26     3.05694070
2002  4 27     2.47247818
2002  4 28     1.87372456
2002  4 29     1.69171264
2002  4 30     2.03587903
2002  5  1     1.50981743
2002  5  2     1.61135323
2002  5  3     1.81125104
2002  5  4     1.97524738
2002  5  5     2.00651188
2002  5  6     2.07095145
2002  5  7     2.04392841
2002  5  8     1.73941318
2002  5  9     1.72801898
2002  5 10     1.68251428
2002  5 11     1.56160441
2002  5 12     1.75417927
2002  5 13     1.91923004
2002  5 14     2.07375523
2002  5 15     2.14965267
2002  5 16     2.17094769
2002  5 17     2.22591787
2002  5 18     2.04103630
2002  5 19     1.69497614
2002  5 20     1.82390109
2002  5 21     4.31835472
2002  5 22     2.44633761
2002  5 23     1.90208284
2002  5 24     2.36426738
2002  5 25     1.93457136
2002  5 26     1.47094027
2002  5 27     1.28675145
2002  5 28     1.15267617
2002  5 29     1.04088146
2002  5 30     0.95925865
2002  5 31     0.89951808
2002  6  1     0.85020935
2002  6  2     0.81039376
2002  6  3     0.77389106
2002  6  4     0.73939297
2002  6  5     0.70705937
2002  6  6     0.67737465
2002  6  7     0.65175246
2002  6  8     0.62897796
2002  6  9     0.60976187
2002  6 10     0.58866291
2002  6 11     0.56646080
2002  6 12     0.54427862
2002  6 13     0.52503645
2002  6 14     0.50911061
2002  6 15     0.49316430
2002  6 16     0.47704640
2002  6 17     0.46129518
2002  6 18     0.44559606
2002  6 19     0.43234564
2002  6 20     0.41813052
2002  6 21     0.40768155
2002  6 22     0.39478040
2002  6 23     0.38271015
2002  6 24     0.37068084
2002  6 25     0.35691409
2002  6 26     0.34316984
2002  6 27     0.33419796
2002  6 28     0.32462209
2002  6 29     0.31473964
2002  6 30     0.30315776
2002  7  1     0.29060600
2002  7  2     0.27889691
2002  7  3     0.27286611
2002  7  4     0.26619844
2002  7  5     0.25811135
2002  7  6     0.24929859
2002  7  7     0.24017202
2002  7  8     0.23421115
2002  7  9     0.22424023
2002  7 10     0.21427239
2002  7 11     0.20748987
2002  7 12     0.20139531
2002  7 13     0.20212119
2002  7 14     0.19275428
2002  7 15     0.18406429
2002  7 16     0.17863480
2002  7 17     0.17674644
2002  7 18     0.17460603
2002  7 19     0.24968347
2002  7 20     0.19475165
2002  7 21     0.15382476
2002  7 22     0.14926684
2002  7 23     0.14486578
2002  7 24     0.14059542
2002  7 25     0.13644936
2002  7 26     0.13242854
2002  7 27     0.12852507
2002  7 28     0.12473495
2002  7 29     0.12105525
2002  7 30     0.11748605
2002  7 31     0.11402256
2002  8  1     0.11067787
2002  8  2     0.10908480
2002  8  3     0.10499434
2002  8  4     0.10115959
2002  8  5     0.09817788
2002  8  6     0.09528347
2002  8  7     0.09247511
2002  8  8     0.08974888
2002  8  9     0.08710292
2002  8 10     0.08453525
2002  8 11     0.08204336
2002  8 12     0.07962493
2002  8 13     0.07727778
2002  8 14     0.07499983
2002  8 15     0.07278902
2002  8 16     0.07064338
2002  8 17     0.06856099
2002  8 18     0.06653998
2002  8 19     0.06457855
2002  8 20     0.06267493
2002  8 21     0.06082743
2002  8 22     0.05903439
2002  8 23     0.05729420
2002  8 24     0.05560531
2002  8 25     0.05396621
2002  8 26     0.05237542
2002  8 27     0.05083152
2002  8 28     0.04933313
2002  8 29     0.04787891
2002  8 30     0.04646756
2002  8 31     0.04509781
2002  9  1     0.04376844
2002  9  2     0.04247826
2002  9  3     0.04122610
2002  9  4     0.04001086
2002  9  5     0.03883144
2002  9  6     0.04076996
2002  9  7     0.04708578
2002  9  8     0.03958825
2002  9  9     0.03445142
2002  9 10     0.03343578
2002  9 11     0.03245018
2002  9 12     0.03149363
2002  9 13     0.03056528
2002  9 14     0.02966429
2002  9 15     0.02878986
2002  9 16     0.02794120
2002  9 17     0.02711757
2002  9 18     0.02631821
2002  9 19     0.02554241
2002  9 20     0.02478949
2002  9 21     0.02405875
2002  9 22     0.02334956
2002  9 23     0.02266128
2002  9 24     0.02199328
2002  9 25     0.02134497
2002  9 26     0.02071577
2002  9 27     0.02010512
2002  9 28     0.01951247
2002  9 29     0.01893730
2002  9 30     0.01837907
2002 10  1     0.01783730
2002 10  2     0.02334248
2002 10  3     0.01953399
2002 10  4     0.01652089
2002 10  5     0.02362227
2002 10  6     0.01883377
2002 10  7     0.01490614
2002 10  8     0.01446666
2002 10  9     0.01404022
2002 10 10     0.01362635
2002 10 11     0.01322468
2002 10 12     0.01283485
2002 10 13     0.01245651
2002 10 14     0.01208932
2002 10 15     0.01173296
2002 10 16     0.01138710
2002 10 17     0.01105144
2002 10 18     0.01072567
2002 10 19     0.01040950
2002 10 20     0.01010266
2002 10 21     0.00980486
2002 10 22     0.00951583
2002 10 23     0.00923533
2002 10 24     0.00896310
2002 10 25     0.00869889
2002 10 26     0.00844246
2002 10 27     0.00819360
2002 10 28     0.00795207
2002 10 29     0.00771767
2002 10 30     0.00749017
2002 10 31     0.00726938
2002 11  1     0.00705509
2002 11  2     0.00684713
2002 11  3     0.00664529
2002 11  4     0.00644940
2002 11  5     0.00625929
2002 11  6     0.00607478
2002 11  7     0.15413744
2002 11  8     2.31696784
2002 11  9     3.24315780
2002 11 10     1.58524006
2002 11 11     0.76115289
2002 11 12     0.37564643
2002 11 13     0.18538642
2002 11 14     0.10700978
2002 11 15     0.05662854
2002 11 16     0.03451910
2002 11 17     0.02362411
2002 11 18     0.01608955
2002 11 19     0.01234284
2002 11 20     0.01037950
2002 11 21     0.00943715
2002 11 22     0.00612652
2002 11 23     0.00455685
2002 11 24     0.00433567
2002 11 25     0.00413585
2002 11 26     0.00395367
2002 11 27     0.00378625
2002 11 28     0.00363164
2002 11 29     0.00348813
2002 11 30     0.00335432
2002 12  1     0.00323455
2002 12  2     0.00311229
2002 12  3     0.00300046
2002 12  4     0.00289556
2002 12  5     0.00279620
2002 12  6     0.00360194
2002 12  7     0.00298429
2002 12  8     0.00254420
2002 12  9     0.00244446
2002 12 10     0.02654937
2002 12 11     0.02889078
2002 12 12     0.01423619
2002 12 13     0.23618463
2002 12 14     1.49169682
2002 12 15     2.26079625
2002 12 16     3.70576410
2002 12 17     3.48615992
2002 12 18     1.66288251
2002 12 19     0.95271334
2002 12 20     1.78308520
2002 12 21     1.76451075
2002 12 22     0.86087377
2002 12 23     0.59234368
2002 12 24     0.47619039
2002 12 25     0.40028838
2002 12 26     0.34999216
2002 12 27     0.35650090
2002 12 28     0.33154182
2002 12 29     2.96685835
2002 12 30     1.54955161
2002 12 31     1.44038203
2003  1  1     0.96428994
2003  1  2     0.64203488
2003  1  3     0.54238496
2003  1  4     0.48826882
2003  1  5     0.45954073
2003  1  6     0.44280170
2003  1  7     0.42165543
2003  1  8     0.41663866
2003  1  9     0.40170033
2003  1 10     2.47520942
2003  1 11     2.29145562
2003  1 12     1.18259632
2003  1 13     0.91564325
2003  1 14     0.82201136
2003  1 15     0.72185957
2003  1 16     0.67441865
2003  1 17     0.65638757
2003  1 18     0.65192325
2003  1 19     0.62375496
2003  1 20     0.61735133
2003  1 21     0.65947225
2003  1 22     0.77771477
2003  1 23     1.10130653
2003  1 24     1.13304541
2003  1 25     0.90891712
2003  1 26     0.85579306
2003  1 27     0.86647304
2003  1 28     0.88074592
2003  1 29     0.77938889
2003  1 30     0.78319023
2003  1 31     0.86224676
2003  2  1     0.85933174
2003  2  2     0.93414746
2003  2  3     0.70553881
2003  2  4     0.61115735
2003  2  5     0.56438306
2003  2  6     0.51918485
2003  2  7     0.48549534
2003  2  8     0.45881490
2003  2  9     0.43679384
2003  2 10     0.42003561
2003  2 11     0.42350792
2003  2 12     0.41615841
2003  2 13     1.71715403
2003  2 14     2.17870645
2003  2 15     1.26425916
2003  2 16     2.91554584
2003  2 17     1.54747871
2003  2 18     1.03988691
2003  2 19     0.89232997
2003  2 20     1.03921112
2003  2 21     0.79100627
2003  2 22     0.74886005
2003  2 23     0.70001153
2003  2 24     0.68024408
2003  2 25     1.63335315
2003  2 26     1.35957512
2003  2 27     1.15019524
2003  2 28     0.87432838
2003  3  1     0.90410821
2003  3  2     0.71885091
2003  3  3     0.65425321
2003  3  4     0.62961127
2003  3  5     0.58453949
2003  3  6     0.60120258
2003  3  7     0.62554880
2003  3  8     0.67656132
2003  3  9     0.80497431
2003  3 10     0.88491547
2003  3 11     0.87370163
2003  3 12     0.96400585
2003  3 13     1.13500322
2003  3 14     1.30482145
2003  3 15     5.01675482
2003  3 16     3.18596594
2003  3 17     1.63893083
2003  3 18     1.39145426
2003  3 19     1.15216838
2003  3 20     1.59037821
2003  3 21     1.27141331
2003  3 22     1.30993524
2003  3 23     2.75244522
2003  3 24     3.18338188
2003  3 25     2.02730717
2003  3 26     2.81003301
2003  3 27     2.28846145
2003  3 28     1.57404182
2003  3 29     1.50446364
2003  3 30     1.73428907
2003  3 31     2.11708750
2003  4  1     2.03574967
2003  4  2     2.63766321
2003  4  3     2.93315228
2003  4  4     2.60890036
2003  4  5     2.04404167
2003  4  6     1.53085713
2003  4  7     1.44339004
2003  4  8     1.66507664
2003  4  9     2.24116379
2003  4 10     2.43249440
2003  4 11     2.52866347
2003  4 12     2.39465761
2003  4 13    10.03422702
2003  4 14     6.69344633
2003  4 15     3.18658801
2003  4 16     2.47329698
2003  4 17     2.35741689
2003  4 18     2.79298716
2003  4 19     2.23580191
2003  4 20     2.10009401
2003  4 21     2.83880301
2003  4 22     2.69985200
2003  4 23     2.03202178
2003  4 24     2.06318404
2003  4 25     6.88574503
2003  4 26     7.05384991
2003  4 27     3.54049654
2003  4 28     7.03727669
2003  4 29     4.05706093
2003  4 30     3.04207332
2003  5  1     2.87086260
2003  5  2     3.19055972
2003  5  3     4.31437168
2003  5  4     5.52088909
2003  5  5     4.28375862
2003  5  6     3.15140206
2003  5  7     3.34435526
2003  5  8     2.92440784
2003  5  9     4.82267923
2003  5 10     3.88064832
2003  5 11     3.42845631
2003  5 12     3.05823276
2003  5 13     3.64762937
2003  5 14     4.11255048
2003  5 15     4.05315681
2003  5 16     4.14730394
2003  5 17     4.38800360
2003  5 18     4.10527512
2003  5 19     3.52548674
2003  5 20     3.48020008
2003  5 21     3.79241573
2003  5 22     4.09007448
2003  5 23     4.50377105
2003  5 24     4.88564533
2003  5 25     4.83608481
2003  5 26     4.44890041
2003  5 27     3.88298446
2003  5 28     3.56516005
2003  5 29     3.09009276
2003  5 30     2.52344828
2003  5 31     2.11411276
2003  6  1     1.87294003
2003  6  2     1.71942028
2003  6  3     1.59757034
2003  6  4     1.49914200
2003  6  5     1.41748664
2003  6  6     1.34632584
2003  6  7     1.28257096
2003  6  8     1.22567807
2003  6  9     1.17311529
2003  6 10     1.12715716
2003  6 11     1.08583279
2003  6 12     1.04606885
2003  6 13     1.00777995
2003  6 14     0.97046435
2003  6 15     0.93384195
2003  6 16     0.89801462
2003  6 17     0.86301473
2003  6 18     0.83365557
2003  6 19     0.81218086
2003  6 20     0.78885461
2003  6 21     0.76559712
2003  6 22     0.74260477
2003  6 23     0.74047390
2003  6 24     0.75005366
2003  6 25     0.69201483
2003  6 26     0.64521771
2003  6 27     0.62092143
2003  6 28     0.59930415
2003  6 29     0.58292617
2003  6 30     0.57071722
2003  7  1     0.55494542
2003  7  2     0.53830069
2003  7  3     0.52053619
2003  7  4     0.50346667
2003  7  5     0.48560622
2003  7  6     0.47075171
2003  7  7     0.45924376
2003  7  8     0.44649394
2003  7  9     0.42967131
2003  7 10     0.41111912
2003  7 11     0.39699570
2003  7 12     0.38473498
2003  7 13     0.37362738
2003  7 14     0.36206531
2003  7 15     0.34857916
2003  7 16     0.33744373
2003  7 17     0.32688824
2003  7 18     0.31715780
2003  7 19     0.30780733
2003  7 20     0.29872762
2003  7 21     0.28994316
2003  7 22     0.29183899
2003  7 23     0.28774244
2003  7 24     0.57204538
2003  7 25     0.38819010
2003  7 26     0.25191341
2003  7 27     0.24389864
2003  7 28     0.23546216
2003  7 29     0.22818941
2003  7 30     0.22146213
2003  7 31     0.21493332
2003  8  1     0.37363674
2003  8  2     0.59522706
2003  8  3     0.48593318
2003  8  4     0.28282571
2003  8  5     0.21700840
2003  8  6     0.19742594
2003  8  7     0.18401656
2003  8  8     0.17386328
2003  8  9     0.16507931
2003  8 10     0.15940225
2003  8 11     0.15465284
2003  8 12     0.15009431
2003  8 13     0.14567009
2003  8 14     0.14137569
2003  8 15     0.13720767
2003  8 16     0.13316293
2003  8 17     0.12923760
2003  8 18     0.12542800
2003  8 19     0.12173069
2003  8 20     0.11814237
2003  8 21     0.15603389
2003  8 22     0.41944125
2003  8 23     0.23928604
2003  8 24     0.12010726
2003  8 25     0.10795552
2003  8 26     0.11744900
2003  8 27     0.13323565
2003  8 28     0.10458441
2003  8 29     0.09027498
2003  8 30     0.08759145
2003  8 31     0.08500947
2003  9  1     0.20767643
2003  9  2     0.13157588
2003  9  3     0.09178769
2003  9  4     0.09107094
2003  9  5     0.11907318
2003  9  6     0.09086251
2003  9  7     0.06894606
2003  9  8     0.06691325
2003  9  9     0.06494082
2003  9 10     0.06302652
2003  9 11     0.06116866
2003  9 12     0.05936556
2003  9 13     0.05761561
2003  9 14     0.05591724
2003  9 15     0.05426894
2003  9 16     0.05266923
2003  9 17     0.05111667
2003  9 18     0.04960988
2003  9 19     0.04814750
2003  9 20     0.04672823
2003  9 21     0.04535080
2003  9 22     0.04401397
2003  9 23     0.04271655
2003  9 24     0.04145737
2003  9 25     0.04023531
2003  9 26     0.03904927
2003  9 27     0.03789820
2003  9 28     0.03678105
2003  9 29     0.03569684
2003  9 30     0.03464459
2003 10  1     0.03362335
2003 10  2     0.03263222
2003 10  3     0.03167030
2003 10  4     0.03073674
2003 10  5     0.02983070
2003 10  6     0.02895136
2003 10  7     0.02809795
2003 10  8     0.02726969
2003 10  9     0.02646585
2003 10 10     0.02568570
2003 10 11     0.02492855
2003 10 12     0.02419372
2003 10 13     0.02348055
2003 10 14     0.02278840
2003 10 15     0.02211665
2003 10 16     0.02146471
2003 10 17     0.02083198
2003 10 18     0.02021791
2003 10 19     0.01962193
2003 10 20     0.01904353
2003 10 21     0.01848217
2003 10 22     0.01793736
2003 10 23     0.01740862
2003 10 24     0.01689545
2003 10 25     0.01639742
2003 10 26     0.01591406
2003 10 27     0.01544495
2003 10 28     0.01498968
2003 10 29     0.01454782
2003 10 30     0.01411898
2003 10 31     0.01438668
2003 11  1     0.03426776
2003 11  2     0.02767060
2003 11  3     0.28257392
2003 11  4     0.14680021
2003 11  5     0.09263094
2003 11  6     0.05248266
2003 11  7     0.07653149
2003 11  8     0.06749150
2003 11  9     0.94548070
2003 11 10     0.44987502
2003 11 11     0.15681070
2003 11 12     0.08119126
2003 11 13     0.04822801
2003 11 14     0.03486553
2003 11 15     0.24733076
2003 11 16     0.20311605
2003 11 17     0.11787657
2003 11 18     0.07816224
2003 11 19     0.05190235
2003 11 20     0.04810904
2003 11 21     0.03019842
2003 11 22     0.01635921
2003 11 23     0.01153586
2003 11 24     0.00854824
2003 11 25     0.00770931
2003 11 26     0.00762205
2003 11 27     0.00714363
2003 11 28     0.00826234
2003 11 29     0.00966023
2003 11 30     0.01435310
2003 12  1     0.01430523
2003 12  2     0.53755571
2003 12  3     0.22113610
2003 12  4     0.09181998
2003 12  5     0.33570938
2003 12  6     0.59237656
2003 12  7     2.16284054
2003 12  8     0.92210974
2003 12  9     0.29583959
2003 12 10     0.70485774
2003 12 11     1.30338007
2003 12 12     0.69462104
2003 12 13     1.05873890
2003 12 14     1.74956629
2003 12 15     0.89098612
2003 12 16     0.53956611
2003 12 17     0.40976762
2003 12 18     0.32828465
2003 12 19     0.27833300
2003 12 20     1.06109680
2003 12 21     1.23917182
2003 12 22     0.65035716
2003 12 23     0.47226799
2003 12 24     1.82076960
2003 12 25     5.46570481
2003 12 26     2.44565711
2003 12 27     1.21616762
2003 12 28     0.97119198
2003 12 29     0.99237238
2003 12 30     2.18234021
2003 12 31     1.43765326
2004  1  1     2.56810307
2004  1  2     3.65314406
2004  1  3     2.17416941
2004  1  4     1.32471288
2004  1  5     1.23852671
2004  1  6     1.01728920
2004  1  7     1.11988081
2004  1  8     1.09661058
2004  1  9     0.93014939
2004  1 10     0.86785171
2004  1 11     0.81621393
2004  1 12     0.78530203
2004  1 13     0.74799145
2004  1 14     0.72150772
2004  1 15     0.69621568
2004  1 16     0.66318719
2004  1 17     0.64175949
2004  1 18     0.63291065
2004  1 19     0.60858161
2004  1 20     0.62988594
2004  1 21     0.59448908
2004  1 22     0.55636626
2004  1 23     0.54072794
2004  1 24     0.55434402
2004  1 25     0.53277515
2004  1 26     0.50260302
2004  1 27     0.50499608
2004  1 28     1.13221831
2004  1 29     0.71548287
2004  1 30     0.62305914
2004  1 31     1.75711227
2004  2  1     0.90807503
2004  2  2     0.91688645
2004  2  3     1.49984109
2004  2  4     1.11352337
2004  2  5     0.74724521
2004  2  6     0.65167888
2004  2  7     1.09040046
2004  2  8     0.69095230
2004  2  9     0.60059845
2004  2 10     0.55628680
2004  2 11     0.52083306
2004  2 12     0.49569979
2004  2 13     0.47390930
2004  2 14     0.45794741
2004  2 15     0.44704526
2004  2 16     0.82886559
2004  2 17     4.55922260
2004  2 18     6.67564727
2004  2 19     3.77004156
2004  2 20     1.96339556
2004  2 21     1.60410249
2004  2 22     1.59669632
2004  2 23     1.54813341
2004  2 24     1.47360033
2004  2 25     2.88264085
2004  2 26    10.12785080
2004  2 27     7.08376588
2004  2 28     2.88649463
2004  2 29     2.18298146
2004  3  1     1.95471530
2004  3  2     2.27636926
2004  3  3     1.88255834
2004  3  4     1.71094475
2004  3  5     1.64030457
2004  3  6     1.62854771
2004  3  7     1.67909263
2004  3  8     1.83211673
2004  3  9     2.12396563
2004  3 10     2.33807978
2004  3 11     2.28543800
2004  3 12     2.22422723
2004  3 13     2.31301733
2004  3 14     2.50490427
2004  3 15     2.62473747
2004  3 16     2.66375467
2004  3 17     2.70396417
2004  3 18     2.84808796
2004  3 19     3.02296570
2004  3 20     3.08846863
2004  3 21     3.25390145
2004  3 22     3.41666816
2004  3 23     3.22474838
2004  3 24     2.95349031
2004  3 25     2.64525612
2004  3 26     3.21026925
2004  3 27     2.40301753
2004  3 28     2.31607183
2004  3 29     2.81607861
2004  3 30     3.13804169
2004  3 31     2.95642952
2004  4  1     2.31133855
2004  4  2     1.91555096
2004  4  3     2.04264733
2004  4  4     2.25382903
2004  4  5     2.41684324
2004  4  6     2.20131264
2004  4  7     2.07937896
2004  4  8     2.26954928
2004  4  9     2.39080526
2004  4 10     2.41048388
2004  4 11     2.45158009
2004  4 12     2.56892791
2004  4 13     2.46130571
2004  4 14     2.04511887
2004  4 15     1.89369396
2004  4 16     1.62000643
2004  4 17     1.32380639
2004  4 18     1.18757990
2004  4 19     1.09231797
2004  4 20     1.35007161
2004  4 21     1.24592580
2004  4 22     1.02319059
2004  4 23     1.17412829
2004  4 24     1.45339095
2004  4 25     1.67311522
2004  4 26     1.96585718
2004  4 27     2.14602042
2004  4 28     2.08521734
2004  4 29     1.63115389
2004  4 30     1.46486506
2004  5  1     1.63804816
2004  5  2     1.51885660
2004  5  3     1.37206776
2004  5  4     1.27239261
2004  5  5     1.17534756
2004  5  6     0.96046761
2004  5  7     0.82709707
2004  5  8     0.76436179
2004  5  9     0.71338860
2004  5 10     0.68035651
2004  5 11     0.66789741
2004  5 12     0.63531458
2004  5 13     0.59001887
2004  5 14     0.55410706
2004  5 15     0.52948101
2004  5 16     0.50960770
2004  5 17     0.49129776
2004  5 18     0.47533171
2004  5 19     0.45923892
2004  5 20     0.44241416
2004  5 21     0.49199665
2004  5 22     0.43608356
2004  5 23     0.40896896
2004  5 24     0.39144669
2004  5 25     0.37556792
2004  5 26     0.36082562
2004  5 27     0.34750312
2004  5 28     0.45666143
2004  5 29     0.37923770
2004  5 30     0.32972406
2004  5 31     0.30960696
2004  6  1     0.29415567
2004  6  2     0.28217165
2004  6  3     0.27154068
2004  6  4     0.26353349
2004  6  5     0.25562767
2004  6  6     0.24733872
2004  6  7     0.24179997
2004  6  8     0.23838010
2004  6  9     0.23318668
2004  6 10     0.22656304
2004  6 11     0.21750367
2004  6 12     0.20768621
2004  6 13     0.19767844
2004  6 14     0.19082960
2004  6 15     0.18368467
2004  6 16     0.17802630
2004  6 17     0.17277230
2004  6 18     0.16810805
2004  6 19     0.16285206
2004  6 20     0.15796521
2004  6 21     0.15327323
2004  6 22     0.14874777
2004  6 23     0.14436070
2004  6 24     0.14010349
2004  6 25     0.13597168
2004  6 26     0.13196200
2004  6 27     0.12807084
2004  6 28     0.12429456
2004  6 29     0.12062975
2004  6 30     0.11707310
2004  7  1     0.11362140
2004  7  2     0.11027226
2004  7  3     0.10702081
2004  7  4     0.10386526
2004  7  5     0.10080324
2004  7  6     0.09783152
2004  7  7     0.09494785
2004  7  8     0.09214855
2004  7  9     0.08943189
2004  7 10     0.08679559
2004  7 11     0.08423704
2004  7 12     0.08175428
2004  7 13     0.07934387
2004  7 14     0.07700473
2004  7 15     0.07473458
2004  7 16     0.07253177
2004  7 17     0.07039352
2004  7 18     0.06831830
2004  7 19     0.06630476
2004  7 20     0.06434998
2004  7 21     0.06245294
2004  7 22     0.06061198
2004  7 23     0.05882529
2004  7 24     0.05709127
2004  7 25     0.05540836
2004  7 26     0.05377506
2004  7 27     0.05218990
2004  7 28     0.05065148
2004  7 29     0.04915840
2004  7 30     0.04770933
2004  7 31     0.04630298
2004  8  1     0.04493808
2004  8  2     0.04361342
2004  8  3     0.04232780
2004  8  4     0.04108008
2004  8  5     0.03986915
2004  8  6     0.03869390
2004  8  7     0.03755330
2004  8  8     0.03644632
2004  8  9     0.03537198
2004  8 10     0.03432930
2004  8 11     0.03331736
2004  8 12     0.03233524
2004  8 13     0.05225216
2004  8 14     0.03955358
2004  8 15     0.02955943
2004  8 16     0.03926778
2004  8 17     0.03305618
2004  8 18     0.02702164
2004  8 19     0.02622499
2004  8 20     0.03170237
2004  8 21     0.02775482
2004  8 22     0.02418093
2004  8 23     0.02326686
2004  8 24     0.02258101
2004  8 25     0.02191538
2004  8 26     0.02126937
2004  8 27     0.02064240
2004  8 28     0.02003391
2004  8 29     0.01944336
2004  8 30     0.01887022
2004  8 31     0.01831397
2004  9  1     0.01777412
2004  9  2     0.01725019
2004  9  3     0.01674169
2004  9  4     0.01624819
2004  9  5     0.01576923
2004  9  6     0.01530440
2004  9  7     0.01485326
2004  9  8     0.01441542
2004  9  9     0.01399049
2004  9 10     0.01357809
2004  9 11     0.01317784
2004  9 12     0.01278939
2004  9 13     0.01241239
2004  9 14     0.01204650
2004  9 15     0.01169140
2004  9 16     0.01134677
2004  9 17     0.01101229
2004  9 18     0.01068768
2004  9 19     0.01037263
2004  9 20     0.11801847
2004  9 21     0.07144397
2004  9 22     0.03084864
2004  9 23     0.01733784
2004  9 24     0.01138289
2004  9 25     0.00891223
2004  9 26     0.00841256
2004  9 27     0.00816458
2004  9 28     0.00792391
2004  9 29     0.00769033
2004  9 30     0.00746364
2004 10  1     0.00724363
2004 10  2     0.00703011
2004 10  3     0.00682288
2004 10  4     0.00662175
2004 10  5     0.00642656
2004 10  6     0.00623712
2004 10  7     0.00605327
2004 10  8     0.00587483
2004 10  9     0.00570166
2004 10 10     0.00553359
2004 10 11     0.00537047
2004 10 12     0.00521216
2004 10 13     0.00505852
2004 10 14     0.00490941
2004 10 15     0.00476469
2004 10 16     0.00462424
2004 10 17     0.09807708
2004 10 18     1.64529976
2004 10 19     1.01711772
2004 10 20     2.11871955
2004 10 21     1.01046384
2004 10 22     0.46983606
2004 10 23     0.28512409
2004 10 24     0.49798804
2004 10 25     0.35063186
2004 10 26     0.85102057
2004 10 27     0.51193202
2004 10 28     0.29246199
2004 10 29     0.18536206
2004 10 30     0.10402039
2004 10 31     0.05794541
2004 11  1     0.03520573
2004 11  2     0.03345131
2004 11  3     0.09077200
2004 11  4     0.66121611
2004 11  5     0.28876600
2004 11  6     0.14816409
2004 11  7     0.11675995
2004 11  8     0.11574403
2004 11  9     0.10594888
2004 11 10     0.08841468
2004 11 11     0.16082808
2004 11 12     0.53180338
2004 11 13     0.24930768
2004 11 14     0.10851275
2004 11 15     0.08902850
2004 11 16     0.08483258
2004 11 17     0.08760511
2004 11 18     0.08148528
2004 11 19     0.06832866
2004 11 20     0.05479694
2004 11 21     0.04963940
2004 11 22     0.04766216
2004 11 23     0.04549858
2004 11 24     0.04355670
2004 11 25     0.04857349
2004 11 26     0.06351970
2004 11 27     0.95079106
2004 11 28     0.60974491
2004 11 29     0.33440194
2004 11 30     0.24619079
2004 12  1     0.18483877
2004 12  2     0.14809508
2004 12  3     0.12817348
2004 12  4     0.11521606
2004 12  5     0.10590793
2004 12  6     0.09867702
2004 12  7     1.88633114
2004 12  8     4.34542180
2004 12  9     2.98388557
2004 12 10     1.34256042
2004 12 11     0.86773078
2004 12 12     0.72348974
2004 12 13     0.61965421
2004 12 14     0.55252777
2004 12 15     0.50208026
2004 12 16     0.46271728
2004 12 17     0.43298086
2004 12 18     0.40985466
2004 12 19     0.39224525
2004 12 20     0.37337385
2004 12 21     0.35428760
2004 12 22     0.33865608
2004 12 23     0.32505156
2004 12 24     0.31250216
2004 12 25     0.30128814
2004 12 26     0.29635765
2004 12 27     0.42080330
2004 12 28     2.47703272
2004 12 29     2.45725350
2004 12 30     3.96361801
2004 12 31     8.37797416
2005  1  1     6.46488425
2005  1  2     4.12658965
2005  1  3     3.65883975
2005  1  4     2.33602825
2005  1  5     1.88814382
2005  1  6     1.67409029
2005  1  7     1.81409254
2005  1  8    15.11364701
2005  1  9    13.67043780
2005  1 10     7.67589587
2005  1 11    11.12298357
2005  1 12     6.25739572
2005  1 13     4.04011809
2005  1 14     3.52165136
2005  1 15     3.18851723
2005  1 16     2.94289786
2005  1 17     2.75685249
2005  1 18     2.62019691
2005  1 19     2.49828314
2005  1 20     2.38175649
2005  1 21     2.28379459
2005  1 22     2.19338601
2005  1 23     2.10709391
2005  1 24     2.03811168
2005  1 25     2.09468569
2005  1 26     3.00213196
2005  1 27     4.77525153
2005  1 28     8.15369205
2005  1 29     5.80180214
2005  1 30     3.33432750
2005  1 31     2.79505816
2005  2  1     2.54524388
2005  2  2     2.35232801
2005  2  3     2.21183548
2005  2  4     2.11416487
2005  2  5     2.02851520
2005  2  6     1.95841289
2005  2  7     1.98614351
2005  2  8     1.88379109
2005  2  9     1.79201598
2005  2 10     1.71989689
2005  2 11     1.68299201
2005  2 12     2.35992867
2005  2 13     1.96168220
2005  2 14     1.95333494
2005  2 15     2.33626013
2005  2 16     5.12452344
2005  2 17     3.64795518
2005  2 18     3.01036367
2005  2 19     3.02420368
2005  2 20    10.44166663
2005  2 21     5.55610438
2005  2 22     3.42545002
2005  2 23     2.90594603
2005  2 24     2.68021763
2005  2 25     2.46280053
2005  2 26     2.29589249
2005  2 27     2.18566960
2005  2 28     4.16744732
2005  3  1     2.79502125
2005  3  2     3.71000991
2005  3  3     5.96754664
2005  3  4     3.24227281
2005  3  5     2.70030487
2005  3  6     2.49754248
2005  3  7     2.37035781
2005  3  8     2.38290706
2005  3  9     2.50394751
2005  3 10     2.57685252
2005  3 11     2.65519552
2005  3 12     2.68772149
2005  3 13     2.59322197
2005  3 14     2.20207657
2005  3 15     1.95983336
2005  3 16     1.88015123
2005  3 17     1.85746155
2005  3 18     1.73624084
2005  3 19     4.14136583
2005  3 20     7.75120973
2005  3 21     7.02434864
2005  3 22    12.97500555
2005  3 23    13.02413308
2005  3 24     7.11999470
2005  3 25     4.36735523
2005  3 26     3.68790215
2005  3 27     3.54642379
2005  3 28    11.48379618
2005  3 29     7.58679419
2005  3 30     5.14067813
2005  3 31     4.02734740
2005  4  1     3.77677971
2005  4  2     3.74216648
2005  4  3     3.49836393
2005  4  4     4.46176190
2005  4  5     3.39097643
2005  4  6     3.44528165
2005  4  7     3.97693423
2005  4  8     4.19647642
2005  4  9     4.59438179
2005  4 10     3.23890007
2005  4 11     3.14338521
2005  4 12     3.46748386
2005  4 13     3.03116230
2005  4 14     2.69314019
2005  4 15     2.62017774
2005  4 16     3.04654849
2005  4 17     3.35969772
2005  4 18     2.98388497
2005  4 19     2.56324346
2005  4 20     2.34380316
2005  4 21     2.29028052
2005  4 22     2.67138669
2005  4 23     3.07606832
2005  4 24     2.66608877
2005  4 25     2.27640958
2005  4 26     2.51000685
2005  4 27     2.85126084
2005  4 28     3.53593809
2005  4 29     3.11619662
2005  4 30     2.85910082
2005  5  1     2.83254775
2005  5  2     2.79579933
2005  5  3     2.95262891
2005  5  4     3.28572692
2005  5  5     3.79506706
2005  5  6     5.96479023
2005  5  7     3.92621178
2005  5  8     3.34923839
2005  5  9     9.22158219
2005  5 10     6.60643610
2005  5 11     3.80635076
2005  5 12     3.74987555
2005  5 13     4.32958629
2005  5 14     4.82341514
2005  5 15     5.43529875
2005  5 16    10.39419836
2005  5 17     6.83399413
2005  5 18     5.54991123
2005  5 19     6.72204344
2005  5 20     6.52198135
2005  5 21     5.78125732
2005  5 22     6.25239265
2005  5 23     6.63551844
2005  5 24     6.96094620
2005  5 25     7.48114235
2005  5 26     7.86314086
2005  5 27     7.70435945
2005  5 28     7.21339896
2005  5 29     6.04153006
2005  5 30     5.34448073
2005  5 31     5.70357871
2005  6  1     5.93872641
2005  6  2     5.30374751
2005  6  3     4.61770623
2005  6  4     4.27265849
2005  6  5     3.97935054
2005  6  6     3.23081863
2005  6  7     2.71794258
2005  6  8     2.86852794
2005  6  9     3.75193149
2005  6 10     3.11412757
2005  6 11     2.71003649
2005  6 12     2.60027774
2005  6 13     2.61091796
2005  6 14     2.26874540
2005  6 15     2.03284798
2005  6 16     1.88768183
2005  6 17     2.54696825
2005  6 18     2.06834142
2005  6 19     1.67583425
2005  6 20     1.56847295
2005  6 21     1.50635705
2005  6 22     1.39206381
2005  6 23     1.27558245
2005  6 24     1.20060626
2005  6 25     1.14720185
2005  6 26     1.09956203
2005  6 27     1.05619447
2005  6 28     1.01638573
2005  6 29     0.97868297
2005  6 30     0.94207842
2005  7  1     0.90744695
2005  7  2     0.87566350
2005  7  3     0.84786979
2005  7  4     0.82037473
2005  7  5     0.79372800
2005  7  6     0.76844660
2005  7  7     0.74460323
2005  7  8     0.72181773
2005  7  9     0.70108906
2005  7 10     0.68083027
2005  7 11     0.65811927
2005  7 12     0.63462694
2005  7 13     0.61207584
2005  7 14     0.59149316
2005  7 15     0.57215251
2005  7 16     0.55275221
2005  7 17     0.53424746
2005  7 18     0.51995908
2005  7 19     0.50756571
2005  7 20     0.48929202
2005  7 21     0.47022800
2005  7 22     0.45993662
2005  7 23     0.44698935
2005  7 24     0.43121046
2005  7 25     0.41915771
2005  7 26     0.40553215
2005  7 27     0.39066364
2005  7 28     0.38776901
2005  7 29     0.40445172
2005  7 30     0.36954178
2005  7 31     0.34280060
2005  8  1     0.33065000
2005  8  2     0.32228259
2005  8  3     0.31238912
2005  8  4     0.30075504
2005  8  5     0.28891836
2005  8  6     0.27792604
2005  8  7     0.26934956
2005  8  8     0.26140166
2005  8  9     0.25369365
2005  8 10     0.24623543
2005  8 11     0.23932750
2005  8 12     0.23197254
2005  8 13     0.22512040
2005  8 14     0.21911983
2005  8 15     0.21220362
2005  8 16     0.21091872
2005  8 17     0.22777671
2005  8 18     0.20660673
2005  8 19     0.18933829
2005  8 20     0.18274373
2005  8 21     0.17715435
2005  8 22     0.17193189
2005  8 23     0.16686340
2005  8 24     0.16194439
2005  8 25     0.15717077
2005  8 26     0.15253749
2005  8 27     0.14804087
2005  8 28     0.14367687
2005  8 29     0.13944144
2005  8 30     0.13533095
2005  8 31     0.13134197
2005  9  1     0.12747007
2005  9  2     0.12371239
2005  9  3     0.12006563
2005  9  4     0.11652670
2005  9  5     0.11309190
2005  9  6     0.10975779
2005  9  7     0.10652224
2005  9  8     0.10338223
2005  9  9     0.10033478
2005  9 10     0.09766212
2005  9 11     0.09863242
2005  9 12     0.09612598
2005  9 13     0.09164267
2005  9 14     0.08719279
2005  9 15     0.08399562
2005  9 16     0.08138681
2005  9 17     0.07920822
2005  9 18     0.07746920
2005  9 19     0.07451713
2005  9 20     0.07219600
2005  9 21     0.15578567
2005  9 22     0.10917392
2005  9 23     0.06600688
2005  9 24     0.06405242
2005  9 25     0.06225909
2005  9 26     0.06034739
2005  9 27     0.53620698
2005  9 28     0.28141355
2005  9 29     0.10553233
2005  9 30     0.07931965
2005 10  1     0.06636143
2005 10  2     0.05845550
2005 10  3     0.05342258
2005 10  4     0.05289719
2005 10  5     0.04743284
2005 10  6     0.04481882
2005 10  7     0.04341186
2005 10  8     0.04213218
2005 10  9     0.04136998
2005 10 10     0.03976350
2005 10 11     0.03851508
2005 10 12     0.03737975
2005 10 13     0.03627789
2005 10 14     0.03520850
2005 10 15     0.12966849
2005 10 16     0.08074177
2005 10 17     0.04999030
2005 10 18     0.04158270
2005 10 19     0.03581400
2005 10 20     0.03199322
2005 10 21     0.02931312
2005 10 22     0.02778773
2005 10 23     0.02689664
2005 10 24     0.02610379
2005 10 25     0.09168681
2005 10 26     0.05507253
2005 10 27     0.33609771
2005 10 28     0.27457808
2005 10 29     0.11106328
2005 10 30     0.05025259
2005 10 31     0.03626225
2005 11  1     0.02848407
2005 11  2     0.02376147
2005 11  3     0.03137216
2005 11  4     0.10133718
2005 11  5     0.05307362
2005 11  6     0.03323956
2005 11  7     0.02621023
2005 11  8     0.10794299
2005 11  9     0.05182111
2005 11 10     0.02344480
2005 11 11     0.02038320
2005 11 12     0.01829836
2005 11 13     0.01587249
2005 11 14     0.01409897
2005 11 15     0.01351534
2005 11 16     0.01311694
2005 11 17     0.01273028
2005 11 18     0.01235503
2005 11 19     0.01199083
2005 11 20     0.01163737
2005 11 21     0.01129433
2005 11 22     0.01096140
2005 11 23     0.01063829
2005 11 24     0.01032470
2005 11 25     0.03716573
2005 11 26     0.25167554
2005 11 27     0.12367473
2005 11 28     0.07651688
2005 11 29     0.65602213
2005 11 30     1.36873251
2005 12  1     0.79105236
2005 12  2     2.18971492
2005 12  3     1.03284630
2005 12  4     0.51796779
2005 12  5     0.34511809
2005 12  6     0.23242897
2005 12  7     0.16287262
2005 12  8     0.38510866
2005 12  9     0.22460482
2005 12 10     0.14925033
2005 12 11     0.12543535
2005 12 12     0.10685229
2005 12 13     0.09491074
2005 12 14     0.08647028
2005 12 15     0.08026798
2005 12 16     0.07542069
2005 12 17     0.07210214
2005 12 18     2.33653923
2005 12 19     4.11818237
2005 12 20     1.72582570
2005 12 21     0.89675590
2005 12 22     6.90177701
2005 12 23     8.22635369
2005 12 24     4.14424723
2005 12 25     2.19158560
2005 12 26    12.12707556
2005 12 27     6.53124708
2005 12 28     7.07185345
2005 12 29     5.87993939
2005 12 30     4.91256727
2005 12 31    28.10689554
2006  1  1    21.60866332
2006  1  2    15.85180222
2006  1  3    11.10451629
2006  1  4     6.57686805
2006  1  5     5.26470658
2006  1  6     4.62516702
2006  1  7     4.33964568
2006  1  8     3.88000158
2006  1  9     3.57560172
2006  1 10     3.35472021
2006  1 11     3.21459063
2006  1 12     3.50533322
2006  1 13     3.06766094
2006  1 14     4.88591708
2006  1 15     8.05796323
2006  1 16     4.07019537
2006  1 17     3.23906922
2006  1 18     4.27842033
2006  1 19     5.81801622
2006  1 20     3.74991945
2006  1 21     2.96055405
2006  1 22     2.72389829
2006  1 23     2.54845073
2006  1 24     2.41628218
2006  1 25     2.31750703
2006  1 26     2.28086546
2006  1 27     2.34686423
2006  1 28     2.21256181
2006  1 29     2.51474389
2006  1 30     2.39616854
2006  1 31     4.46503201
2006  2  1     2.75901252
2006  2  2     6.58991999
2006  2  3     4.39770346
2006  2  4     3.33187759
2006  2  5     3.99528366
2006  2  6     3.06956402
2006  2  7     2.77608383
2006  2  8     2.68468395
2006  2  9     2.60038720
2006  2 10     2.50515836
2006  2 11     2.42560481
2006  2 12     2.44363487
2006  2 13     2.43402714
2006  2 14     2.40163096
2006  2 15     2.11860980
2006  2 16     1.97643751
2006  2 17     1.88575652
2006  2 18     1.86730372
2006  2 19     1.81269019
2006  2 20     1.74848944
2006  2 21     1.65025701
2006  2 22     1.59344072
2006  2 23     1.54717441
2006  2 24     1.55319254
2006  2 25     1.60453424
2006  2 26     1.77360600
2006  2 27     4.47623181
2006  2 28    20.91117918
2006  3  1    10.77124533
2006  3  2     6.41417329
2006  3  3     9.64691561
2006  3  4     5.88396984
2006  3  5     3.84994819
2006  3  6    10.07049327
2006  3  7     7.10234638
2006  3  8     5.55819578
2006  3  9     4.40928182
2006  3 10     4.91102510
2006  3 11     4.88009620
2006  3 12     3.43233867
2006  3 13     3.07255364
2006  3 14     6.21854696
2006  3 15     3.91830590
2006  3 16     3.19289214
2006  3 17     5.97592796
2006  3 18     3.65028867
2006  3 19     3.73406734
2006  3 20     3.17955021
2006  3 21     4.55118662
2006  3 22     3.09706646
2006  3 23     2.93307049
2006  3 24     3.68633209
2006  3 25    11.03307108
2006  3 26     8.21177231
2006  3 27     4.85724885
2006  3 28     5.12460041
2006  3 29     8.87416203
2006  3 30     4.82077238
2006  3 31     5.02216963
2006  4  1     6.72202073
2006  4  2     4.62144879
2006  4  3    12.62379233
2006  4  4    21.46312991
2006  4  5    22.19840474
2006  4  6     9.97163602
2006  4  7     7.81989521
2006  4  8     8.35616681
2006  4  9     6.62367051
2006  4 10     6.87012721
2006  4 11    12.15491431
2006  4 12    11.23858764
2006  4 13     7.84415194
2006  4 14     7.36340851
2006  4 15     8.53169831
2006  4 16    11.95184237
2006  4 17    13.05972760
2006  4 18     7.18760719
2006  4 19     5.90384285
2006  4 20     6.23016971
2006  4 21     6.99111302
2006  4 22     7.13376383
2006  4 23     6.54834998
2006  4 24     6.33219916
2006  4 25     6.06963251
2006  4 26     7.05276100
2006  4 27     7.54680119
2006  4 28     8.43166822
2006  4 29     9.03621531
2006  4 30     9.19618020
2006  5  1     8.86484221
2006  5  2     8.55256390
2006  5  3     8.28536290
2006  5  4     7.68797553
2006  5  5     7.33625282
2006  5  6     7.24087033
2006  5  7     7.24708106
2006  5  8     7.70298862
2006  5  9     7.56090428
2006  5 10     7.50001567
2006  5 11     8.37558687
2006  5 12     8.82176812
2006  5 13     9.01029807
2006  5 14     8.77865486
2006  5 15     9.17144436
2006  5 16     9.18952724
2006  5 17     9.44539066
2006  5 18     9.73438585
2006  5 19     9.10666123
2006  5 20     8.19675667
2006  5 21     7.39498665
2006  5 22     9.64937042
2006  5 23     8.35394931
2006  5 24     6.76198733
2006  5 25     6.27140006
2006  5 26     6.07311217
2006  5 27     4.91405916
2006  5 28     3.87583079
2006  5 29     3.55069332
2006  5 30     3.75353330
2006  5 31     4.21302578
2006  6  1     4.53005100
2006  6  2     4.59688644
2006  6  3     4.28454292
2006  6  4     3.90767566
2006  6  5     3.65721502
2006  6  6     3.50891340
2006  6  7     3.04746631
2006  6  8     2.67640451
2006  6  9     2.44328908
2006  6 10     2.25622527
2006  6 11     2.12638365
2006  6 12     2.02859054
2006  6 13     1.92396346
2006  6 14     1.82460836
2006  6 15     1.72770981
2006  6 16     1.64869270
2006  6 17     1.57919213
2006  6 18     1.51816310
2006  6 19     1.46525697
2006  6 20     1.41401661
2006  6 21     1.36337255
2006  6 22     1.31462922
2006  6 23     1.26725239
2006  6 24     1.22248785
2006  6 25     1.18107871
2006  6 26     1.14074756
2006  6 27     1.10558722
2006  6 28     1.07579337
2006  6 29     1.06996729
2006  6 30     1.02512195
2006  7  1     0.98116119
2006  7  2     0.95127011
2006  7  3     0.92311460
2006  7  4     0.89502228
2006  7  5     0.87090190
2006  7  6     0.84739846
2006  7  7     0.82282376
2006  7  8     0.79278957
2006  7  9     0.76538833
2006  7 10     0.74075095
2006  7 11     0.72164024
2006  7 12     0.70478150
2006  7 13     0.68497581
2006  7 14     0.66054091
2006  7 15     0.63722196
2006  7 16     0.61292490
2006  7 17     0.58957614
2006  7 18     0.56973741
2006  7 19     0.55440071
2006  7 20     0.53803114
2006  7 21     0.51776003
2006  7 22     0.53759157
2006  7 23     0.49863502
2006  7 24     0.46609265
2006  7 25     0.45222202
2006  7 26     0.43988054
2006  7 27     0.42621144
2006  7 28     0.41666966
2006  7 29     0.40817757
2006  7 30     0.40005676
2006  7 31     0.39056546
2006  8  1     0.38003302
2006  8  2     0.36529184
2006  8  3     0.35014064
2006  8  4     0.33841417
2006  8  5     0.32865850
2006  8  6     0.31962235
2006  8  7     0.31010788
2006  8  8     0.30521156
2006  8  9     0.29200042
2006  8 10     0.28033752
2006  8 11     0.27025355
2006  8 12     0.26292337
2006  8 13     0.25591239
2006  8 14     0.24816374
2006  8 15     0.24137667
2006  8 16     0.23453924
2006  8 17     0.22820205
2006  8 18     0.22021890
2006  8 19     0.21271391
2006  8 20     0.20619639
2006  8 21     0.20009875
2006  8 22     0.19420066
2006  8 23     0.18847585
2006  8 24     0.18292017
2006  8 25     0.17752822
2006  8 26     0.17229467
2006  8 27     0.16721570
2006  8 28     0.16228661
2006  8 29     0.15750280
2006  8 30     0.15285999
2006  8 31     0.14835406
2006  9  1     0.14398095
2006  9  2     0.13973675
2006  9  3     0.13561766
2006  9  4     0.13161999
2006  9  5     0.12774016
2006  9  6     0.12397470
2006  9  7     0.12032023
2006  9  8     0.11677349
2006  9  9     0.11333130
2006  9 10     0.10999057
2006  9 11     0.10674832
2006  9 12     0.10360165
2006  9 13     0.10054773
2006  9 14     0.09758383
2006  9 15     0.09470730
2006  9 16     0.09473076
2006  9 17     0.09152688
2006  9 18     0.08705197
2006  9 19     0.08405248
2006  9 20     0.08154766
2006  9 21     0.07914383
2006  9 22     0.07681087
2006  9 23     0.07454668
2006  9 24     0.07234923
2006  9 25     0.07021655
2006  9 26     0.06814674
2006  9 27     0.06613794
2006  9 28     0.06418836
2006  9 29     0.06229625
2006  9 30     0.06045991
2006 10  1     0.05867770
2006 10  2     0.07846808
2006 10  3     0.06391156
2006 10  4     0.05365102
2006 10  5     0.50152126
2006 10  6     0.59532694
2006 10  7     0.28106730
2006 10  8     0.10908010
2006 10  9     0.07679363
2006 10 10     0.12602973
2006 10 11     0.08795542
2006 10 12     0.04874042
2006 10 13     0.04336015
2006 10 14     0.04101374
2006 10 15     0.04000096
2006 10 16     0.03804983
2006 10 17     0.04084426
2006 10 18     0.03878613
2006 10 19     0.03593604
2006 10 20     0.03345076
2006 10 21     0.03225412
2006 10 22     0.03130334
2006 10 23     0.03038060
2006 10 24     0.02948506
2006 10 25     0.02861591
2006 10 26     0.02777238
2006 10 27     0.02695372
2006 10 28     0.02615919
2006 10 29     0.02538809
2006 10 30     0.02463971
2006 10 31     0.02427642
2006 11  1     0.02352961
2006 11  2     0.20943991
2006 11  3     0.46422008
2006 11  4     0.42512495
2006 11  5     0.17193930
2006 11  6     0.06065722
2006 11  7     0.04235618
2006 11  8     0.03623162
2006 11  9     0.36663152
2006 11 10     0.20497342
2006 11 11     0.11394860
2006 11 12     0.10388662
2006 11 13     0.12224577
2006 11 14     1.19897047
2006 11 15     0.52708280
2006 11 16     0.12226662
2006 11 17     0.06943015
2006 11 18     0.04340961
2006 11 19     0.03061649
2006 11 20     0.02265520
2006 11 21     0.01864584
2006 11 22     0.01886426
2006 11 23     0.10986144
2006 11 24     0.05084228
2006 11 25     0.03142293
2006 11 26     0.02746289
2006 11 27     0.20508317
2006 11 28     0.13243169
2006 11 29     0.09823840
2006 11 30     0.05959620
2006 12  1     0.03852895
2006 12  2     0.02946992
2006 12  3     0.02440456
2006 12  4     0.02250836
2006 12  5     0.02183409
2006 12  6     0.02043918
2006 12  7     0.01789170
2006 12  8     0.01872919
2006 12  9     0.39995169
2006 12 10     0.91897719
2006 12 11     0.43066831
2006 12 12     0.65847537
2006 12 13     0.89538703
2006 12 14     0.43256351
2006 12 15     0.25876278
2006 12 16     0.17457914
2006 12 17     0.10232938
2006 12 18     0.06634044
2006 12 19     0.04292466
2006 12 20     0.03269422
2006 12 21     0.18865455
2006 12 22     0.30994513
2006 12 23     0.18371990
2006 12 24     0.11090766
2006 12 25     0.06793866
2006 12 26     0.04781135
2006 12 27     2.10028796
2006 12 28     1.08038097
2006 12 29     0.46178796
2006 12 30     0.34737556
2006 12 31     0.26044288
2007  1  1     0.20573109
2007  1  2     0.17524924
2007  1  3     0.16169978
2007  1  4     2.86304347
2007  1  5     2.08396228
2007  1  6     0.85095878
2007  1  7     0.61364694
2007  1  8     0.48063084
2007  1  9     0.39675611
2007  1 10     0.34723982
2007  1 11     0.30853648
2007  1 12     0.28178101
2007  1 13     0.26270150
2007  1 14     0.24658800
2007  1 15     0.23278747
2007  1 16     0.22079101
2007  1 17     0.21027294
2007  1 18     0.20105242
2007  1 19     0.19484856
2007  1 20     0.19033459
2007  1 21     0.18290957
2007  1 22     0.17771452
2007  1 23     0.17685317
2007  1 24     0.18502862
2007  1 25     0.19997228
2007  1 26     0.20267203
2007  1 27     0.18453190
2007  1 28     0.16971871
2007  1 29     0.16278660
2007  1 30     0.17604458
2007  1 31     0.16018506
2007  2  1     0.14898777
2007  2  2     0.14390822
2007  2  3     0.14066392
2007  2  4     0.18737719
2007  2  5     0.23590178
2007  2  6     0.27403523
2007  2  7     0.24409826
2007  2  8     0.59011023
2007  2  9     2.84768794
2007  2 10     4.97024338
2007  2 11     9.89893826
2007  2 12     5.06554406
2007  2 13     2.28799934
2007  2 14     1.74394470
2007  2 15     1.43077190
2007  2 16     1.28020837
2007  2 17     1.28111670
2007  2 18     1.21638075
2007  2 19     1.01623601
2007  2 20     0.89870994
2007  2 21     0.88222941
2007  2 22     1.07667565
2007  2 23     2.01292409
2007  2 24     1.06194294
2007  2 25     3.29150733
2007  2 26     3.57706119
2007  2 27     5.19746676
2007  2 28     3.95736353
2007  3  1     1.67394337
2007  3  2     1.19568779
2007  3  3     1.03279018
2007  3  4     0.99470192
2007  3  5     1.03470371
2007  3  6     1.13976878
2007  3  7     1.32979983
2007  3  8     1.41773438
2007  3  9     1.49715772
2007  3 10     1.54483613
2007  3 11     1.78903408
2007  3 12     2.34699432
2007  3 13     2.63755208
2007  3 14     2.82947641
2007  3 15     2.72504496
2007  3 16     3.01675128
2007  3 17     3.34926348
2007  3 18     3.29642430
2007  3 19     3.20053434
2007  3 20     2.92546778
2007  3 21     2.99394842
2007  3 22     2.48239232
2007  3 23     2.29478225
2007  3 24     2.43323052
2007  3 25     2.46767065
2007  3 26     2.17909997
2007  3 27     2.02262684
2007  3 28     1.95200551
2007  3 29     1.63657525
2007  3 30     1.71635434
2007  3 31     2.08399273
2007  4  1     2.13040931
2007  4  2     2.07261936
2007  4  3     2.10400673
2007  4  4     2.01968727
2007  4  5     2.01032495
2007  4  6     2.09321293
2007  4  7     2.08987072
2007  4  8     1.86063985
2007  4  9     1.55862040
2007  4 10     1.29471233
2007  4 11     1.14087476
2007  4 12     1.24282851
2007  4 13     1.09136140
2007  4 14     1.05437130
2007  4 15     1.27637697
2007  4 16     1.22792496
2007  4 17     1.36546099
2007  4 18     1.08119649
2007  4 19     0.91477510
2007  4 20     0.86546362
2007  4 21     0.80621293
2007  4 22     3.03927300
2007  4 23     4.90537671
2007  4 24     2.76925560
2007  4 25     2.22143329
2007  4 26     2.24960867
2007  4 27     2.40022969
2007  4 28     2.14338886
2007  4 29     1.79480815
2007  4 30     1.48373448
2007  5  1     1.28729206
2007  5  2     1.17523166
2007  5  3     1.68027061
2007  5  4     1.89196736
2007  5  5     1.65698698
2007  5  6     1.57033967
2007  5  7     1.96095540
2007  5  8     1.45831547
2007  5  9     1.15581973
2007  5 10     1.04720727
2007  5 11     0.94793598
2007  5 12     0.88016673
2007  5 13     0.82724721
2007  5 14     0.78341351
2007  5 15     0.74554038
2007  5 16     0.71273418
2007  5 17     0.68358714
2007  5 18     0.65695888
2007  5 19     0.63245753
2007  5 20     0.60884170
2007  5 21     0.58762549
2007  5 22     0.56777272
2007  5 23     0.54810902
2007  5 24     0.52927006
2007  5 25     0.51123247
2007  5 26     0.49400946
2007  5 27     0.47804976
2007  5 28     0.46308731
2007  5 29     0.44869238
2007  5 30     0.43384235
2007  5 31     0.42049764
2007  6  1     0.40675304
2007  6  2     0.39389586
2007  6  3     0.38122060
2007  6  4     0.36872176
2007  6  5     0.38681837
2007  6  6     0.45974574
2007  6  7     0.38371294
2007  6  8     0.33932655
2007  6  9     0.32461468
2007  6 10     0.31059383
2007  6 11     0.30001047
2007  6 12     0.28986658
2007  6 13     0.27863250
2007  6 14     0.26650442
2007  6 15     0.25625598
2007  6 16     0.24894445
2007  6 17     0.24430352
2007  6 18     0.23532014
2007  6 19     0.22677022
2007  6 20     0.22013371
2007  6 21     0.21447227
2007  6 22     0.20730491
2007  6 23     0.19996460
2007  6 24     0.19509266
2007  6 25     0.19052863
2007  6 26     0.18184241
2007  6 27     0.17555207
2007  6 28     0.17010101
2007  6 29     0.16582600
2007  6 30     0.16084691
2007  7  1     0.15503688
2007  7  2     0.14952320
2007  7  3     0.14467299
2007  7  4     0.14035586
2007  7  5     0.13621706
2007  7  6     0.13220056
2007  7  7     0.12830377
2007  7  8     0.12452149
2007  7  9     0.12085222
2007  7 10     0.11729194
2007  7 11     0.11498904
2007  7 12     0.11090523
2007  7 13     0.10721468
2007  7 14     0.10405436
2007  7 15     0.10098755
2007  7 16     0.09801003
2007  7 17     0.09512092
2007  7 18     0.09231682
2007  7 19     0.08959536
2007  7 20     0.08695427
2007  7 21     0.08439107
2007  7 22     0.08190343
2007  7 23     0.07948912
2007  7 24     0.07714598
2007  7 25     0.07487191
2007  7 26     0.07266487
2007  7 27     0.07052289
2007  7 28     0.06844405
2007  7 29     0.06642649
2007  7 30     0.06446840
2007  7 31     0.06256804
2007  8  1     0.06072393
2007  8  2     0.05893369
2007  8  3     0.05719648
2007  8  4     0.05551047
2007  8  5     0.05387416
2007  8  6     0.05228608
2007  8  7     0.05074482
2007  8  8     0.04924898
2007  8  9     0.04779725
2007  8 10     0.04638830
2007  8 11     0.04502089
2007  8 12     0.04369414
2007  8 13     0.04240581
2007  8 14     0.04115577
2007  8 15     0.03994260
2007  8 16     0.03876539
2007  8 17     0.03762250
2007  8 18     0.03651361
2007  8 19     0.03543715
2007  8 20     0.03439254
2007  8 21     0.03337873
2007  8 22     0.03239481
2007  8 23     0.03143989
2007  8 24     0.03051312
2007  8 25     0.02961367
2007  8 26     0.02874074
2007  8 27     0.02792119
2007  8 28     0.02708409
2007  8 29     0.02627330
2007  8 30     0.02549883
2007  8 31     0.02474719
2007  9  1     0.03705839
2007  9  2     0.02725220
2007  9  3     0.02262270
2007  9  4     0.02195575
2007  9  5     0.02130855
2007  9  6     0.02068043
2007  9  7     0.02007082
2007  9  8     0.01947918
2007  9  9     0.01890498
2007  9 10     0.01834771
2007  9 11     0.01780687
2007  9 12     0.01728196
2007  9 13     0.01677254
2007  9 14     0.01627812
2007  9 15     0.01579828
2007  9 16     0.01533259
2007  9 17     0.01488062
2007  9 18     0.01444198
2007  9 19     0.01401627
2007  9 20     0.07354749
2007  9 21     0.03797087
2007  9 22     0.01594547
2007  9 23     0.06250097
2007  9 24     0.03042677
2007  9 25     0.01769455
2007  9 26     0.01355504
2007  9 27     0.01124991
2007  9 28     0.01070737
2007  9 29     0.04510746
2007  9 30     0.02139180
2007 10  1     0.01301917
2007 10  2     0.01119073
2007 10  3     0.00941065
2007 10  4     0.00894780
2007 10  5     0.02016535
2007 10  6     0.05807574
2007 10  7     0.08470503
2007 10  8     0.04944775
2007 10  9     0.09134117
2007 10 10     0.33634138
2007 10 11     0.15716606
2007 10 12     0.05406666
2007 10 13     0.03569668
2007 10 14     0.02362131
2007 10 15     0.01469916
2007 10 16     0.01122895
2007 10 17     0.11287230
2007 10 18     0.06417929
2007 10 19     0.03194316
2007 10 20     0.31104255
2007 10 21     0.16247182
2007 10 22     0.05139712
2007 10 23     0.03108546
2007 10 24     0.01896709
2007 10 25     0.01194864
2007 10 26     0.00796023
2007 10 27     0.00557427
2007 10 28     0.00447446
2007 10 29     0.00732704
2007 10 30     0.10913124
2007 10 31     0.04293910
2007 11  1     0.01148242
2007 11  2     0.00862096
2007 11  3     0.00557463
2007 11  4     0.00391020
2007 11  5     0.00346003
2007 11  6     0.00333351
2007 11  7     0.00323524
2007 11  8     0.00313988
2007 11  9     0.00304732
2007 11 10     0.00295749
2007 11 11     0.93372544
2007 11 12     0.41555665
2007 11 13     0.10591296
2007 11 14     0.05115934
2007 11 15     0.02777688
2007 11 16     0.01669225
2007 11 17     0.01048084
2007 11 18     0.00639961
2007 11 19     0.00398160
2007 11 20     0.00293309
2007 11 21     0.00224307
2007 11 22     0.00206968
2007 11 23     0.00200446
2007 11 24     0.00194537
2007 11 25     0.00188802
2007 11 26     0.00183237
2007 11 27     0.00177836
2007 11 28     0.00172594
2007 11 29     0.00167506
2007 11 30     0.00162568
2007 12  1     0.00157776
2007 12  2     0.00153125
2007 12  3     0.00148612
2007 12  4     0.00607084
2007 12  5     0.00349288
2007 12  6     0.12285350
2007 12  7     0.75454070
2007 12  8     0.36065171
2007 12  9     0.19843518
2007 12 10     0.11556203
2007 12 11     0.06284735
2007 12 12     0.03258642
2007 12 13     0.01681794
2007 12 14     0.01013275
2007 12 15     0.00707178
2007 12 16     0.00479130
2007 12 17     0.11375026
2007 12 18     0.22779027
2007 12 19     0.59715751
2007 12 20     0.77534517
2007 12 21     0.43116101
2007 12 22     0.25196358
2007 12 23     0.14696565
2007 12 24     0.08445976
2007 12 25     0.05156064
2007 12 26     0.02847098
2007 12 27     0.01724121
2007 12 28     0.04227921
2007 12 29     0.13746480
2007 12 30     0.18096609
2007 12 31     0.10276780
2008  1  1     0.05966231
2008  1  2     0.03286223
2008  1  3     0.02098436
2008  1  4     0.62061082
2008  1  5     2.33030366
2008  1  6     2.13730958
2008  1  7     1.50187760
2008  1  8     0.66479035
2008  1  9     0.83059466
2008  1 10     0.69647969
2008  1 11     0.46445598
2008  1 12     0.29731461
2008  1 13     0.23037069
2008  1 14     0.18074834
2008  1 15     0.15988140
2008  1 16     0.14375211
2008  1 17     0.13283754
2008  1 18     0.12707319
2008  1 19     0.12302470
2008  1 20     0.11989987
2008  1 21     0.27522907
2008  1 22     0.21890189
2008  1 23     1.65791023
2008  1 24     1.35006339
2008  1 25     0.85197218
2008  1 26     0.46790187
2008  1 27     1.68302561
2008  1 28     2.73574305
2008  1 29     1.01096672
2008  1 30     0.79254398
2008  1 31     0.96636106
2008  2  1     1.52087918
2008  2  2     0.91809802
2008  2  3     4.93365383
2008  2  4     2.04040935
2008  2  5     0.87661453
2008  2  6     0.66576917
2008  2  7     0.59082896
2008  2  8     0.59209679
2008  2  9     0.62637868
2008  2 10     0.66833728
2008  2 11     0.68421814
2008  2 12     0.65521644
2008  2 13     0.66539359
2008  2 14     0.58978065
2008  2 15     0.48943006
2008  2 16     0.47849292
2008  2 17     0.48556353
2008  2 18     0.47836373
2008  2 19     0.48894131
2008  2 20     0.83241828
2008  2 21     0.89565360
2008  2 22     1.13149480
2008  2 23     1.30476707
2008  2 24     1.33268285
2008  2 25     4.36951919
2008  2 26     1.66405532
2008  2 27     2.43773730
2008  2 28     1.58386514
2008  2 29     1.34103239
2008  3  1     1.30041184
2008  3  2     1.08482752
2008  3  3     1.02269036
2008  3  4     1.00657026
2008  3  5     0.98964392
2008  3  6     0.97196447
2008  3  7     0.97293511
2008  3  8     0.99281798
2008  3  9     0.99402261
2008  3 10     1.06879878
2008  3 11     1.19834162
2008  3 12     1.24911873
2008  3 13     2.52169719
2008  3 14     1.73882451
2008  3 15     1.62663674
2008  3 16     1.32615929
2008  3 17     1.16618836
2008  3 18     1.19719653
2008  3 19     1.27819321
2008  3 20     1.32669263
2008  3 21     1.24936905
2008  3 22     1.26387095
2008  3 23     1.40415070
2008  3 24     1.50815746
2008  3 25     1.65910671
2008  3 26     1.61780804
2008  3 27     1.37216213
2008  3 28     1.25527939
2008  3 29     1.39497585
2008  3 30     1.25691876
2008  3 31     1.08782872
2008  4  1     1.04902077
2008  4  2     1.07147318
2008  4  3     1.20356437
2008  4  4     1.19938472
2008  4  5     1.16938885
2008  4  6     1.21857289
2008  4  7     1.11071834
2008  4  8     1.05011721
2008  4  9     1.02128702
2008  4 10     0.99177471
2008  4 11     1.19861479
2008  4 12     1.61903760
2008  4 13     2.08611099
2008  4 14     2.27838370
2008  4 15     1.56146501
2008  4 16     1.18565608
2008  4 17     1.46847692
2008  4 18     2.03497667
2008  4 19     2.04118641
2008  4 20     1.40907483
2008  4 21     1.14429726
2008  4 22     1.26733007
2008  4 23     1.46800326
2008  4 24     1.15589289
2008  4 25     1.16294716
2008  4 26     1.79395052
2008  4 27     2.42978662
2008  4 28     2.82540049
2008  4 29     2.68089213
2008  4 30     1.80816272
2008  5  1     1.30438085
2008  5  2     1.46948389
2008  5  3     1.71503004
2008  5  4     1.73766059
2008  5  5     2.03766408
2008  5  6     2.39346249
2008  5  7     2.53118482
2008  5  8     2.28331912
2008  5  9     2.37144474
2008  5 10     2.63154497
2008  5 11     2.72069776
2008  5 12     2.57756788
2008  5 13     2.37129088
2008  5 14     2.68976614
2008  5 15     3.29719165
2008  5 16     3.17618475
2008  5 17     2.48645204
2008  5 18     2.20674283
2008  5 19     1.66014810
2008  5 20     1.32777707
2008  5 21     1.11821043
2008  5 22     0.96978042
2008  5 23     0.91128569
2008  5 24     1.06126585
2008  5 25     1.55942584
2008  5 26     1.47790001
2008  5 27     1.09282909
2008  5 28     1.07852230
2008  5 29     0.84716994
2008  5 30     0.72985641
2008  5 31     0.67122646
2008  6  1     0.61321782
2008  6  2     0.56926786
2008  6  3     0.53399713
2008  6  4     0.50677322
2008  6  5     0.48279219
2008  6  6     0.46046415
2008  6  7     0.44186356
2008  6  8     0.42079619
2008  6  9     0.40223274
2008  6 10     0.38495160
2008  6 11     0.37398081
2008  6 12     0.35910202
2008  6 13     0.34274264
2008  6 14     0.32977805
2008  6 15     0.31849108
2008  6 16     0.30781354
2008  6 17     0.29745452
2008  6 18     0.28789714
2008  6 19     0.27802028
2008  6 20     0.26856320
2008  6 21     0.26002052
2008  6 22     0.25362132
2008  6 23     0.24496468
2008  6 24     0.23682943
2008  6 25     0.22965146
2008  6 26     0.22275315
2008  6 27     0.21613400
2008  6 28     0.20973578
2008  6 29     0.20353017
2008  6 30     0.19751177
2008  7  1     0.19167333
2008  7  2     0.18600803
2008  7  3     0.18051238
2008  7  4     0.17518084
2008  7  5     0.17000885
2008  7  6     0.16498902
2008  7  7     0.16011879
2008  7  8     0.15539322
2008  7  9     0.15080776
2008  7 10     0.14635867
2008  7 11     0.14204085
2008  7 12     0.13785039
2008  7 13     0.13378425
2008  7 14     0.14203516
2008  7 15     0.13121891
2008  7 16     0.12229324
2008  7 17     0.11868687
2008  7 18     0.11518707
2008  7 19     0.11179095
2008  7 20     0.10849459
2008  7 21     0.10529549
2008  7 22     0.10219101
2008  7 23     0.09917856
2008  7 24     0.09625450
2008  7 25     0.09341648
2008  7 26     0.09066317
2008  7 27     0.08798968
2008  7 28     0.08539541
2008  7 29     0.08287831
2008  7 30     0.08043564
2008  7 31     0.07806405
2008  8  1     0.07576256
2008  8  2     0.07352896
2008  8  3     0.07136134
2008  8  4     0.06925822
2008  8  5     0.06721616
2008  8  6     0.06523453
2008  8  7     0.06331158
2008  8  8     0.06144565
2008  8  9     0.05963410
2008  8 10     0.05787608
2008  8 11     0.05617003
2008  8 12     0.05451428
2008  8 13     0.05290734
2008  8 14     0.05134776
2008  8 15     0.04983415
2008  8 16     0.04836517
2008  8 17     0.04693948
2008  8 18     0.04555582
2008  8 19     0.04421295
2008  8 20     0.04290966
2008  8 21     0.04164479
2008  8 22     0.04041721
2008  8 23     0.03922581
2008  8 24     0.03806953
2008  8 25     0.03694733
2008  8 26     0.03585822
2008  8 27     0.03480121
2008  8 28     0.03377535
2008  8 29     0.03277974
2008  8 30     0.03181348
2008  8 31     0.03087569
2008  9  1     0.02996556
2008  9  2     0.02908225
2008  9  3     0.02822497
2008  9  4     0.02739297
2008  9  5     0.02658549
2008  9  6     0.02580182
2008  9  7     0.02504125
2008  9  8     0.02430309
2008  9  9     0.02358670
2008  9 10     0.02289142
2008  9 11     0.02221664
2008  9 12     0.02156175
2008  9 13     0.02092616
2008  9 14     0.02030931
2008  9 15     0.01971064
2008  9 16     0.01912962
2008  9 17     0.01856573
2008  9 18     0.01801846
2008  9 19     0.01748732
2008  9 20     0.01697183
2008  9 21     0.01647155
2008  9 22     0.01598601
2008  9 23     0.01551478
2008  9 24     0.01505744
2008  9 25     0.01461359
2008  9 26     0.01418281
2008  9 27     0.01376474
2008  9 28     0.01335899
2008  9 29     0.01296520
2008  9 30     0.01258302
2008 10  1     0.01221210
2008 10  2     0.01185212
2008 10  3     0.01150275
2008 10  4     0.56633728
2008 10  5     0.43868228
2008 10  6     0.16739704
2008 10  7     0.06417872
2008 10  8     0.03829384
2008 10  9     0.02549499
2008 10 10     0.01887340
2008 10 11     0.01468462
2008 10 12     0.01160083
2008 10 13     0.00905358
2008 10 14     0.00830733
2008 10 15     0.00803283
2008 10 16     0.00779605
2008 10 17     0.00756624
2008 10 18     0.00734320
2008 10 19     0.00712675
2008 10 20     0.00691667
2008 10 21     0.00671278
2008 10 22     0.00651490
2008 10 23     0.00632286
2008 10 24     0.00613648
2008 10 25     0.00595559
2008 10 26     0.00578003
2008 10 27     0.00560965
2008 10 28     0.00544429
2008 10 29     0.00528381
2008 10 30     0.00512806
2008 10 31     0.13747880
2008 11  1     0.25877066
2008 11  2     1.85050356
2008 11  3     0.92636341
2008 11  4     0.60223119
2008 11  5     0.30410691
2008 11  6     0.16781987
2008 11  7     0.11467993
2008 11  8     0.08458270
2008 11  9     0.40119504
2008 11 10     0.18931138
2008 11 11     0.07318146
2008 11 12     0.06317872
2008 11 13     0.04736455
2008 11 14     0.03137404
2008 11 15     0.02002919
2008 11 16     0.01073665
2008 11 17     0.00466290
2008 11 18     0.00290446
2008 11 19     0.00281880
2008 11 20     0.00273571
2008 11 21     0.00265507
2008 11 22     0.00257681
2008 11 23     0.00250085
2008 11 24     0.00242713
2008 11 25     0.00235558
2008 11 26     0.03958070
2008 11 27     0.13034377
2008 11 28     0.05367514
2008 11 29     0.01578057
2008 11 30     0.00960519
2008 12  1     0.00534963
2008 12  2     0.00315488
2008 12  3     0.00204770
2008 12  4     0.00180872
2008 12  5     0.00174644
2008 12  6     0.01094449
2008 12  7     0.00577340
2008 12  8     0.00299587
2008 12  9     0.00172229
2008 12 10     0.00150377
2008 12 11     0.00145945
2008 12 12     0.00141643
2008 12 13     0.04696660
2008 12 14     0.01766819
2008 12 15     0.18776189
2008 12 16     0.10754147
2008 12 17     0.07745807
2008 12 18     0.04432947
2008 12 19     0.14747178
2008 12 20     0.09224167
2008 12 21     0.18713912
2008 12 22     0.61854436
2008 12 23     0.51180674
2008 12 24     0.28601580
2008 12 25     0.49658951
2008 12 26     0.59114530
2008 12 27     0.25896009
2008 12 28     0.14372274
2008 12 29     0.08055704
2008 12 30     0.04948276
2008 12 31     0.02905689
2009  1  1     0.02036875
2009  1  2     0.38010664
2009  1  3     0.38458139
2009  1  4     0.20545081
2009  1  5     0.13045345
2009  1  6     0.12050905
2009  1  7     0.07622169
2009  1  8     0.05446090
2009  1  9     0.03222100
2009  1 10     0.02860402
2009  1 11     0.03179897
2009  1 12     0.03290699
2009  1 13     0.03848486
2009  1 14     0.03180806
2009  1 15     0.03572410
2009  1 16     0.03394352
2009  1 17     0.03517055
2009  1 18     0.03012781
2009  1 19     0.03705350
2009  1 20     0.05610185
2009  1 21     0.06868784
2009  1 22     1.15326102
2009  1 23     2.85411226
2009  1 24     4.57322927
2009  1 25     3.35294249
2009  1 26     1.47965593
2009  1 27     0.96350580
2009  1 28     0.77309936
2009  1 29     0.66607643
2009  1 30     0.58676015
2009  1 31     0.57212552
2009  2  1     0.53328234
2009  2  2     0.52855299
2009  2  3     0.55051279
2009  2  4     0.56032282
2009  2  5     0.54316467
2009  2  6     0.62212535
2009  2  7     0.54173448
2009  2  8     0.47284881
2009  2  9     1.48945461
2009  2 10     0.72324478
2009  2 11     0.62465049
2009  2 12     1.04075676
2009  2 13     0.87613230
2009  2 14     2.07884109
2009  2 15     1.13638532
2009  2 16     1.35282706
2009  2 17     2.64041808
2009  2 18     1.58036790
2009  2 19     0.88759660
2009  2 20     0.72153210
2009  2 21     0.64813934
2009  2 22     1.81858060
2009  2 23     3.22660187
2009  2 24     2.99255802
2009  2 25     2.34589010
2009  2 26     2.61651124
2009  2 27     1.70716897
2009  2 28     1.48490479
2009  3  1     1.80520293
2009  3  2     5.31558715
2009  3  3     5.50917218
2009  3  4     9.09312391
2009  3  5     7.99254898
2009  3  6     3.61114233
2009  3  7     2.56089516
2009  3  8     2.26734510
2009  3  9     2.05801784
2009  3 10     1.90129446
2009  3 11     1.78501741
2009  3 12     1.70703585
2009  3 13     1.65516578
2009  3 14     1.63496695
2009  3 15     1.61988195
2009  3 16     1.88779232
2009  3 17     2.19367005
2009  3 18     2.19336863
2009  3 19     2.36221717
2009  3 20     2.41608558
2009  3 21     2.31130706
2009  3 22     3.58914306
2009  3 23     2.32114083
2009  3 24     1.90478492
2009  3 25     1.79528436
2009  3 26     1.84729034
2009  3 27     1.95086621
2009  3 28     2.18085891
2009  3 29     2.09127988
2009  3 30     1.75221559
2009  3 31     1.80401669
2009  4  1     1.85805601
2009  4  2     1.96771441
2009  4  3     1.64575382
2009  4  4     1.45031631
2009  4  5     1.42791942
2009  4  6     1.65627391
2009  4  7     2.08220868
2009  4  8     4.27247843
2009  4  9     2.87504355
2009  4 10     4.38023660
2009  4 11     2.66216191
2009  4 12     2.13929569
2009  4 13     2.52668434
2009  4 14     2.28654902
2009  4 15     1.82497776
2009  4 16     1.63577813
2009  4 17     1.91572915
2009  4 18     2.26732764
2009  4 19     2.86020002
2009  4 20     3.61093293
2009  4 21     4.04152438
2009  4 22     4.08826555
2009  4 23     4.11634949
2009  4 24     3.34357704
2009  4 25     2.41530758
2009  4 26     2.24214497
2009  4 27     2.21540108
2009  4 28     2.02096617
2009  4 29     1.91746903
2009  4 30     1.99530684
2009  5  1     2.63284521
2009  5  2    10.10582093
2009  5  3     7.64273567
2009  5  4     6.03999731
2009  5  5     6.97299527
2009  5  6     5.31966068
2009  5  7     4.46007406
2009  5  8     3.94385967
2009  5  9     3.53718343
2009  5 10     3.10677578
2009  5 11     2.79487155
2009  5 12     2.54260274
2009  5 13     2.14950324
2009  5 14     1.93426964
2009  5 15     1.81872521
2009  5 16     1.68958383
2009  5 17     1.58252948
2009  5 18     1.46957720
2009  5 19     1.37757119
2009  5 20     1.30989265
2009  5 21     1.24824064
2009  5 22     1.20354420
2009  5 23     1.14800840
2009  5 24     1.09743577
2009  5 25     1.05533073
2009  5 26     1.01458337
2009  5 27     0.97468526
2009  5 28     0.93816675
2009  5 29     0.91467359
2009  5 30     0.87824332
2009  5 31     0.86213802
2009  6  1     0.83774601
2009  6  2     0.84985156
2009  6  3     0.81123306
2009  6  4     0.77555096
2009  6  5     0.73520258
2009  6  6     0.71449670
2009  6  7     0.70616079
2009  6  8     0.66745772
2009  6  9     0.63865408
2009  6 10     0.61941125
2009  6 11     0.60200872
2009  6 12     0.58163760
2009  6 13     0.56871318
2009  6 14     0.55366701
2009  6 15     0.54508022
2009  6 16     0.52356128
2009  6 17     0.50011856
2009  6 18     0.48241711
2009  6 19     0.46430675
2009  6 20     0.45301899
2009  6 21     0.44404327
2009  6 22     0.42981588
2009  6 23     0.41216495
2009  6 24     0.39536720
2009  6 25     0.38322121
2009  6 26     0.37088758
2009  6 27     0.35746212
2009  6 28     0.34047545
2009  6 29     0.32955484
2009  6 30     0.31936860
2009  7  1     0.31012487
2009  7  2     0.30075486
2009  7  3     0.29170795
2009  7  4     0.28238525
2009  7  5     0.27465980
2009  7  6     0.26850548
2009  7  7     0.26183943
2009  7  8     0.25432159
2009  7  9     0.24618068
2009  7 10     0.23756452
2009  7 11     0.22843051
2009  7 12     0.22110797
2009  7 13     0.21454667
2009  7 14     0.20822138
2009  7 15     0.20208146
2009  7 16     0.19612134
2009  7 17     0.19033940
2009  7 18     0.18472815
2009  7 19     0.17928175
2009  7 20     0.17399673
2009  7 21     0.16886736
2009  7 22     0.16388927
2009  7 23     0.15905817
2009  7 24     0.15436970
2009  7 25     0.14981887
2009  7 26     0.14540236
2009  7 27     0.14111636
2009  7 28     0.13695646
2009  7 29     0.13291957
2009  7 30     0.12900154
2009  7 31     0.12519847
2009  8  1     0.12150778
2009  8  2     0.11792603
2009  8  3     0.11444987
2009  8  4     0.11107617
2009  8  5     0.10780192
2009  8  6     0.10462419
2009  8  7     0.10154013
2009  8  8     0.09854698
2009  8  9     0.09564206
2009  8 10     0.09282277
2009  8 11     0.09008658
2009  8 12     0.08743105
2009  8 13     0.08485380
2009  8 14     0.08235252
2009  8 15     0.07992498
2009  8 16     0.07756899
2009  8 17     0.07528245
2009  8 18     0.07306331
2009  8 19     0.07090958
2009  8 20     0.06881934
2009  8 21     0.06679072
2009  8 22     0.06482190
2009  8 23     0.06407998
2009  8 24     0.06167441
2009  8 25     0.05926423
2009  8 26     0.05751010
2009  8 27     0.05581485
2009  8 28     0.05416956
2009  8 29     0.05257278
2009  8 30     0.05102307
2009  8 31     0.04951903
2009  9  1     0.04805933
2009  9  2     0.04664266
2009  9  3     0.04526775
2009  9  4     0.04393337
2009  9  5     0.04263833
2009  9  6     0.04138146
2009  9  7     0.04016163
2009  9  8     0.03897777
2009  9  9     0.03782880
2009  9 10     0.03671370
2009  9 11     0.03563147
2009  9 12     0.03458115
2009  9 13     0.03364096
2009  9 14     0.04919297
2009  9 15     0.03801760
2009  9 16     0.03145222
2009  9 17     0.02977609
2009  9 18     0.02889835
2009  9 19     0.02804649
2009  9 20     0.02721975
2009  9 21     0.02641738
2009  9 22     0.02563866
2009  9 23     0.02488290
2009  9 24     0.02414941
2009  9 25     0.02343755
2009  9 26     0.02274667
2009  9 27     0.02207615
2009  9 28     0.02142540
2009  9 29     0.02079384
2009  9 30     0.02018088
2009 10  1     0.01958600
2009 10  2     0.01900866
2009 10  3     0.01844833
2009 10  4     0.14162564
2009 10  5     0.06751203
2009 10  6     0.02795530
2009 10  7     0.02999352
2009 10  8     0.03277388
2009 10  9     0.02249672
2009 10 10     0.01564234
2009 10 11     0.01452119
2009 10 12     0.01409313
2009 10 13     0.17156781
2009 10 14     3.32064984
2009 10 15     1.44173450
2009 10 16     0.37999605
2009 10 17     0.21337853
2009 10 18     0.11306203
2009 10 19     0.07415422
2009 10 20     0.07957936
2009 10 21     0.04170910
2009 10 22     0.02193909
2009 10 23     0.01569485
2009 10 24     0.01192137
2009 10 25     0.00997460
2009 10 26     0.00930190
2009 10 27     0.00899687
2009 10 28     0.00873166
2009 10 29     0.00897010
2009 10 30     0.00830574
2009 10 31     0.00798204
2009 11  1     0.00774675
2009 11  2     0.00751839
2009 11  3     0.00729677
2009 11  4     0.00708168
2009 11  5     0.00687293
2009 11  6     0.00667033
2009 11  7     0.01109598
2009 11  8     0.00779078
2009 11  9     0.00609771
2009 11 10     0.00591793
2009 11 11     0.00574349
2009 11 12     0.11342477
2009 11 13     0.05005023
2009 11 14     0.01983605
2009 11 15     0.01408592
2009 11 16     0.01030207
2009 11 17     0.00894637
2009 11 18     0.03044758
2009 11 19     0.01381055
2009 11 20     0.14508705
2009 11 21     0.22768244
2009 11 22     0.11857178
2009 11 23     0.05817248
2009 11 24     0.03255995
2009 11 25     0.01907764
2009 11 26     0.01331056
2009 11 27     0.02911270
2009 11 28     0.12370218
2009 11 29     0.05266774
2009 11 30     0.01823194
2009 12  1     0.01364730
2009 12  2     0.00864725
2009 12  3     0.00545138
2009 12  4     0.00360570
2009 12  5     0.00292193
2009 12  6     0.00289706
2009 12  7     0.23752344
2009 12  8     0.07065387
2009 12  9     0.03599909
2009 12 10     0.01913925
2009 12 11     0.01831697
2009 12 12     0.92974467
2009 12 13     1.74472424
2009 12 14     0.91838263
2009 12 15     0.48627106
2009 12 16     0.30709200
2009 12 17     0.20353564
2009 12 18     0.13359808
2009 12 19     0.08976621
2009 12 20     0.06900605
2009 12 21     0.31236887
2009 12 22     0.37059111
2009 12 23     0.21064102
2009 12 24     0.15206039
2009 12 25     0.10490906
2009 12 26     0.08331237
2009 12 27     0.13601331
2009 12 28     0.14886988
2009 12 29     0.14070848
2009 12 30     0.43939617
2009 12 31     0.22874825
2010  1  1     0.24340511
2010  1  2     0.18344667
2010  1  3     0.14151906
2010  1  4     0.13196011
2010  1  5     0.12636612
2010  1  6     0.12406416
2010  1  7     0.12168681
2010  1  8     0.12662926
2010  1  9     0.19036929
2010  1 10     0.16441918
2010  1 11     0.15299234
2010  1 12     0.47842732
2010  1 13     2.24450908
2010  1 14     1.12487495
2010  1 15     0.52619949
2010  1 16     0.42202825
2010  1 17     0.54985507
2010  1 18     2.39542761
2010  1 19     3.21968831
2010  1 20     3.31381791
2010  1 21     2.60447102
2010  1 22     3.27693882
2010  1 23     1.64778877
2010  1 24     1.16991649
2010  1 25     1.49952113
2010  1 26     2.39431055
2010  1 27     1.38302040
2010  1 28     0.99614821
2010  1 29     0.90342906
2010  1 30     1.07753424
2010  1 31     0.85926301
2010  2  1     0.78212642
2010  2  2     0.73684213
2010  2  3     0.72671577
2010  2  4     0.72417795
2010  2  5     1.22581587
2010  2  6     2.56063967
2010  2  7     2.05070274
2010  2  8     1.74090529
2010  2  9     1.45315789
2010  2 10     1.09532095
2010  2 11     0.97162654
2010  2 12     0.90085789
2010  2 13     0.86111866
2010  2 14     0.85122043
2010  2 15     0.88100809
2010  2 16     0.90403045
2010  2 17     0.88243712
2010  2 18     0.88341431
2010  2 19     0.83565117
2010  2 20     1.30853355
2010  2 21     1.12178434
2010  2 22     1.01540281
2010  2 23     0.84628037
2010  2 24     2.44278293
2010  2 25     1.42625631
2010  2 26     1.27531420
2010  2 27     9.51144927
2010  2 28     3.80161593
2010  3  1     2.02519473
2010  3  2     2.28165618
2010  3  3     3.60175143
2010  3  4     3.80306475
2010  3  5     2.13366103
2010  3  6     1.73110918
2010  3  7     1.61613749
2010  3  8     1.53409651
2010  3  9     1.40895659
2010  3 10     1.53383457
2010  3 11     1.32610983
2010  3 12     2.13884484
2010  3 13     3.63301466
2010  3 14     1.91164528
2010  3 15     1.56492160
2010  3 16     1.71932649
2010  3 17     1.91759132
2010  3 18     1.86695341
2010  3 19     1.74854898
2010  3 20     1.84527081
2010  3 21     1.86835982
2010  3 22     1.81017397
2010  3 23     1.65592122
2010  3 24     1.63417129
2010  3 25     1.59833843
2010  3 26     1.36406704
2010  3 27     1.28815146
2010  3 28     1.53898856
2010  3 29     1.73447321
2010  3 30     2.16636295
2010  3 31     2.81482832
2010  4  1     1.70803106
2010  4  2     1.54776992
2010  4  3     1.51149479
2010  4  4     1.23626286
2010  4  5     5.52286435
2010  4  6     2.31064753
2010  4  7     1.56330871
2010  4  8     1.55951871
2010  4  9     1.59999326
2010  4 10     1.72091839
2010  4 11     1.64499962
2010  4 12     5.53743479
2010  4 13     3.86746316
2010  4 14     2.37380939
2010  4 15     2.17909017
2010  4 16     2.28523788
2010  4 17     2.42504791
2010  4 18     2.64117322
2010  4 19     2.71888366
2010  4 20     4.98619144
2010  4 21     5.08819402
2010  4 22     3.13263583
2010  4 23     2.74309797
2010  4 24     2.87887926
2010  4 25     2.89669634
2010  4 26     3.13593182
2010  4 27     3.87988800
2010  4 28     4.18694674
2010  4 29     4.11001083
2010  4 30     2.51019008
2010  5  1     2.34236939
2010  5  2     2.51349627
2010  5  3     2.84898078
2010  5  4     3.33793772
2010  5  5     3.01003313
2010  5  6     2.24928822
2010  5  7     2.25583232
2010  5  8     2.55923226
2010  5  9     2.18225122
2010  5 10     1.75548015
2010  5 11     2.10904548
2010  5 12     1.66524770
2010  5 13     2.28719999
2010  5 14     3.14805185
2010  5 15     3.22895903
2010  5 16     3.49335809
2010  5 17     3.73441647
2010  5 18     4.37636065
2010  5 19     3.62224236
2010  5 20     3.82715066
2010  5 21     2.88922526
2010  5 22     2.24467566
2010  5 23     1.96539751
2010  5 24     1.76721848
2010  5 25     1.72636288
2010  5 26     4.65886240
2010  5 27     4.91792272
2010  5 28     6.25644274
2010  5 29     3.50189696
2010  5 30     3.68529305
2010  5 31     4.44862041
2010  6  1     4.55389373
2010  6  2     4.23388805
2010  6  3     4.41765856
2010  6  4     4.59837108
2010  6  5     4.91548635
2010  6  6     4.95731672
2010  6  7     4.45559700
2010  6  8     3.87129423
2010  6  9     3.13309814
2010  6 10     2.55355561
2010  6 11     2.15347613
2010  6 12     1.92560779
2010  6 13     1.79376544
2010  6 14     1.65469259
2010  6 15     1.54036437
2010  6 16     1.43904199
2010  6 17     1.34006177
2010  6 18     1.26115254
2010  6 19     1.19848924
2010  6 20     1.14311569
2010  6 21     1.09141486
2010  6 22     1.04269316
2010  6 23     0.99727581
2010  6 24     0.95866562
2010  6 25     0.93625775
2010  6 26     0.89392720
2010  6 27     0.85326964
2010  6 28     0.81873612
2010  6 29     0.79016861
2010  6 30     0.76742252
2010  7  1     0.74299393
2010  7  2     0.71884741
2010  7  3     0.69653530
2010  7  4     0.67357373
2010  7  5     0.64858565
2010  7  6     0.62923024
2010  7  7     0.61095202
2010  7  8     0.59011754
2010  7  9     0.56822677
2010  7 10     0.54861965
2010  7 11     0.52922945
2010  7 12     0.51239354
2010  7 13     0.49988110
2010  7 14     0.48379592
2010  7 15     0.46534786
2010  7 16     0.44593337
2010  7 17     0.43061169
2010  7 18     0.41615635
2010  7 19     0.40510593
2010  7 20     0.39451319
2010  7 21     0.38544583
2010  7 22     0.37229441
2010  7 23     0.35996534
2010  7 24     0.34636723
2010  7 25     0.37288312
2010  7 26     0.37749327
2010  7 27     0.33428988
2010  7 28     0.31001613
2010  7 29     0.29997137
2010  7 30     0.28953569
2010  7 31     0.28055433
2010  8  1     0.27236700
2010  8  2     0.26402007
2010  8  3     0.25587778
2010  8  4     0.24819661
2010  8  5     0.24096296
2010  8  6     0.23386245
2010  8  7     0.22691007
2010  8  8     0.22929673
2010  8  9     0.21832639
2010  8 10     0.20744311
2010  8 11     0.20154706
2010  8 12     0.19543000
2010  8 13     0.18956648
2010  8 14     0.18396754
2010  8 15     0.17854451
2010  8 16     0.17328096
2010  8 17     0.16817308
2010  8 18     0.16321569
2010  8 19     0.15840406
2010  8 20     0.15373425
2010  8 21     0.14920252
2010  8 22     0.14480714
2010  8 23     0.14053614
2010  8 24     0.13639309
2010  8 25     0.13237211
2010  8 26     0.12846986
2010  8 27     0.12468319
2010  8 28     0.12100759
2010  8 29     0.11871633
2010  8 30     0.11430783
2010  8 31     0.11063690
2010  9  1     0.10735792
2010  9  2     0.10419327
2010  9  3     0.10112191
2010  9  4     0.09814109
2010  9  5     0.09524813
2010  9  6     0.09244046
2010  9  7     0.08971554
2010  9  8     0.08707095
2010  9  9     0.08504341
2010  9 10     0.08210162
2010  9 11     0.07959579
2010  9 12     0.07724950
2010  9 13     0.07497238
2010  9 14     0.07276238
2010  9 15     0.07061753
2010  9 16     0.06853590
2010  9 17     0.06651563
2010  9 18     0.06455491
2010  9 19     0.06265200
2010  9 20     0.06080517
2010  9 21     0.05901279
2010  9 22     0.05727323
2010  9 23     0.05558496
2010  9 24     0.05394646
2010  9 25     0.05235625
2010  9 26     0.05081292
2010  9 27     0.04931508
2010  9 28     0.04786139
2010  9 29     0.04645056
2010  9 30     0.04508131
2010 10  1     0.04375243
2010 10  2     0.04246271
2010 10  3     0.44379085
2010 10  4     0.67104301
2010 10  5     0.50729588
2010 10  6     0.32697993
2010 10  7     0.34568178
2010 10  8     0.15517617
2010 10  9     0.06166882
2010 10 10     0.04893723
2010 10 11     0.04020840
2010 10 12     0.03453085
2010 10 13     0.03116811
2010 10 14     0.02969804
2010 10 15     0.02877932
2010 10 16     0.02793098
2010 10 17     0.03003488
2010 10 18     0.13565096
2010 10 19     0.07036814
2010 10 20     0.02810419
2010 10 21     0.02588162
2010 10 22     0.02381469
2010 10 23     0.07724900
2010 10 24     2.50351845
2010 10 25     5.35722962
2010 10 26     2.48294321
2010 10 27     0.83863086
2010 10 28     0.56113640
2010 10 29     0.37623457
2010 10 30     0.31617188
2010 10 31     0.48713701
2010 11  1     0.29938677
2010 11  2     0.19269975
2010 11  3     0.16824032
2010 11  4     0.14466456
2010 11  5     0.12804562
2010 11  6     0.11700423
2010 11  7     0.34915844
2010 11  8     2.32599493
2010 11  9     1.15241820
2010 11 10     1.82872357
2010 11 11     1.03333325
2010 11 12     0.66226807
2010 11 13     0.54461065
2010 11 14     0.49514956
2010 11 15     0.47979271
2010 11 16     0.45512915
2010 11 17     0.41628680
2010 11 18     0.42689483
2010 11 19     0.41139868
2010 11 20     1.33752944
2010 11 21     3.16778591
2010 11 22     2.24690620
2010 11 23     1.54476736
2010 11 24     0.82655164
2010 11 25     0.60339719
2010 11 26     1.26139448
2010 11 27     1.23598116
2010 11 28     0.86612658
2010 11 29     0.56290351
2010 11 30     0.44955961
2010 12  1     0.38783508
2010 12  2     0.35688263
2010 12  3     1.11267134
2010 12  4     0.66183925
2010 12  5     0.83436385
2010 12  6     6.10127127
2010 12  7     2.79013316
2010 12  8     1.40549551
2010 12  9     5.32784491
2010 12 10     3.24052690
2010 12 11     1.85995248
2010 12 12     1.42668777
2010 12 13     1.23470813
2010 12 14     2.32575472
2010 12 15     3.51746740
2010 12 16     1.82682930
2010 12 17     2.02062318
2010 12 18     5.24134106
2010 12 19    33.70384032
2010 12 20    17.50351747
2010 12 21     7.19451803
2010 12 22     6.17210507
2010 12 23     4.66607541
2010 12 24     3.99185838
2010 12 25     3.57456998
2010 12 26     5.94582812
2010 12 27     5.86494295
2010 12 28     3.72404092
2010 12 29    18.66310796
2010 12 30     7.20862860
2010 12 31     4.40634792
2011  1  1     5.10528274
2011  1  2     7.73142520
2011  1  3     5.19375114
2011  1  4     3.82326068
2011  1  5     3.47768235
2011  1  6     3.25155850
2011  1  7     3.07175367
2011  1  8     2.92179387
2011  1  9     3.03082384
2011  1 10     2.73547295
2011  1 11     2.61207080
2011  1 12     2.69773015
2011  1 13     2.58601065
2011  1 14     2.78195040
2011  1 15     2.53076897
2011  1 16     2.44839437
2011  1 17     2.42218550
2011  1 18     2.32362978
2011  1 19     2.23727427
2011  1 20     2.15957439
2011  1 21     2.12566521
2011  1 22     2.11227180
2011  1 23     2.04290654
2011  1 24     1.99794441
2011  1 25     1.96722343
2011  1 26     1.92862946
2011  1 27     1.90616929
2011  1 28     1.91071702
2011  1 29     1.91090750
2011  1 30     5.24422462
2011  1 31     4.54964626
2011  2  1     2.70930808
2011  2  2     2.31608689
2011  2  3     2.09622870
2011  2  4     1.95385410
2011  2  5     1.91243575
2011  2  6     1.95374316
2011  2  7     1.97047134
2011  2  8     1.76084737
2011  2  9     1.64112629
2011  2 10     1.57340561
2011  2 11     1.51032971
2011  2 12     1.56795636
2011  2 13     1.65985848
2011  2 14     1.75764036
2011  2 15     2.00498859
2011  2 16     4.07524110
2011  2 17     4.19615022
2011  2 18     8.97947901
2011  2 19     6.22110580
2011  2 20     2.85079052
2011  2 21     2.22337238
2011  2 22     1.97077765
2011  2 23     1.78899404
2011  2 24     1.71265496
2011  2 25     5.17683567
2011  2 26     2.67717551
2011  2 27     2.87610820
2011  2 28    14.64613164
2011  3  1     4.73256650
2011  3  2     5.04025398
2011  3  3     8.15486683
2011  3  4     3.99619547
2011  3  5     3.16372797
2011  3  6     6.27351117
2011  3  7    11.64512419
2011  3  8     5.10807688
2011  3  9     5.05081487
2011  3 10     4.53921167
2011  3 11     4.34109761
2011  3 12     3.82411613
2011  3 13     3.62743161
2011  3 14     9.07875488
2011  3 15     7.09986189
2011  3 16    17.65995339
2011  3 17     8.26727680
2011  3 18     5.59519567
2011  3 19     9.56645003
2011  3 20    13.57512901
2011  3 21    11.39577509
2011  3 22     7.27100781
2011  3 23     6.31626080
2011  3 24     7.32595333
2011  3 25    13.95175856
2011  3 26    16.15280365
2011  3 27    10.23924159
2011  3 28     6.94044609
2011  3 29     5.49275288
2011  3 30     5.08483303
2011  3 31     5.17575182
2011  4  1     6.08637218
2011  4  2     6.43626888
2011  4  3     5.31589195
2011  4  4     5.34844081
2011  4  5     5.76962363
2011  4  6     5.41646665
2011  4  7     4.77262121
2011  4  8     4.40879029
2011  4  9     4.06122290
2011  4 10     3.90988656
2011  4 11     4.05900201
2011  4 12     4.11691035
2011  4 13     3.72862955
2011  4 14     3.65972631
2011  4 15     4.11434729
2011  4 16     5.07656244
2011  4 17     5.93009302
2011  4 18     5.88134898
2011  4 19     7.17958706
2011  4 20     6.35492880
2011  4 21     9.17916537
2011  4 22     7.01775712
2011  4 23     5.73134830
2011  4 24     5.63893953
2011  4 25     6.29570831
2011  4 26     5.93503533
2011  4 27     5.71685240
2011  4 28     5.80860076
2011  4 29     4.81244292
2011  4 30     4.22614617
2011  5  1     4.28101666
2011  5  2     4.98373871
2011  5  3     6.21706014
2011  5  4     6.74749514
2011  5  5     7.74239460
2011  5  6     8.51984571
2011  5  7     8.54150690
2011  5  8     6.95266474
2011  5  9     5.06436793
2011  5 10     4.95077447
2011  5 11     5.58647509
2011  5 12     6.54460582
2011  5 13     7.66144609
2011  5 14     7.62294277
2011  5 15     6.80876582
2011  5 16     5.24602256
2011  5 17     4.66726789
2011  5 18     5.60807076
2011  5 19     4.63531340
2011  5 20     5.60870579
2011  5 21     6.88386159
2011  5 22     6.68811346
2011  5 23     5.72512075
2011  5 24     5.57931867
2011  5 25     5.89371872
2011  5 26     5.44891236
2011  5 27     4.91122118
2011  5 28     4.47768480
2011  5 29     4.41743829
2011  5 30     4.05664546
2011  5 31     4.36859433
2011  6  1     3.86489370
2011  6  2     3.68482554
2011  6  3     3.33815689
2011  6  4     4.88595722
2011  6  5     7.04817622
2011  6  6    12.08120386
2011  6  7     8.18288236
2011  6  8     6.94492854
2011  6  9     7.26734056
2011  6 10     7.83355610
2011  6 11     7.83327339
2011  6 12     7.78773710
2011  6 13     8.14334818
2011  6 14     9.26387417
2011  6 15     9.93868734
2011  6 16     9.53720117
2011  6 17     8.91687260
2011  6 18     8.64074300
2011  6 19     8.42878579
2011  6 20     8.63519360
2011  6 21     9.49151122
2011  6 22    10.10827195
2011  6 23     9.98066715
2011  6 24     8.62906047
2011  6 25     7.68719688
2011  6 26     7.32118352
2011  6 27     7.49670396
2011  6 28     6.94941093
2011  6 29     8.99103339
2011  6 30     7.44136920
2011  7  1     6.44657936
2011  7  2     6.59651126
2011  7  3     6.55155357
2011  7  4     6.25984920
2011  7  5     5.87946231
2011  7  6     4.95695712
2011  7  7     3.82018339
2011  7  8     3.14545139
2011  7  9     2.76205372
2011  7 10     2.48761028
2011  7 11     2.28639736
2011  7 12     2.13483151
2011  7 13     2.00933074
2011  7 14     1.89855102
2011  7 15     1.79898804
2011  7 16     1.68179283
2011  7 17     1.58052737
2011  7 18     1.50216442
2011  7 19     1.43372852
2011  7 20     1.37114995
2011  7 21     1.31364712
2011  7 22     1.25961685
2011  7 23     1.21142183
2011  7 24     1.16608927
2011  7 25     1.12491180
2011  7 26     1.08651996
2011  7 27     1.04808657
2011  7 28     1.00931815
2011  7 29     0.97911729
2011  7 30     1.08579567
2011  7 31     0.99001911
2011  8  1     0.88728698
2011  8  2     0.85343149
2011  8  3     0.82618155
2011  8  4     0.80226414
2011  8  5     0.78074946
2011  8  6     0.75591328
2011  8  7     0.73320194
2011  8  8     0.71071341
2011  8  9     0.68946197
2011  8 10     0.66686037
2011  8 11     0.64610734
2011  8 12     0.62747739
2011  8 13     0.60761403
2011  8 14     0.58666293
2011  8 15     0.56933132
2011  8 16     0.55179599
2011  8 17     0.53649893
2011  8 18     0.51917746
2011  8 19     0.50525295
2011  8 20     0.49204661
2011  8 21     0.47876138
2011  8 22     0.46432303
2011  8 23     0.44646555
2011  8 24     0.42945956
2011  8 25     0.41552036
2011  8 26     0.40088574
2011  8 27     0.38618367
2011  8 28     0.37407860
2011  8 29     0.36366023
2011  8 30     0.35385808
2011  8 31     0.34597222
2011  9  1     0.33477355
2011  9  2     0.32352689
2011  9  3     0.31235337
2011  9  4     0.30231926
2011  9  5     0.29250939
2011  9  6     0.28372598
2011  9  7     0.27535377
2011  9  8     0.26727291
2011  9  9     0.26230429
2011  9 10     0.25214543
2011  9 11     0.32649600
2011  9 12     0.50717807
2011  9 13     0.34282832
2011  9 14     0.24031627
2011  9 15     0.22308134
2011  9 16     0.21612358
2011  9 17     0.21014835
2011  9 18     0.20147268
2011  9 19     0.19270188
2011  9 20     0.18661663
2011  9 21     0.18111604
2011  9 22     0.17577723
2011  9 23     0.17059521
2011  9 24     0.16564651
2011  9 25     0.21424643
2011  9 26     0.18521598
2011  9 27     0.15276511
2011  9 28     0.14699993
2011  9 29     0.14256044
2011  9 30     0.13836830
2011 10  1     0.13428438
2011 10  2     0.13045415
2011 10  3     0.12793329
2011 10  4     0.12860483
2011 10  5     1.71455692
2011 10  6     1.19831110
2011 10  7     0.68633945
2011 10  8     0.38012853
2011 10  9     0.38667339
2011 10 10     0.29088792
2011 10 11     0.89287801
2011 10 12     0.49592416
2011 10 13     0.20317262
2011 10 14     0.15565103
2011 10 15     0.13070560
2011 10 16     0.11719821
2011 10 17     0.10720141
2011 10 18     0.09750751
2011 10 19     0.09226662
2011 10 20     0.09017855
2011 10 21     0.08668382
2011 10 22     0.08373260
2011 10 23     0.07957932
2011 10 24     0.07595385
2011 10 25     0.07611872
2011 10 26     0.07711540
2011 10 27     0.07591718
2011 10 28     0.07329169
2011 10 29     0.07000903
2011 10 30     0.06618325
2011 10 31     0.06379821
2011 11  1     0.06327187
2011 11  2     0.06254526
2011 11  3     0.06181240
2011 11  4     0.12753296
2011 11  5     0.12681491
2011 11  6     0.33319466
2011 11  7     0.19536951
2011 11  8     0.13826056
2011 11  9     0.09611323
2011 11 10     0.08107999
2011 11 11     0.14928326
2011 11 12     0.22907588
2011 11 13     0.15295895
2011 11 14     0.11324550
2011 11 15     0.10209227
2011 11 16     0.09853377
2011 11 17     0.08422785
2011 11 18     0.11170451
2011 11 19     0.19172928
2011 11 20     0.20933690
2011 11 21     0.13595874
2011 11 22     0.09947691
2011 11 23     0.09380218
2011 11 24     0.08367753
2011 11 25     0.09710956
2011 11 26     0.07650722
2011 11 27     0.07563396
2011 11 28     0.07971584
2011 11 29     0.08751517
2011 11 30     0.05942656
2011 12  1     0.04680520
2011 12  2     0.04072542
2011 12  3     0.03826199
2011 12  4     0.03627381
2011 12  5     0.03501195
2011 12  6     0.03367533
2011 12  7     0.03314626
2011 12  8     0.03274829
2011 12  9     0.03069512
2011 12 10     0.02926678
2011 12 11     0.02925150
2011 12 12     0.02898891
2011 12 13     0.02784845
2011 12 14     0.02768677
2011 12 15     0.03098956
2011 12 16     0.02792033
2011 12 17     0.02486110
2011 12 18     0.02434528
2011 12 19     0.02410252
2011 12 20     0.02330124
2011 12 21     0.02334956
2011 12 22     0.02321350
2011 12 23     0.02163042
2011 12 24     0.02072180
2011 12 25     0.02008728
2011 12 26     0.02141668
2011 12 27     0.02121556
2011 12 28     0.02453751
2011 12 29     0.02556290
2011 12 30     0.02650629
2011 12 31     0.02074276
2012  1  1     0.01677481
2012  1  2     0.01817981
2012  1  3     0.02111579
2012  1  4     0.01977417
2012  1  5     0.01904323
2012  1  6     0.01832965
2012  1  7     0.01439009
2012  1  8     0.01270243
2012  1  9     0.01327067
2012  1 10     0.01109801
2012  1 11     0.00981077
2012  1 12     0.00890118
2012  1 13     0.00891037
2012  1 14     0.00764723
2012  1 15     0.00813633
2012  1 16     0.01041583
2012  1 17     0.00987547
2012  1 18     0.01021181
2012  1 19     0.01143105
2012  1 20     0.39610673
2012  1 21     6.43069235
2012  1 22     3.33258745
2012  1 23     4.50281330
2012  1 24     2.63269278
2012  1 25     1.35832063
2012  1 26     1.12394095
2012  1 27     0.98552685
2012  1 28     0.79482724
2012  1 29     0.72952647
2012  1 30     0.70673764
2012  1 31     0.64594016
2012  2  1     0.67360512
2012  2  2     0.53844517
2012  2  3     0.48296141
2012  2  4     0.44785515
2012  2  5     0.41303650
2012  2  6     0.39092457
2012  2  7     0.37412486
2012  2  8     0.36253183
2012  2  9     0.35426860
2012  2 10     0.41081907
2012  2 11     0.43603917
2012  2 12     0.36206416
2012  2 13     1.47068406
2012  2 14     0.77347289
2012  2 15     0.76888860
2012  2 16     0.46214073
2012  2 17     0.38501723
2012  2 18     0.35194429
2012  2 19     0.31446994
2012  2 20     0.29647355
2012  2 21     0.29462045
2012  2 22     0.42213857
2012  2 23     0.55906598
2012  2 24     0.66256956
2012  2 25     0.60598733
2012  2 26     0.44257466
2012  2 27     0.41698398
2012  2 28     0.40854003
2012  2 29     1.27831472
2012  3  1     1.49913169
2012  3  2     1.04891467
2012  3  3     0.60787935
2012  3  4     0.55396680
2012  3  5     0.75831184
2012  3  6     1.17212084
2012  3  7     0.69000017
2012  3  8     0.55718596
2012  3  9     0.60004857
2012  3 10     0.70440133
2012  3 11     0.79573529
2012  3 12     0.88797034
2012  3 13     1.18181038
2012  3 14     4.72196519
2012  3 15     5.39178305
2012  3 16     5.44944911
2012  3 17     9.27715840
2012  3 18     6.80200101
2012  3 19     3.41010173
2012  3 20     2.68061975
2012  3 21     2.17472795
2012  3 22     2.39240507
2012  3 23     2.32802373
2012  3 24     2.16109083
2012  3 25     2.32446833
2012  3 26     2.28223659
2012  3 27     1.91900777
2012  3 28     5.36817568
2012  3 29     3.98633227
2012  3 30     5.53200786
2012  3 31     8.58623675
2012  4  1     8.05267944
2012  4  2     4.05776867
2012  4  3     3.21719210
2012  4  4     3.60056321
2012  4  5     2.81500037
2012  4  6     2.44738045
2012  4  7     2.27643565
2012  4  8     2.45250135
2012  4  9     2.82648010
2012  4 10     3.03586889
2012  4 11     4.43464261
2012  4 12     6.18992500
2012  4 13     9.81428938
2012  4 14     5.72789567
2012  4 15     3.48572919
2012  4 16     3.30613748
2012  4 17     3.75124938
2012  4 18     4.29640816
2012  4 19     4.66252931
2012  4 20     4.86909494
2012  4 21     5.06059651
2012  4 22     5.15282608
2012  4 23     5.22282559
2012  4 24     5.18730635
2012  4 25     4.95057233
2012  4 26     8.46285756
2012  4 27     8.49003035
2012  4 28     4.87828611
2012  4 29     4.09474885
2012  4 30     3.89380312
2012  5  1     3.52340367
2012  5  2     3.16962960
2012  5  3     2.98963391
2012  5  4     2.75071630
2012  5  5     2.45795837
2012  5  6     2.33715231
2012  5  7     2.27303843
2012  5  8     2.19531391
2012  5  9     2.08825848
2012  5 10     1.94360364
2012  5 11     1.80954734
2012  5 12     1.69200715
2012  5 13     1.57995696
2012  5 14     1.49611492
2012  5 15     1.43906368
2012  5 16     1.37498225
2012  5 17     1.31581023
2012  5 18     1.26848524
2012  5 19     1.22261275
2012  5 20     1.17683546
2012  5 21     1.13487044
2012  5 22     1.09751786
2012  5 23     1.06255085
2012  5 24     1.03049816
2012  5 25     1.00186840
2012  5 26     1.11978264
2012  5 27     1.18882574
2012  5 28     1.02264956
2012  5 29     0.91471691
2012  5 30     0.87268035
2012  5 31     0.83820899
2012  6  1     0.80601133
2012  6  2     0.77886345
2012  6  3     0.75883706
2012  6  4     0.87192892
2012  6  5     1.67264317
2012  6  6     1.12617650
2012  6  7     0.79891264
2012  6  8     0.72231363
2012  6  9     0.67984059
2012  6 10     0.64761050
2012  6 11     0.62021387
2012  6 12     0.59618513
2012  6 13     0.57623857
2012  6 14     0.55725770
2012  6 15     0.53982619
2012  6 16     0.52079818
2012  6 17     0.50327695
2012  6 18     0.48895026
2012  6 19     0.47710789
2012  6 20     0.46289606
2012  6 21     0.44814226
2012  6 22     0.43757667
2012  6 23     0.42828586
2012  6 24     0.41992142
2012  6 25     0.40635797
2012  6 26     0.39436519
2012  6 27     0.38160579
2012  6 28     0.36679986
2012  6 29     0.35512063
2012  6 30     0.34475791
2012  7  1     0.33383980
2012  7  2     0.32228994
2012  7  3     0.31122857
2012  7  4     0.30124900
2012  7  5     0.29170676
2012  7  6     0.28279976
2012  7  7     0.27168991
2012  7  8     0.26046257
2012  7  9     0.25195423
2012  7 10     0.24248681
2012  7 11     0.23154036
2012  7 12     0.22193086
2012  7 13     0.21512328
2012  7 14     0.21212371
2012  7 15     0.20797665
2012  7 16     0.20282331
2012  7 17     0.20205023
2012  7 18     0.19761769
2012  7 19     0.18692131
2012  7 20     0.17710577
2012  7 21     0.16720589
2012  7 22     0.16453484
2012  7 23     0.61235623
2012  7 24     0.39394309
2012  7 25     0.22494875
2012  7 26     0.18843686
2012  7 27     0.16653003
2012  7 28     0.15273075
2012  7 29     0.14219396
2012  7 30     0.13224341
2012  7 31     0.12522489
2012  8  1     0.12017412
2012  8  2     0.11611010
2012  8  3     0.11279583
2012  8  4     0.10940117
2012  8  5     0.11781836
2012  8  6     0.10717549
2012  8  7     0.09986059
2012  8  8     0.09690075
2012  8  9     0.09404435
2012  8 10     0.09127216
2012  8 11     0.08858168
2012  8 12     0.09698709
2012  8 13     0.11482267
2012  8 14     0.09125950
2012  8 15     0.07861234
2012  8 16     0.09928107
2012  8 17     0.08328027
2012  8 18     0.07184300
2012  8 19     0.07022182
2012  8 20     0.06785097
2012  8 21     0.06567498
2012  8 22     0.06373904
2012  8 23     0.06186018
2012  8 24     0.06003669
2012  8 25     0.05826696
2012  8 26     0.05654939
2012  8 27     0.05488246
2012  8 28     0.05326466
2012  8 29     0.05169455
2012  8 30     0.05017072
2012  8 31     0.04869182
2012  9  1     0.04725650
2012  9  2     0.04586350
2012  9  3     0.04451156
2012  9  4     0.04319947
2012  9  5     0.04547494
2012  9  6     0.09532290
2012  9  7     0.05655275
2012  9  8     0.04068165
2012  9  9     0.03825834
2012  9 10     0.03621002
2012  9 11     0.03503625
2012  9 12     0.03400347
2012  9 13     0.03300113
2012  9 14     0.03202834
2012  9 15     0.03108422
2012  9 16     0.03016794
2012  9 17     0.02927866
2012  9 18     0.02841560
2012  9 19     0.02757798
2012  9 20     0.02676505
2012  9 21     0.02597608
2012  9 22     0.02521037
2012  9 23     0.02446723
2012  9 24     0.02374600
2012  9 25     0.02304602
2012  9 26     0.02236668
2012  9 27     0.02170737
2012  9 28     0.02106749
2012  9 29     0.02044647
2012  9 30     0.01984376
2012 10  1     0.01925882
2012 10  2     0.01869112
2012 10  3     0.01814015
2012 10  4     0.01760542
2012 10  5     0.01708646
2012 10  6     0.01658279
2012 10  7     0.01609397
2012 10  8     0.01561956
2012 10  9     0.01515914
2012 10 10     0.01471228
2012 10 11     0.01622966
2012 10 12     0.06026334
2012 10 13     0.03324731
2012 10 14     0.01306649
2012 10 15     0.01266800
2012 10 16     0.01229458
2012 10 17     0.01193217
2012 10 18     0.01158043
2012 10 19     0.01123907
2012 10 20     0.01090777
2012 10 21     0.01058624
2012 10 22     0.29337850
2012 10 23     1.03433383
2012 10 24     0.66188472
2012 10 25     0.41004241
2012 10 26     0.25569657
2012 10 27     0.17113403
2012 10 28     0.16019927
2012 10 29     0.12539463
2012 10 30     0.08097411
2012 10 31     0.05116983
2012 11  1     0.13693164
2012 11  2     0.21110581
2012 11  3     0.08488544
2012 11  4     0.03590941
2012 11  5     0.02207268
2012 11  6     0.01404136
2012 11  7     0.01013896
2012 11  8     0.02788588
2012 11  9     0.16780706
2012 11 10     0.26400897
2012 11 11     0.13861531
2012 11 12     0.08360166
2012 11 13     0.04861087
2012 11 14     0.04886267
2012 11 15     0.04971130
2012 11 16     0.04134905
2012 11 17     0.63458160
2012 11 18     0.94122960
2012 11 19     0.48724838
2012 11 20     0.16948755
2012 11 21     0.39950807
2012 11 22     0.28632678
2012 11 23     0.13635825
2012 11 24     0.05405421
2012 11 25     0.03049927
2012 11 26     0.02004297
2012 11 27     0.01376143
2012 11 28     0.32061261
2012 11 29     0.87213474
2012 11 30     3.41200432
2012 12  1     4.53547389
2012 12  2     6.76746896
2012 12  3     6.30873178
2012 12  4     3.02617953
2012 12  5     4.33988159
2012 12  6     3.22134405
2012 12  7     1.86767769
2012 12  8     1.39458552
2012 12  9     1.16606273
2012 12 10     0.99997071
2012 12 11     0.88801898
2012 12 12     1.54638762
2012 12 13     1.06876251
2012 12 14     0.84378657
2012 12 15     0.75287575
2012 12 16     0.69028319
2012 12 17     2.13037065
2012 12 18     1.51467959
2012 12 19     0.94188281
2012 12 20     0.80326133
2012 12 21     0.70900542
2012 12 22     2.36426957
2012 12 23     2.98989104
2012 12 24     2.28661077
2012 12 25     1.76884087
2012 12 26     3.44588111
2012 12 27     1.72314415
2012 12 28     1.24217441
2012 12 29     1.07502668
2012 12 30     0.95489886
2012 12 31     0.87207569
2013  1  1     0.81003084
2013  1  2     0.76561273
2013  1  3     0.73082298
2013  1  4     0.70046601
2013  1  5     0.67916650
2013  1  6     1.27203001
2013  1  7     0.90050338
2013  1  8     0.75036947
2013  1  9     0.68942084
2013  1 10     0.85276449
2013  1 11     0.79033516
2013  1 12     0.67074443
2013  1 13     0.62640150
2013  1 14     0.59168038
2013  1 15     0.56579123
2013  1 16     0.54545421
2013  1 17     0.53648722
2013  1 18     0.51417686
2013  1 19     0.50197996
2013  1 20     0.48747253
2013  1 21     0.47812279
2013  1 22     0.47479743
2013  1 23     0.49876445
2013  1 24     0.52585598
2013  1 25     1.54287177
2013  1 26     1.17293744
2013  1 27     0.91952190
2013  1 28     0.72862987
2013  1 29     0.70957783
2013  1 30     0.74858126
2013  1 31     0.74471217
2013  2  1     0.65081470
2013  2  2     0.60455062
2013  2  3     0.56872098
2013  2  4     0.56136053
2013  2  5     0.58543385
2013  2  6     0.51854506
2013  2  7     0.50639355
2013  2  8     0.47624670
2013  2  9     0.45438066
2013  2 10     0.43294644
2013  2 11     0.41915452
2013  2 12     0.40136939
2013  2 13     0.39119340
2013  2 14     0.39676540
2013  2 15     0.42114807
2013  2 16     0.43322553
2013  2 17     0.43418382
2013  2 18     0.41546124
2013  2 19     0.38098330
2013  2 20     0.37127635
2013  2 21     0.53479263
2013  2 22     0.44489961
2013  2 23     0.40799996
2013  2 24     0.35522989
2013  2 25     0.32737069
2013  2 26     0.30824900
2013  2 27     0.29311046
2013  2 28     0.36606903
2013  3  1     0.46673270
2013  3  2     0.72286871
2013  3  3     1.70718337
2013  3  4     1.20168507
2013  3  5     0.89771216
2013  3  6     1.81806330
2013  3  7     1.02167527
2013  3  8     0.75006225
2013  3  9     0.62895825
2013  3 10     0.57216588
2013  3 11     0.68678573
2013  3 12     0.97033370
2013  3 13     1.38230520
2013  3 14     1.84421839
2013  3 15     1.98523975
2013  3 16     1.78907690
2013  3 17     1.53640576
2013  3 18     1.32943359
2013  3 19     1.45222548
2013  3 20     3.39834465
2013  3 21     3.34071026
2013  3 22     1.90467135
2013  3 23     1.28487670
2013  3 24     1.28281466
2013  3 25     1.30817579
2013  3 26     1.28067113
2013  3 27     1.20613967
2013  3 28     1.21214333
2013  3 29     1.11207907
2013  3 30     1.09173368
2013  3 31     2.12045087
2013  4  1     2.93994049
2013  4  2     1.62029908
2013  4  3     1.19713112
2013  4  4     1.60114060
2013  4  5     1.66196721
2013  4  6     1.20171594
2013  4  7     1.01281517
2013  4  8     1.78200779
2013  4  9     1.09891727
2013  4 10     1.18087016
2013  4 11     1.06670307
2013  4 12     0.91447149
2013  4 13     0.86571714
2013  4 14     0.79035630
2013  4 15     0.69414418
2013  4 16     0.65257063
2013  4 17     0.59359943
2013  4 18     0.59166443
2013  4 19     0.71443821
2013  4 20     0.68747298
2013  4 21     0.61688414
2013  4 22     0.53551133
2013  4 23     0.48332019
2013  4 24     0.45403085
2013  4 25     0.43032032
2013  4 26     0.41058540
2013  4 27     0.39277091
2013  4 28     0.37661578
2013  4 29     0.36166339
2013  4 30     0.34850176
2013  5  1     0.33670967
2013  5  2     0.32574348
2013  5  3     0.31354905
2013  5  4     0.30312696
2013  5  5     0.31795979
2013  5  6     0.54239747
2013  5  7     0.66478939
2013  5  8     0.88994598
2013  5  9     0.54335212
2013  5 10     0.37973834
2013  5 11     0.34288836
2013  5 12     0.30359839
2013  5 13     0.27673184
2013  5 14     0.25823161
2013  5 15     0.25593170
2013  5 16     0.24358420
2013  5 17     0.28331449
2013  5 18     0.23722293
2013  5 19     0.21493763
2013  5 20     0.20474252
2013  5 21     0.19475691
2013  5 22     0.18967044
2013  5 23     0.18486012
2013  5 24     0.17825306
2013  5 25     0.17112543
2013  5 26     0.16570958
2013  5 27     0.16588711
2013  5 28     0.26282840
2013  5 29     0.20452955
2013  5 30     0.15992360
2013  5 31     0.14494872
2013  6  1     0.13395197
2013  6  2     0.12531521
2013  6  3     0.11987208
2013  6  4     0.11596887
2013  6  5     0.11252377
2013  6  6     0.10903668
2013  6  7     0.10539282
2013  6  8     0.10165112
2013  6  9     0.09854697
2013  6 10     0.09642404
2013  6 11     0.09944199
2013  6 12     0.09324473
2013  6 13     0.08844300
2013  6 14     0.08601710
2013  6 15     0.08290259
2013  6 16     0.08016330
2013  6 17     0.07766654
2013  6 18     0.07555829
2013  6 19     0.07401603
2013  6 20     0.07175661
2013  6 21     0.06901152
2013  6 22     0.06677886
2013  6 23     0.06479489
2013  6 24     0.27103844
2013  6 25     0.53735565
2013  6 26     0.31076995
2013  6 27     0.13091276
2013  6 28     0.08827260
2013  6 29     0.07244246
2013  6 30     0.06215171
2013  7  1     0.05530196
2013  7  2     0.05079082
2013  7  3     0.04816563
2013  7  4     0.04665356
2013  7  5     0.04526616
2013  7  6     0.04391270
2013  7  7     0.04261820
2013  7  8     0.04136159
2013  7  9     0.04014313
2013  7 10     0.03895912
2013  7 11     0.03781009
2013  7 12     0.03669555
2013  7 13     0.03561390
2013  7 14     0.03456405
2013  7 15     0.03354518
2013  7 16     0.03255635
2013  7 17     0.03159667
2013  7 18     0.03066528
2013  7 19     0.02976134
2013  7 20     0.02888405
2013  7 21     0.02803262
2013  7 22     0.02720629
2013  7 23     0.02842813
2013  7 24     0.02645179
2013  7 25     0.02487061
2013  7 26     0.06988015
2013  7 27     0.04573108
2013  7 28     0.02273628
2013  7 29     0.02206542
2013  7 30     0.02141503
2013  7 31     0.02078369
2013  8  1     0.02017129
2013  8  2     0.01957653
2013  8  3     0.01899921
2013  8  4     0.01843916
2013  8  5     0.01789562
2013  8  6     0.01736810
2013  8  7     0.01685613
2013  8  8     0.01635926
2013  8  9     0.01587703
2013  8 10     0.01540901
2013  8 11     0.01495479
2013  8 12     0.01451396
2013  8 13     0.01408613
2013  8 14     0.01367090
2013  8 15     0.01326792
2013  8 16     0.01287681
2013  8 17     0.01249724
2013  8 18     0.01212892
2013  8 19     0.01177136
2013  8 20     0.01142433
2013  8 21     0.03766325
2013  8 22     0.03026062
2013  8 23     0.01407041
2013  8 24     0.01013577
2013  8 25     0.00983691
2013  8 26     0.00954694
2013  8 27     0.00926552
2013  8 28     0.00899240
2013  8 29     0.00872732
2013  8 30     0.00847006
2013  8 31     0.00822039
2013  9  1     0.00797807
2013  9  2     0.00774290
2013  9  3     0.00751466
2013  9  4     0.00729314
2013  9  5     0.00707816
2013  9  6     0.00686951
2013  9  7     0.00666702
2013  9  8     0.00647049
2013  9  9     0.00627976
2013  9 10     0.00609464
2013  9 11     0.00591499
2013  9 12     0.00574063
2013  9 13     0.00573870
2013  9 14     0.00548525
2013  9 15     0.00524779
2013  9 16     0.00509310
2013  9 17     0.01447676
2013  9 18     0.08805859
2013  9 19     0.03424147
2013  9 20     0.00456546
2013  9 21     0.21001131
2013  9 22     0.62494957
2013  9 23     0.29887378
2013  9 24     0.07551106
2013  9 25     0.04377881
2013  9 26     0.02745626
2013  9 27     0.01736254
2013  9 28     0.01088330
2013  9 29     0.00663340
2013  9 30     0.00436619
2013 10  1     0.00335610
2013 10  2     0.00315552
2013 10  3     0.00306251
2013 10  4     0.00297223
2013 10  5     0.00288462
2013 10  6     0.00279959
2013 10  7     0.00271706
2013 10  8     0.00263697
2013 10  9     0.01875621
2013 10 10     0.02356579
2013 10 11     0.00946990
2013 10 12     0.00233969
2013 10 13     0.00795725
2013 10 14     0.00487501
2013 10 15     0.00213874
2013 10 16     0.00207563
2013 10 17     0.00201445
2013 10 18     0.00195507
2013 10 19     0.00189743
2013 10 20     0.00184150
2013 10 21     0.00178722
2013 10 22     0.00173454
2013 10 23     0.00168341
2013 10 24     0.00163378
2013 10 25     0.00158562
2013 10 26     0.00153888
2013 10 27     0.00149352
2013 10 28     0.29052220
2013 10 29     0.16386054
2013 10 30     0.04056837
2013 10 31     0.02261598
2013 11  1     0.01554472
2013 11  2     0.00776963
2013 11  3     0.00356408
2013 11  4     0.00224595
2013 11  5     0.00133585
2013 11  6     0.00111823
2013 11  7     0.00107466
2013 11  8     0.00104299
2013 11  9     0.00101224
2013 11 10     0.00098240
2013 11 11     0.00095344
2013 11 12     0.00092534
2013 11 13     0.00089806
2013 11 14     0.00087159
2013 11 15     0.00084590
2013 11 16     0.00082096
2013 11 17     0.00079676
2013 11 18     0.00077328
2013 11 19     0.00088614
2013 11 20     0.60121763
2013 11 21     0.78700849
2013 11 22     0.34723710
2013 11 23     0.12359031
2013 11 24     0.06627392
2013 11 25     0.03180273
2013 11 26     0.01756090
2013 11 27     0.01009504
2013 11 28     0.00587539
2013 11 29     0.00327118
2013 11 30     0.00159770
2013 12  1     0.00231658
2013 12  2     0.00412515
2013 12  3     0.04585518
2013 12  4     0.02923934
2013 12  5     0.00861836
2013 12  6     0.00611322
2013 12  7     0.08199655
2013 12  8     0.01092018
2013 12  9     0.00351821
2013 12 10     0.00192628
2013 12 11     0.00119708
2013 12 12     0.00320679
2013 12 13     0.00621742
2013 12 14     0.00765779
2013 12 15     0.01108303
2013 12 16     0.01412086
2013 12 17     0.01766902
2013 12 18     0.02371601
2013 12 19     0.11446489
2013 12 20     0.06457123
2013 12 21     0.02051501
2013 12 22     0.02453150
2013 12 23     0.02488083
2013 12 24     0.02557480
2013 12 25     0.02130130
2013 12 26     0.02003672
2013 12 27     0.01456403
2013 12 28     0.01104147
2013 12 29     0.00828734
2013 12 30     0.00947106
2013 12 31     0.01563384
2014  1  1     0.01161958
2014  1  2     0.01046716
2014  1  3     0.01304985
2014  1  4     0.01061499
2014  1  5     0.00770211
2014  1  6     0.00486258
2014  1  7     0.00796887
2014  1  8     0.00564096
2014  1  9     0.00792227
2014  1 10     0.00904894
2014  1 11     0.01324525
2014  1 12     0.03884721
2014  1 13     0.01745403
2014  1 14     0.01602024
2014  1 15     0.01804531
2014  1 16     0.01784261
2014  1 17     0.01845183
2014  1 18     0.01758186
2014  1 19     0.01680255
2014  1 20     0.01401748
2014  1 21     0.00872971
2014  1 22     0.00754210
2014  1 23     0.00487174
2014  1 24     0.01057046
2014  1 25     0.01047694
2014  1 26     0.00535105
2014  1 27     0.00343861
2014  1 28     0.01201329
2014  1 29     0.05181775
2014  1 30     1.16046893
2014  1 31     0.66797801
2014  2  1     0.18059105
2014  2  2     0.09038637
2014  2  3     0.04983999
2014  2  4     0.02592082
2014  2  5     0.01529626
2014  2  6     0.01135222
2014  2  7     0.14031737
2014  2  8     1.12240327
2014  2  9     8.89187797
2014  2 10     9.61846335
2014  2 11     4.00579661
2014  2 12     2.03817215
2014  2 13     1.54644289
2014  2 14     1.25184371
2014  2 15     1.04644792
2014  2 16     1.47819365
2014  2 17     1.01037286
2014  2 18     0.75452289
2014  2 19     0.69209671
2014  2 20     0.60172348
2014  2 21     0.53830712
2014  2 22     0.49584911
2014  2 23     0.46144040
2014  2 24     0.44095882
2014  2 25     0.43204276
2014  2 26     0.41267457
2014  2 27     5.05468774
2014  2 28     3.35752458
2014  3  1     2.94672989
2014  3  2     1.61299881
2014  3  3     1.27133079
2014  3  4     3.05244265
2014  3  5     1.92528413
2014  3  6     3.25057832
2014  3  7     2.04500111
2014  3  8     1.38016123
2014  3  9     1.33031867
2014  3 10     1.20664972
2014  3 11     1.05450622
2014  3 12     0.92018421
2014  3 13     0.84387857
2014  3 14     0.80460193
2014  3 15     0.79257337
2014  3 16     0.79772096
2014  3 17     0.81603237
2014  3 18     0.71294292
2014  3 19     0.63998723
2014  3 20     0.62930628
2014  3 21     0.60125959
2014  3 22     0.56299329
2014  3 23     0.54772978
2014  3 24     0.56431736
2014  3 25     0.57549076
2014  3 26     0.66267212
2014  3 27     1.71334271
2014  3 28     0.96775539
2014  3 29     1.03106987
2014  3 30     4.04452807
2014  3 31     2.26329520
2014  4  1     2.42209287
2014  4  2     1.84671442
2014  4  3     1.17983858
2014  4  4     0.99758852
2014  4  5     0.91940665
2014  4  6     0.97490491
2014  4  7     1.51075913
2014  4  8     1.98574937
2014  4  9     1.99706045
2014  4 10     1.68018650
2014  4 11     1.50612263
2014  4 12     1.21507085
2014  4 13     1.00669132
2014  4 14     0.87125771
2014  4 15     0.78612689
2014  4 16     0.72625938
2014  4 17     0.67783245
2014  4 18     0.63898918
2014  4 19     0.60617179
2014  4 20     0.57800977
2014  4 21     0.55196524
2014  4 22     0.57245469
2014  4 23     0.52974241
2014  4 24     0.52388086
2014  4 25     1.70287462
2014  4 26     3.10632819
2014  4 27     1.44435780
2014  4 28     1.13412710
2014  4 29     1.53118547
2014  4 30     1.84809934
2014  5  1     1.46095504
2014  5  2     0.99928008
2014  5  3     0.82479398
2014  5  4     0.73228462
2014  5  5     0.66014018
2014  5  6     0.62700748
2014  5  7     0.67745683
2014  5  8     0.60073369
2014  5  9     0.68074022
2014  5 10     0.54712630
2014  5 11     0.50657551
2014  5 12     0.48229345
2014  5 13     0.44793405
2014  5 14     0.42228995
2014  5 15     0.40267033
2014  5 16     0.38621282
2014  5 17     0.37207292
2014  5 18     0.35916819
2014  5 19     0.34766820
2014  5 20     0.56891712
2014  5 21     0.67673233
2014  5 22     0.69274762
2014  5 23     0.59549018
2014  5 24     0.43440927
2014  5 25     0.36641331
2014  5 26     0.34048117
2014  5 27     0.31747490
2014  5 28     0.30118207
2014  5 29     0.28882062
2014  5 30     0.27573860
2014  5 31     0.26467784
2014  6  1     0.25452922
2014  6  2     0.24364482
2014  6  3     0.23474039
2014  6  4     0.22645013
2014  6  5     0.21717525
2014  6  6     0.20771680
2014  6  7     0.19908610
2014  6  8     0.19060848
2014  6  9     0.18237929
2014  6 10     0.17581540
2014  6 11     0.17028201
2014  6 12     0.16640062
2014  6 13     0.16409122
2014  6 14     0.16004843
2014  6 15     0.15384547
2014  6 16     0.14833427
2014  6 17     0.14619950
2014  6 18     0.14100716
2014  6 19     0.13409863
2014  6 20     0.12912123
2014  6 21     0.12496415
2014  6 22     0.12124956
2014  6 23     0.11764024
2014  6 24     0.11415697
2014  6 25     0.11078250
2014  6 26     0.10753940
2014  6 27     0.10438858
2014  6 28     0.10125867
2014  6 29     0.09826413
2014  6 30     0.09536201
2014  7  1     0.09254763
2014  7  2     0.08981470
2014  7  3     0.08716708
2014  7  4     0.08459305
2014  7  5     0.08209677
2014  7  6     0.07967598
2014  7  7     0.07732508
2014  7  8     0.07504495
2014  7  9     0.07283095
2014  7 10     0.07068325
2014  7 11     0.06859922
2014  7 12     0.06657602
2014  7 13     0.06461288
2014  7 14     0.06270784
2014  7 15     0.06085908
2014  7 16     0.05906477
2014  7 17     0.05732339
2014  7 18     0.05566581
2014  7 19     0.05400765
2014  7 20     0.09162360
2014  7 21     0.12918534
2014  7 22     0.11956925
2014  7 23     0.06080694
2014  7 24     0.04649100
2014  7 25     0.04511996
2014  7 26     0.04379079
2014  7 27     0.04249955
2014  7 28     0.04124589
2014  7 29     0.04002989
2014  7 30     0.03884991
2014  7 31     0.09567392
2014  8  1     0.06613483
2014  8  2     0.03551528
2014  8  3     0.03446771
2014  8  4     0.03562150
2014  8  5     0.03333177
2014  8  6     0.03150863
2014  8  7     0.03181523
2014  8  8     0.03027333
2014  8  9     0.02880357
2014  8 10     0.04305025
2014  8 11     0.03708812
2014  8 12     0.03363644
2014  8 13     0.02849164
2014  8 14     0.02480135
2014  8 15     0.02407020
2014  8 16     0.02336067
2014  8 17     0.02267206
2014  8 18     0.02200374
2014  8 19     0.02135512
2014  8 20     0.02072563
2014  8 21     0.02011469
2014  8 22     0.01952176
2014  8 23     0.01894630
2014  8 24     0.01838781
2014  8 25     0.01784579
2014  8 26     0.01939047
2014  8 27     0.01782018
2014  8 28     0.01631372
2014  8 29     0.01583281
2014  8 30     0.01536610
2014  8 31     0.01491315
2014  9  1     0.01447355
2014  9  2     0.01404690
2014  9  3     0.01363283
2014  9  4     0.01323097
2014  9  5     0.01284096
2014  9  6     0.01246244
2014  9  7     0.01209507
2014  9  8     0.02026790
2014  9  9     0.01427287
2014  9 10     0.01105676
2014  9 11     0.01073077
2014  9 12     0.01041445
2014  9 13     0.01010746
2014  9 14     0.00980952
2014  9 15     0.00952036
2014  9 16     0.00923972
2014  9 17     0.00896736
2014  9 18     0.00870302
2014  9 19     0.00844648
2014  9 20     0.02284708
2014  9 21     0.01290765
2014  9 22     0.00773101
2014  9 23     0.00749373
2014  9 24     0.00727284
2014  9 25     0.07339912
2014  9 26     0.14764453
2014  9 27     0.31339837
2014  9 28     0.46664772
2014  9 29     0.19088666
2014  9 30     0.05523705
2014 10  1     0.03009496
2014 10  2     0.01842127
2014 10  3     0.01097759
2014 10  4     0.00676534
2014 10  5     0.00535455
2014 10  6     0.00507892
2014 10  7     0.00492920
2014 10  8     0.00478390
2014 10  9     0.00464288
2014 10 10     0.00450602
2014 10 11     0.00437320
2014 10 12     0.00424429
2014 10 13     0.00411917
2014 10 14     0.00399775
2014 10 15     0.00387991
2014 10 16     0.01695126
2014 10 17     0.00844293
2014 10 18     0.00354843
2014 10 19     0.00344226
2014 10 20     0.00334079
2014 10 21     0.03832519
2014 10 22     0.01628689
2014 10 23     0.00506305
2014 10 24     0.00343867
2014 10 25     0.05222904
2014 10 26     0.28315030
2014 10 27     0.13060784
2014 10 28     0.04281394
2014 10 29     0.02468855
2014 10 30     0.01438820
2014 10 31     0.10693393
2014 11  1     0.96882220
2014 11  2     0.41304939
2014 11  3     0.12748430
2014 11  4     0.06517910
2014 11  5     0.03134606
2014 11  6     0.01748239
2014 11  7     0.00997446
2014 11  8     0.00544303
2014 11  9     0.00272826
2014 11 10     0.00185952
2014 11 11     0.00172971
2014 11 12     0.00167872
2014 11 13     0.05990460
2014 11 14     0.27769027
2014 11 15     0.11643916
2014 11 16     0.02190190
2014 11 17     0.01352622
2014 11 18     0.00771262
2014 11 19     0.00722972
2014 11 20     0.03632751
2014 11 21     0.15187795
2014 11 22     0.82671136
2014 11 23     0.47772713
2014 11 24     0.17561213
2014 11 25     0.07257459
2014 11 26     0.03816711
2014 11 27     0.02583214
2014 11 28     0.01765233
2014 11 29     0.16584521
2014 11 30     0.29549296
2014 12  1     0.20012222
2014 12  2     0.45708585
2014 12  3     1.12936293
2014 12  4     1.19006750
2014 12  5     0.58673942
2014 12  6     0.35229165
2014 12  7     0.20066951
2014 12  8     0.10966076
2014 12  9     0.07513292
2014 12 10     0.05378042
2014 12 11     0.85456886
2014 12 12     5.88616109
2014 12 13     2.92766368
2014 12 14     1.21455799
2014 12 15     0.92994249
2014 12 16     0.94358687
2014 12 17     1.10095262
2014 12 18     0.77264406
2014 12 19     1.25987529
2014 12 20     3.01991656
2014 12 21     1.87954127
2014 12 22     1.06691652
2014 12 23     0.81734867
2014 12 24     1.40309137
2014 12 25     1.04823809
2014 12 26     0.72109480
2014 12 27     0.63481889
2014 12 28     0.56411432
2014 12 29     0.51183707
2014 12 30     0.47321527
2014 12 31     0.44157383
2015  1  1     0.41521499
2015  1  2     0.39299992
2015  1  3     0.37363901
2015  1  4     0.35798137
2015  1  5     0.34862705
2015  1  6     0.34749642
2015  1  7     0.34528988
2015  1  8     0.33511498
2015  1  9     0.32342604
2015  1 10     0.32205681
2015  1 11     0.32318693
2015  1 12     0.31378093
2015  1 13     0.29565939
2015  1 14     0.27400386
2015  1 15     0.26138823
2015  1 16     0.26504009
2015  1 17     0.31784021
2015  1 18     0.32339708
2015  1 19     0.34626890
2015  1 20     0.32712608
2015  1 21     0.27956524
2015  1 22     0.25477998
2015  1 23     0.23593094
2015  1 24     0.25281709
2015  1 25     0.27133447
2015  1 26     0.28585682
2015  1 27     0.31165925
2015  1 28     0.39746319
2015  1 29     0.28117819
2015  1 30     0.23981263
2015  1 31     0.21816583
2015  2  1     0.20091873
2015  2  2     0.18306981
2015  2  3     0.17990766
2015  2  4     0.18491126
2015  2  5     0.18603160
2015  2  6     0.87823652
2015  2  7     7.83491533
2015  2  8    10.12448520
2015  2  9    11.69130481
2015  2 10     5.41219602
2015  2 11     2.94983663
2015  2 12     2.34394865
2015  2 13     1.94770063
2015  2 14     1.63118040
2015  2 15     1.41894669
2015  2 16     1.27912569
2015  2 17     1.17070746
2015  2 18     1.08393002
2015  2 19     1.01265054
2015  2 20     0.95228646
2015  2 21     0.90017627
2015  2 22     0.85520123
2015  2 23     0.81408100
2015  2 24     0.77662043
2015  2 25     0.74306917
2015  2 26     0.71128689
2015  2 27     0.76103873
2015  2 28     0.81655590
2015  3  1     0.72919080
2015  3  2     0.69306138
2015  3  3     0.65676170
2015  3  4     0.60922034
2015  3  5     0.59355892
2015  3  6     0.61833610
2015  3  7     0.64415964
2015  3  8     0.65766346
2015  3  9     0.65700935
2015  3 10     0.70115068
2015  3 11     0.63390515
2015  3 12     0.57689204
2015  3 13     0.50768248
2015  3 14     0.46939859
2015  3 15     0.44493308
2015  3 16     0.42361175
2015  3 17     0.40613143
2015  3 18     0.39092550
2015  3 19     0.37682253
2015  3 20     0.36399805
2015  3 21     0.35221712
2015  3 22     0.34184218
2015  3 23     0.59120860
2015  3 24     0.43237256
2015  3 25     0.34528076
2015  3 26     0.32388353
2015  3 27     0.30450466
2015  3 28     0.29015450
2015  3 29     0.27821891
2015  3 30     0.26838159
2015  3 31     0.26083595
2015  4  1     0.25401692
2015  4  2     0.24663189
2015  4  3     0.23908166
2015  4  4     0.23197703
2015  4  5     0.26733344
2015  4  6     0.26486438
2015  4  7     0.38521577
2015  4  8     0.54037616
2015  4  9     0.45262069
2015  4 10     0.47600617
2015  4 11     0.56823473
2015  4 12     0.74534315
2015  4 13     0.74690345
2015  4 14     0.46387913
2015  4 15     0.34074755
2015  4 16     0.29888030
2015  4 17     0.26617993
2015  4 18     0.24323514
2015  4 19     0.22595348
2015  4 20     0.21263933
2015  4 21     0.20188623
2015  4 22     0.19319799
2015  4 23     0.20629559
2015  4 24     0.25927666
2015  4 25     3.69592839
2015  4 26     2.03506045
2015  4 27     0.97305308
2015  4 28     0.91193872
2015  4 29     0.88148294
2015  4 30     0.62737089
2015  5  1     0.47434923
2015  5  2     0.41849149
2015  5  3     0.37482401
2015  5  4     0.34277628
2015  5  5     0.31861254
2015  5  6     0.30026995
2015  5  7     0.58343043
2015  5  8     0.87238924
2015  5  9     0.95353795
2015  5 10     0.73275590
2015  5 11     0.48726235
2015  5 12     0.38991333
2015  5 13     0.34646231
2015  5 14     0.36788846
2015  5 15     0.57755661
2015  5 16     0.42475570
2015  5 17     0.44699496
2015  5 18     0.50585129
2015  5 19     0.42313080
2015  5 20     0.33794476
2015  5 21     0.31154789
2015  5 22     0.49667701
2015  5 23     0.45499427
2015  5 24     0.36780362
2015  5 25     0.29547091
2015  5 26     0.25814046
2015  5 27     0.23843977
2015  5 28     0.22164892
2015  5 29     0.20795453
2015  5 30     0.19647839
2015  5 31     0.18685381
2015  6  1     0.17982454
2015  6  2     0.17267190
2015  6  3     0.16546863
2015  6  4     0.16231775
2015  6  5     0.20909328
2015  6  6     0.37574252
2015  6  7     0.29141585
2015  6  8     0.18034103
2015  6  9     0.18710961
2015  6 10     0.24040077
2015  6 11     0.27955150
2015  6 12     0.18421032
2015  6 13     0.13115238
2015  6 14     0.12364065
2015  6 15     0.11522748
2015  6 16     0.10846566
2015  6 17     0.10286889
2015  6 18     0.09829237
2015  6 19     0.09451634
2015  6 20     0.09078997
2015  6 21     0.08760015
2015  6 22     0.08464871
2015  6 23     0.08181610
2015  6 24     0.07912664
2015  6 25     0.07655181
2015  6 26     0.07408166
2015  6 27     0.08379510
2015  6 28     0.10670979
2015  6 29     0.08645992
2015  6 30     0.08219445
2015  7  1     0.07837054
2015  7  2     0.06684137
2015  7  3     0.09087750
2015  7  4     0.08126971
2015  7  5     0.06346623
2015  7  6     0.07339676
2015  7  7     0.11082420
2015  7  8     0.14806948
2015  7  9     0.13402211
2015  7 10     0.07728682
2015  7 11     0.05047805
2015  7 12     0.04657104
2015  7 13     0.04469632
2015  7 14     0.04323727
2015  7 15     0.04187357
2015  7 16     0.04058130
2015  7 17     0.03934591
2015  7 18     0.03815864
2015  7 19     0.03701363
2015  7 20     0.03714479
2015  7 21     0.03567625
2015  7 22     0.03393146
2015  7 23     0.03401776
2015  7 24     0.03239791
2015  7 25     0.03087954
2015  7 26     0.02996394
2015  7 27     0.02907649
2015  7 28     0.02821536
2015  7 29     0.02737993
2015  7 30     0.02656920
2015  7 31     0.02579751
2015  8  1     0.02502704
2015  8  2     0.02428100
2015  8  3     0.02356472
2015  8  4     0.02287008
2015  8  5     0.02219591
2015  8  6     0.02154162
2015  8  7     0.02318925
2015  8  8     0.02203826
2015  8  9     0.02000073
2015  8 10     0.01943454
2015  8 11     0.01870242
2015  8 12     0.01800158
2015  8 13     0.01747093
2015  8 14     0.01695593
2015  8 15     0.01645611
2015  8 16     0.01597103
2015  8 17     0.01550024
2015  8 18     0.01504333
2015  8 19     0.01459989
2015  8 20     0.01416952
2015  8 21     0.01375184
2015  8 22     0.01334647
2015  8 23     0.01295305
2015  8 24     0.01257123
2015  8 25     0.01220066
2015  8 26     0.01184101
2015  8 27     0.01149197
2015  8 28     0.01115322
2015  8 29     0.01082445
2015  8 30     0.01050537
2015  8 31     0.01019570
2015  9  1     0.00989515
2015  9  2     0.00960347
2015  9  3     0.00932038
2015  9  4     0.00904564
2015  9  5     0.00877900
2015  9  6     0.00852021
2015  9  7     0.00826906
2015  9  8     0.00802531
2015  9  9     0.00778874
2015  9 10     0.00755915
2015  9 11     0.00733632
2015  9 12     0.00712007
2015  9 13     0.00691019
2015  9 14     0.00674384
2015  9 15     0.02359663
2015  9 16     0.01621037
2015  9 17     0.00842946
2015  9 18     0.00649455
2015  9 19     0.00577463
2015  9 20     0.00560440
2015  9 21     0.00543919
2015  9 22     0.00527886
2015  9 23     0.00512325
2015  9 24     0.00497223
2015  9 25     0.00482566
2015  9 26     0.00468341
2015  9 27     0.00454536
2015  9 28     0.00441137
2015  9 29     0.00428134
2015  9 30     0.00415513
2015 10  1     0.36430896
2015 10  2     0.30399623
2015 10  3     0.10040404
2015 10  4     0.03604198
2015 10  5     0.02182480
2015 10  6     0.01277600
2015 10  7     0.00680582
2015 10  8     0.00364447
2015 10  9     0.00317420
2015 10 10     0.00308064
2015 10 11     0.00298983
2015 10 12     0.00290170
2015 10 13     0.00281616
2015 10 14     0.00273315
2015 10 15     0.00265258
2015 10 16     0.00260686
2015 10 17     0.90308639
2015 10 18     0.69201048
2015 10 19     0.24400113
2015 10 20     0.07055296
2015 10 21     0.03752380
2015 10 22     0.02184802
2015 10 23     0.01228838
2015 10 24     0.00645286
2015 10 25     0.00311841
2015 10 26     0.00201267
2015 10 27     0.00230262
2015 10 28     0.02627213
2015 10 29     0.01539731
2015 10 30     0.00468328
2015 10 31     0.00173351
2015 11  1     0.00167238
2015 11  2     0.96926229
2015 11  3     1.10040751
2015 11  4     0.35778616
2015 11  5     0.16958209
2015 11  6     0.09262586
2015 11  7     0.04744653
2015 11  8     0.26053708
2015 11  9     0.32169931
2015 11 10     0.94709548
2015 11 11     0.39229887
2015 11 12     0.21632485
2015 11 13     0.12712998
2015 11 14     0.08003917
2015 11 15     0.52058253
2015 11 16     0.36995221
2015 11 17     0.17427110
2015 11 18     0.10848068
2015 11 19     0.07734626
2015 11 20     0.06672316
2015 11 21     0.04739994
2015 11 22     0.03529319
2015 11 23     0.17745964
2015 11 24     0.21870511
2015 11 25     0.18771045
2015 11 26     0.09492892
2015 11 27     0.07105110
2015 11 28     0.04051411
2015 11 29     0.02397258
2015 11 30     0.01480310
2015 12  1     0.00993024
2015 12  2     0.00682281
2015 12  3     0.13525174
2015 12  4     0.20892645
2015 12  5     0.08258600
2015 12  6     0.04634794
2015 12  7     0.04343062
2015 12  8     0.03840358
2015 12  9     0.03171396
2015 12 10     1.59231725
2015 12 11     1.13162744
2015 12 12     0.45609995
2015 12 13     0.73223375
2015 12 14     0.42495770
2015 12 15     0.29732413
2015 12 16     0.22122787
2015 12 17     0.17347975
2015 12 18     0.14637507
2015 12 19     0.74159444
2015 12 20     0.38750321
2015 12 21     5.84658389
2015 12 22    13.98558600
2015 12 23     6.48122330
2015 12 24     3.26136953
2015 12 25     2.25242299
2015 12 26     1.78119798
2015 12 27     1.48175653
2015 12 28     1.27827500
2015 12 29     1.13615138
2015 12 30     1.02662481
2015 12 31     0.94661569
2016  1  1     0.88451859
2016  1  2     0.83332519
2016  1  3     0.79300947
2016  1  4     0.83638385
2016  1  5     5.02845381
2016  1  6     4.19604109
2016  1  7     2.57868437
2016  1  8     1.58184261
2016  1  9     1.38216347
2016  1 10     1.19140424
2016  1 11     1.05667520
2016  1 12     0.97554306
2016  1 13     2.14783928
2016  1 14     6.54844038
2016  1 15     5.10577447
2016  1 16     3.48695271
2016  1 17     2.16872927
2016  1 18     4.80926964
2016  1 19     5.74997764
2016  1 20     3.29234254
2016  1 21     2.34709355
2016  1 22     5.48766492
2016  1 23     8.82953547
2016  1 24     4.67183949
2016  1 25     3.02677517
2016  1 26     2.66849770
2016  1 27     2.42134075
2016  1 28     2.31040567
2016  1 29     4.64396733
2016  1 30    15.33405926
2016  1 31     8.00992735
2016  2  1     4.38103227
2016  2  2     3.60439829
2016  2  3     3.16249023
2016  2  4     2.85496288
2016  2  5     2.70414933
2016  2  6     2.61142242
2016  2  7     2.47729459
2016  2  8     2.42722988
2016  2  9     2.45584508
2016  2 10     2.58378930
2016  2 11     2.68451985
2016  2 12     2.73805295
2016  2 13     2.69299770
2016  2 14     2.58049424
2016  2 15     2.46366094
2016  2 16     2.52649108
2016  2 17     2.70324877
2016  2 18     6.58199132
2016  2 19     5.22257270
2016  2 20     3.02139267
2016  2 21     2.69180919
2016  2 22     2.55997585
2016  2 23     2.34943315
2016  2 24     2.45817757
2016  2 25     2.56329483
2016  2 26     2.64206973
2016  2 27     2.64181700
2016  2 28     2.48428664
2016  2 29     2.37809810
2016  3  1     2.29746325
2016  3  2     2.36266525
2016  3  3     2.49894291
2016  3  4     2.64995762
2016  3  5     6.13886446
2016  3  6    18.61871697
2016  3  7    12.74030980
2016  3  8     5.50815519
2016  3  9     4.16596874
2016  3 10     3.67610982
2016  3 11     3.76490581
2016  3 12     8.14981497
2016  3 13    10.98891049
2016  3 14    13.76443230
2016  3 15     6.43560604
2016  3 16     4.54767367
2016  3 17     4.38703377
2016  3 18     4.38616709
2016  3 19     4.49459479
2016  3 20     4.46919626
2016  3 21     5.44329158
2016  3 22     8.04576998
2016  3 23     4.80341502
2016  3 24     3.79620095
2016  3 25     3.73361417
2016  3 26     3.75392950
2016  3 27     3.65715072
2016  3 28     4.61517715
2016  3 29     3.64532890
2016  3 30     3.06024657
2016  3 31     2.85453651
2016  4  1     2.85435092
2016  4  2     4.41041369
2016  4  3     4.20262828
2016  4  4     4.08208259
2016  4  5     4.09590266
2016  4  6     4.04262726
2016  4  7     4.38576481
2016  4  8     4.78284243
2016  4  9     6.34114491
2016  4 10     6.33057889
2016  4 11     5.82603947
2016  4 12     4.65930638
2016  4 13     4.11480304
2016  4 14     3.89882467
2016  4 15     3.10783485
2016  4 16     2.67146454
2016  4 17     2.84313570
2016  4 18     3.40340011
2016  4 19     3.93468672
2016  4 20     4.13812763
2016  4 21     3.95477635
2016  4 22     4.47303727
2016  4 23     6.71541524
2016  4 24     4.06411599
2016  4 25     3.08663935
2016  4 26     2.61061494
2016  4 27     2.40468251
2016  4 28     2.40704099
2016  4 29     2.26816088
2016  4 30     3.02658330
2016  5  1     2.45738009
2016  5  2     2.45675597
2016  5  3     2.59384084
2016  5  4     2.62876752
2016  5  5     2.75825434
2016  5  6     3.36364448
2016  5  7     2.98888725
2016  5  8     2.50683746
2016  5  9     2.22505962
2016  5 10     2.12640398
2016  5 11     1.82326290
2016  5 12     1.63227410
2016  5 13     1.55545514
2016  5 14     1.44773840
2016  5 15     1.32484911
2016  5 16     1.25508730
2016  5 17     1.18026026
2016  5 18     1.11218573
2016  5 19     1.06354168
2016  5 20     1.02404800
2016  5 21     1.00213469
2016  5 22     0.99549793
2016  5 23     0.97183689
2016  5 24     1.00701470
2016  5 25     1.02284919
2016  5 26     0.89908411
2016  5 27     0.82466366
2016  5 28     0.78190928
2016  5 29     0.75203522
2016  5 30     0.72501851
2016  5 31     0.70056620
2016  6  1     0.67653911
2016  6  2     0.65523638
2016  6  3     0.63491647
2016  6  4     0.61420019
2016  6  5     0.59546052
2016  6  6     0.57736936
2016  6  7     0.55977939
2016  6  8     0.54231834
2016  6  9     0.52792115
2016  6 10     0.51401338
2016  6 11     0.50053036
2016  6 12     0.48558706
2016  6 13     0.47230325
2016  6 14     0.45822465
2016  6 15     0.44751843
2016  6 16     0.43817668
2016  6 17     0.42442490
2016  6 18     0.41013577
2016  6 19     0.39644409
2016  6 20     0.38101414
2016  6 21     0.36489872
2016  6 22     0.35069537
2016  6 23     0.34079011
2016  6 24     0.33241336
2016  6 25     0.32311966
2016  6 26     0.31028229
2016  6 27     0.29694827
2016  6 28     0.28427417
2016  6 29     0.27293855
2016  6 30     0.26519082
2016  7  1     0.25659366
2016  7  2     0.24711135
2016  7  3     0.24123133
2016  7  4     0.23513848
2016  7  5     0.22917448
2016  7  6     0.22282718
2016  7  7     0.21717643
2016  7  8     0.20992227
2016  7  9     0.20344955
2016  7 10     0.20145024
2016  7 11     0.19795756
2016  7 12     0.18806452
2016  7 13     0.17861134
2016  7 14     0.16963013
2016  7 15     0.16400094
2016  7 16     0.15915228
2016  7 17     0.15446030
2016  7 18     0.14990640
2016  7 19     0.14586821
2016  7 20     0.14131144
2016  7 21     0.13704417
2016  7 22     0.13299672
2016  7 23     0.12907611
2016  7 24     0.12527124
2016  7 25     0.12157848
2016  7 26     0.11799491
2016  7 27     0.11451645
2016  7 28     0.11114061
2016  7 29     0.10786480
2016  7 30     0.10468495
2016  7 31     0.10159895
2016  8  1     0.09860407
2016  8  2     0.09569746
2016  8  3     0.09287654
2016  8  4     0.09013877
2016  8  5     0.08748170
2016  8  6     0.08490296
2016  8  7     0.08240023
2016  8  8     0.07997128
2016  8  9     0.07761392
2016  8 10     0.07532606
2016  8 11     0.07310563
2016  8 12     0.07095066
2016  8 13     0.06885921
2016  8 14     0.06682941
2016  8 15     0.06485945
2016  8 16     0.06294755
2016  8 17     0.06109202
2016  8 18     0.05929117
2016  8 19     0.05754342
2016  8 20     0.05584718
2016  8 21     0.05420095
2016  8 22     0.05260324
2016  8 23     0.05105262
2016  8 24     0.04954772
2016  8 25     0.04808718
2016  8 26     0.04666969
2016  8 27     0.04529398
2016  8 28     0.04395882
2016  8 29     0.04266303
2016  8 30     0.04140543
2016  8 31     0.04018490
2016  9  1     0.03900035
2016  9  2     0.03785071
2016  9  3     0.03673497
2016  9  4     0.03565211
2016  9  5     0.03460118
2016  9  6     0.03358122
2016  9  7     0.03259133
2016  9  8     0.03163062
2016  9  9     0.03069823
2016  9 10     0.02979332
2016  9 11     0.02891509
2016  9 12     0.02806274
2016  9 13     0.02724926
2016  9 14     0.02646430
2016  9 15     0.02566481
2016  9 16     0.02489732
2016  9 17     0.02416340
2016  9 18     0.02345113
2016  9 19     0.02275985
2016  9 20     0.02208894
2016  9 21     0.02143782
2016  9 22     0.02153545
2016  9 23     0.02054869
2016  9 24     0.01959736
2016  9 25     0.01901967
2016  9 26     0.01845902
2016  9 27     0.01791489
2016  9 28     0.01738680
2016  9 29     0.01687428
2016  9 30     0.01637687
2016 10  1     0.01589412
2016 10  2     0.01542560
2016 10  3     0.12691098
2016 10  4     0.06395210
2016 10  5     0.02708834
2016 10  6     0.02118637
2016 10  7     0.01607919
2016 10  8     0.01319619
2016 10  9     0.01251069
2016 10 10     0.01214191
2016 10 11     0.01178400
2016 10 12     0.01143663
2016 10 13     0.01109951
2016 10 14     0.06974713
2016 10 15     1.22752802
2016 10 16     2.57966869
2016 10 17     4.08943499
2016 10 18     1.75188590
2016 10 19     0.56106915
2016 10 20     0.32955548
2016 10 21     0.18175976
2016 10 22     0.09788272
2016 10 23     0.07411189
2016 10 24     0.07042899
2016 10 25     0.06419611
2016 10 26     0.03913667
2016 10 27     0.03233124
2016 10 28     2.85870973
2016 10 29     2.40293730
2016 10 30     1.46440377
2016 10 31     4.08381484
2016 11  1     2.19626919
2016 11  2     1.04771221
2016 11  3     0.80604814
2016 11  4     0.64864494
2016 11  5     0.54956915
2016 11  6     0.48520731
2016 11  7     0.43764702
2016 11  8     0.40058835
2016 11  9     0.37080641
2016 11 10     0.34685348
2016 11 11     0.32713999
2016 11 12     0.30996262
2016 11 13     0.29484673
2016 11 14     0.28097026
2016 11 15     0.26817565
2016 11 16     0.39069761
2016 11 17     0.32439050
2016 11 18     0.27024079
2016 11 19     0.26811013
2016 11 20     1.99735069
2016 11 21     2.84194589
2016 11 22     1.61734943
2016 11 23     1.44292626
2016 11 24     0.89442283
2016 11 25     0.67072426
2016 11 26     0.83016204
2016 11 27     3.90255098
2016 11 28     1.84503350
2016 11 29     1.01276278
2016 11 30     0.83363590
2016 12  1     0.71818922
2016 12  2     0.64154343
2016 12  3     0.58655074
2016 12  4     0.55050658
2016 12  5     0.52339373
2016 12  6     0.49444450
2016 12  7     0.46939375
2016 12  8     0.47313222
2016 12  9     1.84889262
2016 12 10     2.78444969
2016 12 11    13.16654982
2016 12 12     5.98170305
2016 12 13     2.58515242
2016 12 14     2.08412920
2016 12 15     1.79544330
2016 12 16    21.18242455
2016 12 17    10.26133468
2016 12 18     4.55009866
2016 12 19     3.66260511
2016 12 20     3.04840644
2016 12 21     2.71302701
2016 12 22     2.37231848
2016 12 23     2.17799709
2016 12 24     3.10987131
2016 12 25     2.19163627
2016 12 26     1.91966502
2016 12 27     1.77167401
2016 12 28     1.65562177
2016 12 29     1.60095721
2016 12 30     1.55211336
2016 12 31     1.46393595
2017  1  1     1.36814514
2017  1  2     1.96125822
2017  1  3     2.20469909
2017  1  4     8.30881837
2017  1  5     9.98321062
2017  1  6     4.21992249
2017  1  7     5.24439350
2017  1  8    13.73276160
2017  1  9    32.96632185
2017  1 10    27.25506682
2017  1 11    25.82247463
2017  1 12    15.34811724
2017  1 13     8.42310606
2017  1 14     6.64902511
2017  1 15     5.90404080
2017  1 16     5.37336057
2017  1 17     4.96777651
2017  1 18     4.66700854
2017  1 19    14.83787638
2017  1 20    13.55215446
2017  1 21    10.80486108
2017  1 22    12.70246724
2017  1 23    10.42133713
2017  1 24     6.16132111
2017  1 25     5.11477106
2017  1 26     4.69787398
2017  1 27     4.38315775
2017  1 28     4.13659732
2017  1 29     3.93325830
2017  1 30     3.79695024
2017  1 31     3.69942586
2017  2  1     3.66982276
2017  2  2     4.01660654
2017  2  3     7.50058725
2017  2  4    10.10628324
2017  2  5     5.81682085
2017  2  6    15.51039636
2017  2  7    17.46521086
2017  2  8    36.50135891
2017  2  9    30.43769109
2017  2 10    42.89930955
2017  2 11    23.22533047
2017  2 12    12.33189840
2017  2 13     9.93600540
2017  2 14     8.74996057
2017  2 15     8.01384249
2017  2 16     8.11137250
2017  2 17     9.98331586
2017  2 18    10.28578562
2017  2 19     8.97907703
2017  2 20    19.39357773
2017  2 21    33.38071020
2017  2 22    19.45887286
2017  2 23    11.66189339
2017  2 24     8.65339706
2017  2 25     7.62309768
2017  2 26     6.99281829
2017  2 27     7.15387191
2017  2 28     6.30660270
2017  3  1     5.93453465
2017  3  2     5.66035515
2017  3  3     5.59896954
2017  3  4     5.60375109
2017  3  5    12.91266527
2017  3  6     7.73615846
2017  3  7     5.83278044
2017  3  8     5.47459856
2017  3  9     5.49560564
2017  3 10     5.98847592
2017  3 11     6.19603049
2017  3 12     6.38507809
2017  3 13     6.62810870
2017  3 14     6.97564810
2017  3 15     7.21372237
2017  3 16     7.14895307
2017  3 17     6.90140113
2017  3 18     7.27491194
2017  3 19     6.97000328
2017  3 20     6.89899211
2017  3 21    10.88494424
2017  3 22    15.20675740
2017  3 23     9.96745154
2017  3 24     7.02038265
2017  3 25     6.46978450
2017  3 26     6.13510013
2017  3 27     5.71394100
2017  3 28     5.02011164
2017  3 29     5.84904696
2017  3 30     8.66163088
2017  3 31     6.50872223
2017  4  1     4.97497033
2017  4  2     5.41565220
2017  4  3     6.02029891
2017  4  4     5.54600947
2017  4  5     5.56909577
2017  4  6     6.17307689
2017  4  7    15.88969161
2017  4  8    16.75533874
2017  4  9     8.62212293
2017  4 10     6.12901250
2017  4 11     5.42493567
2017  4 12     4.99607143
2017  4 13    12.21856875
2017  4 14     9.60006922
2017  4 15     5.88003317
2017  4 16     5.58272358
2017  4 17     9.98057600
2017  4 18    17.88727084
2017  4 19    10.83108622
2017  4 20     7.02283103
2017  4 21     6.27670564
2017  4 22     6.81076409
2017  4 23     7.27280609
2017  4 24     7.17515805
2017  4 25     5.62127804
2017  4 26     5.24475494
2017  4 27     5.61134347
2017  4 28     5.39795031
2017  4 29     4.59805214
2017  4 30     4.74970971
2017  5  1     5.84887790
2017  5  2     6.74242988
2017  5  3     7.44549328
2017  5  4     8.33631859
2017  5  5     9.06051823
2017  5  6     8.75019317
2017  5  7     8.87516807
2017  5  8     6.91867890
2017  5  9     6.54190231
2017  5 10     7.25533193
2017  5 11     7.76275498
2017  5 12     7.46381288
2017  5 13     5.29175482
2017  5 14     4.06661526
2017  5 15     3.78577095
2017  5 16     3.76774522
2017  5 17     3.74736892
2017  5 18     3.66148471
2017  5 19     3.97154032
2017  5 20     5.10043433
2017  5 21     6.43932503
2017  5 22     7.21401147
2017  5 23     7.38741337
2017  5 24     7.66901331
2017  5 25     7.39655559
2017  5 26     6.52819511
2017  5 27     5.85362538
2017  5 28     6.02045335
2017  5 29     6.48672039
2017  5 30     6.52832540
2017  5 31     6.30613622
2017  6  1     5.25939279
2017  6  2     4.79954794
2017  6  3     5.16983188
2017  6  4     5.54973508
2017  6  5     5.26624937
2017  6  6     4.89381205
2017  6  7     4.68226115
2017  6  8     4.47545054
2017  6  9     4.03000950
2017  6 10     3.52146139
2017  6 11     3.21604740
2017  6 12     2.74418665
2017  6 13     2.26055978
2017  6 14     2.36484754
2017  6 15     2.70390379
2017  6 16     2.77159328
2017  6 17     2.76679636
2017  6 18     2.48460375
2017  6 19     2.08876540
2017  6 20     1.78426791
2017  6 21     1.58056365
2017  6 22     1.47517337
2017  6 23     1.38091802
2017  6 24     1.30337353
2017  6 25     1.24198215
2017  6 26     1.19109707
2017  6 27     1.14839225
2017  6 28     1.10571749
2017  6 29     1.06386071
2017  6 30     1.02235384
2017  7  1     0.98150872
2017  7  2     0.94703039
2017  7  3     0.91219542
2017  7  4     0.87994623
2017  7  5     0.84916713
2017  7  6     0.81755253
2017  7  7     0.81011681
2017  7  8     0.76742078
2017  7  9     0.72913052
2017  7 10     0.70675229
2017  7 11     0.68803354
2017  7 12     0.66888603
2017  7 13     0.64994165
2017  7 14     0.62810498
2017  7 15     0.60740581
2017  7 16     0.58550807
2017  7 17     0.56399327
2017  7 18     0.55154882
2017  7 19     0.53976801
2017  7 20     0.52542165
2017  7 21     0.50893993
2017  7 22     0.49150898
2017  7 23     0.46986022
2017  7 24     0.45241537
2017  7 25     0.44133313
2017  7 26     0.43017971
2017  7 27     0.41635648
2017  7 28     0.40145551
2017  7 29     0.38842399
2017  7 30     0.37683454
2017  7 31     0.36571633
2017  8  1     0.35492731
2017  8  2     0.34445760
2017  8  3     0.33445320
2017  8  4     0.32464735
2017  8  5     0.31493662
2017  8  6     0.34974579
2017  8  7     0.33998404
2017  8  8     0.31635621
2017  8  9     0.28818461
2017  8 10     0.28083081
2017  8 11     0.26813812
2017  8 12     0.25535384
2017  8 13     0.24782535
2017  8 14     0.24051882
2017  8 15     0.23381019
2017  8 16     0.22754862
2017  8 17     0.22002149
2017  8 18     0.21338569
2017  8 19     0.20709541
2017  8 20     0.20099054
2017  8 21     0.19523903
2017  8 22     0.18937137
2017  8 23     0.18384460
2017  8 24     0.17837107
2017  8 25     0.17306084
2017  8 26     0.16795913
2017  8 27     0.16300822
2017  8 28     0.15820294
2017  8 29     0.15353925
2017  8 30     0.14901367
2017  8 31     0.14462078
2017  9  1     0.14035750
2017  9  2     0.13622003
2017  9  3     0.13220509
2017  9  4     0.12830769
2017  9  5     0.12452523
2017  9  6     0.17984398
2017  9  7     0.14547677
2017  9  8     0.11480217
2017  9  9     0.11092053
2017  9 10     0.10722224
2017  9 11     0.10406158
2017  9 12     0.10172599
2017  9 13     0.10020839
2017  9 14     0.09607872
2017  9 15     0.09234767
2017  9 16     0.08960215
2017  9 17     0.08696090
2017  9 18     0.08439751
2017  9 19     0.08190968
2017  9 20     0.08136166
2017  9 21     0.10327815
2017  9 22     0.12024849
2017  9 23     0.08956697
2017  9 24     0.07423681
2017  9 25     0.07593663
2017  9 26     0.06964961
2017  9 27     0.06447340
2017  9 28     0.06257281
2017  9 29     0.06072832
2017  9 30     0.05893820
2017 10  1     0.05720085
2017 10  2     0.05551471
2017 10  3     0.05387827
2017 10  4     0.13346778
2017 10  5     0.09226049
2017 10  6     0.06196892
2017 10  7     0.05051890
2017 10  8     0.04673945
2017 10  9     0.04504394
2017 10 10     0.04369713
2017 10 11     0.04240904
2017 10 12     0.04115893
2017 10 13     0.03994567
2017 10 14     0.03876817
2017 10 15     0.03762538
2017 10 16     0.03651628
2017 10 17     0.03543987
2017 10 18     0.03439519
2017 10 19     0.03338130
2017 10 20     0.46226966
2017 10 21     0.23873388
2017 10 22     0.08148093
2017 10 23     0.05739093
2017 10 24     0.04374925
2017 10 25     0.03570908
2017 10 26     0.03065740
2017 10 27     0.02738400
2017 10 28     0.02561186
2017 10 29     0.02474909
2017 10 30     0.02401955
2017 10 31     0.02331152
2017 11  1     0.02262435
2017 11  2     0.02195744
2017 11  3     0.12414517
2017 11  4     0.21440011
2017 11  5     0.16221868
2017 11  6     0.07055799
2017 11  7     0.04138841
2017 11  8     0.03402784
2017 11  9     0.50021032
2017 11 10     0.39571995
2017 11 11     0.17230693
2017 11 12     0.06495788
2017 11 13     0.04106048
2017 11 14     0.28680154
2017 11 15     0.15828570
2017 11 16     1.59273142
2017 11 17     4.14729183
2017 11 18     1.65837540
2017 11 19     0.57053867
2017 11 20     0.36061619
2017 11 21     0.28877242
2017 11 22     0.16374709
2017 11 23     0.09237345
2017 11 24     0.07220555
2017 11 25     0.05690316
2017 11 26     0.29266830
2017 11 27     3.00830343
2017 11 28     1.49808365
2017 11 29     0.57119449
2017 11 30     0.41043217
2017 12  1     0.29044756
2017 12  2     0.21980900
2017 12  3     0.63830224
2017 12  4     0.36949719
2017 12  5     0.24490474
2017 12  6     0.20794135
2017 12  7     0.16965759
2017 12  8     0.14377202
2017 12  9     0.12601851
2017 12 10     0.11288125
2017 12 11     0.10283159
2017 12 12     0.09519422
2017 12 13     0.08893615
2017 12 14     0.08359036
2017 12 15     0.07801522
2017 12 16     0.07471077
2017 12 17     0.07322643
2017 12 18     0.07018264
2017 12 19     0.06600223
2017 12 20     0.30967523
2017 12 21     0.17217692
2017 12 22     0.09905249
2017 12 23     0.07984643
2017 12 24     0.06693330
2017 12 25     0.05972813
2017 12 26     0.05447499
2017 12 27     0.05069633
2017 12 28     0.04780790
2017 12 29     0.04483593
2017 12 30     0.04192293
2017 12 31     0.04079000
2018  1  1     0.03931534
2018  1  2     0.03724807
2018  1  3     0.03579018
2018  1  4     0.15764460
2018  1  5     0.09770024
2018  1  6     1.45213623
2018  1  7     1.44366363
2018  1  8     1.11590674
2018  1  9     5.61425771
2018  1 10     3.71023938
2018  1 11     1.78369394
2018  1 12     1.16761931
2018  1 13     0.89755028
2018  1 14     0.72619392
2018  1 15     0.61005879
2018  1 16     0.53698590
2018  1 17     0.48321583
2018  1 18     0.44593292
2018  1 19     2.16908302
2018  1 20     1.17350475
2018  1 21     0.70165100
2018  1 22     0.63289616
2018  1 23     0.54512812
2018  1 24     1.13648355
2018  1 25     2.29028251
2018  1 26     1.60312570
2018  1 27     0.86615115
2018  1 28     0.70291068
2018  1 29     0.74535578
2018  1 30     0.79090709
2018  1 31     0.77331848
2018  2  1     0.73556541
2018  2  2     0.71085166
2018  2  3     0.70332459
2018  2  4     0.68876868
2018  2  5     0.67026212
2018  2  6     0.60628257
2018  2  7     0.52379631
2018  2  8     0.45726143
2018  2  9     0.42005590
2018  2 10     0.39180098
2018  2 11     0.36850794
2018  2 12     0.35387485
2018  2 13     0.33565132
2018  2 14     0.32045417
2018  2 15     0.30754130
2018  2 16     0.29545597
2018  2 17     0.28529416
2018  2 18     0.27345906
2018  2 19     0.27075406
2018  2 20     0.25915796
2018  2 21     0.25018215
2018  2 22     0.24172050
2018  2 23     0.23436535
2018  2 24     0.25697786
2018  2 25     0.22412554
2018  2 26     0.33270014
2018  2 27     0.26937690
2018  2 28     0.26827640
2018  3  1     0.76122064
2018  3  2     2.26559847
2018  3  3     1.28000071
2018  3  4     0.71913488
2018  3  5     0.44538669
2018  3  6     0.43238819
2018  3  7     0.64627198
2018  3  8     0.80527011
2018  3  9     0.81986610
2018  3 10     0.68206111
2018  3 11     0.61013609
2018  3 12     0.79642290
2018  3 13     4.25505786
2018  3 14    11.05733445
2018  3 15     5.24376619
2018  3 16     7.48468014
2018  3 17     4.14196051
2018  3 18     2.39417603
2018  3 19     1.91261533
2018  3 20     3.09083694
2018  3 21     5.49425653
2018  3 22    26.96990882
2018  3 23    13.09099399
2018  3 24     5.63338024
2018  3 25     4.62251403
2018  3 26     3.84591560
2018  3 27     3.41450769
2018  3 28     3.36888826
2018  3 29     4.09751123
2018  3 30     4.60350510
2018  3 31     4.94190420
2018  4  1     4.97052247
2018  4  2     4.94217508
2018  4  3     4.53999147
2018  4  4     4.35460961
2018  4  5     4.66180793
2018  4  6     6.19564382
2018  4  7    20.50593520
2018  4  8    11.17574415
2018  4  9     6.36886126
2018  4 10     6.26733183
2018  4 11     5.91579208
2018  4 12    11.15995074
2018  4 13     7.74679656
2018  4 14     5.01953130
2018  4 15     5.01888597
2018  4 16     8.83394561
2018  4 17     5.99857291
2018  4 18     4.35181584
2018  4 19     3.92190413
2018  4 20     3.56381819
2018  4 21     3.69305946
2018  4 22     4.23523740
2018  4 23     4.47405647
2018  4 24     4.29991886
2018  4 25     3.91807934
2018  4 26     3.74565003
2018  4 27     3.36173066
2018  4 28     2.91541007
2018  4 29     2.65175518
2018  4 30     2.48761370
2018  5  1     2.37786953
2018  5  2     2.33583105
2018  5  3     2.17227978
2018  5  4     2.08230655
2018  5  5     2.00873687
2018  5  6     1.91701354
2018  5  7     1.82897191
2018  5  8     1.75386860
2018  5  9     1.68442178
2018  5 10     1.62907077
2018  5 11     1.57396571
2018  5 12     1.53239408
2018  5 13     1.52334240
2018  5 14     1.52362732
2018  5 15     1.42370144
2018  5 16     1.41061805
2018  5 17     1.36769670
2018  5 18     1.28227346
2018  5 19     1.22197211
2018  5 20     1.18055762
2018  5 21     1.15104349
2018  5 22     1.30033831
2018  5 23     1.20653206
2018  5 24     1.18352206
2018  5 25     1.41539106
2018  5 26     1.25393437
2018  5 27     1.06290761
2018  5 28     0.99742842
2018  5 29     0.94919540
2018  5 30     0.90954632
2018  5 31     0.88154548
2018  6  1     0.85598266
2018  6  2     0.82641978
2018  6  3     0.79491357
2018  6  4     0.76776128
2018  6  5     0.74575554
2018  6  6     0.72531172
2018  6  7     0.70546002
2018  6  8     0.68464131
2018  6  9     0.66345988
2018  6 10     0.64863208
2018  6 11     0.62887604
2018  6 12     0.60529235
2018  6 13     0.58214925
2018  6 14     0.56250113
2018  6 15     0.54668106
2018  6 16     0.53364086
2018  6 17     0.52226526
2018  6 18     0.51156089
2018  6 19     0.49382279
2018  6 20     0.47320930
2018  6 21     0.45554183
2018  6 22     0.44061763
2018  6 23     0.42451289
2018  6 24     0.40963345
2018  6 25     0.39601648
2018  6 26     0.38552090
2018  6 27     0.37384709
2018  6 28     0.36385007
2018  6 29     0.35711323
2018  6 30     0.34551881
2018  7  1     0.32687491
2018  7  2     0.31360975
2018  7  3     0.30466526
2018  7  4     0.29871734
2018  7  5     0.29335078
2018  7  6     0.28305074
2018  7  7     0.26806391
2018  7  8     0.25809441
2018  7  9     0.24998590
2018  7 10     0.24264316
2018  7 11     0.23545573
2018  7 12     0.22810460
2018  7 13     0.22131428
2018  7 14     0.21479008
2018  7 15     0.22396337
2018  7 16     0.21033654
2018  7 17     0.19634942
2018  7 18     0.19056131
2018  7 19     0.18494361
2018  7 20     0.17949206
2018  7 21     0.22575917
2018  7 22     0.25767586
2018  7 23     0.19229233
2018  7 24     0.15924603
2018  7 25     0.15455135
2018  7 26     0.14999507
2018  7 27     0.14557344
2018  7 28     0.14128243
2018  7 29     0.13711766
2018  7 30     0.13307549
2018  7 31     0.12915265
2018  8  1     0.12534555
2018  8  2     0.12165068
2018  8  3     0.11806472
2018  8  4     0.11458446
2018  8  5     0.11120680
2018  8  6     0.10792870
2018  8  7     0.10474723
2018  8  8     0.10165954
2018  8  9     0.09866287
2018  8 10     0.09575453
2018  8 11     0.09293193
2018  8 12     0.09019252
2018  8 13     0.08753387
2018  8 14     0.08495359
2018  8 15     0.08244937
2018  8 16     0.08001897
2018  8 17     0.07766021
2018  8 18     0.07537098
2018  8 19     0.07314923
2018  8 20     0.07099297
2018  8 21     0.06890028
2018  8 22     0.06686927
2018  8 23     0.06489813
2018  8 24     0.06298509
2018  8 25     0.06112845
2018  8 26     0.05932653
2018  8 27     0.05757773
2018  8 28     0.05588049
2018  8 29     0.05423327
2018  8 30     0.05263461
2018  8 31     0.05108307
2018  9  1     0.04957727
2018  9  2     0.04811585
2018  9  3     0.04669752
2018  9  4     0.04532099
2018  9  5     0.04398504
2018  9  6     0.04268847
2018  9  7     0.04143012
2018  9  8     0.04020886
2018  9  9     0.03902361
2018  9 10     0.03787329
2018  9 11     0.03675688
2018  9 12     0.03567338
2018  9 13     0.03462181
2018  9 14     0.03360125
2018  9 15     0.03261077
2018  9 16     0.03164948
2018  9 17     0.03071653
2018  9 18     0.02981109
2018  9 19     0.02893233
2018  9 20     0.02807948
2018  9 21     0.02725176
2018  9 22     0.02644845
2018  9 23     0.02566882
2018  9 24     0.02491216
2018  9 25     0.02417781
2018  9 26     0.02346511
2018  9 27     0.02277342
2018  9 28     0.02210212
2018  9 29     0.02145060
2018  9 30     0.02081829
2018 10  1     0.02020462
2018 10  2     0.01960904
2018 10  3     0.03696594
2018 10  4     0.46560100
2018 10  5     0.29506717
2018 10  6     0.08348333
2018 10  7     0.04450191
2018 10  8     0.03170844
2018 10  9     0.02421852
2018 10 10     0.01950041
2018 10 11     0.01899845
2018 10 12     0.01607567
2018 10 13     0.01415326
2018 10 14     0.01369378
2018 10 15     0.01329013
2018 10 16     0.01289837
2018 10 17     0.01251815
2018 10 18     0.01214915
2018 10 19     0.01179102
2018 10 20     0.01144345
2018 10 21     0.01110613
2018 10 22     0.01077875
2018 10 23     0.01046102
2018 10 24     0.01015265
2018 10 25     0.00985338
2018 10 26     0.00956292
2018 10 27     0.00928103
2018 10 28     0.00900745
2018 10 29     0.00874193
2018 10 30     0.00848424
2018 10 31     0.00823415
2018 11  1     0.00799143
2018 11  2     0.00775586
2018 11  3     0.00752724
2018 11  4     0.00730535
2018 11  5     0.00709001
2018 11  6     0.00688101
2018 11  7     0.00667818
2018 11  8     0.00648132
2018 11  9     0.00629027
2018 11 10     0.00610485
2018 11 11     0.00592489
2018 11 12     0.00575024
2018 11 13     0.00558074
2018 11 14     0.00541623
2018 11 15     0.00525657
2018 11 16     0.00510162
2018 11 17     0.00495124
2018 11 18     0.00480529
2018 11 19     0.00466364
2018 11 20     0.00452617
2018 11 21     0.01349384
2018 11 22     1.34621153
2018 11 23     1.27021112
2018 11 24     1.51400264
2018 11 25     0.70831919
2018 11 26     0.29851583
2018 11 27     0.19289873
2018 11 28     0.48654287
2018 11 29     1.78402304
2018 11 30     0.99062718
2018 12  1     0.44079891
2018 12  2     0.53380568
2018 12  3     0.27499512
2018 12  4     0.16628786
2018 12  5     0.11097303
2018 12  6     0.07444157
2018 12  7     0.04491327
2018 12  8     0.03161780
2018 12  9     0.02548571
2018 12 10     0.02198958
2018 12 11     0.01913686
2018 12 12     0.01820107
2018 12 13     0.01733003
2018 12 14     0.01813464
2018 12 15     0.01844313
2018 12 16     0.02079562
2018 12 17     0.99358435
2018 12 18     0.45213275
2018 12 19     0.14848764
2018 12 20     0.10252500
2018 12 21     0.16382416
2018 12 22     0.09989775
2018 12 23     0.05712127
2018 12 24     0.07044841
2018 12 25     0.42018730
2018 12 26     0.53317233
2018 12 27     0.26890407
2018 12 28     0.19213914
2018 12 29     0.14263821
2018 12 30     0.10616180
2018 12 31     0.09047789
