1987 10  1    11.10645301
1987 10  2    12.93226322
1987 10  3     9.22774647
1987 10  4     6.81185097
1987 10  5     5.18775442
1987 10  6     4.07472663
1987 10  7     3.35881170
1987 10  8     2.86718435
1987 10  9     2.46973375
1987 10 10     2.15672836
1987 10 11     1.91848257
1987 10 12     1.75739922
1987 10 13     1.55035179
1987 10 14     1.34384339
1987 10 15     1.20532817
1987 10 16     1.09024516
1987 10 17     0.99194293
1987 10 18     0.90790920
1987 10 19     0.83784591
1987 10 20     0.77780262
1987 10 21     0.72533642
1987 10 22     0.70115217
1987 10 23     1.03999534
1987 10 24     1.00997462
1987 10 25     0.80842550
1987 10 26     0.61835208
1987 10 27     0.54287939
1987 10 28     0.53543638
1987 10 29     0.65521681
1987 10 30     0.63677717
1987 10 31     0.49765170
1987 11  1     0.42794185
1987 11  2     0.42877680
1987 11  3     0.42177699
1987 11  4     0.37981459
1987 11  5     0.35459532
1987 11  6     0.38570927
1987 11  7     0.37001370
1987 11  8     0.34000875
1987 11  9     0.33888361
1987 11 10     0.32139825
1987 11 11     0.28706403
1987 11 12     0.31005090
1987 11 13     0.89752350
1987 11 14     1.17608177
1987 11 15     0.70254940
1987 11 16     0.48972099
1987 11 17     0.56675710
1987 11 18     0.54003987
1987 11 19     0.34084775
1987 11 20     0.28524970
1987 11 21     0.59897046
1987 11 22     0.44141511
1987 11 23     0.30617373
1987 11 24     0.25077788
1987 11 25     0.21336628
1987 11 26     0.19837860
1987 11 27     0.18419651
1987 11 28     0.17255276
1987 11 29     0.16881312
1987 11 30     0.29194280
1987 12  1     1.04873365
1987 12  2     1.31332555
1987 12  3     0.79396383
1987 12  4     0.44572978
1987 12  5     0.36139214
1987 12  6     0.93531681
1987 12  7     1.27055680
1987 12  8     1.09780487
1987 12  9     1.25550003
1987 12 10     1.13327663
1987 12 11     0.70207323
1987 12 12     0.43241942
1987 12 13     0.30259314
1987 12 14     0.21846347
1987 12 15     0.18512561
1987 12 16     0.40787169
1987 12 17     0.38100721
1987 12 18     0.27464870
1987 12 19     0.23533621
1987 12 20     0.18211824
1987 12 21     0.27032727
1987 12 22     0.86572374
1987 12 23     0.57548365
1987 12 24     0.35120016
1987 12 25     0.24452811
1987 12 26     0.16532303
1987 12 27     0.12709397
1987 12 28     0.83102828
1987 12 29     1.01107454
1987 12 30     0.56778401
1987 12 31     0.34900273
1988  1  1     0.22843118
1988  1  2     0.22255973
1988  1  3     0.91254695
1988  1  4     1.52795293
1988  1  5     1.50539271
1988  1  6     0.87331507
1988  1  7     0.55187777
1988  1  8     0.75444111
1988  1  9     0.83701490
1988  1 10     0.75772186
1988  1 11     1.31408559
1988  1 12     0.84486695
1988  1 13     0.51348363
1988  1 14     0.56600669
1988  1 15     1.75832894
1988  1 16     1.54188056
1988  1 17     1.32145632
1988  1 18     0.78081159
1988  1 19     0.82535541
1988  1 20     0.57732565
1988  1 21     0.42501570
1988  1 22     0.38400884
1988  1 23     0.38303836
1988  1 24     0.39180240
1988  1 25     0.38780154
1988  1 26     0.38308214
1988  1 27     0.37976290
1988  1 28     0.35855014
1988  1 29     0.76242721
1988  1 30     0.82696809
1988  1 31     0.48068121
1988  2  1     0.43396951
1988  2  2     0.36778422
1988  2  3     0.31575005
1988  2  4     0.29273407
1988  2  5     0.29601063
1988  2  6     0.29085680
1988  2  7     0.30515884
1988  2  8     0.32755809
1988  2  9     0.33657516
1988  2 10     0.33568591
1988  2 11     0.36014176
1988  2 12     0.35865154
1988  2 13     0.34102268
1988  2 14     0.36524127
1988  2 15     0.36693405
1988  2 16     0.31949592
1988  2 17     0.28547422
1988  2 18     0.24756362
1988  2 19     0.27350599
1988  2 20     0.34312419
1988  2 21     0.37607995
1988  2 22     0.38307207
1988  2 23     0.37479465
1988  2 24     0.37015598
1988  2 25     0.37800751
1988  2 26     0.39605175
1988  2 27     0.38305614
1988  2 28     0.51290784
1988  2 29     1.30400053
1988  3  1     2.96859232
1988  3  2     2.14955205
1988  3  3     1.02223174
1988  3  4     0.67516417
1988  3  5     0.55718167
1988  3  6     0.48005358
1988  3  7     0.43705402
1988  3  8     0.43410418
1988  3  9     0.41129561
1988  3 10     0.35640842
1988  3 11     0.32796439
1988  3 12     0.32126604
1988  3 13     0.32813977
1988  3 14     0.32980165
1988  3 15     0.32305735
1988  3 16     0.31890311
1988  3 17     0.32667673
1988  3 18     0.33528409
1988  3 19     0.35104016
1988  3 20     0.36965987
1988  3 21     0.37327959
1988  3 22     0.34811437
1988  3 23     0.36657538
1988  3 24     0.37525678
1988  3 25     0.36884761
1988  3 26     0.38978930
1988  3 27     0.38090082
1988  3 28     0.33485509
1988  3 29     0.31290400
1988  3 30     0.30557456
1988  3 31     0.29240783
1988  4  1     0.29528807
1988  4  2     0.31297140
1988  4  3     0.33607890
1988  4  4     0.33053264
1988  4  5     0.32454909
1988  4  6     0.33138721
1988  4  7     0.33076644
1988  4  8     0.29773666
1988  4  9     0.26744438
1988  4 10     0.27415475
1988  4 11     0.27439481
1988  4 12     0.25803790
1988  4 13     0.29857397
1988  4 14     0.68136712
1988  4 15     0.58512132
1988  4 16     0.38069706
1988  4 17     0.30654913
1988  4 18     0.32327609
1988  4 19     2.27294606
1988  4 20     4.36544597
1988  4 21     2.32916640
1988  4 22     1.39699948
1988  4 23     1.38112762
1988  4 24     0.87416819
1988  4 25     0.61124135
1988  4 26     0.55622797
1988  4 27     0.51494795
1988  4 28     0.46950302
1988  4 29     0.43501953
1988  4 30     0.43500667
1988  5  1     0.41319031
1988  5  2     0.38558054
1988  5  3     0.37614764
1988  5  4     0.36013412
1988  5  5     0.37276230
1988  5  6     0.39208827
1988  5  7     0.54944865
1988  5  8     0.57344445
1988  5  9     0.43665634
1988  5 10     0.37101784
1988  5 11     0.34579231
1988  5 12     0.37039996
1988  5 13     0.36018208
1988  5 14     0.33191803
1988  5 15     0.32189671
1988  5 16     0.35219302
1988  5 17     0.44750538
1988  5 18     0.37877911
1988  5 19     0.30021671
1988  5 20     0.29066137
1988  5 21     0.28092573
1988  5 22     0.26369835
1988  5 23     0.24590212
1988  5 24     0.23527957
1988  5 25     0.22745892
1988  5 26     0.22049248
1988  5 27     0.21478008
1988  5 28     0.33606013
1988  5 29     0.67320862
1988  5 30     0.52862005
1988  5 31     0.30977495
1988  6  1     0.32631926
1988  6  2     0.27598545
1988  6  3     0.22883254
1988  6  4     0.22310857
1988  6  5     0.22185311
1988  6  6     0.25398764
1988  6  7     0.51330332
1988  6  8     0.43059220
1988  6  9     0.28843815
1988  6 10     0.23046603
1988  6 11     0.20873666
1988  6 12     0.19833095
1988  6 13     0.18727695
1988  6 14     0.17684757
1988  6 15     0.17341286
1988  6 16     0.16546275
1988  6 17     0.15875234
1988  6 18     0.15022119
1988  6 19     0.14077836
1988  6 20     0.13676695
1988  6 21     0.13629030
1988  6 22     0.12955692
1988  6 23     0.12106615
1988  6 24     0.11762088
1988  6 25     0.15589131
1988  6 26     0.13481521
1988  6 27     0.10994735
1988  6 28     0.10575314
1988  6 29     0.10254509
1988  6 30     0.09916596
1988  7  1     0.09555052
1988  7  2     0.09233739
1988  7  3     0.08958046
1988  7  4     0.08728796
1988  7  5     0.08534633
1988  7  6     0.08288635
1988  7  7     0.07990656
1988  7  8     0.07693761
1988  7  9     0.07403482
1988  7 10     0.07146783
1988  7 11     0.06975689
1988  7 12     0.06820173
1988  7 13     0.06609899
1988  7 14     0.06396767
1988  7 15     0.06183574
1988  7 16     0.05948484
1988  7 17     0.05620809
1988  7 18     0.05341624
1988  7 19     0.05155556
1988  7 20     0.04955384
1988  7 21     0.04791220
1988  7 22     0.04649975
1988  7 23     0.04511616
1988  7 24     0.04371565
1988  7 25     0.05920216
1988  7 26     0.05663722
1988  7 27     0.05071439
1988  7 28     0.04739500
1988  7 29     0.03712454
1988  7 30     0.03524298
1988  7 31     0.03447777
1988  8  1     0.03363320
1988  8  2     0.03285851
1988  8  3     0.03225005
1988  8  4     0.03072685
1988  8  5     0.02952068
1988  8  6     0.02914327
1988  8  7     0.02859894
1988  8  8     0.02753336
1988  8  9     0.02593619
1988  8 10     0.02469895
1988  8 11     0.02398300
1988  8 12     0.02406385
1988  8 13     0.02422162
1988  8 14     0.02381717
1988  8 15     0.02317651
1988  8 16     0.02155959
1988  8 17     0.02015871
1988  8 18     0.01932992
1988  8 19     0.01869738
1988  8 20     0.01814553
1988  8 21     0.01761065
1988  8 22     0.01709153
1988  8 23     0.01658771
1988  8 24     0.01609875
1988  8 25     0.01562420
1988  8 26     0.01516363
1988  8 27     0.01471665
1988  8 28     0.01428284
1988  8 29     0.01386181
1988  8 30     0.01394785
1988  8 31     0.01366389
1988  9  1     0.01279289
1988  9  2     0.01229823
1988  9  3     0.01193571
1988  9  4     0.01158387
1988  9  5     0.01124241
1988  9  6     0.01091101
1988  9  7     0.01058938
1988  9  8     0.01027723
1988  9  9     0.00997428
1988  9 10     0.00968027
1988  9 11     0.00939492
1988  9 12     0.00911798
1988  9 13     0.00884920
1988  9 14     0.00858835
1988  9 15     0.00833519
1988  9 16     0.00808949
1988  9 17     0.00785103
1988  9 18     0.00761960
1988  9 19     0.01196684
1988  9 20     0.03354404
1988  9 21     0.03364015
1988  9 22     0.01562411
1988  9 23     0.00727796
1988  9 24     0.00636745
1988  9 25     0.00617976
1988  9 26     0.00599759
1988  9 27     0.00582080
1988  9 28     0.00564922
1988  9 29     0.00548269
1988  9 30     0.00532107
1988 10  1     0.00516422
1988 10  2     0.00501199
1988 10  3     0.00486425
1988 10  4     0.00472087
1988 10  5     0.00458171
1988 10  6     0.00444665
1988 10  7     0.00431557
1988 10  8     0.00418836
1988 10  9     0.00406490
1988 10 10     0.00394508
1988 10 11     0.00382879
1988 10 12     0.00667971
1988 10 13     0.00663135
1988 10 14     0.00378970
1988 10 15     0.00340155
1988 10 16     0.00329677
1988 10 17     0.00319959
1988 10 18     0.00310528
1988 10 19     0.00301374
1988 10 20     0.00292490
1988 10 21     0.00283868
1988 10 22     0.00275501
1988 10 23     0.00267380
1988 10 24     0.00259498
1988 10 25     0.00251849
1988 10 26     0.00244425
1988 10 27     0.00237220
1988 10 28     0.00230227
1988 10 29     0.00223440
1988 10 30     0.00216854
1988 10 31     0.00210462
1988 11  1     0.00479939
1988 11  2     0.11709235
1988 11  3     0.29431319
1988 11  4     0.23672087
1988 11  5     0.14392482
1988 11  6     0.21564141
1988 11  7     0.16837120
1988 11  8     0.10821239
1988 11  9     0.11040448
1988 11 10     0.35669526
1988 11 11     0.28638967
1988 11 12     0.38491257
1988 11 13     1.17793117
1988 11 14     1.37828732
1988 11 15     0.68263031
1988 11 16     0.54491768
1988 11 17     0.71910598
1988 11 18     0.42343602
1988 11 19     0.27511710
1988 11 20     0.16547222
1988 11 21     0.17367638
1988 11 22     1.51676081
1988 11 23     5.22141430
1988 11 24     3.35231615
1988 11 25     1.85759056
1988 11 26     1.24705193
1988 11 27     0.82697816
1988 11 28     0.63270489
1988 11 29     0.47654329
1988 11 30     0.34430940
1988 12  1     0.26973339
1988 12  2     0.22815728
1988 12  3     0.21038196
1988 12  4     0.19909943
1988 12  5     0.19122789
1988 12  6     0.18237450
1988 12  7     0.16918859
1988 12  8     0.15949018
1988 12  9     0.15834505
1988 12 10     0.15501252
1988 12 11     0.14883374
1988 12 12     0.14427422
1988 12 13     0.13805850
1988 12 14     0.12733946
1988 12 15     0.11723045
1988 12 16     0.11105306
1988 12 17     0.11459220
1988 12 18     0.18689372
1988 12 19     0.33339115
1988 12 20     0.85471742
1988 12 21     1.40070918
1988 12 22     0.94566880
1988 12 23     0.81722411
1988 12 24     1.59198010
1988 12 25     0.64459842
1988 12 26     0.28916138
1988 12 27     0.32386526
1988 12 28     0.23696883
1988 12 29     0.20052761
1988 12 30     0.15912141
1988 12 31     0.57079197
1989  1  1     0.29195864
1989  1  2     0.17086874
1989  1  3     0.43135670
1989  1  4     0.53030036
1989  1  5     2.42092130
1989  1  6     1.47375101
1989  1  7     0.74829847
1989  1  8     0.47184013
1989  1  9     0.94257502
1989  1 10     1.86439207
1989  1 11     1.30292163
1989  1 12     0.73970517
1989  1 13     0.57542965
1989  1 14     0.45548220
1989  1 15     0.36191483
1989  1 16     0.31822346
1989  1 17     0.31375611
1989  1 18     0.34786823
1989  1 19     0.39925588
1989  1 20     0.45556445
1989  1 21     0.44022486
1989  1 22     0.54798702
1989  1 23     0.93146172
1989  1 24     0.69460606
1989  1 25     0.46213713
1989  1 26     0.43508161
1989  1 27     0.40005043
1989  1 28     0.38813368
1989  1 29     0.43279981
1989  1 30     0.50115371
1989  1 31     0.52783662
1989  2  1     0.56494604
1989  2  2     0.50782824
1989  2  3     0.78246558
1989  2  4     0.50691446
1989  2  5     0.28712776
1989  2  6     0.24587146
1989  2  7     0.22612378
1989  2  8     0.21579569
1989  2  9     0.88092827
1989  2 10     0.92454202
1989  2 11     0.63094592
1989  2 12     0.47202736
1989  2 13     0.40854701
1989  2 14     0.36193517
1989  2 15     0.36197242
1989  2 16     0.44681685
1989  2 17     0.57102758
1989  2 18     1.20228703
1989  2 19     1.88444943
1989  2 20     1.41772500
1989  2 21     1.41896469
1989  2 22     2.50581943
1989  2 23     3.15982626
1989  2 24     2.28560976
1989  2 25     1.66883145
1989  2 26     1.60793775
1989  2 27     1.43565100
1989  2 28     1.23068844
1989  3  1     1.71247506
1989  3  2     9.97134387
1989  3  3     6.50423504
1989  3  4     2.65319796
1989  3  5     2.94128439
1989  3  6     4.84286898
1989  3  7     5.61410026
1989  3  8    10.15453796
1989  3  9     9.90541013
1989  3 10     8.42362558
1989  3 11     9.88420234
1989  3 12     6.75801484
1989  3 13     6.37813987
1989  3 14     4.58412885
1989  3 15     3.39161838
1989  3 16     5.98934745
1989  3 17     5.83133917
1989  3 18     6.07771454
1989  3 19     8.70223360
1989  3 20     6.62477442
1989  3 21     4.09927809
1989  3 22     3.47103013
1989  3 23     3.19794812
1989  3 24    10.16957411
1989  3 25    14.40025088
1989  3 26     8.89088058
1989  3 27     8.34451012
1989  3 28     9.25180892
1989  3 29     6.41147025
1989  3 30     4.50064859
1989  3 31     4.57549750
1989  4  1     4.48441656
1989  4  2     5.01187211
1989  4  3     4.99666784
1989  4  4     4.16023199
1989  4  5     3.85708472
1989  4  6     4.00275530
1989  4  7     4.08990251
1989  4  8     4.08362808
1989  4  9     4.05794699
1989  4 10     3.93407182
1989  4 11     3.77573355
1989  4 12     3.62563734
1989  4 13     3.49429255
1989  4 14     3.45681942
1989  4 15     3.45428251
1989  4 16     3.37067571
1989  4 17     3.27521674
1989  4 18     3.21640081
1989  4 19     3.16233624
1989  4 20     3.10180569
1989  4 21     3.17882942
1989  4 22     3.30174628
1989  4 23     3.28929893
1989  4 24     3.10426358
1989  4 25     3.11887205
1989  4 26     2.83038879
1989  4 27     2.56821337
1989  4 28     2.51548907
1989  4 29     2.46378689
1989  4 30     2.40278422
1989  5  1     2.32912676
1989  5  2     2.25485859
1989  5  3     2.21628288
1989  5  4     2.22437961
1989  5  5     2.22341053
1989  5  6     2.16758472
1989  5  7     2.08352422
1989  5  8     1.95986580
1989  5  9     1.91552948
1989  5 10     1.88027947
1989  5 11     1.74605833
1989  5 12     1.63759959
1989  5 13     1.64013909
1989  5 14     1.56485315
1989  5 15     1.57119606
1989  5 16     1.51603224
1989  5 17     1.41668284
1989  5 18     1.37845479
1989  5 19     1.30781312
1989  5 20     1.26345774
1989  5 21     1.25923869
1989  5 22     1.26417354
1989  5 23     1.37173787
1989  5 24     1.28963145
1989  5 25     1.12148325
1989  5 26     1.06332986
1989  5 27     1.03078280
1989  5 28     1.00246861
1989  5 29     0.98311712
1989  5 30     0.95645281
1989  5 31     0.91724862
1989  6  1     0.90171320
1989  6  2     0.90821463
1989  6  3     1.01884605
1989  6  4     1.21725259
1989  6  5     1.20236246
1989  6  6     1.04735924
1989  6  7     0.98695032
1989  6  8     1.04900182
1989  6  9     0.90903606
1989  6 10     0.77078650
1989  6 11     0.72482884
1989  6 12     0.68510614
1989  6 13     0.65275511
1989  6 14     0.62504004
1989  6 15     0.60005436
1989  6 16     0.58295289
1989  6 17     0.56519901
1989  6 18     0.54237279
1989  6 19     0.52309774
1989  6 20     0.50851362
1989  6 21     0.48652581
1989  6 22     0.46645862
1989  6 23     0.44708095
1989  6 24     0.43748251
1989  6 25     0.43114119
1989  6 26     0.44245832
1989  6 27     0.42393815
1989  6 28     0.39512941
1989  6 29     0.38645284
1989  6 30     0.37426297
1989  7  1     0.36131488
1989  7  2     0.34552712
1989  7  3     0.33663790
1989  7  4     0.32467791
1989  7  5     0.30920339
1989  7  6     0.29377681
1989  7  7     0.27832567
1989  7  8     0.26816247
1989  7  9     0.26357841
1989  7 10     0.25777211
1989  7 11     0.24942946
1989  7 12     0.24215989
1989  7 13     0.23437334
1989  7 14     0.22667611
1989  7 15     0.22034922
1989  7 16     0.21487854
1989  7 17     0.20775488
1989  7 18     0.19989892
1989  7 19     0.19273667
1989  7 20     0.18639081
1989  7 21     0.18065030
1989  7 22     0.17563259
1989  7 23     0.17062726
1989  7 24     0.16565284
1989  7 25     0.16108300
1989  7 26     0.15640773
1989  7 27     0.15225006
1989  7 28     0.14795322
1989  7 29     0.14357042
1989  7 30     0.13961666
1989  7 31     0.13596913
1989  8  1     0.13323009
1989  8  2     0.12982182
1989  8  3     0.12535396
1989  8  4     0.12068330
1989  8  5     0.11646059
1989  8  6     0.11253629
1989  8  7     0.15467028
1989  8  8     0.31866999
1989  8  9     0.26076249
1989  8 10     0.11948169
1989  8 11     0.09943936
1989  8 12     0.09669263
1989  8 13     0.09404595
1989  8 14     0.09080558
1989  8 15     0.08781909
1989  8 16     0.08504444
1989  8 17     0.08258740
1989  8 18     0.08087326
1989  8 19     0.07861023
1989  8 20     0.07583256
1989  8 21     0.07388616
1989  8 22     0.07165964
1989  8 23     0.07424138
1989  8 24     0.07261216
1989  8 25     0.06789254
1989  8 26     0.06466965
1989  8 27     0.06243588
1989  8 28     0.05997853
1989  8 29     0.05757386
1989  8 30     0.05718872
1989  8 31     0.05604711
1989  9  1     0.05372487
1989  9  2     0.05185931
1989  9  3     0.05001212
1989  9  4     0.04790897
1989  9  5     0.04587430
1989  9  6     0.04433159
1989  9  7     0.04429788
1989  9  8     0.04358088
1989  9  9     0.04167094
1989  9 10     0.03979655
1989  9 11     0.03851382
1989  9 12     0.04041718
1989  9 13     0.03831336
1989  9 14     0.03406535
1989  9 15     0.03279527
1989  9 16     0.22305682
1989  9 17     1.28282850
1989  9 18     1.46509807
1989  9 19     1.18222455
1989  9 20     0.53549807
1989  9 21     0.19977090
1989  9 22     0.07121555
1989  9 23     0.03585247
1989  9 24     0.02899100
1989  9 25     0.02835296
1989  9 26     0.02840474
1989  9 27     0.02805700
1989  9 28     0.03008305
1989  9 29     0.41727328
1989  9 30     0.27410510
1989 10  1     0.09385435
1989 10  2     0.09699762
1989 10  3     0.12337210
1989 10  4     0.07896509
1989 10  5     0.02876596
1989 10  6     0.02481831
1989 10  7     0.02361911
1989 10  8     0.02256963
1989 10  9     0.02145714
1989 10 10     0.02077602
1989 10 11     0.02048032
1989 10 12     0.01995057
1989 10 13     0.01945297
1989 10 14     0.01918702
1989 10 15     0.01899250
1989 10 16     0.01857364
1989 10 17     0.01747661
1989 10 18     0.01652776
1989 10 19     0.01571401
1989 10 20     0.01546809
1989 10 21     0.26244995
1989 10 22     1.04151673
1989 10 23     1.72475403
1989 10 24     3.27244960
1989 10 25     2.82238227
1989 10 26     1.42814803
1989 10 27     0.82481144
1989 10 28     0.57730774
1989 10 29     0.38453729
1989 10 30     0.27385873
1989 10 31     0.22309173
1989 11  1     0.20626744
1989 11  2     0.20144926
1989 11  3     0.20347986
1989 11  4     0.21209014
1989 11  5     0.20786198
1989 11  6     0.18467028
1989 11  7     0.16583949
1989 11  8     0.15673682
1989 11  9     0.15010302
1989 11 10     0.14438155
1989 11 11     0.13800629
1989 11 12     0.13046815
1989 11 13     0.12356060
1989 11 14     0.11814861
1989 11 15     0.11320131
1989 11 16     0.10810311
1989 11 17     0.10352811
1989 11 18     0.10006590
1989 11 19     0.09718750
1989 11 20     0.09243812
1989 11 21     0.08826654
1989 11 22     0.08559346
1989 11 23     0.12520942
1989 11 24     1.19748534
1989 11 25     3.02837723
1989 11 26     5.80374805
1989 11 27     3.67136113
1989 11 28     1.60515038
1989 11 29     1.11882055
1989 11 30     0.83057077
1989 12  1     0.64487015
1989 12  2     0.53203418
1989 12  3     0.46564623
1989 12  4     0.42900442
1989 12  5     0.40539206
1989 12  6     0.37986279
1989 12  7     0.35690622
1989 12  8     0.33934328
1989 12  9     0.32649479
1989 12 10     0.31097383
1989 12 11     0.29327897
1989 12 12     0.28041477
1989 12 13     0.27047411
1989 12 14     0.26041615
1989 12 15     0.25106861
1989 12 16     0.24291943
1989 12 17     0.23354721
1989 12 18     0.22465441
1989 12 19     0.21733618
1989 12 20     0.21024822
1989 12 21     0.20414725
1989 12 22     0.19807399
1989 12 23     0.19344425
1989 12 24     0.18928252
1989 12 25     0.18458757
1989 12 26     0.17956223
1989 12 27     0.17450317
1989 12 28     0.16978570
1989 12 29     0.16323392
1989 12 30     0.15619275
1989 12 31     0.15651121
1990  1  1     0.39994962
1990  1  2     0.53633984
1990  1  3     0.30775020
1990  1  4     0.22066921
1990  1  5     0.17233677
1990  1  6     0.22032135
1990  1  7     1.70672613
1990  1  8     4.31858187
1990  1  9     2.54170688
1990  1 10     1.06084396
1990  1 11     0.78602804
1990  1 12     0.75041942
1990  1 13     3.38875802
1990  1 14     5.04725736
1990  1 15     3.09358173
1990  1 16     2.93771434
1990  1 17     2.06633391
1990  1 18     1.27553023
1990  1 19     1.02413155
1990  1 20     0.84607831
1990  1 21     0.73018080
1990  1 22     0.64785107
1990  1 23     0.59435037
1990  1 24     0.56528275
1990  1 25     0.53418005
1990  1 26     0.51054699
1990  1 27     0.47212570
1990  1 28     0.44169115
1990  1 29     0.54183511
1990  1 30     2.46615232
1990  1 31     2.30529008
1990  2  1     1.91562822
1990  2  2     1.10342213
1990  2  3     1.10459074
1990  2  4     2.24442785
1990  2  5     1.51325826
1990  2  6     1.57680606
1990  2  7     1.09365704
1990  2  8     0.76148987
1990  2  9     0.63677552
1990  2 10     0.59376750
1990  2 11     0.64816956
1990  2 12     0.69966981
1990  2 13     0.57579332
1990  2 14     0.48104146
1990  2 15     0.47897352
1990  2 16     1.01860370
1990  2 17     1.57882761
1990  2 18     1.06835962
1990  2 19     0.55387476
1990  2 20     1.44129638
1990  2 21     0.98425918
1990  2 22     0.90791273
1990  2 23     1.12169996
1990  2 24     1.40752652
1990  2 25     1.63898945
1990  2 26     1.69485905
1990  2 27     1.79514552
1990  2 28     1.78073680
1990  3  1     1.71716871
1990  3  2     2.50659518
1990  3  3     4.33711017
1990  3  4     4.76315573
1990  3  5     5.06455158
1990  3  6     2.84431165
1990  3  7     1.94538934
1990  3  8     1.77201068
1990  3  9     1.60254053
1990  3 10     3.00130749
1990  3 11     3.12971343
1990  3 12     2.14183819
1990  3 13     1.60609889
1990  3 14     1.43326806
1990  3 15     1.39128642
1990  3 16     1.66841479
1990  3 17     1.97671005
1990  3 18     2.04064818
1990  3 19     2.01733911
1990  3 20     1.99640178
1990  3 21     2.04700309
1990  3 22     2.07853949
1990  3 23     2.05455412
1990  3 24     2.01825805
1990  3 25     1.95381849
1990  3 26     1.85607204
1990  3 27     1.75919327
1990  3 28     1.65027082
1990  3 29     1.52096178
1990  3 30     1.43935663
1990  3 31     1.42782461
1990  4  1     1.44164576
1990  4  2     1.48239732
1990  4  3     1.53446558
1990  4  4     1.58604190
1990  4  5     1.69109642
1990  4  6     1.75585442
1990  4  7     1.71683672
1990  4  8     1.63884169
1990  4  9     1.45353261
1990  4 10     1.34995127
1990  4 11     1.38679435
1990  4 12     1.37637115
1990  4 13     1.34732500
1990  4 14     1.35236499
1990  4 15     1.32042571
1990  4 16     1.41379382
1990  4 17     1.48209554
1990  4 18     1.24243460
1990  4 19     1.08727094
1990  4 20     1.04575013
1990  4 21     1.03873174
1990  4 22     1.18484028
1990  4 23     2.87852623
1990  4 24     3.02828122
1990  4 25     2.01267075
1990  4 26     1.36147788
1990  4 27     1.22340723
1990  4 28     1.12310158
1990  4 29     1.03520360
1990  4 30     0.97891956
1990  5  1     0.91421209
1990  5  2     0.84711920
1990  5  3     0.83145832
1990  5  4     0.82722973
1990  5  5     0.82577935
1990  5  6     0.80470178
1990  5  7     0.75834028
1990  5  8     0.70793454
1990  5  9     0.65819220
1990  5 10     0.65196096
1990  5 11     0.62300600
1990  5 12     0.57686783
1990  5 13     0.55554613
1990  5 14     0.53440916
1990  5 15     0.51625282
1990  5 16     0.49828130
1990  5 17     0.48045613
1990  5 18     0.46667816
1990  5 19     0.53939169
1990  5 20     0.89593435
1990  5 21     0.92511136
1990  5 22     1.13534547
1990  5 23     2.44297759
1990  5 24     1.99702463
1990  5 25     1.15018303
1990  5 26     1.09301984
1990  5 27     2.53265991
1990  5 28     3.29702037
1990  5 29     2.29353098
1990  5 30     3.15204908
1990  5 31     6.30887807
1990  6  1     4.24566969
1990  6  2     1.90663098
1990  6  3     1.64306103
1990  6  4     1.36614115
1990  6  5     1.14651285
1990  6  6     1.02884170
1990  6  7     0.94533291
1990  6  8     0.87605017
1990  6  9     0.81825879
1990  6 10     0.77190018
1990  6 11     0.73375875
1990  6 12     0.69889081
1990  6 13     0.66728226
1990  6 14     0.68775836
1990  6 15     0.67156398
1990  6 16     0.60926823
1990  6 17     0.56822628
1990  6 18     0.54734472
1990  6 19     0.52509510
1990  6 20     0.49367562
1990  6 21     0.46931224
1990  6 22     0.45101238
1990  6 23     0.43936045
1990  6 24     0.42472990
1990  6 25     0.40978011
1990  6 26     0.39624546
1990  6 27     0.38259837
1990  6 28     0.36941144
1990  6 29     0.35500100
1990  6 30     0.34188046
1990  7  1     0.34115073
1990  7  2     0.38518467
1990  7  3     0.37132648
1990  7  4     0.31331235
1990  7  5     0.29765249
1990  7  6     0.28777415
1990  7  7     0.27795040
1990  7  8     0.26803591
1990  7  9     0.26091628
1990  7 10     0.26066291
1990  7 11     0.24912273
1990  7 12     0.25616922
1990  7 13     0.24544912
1990  7 14     0.26310280
1990  7 15     0.25061088
1990  7 16     0.23400972
1990  7 17     0.22699815
1990  7 18     0.22119395
1990  7 19     0.20577559
1990  7 20     0.18502320
1990  7 21     0.17871490
1990  7 22     0.17326682
1990  7 23     0.16845990
1990  7 24     0.16419576
1990  7 25     0.16073437
1990  7 26     0.15646912
1990  7 27     0.15090190
1990  7 28     0.14524665
1990  7 29     0.13984395
1990  7 30     0.13550369
1990  7 31     0.13209383
1990  8  1     0.12794324
1990  8  2     0.12359026
1990  8  3     0.11964850
1990  8  4     0.11575623
1990  8  5     0.11159211
1990  8  6     0.10670433
1990  8  7     0.13894054
1990  8  8     0.13839436
1990  8  9     0.11146804
1990  8 10     0.10230026
1990  8 11     0.09160417
1990  8 12     0.08919116
1990  8 13     0.08694460
1990  8 14     0.08438526
1990  8 15     0.08256012
1990  8 16     0.08195014
1990  8 17     0.08083401
1990  8 18     0.07875980
1990  8 19     0.10100261
1990  8 20     0.11302910
1990  8 21     0.08805981
1990  8 22     0.07054463
1990  8 23     0.06618161
1990  8 24     0.06373894
1990  8 25     0.06830680
1990  8 26     0.06771541
1990  8 27     0.06152574
1990  8 28     0.05841260
1990  8 29     0.05536385
1990  8 30     0.05399563
1990  8 31     0.05260080
1990  9  1     0.05073663
1990  9  2     0.04868639
1990  9  3     0.04697490
1990  9  4     0.04574002
1990  9  5     0.04375961
1990  9  6     0.04174040
1990  9  7     0.04011140
1990  9  8     0.03905067
1990  9  9     0.03763646
1990  9 10     0.03599425
1990  9 11     0.03475480
1990  9 12     0.03377894
1990  9 13     0.03320941
1990  9 14     0.03267352
1990  9 15     0.03271239
1990  9 16     0.03246184
1990  9 17     0.03125472
1990  9 18     0.03077492
1990  9 19     0.02934557
1990  9 20     0.02708843
1990  9 21     0.02590095
1990  9 22     0.02502862
1990  9 23     0.06368984
1990  9 24     0.14855650
1990  9 25     0.10854431
1990  9 26     0.05345942
1990  9 27     0.04459567
1990  9 28     0.03053280
1990  9 29     0.02210760
1990  9 30     0.01974540
1990 10  1     0.01911596
1990 10  2     0.01854960
1990 10  3     0.01800804
1990 10  4     0.01747924
1990 10  5     0.01695751
1990 10  6     0.01720497
1990 10  7     0.01767975
1990 10  8     0.01733470
1990 10  9     0.01614911
1990 10 10     0.01514936
1990 10 11     0.01443201
1990 10 12     0.01391348
1990 10 13     0.01358551
1990 10 14     0.01306250
1990 10 15     0.01257608
1990 10 16     0.01224301
1990 10 17     0.01207974
1990 10 18     0.09107198
1990 10 19     0.30566644
1990 10 20     0.18650222
1990 10 21     0.06293261
1990 10 22     0.02080085
1990 10 23     0.01125186
1990 10 24     0.00968159
1990 10 25     0.00932910
1990 10 26     0.00905266
1990 10 27     0.00878814
1990 10 28     0.00852813
1990 10 29     0.00848137
1990 10 30     0.00903685
1990 10 31     0.26252644
1990 11  1     0.42381010
1990 11  2     0.21969052
1990 11  3     0.08896931
1990 11  4     0.03108034
1990 11  5     0.01237903
1990 11  6     0.00926137
1990 11  7     0.00914821
1990 11  8     0.00782901
1990 11  9     0.00689837
1990 11 10     0.00613174
1990 11 11     0.00567648
1990 11 12     0.00548588
1990 11 13     0.00549194
1990 11 14     0.00720896
1990 11 15     0.01048068
1990 11 16     0.00611169
1990 11 17     0.00533481
1990 11 18     0.00545762
1990 11 19     0.00611535
1990 11 20     0.12262820
1990 11 21     0.07946212
1990 11 22     0.03243412
1990 11 23     0.01740372
1990 11 24     0.01488680
1990 11 25     0.13492132
1990 11 26     0.74617285
1990 11 27     0.37780023
1990 11 28     0.16727973
1990 11 29     0.07831476
1990 11 30     0.02887788
1990 12  1     0.01176568
1990 12  2     0.00682379
1990 12  3     0.00554972
1990 12  4     0.00598063
1990 12  5     0.00664189
1990 12  6     0.00620979
1990 12  7     0.00583269
1990 12  8     0.00612092
1990 12  9     0.00676791
1990 12 10     0.04171321
1990 12 11     0.77666857
1990 12 12     0.41915430
1990 12 13     0.19611651
1990 12 14     0.10781279
1990 12 15     0.18303643
1990 12 16     0.11153651
1990 12 17     0.05585976
1990 12 18     0.03882417
1990 12 19     0.07520420
1990 12 20     0.05564920
1990 12 21     0.03381310
1990 12 22     0.02495573
1990 12 23     0.01341729
1990 12 24     0.00743640
1990 12 25     0.00523743
1990 12 26     0.00503652
1990 12 27     0.00510662
1990 12 28     0.00501563
1990 12 29     0.00473444
1990 12 30     0.00441102
1990 12 31     0.00511915
1991  1  1     0.00698204
1991  1  2     0.00844908
1991  1  3     0.00838580
1991  1  4     0.00948713
1991  1  5     0.00848126
1991  1  6     0.05895473
1991  1  7     0.31769652
1991  1  8     0.38371305
1991  1  9     0.19616902
1991  1 10     0.10644899
1991  1 11     0.05258416
1991  1 12     0.02200003
1991  1 13     0.01336375
1991  1 14     0.01244727
1991  1 15     0.01302238
1991  1 16     0.00917514
1991  1 17     0.00560198
1991  1 18     0.00796448
1991  1 19     0.00922005
1991  1 20     0.00603205
1991  1 21     0.00312176
1991  1 22     0.00213917
1991  1 23     0.00279705
1991  1 24     0.00301680
1991  1 25     0.00258621
1991  1 26     0.00247648
1991  1 27     0.00237109
1991  1 28     0.00216069
1991  1 29     0.00189342
1991  1 30     0.00265876
1991  1 31     0.00598967
1991  2  1     0.03683379
1991  2  2     0.58706159
1991  2  3     1.04387421
1991  2  4     0.87357675
1991  2  5     1.57070409
1991  2  6     0.80246620
1991  2  7     0.29620326
1991  2  8     0.14782395
1991  2  9     0.06634771
1991  2 10     0.03248503
1991  2 11     0.02300909
1991  2 12     0.02010116
1991  2 13     0.01982081
1991  2 14     0.02602608
1991  2 15     0.03569306
1991  2 16     0.03782458
1991  2 17     0.02952246
1991  2 18     0.01837743
1991  2 19     0.01296779
1991  2 20     0.02122264
1991  2 21     0.02773381
1991  2 22     0.02621297
1991  2 23     0.02013392
1991  2 24     0.01406522
1991  2 25     0.01205795
1991  2 26     0.01248371
1991  2 27     0.03576156
1991  2 28     0.71190559
1991  3  1     3.60251677
1991  3  2     3.74030022
1991  3  3     5.77871866
1991  3  4    12.26496550
1991  3  5     9.05403414
1991  3  6     3.55362996
1991  3  7     2.11220128
1991  3  8     1.60786340
1991  3  9     1.26050638
1991  3 10     1.67348547
1991  3 11     3.13725753
1991  3 12     2.70517492
1991  3 13     5.17988897
1991  3 14     2.95493265
1991  3 15     2.77699099
1991  3 16     1.54782532
1991  3 17     1.87446880
1991  3 18     2.38879476
1991  3 19     2.20300213
1991  3 20     2.34349645
1991  3 21     1.50829504
1991  3 22     1.04208238
1991  3 23     2.31466892
1991  3 24     5.45536673
1991  3 25     9.22909258
1991  3 26     5.70908403
1991  3 27     3.11086965
1991  3 28     1.84736519
1991  3 29     1.68484197
1991  3 30     1.82137100
1991  3 31     1.97214471
1991  4  1     3.14581445
1991  4  2     2.57741538
1991  4  3     1.95164286
1991  4  4     2.31301229
1991  4  5     2.75500205
1991  4  6     4.19364693
1991  4  7     3.31408503
1991  4  8     2.25709952
1991  4  9     2.26501190
1991  4 10     2.06967239
1991  4 11     1.65260952
1991  4 12     1.50446881
1991  4 13     1.63133979
1991  4 14     1.76343506
1991  4 15     1.80356729
1991  4 16     1.44923518
1991  4 17     1.26297958
1991  4 18     1.33101055
1991  4 19     1.43327317
1991  4 20     2.15253696
1991  4 21     2.23772954
1991  4 22     1.95793160
1991  4 23     1.77272498
1991  4 24     2.22587376
1991  4 25     2.85316990
1991  4 26     2.94074497
1991  4 27     2.13977418
1991  4 28     1.74071257
1991  4 29     1.82497935
1991  4 30     2.08868310
1991  5  1     1.91851642
1991  5  2     1.64077612
1991  5  3     1.42816252
1991  5  4     1.41511295
1991  5  5     1.63958729
1991  5  6     1.88857827
1991  5  7     1.94712266
1991  5  8     1.99931601
1991  5  9     2.30333519
1991  5 10     1.83630234
1991  5 11     1.41028771
1991  5 12     1.39858538
1991  5 13     1.95145324
1991  5 14     2.08581986
1991  5 15     1.84033625
1991  5 16     2.14416580
1991  5 17     3.73248991
1991  5 18     3.81741265
1991  5 19     2.69464365
1991  5 20     2.99279325
1991  5 21     2.39684326
1991  5 22     2.10374610
1991  5 23     2.17845964
1991  5 24     2.23340638
1991  5 25     2.18194557
1991  5 26     1.99180382
1991  5 27     1.81800093
1991  5 28     1.75618025
1991  5 29     1.72783381
1991  5 30     2.43200560
1991  5 31     2.11586924
1991  6  1     1.65287693
1991  6  2     1.61553891
1991  6  3     1.56478268
1991  6  4     1.48342238
1991  6  5     1.35949045
1991  6  6     1.24259138
1991  6  7     1.16878843
1991  6  8     1.11195657
1991  6  9     1.07599425
1991  6 10     1.06171778
1991  6 11     1.03648475
1991  6 12     0.95380481
1991  6 13     0.85358903
1991  6 14     0.78922507
1991  6 15     0.75106994
1991  6 16     0.71664860
1991  6 17     0.68622247
1991  6 18     0.65805906
1991  6 19     0.63510437
1991  6 20     0.61674788
1991  6 21     0.59561657
1991  6 22     0.57444617
1991  6 23     0.55548075
1991  6 24     0.54026152
1991  6 25     0.52427213
1991  6 26     0.50590642
1991  6 27     0.54856424
1991  6 28     1.51732710
1991  6 29     1.96403679
1991  6 30     1.16741799
1991  7  1     0.67268607
1991  7  2     0.50685353
1991  7  3     0.44776203
1991  7  4     0.42161900
1991  7  5     0.40390225
1991  7  6     0.38958738
1991  7  7     0.37773139
1991  7  8     0.36601309
1991  7  9     0.35487243
1991  7 10     0.34386217
1991  7 11     0.33091063
1991  7 12     0.31788068
1991  7 13     0.30560996
1991  7 14     0.29770149
1991  7 15     0.29043822
1991  7 16     0.28235081
1991  7 17     0.27312904
1991  7 18     0.26372296
1991  7 19     0.27316853
1991  7 20     0.28839122
1991  7 21     0.26589961
1991  7 22     0.25422194
1991  7 23     0.23887216
1991  7 24     0.21318856
1991  7 25     0.20690949
1991  7 26     0.19976147
1991  7 27     0.19641698
1991  7 28     0.19023883
1991  7 29     0.18360199
1991  7 30     0.17688254
1991  7 31     0.16871320
1991  8  1     0.16468454
1991  8  2     0.16090599
1991  8  3     0.15647343
1991  8  4     0.15190240
1991  8  5     0.14808994
1991  8  6     0.14425258
1991  8  7     0.14031727
1991  8  8     0.13554748
1991  8  9     0.13079036
1991  8 10     0.12636653
1991  8 11     0.12254703
1991  8 12     0.12446999
1991  8 13     0.15861538
1991  8 14     0.21394816
1991  8 15     0.24928184
1991  8 16     0.18529051
1991  8 17     0.11145963
1991  8 18     0.10442095
1991  8 19     0.10479703
1991  8 20     0.09837913
1991  8 21     0.09214235
1991  8 22     0.08915714
1991  8 23     0.08649535
1991  8 24     0.08365395
1991  8 25     0.08101912
1991  8 26     0.07948586
1991  8 27     0.07832502
1991  8 28     0.07690945
1991  8 29     0.07418193
1991  8 30     0.07113332
1991  8 31     0.06827104
1991  9  1     0.06589611
1991  9  2     0.06307758
1991  9  3     0.06021903
1991  9  4     0.05792856
1991  9  5     0.05627442
1991  9  6     0.05471372
1991  9  7     0.05611889
1991  9  8     0.05532834
1991  9  9     0.05263025
1991  9 10     0.08003959
1991  9 11     0.08139924
1991  9 12     0.05515368
1991  9 13     0.04632642
1991  9 14     0.04432448
1991  9 15     0.04265993
1991  9 16     0.04057300
1991  9 17     0.03871734
1991  9 18     0.03706177
1991  9 19     0.03550831
1991  9 20     0.03439993
1991  9 21     0.03366344
1991  9 22     0.03270167
1991  9 23     0.03198995
1991  9 24     0.03067372
1991  9 25     0.02930756
1991  9 26     0.02852839
1991  9 27     0.02883134
1991  9 28     0.02851977
1991  9 29     0.02696297
1991  9 30     0.02539582
1991 10  1     0.02447017
1991 10  2     0.02361762
1991 10  3     0.02279506
1991 10  4     0.02212777
1991 10  5     0.02165094
1991 10  6     0.02100234
1991 10  7     0.02082431
1991 10  8     0.02053167
1991 10  9     0.01952872
1991 10 10     0.01852818
1991 10 11     0.01787005
1991 10 12     0.01734007
1991 10 13     0.01683719
1991 10 14     0.01633684
1991 10 15     0.01584820
1991 10 16     0.01538699
1991 10 17     0.01505036
1991 10 18     0.01463317
1991 10 19     0.01410859
1991 10 20     0.01365227
1991 10 21     0.01364589
1991 10 22     0.01371463
1991 10 23     0.02296852
1991 10 24     0.02576925
1991 10 25     0.61807105
1991 10 26     2.93809206
1991 10 27     2.48693788
1991 10 28     1.04096346
1991 10 29     0.57549585
1991 10 30     0.37200119
1991 10 31     0.21266194
1991 11  1     0.10258426
1991 11  2     0.06539594
1991 11  3     0.05881503
1991 11  4     0.05730817
1991 11  5     0.05927062
1991 11  6     0.05782031
1991 11  7     0.04855209
1991 11  8     0.05297423
1991 11  9     0.10600168
1991 11 10     0.08096351
1991 11 11     0.02323744
1991 11 12     0.02113088
1991 11 13     0.02087533
1991 11 14     0.02415708
1991 11 15     0.02290513
1991 11 16     0.09414994
1991 11 17     0.89076785
1991 11 18     1.34655313
1991 11 19     0.67707205
1991 11 20     0.45178419
1991 11 21     0.32854405
1991 11 22     0.20843108
1991 11 23     0.11990891
1991 11 24     0.08014967
1991 11 25     0.07675780
1991 11 26     0.09985205
1991 11 27     0.33856032
1991 11 28     0.30805275
1991 11 29     0.14925706
1991 11 30     0.12142048
1991 12  1     0.09611264
1991 12  2     0.08519225
1991 12  3     0.07967753
1991 12  4     0.07645936
1991 12  5     0.07359425
1991 12  6     0.11024468
1991 12  7     1.23862200
1991 12  8     0.84628073
1991 12  9     0.31054859
1991 12 10     0.20902292
1991 12 11     0.15024185
1991 12 12     0.12470867
1991 12 13     0.11230595
1991 12 14     0.10563066
1991 12 15     0.10088159
1991 12 16     0.09668587
1991 12 17     0.20674777
1991 12 18     1.10097827
1991 12 19     0.89951705
1991 12 20     0.42855694
1991 12 21     0.29918350
1991 12 22     0.21107169
1991 12 23     0.15639137
1991 12 24     0.12896410
1991 12 25     0.11691588
1991 12 26     0.10968655
1991 12 27     0.16661971
1991 12 28     1.20524591
1991 12 29     1.76912047
1991 12 30     1.04308875
1991 12 31     0.56092703
1992  1  1     0.37296812
1992  1  2     0.27519965
1992  1  3     0.21896716
1992  1  4     0.77180468
1992  1  5     2.48567521
1992  1  6     2.48579963
1992  1  7     2.23020355
1992  1  8     1.41495309
1992  1  9     0.83513158
1992  1 10     0.61185452
1992  1 11     0.47597521
1992  1 12     0.39351410
1992  1 13     0.34176004
1992  1 14     0.31221290
1992  1 15     0.29712572
1992  1 16     0.28347740
1992  1 17     0.26800072
1992  1 18     0.25126486
1992  1 19     0.23620849
1992  1 20     0.22380887
1992  1 21     0.21351595
1992  1 22     0.20562446
1992  1 23     0.20019209
1992  1 24     0.19887270
1992  1 25     0.20497820
1992  1 26     0.20182506
1992  1 27     0.23879640
1992  1 28     0.51715313
1992  1 29     0.32218460
1992  1 30     0.20731234
1992  1 31     0.24031119
1992  2  1     0.56196592
1992  2  2     0.42259260
1992  2  3     0.24989707
1992  2  4     0.21609427
1992  2  5     0.19892154
1992  2  6     0.23639465
1992  2  7     0.51632110
1992  2  8     0.57851633
1992  2  9     0.81690681
1992  2 10     2.52125373
1992  2 11     4.32274553
1992  2 12     5.17453218
1992  2 13     3.70675639
1992  2 14     2.95518238
1992  2 15     5.83217063
1992  2 16     5.89957175
1992  2 17     4.74317750
1992  2 18     2.98074682
1992  2 19     4.53843484
1992  2 20     9.57145656
1992  2 21     6.20026148
1992  2 22     4.42106108
1992  2 23     3.01748371
1992  2 24     2.00294005
1992  2 25     1.76631326
1992  2 26     1.65902211
1992  2 27     1.57534275
1992  2 28     1.43722767
1992  2 29     1.34160952
1992  3  1     1.40699981
1992  3  2     1.25729345
1992  3  3     1.14652508
1992  3  4     1.17192672
1992  3  5     2.75373494
1992  3  6     7.49333737
1992  3  7     4.69224719
1992  3  8     2.06537000
1992  3  9     1.77387251
1992  3 10     1.46331522
1992  3 11     1.28800190
1992  3 12     1.23182800
1992  3 13     1.20233835
1992  3 14     1.43716510
1992  3 15     2.82558870
1992  3 16     3.87562726
1992  3 17     2.63809900
1992  3 18     1.59723949
1992  3 19     1.30802445
1992  3 20     1.16396287
1992  3 21     1.07478571
1992  3 22     1.39970944
1992  3 23     1.60055723
1992  3 24     1.14731379
1992  3 25     1.21754596
1992  3 26     1.47358531
1992  3 27     1.28490806
1992  3 28     1.08279518
1992  3 29     1.02073374
1992  3 30     1.08676051
1992  3 31     1.25405483
1992  4  1     1.18559528
1992  4  2     1.05952456
1992  4  3     1.06338896
1992  4  4     1.03862045
1992  4  5     0.93002661
1992  4  6     0.83424863
1992  4  7     0.80109065
1992  4  8     0.80675692
1992  4  9     0.80837209
1992  4 10     0.79618046
1992  4 11     0.82013373
1992  4 12     2.19856542
1992  4 13     3.29024991
1992  4 14     1.84890545
1992  4 15     1.05971538
1992  4 16     0.92833316
1992  4 17     1.28951384
1992  4 18     1.07697742
1992  4 19     0.78350408
1992  4 20     0.76778033
1992  4 21     0.73565209
1992  4 22     0.67546034
1992  4 23     0.63434562
1992  4 24     0.63012846
1992  4 25     0.64861939
1992  4 26     0.63832018
1992  4 27     0.59675239
1992  4 28     0.56989789
1992  4 29     0.55646264
1992  4 30     0.52216864
1992  5  1     0.48154414
1992  5  2     0.45956420
1992  5  3     0.47417374
1992  5  4     0.49794971
1992  5  5     0.49529368
1992  5  6     0.46902686
1992  5  7     0.50409688
1992  5  8     0.45655647
1992  5  9     0.36174796
1992  5 10     0.34301884
1992  5 11     0.32747448
1992  5 12     0.31524615
1992  5 13     0.30380222
1992  5 14     0.29241158
1992  5 15     0.28302438
1992  5 16     0.27296288
1992  5 17     0.26564489
1992  5 18     0.25659212
1992  5 19     0.25051132
1992  5 20     0.25065447
1992  5 21     0.23754644
1992  5 22     0.22208850
1992  5 23     0.21177929
1992  5 24     0.20252488
1992  5 25     0.19524129
1992  5 26     0.18988882
1992  5 27     0.18346009
1992  5 28     0.17828483
1992  5 29     0.17236152
1992  5 30     0.16354801
1992  5 31     0.15555241
1992  6  1     0.14892803
1992  6  2     0.14325359
1992  6  3     0.13835861
1992  6  4     0.13383812
1992  6  5     0.12985242
1992  6  6     0.14570090
1992  6  7     0.14643414
1992  6  8     0.13174781
1992  6  9     0.12314452
1992  6 10     0.11467338
1992  6 11     0.11265028
1992  6 12     0.11619952
1992  6 13     0.11672646
1992  6 14     0.18170099
1992  6 15     0.33617583
1992  6 16     0.31042968
1992  6 17     0.15998019
1992  6 18     0.10358988
1992  6 19     0.09452903
1992  6 20     0.08778642
1992  6 21     0.08216243
1992  6 22     0.07897978
1992  6 23     0.08710494
1992  6 24     0.11113518
1992  6 25     0.09966303
1992  6 26     0.07716026
1992  6 27     0.07022084
1992  6 28     0.07989866
1992  6 29     0.38921773
1992  6 30     0.88943123
1992  7  1     0.55034910
1992  7  2     0.19829411
1992  7  3     0.09489921
1992  7  4     0.06717536
1992  7  5     0.06101525
1992  7  6     0.05894538
1992  7  7     0.05678055
1992  7  8     0.05444855
1992  7  9     0.05242462
1992  7 10     0.05061107
1992  7 11     0.27538304
1992  7 12     0.33535018
1992  7 13     0.17754815
1992  7 14     0.12262012
1992  7 15     0.09148783
1992  7 16     0.08445250
1992  7 17     0.08423876
1992  7 18     0.06533486
1992  7 19     0.04950688
1992  7 20     0.04680572
1992  7 21     0.04393203
1992  7 22     0.04144955
1992  7 23     0.03968233
1992  7 24     0.03764709
1992  7 25     0.03539599
1992  7 26     0.03354605
1992  7 27     0.03174304
1992  7 28     0.02991770
1992  7 29     0.02842787
1992  7 30     0.02718965
1992  7 31     0.02634679
1992  8  1     0.02509142
1992  8  2     0.02373607
1992  8  3     0.02262914
1992  8  4     0.02224076
1992  8  5     0.02169456
1992  8  6     0.02103153
1992  8  7     0.02041661
1992  8  8     0.01945655
1992  8  9     0.01850561
1992  8 10     0.02352920
1992  8 11     0.08164219
1992  8 12     0.06911749
1992  8 13     0.01517875
1992  8 14     0.02294595
1992  8 15     0.08951725
1992  8 16     0.07434861
1992  8 17     0.01334965
1992  8 18     0.01294656
1992  8 19     0.01255738
1992  8 20     0.01218343
1992  8 21     0.01182386
1992  8 22     0.01220701
1992  8 23     0.01201961
1992  8 24     0.01111159
1992  8 25     0.01055716
1992  8 26     0.01020706
1992  8 27     0.01089683
1992  8 28     0.01052224
1992  8 29     0.01659323
1992  8 30     0.05947199
1992  8 31     0.05755858
1992  9  1     0.01690023
1992  9  2     0.00829398
1992  9  3     0.00931790
1992  9  4     0.00956963
1992  9  5     0.00804227
1992  9  6     0.00732486
1992  9  7     0.00710892
1992  9  8     0.00689936
1992  9  9     0.00669597
1992  9 10     0.00649858
1992  9 11     0.00630712
1992  9 12     0.00612117
1992  9 13     0.00594063
1992  9 14     0.00576551
1992  9 15     0.00559557
1992  9 16     0.00543062
1992  9 17     0.00671875
1992  9 18     0.03471691
1992  9 19     0.02931141
1992  9 20     0.00481862
1992  9 21     0.00467602
1992  9 22     0.00453818
1992  9 23     0.00440441
1992  9 24     0.00427458
1992  9 25     0.00414857
1992  9 26     0.00402628
1992  9 27     0.00390760
1992  9 28     0.00379241
1992  9 29     0.00368062
1992  9 30     0.00357213
1992 10  1     0.00346683
1992 10  2     0.06260970
1992 10  3     0.04547639
1992 10  4     0.00392898
1992 10  5     0.00307578
1992 10  6     0.00298511
1992 10  7     0.00289712
1992 10  8     0.00281172
1992 10  9     0.00272883
1992 10 10     0.00264839
1992 10 11     0.00257033
1992 10 12     0.00249456
1992 10 13     0.00242103
1992 10 14     0.00234966
1992 10 15     0.00228040
1992 10 16     0.00221318
1992 10 17     0.00214794
1992 10 18     0.00208462
1992 10 19     0.00202317
1992 10 20     0.02143879
1992 10 21     0.31360584
1992 10 22     0.20736561
1992 10 23     0.04889912
1992 10 24     0.01505124
1992 10 25     0.00458849
1992 10 26     0.00170893
1992 10 27     0.00159249
1992 10 28     0.16148180
1992 10 29     1.41122441
1992 10 30     2.43171567
1992 10 31     1.81224342
1992 11  1     1.12960920
1992 11  2     0.54203287
1992 11  3     0.30017023
1992 11  4     0.15773228
1992 11  5     0.08288520
1992 11  6     0.05173516
1992 11  7     0.04096112
1992 11  8     0.03841043
1992 11  9     0.03174616
1992 11 10     0.02506908
1992 11 11     0.02279573
1992 11 12     0.02118357
1992 11 13     0.02196754
1992 11 14     0.02350258
1992 11 15     0.02280957
1992 11 16     0.02053197
1992 11 17     0.01880574
1992 11 18     0.01645887
1992 11 19     0.06906599
1992 11 20     0.07650095
1992 11 21     0.08230540
1992 11 22     0.18090590
1992 11 23     0.16072092
1992 11 24     0.09675870
1992 11 25     0.05797527
1992 11 26     0.03111245
1992 11 27     0.07620948
1992 11 28     0.06839128
1992 11 29     0.01787333
1992 11 30     0.01390740
1992 12  1     0.01252895
1992 12  2     0.05959139
1992 12  3     0.15485979
1992 12  4     0.04353730
1992 12  5     0.01968648
1992 12  6     0.16593051
1992 12  7     1.55222059
1992 12  8     1.12416291
1992 12  9     6.50885182
1992 12 10     6.25619803
1992 12 11     7.32035086
1992 12 12     4.89600162
1992 12 13     2.76656205
1992 12 14     1.78938034
1992 12 15     1.23521755
1992 12 16     0.96063679
1992 12 17     1.44284536
1992 12 18     1.27078667
1992 12 19     0.79444200
1992 12 20     0.64041202
1992 12 21     0.61389218
1992 12 22     0.52763601
1992 12 23     0.50348653
1992 12 24     2.46871091
1992 12 25     1.37785049
1992 12 26     0.71209786
1992 12 27     0.58978077
1992 12 28     2.14261332
1992 12 29     8.18037744
1992 12 30     5.54007044
1992 12 31     2.69912133
1993  1  1     3.69731109
1993  1  2     2.46338861
1993  1  3     1.28883190
1993  1  4     1.08176246
1993  1  5     0.91791735
1993  1  6     1.75267300
1993  1  7     7.80118333
1993  1  8     7.48155400
1993  1  9     4.28173964
1993  1 10     2.57451194
1993  1 11     2.33267791
1993  1 12     1.67070413
1993  1 13     7.78467855
1993  1 14     9.45182873
1993  1 15     6.08791198
1993  1 16     6.12177303
1993  1 17     5.83584762
1993  1 18     7.05317873
1993  1 19     5.23015531
1993  1 20    12.85213467
1993  1 21    20.79674711
1993  1 22    19.46660856
1993  1 23     9.26155248
1993  1 24     4.75826782
1993  1 25     3.93338620
1993  1 26     3.35397650
1993  1 27     2.96450833
1993  1 28     2.69523740
1993  1 29     2.48761002
1993  1 30     2.31472410
1993  1 31     2.17627025
1993  2  1     2.05584204
1993  2  2     1.97519235
1993  2  3     1.92716935
1993  2  4     1.90426145
1993  2  5     2.46012293
1993  2  6     2.31644671
1993  2  7     2.06383106
1993  2  8     5.02809304
1993  2  9     9.64073061
1993  2 10     5.90061591
1993  2 11     6.17211530
1993  2 12     3.81315684
1993  2 13     2.62789163
1993  2 14     2.52446205
1993  2 15     2.13780501
1993  2 16     2.33743785
1993  2 17     3.96953290
1993  2 18     6.83126400
1993  2 19    14.50941507
1993  2 20    13.73515266
1993  2 21     7.05974137
1993  2 22     5.44019823
1993  2 23     8.48719371
1993  2 24     9.36695500
1993  2 25     4.68287239
1993  2 26     3.22576343
1993  2 27     2.81908278
1993  2 28     2.50225572
1993  3  1     2.33558492
1993  3  2     2.30792240
1993  3  3     2.64092768
1993  3  4     2.62532181
1993  3  5     2.67678780
1993  3  6     2.90868499
1993  3  7     2.96981101
1993  3  8     2.93915340
1993  3  9     2.98402216
1993  3 10     2.87771205
1993  3 11     2.75078046
1993  3 12     2.77131185
1993  3 13     2.98349396
1993  3 14     3.74847339
1993  3 15     3.70340247
1993  3 16     4.26379760
1993  3 17    11.58824373
1993  3 18     9.87746761
1993  3 19     5.38944849
1993  3 20     4.11319430
1993  3 21     4.20349267
1993  3 22     5.85345036
1993  3 23     9.33798354
1993  3 24    18.75825904
1993  3 25    16.30926995
1993  3 26    11.66759968
1993  3 27     7.64176584
1993  3 28     6.70789719
1993  3 29     6.00919264
1993  3 30     4.92629596
1993  3 31     5.61692557
1993  4  1    10.52538180
1993  4  2     8.14679757
1993  4  3     5.12797767
1993  4  4     6.13873365
1993  4  5     5.36803393
1993  4  6     3.97275626
1993  4  7     3.79556755
1993  4  8     4.12759176
1993  4  9     5.75459513
1993  4 10     5.03375617
1993  4 11     3.80752629
1993  4 12     3.41034615
1993  4 13     3.28286936
1993  4 14     3.28526031
1993  4 15     3.47475575
1993  4 16     3.34410657
1993  4 17     3.94648050
1993  4 18     5.53341342
1993  4 19     4.45050387
1993  4 20     3.35860142
1993  4 21     3.60159568
1993  4 22     3.72876410
1993  4 23     3.45466215
1993  4 24     3.61560767
1993  4 25     3.54004722
1993  4 26     3.36286649
1993  4 27     3.41005428
1993  4 28     3.61892914
1993  4 29     3.93702983
1993  4 30     4.18330112
1993  5  1     4.20603385
1993  5  2     4.02164629
1993  5  3     4.24015898
1993  5  4     4.43891986
1993  5  5     3.63860459
1993  5  6     3.38342581
1993  5  7     3.27162149
1993  5  8     2.98490145
1993  5  9     3.11540652
1993  5 10     3.54406037
1993  5 11     4.06591312
1993  5 12     4.05496041
1993  5 13     3.51119931
1993  5 14     3.36217180
1993  5 15     3.54155043
1993  5 16     3.56606622
1993  5 17     3.60149906
1993  5 18     3.74234856
1993  5 19     3.77425375
1993  5 20     3.76137197
1993  5 21     3.65669006
1993  5 22     3.46035642
1993  5 23     3.40881575
1993  5 24     3.64059937
1993  5 25     4.75467685
1993  5 26     5.02747526
1993  5 27     4.05858411
1993  5 28     3.31846680
1993  5 29     2.93837922
1993  5 30     3.14272892
1993  5 31     6.91484902
1993  6  1     6.14856985
1993  6  2     3.79194228
1993  6  3     2.99221943
1993  6  4     3.53070792
1993  6  5     7.17604440
1993  6  6     6.74525807
1993  6  7     5.83408148
1993  6  8     4.11964098
1993  6  9     3.19355692
1993  6 10     3.19696632
1993  6 11     3.07123490
1993  6 12     2.74019840
1993  6 13     2.53471052
1993  6 14     2.51175212
1993  6 15     2.52118236
1993  6 16     2.44258170
1993  6 17     2.29287127
1993  6 18     2.14749943
1993  6 19     2.10280098
1993  6 20     2.08439801
1993  6 21     1.98196074
1993  6 22     1.79899349
1993  6 23     1.62009077
1993  6 24     1.52416548
1993  6 25     1.48524660
1993  6 26     1.47116294
1993  6 27     1.45465254
1993  6 28     1.40561717
1993  6 29     1.31440025
1993  6 30     1.22802778
1993  7  1     1.17169005
1993  7  2     1.08641473
1993  7  3     1.01278636
1993  7  4     0.96849707
1993  7  5     0.92575065
1993  7  6     0.88711974
1993  7  7     0.85112451
1993  7  8     0.82107282
1993  7  9     0.79256312
1993  7 10     0.76767479
1993  7 11     0.74197066
1993  7 12     0.71520435
1993  7 13     0.69677597
1993  7 14     0.68044859
1993  7 15     0.66475446
1993  7 16     0.64780927
1993  7 17     0.62666247
1993  7 18     0.60351935
1993  7 19     0.57991292
1993  7 20     0.56367994
1993  7 21     0.55111593
1993  7 22     0.53351537
1993  7 23     0.51155154
1993  7 24     0.49043676
1993  7 25     0.47305866
1993  7 26     0.46188874
1993  7 27     0.44571770
1993  7 28     0.43154488
1993  7 29     0.42029743
1993  7 30     0.40816751
1993  7 31     0.38870069
1993  8  1     0.37571405
1993  8  2     0.35926167
1993  8  3     0.34259760
1993  8  4     0.33383686
1993  8  5     0.32429774
1993  8  6     0.31444709
1993  8  7     0.30756536
1993  8  8     0.30263768
1993  8  9     0.29337016
1993  8 10     0.28306384
1993  8 11     0.28380734
1993  8 12     0.27734296
1993  8 13     0.26483293
1993  8 14     0.25412987
1993  8 15     0.25473643
1993  8 16     0.26864497
1993  8 17     0.24636408
1993  8 18     0.22528106
1993  8 19     0.21753618
1993  8 20     0.21713824
1993  8 21     0.20961544
1993  8 22     0.19915593
1993  8 23     0.19166990
1993  8 24     0.18594415
1993  8 25     0.18117597
1993  8 26     0.17658901
1993  8 27     0.17070848
1993  8 28     0.16493757
1993  8 29     0.16015399
1993  8 30     0.15536564
1993  8 31     0.15147822
1993  9  1     0.14726891
1993  9  2     0.14207665
1993  9  3     0.13700348
1993  9  4     0.13232114
1993  9  5     0.12861649
1993  9  6     0.12569888
1993  9  7     0.12273347
1993  9  8     0.11795474
1993  9  9     0.11275303
1993  9 10     0.10896263
1993  9 11     0.10602074
1993  9 12     0.10442392
1993  9 13     0.10246419
1993  9 14     0.10052422
1993  9 15     0.09823475
1993  9 16     0.09615609
1993  9 17     0.09484120
1993  9 18     0.09272352
1993  9 19     0.08960090
1993  9 20     0.08616135
1993  9 21     0.08367615
1993  9 22     0.08156865
1993  9 23     0.07939396
1993  9 24     0.07658746
1993  9 25     0.07350733
1993  9 26     0.07049380
1993  9 27     0.06704938
1993  9 28     0.06439872
1993  9 29     0.06221067
1993  9 30     0.06030774
1993 10  1     0.05876826
1993 10  2     0.05700688
1993 10  3     0.05516754
1993 10  4     0.05720489
1993 10  5     0.10592730
1993 10  6     0.17720864
1993 10  7     0.11968871
1993 10  8     0.05309462
1993 10  9     0.05144003
1993 10 10     0.05064020
1993 10 11     0.05918231
1993 10 12     0.06229786
1993 10 13     0.05854164
1993 10 14     0.11125671
1993 10 15     0.82060646
1993 10 16     0.85194082
1993 10 17     0.49811488
1993 10 18     0.29001526
1993 10 19     0.16891650
1993 10 20     0.08535188
1993 10 21     0.04939597
1993 10 22     0.03943854
1993 10 23     0.03646084
1993 10 24     0.03497118
1993 10 25     0.03374905
1993 10 26     0.03220086
1993 10 27     0.03107881
1993 10 28     0.03107872
1993 10 29     0.03015044
1993 10 30     0.02944965
1993 10 31     0.02892465
1993 11  1     0.02832418
1993 11  2     0.02735683
1993 11  3     0.02685587
1993 11  4     0.02616833
1993 11  5     0.02525687
1993 11  6     0.02494529
1993 11  7     0.02466437
1993 11  8     0.02415927
1993 11  9     0.02860396
1993 11 10     0.05548669
1993 11 11     0.15608438
1993 11 12     0.32610888
1993 11 13     0.20657055
1993 11 14     0.07984427
1993 11 15     0.04654124
1993 11 16     0.02871276
1993 11 17     0.02381688
1993 11 18     0.02272973
1993 11 19     0.02057598
1993 11 20     0.01924145
1993 11 21     0.02195479
1993 11 22     0.09069551
1993 11 23     0.10272418
1993 11 24     0.04662544
1993 11 25     0.02631854
1993 11 26     0.02001885
1993 11 27     0.01741540
1993 11 28     0.12416411
1993 11 29     0.90689691
1993 11 30     2.59983465
1993 12  1     1.06440960
1993 12  2     0.44455888
1993 12  3     0.26126794
1993 12  4     0.15463484
1993 12  5     0.09190137
1993 12  6     0.04887610
1993 12  7     0.03282326
1993 12  8     0.38433935
1993 12  9     2.49336952
1993 12 10     1.46314026
1993 12 11     1.93008836
1993 12 12     1.69396798
1993 12 13     1.26566231
1993 12 14     2.20970217
1993 12 15     1.71430155
1993 12 16     0.83591084
1993 12 17     0.52061722
1993 12 18     0.35750846
1993 12 19     0.24900951
1993 12 20     0.18616365
1993 12 21     0.15180361
1993 12 22     0.12944152
1993 12 23     0.11512376
1993 12 24     0.10705683
1993 12 25     0.10144802
1993 12 26     0.10691766
1993 12 27     0.26931569
1993 12 28     0.20367489
1993 12 29     0.12245389
1993 12 30     0.15851907
1993 12 31     0.12565420
1994  1  1     0.11394556
1994  1  2     0.11050667
1994  1  3     0.11480317
1994  1  4     0.68614101
1994  1  5     1.35919507
1994  1  6     0.73887772
1994  1  7     0.33750752
1994  1  8     0.25919126
1994  1  9     0.20107169
1994  1 10     0.16914685
1994  1 11     0.15095312
1994  1 12     0.14212475
1994  1 13     0.13665244
1994  1 14     0.13161346
1994  1 15     0.12749343
1994  1 16     0.12439250
1994  1 17     0.12176409
1994  1 18     0.11904968
1994  1 19     0.11734211
1994  1 20     0.11364151
1994  1 21     0.11050717
1994  1 22     0.18185643
1994  1 23     0.97431962
1994  1 24     2.39035949
1994  1 25     2.11045047
1994  1 26     1.78838086
1994  1 27     0.92061527
1994  1 28     0.56061409
1994  1 29     0.41714932
1994  1 30     0.31841045
1994  1 31     0.26583609
1994  2  1     0.23058857
1994  2  2     0.20408272
1994  2  3     0.19208475
1994  2  4     0.18924082
1994  2  5     0.17617954
1994  2  6     1.23614170
1994  2  7     3.87143451
1994  2  8     2.93178115
1994  2  9     1.34733732
1994  2 10     2.03748581
1994  2 11     2.16229617
1994  2 12     1.01669876
1994  2 13     0.64948244
1994  2 14     0.54593873
1994  2 15     0.50716129
1994  2 16     1.01295247
1994  2 17     5.64355906
1994  2 18     5.88351968
1994  2 19     2.68313924
1994  2 20     2.04976845
1994  2 21     1.64451805
1994  2 22     2.39434476
1994  2 23     1.48170488
1994  2 24     0.99641612
1994  2 25     0.95868199
1994  2 26     2.23577415
1994  2 27     2.97912642
1994  2 28     2.20026127
1994  3  1     1.57108367
1994  3  2     1.56275286
1994  3  3     1.53733286
1994  3  4     1.69486743
1994  3  5     3.18714116
1994  3  6     2.82510803
1994  3  7     1.64216184
1994  3  8     1.41074057
1994  3  9     1.30667295
1994  3 10     1.67984040
1994  3 11     2.44269116
1994  3 12     1.90566211
1994  3 13     1.38203023
1994  3 14     1.42445693
1994  3 15     1.50761295
1994  3 16     1.57009481
1994  3 17     1.36660361
1994  3 18     1.25541096
1994  3 19     1.28506415
1994  3 20     1.19724174
1994  3 21     1.19399128
1994  3 22     1.09955441
1994  3 23     0.95156716
1994  3 24     0.89701771
1994  3 25     0.92698765
1994  3 26     0.92894290
1994  3 27     0.97212067
1994  3 28     1.00541695
1994  3 29     0.98943218
1994  3 30     1.00743219
1994  3 31     0.98247147
1994  4  1     0.93439025
1994  4  2     0.93527498
1994  4  3     1.35898230
1994  4  4     1.31914331
1994  4  5     0.90727406
1994  4  6     0.90976479
1994  4  7     0.87254657
1994  4  8     0.90403966
1994  4  9     1.56535136
1994  4 10     1.16034446
1994  4 11     1.02941882
1994  4 12     1.01051371
1994  4 13     0.97393111
1994  4 14     0.99940045
1994  4 15     1.08243260
1994  4 16     1.13218579
1994  4 17     1.13662829
1994  4 18     1.03659471
1994  4 19     0.91527292
1994  4 20     0.84340998
1994  4 21     0.78505580
1994  4 22     0.70853534
1994  4 23     0.74388165
1994  4 24     0.92970386
1994  4 25     1.64466031
1994  4 26     2.06764673
1994  4 27     1.37398445
1994  4 28     0.97068703
1994  4 29     0.86118298
1994  4 30     0.89890609
1994  5  1     0.93374913
1994  5  2     0.86860459
1994  5  3     0.73486547
1994  5  4     0.63075852
1994  5  5     0.59764575
1994  5  6     1.17466446
1994  5  7     3.03231245
1994  5  8     2.35656166
1994  5  9     1.40801906
1994  5 10     1.06433807
1994  5 11     0.87296714
1994  5 12     0.81342450
1994  5 13     0.74868482
1994  5 14     0.68221586
1994  5 15     0.60725246
1994  5 16     0.56597067
1994  5 17     0.64168672
1994  5 18     0.88463518
1994  5 19     1.68621833
1994  5 20     1.28680998
1994  5 21     0.79876392
1994  5 22     0.70117915
1994  5 23     0.61046053
1994  5 24     0.53919009
1994  5 25     0.48777329
1994  5 26     0.45909192
1994  5 27     0.43374653
1994  5 28     0.41058604
1994  5 29     0.39077626
1994  5 30     0.37438975
1994  5 31     0.39979266
1994  6  1     0.37559456
1994  6  2     0.33059596
1994  6  3     0.31758546
1994  6  4     0.30651008
1994  6  5     0.29630878
1994  6  6     0.33742722
1994  6  7     0.31105851
1994  6  8     0.27303844
1994  6  9     0.25628915
1994  6 10     0.24338020
1994  6 11     0.23307216
1994  6 12     0.22543763
1994  6 13     0.21962407
1994  6 14     0.21633445
1994  6 15     0.21234789
1994  6 16     0.20798806
1994  6 17     0.20077766
1994  6 18     0.19206585
1994  6 19     0.18340651
1994  6 20     0.17588051
1994  6 21     0.17015523
1994  6 22     0.16439152
1994  6 23     0.15882446
1994  6 24     0.15353653
1994  6 25     0.14861138
1994  6 26     0.14424322
1994  6 27     0.13920684
1994  6 28     0.13439185
1994  6 29     0.13012574
1994  6 30     0.12596980
1994  7  1     0.12265133
1994  7  2     0.11909223
1994  7  3     0.11548962
1994  7  4     0.11184712
1994  7  5     0.10865991
1994  7  6     0.10524062
1994  7  7     0.10124189
1994  7  8     0.09734851
1994  7  9     0.09397986
1994  7 10     0.09124389
1994  7 11     0.08858508
1994  7 12     0.08554878
1994  7 13     0.08252281
1994  7 14     0.07984053
1994  7 15     0.07711032
1994  7 16     0.07436519
1994  7 17     0.07326823
1994  7 18     0.07086597
1994  7 19     0.06738095
1994  7 20     0.06470318
1994  7 21     0.06244090
1994  7 22     0.06469875
1994  7 23     0.06271025
1994  7 24     0.05761597
1994  7 25     0.05621919
1994  7 26     0.05407331
1994  7 27     0.05212596
1994  7 28     0.05055305
1994  7 29     0.04904256
1994  7 30     0.04758806
1994  7 31     0.04618868
1994  8  1     0.04483461
1994  8  2     0.04351455
1994  8  3     0.04223038
1994  8  4     0.04098032
1994  8  5     0.03976903
1994  8  6     0.03859842
1994  8  7     0.03746024
1994  8  8     0.03634797
1994  8  9     0.03527313
1994  8 10     0.03423217
1994  8 11     0.03322171
1994  8 12     0.03224226
1994  8 13     0.03129112
1994  8 14     0.03036874
1994  8 15     0.02947354
1994  8 16     0.02860474
1994  8 17     0.02776154
1994  8 18     0.02694320
1994  8 19     0.02614898
1994  8 20     0.02537817
1994  8 21     0.02463009
1994  8 22     0.02390474
1994  8 23     0.02319997
1994  8 24     0.02251556
1994  8 25     0.02185186
1994  8 26     0.02120772
1994  8 27     0.02058257
1994  8 28     0.01997585
1994  8 29     0.01938701
1994  8 30     0.01881553
1994  8 31     0.01826089
1994  9  1     0.01772261
1994  9  2     0.01720019
1994  9  3     0.01669726
1994  9  4     0.01620438
1994  9  5     0.01572353
1994  9  6     0.01526004
1994  9  7     0.01481021
1994  9  8     0.01437364
1994  9  9     0.01394994
1994  9 10     0.01353873
1994  9 11     0.01314498
1994  9 12     0.04162496
1994  9 13     0.04841494
1994  9 14     0.02041343
1994  9 15     0.01167942
1994  9 16     0.01131388
1994  9 17     0.01098038
1994  9 18     0.01065670
1994  9 19     0.01034257
1994  9 20     0.01003780
1994  9 21     0.00974192
1994  9 22     0.00945464
1994  9 23     0.00917595
1994  9 24     0.03075358
1994  9 25     0.03018533
1994  9 26     0.00984310
1994  9 27     0.00816905
1994  9 28     0.16959594
1994  9 29     0.37389712
1994  9 30     0.23567676
1994 10  1     0.06838847
1994 10  2     0.02128663
1994 10  3     0.00997007
1994 10  4     0.24337752
1994 10  5     0.86232846
1994 10  6     0.51667065
1994 10  7     0.14601603
1994 10  8     0.05871177
1994 10  9     0.02290628
1994 10 10     0.01184094
1994 10 11     0.00923176
1994 10 12     0.00886025
1994 10 13     0.00742096
1994 10 14     0.00607076
1994 10 15     0.03249015
1994 10 16     0.03401184
1994 10 17     0.00911507
1994 10 18     0.00487297
1994 10 19     0.00463290
1994 10 20     0.00419053
1994 10 21     0.00397851
1994 10 22     0.00385824
1994 10 23     0.00374092
1994 10 24     0.00362983
1994 10 25     0.00352263
1994 10 26     0.00341874
1994 10 27     0.00331773
1994 10 28     0.00321993
1994 10 29     0.00312595
1994 10 30     0.00303885
1994 10 31     0.02085292
1994 11  1     0.14172064
1994 11  2     0.48122114
1994 11  3     0.31912390
1994 11  4     0.12363855
1994 11  5     1.19986680
1994 11  6     3.90914470
1994 11  7     3.11270051
1994 11  8     1.47489606
1994 11  9     1.12468460
1994 11 10     1.70968051
1994 11 11     0.90231064
1994 11 12     0.57906363
1994 11 13     0.37109548
1994 11 14     0.21408766
1994 11 15     0.24608031
1994 11 16     0.52812427
1994 11 17     0.73523531
1994 11 18     0.66795462
1994 11 19     0.35089021
1994 11 20     0.22067108
1994 11 21     0.16543015
1994 11 22     0.11427125
1994 11 23     0.07854690
1994 11 24     0.28624885
1994 11 25     1.67478847
1994 11 26     1.68454026
1994 11 27     0.77177494
1994 11 28     0.69818715
1994 11 29     0.42225241
1994 11 30     0.28234571
1994 12  1     0.31998939
1994 12  2     1.48593294
1994 12  3     6.66251809
1994 12  4    11.31508330
1994 12  5    10.11723644
1994 12  6     5.46604555
1994 12  7     2.83581822
1994 12  8     1.84911641
1994 12  9     1.41095576
1994 12 10     1.12191571
1994 12 11     1.08279967
1994 12 12     2.65278329
1994 12 13     2.75010369
1994 12 14     1.81266144
1994 12 15     1.92036510
1994 12 16     1.25343843
1994 12 17     0.91642806
1994 12 18     0.92515335
1994 12 19     0.82693670
1994 12 20     0.68488859
1994 12 21     0.61834935
1994 12 22     0.57295636
1994 12 23     0.66402948
1994 12 24     3.42838849
1994 12 25     3.53666503
1994 12 26     1.56623387
1994 12 27     1.29573441
1994 12 28     3.63338764
1994 12 29     2.35807237
1994 12 30     1.11171601
1994 12 31     0.94315375
1995  1  1     0.80040862
1995  1  2     0.71061123
1995  1  3     0.91926120
1995  1  4     2.15269908
1995  1  5     6.39061323
1995  1  6     6.62777809
1995  1  7     8.47115954
1995  1  8    10.40743671
1995  1  9    16.71025606
1995  1 10    28.80409092
1995  1 11    23.03309872
1995  1 12    13.14459085
1995  1 13    17.82346220
1995  1 14    20.01212000
1995  1 15    17.14925987
1995  1 16     9.35447406
1995  1 17     8.22696361
1995  1 18     5.67508178
1995  1 19     4.45929715
1995  1 20     4.04726057
1995  1 21     3.75903686
1995  1 22     5.04383241
1995  1 23     9.17722632
1995  1 24     9.57495808
1995  1 25    10.84057290
1995  1 26     9.17002910
1995  1 27    12.22355478
1995  1 28     8.37443591
1995  1 29     5.18436822
1995  1 30     4.62645237
1995  1 31     4.24240797
1995  2  1     4.15019868
1995  2  2     3.75856019
1995  2  3     3.28922014
1995  2  4     3.11474632
1995  2  5     2.98752462
1995  2  6     2.87117304
1995  2  7     2.76566778
1995  2  8     2.82369729
1995  2  9     2.65660863
1995  2 10     2.53462515
1995  2 11     2.47367182
1995  2 12     2.40597679
1995  2 13     3.28875329
1995  2 14     4.40009570
1995  2 15     2.94583977
1995  2 16     2.87347396
1995  2 17     2.57019691
1995  2 18     2.44033677
1995  2 19     2.53908383
1995  2 20     2.56867209
1995  2 21     2.50239804
1995  2 22     2.40360295
1995  2 23     2.35647686
1995  2 24     2.32268235
1995  2 25     2.26637751
1995  2 26     2.21783490
1995  2 27     2.19466846
1995  2 28     2.18673595
1995  3  1     2.46689085
1995  3  2     5.98996050
1995  3  3    18.60456021
1995  3  4    12.07402799
1995  3  5     5.90470450
1995  3  6     5.17141988
1995  3  7     3.74222474
1995  3  8     4.50521526
1995  3  9    16.61627014
1995  3 10    31.12699261
1995  3 11    32.94193147
1995  3 12    23.02101129
1995  3 13    18.87979699
1995  3 14    15.57988486
1995  3 15    13.00578037
1995  3 16     8.55391577
1995  3 17     6.75596674
1995  3 18     9.09152680
1995  3 19     9.35557507
1995  3 20    13.88015622
1995  3 21    21.69653445
1995  3 22    15.27825056
1995  3 23    15.14290157
1995  3 24    10.26666946
1995  3 25     6.96609198
1995  3 26     5.50433198
1995  3 27     5.06506608
1995  3 28     5.05134630
1995  3 29     5.02860703
1995  3 30     5.20511000
1995  3 31     5.42732109
1995  4  1     5.41428553
1995  4  2     5.30567049
1995  4  3     5.35798759
1995  4  4     5.55400358
1995  4  5     5.61458380
1995  4  6     6.48570794
1995  4  7    11.84525810
1995  4  8    12.69970066
1995  4  9     8.07315153
1995  4 10     5.58592953
1995  4 11     5.11293785
1995  4 12     5.94788563
1995  4 13    12.48812012
1995  4 14     9.89879656
1995  4 15     5.78186598
1995  4 16     5.00564775
1995  4 17     4.53964307
1995  4 18     4.66361501
1995  4 19     4.93596319
1995  4 20     7.73779227
1995  4 21     5.70579645
1995  4 22     4.18381977
1995  4 23     4.06107922
1995  4 24     4.09868379
1995  4 25     4.23079313
1995  4 26     4.28794452
1995  4 27     5.31024953
1995  4 28     8.90867427
1995  4 29    12.97402644
1995  4 30    12.71173846
1995  5  1    21.24070399
1995  5  2    18.26715382
1995  5  3     9.63946865
1995  5  4     6.60215373
1995  5  5     7.34432400
1995  5  6     8.11127556
1995  5  7     5.96248336
1995  5  8     5.18125881
1995  5  9     5.03969775
1995  5 10     4.86832219
1995  5 11     4.86285183
1995  5 12     4.86403026
1995  5 13     6.77006260
1995  5 14     7.61275453
1995  5 15     7.75568898
1995  5 16     5.89865852
1995  5 17     4.97148459
1995  5 18     5.02822558
1995  5 19     5.10399695
1995  5 20     5.18612823
1995  5 21     5.21519460
1995  5 22     5.21394881
1995  5 23     5.14099569
1995  5 24     4.96160042
1995  5 25     4.62049876
1995  5 26     4.41307305
1995  5 27     4.45473666
1995  5 28     4.38628287
1995  5 29     4.40783557
1995  5 30     4.55024564
1995  5 31     4.61296339
1995  6  1     4.68718276
1995  6  2     4.57322107
1995  6  3     4.42313947
1995  6  4     4.31205028
1995  6  5     4.21935498
1995  6  6     3.71470092
1995  6  7     3.02273886
1995  6  8     2.75878225
1995  6  9     2.77973550
1995  6 10     2.88845291
1995  6 11     3.04083420
1995  6 12     3.20474076
1995  6 13     3.32277093
1995  6 14     3.71639587
1995  6 15     4.95877173
1995  6 16     5.71687381
1995  6 17     3.99343896
1995  6 18     3.04450186
1995  6 19     2.83808077
1995  6 20     2.54244292
1995  6 21     2.32151714
1995  6 22     2.40956374
1995  6 23     2.61904083
1995  6 24     2.81685388
1995  6 25     2.93262398
1995  6 26     2.93182062
1995  6 27     2.82066371
1995  6 28     2.55010120
1995  6 29     2.32041386
1995  6 30     2.20421088
1995  7  1     2.07141614
1995  7  2     1.90880195
1995  7  3     1.79269399
1995  7  4     1.73596456
1995  7  5     1.63715566
1995  7  6     1.53577803
1995  7  7     1.48758905
1995  7  8     1.50269876
1995  7  9     1.46084266
1995  7 10     1.36574396
1995  7 11     1.32395381
1995  7 12     1.27502086
1995  7 13     1.20944362
1995  7 14     1.16964416
1995  7 15     1.17055253
1995  7 16     1.20063586
1995  7 17     1.18981083
1995  7 18     1.12112956
1995  7 19     1.01038628
1995  7 20     0.90913070
1995  7 21     0.84501300
1995  7 22     0.81070387
1995  7 23     0.77862086
1995  7 24     0.74732664
1995  7 25     0.71844409
1995  7 26     0.68879326
1995  7 27     0.65604196
1995  7 28     0.62437906
1995  7 29     0.60756178
1995  7 30     0.58823580
1995  7 31     0.56273735
1995  8  1     0.53831066
1995  8  2     0.51716298
1995  8  3     0.49888290
1995  8  4     0.48432772
1995  8  5     0.47380754
1995  8  6     0.46134937
1995  8  7     0.45263682
1995  8  8     0.43925964
1995  8  9     0.42343537
1995  8 10     0.41346868
1995  8 11     0.41034161
1995  8 12     0.39408604
1995  8 13     0.37780509
1995  8 14     0.36059103
1995  8 15     0.34646546
1995  8 16     0.33904959
1995  8 17     0.34446831
1995  8 18     0.33855011
1995  8 19     0.31736686
1995  8 20     0.29657724
1995  8 21     0.28700268
1995  8 22     0.27788892
1995  8 23     0.26692422
1995  8 24     0.26005791
1995  8 25     0.25628215
1995  8 26     0.25336624
1995  8 27     0.24692246
1995  8 28     0.24066358
1995  8 29     0.23422453
1995  8 30     0.22434056
1995  8 31     0.21569356
1995  9  1     0.20658680
1995  9  2     0.19950412
1995  9  3     0.19390683
1995  9  4     0.19121461
1995  9  5     0.18727436
1995  9  6     0.17941153
1995  9  7     0.17292433
1995  9  8     0.16786153
1995  9  9     0.16285165
1995  9 10     0.15811522
1995  9 11     0.15372224
1995  9 12     0.14838855
1995  9 13     0.14332270
1995  9 14     0.13846740
1995  9 15     0.13379932
1995  9 16     0.13019456
1995  9 17     0.12810350
1995  9 18     0.12465832
1995  9 19     0.11985188
1995  9 20     0.11546935
1995  9 21     0.11226995
1995  9 22     0.10978930
1995  9 23     0.10760373
1995  9 24     0.10447992
1995  9 25     0.10161920
1995  9 26     0.10025051
1995  9 27     0.09828515
1995  9 28     0.09598132
1995  9 29     0.09513865
1995  9 30     0.09180441
1995 10  1     0.08794606
1995 10  2     0.08495463
1995 10  3     0.08156192
1995 10  4     0.07954060
1995 10  5     0.07854565
1995 10  6     0.07598153
1995 10  7     0.07326318
1995 10  8     0.07136413
1995 10  9     0.06976738
1995 10 10     0.06737789
1995 10 11     0.06438638
1995 10 12     0.06289321
1995 10 13     0.06198732
1995 10 14     0.06009587
1995 10 15     0.05762533
1995 10 16     0.05555680
1995 10 17     0.05406369
1995 10 18     0.05180310
1995 10 19     0.05020224
1995 10 20     0.04885593
1995 10 21     0.04728614
1995 10 22     0.04787668
1995 10 23     0.04860231
1995 10 24     0.04721191
1995 10 25     0.04557394
1995 10 26     0.04373985
1995 10 27     0.04127747
1995 10 28     0.03968739
1995 10 29     0.03853474
1995 10 30     0.03735084
1995 10 31     0.03593602
1995 11  1     0.03672983
1995 11  2     0.03718612
1995 11  3     0.03572990
1995 11  4     0.03471382
1995 11  5     0.03405499
1995 11  6     0.03310495
1995 11  7     0.03125927
1995 11  8     0.02993852
1995 11  9     0.02965033
1995 11 10     0.02936436
1995 11 11     0.02788723
1995 11 12     0.02629940
1995 11 13     0.02405281
1995 11 14     0.02264450
1995 11 15     0.02313477
1995 11 16     0.02326109
1995 11 17     0.02250655
1995 11 18     0.02232930
1995 11 19     0.02210661
1995 11 20     0.02080828
1995 11 21     0.02047681
1995 11 22     0.02043422
1995 11 23     0.01901817
1995 11 24     0.01782730
1995 11 25     0.18481636
1995 11 26     0.35002713
1995 11 27     0.23936579
1995 11 28     0.08329385
1995 11 29     0.04228129
1995 11 30     0.02488337
1995 12  1     0.12198084
1995 12  2     0.30665579
1995 12  3     0.31919464
1995 12  4     0.76041988
1995 12  5     0.61550236
1995 12  6     0.32613793
1995 12  7     0.26245252
1995 12  8     0.17870233
1995 12  9     0.07990538
1995 12 10     0.22504499
1995 12 11     1.85145351
1995 12 12     6.39435947
1995 12 13     6.37746114
1995 12 14     3.41205571
1995 12 15     2.72482453
1995 12 16     2.13168875
1995 12 17     1.16335761
1995 12 18     0.91329116
1995 12 19     0.67559040
1995 12 20     0.51900989
1995 12 21     0.42206242
1995 12 22     0.43781067
1995 12 23     0.39366922
1995 12 24     0.33733580
1995 12 25     0.29404018
1995 12 26     0.26267698
1995 12 27     0.34855210
1995 12 28     0.86423059
1995 12 29     1.61209538
1995 12 30     3.40998058
1995 12 31     2.26518723
1996  1  1     1.17414030
1996  1  2     0.73272382
1996  1  3     0.57760222
1996  1  4     0.47675511
1996  1  5     0.41941408
1996  1  6     0.37778303
1996  1  7     0.34880297
1996  1  8     0.84867531
1996  1  9     0.58446668
1996  1 10     0.43526118
1996  1 11     0.37905231
1996  1 12     0.33013003
1996  1 13     0.31983190
1996  1 14     0.31697165
1996  1 15     1.81279086
1996  1 16     7.32161418
1996  1 17     7.14845362
1996  1 18     4.21578494
1996  1 19     6.54916160
1996  1 20     4.41344654
1996  1 21     4.28017073
1996  1 22     3.75838740
1996  1 23     2.51035542
1996  1 24     6.47615762
1996  1 25    11.33583372
1996  1 26     6.02705861
1996  1 27     9.02329067
1996  1 28     7.24896008
1996  1 29     3.77424063
1996  1 30     2.52788567
1996  1 31     3.51533780
1996  2  1     2.70068473
1996  2  2     1.88365186
1996  2  3     3.47483735
1996  2  4    15.00671768
1996  2  5    22.13517415
1996  2  6    10.87414198
1996  2  7     4.72520677
1996  2  8     3.98895032
1996  2  9     3.50334701
1996  2 10     3.16455748
1996  2 11     2.88262637
1996  2 12     2.69808725
1996  2 13     2.60805363
1996  2 14     2.50800531
1996  2 15     2.42039294
1996  2 16     3.12154342
1996  2 17     4.17865311
1996  2 18     6.25726006
1996  2 19    14.83613569
1996  2 20    19.41175962
1996  2 21    17.05883914
1996  2 22    10.76617596
1996  2 23     6.14422063
1996  2 24     6.91281431
1996  2 25     5.90715611
1996  2 26     4.26466201
1996  2 27     3.52737851
1996  2 28     3.16891163
1996  2 29     2.94484322
1996  3  1     2.89569787
1996  3  2     2.96396221
1996  3  3     3.18237582
1996  3  4    10.38542272
1996  3  5    17.85920581
1996  3  6     8.87882739
1996  3  7     4.77979048
1996  3  8     4.40521810
1996  3  9     4.39819544
1996  3 10     5.17620450
1996  3 11     8.44273423
1996  3 12    11.99361720
1996  3 13     7.89527954
1996  3 14     4.67733980
1996  3 15     3.99828999
1996  3 16     3.82295654
1996  3 17     3.85669869
1996  3 18     3.96436122
1996  3 19     4.02390682
1996  3 20     4.01274307
1996  3 21     3.95310423
1996  3 22     4.07191563
1996  3 23     3.54702372
1996  3 24     2.93209080
1996  3 25     2.76915342
1996  3 26     2.64436817
1996  3 27     2.93813351
1996  3 28     6.21358287
1996  3 29     4.91293372
1996  3 30     3.05278665
1996  3 31     3.39323351
1996  4  1     9.86471756
1996  4  2    15.66991974
1996  4  3     7.93970398
1996  4  4     4.38194155
1996  4  5     3.94896762
1996  4  6     3.82880008
1996  4  7     3.96353446
1996  4  8     4.07929484
1996  4  9     4.20676789
1996  4 10     3.89275967
1996  4 11     3.42488791
1996  4 12     3.21828708
1996  4 13     2.90851233
1996  4 14     2.81846258
1996  4 15     3.51390084
1996  4 16     7.63937054
1996  4 17     8.75912153
1996  4 18     9.17342548
1996  4 19     6.35639210
1996  4 20     4.51606803
1996  4 21     3.63255145
1996  4 22     3.32437919
1996  4 23     3.43363750
1996  4 24     4.07409137
1996  4 25     4.04487912
1996  4 26     4.08932604
1996  4 27     4.21211405
1996  4 28     3.96558682
1996  4 29     3.65912403
1996  4 30     3.77617611
1996  5  1     4.06086786
1996  5  2     4.10175774
1996  5  3     3.91357221
1996  5  4     3.52602004
1996  5  5     3.39835423
1996  5  6     3.45540114
1996  5  7     3.40396458
1996  5  8     3.29301056
1996  5  9     3.12134285
1996  5 10     3.07007773
1996  5 11     3.33327751
1996  5 12     3.58065216
1996  5 13     3.58901275
1996  5 14     3.54617860
1996  5 15     5.23100767
1996  5 16    19.54872046
1996  5 17    19.31260711
1996  5 18    15.91790860
1996  5 19    10.11535713
1996  5 20     6.29023063
1996  5 21     5.61836669
1996  5 22     6.86633976
1996  5 23     5.16717850
1996  5 24     3.93483920
1996  5 25     3.58080590
1996  5 26     3.41119922
1996  5 27     3.37165858
1996  5 28     3.16732458
1996  5 29     2.92234285
1996  5 30     2.77960004
1996  5 31     2.63656071
1996  6  1     2.65225319
1996  6  2     2.76990564
1996  6  3     2.82018542
1996  6  4     2.70701550
1996  6  5     2.51507978
1996  6  6     2.43600077
1996  6  7     2.34939306
1996  6  8     2.16683701
1996  6  9     2.02429017
1996  6 10     1.94105264
1996  6 11     1.84942086
1996  6 12     1.73972571
1996  6 13     1.61350861
1996  6 14     1.51147520
1996  6 15     1.44649040
1996  6 16     1.39044267
1996  6 17     1.34106560
1996  6 18     1.29550936
1996  6 19     1.24744147
1996  6 20     1.20252650
1996  6 21     1.16618952
1996  6 22     1.13037422
1996  6 23     1.09184733
1996  6 24     1.06026970
1996  6 25     1.12518629
1996  6 26     1.26979260
1996  6 27     1.28971896
1996  6 28     1.10175714
1996  6 29     0.95106376
1996  6 30     0.88601440
1996  7  1     0.83894189
1996  7  2     0.80404578
1996  7  3     0.77889642
1996  7  4     0.76114241
1996  7  5     0.74207378
1996  7  6     0.71340269
1996  7  7     0.68170027
1996  7  8     0.65621300
1996  7  9     0.63570951
1996  7 10     0.61597196
1996  7 11     0.59597127
1996  7 12     0.58103597
1996  7 13     0.56585280
1996  7 14     0.54062135
1996  7 15     0.52191582
1996  7 16     0.51634069
1996  7 17     0.50618594
1996  7 18     0.49518606
1996  7 19     0.48068446
1996  7 20     0.45831914
1996  7 21     0.43662477
1996  7 22     0.41999664
1996  7 23     0.40629880
1996  7 24     0.39375490
1996  7 25     0.38192640
1996  7 26     0.37013728
1996  7 27     0.36226023
1996  7 28     0.37245281
1996  7 29     0.35548271
1996  7 30     0.32954849
1996  7 31     0.31859476
1996  8  1     0.30948464
1996  8  2     0.30145518
1996  8  3     0.29489716
1996  8  4     0.28878902
1996  8  5     0.27926818
1996  8  6     0.27163571
1996  8  7     0.26272452
1996  8  8     0.25230946
1996  8  9     0.24280960
1996  8 10     0.23450598
1996  8 11     0.22708827
1996  8 12     0.22536902
1996  8 13     0.23429543
1996  8 14     0.23357321
1996  8 15     0.21232228
1996  8 16     0.19697515
1996  8 17     0.19166810
1996  8 18     0.18719322
1996  8 19     0.18282843
1996  8 20     0.17851394
1996  8 21     0.17348689
1996  8 22     0.16715816
1996  8 23     0.16011184
1996  8 24     0.16850672
1996  8 25     0.16232659
1996  8 26     0.14493447
1996  8 27     0.14332654
1996  8 28     0.14030943
1996  8 29     0.13403847
1996  8 30     0.12824870
1996  8 31     0.12403502
1996  9  1     0.12144532
1996  9  2     0.11907853
1996  9  3     0.11611270
1996  9  4     0.11297938
1996  9  5     0.11189040
1996  9  6     0.10893617
1996  9  7     0.10516505
1996  9  8     0.10112714
1996  9  9     0.09706288
1996  9 10     0.09312257
1996  9 11     0.08992907
1996  9 12     0.08809879
1996  9 13     0.10658018
1996  9 14     0.13073658
1996  9 15     0.20540320
1996  9 16     0.28394025
1996  9 17     0.21722930
1996  9 18     0.12554787
1996  9 19     0.09142347
1996  9 20     0.07686995
1996  9 21     0.07034471
1996  9 22     0.06747053
1996  9 23     0.06640738
1996  9 24     0.06486990
1996  9 25     0.06269953
1996  9 26     0.06033952
1996  9 27     0.05864392
1996  9 28     0.05621240
1996  9 29     0.05412768
1996  9 30     0.05202190
1996 10  1     0.05193519
1996 10  2     0.05120474
1996 10  3     0.04849322
1996 10  4     0.04671894
1996 10  5     0.04532838
1996 10  6     0.04348490
1996 10  7     0.04085008
1996 10  8     0.03884272
1996 10  9     0.03765172
1996 10 10     0.03740611
1996 10 11     0.03808918
1996 10 12     0.03828546
1996 10 13     0.03791702
1996 10 14     0.03741972
1996 10 15     0.03649592
1996 10 16     0.03606946
1996 10 17     0.03563053
1996 10 18     0.14792302
1996 10 19     0.20221095
1996 10 20     0.11393871
1996 10 21     0.05885772
1996 10 22     0.04205644
1996 10 23     0.03649315
1996 10 24     0.08513766
1996 10 25     0.36536344
1996 10 26     0.37535551
1996 10 27     0.18076732
1996 10 28     0.12009389
1996 10 29     0.25075643
1996 10 30     0.75388871
1996 10 31     0.43657289
1996 11  1     0.24599943
1996 11  2     0.13226641
1996 11  3     0.08266254
1996 11  4     0.05804915
1996 11  5     0.04065341
1996 11  6     0.03016357
1996 11  7     0.02577501
1996 11  8     0.02977878
1996 11  9     0.03316478
1996 11 10     0.03299571
1996 11 11     0.03468572
1996 11 12     0.03852497
1996 11 13     0.03990737
1996 11 14     0.04009552
1996 11 15     0.03571554
1996 11 16     0.06302421
1996 11 17     1.25854328
1996 11 18     4.83642035
1996 11 19     3.19648979
1996 11 20     2.51016680
1996 11 21     2.27129718
1996 11 22     4.45845223
1996 11 23     3.85328607
1996 11 24     1.78870152
1996 11 25     1.44859105
1996 11 26     1.03377108
1996 11 27     0.74441879
1996 11 28     0.61085079
1996 11 29     0.52777245
1996 11 30     0.64792322
1996 12  1     1.70597628
1996 12  2     1.74978512
1996 12  3     0.93172416
1996 12  4     1.08295404
1996 12  5    13.50661782
1996 12  6    10.65008500
1996 12  7     4.38967392
1996 12  8     2.29454881
1996 12  9     3.03450637
1996 12 10    11.60003317
1996 12 11    14.03273026
1996 12 12    21.26441599
1996 12 13    18.00867362
1996 12 14     8.84029122
1996 12 15     4.92729876
1996 12 16     3.87742600
1996 12 17     3.25904277
1996 12 18     2.83220387
1996 12 19     2.53169493
1996 12 20     2.33662943
1996 12 21    15.74865260
1996 12 22    19.66663097
1996 12 23    10.79859675
1996 12 24     5.68683764
1996 12 25     4.08886598
1996 12 26     8.13556534
1996 12 27    22.30716785
1996 12 28    16.22084197
1996 12 29    13.17541933
1996 12 30    20.68775088
1996 12 31    22.82928796
1997  1  1    40.91499264
1997  1  2    66.14280603
1997  1  3    58.55411445
1997  1  4    26.22023425
1997  1  5    13.00574541
1997  1  6    10.10131998
1997  1  7     8.58364945
1997  1  8     7.53690252
1997  1  9     6.78235284
1997  1 10     6.21718843
1997  1 11     5.81551843
1997  1 12     5.56957284
1997  1 13     5.29418921
1997  1 14     4.93414744
1997  1 15     4.76139437
1997  1 16     4.53209912
1997  1 17     4.33342077
1997  1 18     4.17329762
1997  1 19     4.41074958
1997  1 20     7.81749385
1997  1 21    13.68875127
1997  1 22    21.28753640
1997  1 23    32.97715914
1997  1 24    18.00957155
1997  1 25    20.52167395
1997  1 26    31.42287348
1997  1 27    26.46230524
1997  1 28    13.97034618
1997  1 29     9.30378004
1997  1 30     7.09940319
1997  1 31     6.22918134
1997  2  1     5.84622531
1997  2  2     5.34769989
1997  2  3     4.94622453
1997  2  4     4.75595850
1997  2  5     4.70247652
1997  2  6     4.35876521
1997  2  7     4.22515993
1997  2  8     4.74173864
1997  2  9     4.22785322
1997  2 10     3.87961696
1997  2 11     3.68655634
1997  2 12     3.52029272
1997  2 13     3.39141036
1997  2 14     3.29420727
1997  2 15     3.25072303
1997  2 16     3.27654611
1997  2 17     4.76772223
1997  2 18     4.18519699
1997  2 19     3.24157443
1997  2 20     3.24555181
1997  2 21     2.94160408
1997  2 22     2.76921547
1997  2 23     2.66003189
1997  2 24     2.56177932
1997  2 25     2.48579086
1997  2 26     2.44951714
1997  2 27     2.90141715
1997  2 28     2.82845146
1997  3  1     2.58347483
1997  3  2     3.44278782
1997  3  3     3.57511352
1997  3  4     2.68913084
1997  3  5     2.37545582
1997  3  6     2.30654197
1997  3  7     2.22790780
1997  3  8     2.14755835
1997  3  9     2.13050372
1997  3 10     2.17905910
1997  3 11     2.25200548
1997  3 12     2.22272482
1997  3 13     2.08500010
1997  3 14     2.02291346
1997  3 15     2.07806066
1997  3 16     2.28790739
1997  3 17     2.90105208
1997  3 18     2.55710035
1997  3 19     2.35669099
1997  3 20     2.44683936
1997  3 21     2.46148545
1997  3 22     2.38988584
1997  3 23     2.34618547
1997  3 24     2.31091812
1997  3 25     2.24599866
1997  3 26     2.24361181
1997  3 27     2.29998003
1997  3 28     2.21637462
1997  3 29     1.99534887
1997  3 30     1.93980666
1997  3 31     2.22201017
1997  4  1     1.98537019
1997  4  2     1.61890879
1997  4  3     1.50807227
1997  4  4     1.40493320
1997  4  5     1.33527485
1997  4  6     1.28800642
1997  4  7     1.24069852
1997  4  8     1.22776562
1997  4  9     1.25029281
1997  4 10     1.18756926
1997  4 11     1.10608145
1997  4 12     1.06994792
1997  4 13     1.06326894
1997  4 14     1.11128548
1997  4 15     1.25529763
1997  4 16     1.45530036
1997  4 17     1.57430553
1997  4 18     1.82665546
1997  4 19     4.67226968
1997  4 20     4.09899355
1997  4 21     2.69119675
1997  4 22     2.71555580
1997  4 23     3.41293060
1997  4 24     2.75624765
1997  4 25     1.92409831
1997  4 26     1.89593915
1997  4 27     1.92761708
1997  4 28     1.81222703
1997  4 29     1.56686817
1997  4 30     1.36902579
1997  5  1     1.31463764
1997  5  2     1.26381766
1997  5  3     1.33284922
1997  5  4     1.51116578
1997  5  5     1.58023456
1997  5  6     1.58794864
1997  5  7     1.61216825
1997  5  8     1.88087729
1997  5  9     1.97065294
1997  5 10     1.84102774
1997  5 11     1.81703119
1997  5 12     1.78554335
1997  5 13     1.66271375
1997  5 14     1.48325067
1997  5 15     1.37930226
1997  5 16     1.31177513
1997  5 17     1.38008596
1997  5 18     1.31993705
1997  5 19     1.15593831
1997  5 20     1.09990596
1997  5 21     1.03348019
1997  5 22     0.96323197
1997  5 23     1.27228636
1997  5 24     1.51187766
1997  5 25     1.12902189
1997  5 26     0.82747437
1997  5 27     0.74231485
1997  5 28     0.71055944
1997  5 29     0.70900177
1997  5 30     0.70969808
1997  5 31     0.71709049
1997  6  1     0.69302322
1997  6  2     0.66641045
1997  6  3     0.76007885
1997  6  4     1.43540809
1997  6  5     1.49492727
1997  6  6     1.04615750
1997  6  7     0.74615677
1997  6  8     0.62493898
1997  6  9     0.69336842
1997  6 10     0.60762428
1997  6 11     0.48882085
1997  6 12     0.52816443
1997  6 13     0.80569442
1997  6 14     1.06971311
1997  6 15     1.13105469
1997  6 16     0.75499331
1997  6 17     0.56020467
1997  6 18     0.50477852
1997  6 19     0.44741837
1997  6 20     0.41744023
1997  6 21     0.39670659
1997  6 22     0.38171233
1997  6 23     0.36645066
1997  6 24     0.34544678
1997  6 25     0.32518657
1997  6 26     0.30860633
1997  6 27     0.29903725
1997  6 28     0.29279731
1997  6 29     0.28924862
1997  6 30     0.30601788
1997  7  1     0.29712554
1997  7  2     0.26415141
1997  7  3     0.24193744
1997  7  4     0.22783620
1997  7  5     0.21834054
1997  7  6     0.21246000
1997  7  7     0.20482345
1997  7  8     0.19674562
1997  7  9     0.18981861
1997  7 10     0.18487419
1997  7 11     0.18112578
1997  7 12     0.17555241
1997  7 13     0.16927130
1997  7 14     0.16286040
1997  7 15     0.15739194
1997  7 16     0.15277595
1997  7 17     0.14911273
1997  7 18     0.14549355
1997  7 19     0.14036898
1997  7 20     0.13535364
1997  7 21     0.13124253
1997  7 22     0.12731231
1997  7 23     0.12337178
1997  7 24     0.12039560
1997  7 25     0.11679984
1997  7 26     0.11289301
1997  7 27     0.10966764
1997  7 28     0.11133828
1997  7 29     0.10876323
1997  7 30     0.10366974
1997  7 31     0.09836076
1997  8  1     0.09477125
1997  8  2     0.09185026
1997  8  3     0.08859845
1997  8  4     0.08488602
1997  8  5     0.08139753
1997  8  6     0.07774647
1997  8  7     0.07447523
1997  8  8     0.07181671
1997  8  9     0.07009343
1997  8 10     0.06940090
1997  8 11     0.06924196
1997  8 12     0.06716106
1997  8 13     0.06414955
1997  8 14     0.06125415
1997  8 15     0.05886600
1997  8 16     0.05749014
1997  8 17     0.05661245
1997  8 18     0.05522449
1997  8 19     0.09087398
1997  8 20     0.22617213
1997  8 21     0.16121886
1997  8 22     0.08732571
1997  8 23     0.06068992
1997  8 24     0.05109495
1997  8 25     0.04705299
1997  8 26     0.04508715
1997  8 27     0.04345139
1997  8 28     0.04196468
1997  8 29     0.04082300
1997  8 30     0.03924889
1997  8 31     0.03705469
1997  9  1     0.03580289
1997  9  2     0.04299178
1997  9  3     0.04199804
1997  9  4     0.03301681
1997  9  5     0.03288858
1997  9  6     0.03210847
1997  9  7     0.02943057
1997  9  8     0.02786007
1997  9  9     0.02696460
1997  9 10     0.02625569
1997  9 11     0.02655726
1997  9 12     0.02629263
1997  9 13     0.02505336
1997  9 14     0.03159386
1997  9 15     0.08622418
1997  9 16     0.06010860
1997  9 17     0.02999792
1997  9 18     0.03829328
1997  9 19     0.05795289
1997  9 20     0.03856331
1997  9 21     0.02164319
1997  9 22     0.01890783
1997  9 23     0.01763742
1997  9 24     0.01695882
1997  9 25     0.05365562
1997  9 26     0.04960232
1997  9 27     0.01603763
1997  9 28     0.01525337
1997  9 29     0.01459201
1997  9 30     0.01415597
1997 10  1     0.03719955
1997 10  2     0.36808525
1997 10  3     0.26862665
1997 10  4     0.08587848
1997 10  5     0.04540725
1997 10  6     0.03593719
1997 10  7     0.04426797
1997 10  8     0.24492203
1997 10  9     1.60281960
1997 10 10     1.14488171
1997 10 11     0.89321144
1997 10 12     0.49457423
1997 10 13     0.24214182
1997 10 14     0.12412304
1997 10 15     0.06570075
1997 10 16     0.03690300
1997 10 17     0.02148124
1997 10 18     0.01413049
1997 10 19     0.01251260
1997 10 20     0.01192077
1997 10 21     0.01148124
1997 10 22     0.01114118
1997 10 23     0.01098925
1997 10 24     0.01115551
1997 10 25     0.01107295
1997 10 26     0.01083147
1997 10 27     0.01036512
1997 10 28     0.01013773
1997 10 29     0.04982478
1997 10 30     0.04541809
1997 10 31     0.00884326
1997 11  1     0.00827948
1997 11  2     0.00797533
1997 11  3     0.00763687
1997 11  4     0.00735530
1997 11  5     0.00738571
1997 11  6     0.00736666
1997 11  7     0.12126876
1997 11  8     0.07933836
1997 11  9     0.03707832
1997 11 10     0.05768467
1997 11 11     0.17573197
1997 11 12     0.15331025
1997 11 13     0.26278844
1997 11 14     0.68784515
1997 11 15     0.55063975
1997 11 16     0.40465731
1997 11 17     0.34187137
1997 11 18     0.31179623
1997 11 19     0.64737272
1997 11 20     0.49354718
1997 11 21     0.27129575
1997 11 22     0.24239437
1997 11 23     0.34341855
1997 11 24     0.36664885
1997 11 25     0.93277276
1997 11 26     4.07589276
1997 11 27     3.52090327
1997 11 28     1.68569207
1997 11 29     0.91252027
1997 11 30     0.76301684
1997 12  1     0.50306592
1997 12  2     0.35058508
1997 12  3     0.26172079
1997 12  4     0.21847760
1997 12  5     0.42768045
1997 12  6     1.48209002
1997 12  7     5.29967289
1997 12  8     6.95883630
1997 12  9     3.17458566
1997 12 10     1.48399057
1997 12 11     1.08590886
1997 12 12     0.82453802
1997 12 13     0.65908973
1997 12 14     1.27436816
1997 12 15     1.76001385
1997 12 16     0.95186165
1997 12 17     0.71223724
1997 12 18     0.58815886
1997 12 19     0.48133635
1997 12 20     0.43289188
1997 12 21     0.39475590
1997 12 22     0.36505915
1997 12 23     0.34279560
1997 12 24     0.32503864
1997 12 25     0.30999701
1997 12 26     0.29695838
1997 12 27     0.28500584
1997 12 28     0.27434227
1997 12 29     0.26548103
1997 12 30     0.25872203
1997 12 31     0.25192847
1998  1  1     0.37005359
1998  1  2     3.11154852
1998  1  3     3.82348170
1998  1  4     3.67336982
1998  1  5     2.62057351
1998  1  6     1.40560577
1998  1  7     1.41096774
1998  1  8     1.00780890
1998  1  9     1.17384532
1998  1 10     3.15936535
1998  1 11     7.23264446
1998  1 12    15.91966626
1998  1 13    12.02986608
1998  1 14     7.31368852
1998  1 15    15.59047382
1998  1 16    14.07632276
1998  1 17    11.02205590
1998  1 18     7.99227052
1998  1 19    11.41030983
1998  1 20    10.01063519
1998  1 21     4.94661844
1998  1 22     3.53583495
1998  1 23     3.03293624
1998  1 24     2.67626423
1998  1 25     2.41985589
1998  1 26     2.27948494
1998  1 27     2.50607657
1998  1 28     2.25054435
1998  1 29     9.29010966
1998  1 30     6.56841883
1998  1 31     3.35612359
1998  2  1     4.40844679
1998  2  2    13.31786941
1998  2  3    25.16537517
1998  2  4    14.64820141
1998  2  5     6.96898065
1998  2  6    10.61737503
1998  2  7    15.24364087
1998  2  8    13.57737199
1998  2  9    10.65785123
1998  2 10     6.16394034
1998  2 11     8.64793911
1998  2 12     6.97288117
1998  2 13     7.82551474
1998  2 14    10.38625993
1998  2 15     9.72427708
1998  2 16     5.44270304
1998  2 17     7.08392494
1998  2 18     4.76457846
1998  2 19     5.38481577
1998  2 20     7.59528360
1998  2 21     6.02492060
1998  2 22     8.00765903
1998  2 23     6.87487782
1998  2 24     7.00080842
1998  2 25     4.35997936
1998  2 26     3.39652269
1998  2 27     3.13881836
1998  2 28     2.96224239
1998  3  1     2.83921399
1998  3  2     2.88182653
1998  3  3     3.75926416
1998  3  4     3.11219323
1998  3  5     2.80253241
1998  3  6     6.64018839
1998  3  7     3.94322832
1998  3  8     3.96333538
1998  3  9     3.32694800
1998  3 10     2.84331232
1998  3 11     2.90433850
1998  3 12     2.89201497
1998  3 13     3.08777275
1998  3 14     3.03410608
1998  3 15     2.94562541
1998  3 16     3.01805322
1998  3 17     2.82381329
1998  3 18     2.73497186
1998  3 19     2.72199404
1998  3 20     2.81352630
1998  3 21     3.01150165
1998  3 22     4.22980906
1998  3 23     6.83022011
1998  3 24    21.94010742
1998  3 25    23.80652574
1998  3 26    11.44115994
1998  3 27     7.50772446
1998  3 28     7.04710122
1998  3 29     5.64621256
1998  3 30     4.92944436
1998  3 31     5.73466721
1998  4  1     5.41938391
1998  4  2     4.24338624
1998  4  3     9.07130856
1998  4  4     7.08231514
1998  4  5     5.67118094
1998  4  6     6.13593908
1998  4  7     6.72197113
1998  4  8     4.50400956
1998  4  9     3.60172262
1998  4 10     3.53672215
1998  4 11     3.89625298
1998  4 12     5.22301061
1998  4 13    10.91612877
1998  4 14     8.47689016
1998  4 15     4.67432413
1998  4 16     3.69546749
1998  4 17     3.39167326
1998  4 18     3.41400582
1998  4 19     3.58195311
1998  4 20     3.99867119
1998  4 21     4.61888611
1998  4 22     5.00134656
1998  4 23     6.10095337
1998  4 24     7.02650994
1998  4 25     4.79871112
1998  4 26     3.90603203
1998  4 27     3.92018763
1998  4 28     4.01509480
1998  4 29     4.22640679
1998  4 30     4.40399689
1998  5  1     4.84287044
1998  5  2     7.73790448
1998  5  3     8.82822608
1998  5  4     7.52044510
1998  5  5     6.64674963
1998  5  6     9.40710965
1998  5  7     7.51061565
1998  5  8     5.15707643
1998  5  9     4.87109870
1998  5 10     4.34919894
1998  5 11     3.88625901
1998  5 12     6.44916240
1998  5 13     8.59550134
1998  5 14     5.63833717
1998  5 15     3.88640827
1998  5 16     3.85090445
1998  5 17     3.88506106
1998  5 18     3.30016063
1998  5 19     3.10737760
1998  5 20     3.09975216
1998  5 21     2.88327854
1998  5 22     2.71395083
1998  5 23     2.82852066
1998  5 24     2.92118058
1998  5 25     5.14009795
1998  5 26     5.17816205
1998  5 27     4.30366386
1998  5 28     5.01582519
1998  5 29     8.98597024
1998  5 30     5.38076923
1998  5 31     3.73155213
1998  6  1     4.06993109
1998  6  2     4.34475279
1998  6  3     4.14839775
1998  6  4     3.76956755
1998  6  5     3.61098967
1998  6  6     4.22272048
1998  6  7     5.92656971
1998  6  8     5.38367042
1998  6  9     4.26058243
1998  6 10     4.10390920
1998  6 11     4.28566525
1998  6 12     3.95657603
1998  6 13     4.14505617
1998  6 14     4.03045336
1998  6 15     3.56515247
1998  6 16     3.47365626
1998  6 17     3.21536140
1998  6 18     3.04602944
1998  6 19     3.08614725
1998  6 20     3.03815520
1998  6 21     2.90752124
1998  6 22     2.68575226
1998  6 23     2.43712807
1998  6 24     2.26328607
1998  6 25     2.17629860
1998  6 26     2.11781647
1998  6 27     2.01581343
1998  6 28     1.86342703
1998  6 29     1.74027607
1998  6 30     1.67595815
1998  7  1     1.63334622
1998  7  2     1.58007508
1998  7  3     1.52270100
1998  7  4     1.47426050
1998  7  5     1.38149169
1998  7  6     1.26359687
1998  7  7     1.18544386
1998  7  8     1.13191032
1998  7  9     1.08443963
1998  7 10     1.04671470
1998  7 11     1.01758060
1998  7 12     0.97906693
1998  7 13     0.93711993
1998  7 14     0.90437705
1998  7 15     0.87267625
1998  7 16     0.83319862
1998  7 17     0.79801495
1998  7 18     0.76933107
1998  7 19     0.74415625
1998  7 20     0.71964319
1998  7 21     0.70371833
1998  7 22     0.68438062
1998  7 23     0.66688880
1998  7 24     0.64788370
1998  7 25     0.62532260
1998  7 26     0.60300723
1998  7 27     0.58254308
1998  7 28     0.56321062
1998  7 29     0.54808908
1998  7 30     0.54303617
1998  7 31     0.53340567
1998  8  1     0.50744060
1998  8  2     0.48349732
1998  8  3     0.45871478
1998  8  4     0.43794725
1998  8  5     0.42164207
1998  8  6     0.40938361
1998  8  7     0.40358366
1998  8  8     0.39932970
1998  8  9     0.39042504
1998  8 10     0.37449392
1998  8 11     0.35789134
1998  8 12     0.34311221
1998  8 13     0.33021398
1998  8 14     0.32009056
1998  8 15     0.32636028
1998  8 16     0.31719203
1998  8 17     0.30208472
1998  8 18     0.30056835
1998  8 19     0.29535983
1998  8 20     0.28718773
1998  8 21     0.27655176
1998  8 22     0.26449492
1998  8 23     0.25345606
1998  8 24     0.24379745
1998  8 25     0.23566376
1998  8 26     0.23014524
1998  8 27     0.22234601
1998  8 28     0.21376385
1998  8 29     0.20545570
1998  8 30     0.19852025
1998  8 31     0.19212741
1998  9  1     0.18642617
1998  9  2     0.18103987
1998  9  3     0.18388138
1998  9  4     0.17900176
1998  9  5     0.32601898
1998  9  6     0.42384466
1998  9  7     0.27107988
1998  9  8     0.21548272
1998  9  9     0.33101394
1998  9 10     0.34082326
1998  9 11     0.18925677
1998  9 12     0.15753447
1998  9 13     0.14635576
1998  9 14     0.13086126
1998  9 15     0.12625042
1998  9 16     0.12273187
1998  9 17     0.11981980
1998  9 18     0.11910727
1998  9 19     0.11760100
1998  9 20     0.11352675
1998  9 21     0.11042902
1998  9 22     0.10783559
1998  9 23     0.10695430
1998  9 24     0.12795021
1998  9 25     0.12839329
1998  9 26     0.23046621
1998  9 27     0.43867504
1998  9 28     0.28182160
1998  9 29     0.21200493
1998  9 30     0.18749451
1998 10  1     0.10927876
1998 10  2     0.09271434
1998 10  3     0.09078208
1998 10  4     0.09019969
1998 10  5     0.08202349
1998 10  6     0.07564901
1998 10  7     0.07276400
1998 10  8     0.07119740
1998 10  9     0.07068003
1998 10 10     0.07034265
1998 10 11     0.06918204
1998 10 12     0.06567633
1998 10 13     0.06193189
1998 10 14     0.06070805
1998 10 15     0.06103481
1998 10 16     0.06080334
1998 10 17     0.05943995
1998 10 18     0.05668584
1998 10 19     0.05214058
1998 10 20     0.04940141
1998 10 21     0.04973953
1998 10 22     0.04846446
1998 10 23     0.04576045
1998 10 24     0.40618044
1998 10 25     0.67977577
1998 10 26     0.45062533
1998 10 27     0.21489221
1998 10 28     0.12122123
1998 10 29     0.12300699
1998 10 30     0.17489020
1998 10 31     0.14688693
1998 11  1     0.32019294
1998 11  2     0.28480383
1998 11  3     0.15286107
1998 11  4     0.10776518
1998 11  5     0.10642419
1998 11  6     0.18346092
1998 11  7     0.82952111
1998 11  8     0.79939010
1998 11  9     0.39803977
1998 11 10     0.30382640
1998 11 11     0.50754925
1998 11 12     0.32701189
1998 11 13     0.18957868
1998 11 14     0.13273167
1998 11 15     0.10484982
1998 11 16     0.19767633
1998 11 17     1.13604367
1998 11 18     0.65067388
1998 11 19     0.29223943
1998 11 20     0.20490888
1998 11 21     0.43861820
1998 11 22     1.07458465
1998 11 23     2.36679190
1998 11 24     2.82985336
1998 11 25     1.38380110
1998 11 26     0.72050189
1998 11 27     1.47987580
1998 11 28     1.60920088
1998 11 29     2.60233824
1998 11 30     6.99605017
1998 12  1     7.80547096
1998 12  2     4.80229812
1998 12  3     6.93426345
1998 12  4     5.29725892
1998 12  5     2.40629606
1998 12  6     2.25012961
1998 12  7     1.64107762
1998 12  8     1.37800050
1998 12  9     1.14585254
1998 12 10     0.99583048
1998 12 11     0.92600671
1998 12 12     0.87812771
1998 12 13     1.89858011
1998 12 14     2.26825413
1998 12 15     1.37848676
1998 12 16     0.97930347
1998 12 17     0.86903075
1998 12 18     0.78227752
1998 12 19     0.76176289
1998 12 20     0.71828584
1998 12 21     0.64911884
1998 12 22     0.61670930
1998 12 23     0.58542902
1998 12 24     0.55883060
1998 12 25     0.53777961
1998 12 26     0.53315933
1998 12 27     0.51854927
1998 12 28     0.50221277
1998 12 29     0.49027264
1998 12 30     0.48070701
1998 12 31     0.48370739
1999  1  1     0.45927935
1999  1  2     0.43391139
1999  1  3     0.41887674
1999  1  4     0.40157831
1999  1  5     0.38953868
1999  1  6     0.38061987
1999  1  7     0.37227417
1999  1  8     0.36290382
1999  1  9     0.34931438
1999  1 10     0.34184629
1999  1 11     0.33840996
1999  1 12     0.33512978
1999  1 13     0.32829063
1999  1 14     0.34316908
1999  1 15     1.40654433
1999  1 16     4.26984761
1999  1 17     5.12153733
1999  1 18     9.05716862
1999  1 19    18.19082861
1999  1 20    23.64057181
1999  1 21    15.92639025
1999  1 22     7.83822675
1999  1 23    13.27221299
1999  1 24     9.16816427
1999  1 25     7.30645662
1999  1 26     6.05795094
1999  1 27     4.07970551
1999  1 28     3.28602336
1999  1 29     2.88422111
1999  1 30     2.59986131
1999  1 31     3.56305058
1999  2  1     4.80450452
1999  2  2     3.01652811
1999  2  3     2.37120334
1999  2  4     2.22588302
1999  2  5     2.09170376
1999  2  6     4.85973181
1999  2  7    15.41110097
1999  2  8    24.09854082
1999  2  9    28.31541350
1999  2 10    14.38090494
1999  2 11     6.33011714
1999  2 12     4.87962974
1999  2 13     4.27069121
1999  2 14     3.96878845
1999  2 15     3.69596143
1999  2 16     7.44674250
1999  2 17    19.35195802
1999  2 18    13.07379286
1999  2 19     8.93991251
1999  2 20     6.12362425
1999  2 21    10.59310325
1999  2 22     9.83233901
1999  2 23     5.72318000
1999  2 24     4.60662437
1999  2 25     8.71338982
1999  2 26     6.21233839
1999  2 27     3.96953324
1999  2 28     5.46906851
1999  3  1    10.94679729
1999  3  2     7.33870117
1999  3  3    11.81586734
1999  3  4     7.91232832
1999  3  5     4.47697205
1999  3  6     3.94300369
1999  3  7     3.54949770
1999  3  8     3.41342887
1999  3  9     5.85767906
1999  3 10     4.01255382
1999  3 11     3.16156760
1999  3 12     3.10406302
1999  3 13     3.17472198
1999  3 14     3.24571301
1999  3 15     3.20633593
1999  3 16     3.00840708
1999  3 17     2.87511195
1999  3 18     2.91214133
1999  3 19     3.06173347
1999  3 20     3.20302686
1999  3 21     3.04855660
1999  3 22     2.76807442
1999  3 23     2.87893237
1999  3 24     2.66142961
1999  3 25     2.76764138
1999  3 26     2.73813627
1999  3 27     2.63907058
1999  3 28     2.44301474
1999  3 29     2.32116461
1999  3 30     2.65864040
1999  3 31     3.64535217
1999  4  1     2.64040133
1999  4  2     2.25572162
1999  4  3     2.22418124
1999  4  4     2.17614988
1999  4  5     3.09213171
1999  4  6     3.97835802
1999  4  7     2.67265093
1999  4  8     3.27557421
1999  4  9     3.69975657
1999  4 10     2.31932462
1999  4 11     3.69108000
1999  4 12     4.68423723
1999  4 13     4.46180831
1999  4 14     4.38978334
1999  4 15     4.29326132
1999  4 16     4.04896677
1999  4 17     3.88089604
1999  4 18     3.76247163
1999  4 19     3.86552243
1999  4 20     3.86750329
1999  4 21     3.55009928
1999  4 22     3.22443374
1999  4 23     2.88951900
1999  4 24     2.75356461
1999  4 25     2.77262301
1999  4 26     3.04743074
1999  4 27     3.08055297
1999  4 28     2.61563323
1999  4 29     2.23421087
1999  4 30     2.28698018
1999  5  1     2.48694456
1999  5  2     2.86506471
1999  5  3     5.06735135
1999  5  4     4.46376141
1999  5  5     3.16616923
1999  5  6     3.02265458
1999  5  7     3.29418737
1999  5  8     3.06433119
1999  5  9     2.56675835
1999  5 10     2.51387266
1999  5 11     2.91620843
1999  5 12     3.28741647
1999  5 13     3.12964002
1999  5 14     2.63333465
1999  5 15     2.21463879
1999  5 16     2.06484638
1999  5 17     2.23505917
1999  5 18     2.54006406
1999  5 19     2.78431191
1999  5 20     2.94880273
1999  5 21     3.04280369
1999  5 22     3.22979502
1999  5 23     3.42077247
1999  5 24     3.60921971
1999  5 25     3.86674751
1999  5 26     3.95201933
1999  5 27     3.80018893
1999  5 28     3.48919296
1999  5 29     3.20531862
1999  5 30     2.88516226
1999  5 31     2.65085548
1999  6  1     2.58013422
1999  6  2     2.58507966
1999  6  3     2.30734758
1999  6  4     1.84275827
1999  6  5     1.86313470
1999  6  6     2.05185181
1999  6  7     1.92121929
1999  6  8     1.69856503
1999  6  9     1.63387470
1999  6 10     1.67807072
1999  6 11     1.74701124
1999  6 12     1.84121054
1999  6 13     1.89742928
1999  6 14     1.77278331
1999  6 15     1.62187190
1999  6 16     1.50839367
1999  6 17     1.40765391
1999  6 18     1.35996741
1999  6 19     1.29815662
1999  6 20     1.20642991
1999  6 21     1.12450761
1999  6 22     1.01314734
1999  6 23     0.90337541
1999  6 24     0.85175137
1999  6 25     0.81988405
1999  6 26     0.78904233
1999  6 27     0.75257848
1999  6 28     0.71616102
1999  6 29     0.68137999
1999  6 30     0.64956072
1999  7  1     0.62316224
1999  7  2     0.60291916
1999  7  3     0.59360999
1999  7  4     0.58485648
1999  7  5     0.55961332
1999  7  6     0.53279305
1999  7  7     0.51536342
1999  7  8     0.49570277
1999  7  9     0.47878995
1999  7 10     0.46150214
1999  7 11     0.44347317
1999  7 12     0.42809091
1999  7 13     0.43702747
1999  7 14     0.45178732
1999  7 15     0.42184136
1999  7 16     0.38643871
1999  7 17     0.37679272
1999  7 18     0.36471741
1999  7 19     0.35418133
1999  7 20     0.34588737
1999  7 21     0.33551900
1999  7 22     0.32383179
1999  7 23     0.31337214
1999  7 24     0.30578194
1999  7 25     0.29529797
1999  7 26     0.28479675
1999  7 27     0.27551877
1999  7 28     0.26716571
1999  7 29     0.25940860
1999  7 30     0.25187430
1999  7 31     0.24449613
1999  8  1     0.23745467
1999  8  2     0.23060880
1999  8  3     0.22353508
1999  8  4     0.22076357
1999  8  5     0.22136822
1999  8  6     0.21761075
1999  8  7     0.20757316
1999  8  8     0.19667323
1999  8  9     0.19009973
1999  8 10     0.22513448
1999  8 11     0.21553988
1999  8 12     0.17798340
1999  8 13     0.16765276
1999  8 14     0.16321296
1999  8 15     0.15824392
1999  8 16     0.15217609
1999  8 17     0.14660269
1999  8 18     0.14189674
1999  8 19     0.13745520
1999  8 20     0.13324559
1999  8 21     0.12908981
1999  8 22     0.12380458
1999  8 23     0.11903846
1999  8 24     0.11573599
1999  8 25     0.11198937
1999  8 26     0.10910124
1999  8 27     0.14967211
1999  8 28     0.14027902
1999  8 29     0.10054880
1999  8 30     0.09933821
1999  8 31     0.09897170
1999  9  1     0.09711612
1999  9  2     0.09376487
1999  9  3     0.09051558
1999  9  4     0.08632691
1999  9  5     0.08206044
1999  9  6     0.07880771
1999  9  7     0.07580448
1999  9  8     0.07302414
1999  9  9     0.07319312
1999  9 10     0.07261328
1999  9 11     0.06835637
1999  9 12     0.06488463
1999  9 13     0.06293720
1999  9 14     0.06092825
1999  9 15     0.05900851
1999  9 16     0.05737956
1999  9 17     0.05559006
1999  9 18     0.05413533
1999  9 19     0.05840692
1999  9 20     0.05572791
1999  9 21     0.04947825
1999  9 22     0.04787240
1999  9 23     0.04650181
1999  9 24     0.04523110
1999  9 25     0.04371584
1999  9 26     0.04230248
1999  9 27     0.04107141
1999  9 28     0.03999529
1999  9 29     0.03880747
1999  9 30     0.03757438
1999 10  1     0.03643492
1999 10  2     0.03537347
1999 10  3     0.03433298
1999 10  4     0.03332405
1999 10  5     0.03294271
1999 10  6     0.04044484
1999 10  7     0.03687494
1999 10  8     0.03019851
1999 10  9     0.02872043
1999 10 10     0.02784688
1999 10 11     0.02702303
1999 10 12     0.02622879
1999 10 13     0.02545921
1999 10 14     0.02470605
1999 10 15     0.02398100
1999 10 16     0.02348698
1999 10 17     0.02277859
1999 10 18     0.02203601
1999 10 19     0.02133410
1999 10 20     0.02066436
1999 10 21     0.02005237
1999 10 22     0.01946231
1999 10 23     0.01888929
1999 10 24     0.01833625
1999 10 25     0.01779999
1999 10 26     0.01727270
1999 10 27     0.27885062
1999 10 28     1.76533532
1999 10 29     1.03851854
1999 10 30     0.36324698
1999 10 31     0.20421688
1999 11  1     0.11206544
1999 11  2     0.06423429
1999 11  3     0.04050525
1999 11  4     0.02783060
1999 11  5     0.02010621
1999 11  6     0.01596595
1999 11  7     0.18792806
1999 11  8     1.65317342
1999 11  9     0.88349186
1999 11 10     0.33678507
1999 11 11     0.19681023
1999 11 12     0.10442990
1999 11 13     0.05750593
1999 11 14     0.04639750
1999 11 15     0.10450154
1999 11 16     0.19772511
1999 11 17     1.01549589
1999 11 18     0.67523127
1999 11 19     0.78532540
1999 11 20     1.17458213
1999 11 21     0.63731374
1999 11 22     0.55636468
1999 11 23     0.31732491
1999 11 24     0.18609513
1999 11 25     0.10857849
1999 11 26     0.06205135
1999 11 27     0.04039508
1999 11 28     0.02847314
1999 11 29     0.20957437
1999 11 30     1.04377555
1999 12  1     1.15933769
1999 12  2     0.73043115
1999 12  3     0.39993804
1999 12  4     0.24499928
1999 12  5     0.15633219
1999 12  6     0.10342870
1999 12  7     0.08257250
1999 12  8     0.08641550
1999 12  9     0.13667038
1999 12 10     0.25720964
1999 12 11     0.12095149
1999 12 12     0.07848138
1999 12 13     0.27306756
1999 12 14     0.19970451
1999 12 15     0.08572716
1999 12 16     0.07636420
1999 12 17     0.06428860
1999 12 18     0.05690619
1999 12 19     0.05282748
1999 12 20     0.05083968
1999 12 21     0.04640245
1999 12 22     0.04365688
1999 12 23     0.04184826
1999 12 24     0.03948944
1999 12 25     0.03668758
1999 12 26     0.03491202
1999 12 27     0.03383257
1999 12 28     0.03268804
1999 12 29     0.03167743
1999 12 30     0.03071563
1999 12 31     0.02982334
2000  1  1     0.05757455
2000  1  2     0.04456188
2000  1  3     0.03661232
2000  1  4     0.03446665
2000  1  5     0.02998241
2000  1  6     0.02696462
2000  1  7     0.02546630
2000  1  8     0.02474016
2000  1  9     0.02523547
2000  1 10     0.02957771
2000  1 11     1.18456667
2000  1 12     1.46381920
2000  1 13     0.56496927
2000  1 14     0.34191760
2000  1 15     1.60520966
2000  1 16     3.39713155
2000  1 17     3.02219605
2000  1 18     7.72630217
2000  1 19     7.55297026
2000  1 20     5.78591863
2000  1 21     5.26087048
2000  1 22     3.63132743
2000  1 23     3.14504936
2000  1 24    15.23993533
2000  1 25    18.79822099
2000  1 26    11.96287099
2000  1 27     5.71920044
2000  1 28     3.35654308
2000  1 29     2.74966596
2000  1 30     3.14346130
2000  1 31     5.93422135
2000  2  1     3.76239221
2000  2  2     2.40137931
2000  2  3     2.94545766
2000  2  4     7.01285008
2000  2  5     4.67307124
2000  2  6     2.50072309
2000  2  7     2.19048401
2000  2  8     1.98198240
2000  2  9     1.90885668
2000  2 10     4.38240335
2000  2 11     6.30690279
2000  2 12    10.55247094
2000  2 13    16.26407377
2000  2 14    33.29048069
2000  2 15    26.11938946
2000  2 16    13.30108484
2000  2 17     8.64011148
2000  2 18     5.89871077
2000  2 19     4.65948120
2000  2 20     4.26317137
2000  2 21     4.61979741
2000  2 22     7.76787742
2000  2 23    15.75433244
2000  2 24     7.80802117
2000  2 25     4.31590476
2000  2 26     5.29673012
2000  2 27    22.00833768
2000  2 28    22.65478901
2000  2 29    12.66796715
2000  3  1     7.55505971
2000  3  2     5.45964353
2000  3  3     4.84217481
2000  3  4     4.26757631
2000  3  5     5.94942668
2000  3  6     7.87568207
2000  3  7     5.37870702
2000  3  8     6.86734127
2000  3  9     7.84523744
2000  3 10     5.22912556
2000  3 11     4.07519472
2000  3 12     3.84584998
2000  3 13     3.84178493
2000  3 14     3.87498073
2000  3 15     3.79441830
2000  3 16     3.49072401
2000  3 17     3.16599465
2000  3 18     3.12504937
2000  3 19     3.16860995
2000  3 20     2.83076192
2000  3 21     2.59339733
2000  3 22     2.57460629
2000  3 23     2.73115004
2000  3 24     2.73041461
2000  3 25     2.61849786
2000  3 26     2.66477086
2000  3 27     2.67749311
2000  3 28     2.51691050
2000  3 29     2.36581186
2000  3 30     2.25560233
2000  3 31     2.16056227
2000  4  1     2.15490782
2000  4  2     2.23487658
2000  4  3     2.36370964
2000  4  4     2.53096575
2000  4  5     2.51579611
2000  4  6     2.43208554
2000  4  7     2.34653054
2000  4  8     2.24493113
2000  4  9     2.15603051
2000  4 10     2.02123628
2000  4 11     1.99735519
2000  4 12     2.12526346
2000  4 13     3.74010694
2000  4 14     3.88802931
2000  4 15     2.65540079
2000  4 16     2.50148549
2000  4 17     3.84566940
2000  4 18     4.83521955
2000  4 19     3.14296613
2000  4 20     2.37578093
2000  4 21     2.25770098
2000  4 22     2.25261636
2000  4 23     2.14869553
2000  4 24     1.89587209
2000  4 25     1.86988821
2000  4 26     1.96989934
2000  4 27     2.09516402
2000  4 28     2.19583121
2000  4 29     1.86588720
2000  4 30     1.67631527
2000  5  1     1.86759759
2000  5  2     1.97168293
2000  5  3     1.84383256
2000  5  4     1.75041509
2000  5  5     1.71937269
2000  5  6     1.64484486
2000  5  7     2.98177780
2000  5  8     9.03021503
2000  5  9     6.00109249
2000  5 10     2.78181638
2000  5 11     2.37654395
2000  5 12     1.98631636
2000  5 13     1.82763146
2000  5 14     1.73085661
2000  5 15     3.10673428
2000  5 16     6.60534387
2000  5 17     4.82719940
2000  5 18     2.75841499
2000  5 19     2.19330814
2000  5 20     1.94734402
2000  5 21     1.75412357
2000  5 22     1.64585978
2000  5 23     1.58398114
2000  5 24     1.81110607
2000  5 25     1.72845356
2000  5 26     1.40938121
2000  5 27     1.32462265
2000  5 28     1.22505367
2000  5 29     1.14545375
2000  5 30     1.09474103
2000  5 31     1.05089798
2000  6  1     1.00650228
2000  6  2     0.96358646
2000  6  3     0.92387769
2000  6  4     0.88743487
2000  6  5     0.85718958
2000  6  6     0.83111744
2000  6  7     0.80558576
2000  6  8     1.60789477
2000  6  9     1.28471812
2000  6 10     0.94699143
2000  6 11     0.82934565
2000  6 12     0.75432759
2000  6 13     0.69881367
2000  6 14     0.65153546
2000  6 15     0.61898079
2000  6 16     0.59421361
2000  6 17     0.57341269
2000  6 18     0.56298174
2000  6 19     0.54875431
2000  6 20     0.52715564
2000  6 21     0.50415551
2000  6 22     0.48749082
2000  6 23     0.49122843
2000  6 24     0.47748132
2000  6 25     0.44658852
2000  6 26     0.43098335
2000  6 27     0.41395270
2000  6 28     0.39756686
2000  6 29     0.38422570
2000  6 30     0.37534956
2000  7  1     0.37136699
2000  7  2     0.36301297
2000  7  3     0.35810196
2000  7  4     0.35351575
2000  7  5     0.34078499
2000  7  6     0.33147771
2000  7  7     0.32041484
2000  7  8     0.31013991
2000  7  9     0.29773028
2000  7 10     0.28443149
2000  7 11     0.27164691
2000  7 12     0.26064013
2000  7 13     0.25436686
2000  7 14     0.24677726
2000  7 15     0.23514876
2000  7 16     0.22933248
2000  7 17     0.22646449
2000  7 18     0.22132156
2000  7 19     0.21028647
2000  7 20     0.19868544
2000  7 21     0.18949484
2000  7 22     0.18650702
2000  7 23     0.18096778
2000  7 24     0.17183236
2000  7 25     0.16507171
2000  7 26     0.16040677
2000  7 27     0.15917544
2000  7 28     0.15249370
2000  7 29     0.14549118
2000  7 30     0.14003034
2000  7 31     0.13420228
2000  8  1     0.12823950
2000  8  2     0.12427765
2000  8  3     0.13892936
2000  8  4     0.13472591
2000  8  5     0.11653003
2000  8  6     0.11246919
2000  8  7     0.10930871
2000  8  8     0.10675033
2000  8  9     0.10429697
2000  8 10     0.10167130
2000  8 11     0.09867614
2000  8 12     0.09440701
2000  8 13     0.09117971
2000  8 14     0.08860187
2000  8 15     0.08549384
2000  8 16     0.08210090
2000  8 17     0.07956259
2000  8 18     0.07839542
2000  8 19     0.07781136
2000  8 20     0.07592235
2000  8 21     0.07245728
2000  8 22     0.06926052
2000  8 23     0.06647016
2000  8 24     0.06469245
2000  8 25     0.06212444
2000  8 26     0.05978063
2000  8 27     0.05765271
2000  8 28     0.05531180
2000  8 29     0.05380371
2000  8 30     0.05376687
2000  8 31     0.05453366
2000  9  1     0.26625618
2000  9  2     1.06511116
2000  9  3     0.69616711
2000  9  4     0.30853305
2000  9  5     0.17771819
2000  9  6     0.10778506
2000  9  7     0.07463381
2000  9  8     0.05800875
2000  9  9     0.04906872
2000  9 10     0.04360685
2000  9 11     0.03993705
2000  9 12     0.03717482
2000  9 13     0.03495735
2000  9 14     0.03444938
2000  9 15     0.03425491
2000  9 16     0.03375329
2000  9 17     0.03257833
2000  9 18     0.03000733
2000  9 19     0.02824476
2000  9 20     0.02737415
2000  9 21     0.03018071
2000  9 22     0.04539805
2000  9 23     0.09275362
2000  9 24     0.07309757
2000  9 25     0.04822614
2000  9 26     0.03651992
2000  9 27     0.02886077
2000  9 28     0.02519959
2000  9 29     0.02229333
2000  9 30     0.02052370
2000 10  1     0.01974984
2000 10  2     0.01912407
2000 10  3     0.01882937
2000 10  4     0.01844274
2000 10  5     0.01773072
2000 10  6     0.01703178
2000 10  7     0.01647735
2000 10  8     0.01602018
2000 10  9     0.18276643
2000 10 10     1.45213442
2000 10 11     0.98975599
2000 10 12     0.67177246
2000 10 13     0.37437774
2000 10 14     0.20141837
2000 10 15     0.11416061
2000 10 16     0.06620962
2000 10 17     0.04164807
2000 10 18     0.02803118
2000 10 19     0.02062459
2000 10 20     0.02497040
2000 10 21     0.03066863
2000 10 22     0.02521061
2000 10 23     0.01632363
2000 10 24     0.01471055
2000 10 25     0.08772417
2000 10 26     0.60290652
2000 10 27     0.46516152
2000 10 28     0.44535079
2000 10 29     2.46089489
2000 10 30     1.99525175
2000 10 31     0.85570730
2000 11  1     0.47864132
2000 11  2     0.28840163
2000 11  3     0.16085835
2000 11  4     0.09141587
2000 11  5     0.05834289
2000 11  6     0.04246795
2000 11  7     0.03442206
2000 11  8     0.03877850
2000 11  9     0.05607660
2000 11 10     0.10052865
2000 11 11     0.14756980
2000 11 12     0.12392218
2000 11 13     0.26393455
2000 11 14     0.37821939
2000 11 15     0.20394895
2000 11 16     0.12470940
2000 11 17     0.08804956
2000 11 18     0.06770353
2000 11 19     0.05811687
2000 11 20     0.05395296
2000 11 21     0.06806944
2000 11 22     0.06322598
2000 11 23     0.04697735
2000 11 24     0.04264682
2000 11 25     0.03711368
2000 11 26     0.03447631
2000 11 27     0.03207910
2000 11 28     0.09301687
2000 11 29     0.41624014
2000 11 30     0.72770981
2000 12  1     0.36637527
2000 12  2     0.16984623
2000 12  3     0.10527136
2000 12  4     0.06521479
2000 12  5     0.04438160
2000 12  6     0.03363925
2000 12  7     0.02853350
2000 12  8     0.03709716
2000 12  9     0.06750298
2000 12 10     0.11839672
2000 12 11     0.12600616
2000 12 12     0.72735461
2000 12 13     0.49564247
2000 12 14     1.26434454
2000 12 15     1.67968082
2000 12 16     0.84384515
2000 12 17     0.42346520
2000 12 18     0.29920356
2000 12 19     0.21247986
2000 12 20     0.16269520
2000 12 21     0.32358087
2000 12 22     0.28115314
2000 12 23     0.15856246
2000 12 24     0.13122787
2000 12 25     0.11597698
2000 12 26     0.10634554
2000 12 27     0.09839790
2000 12 28     0.09405874
2000 12 29     0.09088765
2000 12 30     0.08924289
2000 12 31     0.08618414
2001  1  1     0.08412935
2001  1  2     0.08381631
2001  1  3     0.08284667
2001  1  4     0.08121796
2001  1  5     0.08060967
2001  1  6     0.07977308
2001  1  7     0.07610202
2001  1  8     0.42937177
2001  1  9     0.36476969
2001  1 10     1.07451586
2001  1 11     3.38802428
2001  1 12     1.74426259
2001  1 13     0.73449458
2001  1 14     0.51562012
2001  1 15     0.36502006
2001  1 16     0.27158822
2001  1 17     0.21531629
2001  1 18     0.18172545
2001  1 19     0.17037838
2001  1 20     0.15119168
2001  1 21     0.14059195
2001  1 22     0.14201788
2001  1 23     0.81956684
2001  1 24     2.51130621
2001  1 25     1.65213530
2001  1 26     2.08701291
2001  1 27     1.00784577
2001  1 28     0.58126719
2001  1 29     0.79335014
2001  1 30     0.55118677
2001  1 31     0.40968474
2001  2  1     0.36555166
2001  2  2     0.33722492
2001  2  3     0.33926631
2001  2  4     0.36947323
2001  2  5     0.36894417
2001  2  6     0.33511140
2001  2  7     0.30641982
2001  2  8     0.22488169
2001  2  9     0.64474772
2001  2 10     1.18698453
2001  2 11     1.40020542
2001  2 12     1.59408427
2001  2 13     2.14842553
2001  2 14     1.05000580
2001  2 15     0.66630669
2001  2 16     0.59344623
2001  2 17     0.56526360
2001  2 18     1.19478237
2001  2 19     1.98154587
2001  2 20     4.16912095
2001  2 21     4.29743425
2001  2 22     3.71996100
2001  2 23     3.06767755
2001  2 24     2.13284196
2001  2 25     2.67510551
2001  2 26     2.27536500
2001  2 27     1.75926207
2001  2 28     1.50107670
2001  3  1     0.98719004
2001  3  2     1.59766227
2001  3  3     1.85243778
2001  3  4     3.81464223
2001  3  5     5.20273885
2001  3  6     3.54254611
2001  3  7     2.30714911
2001  3  8     1.81728562
2001  3  9     1.58275742
2001  3 10     1.48267624
2001  3 11     1.28571601
2001  3 12     1.25353423
2001  3 13     1.38489261
2001  3 14     1.49584410
2001  3 15     1.38005938
2001  3 16     1.24629938
2001  3 17     1.35202478
2001  3 18     1.53840297
2001  3 19     1.69347141
2001  3 20     1.74454063
2001  3 21     1.70920135
2001  3 22     1.69976881
2001  3 23     1.63132401
2001  3 24     2.03786103
2001  3 25     3.55221660
2001  3 26     2.74325657
2001  3 27     1.87258515
2001  3 28     1.88915327
2001  3 29     1.85364355
2001  3 30     1.72428537
2001  3 31     1.64937588
2001  4  1     1.57030167
2001  4  2     1.34706067
2001  4  3     1.12704269
2001  4  4     1.03689369
2001  4  5     0.98435351
2001  4  6     1.25082907
2001  4  7     2.68794174
2001  4  8     2.21702978
2001  4  9     3.00269670
2001  4 10     1.96324000
2001  4 11     2.03682879
2001  4 12     2.66300298
2001  4 13     1.80086340
2001  4 14     1.47820723
2001  4 15     1.51012077
2001  4 16     1.73756750
2001  4 17     1.97863187
2001  4 18     2.15144446
2001  4 19     4.16088250
2001  4 20     5.93508248
2001  4 21     6.03645684
2001  4 22     3.38339531
2001  4 23     2.63030229
2001  4 24     2.56671575
2001  4 25     2.73684436
2001  4 26     2.69101545
2001  4 27     2.43960747
2001  4 28     2.26154017
2001  4 29     1.99966620
2001  4 30     1.89272271
2001  5  1     1.97469757
2001  5  2     1.83567377
2001  5  3     1.57302084
2001  5  4     1.45888178
2001  5  5     1.49879197
2001  5  6     1.47850348
2001  5  7     1.42313828
2001  5  8     1.38529868
2001  5  9     1.28401843
2001  5 10     1.15946746
2001  5 11     1.05394597
2001  5 12     0.98989668
2001  5 13     0.94708380
2001  5 14     0.90919146
2001  5 15     0.89120632
2001  5 16     0.86727395
2001  5 17     0.82000907
2001  5 18     0.77097650
2001  5 19     0.74067585
2001  5 20     0.70884107
2001  5 21     0.67887240
2001  5 22     0.65331637
2001  5 23     0.63554955
2001  5 24     0.61605697
2001  5 25     0.59584366
2001  5 26     0.57940026
2001  5 27     0.56434025
2001  5 28     0.54972820
2001  5 29     0.53432771
2001  5 30     0.50900181
2001  5 31     0.48268795
2001  6  1     0.46677517
2001  6  2     0.46434348
2001  6  3     0.45931963
2001  6  4     0.44637450
2001  6  5     0.43042134
2001  6  6     0.41461184
2001  6  7     0.39617720
2001  6  8     0.37836900
2001  6  9     0.36787428
2001  6 10     0.35928715
2001  6 11     0.35064904
2001  6 12     0.34229402
2001  6 13     0.33285125
2001  6 14     0.31710218
2001  6 15     0.30249004
2001  6 16     0.29103584
2001  6 17     0.28189964
2001  6 18     0.27329113
2001  6 19     0.26494015
2001  6 20     0.25613081
2001  6 21     0.24749685
2001  6 22     0.24016415
2001  6 23     0.23402164
2001  6 24     0.22878814
2001  6 25     0.22987573
2001  6 26     0.24863045
2001  6 27     0.23029083
2001  6 28     0.21043745
2001  6 29     0.19972407
2001  6 30     0.19122972
2001  7  1     0.18480605
2001  7  2     0.17780048
2001  7  3     0.18831572
2001  7  4     0.18204521
2001  7  5     0.16195260
2001  7  6     0.15683115
2001  7  7     0.15368642
2001  7  8     0.14951815
2001  7  9     0.14392043
2001  7 10     0.17497968
2001  7 11     0.16716825
2001  7 12     0.13298052
2001  7 13     0.12887131
2001  7 14     0.12487513
2001  7 15     0.12162112
2001  7 16     0.11882884
2001  7 17     0.11608793
2001  7 18     0.11213339
2001  7 19     0.10812708
2001  7 20     0.10490136
2001  7 21     0.10191355
2001  7 22     0.09851824
2001  7 23     0.09410233
2001  7 24     0.08896734
2001  7 25     0.08512907
2001  7 26     0.08224055
2001  7 27     0.07996780
2001  7 28     0.07808829
2001  7 29     0.07629678
2001  7 30     0.07542798
2001  7 31     0.07386805
2001  8  1     0.07027292
2001  8  2     0.06693628
2001  8  3     0.06482334
2001  8  4     0.06357606
2001  8  5     0.06179725
2001  8  6     0.05936402
2001  8  7     0.05732960
2001  8  8     0.05563637
2001  8  9     0.07109815
2001  8 10     0.06821186
2001  8 11     0.05086028
2001  8 12     0.04936068
2001  8 13     0.04790565
2001  8 14     0.04649351
2001  8 15     0.04512302
2001  8 16     0.04379290
2001  8 17     0.04250198
2001  8 18     0.04124913
2001  8 19     0.04003321
2001  8 20     0.03885313
2001  8 21     0.03770783
2001  8 22     0.03659714
2001  8 23     0.03551949
2001  8 24     0.03447159
2001  8 25     0.03345446
2001  8 26     0.03246830
2001  8 27     0.03151122
2001  8 28     0.03058235
2001  8 29     0.02968085
2001  8 30     0.02880594
2001  8 31     0.02795681
2001  9  1     0.02713271
2001  9  2     0.02633291
2001  9  3     0.02555668
2001  9  4     0.02480333
2001  9  5     0.02407219
2001  9  6     0.02336260
2001  9  7     0.02267393
2001  9  8     0.02200556
2001  9  9     0.02135689
2001  9 10     0.02072734
2001  9 11     0.02011635
2001  9 12     0.01952337
2001  9 13     0.01894787
2001  9 14     0.01838934
2001  9 15     0.01784726
2001  9 16     0.01732117
2001  9 17     0.01681059
2001  9 18     0.01631505
2001  9 19     0.01583412
2001  9 20     0.01536737
2001  9 21     0.01491438
2001  9 22     0.01447474
2001  9 23     0.01404806
2001  9 24     0.01365905
2001  9 25     0.33004424
2001  9 26     0.23696981
2001  9 27     0.09250928
2001  9 28     0.05547920
2001  9 29     0.03314399
2001  9 30     0.01905176
2001 10  1     0.01252134
2001 10  2     0.01081812
2001 10  3     0.01041532
2001 10  4     0.01010830
2001 10  5     0.00981033
2001 10  6     0.00952115
2001 10  7     0.00924049
2001 10  8     0.00896810
2001 10  9     0.00870374
2001 10 10     0.00844718
2001 10 11     0.00819818
2001 10 12     0.00795652
2001 10 13     0.00772198
2001 10 14     0.00749435
2001 10 15     0.00727344
2001 10 16     0.00705903
2001 10 17     0.00685095
2001 10 18     0.00664900
2001 10 19     0.00645301
2001 10 20     0.00626279
2001 10 21     0.00607818
2001 10 22     0.00589901
2001 10 23     0.00572512
2001 10 24     0.00555636
2001 10 25     0.00539257
2001 10 26     0.00523361
2001 10 27     0.00507934
2001 10 28     0.00492961
2001 10 29     0.00709388
2001 10 30     0.35270418
2001 10 31     0.70250300
2001 11  1     0.40821627
2001 11  2     0.15883656
2001 11  3     0.08591301
2001 11  4     0.04617181
2001 11  5     0.02598707
2001 11  6     0.01477430
2001 11  7     0.00856884
2001 11  8     0.00503270
2001 11  9     0.00366568
2001 11 10     0.00335264
2001 11 11     0.18529444
2001 11 12     0.57200069
2001 11 13     2.23602083
2001 11 14     1.14127553
2001 11 15     0.45384628
2001 11 16     0.26174274
2001 11 17     0.14048731
2001 11 18     0.07357097
2001 11 19     0.03909252
2001 11 20     0.02197126
2001 11 21     0.62007451
2001 11 22     2.09914183
2001 11 23     1.45411885
2001 11 24     2.03478831
2001 11 25     1.72088534
2001 11 26     1.12638802
2001 11 27     0.60343526
2001 11 28     0.45541259
2001 11 29     0.84371077
2001 11 30     0.69475025
2001 12  1     1.01882969
2001 12  2     4.10894848
2001 12  3     4.50803183
2001 12  4     1.97578389
2001 12  5     2.39509791
2001 12  6     2.67423142
2001 12  7     1.45926596
2001 12  8     0.85533065
2001 12  9     0.92675308
2001 12 10     0.70418185
2001 12 11     0.47028030
2001 12 12     0.38217417
2001 12 13     0.54790471
2001 12 14     3.05156028
2001 12 15     1.64517034
2001 12 16     1.08494923
2001 12 17     3.19206090
2001 12 18     3.12198681
2001 12 19     1.52189262
2001 12 20     3.02930705
2001 12 21     3.69870719
2001 12 22     2.26990310
2001 12 23     3.53747759
2001 12 24     2.29725463
2001 12 25     1.21763206
2001 12 26     1.10283819
2001 12 27     0.84831353
2001 12 28     1.50565505
2001 12 29     4.44697813
2001 12 30     3.61089646
2001 12 31     7.43429053
2002  1  1     4.28369416
2002  1  2     5.56822888
2002  1  3     7.79516978
2002  1  4     4.16769309
2002  1  5     2.79514519
2002  1  6     4.05847074
2002  1  7     3.14732888
2002  1  8     1.85691037
2002  1  9     1.54147273
2002  1 10     1.36760883
2002  1 11     1.24411093
2002  1 12     1.16568850
2002  1 13     1.09295223
2002  1 14     1.01000762
2002  1 15     0.94766397
2002  1 16     0.90127676
2002  1 17     0.88642818
2002  1 18     0.83874633
2002  1 19     0.79426728
2002  1 20     0.77203299
2002  1 21     0.83962725
2002  1 22     0.88147486
2002  1 23     0.76732416
2002  1 24     0.74239126
2002  1 25     0.71117870
2002  1 26     3.50312788
2002  1 27     4.60714044
2002  1 28     2.79001842
2002  1 29     1.99073886
2002  1 30     1.23399342
2002  1 31     0.97221890
2002  2  1     0.88708598
2002  2  2     0.83502343
2002  2  3     0.83898417
2002  2  4     0.89064917
2002  2  5     0.86628277
2002  2  6     0.84478899
2002  2  7     1.59738088
2002  2  8     5.26998315
2002  2  9     3.21336277
2002  2 10     1.65570001
2002  2 11     1.55750443
2002  2 12     1.46636840
2002  2 13     1.35011731
2002  2 14     1.29613354
2002  2 15     1.21949868
2002  2 16     1.51806124
2002  2 17     4.62249831
2002  2 18     3.21108778
2002  2 19     5.16388273
2002  2 20    13.87482720
2002  2 21     7.52321024
2002  2 22     3.31325196
2002  2 23     2.79362579
2002  2 24     2.38122376
2002  2 25     2.16677247
2002  2 26     2.10095682
2002  2 27     2.04520296
2002  2 28     1.90546314
2002  3  1     1.66819128
2002  3  2     1.52753442
2002  3  3     1.45551463
2002  3  4     1.39863755
2002  3  5     1.90308527
2002  3  6     8.75989484
2002  3  7    15.14406713
2002  3  8     9.28802855
2002  3  9     4.24020005
2002  3 10     5.80345150
2002  3 11     4.92739903
2002  3 12     3.38464933
2002  3 13     2.62776218
2002  3 14     2.23206507
2002  3 15     2.15754806
2002  3 16     2.26241763
2002  3 17     2.03478815
2002  3 18     2.74826936
2002  3 19     2.20793441
2002  3 20     2.32518826
2002  3 21     2.45266635
2002  3 22     2.90259777
2002  3 23    10.29394007
2002  3 24    11.02448464
2002  3 25     6.79083901
2002  3 26     3.94224488
2002  3 27     3.28571374
2002  3 28     3.11870869
2002  3 29     3.04837877
2002  3 30     3.00393789
2002  3 31     2.91965483
2002  4  1     2.84163165
2002  4  2     2.76921442
2002  4  3     2.73455560
2002  4  4     2.69510525
2002  4  5     2.51807948
2002  4  6     2.31149288
2002  4  7     2.23391349
2002  4  8     2.26564551
2002  4  9     2.28896673
2002  4 10     2.30528863
2002  4 11     2.28088074
2002  4 12     2.24545269
2002  4 13     2.27169114
2002  4 14     2.36287980
2002  4 15     2.20874916
2002  4 16     1.90077066
2002  4 17     2.29038671
2002  4 18     2.30046954
2002  4 19     1.94262163
2002  4 20     1.78655175
2002  4 21     1.82473880
2002  4 22     2.02997434
2002  4 23     2.06112047
2002  4 24     2.00364599
2002  4 25     1.96297917
2002  4 26     1.96456072
2002  4 27     2.13143993
2002  4 28     1.75933119
2002  4 29     2.07278377
2002  4 30     2.21125582
2002  5  1     1.66321089
2002  5  2     1.50098636
2002  5  3     1.52456278
2002  5  4     1.55510750
2002  5  5     1.59338047
2002  5  6     1.53233859
2002  5  7     1.45550426
2002  5  8     1.33133896
2002  5  9     1.23279236
2002  5 10     1.18755194
2002  5 11     1.13888368
2002  5 12     1.13293973
2002  5 13     1.16233913
2002  5 14     1.18568091
2002  5 15     1.18411981
2002  5 16     1.17023269
2002  5 17     1.14628194
2002  5 18     1.08551535
2002  5 19     1.04163749
2002  5 20     2.10864469
2002  5 21     4.83909592
2002  5 22     2.86316129
2002  5 23     1.68595465
2002  5 24     1.48975555
2002  5 25     1.22316423
2002  5 26     1.01584530
2002  5 27     0.93122771
2002  5 28     0.86564318
2002  5 29     0.81144137
2002  5 30     0.76204282
2002  5 31     0.72109137
2002  6  1     0.69025153
2002  6  2     0.66958703
2002  6  3     0.64578128
2002  6  4     0.61734774
2002  6  5     0.58829224
2002  6  6     0.56443010
2002  6  7     0.54677614
2002  6  8     0.53277752
2002  6  9     0.52294097
2002  6 10     0.50542260
2002  6 11     0.48378860
2002  6 12     0.46253527
2002  6 13     0.44498723
2002  6 14     0.43235405
2002  6 15     0.42035460
2002  6 16     0.40719832
2002  6 17     0.39263074
2002  6 18     0.37924174
2002  6 19     0.36730642
2002  6 20     0.35424857
2002  6 21     0.34489586
2002  6 22     0.33706231
2002  6 23     0.32410449
2002  6 24     0.31231091
2002  6 25     0.29735338
2002  6 26     0.28295447
2002  6 27     0.27590291
2002  6 28     0.26782018
2002  6 29     0.25840995
2002  6 30     0.24907520
2002  7  1     0.23858624
2002  7  2     0.22848736
2002  7  3     0.22337778
2002  7  4     0.21808022
2002  7  5     0.21136432
2002  7  6     0.20388177
2002  7  7     0.19778452
2002  7  8     0.19178942
2002  7  9     0.18336277
2002  7 10     0.17517473
2002  7 11     0.16946044
2002  7 12     0.16454652
2002  7 13     0.16239821
2002  7 14     0.15844177
2002  7 15     0.15248024
2002  7 16     0.14841602
2002  7 17     0.15205660
2002  7 18     0.16827397
2002  7 19     0.15953084
2002  7 20     0.13626680
2002  7 21     0.12712698
2002  7 22     0.12418192
2002  7 23     0.12130214
2002  7 24     0.11734024
2002  7 25     0.11314405
2002  7 26     0.10950266
2002  7 27     0.10549866
2002  7 28     0.10148895
2002  7 29     0.09828882
2002  7 30     0.09504281
2002  7 31     0.09216282
2002  8  1     0.08898623
2002  8  2     0.08707110
2002  8  3     0.08578864
2002  8  4     0.08460678
2002  8  5     0.08336582
2002  8  6     0.08153256
2002  8  7     0.07857246
2002  8  8     0.07386353
2002  8  9     0.06893784
2002  8 10     0.06554122
2002  8 11     0.06332360
2002  8 12     0.06105361
2002  8 13     0.05902743
2002  8 14     0.05727821
2002  8 15     0.05558657
2002  8 16     0.05394954
2002  8 17     0.05236537
2002  8 18     0.05098656
2002  8 19     0.05013772
2002  8 20     0.05032989
2002  8 21     0.05006663
2002  8 22     0.04851269
2002  8 23     0.04681309
2002  8 24     0.04509230
2002  8 25     0.04314377
2002  8 26     0.04104650
2002  8 27     0.03908891
2002  8 28     0.03768959
2002  8 29     0.03657509
2002  8 30     0.03549325
2002  8 31     0.03444518
2002  9  1     0.03342508
2002  9  2     0.03243354
2002  9  3     0.03147588
2002  9  4     0.03054805
2002  9  5     0.03003198
2002  9  6     0.03181756
2002  9  7     0.03275087
2002  9  8     0.03041874
2002  9  9     0.02710078
2002  9 10     0.02557178
2002  9 11     0.02478775
2002  9 12     0.02405130
2002  9 13     0.02333878
2002  9 14     0.02264850
2002  9 15     0.02198088
2002  9 16     0.02163375
2002  9 17     0.02088480
2002  9 18     0.02010712
2002  9 19     0.01951040
2002  9 20     0.01892864
2002  9 21     0.01836871
2002  9 22     0.01782725
2002  9 23     0.01730174
2002  9 24     0.01679173
2002  9 25     0.01629675
2002  9 26     0.01581636
2002  9 27     0.01535014
2002  9 28     0.01507276
2002  9 29     0.01538538
2002  9 30     0.01525152
2002 10  1     0.01552168
2002 10  2     0.01559651
2002 10  3     0.01457357
2002 10  4     0.01307436
2002 10  5     0.01285599
2002 10  6     0.01226673
2002 10  7     0.01138069
2002 10  8     0.01104521
2002 10  9     0.01071962
2002 10 10     0.01040363
2002 10 11     0.01010014
2002 10 12     0.00980407
2002 10 13     0.00951223
2002 10 14     0.00923012
2002 10 15     0.00895804
2002 10 16     0.00869398
2002 10 17     0.00843770
2002 10 18     0.00818898
2002 10 19     0.00794759
2002 10 20     0.00771332
2002 10 21     0.00748595
2002 10 22     0.00726956
2002 10 23     0.00710911
2002 10 24     0.00709366
2002 10 25     0.00723684
2002 10 26     0.00675390
2002 10 27     0.00628176
2002 10 28     0.00607730
2002 10 29     0.00620293
2002 10 30     0.00634347
2002 10 31     0.00613663
2002 11  1     0.00619352
2002 11  2     0.00593103
2002 11  3     0.00528503
2002 11  4     0.00493560
2002 11  5     0.00478798
2002 11  6     0.04940306
2002 11  7     0.81491180
2002 11  8     2.59150370
2002 11  9     2.67817364
2002 11 10     2.37009616
2002 11 11     1.53556829
2002 11 12     0.87962719
2002 11 13     0.48794010
2002 11 14     0.30476924
2002 11 15     0.18914351
2002 11 16     0.12625176
2002 11 17     0.09572746
2002 11 18     0.07841280
2002 11 19     0.06753548
2002 11 20     0.05992618
2002 11 21     0.05551057
2002 11 22     0.05286100
2002 11 23     0.05034578
2002 11 24     0.04828337
2002 11 25     0.04658269
2002 11 26     0.04488486
2002 11 27     0.04327007
2002 11 28     0.04176371
2002 11 29     0.04042814
2002 11 30     0.03932824
2002 12  1     0.03826865
2002 12  2     0.03708955
2002 12  3     0.03593720
2002 12  4     0.03480971
2002 12  5     0.03363555
2002 12  6     0.03293954
2002 12  7     0.03202657
2002 12  8     0.03094124
2002 12  9     0.10647756
2002 12 10     0.41898344
2002 12 11     0.30634506
2002 12 12     0.15919432
2002 12 13     1.61357542
2002 12 14     4.15545322
2002 12 15     5.45813048
2002 12 16     7.61436109
2002 12 17     5.84857919
2002 12 18     3.15388709
2002 12 19     2.33866921
2002 12 20     2.30025291
2002 12 21     2.76772014
2002 12 22     1.77432995
2002 12 23     1.70739538
2002 12 24     1.13830954
2002 12 25     0.82777945
2002 12 26     0.89022958
2002 12 27     2.93105871
2002 12 28     3.88525065
2002 12 29     5.73223145
2002 12 30     5.68620641
2002 12 31     3.94267702
2003  1  1     2.61078397
2003  1  2     1.45442635
2003  1  3     1.15232328
2003  1  4     0.97107546
2003  1  5     0.86910641
2003  1  6     0.80279870
2003  1  7     0.75470067
2003  1  8     0.71128644
2003  1  9     1.01841320
2003  1 10     3.22091882
2003  1 11     3.09806173
2003  1 12     1.88642644
2003  1 13     1.39886045
2003  1 14     1.14264944
2003  1 15     0.97214729
2003  1 16     0.89592848
2003  1 17     0.85667861
2003  1 18     0.81679195
2003  1 19     0.77389068
2003  1 20     0.74379880
2003  1 21     1.28112609
2003  1 22     2.41553767
2003  1 23     5.09414575
2003  1 24     4.34403708
2003  1 25     2.45768328
2003  1 26     1.68086254
2003  1 27     1.61113842
2003  1 28     1.87160700
2003  1 29     1.79206366
2003  1 30     1.39471541
2003  1 31     1.27657104
2003  2  1     1.44070322
2003  2  2     1.36423775
2003  2  3     1.10940575
2003  2  4     0.98888441
2003  2  5     0.93272595
2003  2  6     0.88018806
2003  2  7     0.83645787
2003  2  8     0.80016569
2003  2  9     0.77203859
2003  2 10     0.74593098
2003  2 11     0.72930513
2003  2 12     0.73174726
2003  2 13     3.14295403
2003  2 14     4.09267467
2003  2 15     2.34419486
2003  2 16     4.64171171
2003  2 17     3.03388952
2003  2 18     1.82622702
2003  2 19     1.57866839
2003  2 20     1.81925811
2003  2 21     1.40317467
2003  2 22     1.16228476
2003  2 23     1.07916577
2003  2 24     1.03155838
2003  2 25     1.06348642
2003  2 26     1.05956223
2003  2 27     1.47186098
2003  2 28     1.29786805
2003  3  1     1.01502963
2003  3  2     0.91685161
2003  3  3     0.83722701
2003  3  4     0.77995249
2003  3  5     0.75413417
2003  3  6     0.74962649
2003  3  7     0.72733189
2003  3  8     0.72129515
2003  3  9     0.75642554
2003  3 10     0.78941349
2003  3 11     0.77946122
2003  3 12     0.80000649
2003  3 13     0.87662662
2003  3 14     2.85638612
2003  3 15     8.10448595
2003  3 16     5.07253948
2003  3 17     3.76902118
2003  3 18     2.52602029
2003  3 19     2.06593332
2003  3 20     4.46667362
2003  3 21     2.82732652
2003  3 22     1.81061591
2003  3 23     4.14203569
2003  3 24     4.11392947
2003  3 25     2.92539893
2003  3 26     3.95012234
2003  3 27     3.05042957
2003  3 28     1.99243403
2003  3 29     1.69718693
2003  3 30     1.65929020
2003  3 31     1.70989542
2003  4  1     1.91872192
2003  4  2     2.81706146
2003  4  3     2.52784023
2003  4  4     2.86029497
2003  4  5     2.85236851
2003  4  6     1.79564690
2003  4  7     1.88015102
2003  4  8     4.03436836
2003  4  9     3.82445212
2003  4 10     3.53683663
2003  4 11     3.05895317
2003  4 12     3.78904326
2003  4 13    10.03591764
2003  4 14    10.43900149
2003  4 15     5.07537677
2003  4 16     3.03738020
2003  4 17     2.87158038
2003  4 18     2.98143120
2003  4 19     2.43519717
2003  4 20     2.07213305
2003  4 21     2.71413265
2003  4 22     3.11339210
2003  4 23     2.31862064
2003  4 24     3.43229281
2003  4 25     7.60966409
2003  4 26     9.51251783
2003  4 27     5.14489202
2003  4 28     7.15447213
2003  4 29     6.05252206
2003  4 30     4.51919574
2003  5  1     3.31873837
2003  5  2     2.92930850
2003  5  3     4.92166071
2003  5  4     6.80466529
2003  5  5     5.36940806
2003  5  6     3.34265394
2003  5  7     3.15529614
2003  5  8     4.15168943
2003  5  9     7.11437982
2003  5 10     4.60690922
2003  5 11     3.28125831
2003  5 12     3.22568981
2003  5 13     3.38362101
2003  5 14     3.56481971
2003  5 15     3.44171024
2003  5 16     3.16433940
2003  5 17     3.04143029
2003  5 18     2.87993008
2003  5 19     2.71701523
2003  5 20     2.79807824
2003  5 21     3.04830911
2003  5 22     3.21106870
2003  5 23     3.26110613
2003  5 24     3.17957024
2003  5 25     2.96184298
2003  5 26     2.73681015
2003  5 27     2.64718998
2003  5 28     2.62889999
2003  5 29     2.36111871
2003  5 30     1.98588374
2003  5 31     1.72518609
2003  6  1     1.55897780
2003  6  2     1.44966589
2003  6  3     1.35796428
2003  6  4     1.28379152
2003  6  5     1.22461287
2003  6  6     1.17376145
2003  6  7     1.12697869
2003  6  8     1.08043062
2003  6  9     1.04307704
2003  6 10     1.01309091
2003  6 11     0.98277520
2003  6 12     0.95185544
2003  6 13     0.91952665
2003  6 14     0.88489821
2003  6 15     0.84887146
2003  6 16     0.81174882
2003  6 17     0.77657428
2003  6 18     0.75209022
2003  6 19     0.73968537
2003  6 20     0.72321371
2003  6 21     0.70619794
2003  6 22     0.68364529
2003  6 23     0.67685666
2003  6 24     0.69454750
2003  6 25     0.64704828
2003  6 26     0.58470572
2003  6 27     0.55686755
2003  6 28     0.53564625
2003  6 29     0.52295283
2003  6 30     0.51473649
2003  7  1     0.50395471
2003  7  2     0.48833505
2003  7  3     0.47132937
2003  7  4     0.45266652
2003  7  5     0.43460298
2003  7  6     0.42196994
2003  7  7     0.41217423
2003  7  8     0.40199576
2003  7  9     0.38484611
2003  7 10     0.36966589
2003  7 11     0.35776451
2003  7 12     0.34698301
2003  7 13     0.33796783
2003  7 14     0.32736949
2003  7 15     0.31623858
2003  7 16     0.30600233
2003  7 17     0.29579533
2003  7 18     0.28577492
2003  7 19     0.27720181
2003  7 20     0.26862160
2003  7 21     0.26035101
2003  7 22     0.25228912
2003  7 23     0.24954363
2003  7 24     0.26491479
2003  7 25     0.25241065
2003  7 26     0.22797737
2003  7 27     0.22170247
2003  7 28     0.21089502
2003  7 29     0.20110089
2003  7 30     0.19481030
2003  7 31     0.20128086
2003  8  1     0.22602178
2003  8  2     0.40002691
2003  8  3     0.45605454
2003  8  4     0.32970802
2003  8  5     0.23274945
2003  8  6     0.19706671
2003  8  7     0.17725121
2003  8  8     0.16394308
2003  8  9     0.15452179
2003  8 10     0.14737314
2003  8 11     0.14204359
2003  8 12     0.13779215
2003  8 13     0.13329529
2003  8 14     0.12835746
2003  8 15     0.12344735
2003  8 16     0.11937499
2003  8 17     0.11498937
2003  8 18     0.11028159
2003  8 19     0.10677545
2003  8 20     0.10345422
2003  8 21     0.17561766
2003  8 22     0.31863076
2003  8 23     0.26766473
2003  8 24     0.16379304
2003  8 25     0.11147877
2003  8 26     0.10320807
2003  8 27     0.10008741
2003  8 28     0.09067217
2003  8 29     0.08250373
2003  8 30     0.07870638
2003  8 31     0.07551533
2003  9  1     0.18170027
2003  9  2     0.15693090
2003  9  3     0.08430699
2003  9  4     0.07868663
2003  9  5     0.08303094
2003  9  6     0.07463998
2003  9  7     0.06330350
2003  9  8     0.06277343
2003  9  9     0.06215211
2003  9 10     0.06023726
2003  9 11     0.05621844
2003  9 12     0.05230314
2003  9 13     0.05028964
2003  9 14     0.04876091
2003  9 15     0.04746620
2003  9 16     0.04740384
2003  9 17     0.04732488
2003  9 18     0.04563291
2003  9 19     0.04288316
2003  9 20     0.04075366
2003  9 21     0.03939378
2003  9 22     0.03822620
2003  9 23     0.03709531
2003  9 24     0.03599912
2003  9 25     0.03493554
2003  9 26     0.03390587
2003  9 27     0.03290453
2003  9 28     0.03193086
2003  9 29     0.03099060
2003  9 30     0.03008217
2003 10  1     0.02919542
2003 10  2     0.02834223
2003 10  3     0.02799701
2003 10  4     0.02707093
2003 10  5     0.02591215
2003 10  6     0.02514866
2003 10  7     0.02440469
2003 10  8     0.02368356
2003 10  9     0.02305947
2003 10 10     0.02288840
2003 10 11     0.02201400
2003 10 12     0.02105066
2003 10 13     0.02040035
2003 10 14     0.01980409
2003 10 15     0.01921931
2003 10 16     0.01865142
2003 10 17     0.01809691
2003 10 18     0.01755888
2003 10 19     0.01703999
2003 10 20     0.01653326
2003 10 21     0.01604200
2003 10 22     0.01557149
2003 10 23     0.01511484
2003 10 24     0.01467197
2003 10 25     0.01423962
2003 10 26     0.01381574
2003 10 27     0.01340635
2003 10 28     0.01301050
2003 10 29     0.01262650
2003 10 30     0.01425511
2003 10 31     0.09801769
2003 11  1     0.13411879
2003 11  2     0.11310318
2003 11  3     0.49702433
2003 11  4     0.28247756
2003 11  5     0.16384884
2003 11  6     0.10768614
2003 11  7     0.21330885
2003 11  8     0.36600832
2003 11  9     0.92913243
2003 11 10     0.81367131
2003 11 11     0.40912656
2003 11 12     0.22120616
2003 11 13     0.12643500
2003 11 14     0.17523392
2003 11 15     0.42207359
2003 11 16     0.44503216
2003 11 17     0.51193871
2003 11 18     0.29050009
2003 11 19     0.15858317
2003 11 20     0.09917788
2003 11 21     0.06450595
2003 11 22     0.04337150
2003 11 23     0.02809788
2003 11 24     0.01845169
2003 11 25     0.01421040
2003 11 26     0.01173672
2003 11 27     0.00982277
2003 11 28     0.01169479
2003 11 29     0.01686829
2003 11 30     0.02537221
2003 12  1     0.18063430
2003 12  2     0.43575593
2003 12  3     0.20425720
2003 12  4     0.10828395
2003 12  5     0.28880446
2003 12  6     0.89806735
2003 12  7     1.67720234
2003 12  8     1.26029189
2003 12  9     0.72579725
2003 12 10     1.69784934
2003 12 11     2.11354192
2003 12 12     1.33177026
2003 12 13     1.45602053
2003 12 14     1.86567560
2003 12 15     1.59682067
2003 12 16     0.80456002
2003 12 17     0.50996939
2003 12 18     0.36238436
2003 12 19     0.37173512
2003 12 20     1.15592940
2003 12 21     1.15171991
2003 12 22     0.73102137
2003 12 23     0.72662506
2003 12 24     3.19691899
2003 12 25     3.72470554
2003 12 26     2.23892011
2003 12 27     1.12421939
2003 12 28     0.88704684
2003 12 29     2.42243093
2003 12 30     3.34740711
2003 12 31     2.60564973
2004  1  1     3.68330285
2004  1  2     3.55625350
2004  1  3     1.78329064
2004  1  4     1.07582012
2004  1  5     0.87276360
2004  1  6     0.72410311
2004  1  7     2.21884001
2004  1  8     1.61682843
2004  1  9     1.00547343
2004  1 10     0.85831560
2004  1 11     0.80538681
2004  1 12     0.76913670
2004  1 13     0.72375480
2004  1 14     0.68450122
2004  1 15     0.64236600
2004  1 16     0.57767788
2004  1 17     0.54189464
2004  1 18     0.52084447
2004  1 19     0.48390084
2004  1 20     0.48073893
2004  1 21     0.44936400
2004  1 22     0.41363368
2004  1 23     0.44909762
2004  1 24     0.61662090
2004  1 25     0.56428595
2004  1 26     0.64615504
2004  1 27     1.45509681
2004  1 28     2.73758100
2004  1 29     1.62319131
2004  1 30     1.05597943
2004  1 31     0.80754175
2004  2  1     0.62258443
2004  2  2     1.26898784
2004  2  3     3.95693177
2004  2  4     2.37016479
2004  2  5     1.06535898
2004  2  6     0.83461473
2004  2  7     1.15657067
2004  2  8     0.79105220
2004  2  9     0.65272472
2004  2 10     0.58979566
2004  2 11     0.58142497
2004  2 12     0.55920549
2004  2 13     0.50947702
2004  2 14     0.47174998
2004  2 15     0.58276654
2004  2 16     3.59217011
2004  2 17     6.67197809
2004  2 18     8.76533409
2004  2 19     5.64811692
2004  2 20     2.58362684
2004  2 21     1.80905742
2004  2 22     1.83677016
2004  2 23     2.23045258
2004  2 24     3.32146935
2004  2 25     5.04725723
2004  2 26     9.81779636
2004  2 27     8.03788758
2004  2 28     3.40457829
2004  2 29     2.18003410
2004  3  1     2.05084990
2004  3  2     3.80717371
2004  3  3     2.61904664
2004  3  4     1.86577383
2004  3  5     1.80870148
2004  3  6     1.87623384
2004  3  7     1.95710797
2004  3  8     2.03257963
2004  3  9     2.09642330
2004  3 10     2.15006776
2004  3 11     2.10509037
2004  3 12     2.06825706
2004  3 13     2.10730472
2004  3 14     2.22009254
2004  3 15     2.23746844
2004  3 16     2.22276710
2004  3 17     2.18338160
2004  3 18     2.14756566
2004  3 19     2.20179249
2004  3 20     2.28259179
2004  3 21     2.35748139
2004  3 22     2.44130130
2004  3 23     2.42488392
2004  3 24     2.42087410
2004  3 25     2.38346061
2004  3 26     3.11695562
2004  3 27     2.48083103
2004  3 28     2.17576176
2004  3 29     2.30628851
2004  3 30     2.37545545
2004  3 31     2.24827220
2004  4  1     1.90221395
2004  4  2     1.65572735
2004  4  3     1.68977052
2004  4  4     1.77747765
2004  4  5     1.79343025
2004  4  6     1.72791095
2004  4  7     1.66868407
2004  4  8     1.69741433
2004  4  9     1.72403269
2004  4 10     1.68367531
2004  4 11     1.63675089
2004  4 12     1.64303859
2004  4 13     1.62287025
2004  4 14     1.49385164
2004  4 15     1.41226810
2004  4 16     1.34092670
2004  4 17     1.20976799
2004  4 18     1.12288930
2004  4 19     1.15455664
2004  4 20     1.57492041
2004  4 21     1.64999259
2004  4 22     1.33741632
2004  4 23     1.15294039
2004  4 24     1.17398424
2004  4 25     1.23344855
2004  4 26     1.30372099
2004  4 27     1.37603589
2004  4 28     1.33997936
2004  4 29     1.16028560
2004  4 30     1.02361531
2004  5  1     1.00968139
2004  5  2     1.00287069
2004  5  3     0.97254146
2004  5  4     0.90321698
2004  5  5     0.84111778
2004  5  6     0.77871070
2004  5  7     0.71488055
2004  5  8     0.68059224
2004  5  9     0.64763836
2004  5 10     0.68653775
2004  5 11     0.80830656
2004  5 12     0.71087739
2004  5 13     0.59609358
2004  5 14     0.56438961
2004  5 15     0.53547861
2004  5 16     0.51582262
2004  5 17     0.50056660
2004  5 18     0.48444918
2004  5 19     0.46841853
2004  5 20     0.45190121
2004  5 21     0.44700552
2004  5 22     0.43610823
2004  5 23     0.41443565
2004  5 24     0.39841947
2004  5 25     0.38408237
2004  5 26     0.36780545
2004  5 27     0.36593860
2004  5 28     0.47317927
2004  5 29     0.42834294
2004  5 30     0.34437162
2004  5 31     0.32182565
2004  6  1     0.30185697
2004  6  2     0.28722308
2004  6  3     0.27585764
2004  6  4     0.26659293
2004  6  5     0.25850338
2004  6  6     0.25137531
2004  6  7     0.24737282
2004  6  8     0.26571691
2004  6  9     0.26022247
2004  6 10     0.25033766
2004  6 11     0.22994581
2004  6 12     0.21443177
2004  6 13     0.20413599
2004  6 14     0.19640516
2004  6 15     0.18978724
2004  6 16     0.18376357
2004  6 17     0.17866414
2004  6 18     0.17404974
2004  6 19     0.16921288
2004  6 20     0.16395132
2004  6 21     0.15852494
2004  6 22     0.15363168
2004  6 23     0.14914315
2004  6 24     0.14484210
2004  6 25     0.14069315
2004  6 26     0.13660406
2004  6 27     0.13227295
2004  6 28     0.12807595
2004  6 29     0.12424292
2004  6 30     0.12107921
2004  7  1     0.11775075
2004  7  2     0.11394642
2004  7  3     0.11031878
2004  7  4     0.10634572
2004  7  5     0.10204448
2004  7  6     0.09784802
2004  7  7     0.09546791
2004  7  8     0.09361114
2004  7  9     0.09166189
2004  7 10     0.08922162
2004  7 11     0.08606349
2004  7 12     0.08243314
2004  7 13     0.07920161
2004  7 14     0.07676700
2004  7 15     0.07436159
2004  7 16     0.07158769
2004  7 17     0.06893134
2004  7 18     0.06670926
2004  7 19     0.06486093
2004  7 20     0.06287615
2004  7 21     0.06027687
2004  7 22     0.05790962
2004  7 23     0.05606437
2004  7 24     0.05440195
2004  7 25     0.05279891
2004  7 26     0.05124711
2004  7 27     0.04973874
2004  7 28     0.04826938
2004  7 29     0.04684400
2004  7 30     0.04547013
2004  7 31     0.04413181
2004  8  1     0.04282425
2004  8  2     0.04160213
2004  8  3     0.04043601
2004  8  4     0.03919552
2004  8  5     0.03799446
2004  8  6     0.03687729
2004  8  7     0.03578998
2004  8  8     0.03472702
2004  8  9     0.03369014
2004  8 10     0.03269199
2004  8 11     0.03172831
2004  8 12     0.03079304
2004  8 13     0.03431153
2004  8 14     0.03306952
2004  8 15     0.02814951
2004  8 16     0.04407001
2004  8 17     0.04142486
2004  8 18     0.02573377
2004  8 19     0.02497421
2004  8 20     0.02530808
2004  8 21     0.02452310
2004  8 22     0.02283016
2004  8 23     0.02215847
2004  8 24     0.02150765
2004  8 25     0.02087221
2004  8 26     0.02025494
2004  8 27     0.01965787
2004  8 28     0.01907841
2004  8 29     0.01851602
2004  8 30     0.01797022
2004  8 31     0.01744050
2004  9  1     0.01692640
2004  9  2     0.01642745
2004  9  3     0.01594321
2004  9  4     0.01547563
2004  9  5     0.01501905
2004  9  6     0.01457446
2004  9  7     0.01414484
2004  9  8     0.01372789
2004  9  9     0.01332323
2004  9 10     0.01293049
2004  9 11     0.01254933
2004  9 12     0.01217941
2004  9 13     0.01182039
2004  9 14     0.01147195
2004  9 15     0.01113379
2004  9 16     0.01080559
2004  9 17     0.01048707
2004  9 18     0.01017794
2004  9 19     0.05246399
2004  9 20     0.17420822
2004  9 21     0.10837102
2004  9 22     0.05156440
2004  9 23     0.02560005
2004  9 24     0.01439418
2004  9 25     0.00968259
2004  9 26     0.00828192
2004  9 27     0.00782241
2004  9 28     0.00754598
2004  9 29     0.00732355
2004  9 30     0.00710767
2004 10  1     0.00689815
2004 10  2     0.00669481
2004 10  3     0.00649746
2004 10  4     0.00630593
2004 10  5     0.00612005
2004 10  6     0.00593965
2004 10  7     0.00576456
2004 10  8     0.00559464
2004 10  9     0.00961279
2004 10 10     0.00699896
2004 10 11     0.00652843
2004 10 12     0.00562716
2004 10 13     0.00486169
2004 10 14     0.00467526
2004 10 15     0.00453744
2004 10 16     0.00440369
2004 10 17     0.48041406
2004 10 18     1.34327923
2004 10 19     1.42561336
2004 10 20     2.95358888
2004 10 21     1.81840652
2004 10 22     0.84699031
2004 10 23     0.61095738
2004 10 24     0.76889438
2004 10 25     0.57804758
2004 10 26     1.38275652
2004 10 27     0.79474648
2004 10 28     0.42073547
2004 10 29     0.24747978
2004 10 30     0.13516116
2004 10 31     0.07407548
2004 11  1     0.04201075
2004 11  2     0.03674187
2004 11  3     0.52577507
2004 11  4     1.08074908
2004 11  5     0.55630939
2004 11  6     0.23639736
2004 11  7     0.14552479
2004 11  8     0.09566918
2004 11  9     0.06840997
2004 11 10     0.10828812
2004 11 11     0.48050546
2004 11 12     0.89081352
2004 11 13     0.56389100
2004 11 14     0.26332020
2004 11 15     0.15022112
2004 11 16     0.09002921
2004 11 17     0.06213659
2004 11 18     0.04574699
2004 11 19     0.03308688
2004 11 20     0.02374525
2004 11 21     0.01896903
2004 11 22     0.01682383
2004 11 23     0.01562951
2004 11 24     0.01500541
2004 11 25     0.08133652
2004 11 26     0.26224172
2004 11 27     1.20162452
2004 11 28     0.89840115
2004 11 29     0.68631926
2004 11 30     0.40009314
2004 12  1     0.25154789
2004 12  2     0.17493983
2004 12  3     0.12261085
2004 12  4     0.09506116
2004 12  5     0.07937547
2004 12  6     0.07553795
2004 12  7     1.39417229
2004 12  8     5.23053366
2004 12  9     4.76291308
2004 12 10     2.22396125
2004 12 11     1.08675120
2004 12 12     0.82004488
2004 12 13     0.63530890
2004 12 14     0.52445632
2004 12 15     0.45195532
2004 12 16     0.40124997
2004 12 17     0.36682871
2004 12 18     0.34456762
2004 12 19     0.32519398
2004 12 20     0.30367868
2004 12 21     0.28408744
2004 12 22     0.26924011
2004 12 23     0.25624000
2004 12 24     0.24826291
2004 12 25     0.23736143
2004 12 26     0.22823726
2004 12 27     0.45693237
2004 12 28     1.80115738
2004 12 29     2.90898699
2004 12 30     6.05724304
2004 12 31     8.24608737
2005  1  1     6.28871281
2005  1  2     4.17223928
2005  1  3     4.65738064
2005  1  4     2.44560222
2005  1  5     1.46496989
2005  1  6     1.43845201
2005  1  7     2.58270776
2005  1  8     7.80096906
2005  1  9    10.20521268
2005  1 10     9.47516746
2005  1 11    10.59004018
2005  1 12     5.80377614
2005  1 13     3.05323092
2005  1 14     2.48472514
2005  1 15     2.16793090
2005  1 16     1.94277122
2005  1 17     1.86146684
2005  1 18     1.76544360
2005  1 19     1.68215962
2005  1 20     1.60333412
2005  1 21     1.53528601
2005  1 22     1.47495790
2005  1 23     1.42297210
2005  1 24     1.39198502
2005  1 25     1.94970571
2005  1 26     3.32813867
2005  1 27     4.11409650
2005  1 28     5.76853666
2005  1 29     3.73500313
2005  1 30     2.30995626
2005  1 31     1.95299026
2005  2  1     1.77933223
2005  2  2     1.63411734
2005  2  3     1.55425531
2005  2  4     1.46959745
2005  2  5     1.38587462
2005  2  6     1.35603036
2005  2  7     1.35554290
2005  2  8     1.32253570
2005  2  9     1.21412756
2005  2 10     1.20136537
2005  2 11     1.19420280
2005  2 12     1.33458645
2005  2 13     1.72183988
2005  2 14     2.31187069
2005  2 15     2.07734425
2005  2 16     3.55728064
2005  2 17     3.95572067
2005  2 18     2.70836280
2005  2 19     2.72280552
2005  2 20     6.34744213
2005  2 21     5.75705223
2005  2 22     7.47087163
2005  2 23     4.12190620
2005  2 24     2.52766904
2005  2 25     2.21208487
2005  2 26     1.92749919
2005  2 27     2.07330727
2005  2 28     5.34721636
2005  3  1     3.48712022
2005  3  2     6.76975161
2005  3  3     4.15996157
2005  3  4     3.06614391
2005  3  5     2.40881828
2005  3  6     2.12866814
2005  3  7     1.99964754
2005  3  8     1.95412047
2005  3  9     1.97119846
2005  3 10     2.06900917
2005  3 11     1.96528549
2005  3 12     1.87557499
2005  3 13     1.76213266
2005  3 14     1.57452466
2005  3 15     1.41532917
2005  3 16     1.37104731
2005  3 17     1.38019517
2005  3 18     1.31763184
2005  3 19     2.19659041
2005  3 20     5.02976225
2005  3 21     8.47698677
2005  3 22    11.72080307
2005  3 23    22.93036361
2005  3 24    16.03954817
2005  3 25     6.89383894
2005  3 26     4.50735176
2005  3 27     4.85069244
2005  3 28    11.79789218
2005  3 29    10.06076664
2005  3 30     6.36981117
2005  3 31     4.48376819
2005  4  1     3.78853015
2005  4  2     3.52296614
2005  4  3     3.38646010
2005  4  4     5.03078627
2005  4  5     3.50175184
2005  4  6     3.04561569
2005  4  7     4.93409939
2005  4  8     5.54820536
2005  4  9     5.13820804
2005  4 10     3.89687461
2005  4 11     3.64687995
2005  4 12     3.13265918
2005  4 13     2.72616163
2005  4 14     2.40461297
2005  4 15     2.30623791
2005  4 16     2.46006065
2005  4 17     2.60042679
2005  4 18     2.45128152
2005  4 19     2.17960643
2005  4 20     2.00352705
2005  4 21     1.94801701
2005  4 22     2.05978687
2005  4 23     2.79162603
2005  4 24     2.64993653
2005  4 25     2.24750040
2005  4 26     2.10386583
2005  4 27     2.53054730
2005  4 28     3.03053653
2005  4 29     2.61604589
2005  4 30     2.25004854
2005  5  1     2.29382163
2005  5  2     2.19356811
2005  5  3     2.03172958
2005  5  4     2.13879989
2005  5  5     3.13600078
2005  5  6     4.90851958
2005  5  7     3.52280232
2005  5  8     3.63353678
2005  5  9    11.32636446
2005  5 10     9.09698794
2005  5 11     4.47854120
2005  5 12     3.49049195
2005  5 13     3.27392599
2005  5 14     3.28535160
2005  5 15     3.82177885
2005  5 16     6.38544714
2005  5 17     5.96633662
2005  5 18     8.10095129
2005  5 19    16.40980885
2005  5 20    11.29648387
2005  5 21     5.74674226
2005  5 22     4.75095354
2005  5 23     4.38139569
2005  5 24     4.05205557
2005  5 25     3.80724438
2005  5 26     3.60001277
2005  5 27     3.47238434
2005  5 28     3.35304675
2005  5 29     3.03716517
2005  5 30     2.72267419
2005  5 31     2.62364970
2005  6  1     2.58036236
2005  6  2     2.39922534
2005  6  3     2.17484754
2005  6  4     2.05877091
2005  6  5     1.99405396
2005  6  6     1.86201277
2005  6  7     1.71815066
2005  6  8     2.01824861
2005  6  9     4.26200420
2005  6 10     3.02818055
2005  6 11     2.04488451
2005  6 12     1.80783730
2005  6 13     1.74870756
2005  6 14     1.56852976
2005  6 15     1.40145252
2005  6 16     1.63041989
2005  6 17     2.59052649
2005  6 18     2.06716682
2005  6 19     1.48337198
2005  6 20     1.33851793
2005  6 21     1.23525075
2005  6 22     1.16711390
2005  6 23     1.11159994
2005  6 24     1.05589688
2005  6 25     1.00770390
2005  6 26     0.97053719
2005  6 27     0.93542843
2005  6 28     0.90297501
2005  6 29     0.86959682
2005  6 30     0.83301307
2005  7  1     0.79811834
2005  7  2     0.76724709
2005  7  3     0.74228926
2005  7  4     0.71819951
2005  7  5     0.69197246
2005  7  6     0.66584596
2005  7  7     0.64376298
2005  7  8     0.62614166
2005  7  9     0.61090442
2005  7 10     0.59573861
2005  7 11     0.57294223
2005  7 12     0.54783970
2005  7 13     0.52477694
2005  7 14     0.50551266
2005  7 15     0.48772550
2005  7 16     0.47105904
2005  7 17     0.45472360
2005  7 18     0.44044137
2005  7 19     0.42691627
2005  7 20     0.41418946
2005  7 21     0.40010717
2005  7 22     0.39421076
2005  7 23     0.38327506
2005  7 24     0.36852321
2005  7 25     0.35867427
2005  7 26     0.34534577
2005  7 27     0.32996175
2005  7 28     0.32228277
2005  7 29     0.31585480
2005  7 30     0.30253520
2005  7 31     0.28836232
2005  8  1     0.28009797
2005  8  2     0.27361687
2005  8  3     0.26512297
2005  8  4     0.25453808
2005  8  5     0.24393962
2005  8  6     0.23463290
2005  8  7     0.22681677
2005  8  8     0.22031289
2005  8  9     0.21440837
2005  8 10     0.20918163
2005  8 11     0.20368882
2005  8 12     0.19749312
2005  8 13     0.19197230
2005  8 14     0.18675669
2005  8 15     0.18196268
2005  8 16     0.18015646
2005  8 17     0.19363615
2005  8 18     0.18424130
2005  8 19     0.16296677
2005  8 20     0.15705708
2005  8 21     0.15102411
2005  8 22     0.14573533
2005  8 23     0.14126350
2005  8 24     0.13740743
2005  8 25     0.13386581
2005  8 26     0.12975443
2005  8 27     0.12522744
2005  8 28     0.12123176
2005  8 29     0.11862940
2005  8 30     0.11632147
2005  8 31     0.11260158
2005  9  1     0.10834684
2005  9  2     0.10497757
2005  9  3     0.10264757
2005  9  4     0.10055115
2005  9  5     0.09833586
2005  9  6     0.09532184
2005  9  7     0.09193023
2005  9  8     0.08969610
2005  9  9     0.08860657
2005  9 10     0.08848630
2005  9 11     0.08820217
2005  9 12     0.08520025
2005  9 13     0.08137483
2005  9 14     0.07773468
2005  9 15     0.07439055
2005  9 16     0.07254484
2005  9 17     0.07157653
2005  9 18     0.06917859
2005  9 19     0.06539887
2005  9 20     0.06223236
2005  9 21     0.07320652
2005  9 22     0.07068626
2005  9 23     0.05862491
2005  9 24     0.05851371
2005  9 25     0.05655565
2005  9 26     0.14803380
2005  9 27     0.49003365
2005  9 28     0.32513466
2005  9 29     0.15323244
2005  9 30     0.10201767
2005 10  1     0.07670809
2005 10  2     0.06482707
2005 10  3     0.05809950
2005 10  4     0.05303158
2005 10  5     0.04713015
2005 10  6     0.04197863
2005 10  7     0.03980529
2005 10  8     0.03973668
2005 10  9     0.03880235
2005 10 10     0.03725610
2005 10 11     0.03576493
2005 10 12     0.03394212
2005 10 13     0.03577377
2005 10 14     0.05043036
2005 10 15     0.18222739
2005 10 16     0.13963731
2005 10 17     0.07303170
2005 10 18     0.05597152
2005 10 19     0.04428836
2005 10 20     0.03583614
2005 10 21     0.02972962
2005 10 22     0.02628253
2005 10 23     0.02487901
2005 10 24     0.02393512
2005 10 25     0.09838374
2005 10 26     0.20459034
2005 10 27     0.28828651
2005 10 28     0.25683430
2005 10 29     0.21205657
2005 10 30     0.11756335
2005 10 31     0.06741432
2005 11  1     0.04736615
2005 11  2     0.03832500
2005 11  3     0.08797847
2005 11  4     0.70409477
2005 11  5     0.39150814
2005 11  6     0.16741707
2005 11  7     0.13189744
2005 11  8     0.15056627
2005 11  9     0.10471185
2005 11 10     0.06735812
2005 11 11     0.05038190
2005 11 12     0.03699577
2005 11 13     0.02694762
2005 11 14     0.02085878
2005 11 15     0.01777461
2005 11 16     0.01644833
2005 11 17     0.01542024
2005 11 18     0.01481055
2005 11 19     0.01423302
2005 11 20     0.01392352
2005 11 21     0.01381684
2005 11 22     0.01362112
2005 11 23     0.01331851
2005 11 24     0.05245181
2005 11 25     0.44250159
2005 11 26     0.51840661
2005 11 27     0.23172998
2005 11 28     0.35670050
2005 11 29     1.42565848
2005 11 30     1.45829267
2005 12  1     2.53031790
2005 12  2     5.28154326
2005 12  3     2.78501498
2005 12  4     1.20908209
2005 12  5     0.82646726
2005 12  6     0.56755324
2005 12  7     0.44021033
2005 12  8     0.52054734
2005 12  9     0.37547934
2005 12 10     0.28062818
2005 12 11     0.24252673
2005 12 12     0.20707648
2005 12 13     0.18634995
2005 12 14     0.17348356
2005 12 15     0.16159952
2005 12 16     0.15055690
2005 12 17     0.16415600
2005 12 18     3.72378621
2005 12 19     6.74840018
2005 12 20     3.43514274
2005 12 21     4.17851989
2005 12 22    10.93056381
2005 12 23    10.50881605
2005 12 24     4.96873070
2005 12 25     3.50778282
2005 12 26     9.78703799
2005 12 27     9.77382666
2005 12 28    13.11056182
2005 12 29    10.54656953
2005 12 30     9.23939949
2005 12 31    35.37154397
2006  1  1    28.29682627
2006  1  2    16.97912923
2006  1  3    16.82314228
2006  1  4     9.48470710
2006  1  5     6.24939612
2006  1  6     5.25903111
2006  1  7     5.08627501
2006  1  8     4.35580539
2006  1  9     3.85396333
2006  1 10     3.54867151
2006  1 11     4.43753836
2006  1 12     3.96273745
2006  1 13     3.29724046
2006  1 14     6.40560551
2006  1 15     6.64947285
2006  1 16     3.92770376
2006  1 17     5.39894328
2006  1 18     8.98170868
2006  1 19     6.15054304
2006  1 20     3.85280817
2006  1 21     3.25038358
2006  1 22     2.93377677
2006  1 23     2.70077806
2006  1 24     2.55276158
2006  1 25     2.42830544
2006  1 26     3.13573650
2006  1 27     3.15299711
2006  1 28     2.96873225
2006  1 29     3.83710678
2006  1 30     5.71252108
2006  1 31     8.41208758
2006  2  1     6.08097419
2006  2  2    13.59074000
2006  2  3     9.43452098
2006  2  4     6.77514871
2006  2  5     5.22976984
2006  2  6     4.05263622
2006  2  7     3.38800399
2006  2  8     3.02985950
2006  2  9     2.78703131
2006  2 10     2.60255410
2006  2 11     2.45857172
2006  2 12     2.37288499
2006  2 13     2.30555030
2006  2 14     2.23558129
2006  2 15     2.11319386
2006  2 16     1.99145253
2006  2 17     1.92996658
2006  2 18     1.95495991
2006  2 19     1.99082094
2006  2 20     1.78922766
2006  2 21     1.94545930
2006  2 22     1.79984220
2006  2 23     1.73171544
2006  2 24     1.68938727
2006  2 25     1.64095091
2006  2 26     2.00207116
2006  2 27     8.63527576
2006  2 28    21.07132644
2006  3  1    12.59437011
2006  3  2     8.91988749
2006  3  3     9.75586631
2006  3  4     5.70172837
2006  3  5     3.95834641
2006  3  6     8.47174744
2006  3  7     8.10949023
2006  3  8     5.71253749
2006  3  9     5.08964712
2006  3 10     4.98370011
2006  3 11     3.97734855
2006  3 12     3.56420318
2006  3 13     4.59423792
2006  3 14     6.54422951
2006  3 15     5.35089069
2006  3 16     3.53649473
2006  3 17     6.56780726
2006  3 18     4.26691516
2006  3 19     2.96873912
2006  3 20     3.22614081
2006  3 21     4.51321133
2006  3 22     3.04559112
2006  3 23     2.92537511
2006  3 24     4.19343744
2006  3 25    11.63937208
2006  3 26    10.06966201
2006  3 27     5.60597886
2006  3 28     5.43371133
2006  3 29     7.90064118
2006  3 30     5.64690920
2006  3 31     8.47393143
2006  4  1     9.72342622
2006  4  2     5.96915807
2006  4  3    22.33092009
2006  4  4    32.28658239
2006  4  5    26.70569582
2006  4  6    12.87102274
2006  4  7     8.78696421
2006  4  8     9.07086924
2006  4  9     7.82243102
2006  4 10    10.59419301
2006  4 11    11.96234835
2006  4 12    12.10181804
2006  4 13     8.52640645
2006  4 14     7.17718727
2006  4 15     7.51034523
2006  4 16    11.75588646
2006  4 17    15.57395602
2006  4 18     8.82842772
2006  4 19     6.06517066
2006  4 20     5.96045672
2006  4 21     6.22914604
2006  4 22     6.42308814
2006  4 23     6.10476767
2006  4 24     6.05587871
2006  4 25     5.65445701
2006  4 26     6.08099953
2006  4 27     6.40755974
2006  4 28     6.11032742
2006  4 29     6.07227098
2006  4 30     5.99922649
2006  5  1     5.82077578
2006  5  2     5.52047710
2006  5  3     5.25701388
2006  5  4     4.89592464
2006  5  5     4.57539669
2006  5  6     4.50182564
2006  5  7     4.49525348
2006  5  8     4.55373687
2006  5  9     4.48215340
2006  5 10     4.32805938
2006  5 11     4.41189671
2006  5 12     4.48040846
2006  5 13     4.36685904
2006  5 14     4.16136958
2006  5 15     4.11245558
2006  5 16     4.05019790
2006  5 17     3.84401976
2006  5 18     3.63063679
2006  5 19     3.65954343
2006  5 20     3.35002594
2006  5 21     3.14403726
2006  5 22     3.47285530
2006  5 23     3.20744718
2006  5 24     2.78302299
2006  5 25     2.56712085
2006  5 26     2.53549304
2006  5 27     2.51322949
2006  5 28     2.24258956
2006  5 29     2.02485021
2006  5 30     1.98327417
2006  5 31     1.90433948
2006  6  1     1.79739649
2006  6  2     1.72361145
2006  6  3     1.65863543
2006  6  4     1.59980366
2006  6  5     1.54324865
2006  6  6     1.48997821
2006  6  7     1.42986410
2006  6  8     1.37466050
2006  6  9     1.33431094
2006  6 10     1.29725931
2006  6 11     1.25391897
2006  6 12     1.21653157
2006  6 13     1.20552493
2006  6 14     1.18169092
2006  6 15     1.12728706
2006  6 16     1.07554871
2006  6 17     1.02245477
2006  6 18     0.98399213
2006  6 19     0.95917235
2006  6 20     0.92864446
2006  6 21     0.89164718
2006  6 22     0.85724083
2006  6 23     0.82488499
2006  6 24     0.79139160
2006  6 25     0.76298957
2006  6 26     0.73976315
2006  6 27     0.71900285
2006  6 28     0.71607745
2006  6 29     0.70619607
2006  6 30     0.67433741
2006  7  1     0.64497975
2006  7  2     0.62435288
2006  7  3     0.60690624
2006  7  4     0.58784765
2006  7  5     0.57602443
2006  7  6     0.56565075
2006  7  7     0.54799177
2006  7  8     0.51978344
2006  7  9     0.49686219
2006  7 10     0.48006992
2006  7 11     0.47124884
2006  7 12     0.46388080
2006  7 13     0.45007686
2006  7 14     0.43035312
2006  7 15     0.41244709
2006  7 16     0.39609563
2006  7 17     0.37885894
2006  7 18     0.36606970
2006  7 19     0.35509025
2006  7 20     0.34548944
2006  7 21     0.33358697
2006  7 22     0.32967625
2006  7 23     0.31860271
2006  7 24     0.30225994
2006  7 25     0.29330778
2006  7 26     0.28501076
2006  7 27     0.27702835
2006  7 28     0.27097154
2006  7 29     0.26572349
2006  7 30     0.25943157
2006  7 31     0.25382752
2006  8  1     0.24777167
2006  8  2     0.23879595
2006  8  3     0.22937753
2006  8  4     0.22243436
2006  8  5     0.21657588
2006  8  6     0.20917555
2006  8  7     0.20476420
2006  8  8     0.20076662
2006  8  9     0.19220081
2006  8 10     0.18457625
2006  8 11     0.17937047
2006  8 12     0.17455700
2006  8 13     0.16907948
2006  8 14     0.16379214
2006  8 15     0.15985938
2006  8 16     0.15642075
2006  8 17     0.15178230
2006  8 18     0.14616326
2006  8 19     0.14048216
2006  8 20     0.13613463
2006  8 21     0.13217289
2006  8 22     0.12770014
2006  8 23     0.12371390
2006  8 24     0.12129709
2006  8 25     0.11836053
2006  8 26     0.11392882
2006  8 27     0.10906371
2006  8 28     0.10454154
2006  8 29     0.10190520
2006  8 30     0.10015703
2006  8 31     0.09725260
2006  9  1     0.09312944
2006  9  2     0.08923484
2006  9  3     0.08645215
2006  9  4     0.08382346
2006  9  5     0.08065247
2006  9  6     0.07790930
2006  9  7     0.07590319
2006  9  8     0.07481387
2006  9  9     0.07455272
2006  9 10     0.07259992
2006  9 11     0.06853470
2006  9 12     0.06522988
2006  9 13     0.06306661
2006  9 14     0.06359471
2006  9 15     0.06659657
2006  9 16     0.06648196
2006  9 17     0.06204059
2006  9 18     0.05733717
2006  9 19     0.05575565
2006  9 20     0.05528076
2006  9 21     0.05356438
2006  9 22     0.05251251
2006  9 23     0.05117761
2006  9 24     0.04868345
2006  9 25     0.04607118
2006  9 26     0.04359003
2006  9 27     0.04171731
2006  9 28     0.04029924
2006  9 29     0.03908603
2006  9 30     0.03798248
2006 10  1     0.03804685
2006 10  2     0.05406641
2006 10  3     0.04762002
2006 10  4     0.08433683
2006 10  5     0.19996399
2006 10  6     0.22243697
2006 10  7     0.15233533
2006 10  8     0.07919579
2006 10  9     0.05323054
2006 10 10     0.06599103
2006 10 11     0.05676714
2006 10 12     0.03089153
2006 10 13     0.02826580
2006 10 14     0.02750687
2006 10 15     0.02697618
2006 10 16     0.04637794
2006 10 17     0.04112393
2006 10 18     0.03078058
2006 10 19     0.02536273
2006 10 20     0.02229066
2006 10 21     0.02128792
2006 10 22     0.02055598
2006 10 23     0.01956795
2006 10 24     0.01935500
2006 10 25     0.02063312
2006 10 26     0.02057112
2006 10 27     0.01899127
2006 10 28     0.01771478
2006 10 29     0.01746096
2006 10 30     0.01792594
2006 10 31     0.01809715
2006 11  1     0.01770211
2006 11  2     0.49357308
2006 11  3     1.06292047
2006 11  4     0.65463152
2006 11  5     0.32316598
2006 11  6     0.15649738
2006 11  7     0.08468238
2006 11  8     0.11142320
2006 11  9     0.17821080
2006 11 10     0.12136844
2006 11 11     0.12333962
2006 11 12     0.15785211
2006 11 13     0.55088275
2006 11 14     1.26848613
2006 11 15     0.76303042
2006 11 16     0.29811876
2006 11 17     0.17880749
2006 11 18     0.10086691
2006 11 19     0.05832177
2006 11 20     0.03744746
2006 11 21     0.03586473
2006 11 22     0.06925524
2006 11 23     0.12992480
2006 11 24     0.11235736
2006 11 25     0.06485264
2006 11 26     0.10490659
2006 11 27     0.54187503
2006 11 28     0.39301766
2006 11 29     0.22522320
2006 11 30     0.14500167
2006 12  1     0.08902632
2006 12  2     0.05687689
2006 12  3     0.04034327
2006 12  4     0.03218566
2006 12  5     0.02786863
2006 12  6     0.02391972
2006 12  7     0.02005114
2006 12  8     0.02112965
2006 12  9     0.22016967
2006 12 10     0.73939817
2006 12 11     1.28882470
2006 12 12     1.43919278
2006 12 13     1.49204485
2006 12 14     1.20478708
2006 12 15     1.00169762
2006 12 16     0.57472815
2006 12 17     0.32105026
2006 12 18     0.21811947
2006 12 19     0.14076476
2006 12 20     0.09425019
2006 12 21     0.86493989
2006 12 22     1.74570850
2006 12 23     0.92420263
2006 12 24     0.41245125
2006 12 25     0.27631389
2006 12 26     0.51558978
2006 12 27     1.90316465
2006 12 28     1.24000948
2006 12 29     0.58535066
2006 12 30     0.41835230
2006 12 31     0.30048594
2007  1  1     0.22819278
2007  1  2     0.19498505
2007  1  3     0.66737558
2007  1  4     3.87481551
2007  1  5     2.61719533
2007  1  6     1.14126904
2007  1  7     0.80513581
2007  1  8     0.60276594
2007  1  9     0.48098367
2007  1 10     0.40397099
2007  1 11     0.34321297
2007  1 12     0.30054383
2007  1 13     0.27401042
2007  1 14     0.25241593
2007  1 15     0.23605173
2007  1 16     0.22102681
2007  1 17     0.20814439
2007  1 18     0.19882670
2007  1 19     0.19733220
2007  1 20     0.19263020
2007  1 21     0.18219953
2007  1 22     0.18156214
2007  1 23     0.18631385
2007  1 24     0.19199753
2007  1 25     0.18953959
2007  1 26     0.18052361
2007  1 27     0.16372948
2007  1 28     0.15584323
2007  1 29     0.15084360
2007  1 30     0.14791057
2007  1 31     0.13918055
2007  2  1     0.13020539
2007  2  2     0.12943564
2007  2  3     0.12973446
2007  2  4     0.14407033
2007  2  5     0.15846824
2007  2  6     0.15410473
2007  2  7     0.22464793
2007  2  8     0.74638537
2007  2  9     4.47784379
2007  2 10     7.64507585
2007  2 11    10.71696237
2007  2 12     8.75416144
2007  2 13     3.77113107
2007  2 14     2.33901514
2007  2 15     1.75506210
2007  2 16     1.28799698
2007  2 17     1.10500870
2007  2 18     0.98557073
2007  2 19     0.85601180
2007  2 20     0.75764054
2007  2 21     0.72570998
2007  2 22     1.70511208
2007  2 23     2.61652620
2007  2 24     1.63813815
2007  2 25     4.00088117
2007  2 26     5.19715750
2007  2 27     3.99437896
2007  2 28     2.47045191
2007  3  1     1.67322751
2007  3  2     1.18163569
2007  3  3     1.14376488
2007  3  4     1.41600492
2007  3  5     1.74581068
2007  3  6     1.92897251
2007  3  7     1.96323128
2007  3  8     2.00932951
2007  3  9     2.03737662
2007  3 10     2.12684440
2007  3 11     2.38108484
2007  3 12     2.56174487
2007  3 13     2.51225333
2007  3 14     2.45118185
2007  3 15     2.42809210
2007  3 16     2.42541084
2007  3 17     2.28742201
2007  3 18     2.01337192
2007  3 19     1.80223867
2007  3 20     1.65336998
2007  3 21     1.61524646
2007  3 22     1.44600765
2007  3 23     1.34178751
2007  3 24     1.35145829
2007  3 25     1.32023850
2007  3 26     1.71520386
2007  3 27     3.24642417
2007  3 28     2.26222346
2007  3 29     1.46918565
2007  3 30     1.34272235
2007  3 31     1.39466463
2007  4  1     1.43474997
2007  4  2     1.31543406
2007  4  3     1.22375206
2007  4  4     1.18621947
2007  4  5     1.12527100
2007  4  6     1.07114754
2007  4  7     1.02721468
2007  4  8     0.97712135
2007  4  9     0.91664679
2007  4 10     0.85076428
2007  4 11     0.93912244
2007  4 12     1.05649563
2007  4 13     0.92640048
2007  4 14     1.18427455
2007  4 15     1.24733443
2007  4 16     1.14412787
2007  4 17     1.03872972
2007  4 18     0.97441129
2007  4 19     0.81729824
2007  4 20     0.73602385
2007  4 21     0.99065564
2007  4 22     4.98761349
2007  4 23     6.09613477
2007  4 24     3.23015934
2007  4 25     1.89802938
2007  4 26     1.62981257
2007  4 27     1.40284268
2007  4 28     1.21412296
2007  4 29     1.07005151
2007  4 30     0.96122509
2007  5  1     0.90199826
2007  5  2     1.56961773
2007  5  3     1.98251036
2007  5  4     2.20336057
2007  5  5     1.73879259
2007  5  6     1.28374418
2007  5  7     1.14514555
2007  5  8     0.98658438
2007  5  9     0.85663992
2007  5 10     0.79513041
2007  5 11     0.74116310
2007  5 12     0.70110813
2007  5 13     0.66792531
2007  5 14     0.63712519
2007  5 15     0.60900353
2007  5 16     0.58271853
2007  5 17     0.56050757
2007  5 18     0.54098240
2007  5 19     0.52035678
2007  5 20     0.50099736
2007  5 21     0.48398744
2007  5 22     0.46936054
2007  5 23     0.45280248
2007  5 24     0.43421810
2007  5 25     0.41650958
2007  5 26     0.40045104
2007  5 27     0.38666905
2007  5 28     0.37553979
2007  5 29     0.36322254
2007  5 30     0.34979784
2007  5 31     0.33755061
2007  6  1     0.32885201
2007  6  2     0.31898265
2007  6  3     0.30762388
2007  6  4     0.29663109
2007  6  5     0.42288054
2007  6  6     0.47406708
2007  6  7     0.39162424
2007  6  8     0.31122277
2007  6  9     0.27958848
2007  6 10     0.25869938
2007  6 11     0.24489809
2007  6 12     0.23324214
2007  6 13     0.22382626
2007  6 14     0.21431877
2007  6 15     0.20663005
2007  6 16     0.20129777
2007  6 17     0.19593872
2007  6 18     0.18972338
2007  6 19     0.18362166
2007  6 20     0.17867926
2007  6 21     0.17362576
2007  6 22     0.16801180
2007  6 23     0.16307710
2007  6 24     0.15952134
2007  6 25     0.15509654
2007  6 26     0.14904675
2007  6 27     0.14404306
2007  6 28     0.14007434
2007  6 29     0.13665018
2007  6 30     0.13231245
2007  7  1     0.12799473
2007  7  2     0.12396598
2007  7  3     0.11932063
2007  7  4     0.11357692
2007  7  5     0.10832869
2007  7  6     0.10459573
2007  7  7     0.10239196
2007  7  8     0.10003649
2007  7  9     0.09699485
2007  7 10     0.09353606
2007  7 11     0.09237943
2007  7 12     0.09052772
2007  7 13     0.08707291
2007  7 14     0.08383014
2007  7 15     0.08059232
2007  7 16     0.07785011
2007  7 17     0.07637728
2007  7 18     0.07592789
2007  7 19     0.07432001
2007  7 20     0.07142193
2007  7 21     0.06821736
2007  7 22     0.06479913
2007  7 23     0.06137918
2007  7 24     0.05925550
2007  7 25     0.05724290
2007  7 26     0.05525083
2007  7 27     0.05342238
2007  7 28     0.05168608
2007  7 29     0.05012061
2007  7 30     0.04864318
2007  7 31     0.04720930
2007  8  1     0.04581769
2007  8  2     0.04446710
2007  8  3     0.04315637
2007  8  4     0.04188418
2007  8  5     0.04074917
2007  8  6     0.04036939
2007  8  7     0.03964028
2007  8  8     0.03784883
2007  8  9     0.03617745
2007  8 10     0.03500212
2007  8 11     0.03396959
2007  8 12     0.03296817
2007  8 13     0.03199643
2007  8 14     0.03105315
2007  8 15     0.03013777
2007  8 16     0.02924938
2007  8 17     0.02838718
2007  8 18     0.02755040
2007  8 19     0.02673828
2007  8 20     0.02595010
2007  8 21     0.02518516
2007  8 22     0.02444278
2007  8 23     0.02372226
2007  8 24     0.02302297
2007  8 25     0.02234431
2007  8 26     0.02168566
2007  8 27     0.02104642
2007  8 28     0.02042602
2007  8 29     0.01985916
2007  8 30     0.01926388
2007  8 31     0.02876035
2007  9  1     0.02719648
2007  9  2     0.01781441
2007  9  3     0.01706937
2007  9  4     0.01656625
2007  9  5     0.01607791
2007  9  6     0.01560393
2007  9  7     0.01514396
2007  9  8     0.01469756
2007  9  9     0.01426431
2007  9 10     0.01669748
2007  9 11     0.01595586
2007  9 12     0.01303976
2007  9 13     0.01265532
2007  9 14     0.01228227
2007  9 15     0.01192022
2007  9 16     0.01156884
2007  9 17     0.01122782
2007  9 18     0.01089686
2007  9 19     0.01141369
2007  9 20     0.07517914
2007  9 21     0.05842119
2007  9 22     0.07700711
2007  9 23     0.18176394
2007  9 24     0.11628128
2007  9 25     0.05390162
2007  9 26     0.03545904
2007  9 27     0.02152750
2007  9 28     0.03255071
2007  9 29     0.12570707
2007  9 30     0.08638348
2007 10  1     0.05426788
2007 10  2     0.03816111
2007 10  3     0.02057767
2007 10  4     0.06484360
2007 10  5     0.17004244
2007 10  6     0.37182809
2007 10  7     0.21529287
2007 10  8     0.09788704
2007 10  9     0.05573561
2007 10 10     0.70933004
2007 10 11     0.43629767
2007 10 12     0.20571834
2007 10 13     0.15539643
2007 10 14     0.09446920
2007 10 15     0.05581462
2007 10 16     0.06921637
2007 10 17     0.18678753
2007 10 18     0.15582061
2007 10 19     0.21110905
2007 10 20     0.57176709
2007 10 21     0.34357729
2007 10 22     0.26419472
2007 10 23     0.17709610
2007 10 24     0.09410912
2007 10 25     0.05452828
2007 10 26     0.03238127
2007 10 27     0.01851376
2007 10 28     0.01026456
2007 10 29     0.03441118
2007 10 30     0.04131230
2007 10 31     0.01887550
2007 11  1     0.00421239
2007 11  2     0.00374571
2007 11  3     0.00326815
2007 11  4     0.00295374
2007 11  5     0.00275337
2007 11  6     0.00258860
2007 11  7     0.00245956
2007 11  8     0.00246762
2007 11  9     0.00282864
2007 11 10     0.05534192
2007 11 11     0.76864550
2007 11 12     0.49080293
2007 11 13     0.32282146
2007 11 14     0.21035004
2007 11 15     0.11418379
2007 11 16     0.06692928
2007 11 17     0.03877726
2007 11 18     0.02279328
2007 11 19     0.04076647
2007 11 20     0.02722494
2007 11 21     0.01062212
2007 11 22     0.00550434
2007 11 23     0.00414381
2007 11 24     0.00349631
2007 11 25     0.00317639
2007 11 26     0.00306215
2007 11 27     0.00303508
2007 11 28     0.00294653
2007 11 29     0.00298196
2007 11 30     0.00324298
2007 12  1     0.00363170
2007 12  2     0.00362030
2007 12  3     0.00438122
2007 12  4     0.17895518
2007 12  5     0.10830874
2007 12  6     0.29304414
2007 12  7     1.85528695
2007 12  8     1.12452957
2007 12  9     0.50131081
2007 12 10     0.32433051
2007 12 11     0.19865984
2007 12 12     0.11493204
2007 12 13     0.06722993
2007 12 14     0.03973980
2007 12 15     0.02312341
2007 12 16     0.01784558
2007 12 17     0.47028743
2007 12 18     1.17643860
2007 12 19     1.18773647
2007 12 20     2.07342927
2007 12 21     1.09717933
2007 12 22     0.54667240
2007 12 23     0.34548972
2007 12 24     0.23308018
2007 12 25     0.16076727
2007 12 26     0.10774130
2007 12 27     0.07489990
2007 12 28     0.10542658
2007 12 29     0.32187423
2007 12 30     0.45826416
2007 12 31     0.50440542
2008  1  1     0.33231720
2008  1  2     0.21186506
2008  1  3     0.20868570
2008  1  4     2.05735808
2008  1  5     4.25109702
2008  1  6     3.81532516
2008  1  7     3.42115035
2008  1  8     2.34408735
2008  1  9     2.85317097
2008  1 10     2.16630874
2008  1 11     1.28657290
2008  1 12     0.89068062
2008  1 13     0.70706306
2008  1 14     0.58280351
2008  1 15     0.48330838
2008  1 16     0.41069837
2008  1 17     0.36346152
2008  1 18     0.35546546
2008  1 19     0.33468878
2008  1 20     0.31986705
2008  1 21     0.30046990
2008  1 22     0.38712112
2008  1 23     0.69526201
2008  1 24     0.73599386
2008  1 25     0.69191334
2008  1 26     0.83393864
2008  1 27     3.17089278
2008  1 28     3.45843798
2008  1 29     1.45549569
2008  1 30     1.02054578
2008  1 31     0.90518004
2008  2  1     2.30778589
2008  2  2     1.76803659
2008  2  3     3.89704087
2008  2  4     2.56184511
2008  2  5     1.01446593
2008  2  6     0.65066872
2008  2  7     0.57222359
2008  2  8     0.59689023
2008  2  9     0.69137786
2008  2 10     0.78757534
2008  2 11     0.89447270
2008  2 12     0.96774834
2008  2 13     0.83915129
2008  2 14     0.61410608
2008  2 15     0.62108992
2008  2 16     0.68481197
2008  2 17     0.79194892
2008  2 18     0.80653303
2008  2 19     0.83889826
2008  2 20     1.38806611
2008  2 21     1.40251125
2008  2 22     2.87990544
2008  2 23     2.47553842
2008  2 24     4.01859882
2008  2 25     5.58798118
2008  2 26     3.07503466
2008  2 27     1.85184554
2008  2 28     1.82015012
2008  2 29     1.70155515
2008  3  1     1.54686518
2008  3  2     1.28894015
2008  3  3     1.15015903
2008  3  4     1.23301531
2008  3  5     1.20657510
2008  3  6     1.11284289
2008  3  7     1.14401016
2008  3  8     1.24567959
2008  3  9     1.27256572
2008  3 10     1.32196453
2008  3 11     1.44900570
2008  3 12     1.74053981
2008  3 13     3.09771453
2008  3 14     2.80671011
2008  3 15     2.08824363
2008  3 16     1.47797406
2008  3 17     1.27654223
2008  3 18     1.36985279
2008  3 19     1.51045267
2008  3 20     1.57916029
2008  3 21     1.38678789
2008  3 22     1.34749590
2008  3 23     1.39382518
2008  3 24     1.43260020
2008  3 25     1.46711486
2008  3 26     1.41436081
2008  3 27     1.20038876
2008  3 28     1.74332892
2008  3 29     1.53979902
2008  3 30     1.28664087
2008  3 31     1.12151606
2008  4  1     1.03992824
2008  4  2     1.02729603
2008  4  3     1.10574250
2008  4  4     1.12907993
2008  4  5     1.09789353
2008  4  6     1.10763962
2008  4  7     1.01773272
2008  4  8     0.92607783
2008  4  9     0.86173296
2008  4 10     0.90029191
2008  4 11     1.06723239
2008  4 12     1.21683759
2008  4 13     1.35736811
2008  4 14     1.43217291
2008  4 15     1.18652648
2008  4 16     0.94343852
2008  4 17     1.01756457
2008  4 18     1.24611835
2008  4 19     1.26683697
2008  4 20     1.02173240
2008  4 21     0.86216456
2008  4 22     0.91151032
2008  4 23     1.33641273
2008  4 24     1.11094310
2008  4 25     0.93706432
2008  4 26     1.15809367
2008  4 27     1.44209206
2008  4 28     1.63212931
2008  4 29     1.65196473
2008  4 30     1.34841586
2008  5  1     1.05449605
2008  5  2     1.06411554
2008  5  3     1.14151124
2008  5  4     1.16548664
2008  5  5     1.26882594
2008  5  6     1.41011498
2008  5  7     1.50851810
2008  5  8     1.45807317
2008  5  9     1.35162733
2008  5 10     1.33759264
2008  5 11     1.32060452
2008  5 12     1.26381568
2008  5 13     1.16116585
2008  5 14     1.14932997
2008  5 15     1.18362448
2008  5 16     1.17886278
2008  5 17     1.15433309
2008  5 18     1.02609171
2008  5 19     0.86796480
2008  5 20     0.78524290
2008  5 21     0.74781130
2008  5 22     0.70327967
2008  5 23     0.69207656
2008  5 24     0.92008528
2008  5 25     0.99030591
2008  5 26     1.04583906
2008  5 27     0.94431445
2008  5 28     0.76254357
2008  5 29     0.68160142
2008  5 30     0.59595345
2008  5 31     0.55311254
2008  6  1     0.51809587
2008  6  2     0.49023008
2008  6  3     0.46893391
2008  6  4     0.45299001
2008  6  5     0.43575691
2008  6  6     0.41960545
2008  6  7     0.40428229
2008  6  8     0.38809582
2008  6  9     0.37312019
2008  6 10     0.36068774
2008  6 11     0.34992336
2008  6 12     0.33866455
2008  6 13     0.32681498
2008  6 14     0.31572729
2008  6 15     0.30575278
2008  6 16     0.29642367
2008  6 17     0.28736618
2008  6 18     0.27897931
2008  6 19     0.27086791
2008  6 20     0.26198200
2008  6 21     0.25318691
2008  6 22     0.24622771
2008  6 23     0.23929741
2008  6 24     0.23181403
2008  6 25     0.22480816
2008  6 26     0.21793760
2008  6 27     0.21064304
2008  6 28     0.20380165
2008  6 29     0.19786449
2008  6 30     0.19228029
2008  7  1     0.18650253
2008  7  2     0.18059143
2008  7  3     0.17517878
2008  7  4     0.17064067
2008  7  5     0.16559247
2008  7  6     0.15964170
2008  7  7     0.15285406
2008  7  8     0.14633461
2008  7  9     0.14100696
2008  7 10     0.13692278
2008  7 11     0.13331494
2008  7 12     0.13003582
2008  7 13     0.12626873
2008  7 14     0.12714573
2008  7 15     0.12294282
2008  7 16     0.11521591
2008  7 17     0.11181965
2008  7 18     0.10814254
2008  7 19     0.10450748
2008  7 20     0.10128394
2008  7 21     0.09856932
2008  7 22     0.09586100
2008  7 23     0.09288985
2008  7 24     0.08984247
2008  7 25     0.08706665
2008  7 26     0.08449367
2008  7 27     0.08199986
2008  7 28     0.07958360
2008  7 29     0.07723476
2008  7 30     0.07495964
2008  7 31     0.07275371
2008  8  1     0.07060796
2008  8  2     0.06852325
2008  8  3     0.06650251
2008  8  4     0.06454389
2008  8  5     0.06263441
2008  8  6     0.06078159
2008  8  7     0.05898707
2008  8  8     0.05724466
2008  8  9     0.05556310
2008  8 10     0.05393660
2008  8 11     0.05234638
2008  8 12     0.05079275
2008  8 13     0.04928709
2008  8 14     0.04782597
2008  8 15     0.04640556
2008  8 16     0.04503267
2008  8 17     0.04370557
2008  8 18     0.04242281
2008  8 19     0.04118800
2008  8 20     0.03998693
2008  8 21     0.03879811
2008  8 22     0.03764573
2008  8 23     0.03653089
2008  8 24     0.03544785
2008  8 25     0.03440065
2008  8 26     0.03339064
2008  8 27     0.03240785
2008  8 28     0.03144759
2008  8 29     0.03051840
2008  8 30     0.02961879
2008  8 31     0.02874571
2008  9  1     0.02791639
2008  9  2     0.02710520
2008  9  3     0.02629112
2008  9  4     0.02550440
2008  9  5     0.02475147
2008  9  6     0.02402186
2008  9  7     0.02331375
2008  9  8     0.02262652
2008  9  9     0.02195955
2008  9 10     0.02131223
2008  9 11     0.02068400
2008  9 12     0.02007429
2008  9 13     0.01948255
2008  9 14     0.01890825
2008  9 15     0.01835088
2008  9 16     0.01780995
2008  9 17     0.01728495
2008  9 18     0.01677544
2008  9 19     0.01628094
2008  9 20     0.01580178
2008  9 21     0.01533974
2008  9 22     0.01488902
2008  9 23     0.01444726
2008  9 24     0.01401918
2008  9 25     0.01360545
2008  9 26     0.01320440
2008  9 27     0.01281517
2008  9 28     0.01243741
2008  9 29     0.01207078
2008  9 30     0.01171497
2008 10  1     0.01136964
2008 10  2     0.01103449
2008 10  3     0.06865698
2008 10  4     0.72716599
2008 10  5     0.55869437
2008 10  6     0.24992390
2008 10  7     0.11074512
2008 10  8     0.05245554
2008 10  9     0.03337852
2008 10 10     0.02251461
2008 10 11     0.01552593
2008 10 12     0.01103478
2008 10 13     0.00866139
2008 10 14     0.00780381
2008 10 15     0.00749228
2008 10 16     0.00726411
2008 10 17     0.00704623
2008 10 18     0.00683708
2008 10 19     0.00663612
2008 10 20     0.00644428
2008 10 21     0.00625711
2008 10 22     0.00607497
2008 10 23     0.00589576
2008 10 24     0.00571657
2008 10 25     0.00554478
2008 10 26     0.00538129
2008 10 27     0.00522267
2008 10 28     0.00506872
2008 10 29     0.00491930
2008 10 30     0.00503657
2008 10 31     0.16747917
2008 11  1     0.72772965
2008 11  2     2.51446511
2008 11  3     2.65912155
2008 11  4     1.63996099
2008 11  5     0.92155299
2008 11  6     0.51486729
2008 11  7     0.30176500
2008 11  8     0.20805188
2008 11  9     0.55018437
2008 11 10     0.40156974
2008 11 11     0.18975888
2008 11 12     0.09675095
2008 11 13     0.04981822
2008 11 14     0.02693258
2008 11 15     0.01382552
2008 11 16     0.00736349
2008 11 17     0.00418314
2008 11 18     0.00315071
2008 11 19     0.00320678
2008 11 20     0.00367085
2008 11 21     0.00360667
2008 11 22     0.00333814
2008 11 23     0.00319927
2008 11 24     0.00299894
2008 11 25     0.00300651
2008 11 26     0.03119348
2008 11 27     0.07556392
2008 11 28     0.04650791
2008 11 29     0.01586830
2008 11 30     0.01034416
2008 12  1     0.00548052
2008 12  2     0.00351441
2008 12  3     0.00261022
2008 12  4     0.00229943
2008 12  5     0.00225348
2008 12  6     0.00211317
2008 12  7     0.00210075
2008 12  8     0.00224812
2008 12  9     0.00228706
2008 12 10     0.00198742
2008 12 11     0.00158815
2008 12 12     0.00165462
2008 12 13     0.09543955
2008 12 14     0.12046907
2008 12 15     0.30117756
2008 12 16     0.22386196
2008 12 17     0.09470942
2008 12 18     0.05642279
2008 12 19     0.35922421
2008 12 20     0.19216009
2008 12 21     0.45744384
2008 12 22     1.23029922
2008 12 23     0.69485850
2008 12 24     0.55157685
2008 12 25     0.92805555
2008 12 26     0.67778489
2008 12 27     0.63761436
2008 12 28     0.38840761
2008 12 29     0.65209156
2008 12 30     0.46206492
2008 12 31     0.26250913
2009  1  1     0.18181931
2009  1  2     0.74097293
2009  1  3     0.50112444
2009  1  4     0.31969118
2009  1  5     0.43661403
2009  1  6     0.29890807
2009  1  7     0.20656319
2009  1  8     0.14681690
2009  1  9     0.10825528
2009  1 10     0.08851983
2009  1 11     0.08775055
2009  1 12     0.09020744
2009  1 13     0.09709144
2009  1 14     0.10352315
2009  1 15     0.10027508
2009  1 16     0.09552096
2009  1 17     0.09707326
2009  1 18     0.09231585
2009  1 19     0.08649146
2009  1 20     0.08939722
2009  1 21     0.09201150
2009  1 22     1.37193731
2009  1 23     2.71841212
2009  1 24     3.24714391
2009  1 25     2.26124943
2009  1 26     1.56288833
2009  1 27     0.89879879
2009  1 28     0.63889559
2009  1 29     0.58320873
2009  1 30     0.56266979
2009  1 31     0.50345407
2009  2  1     0.43289567
2009  2  2     0.39973879
2009  2  3     0.38995741
2009  2  4     0.36395204
2009  2  5     0.33316878
2009  2  6     0.58938593
2009  2  7     0.48930372
2009  2  8     0.49470749
2009  2  9     2.00695465
2009  2 10     1.22885886
2009  2 11     1.08825999
2009  2 12     0.92913172
2009  2 13     1.27585049
2009  2 14     1.87630864
2009  2 15     1.03411109
2009  2 16     1.21705457
2009  2 17     3.01480672
2009  2 18     4.09859438
2009  2 19     2.20573329
2009  2 20     1.33931662
2009  2 21     1.22145584
2009  2 22     2.84920871
2009  2 23     8.79319885
2009  2 24     9.04922695
2009  2 25     4.49965040
2009  2 26     4.04109232
2009  2 27     2.88427268
2009  2 28     2.05965638
2009  3  1     3.13615316
2009  3  2     8.56116795
2009  3  3    14.09850168
2009  3  4    15.24901483
2009  3  5     5.80689842
2009  3  6     3.25599386
2009  3  7     2.74727756
2009  3  8     2.44760285
2009  3  9     2.15916676
2009  3 10     1.94518137
2009  3 11     1.89870253
2009  3 12     2.00625145
2009  3 13     2.12871115
2009  3 14     2.07995667
2009  3 15     2.39437109
2009  3 16     3.48498197
2009  3 17     3.19550669
2009  3 18     2.85344519
2009  3 19     2.78990383
2009  3 20     2.63132994
2009  3 21     2.67697981
2009  3 22     5.10286026
2009  3 23     4.19035472
2009  3 24     2.77947454
2009  3 25     2.55867825
2009  3 26     2.39992238
2009  3 27     2.26101940
2009  3 28     2.22328984
2009  3 29     2.14056521
2009  3 30     1.90174939
2009  3 31     1.82330289
2009  4  1     1.88017696
2009  4  2     1.90918197
2009  4  3     1.74965161
2009  4  4     1.56291088
2009  4  5     1.49235061
2009  4  6     1.52921420
2009  4  7     1.68955014
2009  4  8     3.12719690
2009  4  9     3.47534752
2009  4 10     4.55082549
2009  4 11     3.21232750
2009  4 12     2.21009610
2009  4 13     2.03362028
2009  4 14     1.85102676
2009  4 15     1.62079470
2009  4 16     1.47827935
2009  4 17     1.48590330
2009  4 18     1.59499188
2009  4 19     1.74834355
2009  4 20     1.92122557
2009  4 21     2.05883240
2009  4 22     2.08448486
2009  4 23     2.04148321
2009  4 24     1.86163621
2009  4 25     1.56874367
2009  4 26     1.43891129
2009  4 27     1.39541066
2009  4 28     1.33157066
2009  4 29     1.27121823
2009  4 30     1.25925429
2009  5  1     2.37342615
2009  5  2     7.24340991
2009  5  3     8.64450012
2009  5  4    11.92657515
2009  5  5    12.91726046
2009  5  6     7.42074155
2009  5  7     3.97517969
2009  5  8     3.27995699
2009  5  9     2.81438693
2009  5 10     2.50311573
2009  5 11     2.27409302
2009  5 12     2.09415425
2009  5 13     1.92647613
2009  5 14     1.78834530
2009  5 15     1.68781004
2009  5 16     1.59997171
2009  5 17     1.51361858
2009  5 18     1.43443108
2009  5 19     1.37443828
2009  5 20     1.32383529
2009  5 21     1.27235726
2009  5 22     1.22296391
2009  5 23     1.17652846
2009  5 24     1.13414333
2009  5 25     1.09503129
2009  5 26     1.09006776
2009  5 27     1.03695257
2009  5 28     0.96827158
2009  5 29     0.93864884
2009  5 30     0.90972311
2009  5 31     0.88039131
2009  6  1     0.86072228
2009  6  2     0.86175263
2009  6  3     0.85303471
2009  6  4     0.99116238
2009  6  5     0.89546153
2009  6  6     0.82043898
2009  6  7     0.77793254
2009  6  8     0.72439019
2009  6  9     0.68851173
2009  6 10     0.66808837
2009  6 11     0.64972803
2009  6 12     0.62879498
2009  6 13     0.60954834
2009  6 14     0.60200748
2009  6 15     0.58455934
2009  6 16     0.55512988
2009  6 17     0.53021710
2009  6 18     0.50885724
2009  6 19     0.48973703
2009  6 20     0.47904605
2009  6 21     0.47246800
2009  6 22     0.45770434
2009  6 23     0.43592678
2009  6 24     0.41395974
2009  6 25     0.39767430
2009  6 26     0.38727100
2009  6 27     0.37254513
2009  6 28     0.35346250
2009  6 29     0.34028343
2009  6 30     0.33165647
2009  7  1     0.32215557
2009  7  2     0.31277985
2009  7  3     0.30344963
2009  7  4     0.29423902
2009  7  5     0.28826153
2009  7  6     0.28345495
2009  7  7     0.27656297
2009  7  8     0.26876847
2009  7  9     0.25971208
2009  7 10     0.25084983
2009  7 11     0.24096236
2009  7 12     0.23303135
2009  7 13     0.22584365
2009  7 14     0.21780490
2009  7 15     0.20967852
2009  7 16     0.20242406
2009  7 17     0.19555361
2009  7 18     0.18864333
2009  7 19     0.18216362
2009  7 20     0.17682958
2009  7 21     0.17235347
2009  7 22     0.16777634
2009  7 23     0.16177334
2009  7 24     0.15694169
2009  7 25     0.15254767
2009  7 26     0.14735299
2009  7 27     0.14149230
2009  7 28     0.13636191
2009  7 29     0.13231470
2009  7 30     0.12899118
2009  7 31     0.12727130
2009  8  1     0.12341158
2009  8  2     0.11892583
2009  8  3     0.11648206
2009  8  4     0.11371670
2009  8  5     0.11142149
2009  8  6     0.11263652
2009  8  7     0.11100410
2009  8  8     0.10571924
2009  8  9     0.09899836
2009  8 10     0.09348502
2009  8 11     0.08945366
2009  8 12     0.08678188
2009  8 13     0.08518364
2009  8 14     0.08350816
2009  8 15     0.08179939
2009  8 16     0.07887995
2009  8 17     0.07511963
2009  8 18     0.07215317
2009  8 19     0.06989820
2009  8 20     0.06782535
2009  8 21     0.06581969
2009  8 22     0.06387858
2009  8 23     0.06208503
2009  8 24     0.06066677
2009  8 25     0.05870820
2009  8 26     0.05672259
2009  8 27     0.05502197
2009  8 28     0.05339184
2009  8 29     0.05181102
2009  8 30     0.05028003
2009  8 31     0.04879975
2009  9  1     0.04736006
2009  9  2     0.04595925
2009  9  3     0.04460169
2009  9  4     0.04328464
2009  9  5     0.04201182
2009  9  6     0.04078030
2009  9  7     0.03959146
2009  9  8     0.03842462
2009  9  9     0.03727989
2009  9 10     0.03616915
2009  9 11     0.03509612
2009  9 12     0.03406040
2009  9 13     0.03306160
2009  9 14     0.03726693
2009  9 15     0.03421301
2009  9 16     0.03067369
2009  9 17     0.02933093
2009  9 18     0.02846318
2009  9 19     0.02762415
2009  9 20     0.02680986
2009  9 21     0.02601958
2009  9 22     0.02525449
2009  9 23     0.02450973
2009  9 24     0.02378576
2009  9 25     0.02308461
2009  9 26     0.02240414
2009  9 27     0.02174372
2009  9 28     0.02110277
2009  9 29     0.02048554
2009  9 30     0.02036568
2009 10  1     0.01980387
2009 10  2     0.01888208
2009 10  3     0.01837426
2009 10  4     0.05589564
2009 10  5     0.05296427
2009 10  6     0.02094365
2009 10  7     0.02245266
2009 10  8     0.02396212
2009 10  9     0.02045141
2009 10 10     0.01581025
2009 10 11     0.01432063
2009 10 12     0.02640670
2009 10 13     0.62597487
2009 10 14     2.13977779
2009 10 15     1.52921596
2009 10 16     0.57066820
2009 10 17     0.29065779
2009 10 18     0.15279344
2009 10 19     0.12392170
2009 10 20     0.13901454
2009 10 21     0.08822240
2009 10 22     0.04470686
2009 10 23     0.02951037
2009 10 24     0.01923103
2009 10 25     0.01364448
2009 10 26     0.01164552
2009 10 27     0.01223156
2009 10 28     0.01318938
2009 10 29     0.01271519
2009 10 30     0.01119006
2009 10 31     0.00964239
2009 11  1     0.00850448
2009 11  2     0.00785834
2009 11  3     0.00753119
2009 11  4     0.00749772
2009 11  5     0.00803509
2009 11  6     0.01747449
2009 11  7     0.02834237
2009 11  8     0.01671856
2009 11  9     0.01264336
2009 11 10     0.01091602
2009 11 11     0.01154930
2009 11 12     0.17412755
2009 11 13     0.12475663
2009 11 14     0.05169609
2009 11 15     0.03521936
2009 11 16     0.02061252
2009 11 17     0.02042732
2009 11 18     0.17386694
2009 11 19     0.10052905
2009 11 20     0.23107414
2009 11 21     0.37561508
2009 11 22     0.26941326
2009 11 23     0.23442472
2009 11 24     0.14526671
2009 11 25     0.08112437
2009 11 26     0.05103112
2009 11 27     0.06919809
2009 11 28     0.11154830
2009 11 29     0.06961049
2009 11 30     0.04478443
2009 12  1     0.05829341
2009 12  2     0.02448422
2009 12  3     0.01625684
2009 12  4     0.01055760
2009 12  5     0.00815021
2009 12  6     0.01167912
2009 12  7     0.24632856
2009 12  8     0.05960470
2009 12  9     0.02370318
2009 12 10     0.04140127
2009 12 11     0.66395156
2009 12 12     1.38547459
2009 12 13     1.78079447
2009 12 14     2.43376615
2009 12 15     1.26029102
2009 12 16     0.68726955
2009 12 17     0.47617588
2009 12 18     0.31158391
2009 12 19     0.23884576
2009 12 20     0.15913357
2009 12 21     0.34562896
2009 12 22     0.73240355
2009 12 23     0.41763122
2009 12 24     0.25077411
2009 12 25     0.19457398
2009 12 26     0.12903449
2009 12 27     0.30047670
2009 12 28     0.50815441
2009 12 29     0.31687667
2009 12 30     0.54494337
2009 12 31     0.32745938
2010  1  1     0.39688618
2010  1  2     0.28565350
2010  1  3     0.16142002
2010  1  4     0.13784635
2010  1  5     0.12381259
2010  1  6     0.11399515
2010  1  7     0.11102934
2010  1  8     0.11366287
2010  1  9     0.12786634
2010  1 10     0.12590545
2010  1 11     0.11709146
2010  1 12     0.91539504
2010  1 13     2.71966446
2010  1 14     1.68417894
2010  1 15     0.68918675
2010  1 16     0.50856769
2010  1 17     0.74361753
2010  1 18     2.35225104
2010  1 19     4.46707593
2010  1 20     3.93724953
2010  1 21     3.80770751
2010  1 22     3.43131459
2010  1 23     2.18022457
2010  1 24     1.41841280
2010  1 25     2.68643347
2010  1 26     4.33693981
2010  1 27     2.96934144
2010  1 28     1.63595072
2010  1 29     1.24700312
2010  1 30     2.20325018
2010  1 31     1.65945089
2010  2  1     1.22229601
2010  2  2     1.01023801
2010  2  3     1.10668931
2010  2  4     1.03408401
2010  2  5     3.14739159
2010  2  6     2.94760955
2010  2  7     1.79631407
2010  2  8     1.63792939
2010  2  9     2.33158681
2010  2 10     1.49593269
2010  2 11     1.05461070
2010  2 12     1.00795367
2010  2 13     0.92860256
2010  2 14     0.88460593
2010  2 15     0.89898623
2010  2 16     0.90841090
2010  2 17     0.87065903
2010  2 18     0.81760469
2010  2 19     0.77467320
2010  2 20     1.04750672
2010  2 21     1.79361137
2010  2 22     2.18344639
2010  2 23     1.68451971
2010  2 24     5.62811480
2010  2 25     3.80017906
2010  2 26     2.83570379
2010  2 27     8.82134569
2010  2 28     5.41798545
2010  3  1     3.12905407
2010  3  2     3.43871401
2010  3  3     4.73793688
2010  3  4     4.17457870
2010  3  5     2.39163708
2010  3  6     1.88815717
2010  3  7     1.92254682
2010  3  8     1.86296303
2010  3  9     1.76345572
2010  3 10     2.58041879
2010  3 11     2.26228380
2010  3 12     2.62998170
2010  3 13     4.37046980
2010  3 14     2.64267876
2010  3 15     1.97878579
2010  3 16     1.90865538
2010  3 17     1.99325471
2010  3 18     1.94811392
2010  3 19     1.78173118
2010  3 20     1.67120886
2010  3 21     1.63440025
2010  3 22     1.60485721
2010  3 23     1.57052150
2010  3 24     1.52750266
2010  3 25     1.86361663
2010  3 26     1.79470358
2010  3 27     1.47551853
2010  3 28     1.51484640
2010  3 29     1.78804866
2010  3 30     4.03146425
2010  3 31     5.74879917
2010  4  1     3.07702698
2010  4  2     2.11629457
2010  4  3     2.94120654
2010  4  4     2.75065821
2010  4  5     5.58104292
2010  4  6     3.40364898
2010  4  7     2.31265315
2010  4  8     2.48900379
2010  4  9     2.51089327
2010  4 10     2.27112264
2010  4 11     2.59742315
2010  4 12     5.94389750
2010  4 13     5.97940164
2010  4 14     3.51263780
2010  4 15     2.70130657
2010  4 16     2.63319320
2010  4 17     2.48835456
2010  4 18     2.47958249
2010  4 19     2.42189587
2010  4 20     3.68294740
2010  4 21     5.68643978
2010  4 22     4.67083855
2010  4 23     3.40200371
2010  4 24     2.78937666
2010  4 25     2.62143002
2010  4 26     2.58624191
2010  4 27     4.25531768
2010  4 28     8.27031983
2010  4 29     7.03807511
2010  4 30     4.05501145
2010  5  1     3.31027659
2010  5  2     3.16645838
2010  5  3     2.98006969
2010  5  4     2.97572459
2010  5  5     2.76953591
2010  5  6     2.30374905
2010  5  7     2.10131257
2010  5  8     2.17156292
2010  5  9     2.11932717
2010  5 10     2.16993797
2010  5 11     4.58963342
2010  5 12     3.30735885
2010  5 13     2.45226639
2010  5 14     2.58185385
2010  5 15     2.61041063
2010  5 16     2.58975721
2010  5 17     2.62099072
2010  5 18     2.97340607
2010  5 19     2.78577878
2010  5 20     2.63847627
2010  5 21     2.28678357
2010  5 22     2.08933554
2010  5 23     1.87061278
2010  5 24     1.68654084
2010  5 25     1.97077533
2010  5 26     5.32184345
2010  5 27     7.22347866
2010  5 28     6.98758824
2010  5 29     4.17685596
2010  5 30     3.01714839
2010  5 31     2.98906424
2010  6  1     2.98761073
2010  6  2     2.87242736
2010  6  3     2.93078015
2010  6  4     2.94609190
2010  6  5     2.73195165
2010  6  6     2.63352020
2010  6  7     2.52824935
2010  6  8     2.26050141
2010  6  9     2.03852613
2010  6 10     1.85478797
2010  6 11     1.66891708
2010  6 12     1.53690798
2010  6 13     1.43294727
2010  6 14     1.35265913
2010  6 15     1.29040923
2010  6 16     1.23811138
2010  6 17     1.18577211
2010  6 18     1.13312130
2010  6 19     1.09098267
2010  6 20     1.05158670
2010  6 21     1.00834415
2010  6 22     0.96517046
2010  6 23     0.92380084
2010  6 24     0.88904988
2010  6 25     0.86886221
2010  6 26     0.83441574
2010  6 27     0.79181777
2010  6 28     0.75666599
2010  6 29     0.73384195
2010  6 30     0.71455028
2010  7  1     0.69793469
2010  7  2     0.67741643
2010  7  3     0.65568347
2010  7  4     0.62968582
2010  7  5     0.60598452
2010  7  6     0.58744032
2010  7  7     0.57087488
2010  7  8     0.54950820
2010  7  9     0.52964853
2010  7 10     0.51144183
2010  7 11     0.49290334
2010  7 12     0.47613657
2010  7 13     0.46751115
2010  7 14     0.45266046
2010  7 15     0.43351676
2010  7 16     0.41430764
2010  7 17     0.39997542
2010  7 18     0.38745596
2010  7 19     0.37684266
2010  7 20     0.36753858
2010  7 21     0.35854050
2010  7 22     0.35194175
2010  7 23     0.33726673
2010  7 24     0.32403666
2010  7 25     0.32733170
2010  7 26     0.32474565
2010  7 27     0.30611252
2010  7 28     0.29132300
2010  7 29     0.28137945
2010  7 30     0.27202061
2010  7 31     0.26415745
2010  8  1     0.25549484
2010  8  2     0.24754458
2010  8  3     0.24006623
2010  8  4     0.23237649
2010  8  5     0.22553907
2010  8  6     0.21907878
2010  8  7     0.21279802
2010  8  8     0.23209286
2010  8  9     0.22347496
2010  8 10     0.19584012
2010  8 11     0.19043519
2010  8 12     0.18454377
2010  8 13     0.17807987
2010  8 14     0.17212047
2010  8 15     0.16668371
2010  8 16     0.16043969
2010  8 17     0.15514208
2010  8 18     0.15149576
2010  8 19     0.14718634
2010  8 20     0.14272395
2010  8 21     0.13937065
2010  8 22     0.13678254
2010  8 23     0.13106093
2010  8 24     0.12459762
2010  8 25     0.11931609
2010  8 26     0.11516544
2010  8 27     0.11422123
2010  8 28     0.11482393
2010  8 29     0.11742913
2010  8 30     0.11292353
2010  8 31     0.10607661
2010  9  1     0.10043445
2010  9  2     0.09497234
2010  9  3     0.09091007
2010  9  4     0.08825314
2010  9  5     0.08646939
2010  9  6     0.08435949
2010  9  7     0.08276650
2010  9  8     0.08319924
2010  9  9     0.08354132
2010  9 10     0.07979448
2010  9 11     0.07491769
2010  9 12     0.07089168
2010  9 13     0.06899750
2010  9 14     0.06756949
2010  9 15     0.06543416
2010  9 16     0.06297963
2010  9 17     0.06109458
2010  9 18     0.05971721
2010  9 19     0.05945472
2010  9 20     0.05801085
2010  9 21     0.05607335
2010  9 22     0.05488702
2010  9 23     0.05281378
2010  9 24     0.04972314
2010  9 25     0.04709524
2010  9 26     0.04538691
2010  9 27     0.04404419
2010  9 28     0.04274060
2010  9 29     0.04147322
2010  9 30     0.04024761
2010 10  1     0.03906650
2010 10  2     0.03853866
2010 10  3     0.10633653
2010 10  4     0.32267526
2010 10  5     0.36873322
2010 10  6     0.28604981
2010 10  7     0.22065054
2010 10  8     0.13296155
2010 10  9     0.06710510
2010 10 10     0.04580513
2010 10 11     0.03558318
2010 10 12     0.03091316
2010 10 13     0.02851026
2010 10 14     0.02698712
2010 10 15     0.02596426
2010 10 16     0.02537650
2010 10 17     0.07528170
2010 10 18     0.10947331
2010 10 19     0.08060450
2010 10 20     0.02783165
2010 10 21     0.02685945
2010 10 22     0.04573393
2010 10 23     0.56616389
2010 10 24     3.36258794
2010 10 25     6.30679188
2010 10 26     3.63606219
2010 10 27     1.41335023
2010 10 28     0.92389701
2010 10 29     0.60698907
2010 10 30     0.58610761
2010 10 31     0.45845752
2010 11  1     0.32541610
2010 11  2     0.23121968
2010 11  3     0.19033190
2010 11  4     0.16637011
2010 11  5     0.15073499
2010 11  6     0.14058129
2010 11  7     1.12986366
2010 11  8     2.33807108
2010 11  9     1.47580420
2010 11 10     1.30721355
2010 11 11     0.96300209
2010 11 12     0.55264108
2010 11 13     0.43460874
2010 11 14     0.35660632
2010 11 15     0.32048557
2010 11 16     0.29643585
2010 11 17     0.27874211
2010 11 18     0.27731688
2010 11 19     0.43012086
2010 11 20     1.62538451
2010 11 21     1.73998331
2010 11 22     3.19394608
2010 11 23     4.24839246
2010 11 24     2.35848713
2010 11 25     1.13639720
2010 11 26     0.75807941
2010 11 27     1.38793333
2010 11 28     1.28299184
2010 11 29     1.19341420
2010 11 30     0.73097630
2010 12  1     0.52577984
2010 12  2     1.03610570
2010 12  3     3.01897566
2010 12  4     2.17294749
2010 12  5     2.67887615
2010 12  6     7.34892995
2010 12  7     4.54951651
2010 12  8     2.68821807
2010 12  9     4.22250638
2010 12 10     5.77027056
2010 12 11     3.68184950
2010 12 12     1.91921062
2010 12 13     1.57892539
2010 12 14     6.16081554
2010 12 15     7.43169471
2010 12 16     3.62838055
2010 12 17     3.20988300
2010 12 18    18.94882273
2010 12 19    25.37135949
2010 12 20    15.68449197
2010 12 21     7.00054918
2010 12 22     6.25094334
2010 12 23     4.82578470
2010 12 24     3.61887911
2010 12 25     4.33314248
2010 12 26     6.20664773
2010 12 27     6.53884456
2010 12 28     5.25602962
2010 12 29    16.17502105
2010 12 30     8.30629589
2010 12 31     4.07448301
2011  1  1     4.66796096
2011  1  2     5.66036104
2011  1  3     4.96192878
2011  1  4     3.21180396
2011  1  5     2.67026675
2011  1  6     2.43231345
2011  1  7     2.23828623
2011  1  8     2.08488949
2011  1  9     1.95879881
2011  1 10     1.86014554
2011  1 11     1.85155623
2011  1 12     1.82686004
2011  1 13     2.31081849
2011  1 14     2.86133574
2011  1 15     2.38572200
2011  1 16     2.04002225
2011  1 17     1.94990723
2011  1 18     1.84530265
2011  1 19     1.71487406
2011  1 20     1.63363590
2011  1 21     1.61274505
2011  1 22     1.58124456
2011  1 23     1.52485018
2011  1 24     1.49462938
2011  1 25     1.47547475
2011  1 26     1.43992864
2011  1 27     1.41759011
2011  1 28     1.39287408
2011  1 29     1.44759285
2011  1 30     4.67143243
2011  1 31     5.02101333
2011  2  1     2.49951435
2011  2  2     1.87315739
2011  2  3     1.67348411
2011  2  4     1.57103062
2011  2  5     1.51838797
2011  2  6     1.51790915
2011  2  7     1.49203157
2011  2  8     1.34430607
2011  2  9     1.22745030
2011  2 10     1.18975444
2011  2 11     1.18901220
2011  2 12     1.22570143
2011  2 13     1.29632263
2011  2 14     1.54520586
2011  2 15     2.26359354
2011  2 16     5.57022086
2011  2 17     4.94768044
2011  2 18     6.46920364
2011  2 19     5.17510337
2011  2 20     4.21797870
2011  2 21     2.26893697
2011  2 22     2.29380628
2011  2 23     1.87589090
2011  2 24     2.16895290
2011  2 25     5.25643781
2011  2 26     3.88580298
2011  2 27     3.64148403
2011  2 28     6.69579894
2011  3  1     3.86262373
2011  3  2     4.52494593
2011  3  3     6.67318993
2011  3  4     4.29543126
2011  3  5     3.32331622
2011  3  6     8.17029591
2011  3  7    13.29673034
2011  3  8     6.35990799
2011  3  9     3.86915666
2011  3 10     4.76883852
2011  3 11     4.62657819
2011  3 12     3.92709487
2011  3 13     4.79865977
2011  3 14    15.60542829
2011  3 15    15.15281508
2011  3 16    28.09674026
2011  3 17    15.65778248
2011  3 18     8.35240647
2011  3 19    15.34864200
2011  3 20    14.40180490
2011  3 21    11.95854523
2011  3 22     9.42359739
2011  3 23     7.71797177
2011  3 24    10.73035682
2011  3 25    13.80872039
2011  3 26    14.45200637
2011  3 27    14.80492418
2011  3 28    11.31512504
2011  3 29     7.36221233
2011  3 30     6.64901890
2011  3 31     6.90481691
2011  4  1     7.29962139
2011  4  2     7.13992419
2011  4  3     6.14780757
2011  4  4     5.80463632
2011  4  5     5.91360305
2011  4  6     5.51286108
2011  4  7     4.73238560
2011  4  8     3.89139995
2011  4  9     3.48106539
2011  4 10     3.51629725
2011  4 11     3.73237643
2011  4 12     3.89696516
2011  4 13     3.55819375
2011  4 14     3.27921276
2011  4 15     3.63563815
2011  4 16     4.44849743
2011  4 17     5.15278458
2011  4 18     6.31727836
2011  4 19     7.00736472
2011  4 20     6.19431447
2011  4 21     8.46665152
2011  4 22     7.23112196
2011  4 23     5.19293483
2011  4 24     5.51599214
2011  4 25     7.35491761
2011  4 26     6.38945142
2011  4 27     5.01324455
2011  4 28     4.70739652
2011  4 29     4.22520992
2011  4 30     3.73135829
2011  5  1     3.74792516
2011  5  2     4.14343813
2011  5  3     4.77801117
2011  5  4     5.16283681
2011  5  5     5.38745558
2011  5  6     5.52648599
2011  5  7     5.54063713
2011  5  8     4.92028220
2011  5  9     4.05454546
2011  5 10     3.75842259
2011  5 11     4.02313525
2011  5 12     4.49548140
2011  5 13     4.91850167
2011  5 14     5.10075166
2011  5 15     5.86614942
2011  5 16     5.88181958
2011  5 17     5.76888115
2011  5 18    10.32622378
2011  5 19     7.40455125
2011  5 20     5.16528199
2011  5 21     5.22825130
2011  5 22     5.13135704
2011  5 23     4.58756809
2011  5 24     4.30646233
2011  5 25     4.51210041
2011  5 26     4.98555056
2011  5 27     4.45587543
2011  5 28     3.79059061
2011  5 29     3.95352830
2011  5 30     3.63956489
2011  5 31     3.57169994
2011  6  1     3.87606342
2011  6  2     4.40080877
2011  6  3     3.50621594
2011  6  4     4.25998159
2011  6  5     5.68906611
2011  6  6    11.96306867
2011  6  7     8.26964809
2011  6  8     5.21261147
2011  6  9     4.96885195
2011  6 10     4.84180784
2011  6 11     4.67757300
2011  6 12     4.55032578
2011  6 13     4.61742525
2011  6 14     4.79847990
2011  6 15     4.86736161
2011  6 16     4.70459820
2011  6 17     4.32196078
2011  6 18     4.00177320
2011  6 19     3.81726166
2011  6 20     3.69936363
2011  6 21     3.72104555
2011  6 22     3.65981083
2011  6 23     3.38149114
2011  6 24     3.09755428
2011  6 25     2.89206748
2011  6 26     2.75308710
2011  6 27     2.68680255
2011  6 28     2.73420878
2011  6 29     3.98911360
2011  6 30     3.29034524
2011  7  1     2.56497900
2011  7  2     2.39941706
2011  7  3     2.19800748
2011  7  4     1.99447434
2011  7  5     1.87200304
2011  7  6     1.80070200
2011  7  7     1.63774786
2011  7  8     1.45902339
2011  7  9     1.38185725
2011  7 10     1.32408612
2011  7 11     1.27441407
2011  7 12     1.23081887
2011  7 13     1.19188006
2011  7 14     1.15289640
2011  7 15     1.11252708
2011  7 16     1.07646487
2011  7 17     1.04312207
2011  7 18     1.00424801
2011  7 19     0.96661923
2011  7 20     0.93109727
2011  7 21     0.89561876
2011  7 22     0.86405367
2011  7 23     0.83452828
2011  7 24     0.80533997
2011  7 25     0.78217122
2011  7 26     0.76088805
2011  7 27     0.73651760
2011  7 28     0.70868792
2011  7 29     0.68084427
2011  7 30     0.68987708
2011  7 31     0.66637208
2011  8  1     0.61991556
2011  8  2     0.60088754
2011  8  3     0.58180466
2011  8  4     0.56801848
2011  8  5     0.55356680
2011  8  6     0.53683752
2011  8  7     0.51970816
2011  8  8     0.50368522
2011  8  9     0.48733713
2011  8 10     0.47112032
2011  8 11     0.45654194
2011  8 12     0.44256728
2011  8 13     0.42700859
2011  8 14     0.41232118
2011  8 15     0.40414416
2011  8 16     0.39126371
2011  8 17     0.37796154
2011  8 18     0.36424755
2011  8 19     0.35522230
2011  8 20     0.34363398
2011  8 21     0.33324542
2011  8 22     0.32377534
2011  8 23     0.31262835
2011  8 24     0.29963926
2011  8 25     0.28862978
2011  8 26     0.27963931
2011  8 27     0.27101597
2011  8 28     0.26236411
2011  8 29     0.25513792
2011  8 30     0.24854014
2011  8 31     0.24173040
2011  9  1     0.23448327
2011  9  2     0.22652521
2011  9  3     0.21997193
2011  9  4     0.21349289
2011  9  5     0.20708429
2011  9  6     0.20124933
2011  9  7     0.19497722
2011  9  8     0.18862621
2011  9  9     0.18270011
2011  9 10     0.17744413
2011  9 11     0.17816704
2011  9 12     0.26748073
2011  9 13     0.24691220
2011  9 14     0.17566754
2011  9 15     0.16322962
2011  9 16     0.15356392
2011  9 17     0.14881769
2011  9 18     0.16953578
2011  9 19     0.15774604
2011  9 20     0.13319686
2011  9 21     0.12911678
2011  9 22     0.12439529
2011  9 23     0.12095311
2011  9 24     0.11740012
2011  9 25     0.12007109
2011  9 26     0.11853696
2011  9 27     0.10982710
2011  9 28     0.10510135
2011  9 29     0.10102975
2011  9 30     0.09798575
2011 10  1     0.09724883
2011 10  2     0.09567827
2011 10  3     0.09337637
2011 10  4     0.14013399
2011 10  5     2.13757969
2011 10  6     1.88471114
2011 10  7     0.90349040
2011 10  8     0.50960380
2011 10  9     0.31293550
2011 10 10     0.75292518
2011 10 11     1.71233847
2011 10 12     0.91934959
2011 10 13     0.38806102
2011 10 14     0.23791239
2011 10 15     0.16223466
2011 10 16     0.12310267
2011 10 17     0.10136872
2011 10 18     0.08653448
2011 10 19     0.07874151
2011 10 20     0.07427838
2011 10 21     0.07019005
2011 10 22     0.06695567
2011 10 23     0.06402253
2011 10 24     0.06141482
2011 10 25     0.06761464
2011 10 26     0.06746032
2011 10 27     0.06456848
2011 10 28     0.06167571
2011 10 29     0.05783858
2011 10 30     0.05453754
2011 10 31     0.05213078
2011 11  1     0.05173635
2011 11  2     0.05277744
2011 11  3     0.11006466
2011 11  4     0.28055943
2011 11  5     0.25785997
2011 11  6     0.66767202
2011 11  7     0.53597744
2011 11  8     0.25639287
2011 11  9     0.16546012
2011 11 10     0.11404185
2011 11 11     0.10436087
2011 11 12     0.12642632
2011 11 13     0.10255028
2011 11 14     0.08560633
2011 11 15     0.07530283
2011 11 16     0.06873862
2011 11 17     0.06220589
2011 11 18     0.09387781
2011 11 19     0.29702705
2011 11 20     0.46107862
2011 11 21     0.34707391
2011 11 22     0.19313777
2011 11 23     0.13627134
2011 11 24     0.32868152
2011 11 25     0.13916364
2011 11 26     0.08959878
2011 11 27     0.07129859
2011 11 28     0.06783279
2011 11 29     0.05419977
2011 11 30     0.04656706
2011 12  1     0.04233511
2011 12  2     0.03718760
2011 12  3     0.03680222
2011 12  4     0.03616335
2011 12  5     0.03463560
2011 12  6     0.03462778
2011 12  7     0.03346125
2011 12  8     0.03245775
2011 12  9     0.03215959
2011 12 10     0.03034610
2011 12 11     0.02923362
2011 12 12     0.03029564
2011 12 13     0.03079576
2011 12 14     0.02994427
2011 12 15     0.09367767
2011 12 16     0.03987722
2011 12 17     0.03154088
2011 12 18     0.03016106
2011 12 19     0.02695166
2011 12 20     0.02479620
2011 12 21     0.02317186
2011 12 22     0.02323047
2011 12 23     0.02361216
2011 12 24     0.02221545
2011 12 25     0.02016140
2011 12 26     0.02047508
2011 12 27     0.02022556
2011 12 28     0.01958577
2011 12 29     0.02010556
2011 12 30     0.03029307
2011 12 31     0.02531744
2012  1  1     0.01697378
2012  1  2     0.01609173
2012  1  3     0.01662419
2012  1  4     0.01508517
2012  1  5     0.01327916
2012  1  6     0.01289786
2012  1  7     0.01317315
2012  1  8     0.01250865
2012  1  9     0.01182958
2012  1 10     0.01108942
2012  1 11     0.01051460
2012  1 12     0.01045157
2012  1 13     0.01003337
2012  1 14     0.00958636
2012  1 15     0.01020026
2012  1 16     0.01282907
2012  1 17     0.01467343
2012  1 18     0.01425505
2012  1 19     0.05961490
2012  1 20     1.26866050
2012  1 21     4.87312260
2012  1 22     3.80481860
2012  1 23     7.21960695
2012  1 24     4.63887561
2012  1 25     2.00472327
2012  1 26     1.43952029
2012  1 27     1.16756886
2012  1 28     0.86006459
2012  1 29     0.68425928
2012  1 30     0.58855656
2012  1 31     0.54149777
2012  2  1     0.56101971
2012  2  2     0.46108963
2012  2  3     0.39949716
2012  2  4     0.36983833
2012  2  5     0.34814541
2012  2  6     0.33245495
2012  2  7     0.36429073
2012  2  8     0.34744757
2012  2  9     0.35352495
2012  2 10     0.36661331
2012  2 11     0.35229240
2012  2 12     0.36664627
2012  2 13     2.41859482
2012  2 14     1.42672459
2012  2 15     1.11638525
2012  2 16     0.75640516
2012  2 17     0.54290751
2012  2 18     0.45837161
2012  2 19     0.37026098
2012  2 20     0.33364817
2012  2 21     0.35886044
2012  2 22     0.39827325
2012  2 23     0.41190503
2012  2 24     0.39053598
2012  2 25     0.33369679
2012  2 26     0.27347351
2012  2 27     0.27850521
2012  2 28     0.29603597
2012  2 29     1.63500183
2012  3  1     5.64308497
2012  3  2     3.36560182
2012  3  3     1.59372133
2012  3  4     1.28648122
2012  3  5     1.15114604
2012  3  6     1.15004979
2012  3  7     0.76764128
2012  3  8     0.68956855
2012  3  9     0.71107700
2012  3 10     0.72721485
2012  3 11     0.89647280
2012  3 12     0.75907669
2012  3 13     2.47852445
2012  3 14    11.12118173
2012  3 15    12.71934102
2012  3 16    18.04522777
2012  3 17    23.47929454
2012  3 18    13.35561823
2012  3 19     9.34944545
2012  3 20     5.25831472
2012  3 21     4.14898527
2012  3 22     4.37729790
2012  3 23     3.99165268
2012  3 24     3.40602624
2012  3 25     3.33127378
2012  3 26     3.21170592
2012  3 27     3.20176090
2012  3 28     7.42901978
2012  3 29     6.22964283
2012  3 30     5.79916124
2012  3 31     7.65749247
2012  4  1    10.11682138
2012  4  2     6.73980225
2012  4  3     4.13251662
2012  4  4     5.41185168
2012  4  5     3.80030751
2012  4  6     2.83589918
2012  4  7     2.57981618
2012  4  8     2.56376994
2012  4  9     2.69426466
2012  4 10     2.73159764
2012  4 11     4.40406385
2012  4 12     8.95271567
2012  4 13    14.63314753
2012  4 14     8.26430561
2012  4 15     4.69725076
2012  4 16     3.96530218
2012  4 17     3.74139973
2012  4 18     3.55574638
2012  4 19     3.44023303
2012  4 20     3.44412909
2012  4 21     3.49687257
2012  4 22     3.47922154
2012  4 23     3.34993393
2012  4 24     3.23586315
2012  4 25     3.12429632
2012  4 26     7.79555344
2012  4 27     8.37950003
2012  4 28     4.94865147
2012  4 29     3.45872913
2012  4 30     3.19922141
2012  5  1     2.96081161
2012  5  2     2.72278273
2012  5  3     2.57421526
2012  5  4     2.44328434
2012  5  5     2.21760431
2012  5  6     2.11396770
2012  5  7     2.07917636
2012  5  8     2.09260314
2012  5  9     2.03879563
2012  5 10     1.85950174
2012  5 11     1.70618942
2012  5 12     1.62785588
2012  5 13     1.54156307
2012  5 14     1.45605848
2012  5 15     1.39566518
2012  5 16     1.33209756
2012  5 17     1.27546928
2012  5 18     1.23546646
2012  5 19     1.19307809
2012  5 20     1.14527391
2012  5 21     1.10029911
2012  5 22     1.06943842
2012  5 23     1.04083899
2012  5 24     1.01315001
2012  5 25     1.01580947
2012  5 26     1.07130901
2012  5 27     1.13352234
2012  5 28     1.01508109
2012  5 29     0.90835161
2012  5 30     0.86091128
2012  5 31     0.81944886
2012  6  1     0.78352727
2012  6  2     0.75424821
2012  6  3     0.73306616
2012  6  4     0.97836922
2012  6  5     1.37018835
2012  6  6     1.12701590
2012  6  7     0.82369266
2012  6  8     0.73841681
2012  6  9     0.68915943
2012  6 10     0.65266811
2012  6 11     0.61665971
2012  6 12     0.58447407
2012  6 13     0.55952956
2012  6 14     0.53935248
2012  6 15     0.51936814
2012  6 16     0.50083111
2012  6 17     0.47842862
2012  6 18     0.46726027
2012  6 19     0.45819193
2012  6 20     0.44406532
2012  6 21     0.42717171
2012  6 22     0.42474502
2012  6 23     0.45527164
2012  6 24     0.43150487
2012  6 25     0.41110177
2012  6 26     0.39737281
2012  6 27     0.37788159
2012  6 28     0.35800938
2012  6 29     0.34508462
2012  6 30     0.33342036
2012  7  1     0.32193199
2012  7  2     0.31139718
2012  7  3     0.29810850
2012  7  4     0.28805965
2012  7  5     0.27897891
2012  7  6     0.27331725
2012  7  7     0.25881360
2012  7  8     0.24567732
2012  7  9     0.23654332
2012  7 10     0.22820656
2012  7 11     0.21787385
2012  7 12     0.20966725
2012  7 13     0.20428579
2012  7 14     0.20052086
2012  7 15     0.19556018
2012  7 16     0.19266914
2012  7 17     0.19741573
2012  7 18     0.19579583
2012  7 19     0.18259561
2012  7 20     0.17200418
2012  7 21     0.16156241
2012  7 22     0.15436745
2012  7 23     0.83861291
2012  7 24     0.62560227
2012  7 25     0.32587108
2012  7 26     0.21443311
2012  7 27     0.17507140
2012  7 28     0.15524261
2012  7 29     0.14216865
2012  7 30     0.13079028
2012  7 31     0.12241982
2012  8  1     0.11634415
2012  8  2     0.11146517
2012  8  3     0.10691007
2012  8  4     0.10404196
2012  8  5     0.10241012
2012  8  6     0.09893871
2012  8  7     0.09487318
2012  8  8     0.09093334
2012  8  9     0.08764731
2012  8 10     0.08454935
2012  8 11     0.08164233
2012  8 12     0.07897961
2012  8 13     0.08205167
2012  8 14     0.08083383
2012  8 15     0.08304278
2012  8 16     0.08034912
2012  8 17     0.06960079
2012  8 18     0.06500923
2012  8 19     0.06346030
2012  8 20     0.06154130
2012  8 21     0.05991071
2012  8 22     0.05796076
2012  8 23     0.05608501
2012  8 24     0.05427551
2012  8 25     0.05238297
2012  8 26     0.05158569
2012  8 27     0.05122536
2012  8 28     0.04939836
2012  8 29     0.04714615
2012  8 30     0.04503508
2012  8 31     0.04416497
2012  9  1     0.04393829
2012  9  2     0.04237562
2012  9  3     0.04010026
2012  9  4     0.03851629
2012  9  5     0.03756607
2012  9  6     0.04285876
2012  9  7     0.04052123
2012  9  8     0.03417154
2012  9  9     0.03315064
2012  9 10     0.03216445
2012  9 11     0.03122187
2012  9 12     0.03030764
2012  9 13     0.02941553
2012  9 14     0.02854276
2012  9 15     0.02769688
2012  9 16     0.02688240
2012  9 17     0.02609239
2012  9 18     0.02532147
2012  9 19     0.02457293
2012  9 20     0.02384890
2012  9 21     0.02314202
2012  9 22     0.02245637
2012  9 23     0.02179856
2012  9 24     0.02115957
2012  9 25     0.02053997
2012  9 26     0.01993815
2012  9 27     0.01934670
2012  9 28     0.01876924
2012  9 29     0.01821288
2012  9 30     0.01767601
2012 10  1     0.01715497
2012 10  2     0.01664928
2012 10  3     0.01615850
2012 10  4     0.01568219
2012 10  5     0.01522395
2012 10  6     0.01477991
2012 10  7     0.01434637
2012 10  8     0.01406163
2012 10  9     0.01370812
2012 10 10     0.01318782
2012 10 11     0.01273760
2012 10 12     0.03108490
2012 10 13     0.02888622
2012 10 14     0.01168153
2012 10 15     0.01128783
2012 10 16     0.01095209
2012 10 17     0.01063146
2012 10 18     0.01032131
2012 10 19     0.01001502
2012 10 20     0.00971749
2012 10 21     0.01304330
2012 10 22     0.83955446
2012 10 23     1.59247931
2012 10 24     1.02256767
2012 10 25     0.62511178
2012 10 26     0.39214735
2012 10 27     0.21839867
2012 10 28     0.13837452
2012 10 29     0.09660999
2012 10 30     0.07141254
2012 10 31     0.07937771
2012 11  1     0.50923751
2012 11  2     0.29270122
2012 11  3     0.13708717
2012 11  4     0.07227419
2012 11  5     0.03869686
2012 11  6     0.02300567
2012 11  7     0.01487759
2012 11  8     0.04502750
2012 11  9     0.37029966
2012 11 10     0.52958387
2012 11 11     0.24403785
2012 11 12     0.13782088
2012 11 13     0.10034273
2012 11 14     0.08609756
2012 11 15     0.06857301
2012 11 16     0.07390857
2012 11 17     0.93620314
2012 11 18     1.77285507
2012 11 19     1.35026633
2012 11 20     0.66245680
2012 11 21     1.34614512
2012 11 22     0.76405179
2012 11 23     0.36711048
2012 11 24     0.20432914
2012 11 25     0.11948062
2012 11 26     0.07104633
2012 11 27     0.04489378
2012 11 28     0.43300897
2012 11 29     1.90446058
2012 11 30     7.89902455
2012 12  1    10.66999026
2012 12  2    13.76850512
2012 12  3    11.04675888
2012 12  4     5.71219480
2012 12  5     8.02894187
2012 12  6     5.88550795
2012 12  7     2.96502952
2012 12  8     2.10547359
2012 12  9     1.73334419
2012 12 10     1.46465000
2012 12 11     1.29238492
2012 12 12     2.25603408
2012 12 13     1.77116504
2012 12 14     1.28165526
2012 12 15     1.24194653
2012 12 16     1.78548484
2012 12 17     5.19440010
2012 12 18     4.27959421
2012 12 19     2.21364022
2012 12 20     1.53094676
2012 12 21     1.84262050
2012 12 22     5.92325333
2012 12 23     9.45353466
2012 12 24     8.13743251
2012 12 25     5.67434656
2012 12 26     9.37966248
2012 12 27     5.07793624
2012 12 28     3.66987356
2012 12 29     2.35393682
2012 12 30     1.81192422
2012 12 31     1.55404859
2013  1  1     1.37538893
2013  1  2     1.24861122
2013  1  3     1.16072191
2013  1  4     1.09037562
2013  1  5     1.06010441
2013  1  6     1.07286690
2013  1  7     0.99948322
2013  1  8     0.94032478
2013  1  9     1.27924895
2013  1 10     2.15521859
2013  1 11     1.35709095
2013  1 12     1.01142728
2013  1 13     0.93781031
2013  1 14     0.86720629
2013  1 15     0.83366672
2013  1 16     0.82663923
2013  1 17     0.81063712
2013  1 18     0.76857377
2013  1 19     0.73333008
2013  1 20     0.71152025
2013  1 21     0.70576650
2013  1 22     0.70937802
2013  1 23     0.74320060
2013  1 24     0.83922489
2013  1 25     2.66965398
2013  1 26     2.13546875
2013  1 27     1.61994020
2013  1 28     1.22285812
2013  1 29     0.98507396
2013  1 30     1.00271814
2013  1 31     0.99359331
2013  2  1     0.92504775
2013  2  2     0.86949572
2013  2  3     0.84006254
2013  2  4     0.82394906
2013  2  5     0.79019514
2013  2  6     0.73236010
2013  2  7     0.69300694
2013  2  8     0.71701354
2013  2  9     0.67823840
2013  2 10     0.64381637
2013  2 11     0.61778115
2013  2 12     0.59828614
2013  2 13     0.59605294
2013  2 14     0.60918099
2013  2 15     0.62879673
2013  2 16     0.63933679
2013  2 17     0.61536735
2013  2 18     0.59305830
2013  2 19     0.74267233
2013  2 20     0.77934054
2013  2 21     0.59563775
2013  2 22     0.59181465
2013  2 23     0.63593685
2013  2 24     0.59617067
2013  2 25     0.55619241
2013  2 26     0.52427701
2013  2 27     0.50920198
2013  2 28     0.53682819
2013  3  1     0.61224441
2013  3  2     0.86362773
2013  3  3     1.09371870
2013  3  4     0.99838099
2013  3  5     0.83392966
2013  3  6     1.95319035
2013  3  7     1.46447610
2013  3  8     1.64876848
2013  3  9     1.29852769
2013  3 10     0.93348495
2013  3 11     0.89629336
2013  3 12     0.96047005
2013  3 13     1.09252353
2013  3 14     1.36643957
2013  3 15     1.33886857
2013  3 16     1.25643072
2013  3 17     1.16466475
2013  3 18     1.09879318
2013  3 19     1.22283334
2013  3 20     5.23877358
2013  3 21     5.50430638
2013  3 22     2.87098686
2013  3 23     1.73540944
2013  3 24     1.56248272
2013  3 25     1.47174500
2013  3 26     1.38899868
2013  3 27     1.30229077
2013  3 28     1.26570469
2013  3 29     1.25837961
2013  3 30     1.25943110
2013  3 31     2.32847708
2013  4  1     2.67469097
2013  4  2     1.89897651
2013  4  3     1.40524434
2013  4  4     1.99644834
2013  4  5     2.37840587
2013  4  6     1.67019420
2013  4  7     1.43813626
2013  4  8     2.98927981
2013  4  9     1.89861831
2013  4 10     1.29991315
2013  4 11     1.22196416
2013  4 12     1.06705315
2013  4 13     0.96451626
2013  4 14     0.89981498
2013  4 15     0.85175093
2013  4 16     0.84786420
2013  4 17     0.78821518
2013  4 18     0.73631063
2013  4 19     0.75099340
2013  4 20     0.72168133
2013  4 21     0.66635212
2013  4 22     0.63292535
2013  4 23     0.59610302
2013  4 24     0.57098455
2013  4 25     0.54918407
2013  4 26     0.52967727
2013  4 27     0.50929651
2013  4 28     0.48959088
2013  4 29     0.47113203
2013  4 30     0.45388679
2013  5  1     0.43948535
2013  5  2     0.42450609
2013  5  3     0.40923276
2013  5  4     0.39398366
2013  5  5     0.39007680
2013  5  6     0.86925120
2013  5  7     1.34765242
2013  5  8     1.57448359
2013  5  9     1.04338718
2013  5 10     0.64970225
2013  5 11     0.56086972
2013  5 12     0.49140513
2013  5 13     0.44505604
2013  5 14     0.41220585
2013  5 15     0.38963842
2013  5 16     0.38197142
2013  5 17     0.40258092
2013  5 18     0.37080442
2013  5 19     0.33600752
2013  5 20     0.32065650
2013  5 21     0.30578068
2013  5 22     0.29925595
2013  5 23     0.29270727
2013  5 24     0.28215456
2013  5 25     0.26951254
2013  5 26     0.26089303
2013  5 27     0.28544624
2013  5 28     0.48239684
2013  5 29     0.42845371
2013  5 30     0.30688411
2013  5 31     0.25272098
2013  6  1     0.22778061
2013  6  2     0.20917808
2013  6  3     0.19619745
2013  6  4     0.18777824
2013  6  5     0.18857699
2013  6  6     0.18015713
2013  6  7     0.16614181
2013  6  8     0.15773294
2013  6  9     0.15207347
2013  6 10     0.15305956
2013  6 11     0.15553093
2013  6 12     0.14875412
2013  6 13     0.14221175
2013  6 14     0.13948858
2013  6 15     0.13206648
2013  6 16     0.12563132
2013  6 17     0.12155492
2013  6 18     0.11997269
2013  6 19     0.12095412
2013  6 20     0.11732147
2013  6 21     0.11059080
2013  6 22     0.10489479
2013  6 23     0.10217765
2013  6 24     0.30801512
2013  6 25     1.25346063
2013  6 26     1.01412110
2013  6 27     0.47749651
2013  6 28     0.25170036
2013  6 29     0.17265449
2013  6 30     0.13265444
2013  7  1     0.10755022
2013  7  2     0.09189918
2013  7  3     0.08273264
2013  7  4     0.07690734
2013  7  5     0.07342631
2013  7  6     0.07098973
2013  7  7     0.06865401
2013  7  8     0.06634518
2013  7  9     0.06410765
2013  7 10     0.06196548
2013  7 11     0.06010145
2013  7 12     0.05848939
2013  7 13     0.05661960
2013  7 14     0.05439358
2013  7 15     0.05235382
2013  7 16     0.05105639
2013  7 17     0.04961526
2013  7 18     0.04736247
2013  7 19     0.04477808
2013  7 20     0.04256640
2013  7 21     0.04080685
2013  7 22     0.03972722
2013  7 23     0.03938001
2013  7 24     0.03798354
2013  7 25     0.03605920
2013  7 26     0.03962083
2013  7 27     0.03802553
2013  7 28     0.03273911
2013  7 29     0.03190366
2013  7 30     0.03093420
2013  7 31     0.02994656
2013  8  1     0.02945591
2013  8  2     0.02876687
2013  8  3     0.02761435
2013  8  4     0.02652836
2013  8  5     0.02565906
2013  8  6     0.02488707
2013  8  7     0.02417267
2013  8  8     0.02358921
2013  8  9     0.02289732
2013  8 10     0.02218762
2013  8 11     0.02147737
2013  8 12     0.02080278
2013  8 13     0.02018496
2013  8 14     0.01958475
2013  8 15     0.01900404
2013  8 16     0.01844173
2013  8 17     0.01789376
2013  8 18     0.01735871
2013  8 19     0.01684305
2013  8 20     0.01634654
2013  8 21     0.02596406
2013  8 22     0.02637882
2013  8 23     0.01663396
2013  8 24     0.01451694
2013  8 25     0.01408938
2013  8 26     0.01367347
2013  8 27     0.01326707
2013  8 28     0.01287168
2013  8 29     0.01248905
2013  8 30     0.01211938
2013  8 31     0.01176213
2013  9  1     0.01141541
2013  9  2     0.05408193
2013  9  3     0.09246617
2013  9  4     0.04638360
2013  9  5     0.02485601
2013  9  6     0.01778309
2013  9  7     0.01231819
2013  9  8     0.00994847
2013  9  9     0.00908240
2013  9 10     0.00872328
2013  9 11     0.00846345
2013  9 12     0.00821397
2013  9 13     0.00873122
2013  9 14     0.00845521
2013  9 15     0.00750881
2013  9 16     0.00728745
2013  9 17     0.00710758
2013  9 18     0.00820258
2013  9 19     0.00782286
2013  9 20     0.00646547
2013  9 21     0.23135728
2013  9 22     0.75035104
2013  9 23     0.60028566
2013  9 24     0.25040108
2013  9 25     0.12980849
2013  9 26     0.07170029
2013  9 27     0.04090905
2013  9 28     0.02373837
2013  9 29     0.01373859
2013  9 30     0.00830761
2013 10  1     0.00589088
2013 10  2     0.00481885
2013 10  3     0.00442429
2013 10  4     0.00426872
2013 10  5     0.00413986
2013 10  6     0.00400942
2013 10  7     0.00388770
2013 10  8     0.00377310
2013 10  9     0.01513303
2013 10 10     0.01276247
2013 10 11     0.00394622
2013 10 12     0.00335239
2013 10 13     0.00471860
2013 10 14     0.00460741
2013 10 15     0.00306691
2013 10 16     0.00297628
2013 10 17     0.00288538
2013 10 18     0.00279740
2013 10 19     0.00271494
2013 10 20     0.00263491
2013 10 21     0.00255724
2013 10 22     0.00248186
2013 10 23     0.00240870
2013 10 24     0.00233770
2013 10 25     0.00226879
2013 10 26     0.00220191
2013 10 27     0.01413371
2013 10 28     0.37732393
2013 10 29     0.34820674
2013 10 30     0.16524971
2013 10 31     0.08509619
2013 11  1     0.04194959
2013 11  2     0.02006553
2013 11  3     0.01091832
2013 11  4     0.00618459
2013 11  5     0.00347082
2013 11  6     0.00209923
2013 11  7     0.00161067
2013 11  8     0.00149305
2013 11  9     0.00144837
2013 11 10     0.00140567
2013 11 11     0.00136424
2013 11 12     0.00132402
2013 11 13     0.00128499
2013 11 14     0.00124711
2013 11 15     0.00121035
2013 11 16     0.00117785
2013 11 17     0.00114454
2013 11 18     0.00110906
2013 11 19     0.10836105
2013 11 20     1.23094820
2013 11 21     0.95071214
2013 11 22     0.45802589
2013 11 23     0.22975498
2013 11 24     0.12930382
2013 11 25     0.06842881
2013 11 26     0.03688389
2013 11 27     0.02162335
2013 11 28     0.01263155
2013 11 29     0.00668515
2013 11 30     0.00353741
2013 12  1     0.00367054
2013 12  2     0.00582497
2013 12  3     0.07471981
2013 12  4     0.04617412
2013 12  5     0.01268077
2013 12  6     0.01530642
2013 12  7     0.10439023
2013 12  8     0.01303659
2013 12  9     0.00309257
2013 12 10     0.00268836
2013 12 11     0.00389909
2013 12 12     0.01458708
2013 12 13     0.01927973
2013 12 14     0.02570780
2013 12 15     0.03683609
2013 12 16     0.04876543
2013 12 17     0.05508553
2013 12 18     0.05456539
2013 12 19     0.07663939
2013 12 20     0.06579269
2013 12 21     0.03442360
2013 12 22     0.03054736
2013 12 23     0.02911454
2013 12 24     0.02571596
2013 12 25     0.02399479
2013 12 26     0.02142655
2013 12 27     0.01818207
2013 12 28     0.01434341
2013 12 29     0.01006865
2013 12 30     0.00904714
2013 12 31     0.01123153
2014  1  1     0.00999776
2014  1  2     0.00798491
2014  1  3     0.00770389
2014  1  4     0.00596970
2014  1  5     0.00381260
2014  1  6     0.00227560
2014  1  7     0.00224916
2014  1  8     0.00184133
2014  1  9     0.00169568
2014  1 10     0.00298779
2014  1 11     0.03808276
2014  1 12     0.06916081
2014  1 13     0.03754926
2014  1 14     0.02323459
2014  1 15     0.01879275
2014  1 16     0.01206079
2014  1 17     0.00904968
2014  1 18     0.00746420
2014  1 19     0.00682648
2014  1 20     0.00668535
2014  1 21     0.00560245
2014  1 22     0.00552912
2014  1 23     0.00404045
2014  1 24     0.00549070
2014  1 25     0.00836275
2014  1 26     0.00697820
2014  1 27     0.00584527
2014  1 28     0.00639195
2014  1 29     0.17628193
2014  1 30     1.15697498
2014  1 31     0.81390550
2014  2  1     0.29478770
2014  2  2     0.30453537
2014  2  3     0.18474119
2014  2  4     0.09876069
2014  2  5     0.05892788
2014  2  6     0.19664397
2014  2  7     0.48624784
2014  2  8     3.71199561
2014  2  9    13.36394699
2014  2 10    14.53810078
2014  2 11     6.51782008
2014  2 12     2.74537657
2014  2 13     2.07821937
2014  2 14     1.61527896
2014  2 15     1.99005342
2014  2 16     2.72268229
2014  2 17     1.69600116
2014  2 18     1.13976585
2014  2 19     1.06058981
2014  2 20     0.90586668
2014  2 21     0.77016407
2014  2 22     0.70032451
2014  2 23     0.64763764
2014  2 24     0.60752582
2014  2 25     0.57581195
2014  2 26     0.84672999
2014  2 27     5.38673139
2014  2 28     5.83883120
2014  3  1     6.18895105
2014  3  2     4.03057149
2014  3  3     4.14128972
2014  3  4     5.96450179
2014  3  5     3.91757414
2014  3  6     5.66511321
2014  3  7     3.62788522
2014  3  8     1.98078430
2014  3  9     1.81389130
2014  3 10     2.51381925
2014  3 11     1.99161239
2014  3 12     1.51421401
2014  3 13     1.29222789
2014  3 14     1.18959034
2014  3 15     1.11119883
2014  3 16     1.04846095
2014  3 17     1.00284764
2014  3 18     0.95027394
2014  3 19     0.89816300
2014  3 20     0.86425852
2014  3 21     0.83109594
2014  3 22     0.79688368
2014  3 23     0.76787649
2014  3 24     0.74543448
2014  3 25     0.74872089
2014  3 26     1.27070136
2014  3 27     3.64843633
2014  3 28     2.62468134
2014  3 29     5.01641307
2014  3 30     8.46065116
2014  3 31     5.27417484
2014  4  1     4.46097584
2014  4  2     3.86961233
2014  4  3     2.48658022
2014  4  4     1.98977694
2014  4  5     1.91961706
2014  4  6     1.96866348
2014  4  7     1.98723377
2014  4  8     2.01194581
2014  4  9     1.93098006
2014  4 10     1.71275931
2014  4 11     1.46620392
2014  4 12     1.28589430
2014  4 13     1.16947887
2014  4 14     1.08437935
2014  4 15     1.01812561
2014  4 16     0.96668371
2014  4 17     0.91965098
2014  4 18     0.87786172
2014  4 19     0.84300283
2014  4 20     0.81265658
2014  4 21     0.78111408
2014  4 22     0.83489572
2014  4 23     0.79873774
2014  4 24     0.75505961
2014  4 25     2.58688650
2014  4 26     3.56680234
2014  4 27     2.00060811
2014  4 28     1.28955240
2014  4 29     1.25717724
2014  4 30     1.22826797
2014  5  1     1.04978852
2014  5  2     0.89052794
2014  5  3     0.82049297
2014  5  4     0.77086859
2014  5  5     0.78789619
2014  5  6     0.82928292
2014  5  7     0.71246056
2014  5  8     0.69709244
2014  5  9     0.92794091
2014  5 10     0.78776167
2014  5 11     0.66682955
2014  5 12     0.62344735
2014  5 13     0.57277658
2014  5 14     0.53885513
2014  5 15     0.51144524
2014  5 16     0.49039863
2014  5 17     0.47302169
2014  5 18     0.45989490
2014  5 19     0.45008910
2014  5 20     0.63437298
2014  5 21     0.88246677
2014  5 22     0.74857240
2014  5 23     0.54825606
2014  5 24     0.47355867
2014  5 25     0.43643073
2014  5 26     0.40948806
2014  5 27     0.38789871
2014  5 28     0.37357442
2014  5 29     0.36031950
2014  5 30     0.34526860
2014  5 31     0.33407977
2014  6  1     0.32055958
2014  6  2     0.30695395
2014  6  3     0.29651688
2014  6  4     0.28533517
2014  6  5     0.27273604
2014  6  6     0.26098931
2014  6  7     0.25099055
2014  6  8     0.23948593
2014  6  9     0.22831172
2014  6 10     0.21989679
2014  6 11     0.21422487
2014  6 12     0.21127878
2014  6 13     0.21047679
2014  6 14     0.20532161
2014  6 15     0.19785800
2014  6 16     0.19335887
2014  6 17     0.18970204
2014  6 18     0.18287613
2014  6 19     0.17263550
2014  6 20     0.16432899
2014  6 21     0.15683833
2014  6 22     0.15187247
2014  6 23     0.14693473
2014  6 24     0.14199332
2014  6 25     0.13790743
2014  6 26     0.13561045
2014  6 27     0.13304239
2014  6 28     0.12717126
2014  6 29     0.12126673
2014  6 30     0.11570621
2014  7  1     0.11089255
2014  7  2     0.10767620
2014  7  3     0.10508017
2014  7  4     0.10171125
2014  7  5     0.09810180
2014  7  6     0.09455113
2014  7  7     0.09110708
2014  7  8     0.08800658
2014  7  9     0.08466703
2014  7 10     0.08246636
2014  7 11     0.08021253
2014  7 12     0.07777611
2014  7 13     0.07433554
2014  7 14     0.07097848
2014  7 15     0.06856442
2014  7 16     0.06674077
2014  7 17     0.09164234
2014  7 18     0.08612380
2014  7 19     0.06580532
2014  7 20     0.16876098
2014  7 21     0.27368840
2014  7 22     0.14310260
2014  7 23     0.07912031
2014  7 24     0.06622092
2014  7 25     0.05708659
2014  7 26     0.05125639
2014  7 27     0.04802564
2014  7 28     0.04623445
2014  7 29     0.05263519
2014  7 30     0.05358061
2014  7 31     0.04780526
2014  8  1     0.04321358
2014  8  2     0.03984082
2014  8  3     0.03867004
2014  8  4     0.04798853
2014  8  5     0.09206893
2014  8  6     0.06921699
2014  8  7     0.03694935
2014  8  8     0.03501078
2014  8  9     0.03307478
2014  8 10     0.03544137
2014  8 11     0.03664747
2014  8 12     0.03872345
2014  8 13     0.03525608
2014  8 14     0.02858065
2014  8 15     0.02755577
2014  8 16     0.02635878
2014  8 17     0.02542613
2014  8 18     0.02467433
2014  8 19     0.02394482
2014  8 20     0.02323892
2014  8 21     0.02255251
2014  8 22     0.02188859
2014  8 23     0.02124666
2014  8 24     0.02061954
2014  8 25     0.02000891
2014  8 26     0.01964742
2014  8 27     0.01907395
2014  8 28     0.01827928
2014  8 29     0.01773609
2014  8 30     0.01721310
2014  8 31     0.01670833
2014  9  1     0.01621490
2014  9  2     0.01573480
2014  9  3     0.01527097
2014  9  4     0.01482082
2014  9  5     0.01438394
2014  9  6     0.01395994
2014  9  7     0.01354843
2014  9  8     0.01318048
2014  9  9     0.01279138
2014  9 10     0.01238562
2014  9 11     0.01202020
2014  9 12     0.01166587
2014  9 13     0.01132199
2014  9 14     0.01098825
2014  9 15     0.01066434
2014  9 16     0.01034998
2014  9 17     0.01004489
2014  9 18     0.00974879
2014  9 19     0.00946142
2014  9 20     0.00928027
2014  9 21     0.00900209
2014  9 22     0.00927913
2014  9 23     0.00860424
2014  9 24     0.00814675
2014  9 25     0.05887130
2014  9 26     0.42018521
2014  9 27     0.57569748
2014  9 28     0.38888832
2014  9 29     0.28213785
2014  9 30     0.15737668
2014 10  1     0.08271279
2014 10  2     0.04767424
2014 10  3     0.02654359
2014 10  4     0.01418474
2014 10  5     0.00764205
2014 10  6     0.00586517
2014 10  7     0.00553794
2014 10  8     0.00535874
2014 10  9     0.00520078
2014 10 10     0.00504747
2014 10 11     0.00489869
2014 10 12     0.00475428
2014 10 13     0.00461414
2014 10 14     0.00447813
2014 10 15     0.12323873
2014 10 16     0.17799850
2014 10 17     0.10480729
2014 10 18     0.05329802
2014 10 19     0.03128378
2014 10 20     0.05415829
2014 10 21     0.13723976
2014 10 22     0.09144256
2014 10 23     0.04560359
2014 10 24     0.02849218
2014 10 25     0.07886437
2014 10 26     0.53893804
2014 10 27     0.37682878
2014 10 28     0.18452262
2014 10 29     0.09375165
2014 10 30     0.05010994
2014 10 31     0.09925052
2014 11  1     1.45162286
2014 11  2     0.72178819
2014 11  3     0.54867922
2014 11  4     0.32929511
2014 11  5     0.17187798
2014 11  6     0.09646685
2014 11  7     0.05283124
2014 11  8     0.02956911
2014 11  9     0.01580575
2014 11 10     0.00787588
2014 11 11     0.00446931
2014 11 12     0.00303906
2014 11 13     0.30411297
2014 11 14     0.30134239
2014 11 15     0.16351168
2014 11 16     0.08156298
2014 11 17     0.04582519
2014 11 18     0.02596591
2014 11 19     0.09597182
2014 11 20     0.22155029
2014 11 21     0.31351069
2014 11 22     1.17645428
2014 11 23     0.77236119
2014 11 24     0.38958858
2014 11 25     0.19985514
2014 11 26     0.10641724
2014 11 27     0.05714777
2014 11 28     0.05541610
2014 11 29     0.79615346
2014 11 30     0.95748435
2014 12  1     0.85426524
2014 12  2     0.71584792
2014 12  3     3.51110260
2014 12  4     6.06245124
2014 12  5     3.76165095
2014 12  6     2.65624603
2014 12  7     1.55536096
2014 12  8     0.88709135
2014 12  9     0.66067242
2014 12 10     0.50632278
2014 12 11     2.42802987
2014 12 12    11.36145754
2014 12 13     5.91166289
2014 12 14     2.05252626
2014 12 15     2.23748471
2014 12 16     2.67893505
2014 12 17     3.19437565
2014 12 18     3.01045480
2014 12 19     2.71298266
2014 12 20     3.89026477
2014 12 21     3.94475718
2014 12 22     2.01623109
2014 12 23     1.28296408
2014 12 24     1.38206376
2014 12 25     1.61415558
2014 12 26     1.14976452
2014 12 27     0.90676366
2014 12 28     0.80172202
2014 12 29     0.71760337
2014 12 30     0.65941650
2014 12 31     0.61654283
2015  1  1     0.58221372
2015  1  2     0.55439442
2015  1  3     0.53086839
2015  1  4     0.51080434
2015  1  5     0.49618401
2015  1  6     0.49695968
2015  1  7     0.49017846
2015  1  8     0.46980590
2015  1  9     0.44758865
2015  1 10     0.43365428
2015  1 11     0.42615731
2015  1 12     0.41303795
2015  1 13     0.39518049
2015  1 14     0.37867562
2015  1 15     0.36725987
2015  1 16     0.37016926
2015  1 17     0.36719806
2015  1 18     0.35852649
2015  1 19     0.35139228
2015  1 20     0.34032876
2015  1 21     0.32350383
2015  1 22     0.31033575
2015  1 23     0.29980614
2015  1 24     0.29151193
2015  1 25     0.28598706
2015  1 26     0.27963730
2015  1 27     0.27747821
2015  1 28     0.27455815
2015  1 29     0.26012186
2015  1 30     0.24894871
2015  1 31     0.24268707
2015  2  1     0.23624486
2015  2  2     0.23056545
2015  2  3     0.22554768
2015  2  4     0.22128714
2015  2  5     0.21739470
2015  2  6     0.48091941
2015  2  7     4.72786917
2015  2  8     6.47477835
2015  2  9    11.21687078
2015  2 10     6.32331182
2015  2 11     2.41250859
2015  2 12     1.85408720
2015  2 13     1.49768950
2015  2 14     1.26045640
2015  2 15     1.10425213
2015  2 16     1.00156543
2015  2 17     0.92587438
2015  2 18     0.86552634
2015  2 19     0.81589199
2015  2 20     0.77435203
2015  2 21     0.73874942
2015  2 22     0.70692618
2015  2 23     0.67927355
2015  2 24     0.65307438
2015  2 25     0.62729380
2015  2 26     0.60311240
2015  2 27     0.62182068
2015  2 28     1.60791554
2015  3  1     1.43829278
2015  3  2     0.99609522
2015  3  3     1.01377643
2015  3  4     0.77259189
2015  3  5     0.65072683
2015  3  6     0.62449657
2015  3  7     0.60490661
2015  3  8     0.58006337
2015  3  9     0.55397306
2015  3 10     0.53653961
2015  3 11     0.58967391
2015  3 12     0.56070540
2015  3 13     0.48760719
2015  3 14     0.44297733
2015  3 15     0.42227316
2015  3 16     0.40264286
2015  3 17     0.38791779
2015  3 18     0.37431348
2015  3 19     0.36091848
2015  3 20     0.34846421
2015  3 21     0.33775521
2015  3 22     0.36452364
2015  3 23     0.56166597
2015  3 24     0.47671426
2015  3 25     0.37442270
2015  3 26     0.33432924
2015  3 27     0.30203942
2015  3 28     0.28487605
2015  3 29     0.27187820
2015  3 30     0.26083964
2015  3 31     0.25331629
2015  4  1     0.24969666
2015  4  2     0.24438397
2015  4  3     0.23727887
2015  4  4     0.22993530
2015  4  5     0.28286472
2015  4  6     0.32929435
2015  4  7     0.50790759
2015  4  8     1.44432828
2015  4  9     1.05414396
2015  4 10     0.59987188
2015  4 11     0.48449926
2015  4 12     0.42821563
2015  4 13     0.35970242
2015  4 14     0.31422536
2015  4 15     0.26984562
2015  4 16     0.23966083
2015  4 17     0.22179120
2015  4 18     0.20828525
2015  4 19     0.19794983
2015  4 20     0.18905689
2015  4 21     0.18175109
2015  4 22     0.19324765
2015  4 23     0.32008976
2015  4 24     0.78531997
2015  4 25     3.88723302
2015  4 26     2.73667257
2015  4 27     1.23831111
2015  4 28     0.81760254
2015  4 29     0.66676644
2015  4 30     0.54887986
2015  5  1     0.46491139
2015  5  2     0.41625815
2015  5  3     0.38096987
2015  5  4     0.35434803
2015  5  5     0.33320813
2015  5  6     0.31661340
2015  5  7     0.42331484
2015  5  8     0.47489245
2015  5  9     0.52138191
2015  5 10     0.45631164
2015  5 11     0.32480173
2015  5 12     0.29753406
2015  5 13     0.27664054
2015  5 14     0.27969759
2015  5 15     0.45229413
2015  5 16     0.42410867
2015  5 17     0.38517788
2015  5 18     0.39056930
2015  5 19     0.32094438
2015  5 20     0.28006326
2015  5 21     0.37199900
2015  5 22     0.47781547
2015  5 23     0.55379922
2015  5 24     0.46945069
2015  5 25     0.47585985
2015  5 26     0.45895788
2015  5 27     0.34448650
2015  5 28     0.29931635
2015  5 29     0.27743582
2015  5 30     0.25700572
2015  5 31     0.24034362
2015  6  1     0.23039940
2015  6  2     0.22022880
2015  6  3     0.21005397
2015  6  4     0.22232607
2015  6  5     0.23167311
2015  6  6     0.49758466
2015  6  7     0.43901062
2015  6  8     0.26209577
2015  6  9     0.19656893
2015  6 10     0.38908174
2015  6 11     0.44105923
2015  6 12     0.27010846
2015  6 13     0.19968083
2015  6 14     0.17378534
2015  6 15     0.15895685
2015  6 16     0.14891924
2015  6 17     0.14099575
2015  6 18     0.13470717
2015  6 19     0.12963818
2015  6 20     0.12458868
2015  6 21     0.12003106
2015  6 22     0.11618478
2015  6 23     0.11216831
2015  6 24     0.10765416
2015  6 25     0.10334760
2015  6 26     0.09954757
2015  6 27     0.09933738
2015  6 28     0.11873693
2015  6 29     0.11222991
2015  6 30     0.09076889
2015  7  1     0.08710813
2015  7  2     0.08225453
2015  7  3     0.09386439
2015  7  4     0.09573837
2015  7  5     0.08319382
2015  7  6     0.08050344
2015  7  7     0.08932970
2015  7  8     0.08443041
2015  7  9     0.08288212
2015  7 10     0.08103255
2015  7 11     0.06728297
2015  7 12     0.06149664
2015  7 13     0.05895825
2015  7 14     0.05655963
2015  7 15     0.05434992
2015  7 16     0.05220035
2015  7 17     0.05007070
2015  7 18     0.04844688
2015  7 19     0.04710027
2015  7 20     0.04560478
2015  7 21     0.04404050
2015  7 22     0.05436486
2015  7 23     0.05135415
2015  7 24     0.04080849
2015  7 25     0.03928465
2015  7 26     0.03797719
2015  7 27     0.03682760
2015  7 28     0.03565521
2015  7 29     0.03451736
2015  7 30     0.03346594
2015  7 31     0.03246734
2015  8  1     0.03150621
2015  8  2     0.03057008
2015  8  3     0.02967189
2015  8  4     0.02880472
2015  8  5     0.02795702
2015  8  6     0.02713392
2015  8  7     0.02789468
2015  8  8     0.02796849
2015  8  9     0.02569452
2015  8 10     0.02409663
2015  8 11     0.02338284
2015  8 12     0.02266380
2015  8 13     0.02198847
2015  8 14     0.02132967
2015  8 15     0.02070237
2015  8 16     0.02009091
2015  8 17     0.01949416
2015  8 18     0.01891952
2015  8 19     0.01836182
2015  8 20     0.01782056
2015  8 21     0.01729525
2015  8 22     0.01678543
2015  8 23     0.01629064
2015  8 24     0.01581043
2015  8 25     0.01534438
2015  8 26     0.01489207
2015  8 27     0.01445308
2015  8 28     0.01402704
2015  8 29     0.01361356
2015  8 30     0.01321227
2015  8 31     0.01282280
2015  9  1     0.01244482
2015  9  2     0.01207798
2015  9  3     0.01172195
2015  9  4     0.01137664
2015  9  5     0.01104729
2015  9  6     0.01072245
2015  9  7     0.01040134
2015  9  8     0.01009317
2015  9  9     0.00979565
2015  9 10     0.00950690
2015  9 11     0.00922666
2015  9 12     0.00895468
2015  9 13     0.00869072
2015  9 14     0.00843454
2015  9 15     0.01917561
2015  9 16     0.01863549
2015  9 17     0.00911239
2015  9 18     0.00796636
2015  9 19     0.00726257
2015  9 20     0.00704847
2015  9 21     0.00684070
2015  9 22     0.00663905
2015  9 23     0.00644335
2015  9 24     0.00625342
2015  9 25     0.00606908
2015  9 26     0.00589018
2015  9 27     0.00571655
2015  9 28     0.00554804
2015  9 29     0.00538450
2015  9 30     0.00703721
2015 10  1     0.19856980
2015 10  2     0.32238574
2015 10  3     0.22758328
2015 10  4     0.09406206
2015 10  5     0.04960598
2015 10  6     0.02609927
2015 10  7     0.01408077
2015 10  8     0.00751923
2015 10  9     0.00468078
2015 10 10     0.00394562
2015 10 11     0.00376136
2015 10 12     0.00364937
2015 10 13     0.00354180
2015 10 14     0.00343739
2015 10 15     0.00333607
2015 10 16     0.00325155
2015 10 17     0.42210868
2015 10 18     0.47802845
2015 10 19     0.27793263
2015 10 20     0.09072031
2015 10 21     0.04095963
2015 10 22     0.02076122
2015 10 23     0.01097601
2015 10 24     0.00600248
2015 10 25     0.00366355
2015 10 26     0.00273336
2015 10 27     0.00243845
2015 10 28     0.00656625
2015 10 29     0.00956644
2015 10 30     0.00615372
2015 10 31     0.00208603
2015 11  1     0.21408749
2015 11  2     1.33252733
2015 11  3     0.91067862
2015 11  4     0.38442252
2015 11  5     0.19996939
2015 11  6     0.10399233
2015 11  7     0.05253927
2015 11  8     0.10364179
2015 11  9     0.52842327
2015 11 10     0.85842361
2015 11 11     0.43244986
2015 11 12     0.21203116
2015 11 13     0.11866009
2015 11 14     0.06670891
2015 11 15     0.45138714
2015 11 16     0.83630149
2015 11 17     0.42524261
2015 11 18     0.21376312
2015 11 19     0.12789235
2015 11 20     0.07885316
2015 11 21     0.04992265
2015 11 22     0.03439929
2015 11 23     0.02634154
2015 11 24     0.10287524
2015 11 25     0.59019243
2015 11 26     0.29469578
2015 11 27     0.16273436
2015 11 28     0.09400586
2015 11 29     0.04843579
2015 11 30     0.02750388
2015 12  1     0.01721012
2015 12  2     0.01084380
2015 12  3     0.21097237
2015 12  4     0.71569058
2015 12  5     0.38039231
2015 12  6     0.20323266
2015 12  7     0.18102786
2015 12  8     0.10703596
2015 12  9     0.10771292
2015 12 10     1.54151236
2015 12 11     2.06200194
2015 12 12     1.05714063
2015 12 13     1.12981474
2015 12 14     1.29677864
2015 12 15     0.68648785
2015 12 16     0.42660945
2015 12 17     0.29862026
2015 12 18     0.23628937
2015 12 19     1.17030152
2015 12 20     0.73521912
2015 12 21     3.33443590
2015 12 22    14.71980337
2015 12 23    10.57802336
2015 12 24     4.83035477
2015 12 25     2.95524542
2015 12 26     1.96737980
2015 12 27     1.82854352
2015 12 28     1.63116527
2015 12 29     1.14965489
2015 12 30     0.92265795
2015 12 31     0.80858902
2016  1  1     0.72806769
2016  1  2     0.66899506
2016  1  3     0.62670299
2016  1  4     0.62133317
2016  1  5     3.11314632
2016  1  6     4.56957557
2016  1  7     3.51749954
2016  1  8     1.85291904
2016  1  9     1.37513854
2016  1 10     1.22437936
2016  1 11     0.97112561
2016  1 12     0.80468657
2016  1 13     3.08520467
2016  1 14     3.24179319
2016  1 15     4.12224446
2016  1 16     4.10099414
2016  1 17     4.78815046
2016  1 18     8.32601917
2016  1 19     8.59219521
2016  1 20     6.64753283
2016  1 21     3.67451560
2016  1 22     4.19196871
2016  1 23     9.69570499
2016  1 24     7.19386157
2016  1 25     4.94535331
2016  1 26     3.20847438
2016  1 27     2.42914459
2016  1 28     2.21995048
2016  1 29     8.70425481
2016  1 30    22.88877569
2016  1 31    13.49816748
2016  2  1     7.66870514
2016  2  2     4.94020007
2016  2  3     3.75198957
2016  2  4     3.17323778
2016  2  5     2.87310164
2016  2  6     2.75024287
2016  2  7     2.77257375
2016  2  8     2.79239874
2016  2  9     2.82870415
2016  2 10     2.78127447
2016  2 11     2.64090911
2016  2 12     2.53430402
2016  2 13     2.44842515
2016  2 14     2.34404329
2016  2 15     2.24603258
2016  2 16     2.23082213
2016  2 17     3.58932397
2016  2 18     7.93398625
2016  2 19     5.77619395
2016  2 20     3.03618731
2016  2 21     2.67319567
2016  2 22     2.46095434
2016  2 23     2.27414784
2016  2 24     2.23009893
2016  2 25     2.24999171
2016  2 26     2.26617714
2016  2 27     2.26225805
2016  2 28     2.16826412
2016  2 29     2.06939152
2016  3  1     2.00784294
2016  3  2     1.98410954
2016  3  3     2.01270432
2016  3  4     2.84758782
2016  3  5     7.23867668
2016  3  6    16.99269899
2016  3  7    21.40777928
2016  3  8    12.96808322
2016  3  9     7.29795157
2016  3 10     5.45291578
2016  3 11     8.67672518
2016  3 12    12.44874052
2016  3 13    19.75400054
2016  3 14    24.67533908
2016  3 15    12.00622357
2016  3 16     6.15871357
2016  3 17     5.31232408
2016  3 18     4.85257499
2016  3 19     4.50962969
2016  3 20     5.11731035
2016  3 21     9.67519657
2016  3 22    11.20185907
2016  3 23     6.44215583
2016  3 24     4.30571841
2016  3 25     3.95493486
2016  3 26     3.78963646
2016  3 27     3.63207406
2016  3 28     3.65446795
2016  3 29     3.33286629
2016  3 30     2.93661262
2016  3 31     2.78700924
2016  4  1     2.72210023
2016  4  2     2.86959729
2016  4  3     2.96719697
2016  4  4     2.93043827
2016  4  5     2.88892602
2016  4  6     2.81060373
2016  4  7     2.77493176
2016  4  8     2.79190884
2016  4  9     3.17518282
2016  4 10     4.17604489
2016  4 11     3.75163272
2016  4 12     2.77495994
2016  4 13     2.53149267
2016  4 14     2.68444738
2016  4 15     2.31924787
2016  4 16     2.03218092
2016  4 17     1.98475925
2016  4 18     1.99547410
2016  4 19     1.96934955
2016  4 20     1.91965039
2016  4 21     1.84481841
2016  4 22     3.12422747
2016  4 23     7.33612706
2016  4 24     5.04349097
2016  4 25     3.41480559
2016  4 26     2.74539231
2016  4 27     2.24835366
2016  4 28     2.09177634
2016  4 29     1.99173019
2016  4 30     2.27803227
2016  5  1     2.15466989
2016  5  2     1.82003564
2016  5  3     1.77816560
2016  5  4     1.67159483
2016  5  5     1.70145843
2016  5  6     2.17845591
2016  5  7     2.40803080
2016  5  8     2.01515317
2016  5  9     1.72240966
2016  5 10     1.52262043
2016  5 11     1.40740791
2016  5 12     1.32194116
2016  5 13     1.25670436
2016  5 14     1.20701246
2016  5 15     1.16463905
2016  5 16     1.13169398
2016  5 17     1.08599791
2016  5 18     1.03316956
2016  5 19     0.99368505
2016  5 20     1.13399508
2016  5 21     1.36091528
2016  5 22     1.22388093
2016  5 23     1.08792484
2016  5 24     1.45859438
2016  5 25     1.63481708
2016  5 26     1.26785024
2016  5 27     1.02268651
2016  5 28     0.92353721
2016  5 29     0.86534752
2016  5 30     0.81827151
2016  5 31     0.77794771
2016  6  1     0.74034581
2016  6  2     0.70998418
2016  6  3     0.68359466
2016  6  4     0.65506533
2016  6  5     0.63045967
2016  6  6     0.61713853
2016  6  7     0.59537927
2016  6  8     0.56879876
2016  6  9     0.55444996
2016  6 10     0.54155755
2016  6 11     0.52945980
2016  6 12     0.51543556
2016  6 13     0.49711832
2016  6 14     0.48317044
2016  6 15     0.47658412
2016  6 16     0.47446595
2016  6 17     0.46028881
2016  6 18     0.44786124
2016  6 19     0.42681312
2016  6 20     0.40090274
2016  6 21     0.37896115
2016  6 22     0.35917704
2016  6 23     0.34749438
2016  6 24     0.34194047
2016  6 25     0.33197905
2016  6 26     0.31698348
2016  6 27     0.30226666
2016  6 28     0.28734313
2016  6 29     0.27500205
2016  6 30     0.26691302
2016  7  1     0.25820355
2016  7  2     0.24929859
2016  7  3     0.24295476
2016  7  4     0.23777382
2016  7  5     0.23312917
2016  7  6     0.22780235
2016  7  7     0.22288607
2016  7  8     0.21604699
2016  7  9     0.20863407
2016  7 10     0.20854484
2016  7 11     0.20622529
2016  7 12     0.19514803
2016  7 13     0.18396773
2016  7 14     0.17339805
2016  7 15     0.16541045
2016  7 16     0.15987440
2016  7 17     0.15610231
2016  7 18     0.15327630
2016  7 19     0.15137944
2016  7 20     0.14677756
2016  7 21     0.14032581
2016  7 22     0.13485211
2016  7 23     0.13025738
2016  7 24     0.12565505
2016  7 25     0.12093959
2016  7 26     0.11694041
2016  7 27     0.11284511
2016  7 28     0.10799878
2016  7 29     0.10327413
2016  7 30     0.09938797
2016  7 31     0.09723630
2016  8  1     0.09551693
2016  8  2     0.09292795
2016  8  3     0.09011170
2016  8  4     0.08718587
2016  8  5     0.08470606
2016  8  6     0.08377410
2016  8  7     0.08229285
2016  8  8     0.08007046
2016  8  9     0.07760221
2016  8 10     0.07497487
2016  8 11     0.07253166
2016  8 12     0.06916962
2016  8 13     0.06532035
2016  8 14     0.06197931
2016  8 15     0.05981443
2016  8 16     0.05815955
2016  8 17     0.05630441
2016  8 18     0.05445018
2016  8 19     0.05276159
2016  8 20     0.05116246
2016  8 21     0.04963759
2016  8 22     0.04822401
2016  8 23     0.04722138
2016  8 24     0.04587547
2016  8 25     0.04431487
2016  8 26     0.04299815
2016  8 27     0.04172567
2016  8 28     0.04049755
2016  8 29     0.03921732
2016  8 30     0.03795633
2016  8 31     0.03680291
2016  9  1     0.03586113
2016  9  2     0.03504164
2016  9  3     0.03426768
2016  9  4     0.03431065
2016  9  5     0.03489477
2016  9  6     0.03331084
2016  9  7     0.03068013
2016  9  8     0.02906554
2016  9  9     0.02811868
2016  9 10     0.02728227
2016  9 11     0.02646938
2016  9 12     0.02569286
2016  9 13     0.02581780
2016  9 14     0.02730812
2016  9 15     0.02653128
2016  9 16     0.02382891
2016  9 17     0.02221764
2016  9 18     0.02147863
2016  9 19     0.02083485
2016  9 20     0.02021619
2016  9 21     0.01962315
2016  9 22     0.02175226
2016  9 23     0.02357167
2016  9 24     0.02110911
2016  9 25     0.01817038
2016  9 26     0.01690433
2016  9 27     0.01639602
2016  9 28     0.01591271
2016  9 29     0.01544364
2016  9 30     0.01499055
2016 10  1     0.01461053
2016 10  2     0.03592406
2016 10  3     0.08483831
2016 10  4     0.06617998
2016 10  5     0.03280304
2016 10  6     0.02485135
2016 10  7     0.01737947
2016 10  8     0.01321217
2016 10  9     0.01165846
2016 10 10     0.01113925
2016 10 11     0.01079597
2016 10 12     0.01048219
2016 10 13     0.01017528
2016 10 14     0.39323223
2016 10 15     1.81431466
2016 10 16     4.22058566
2016 10 17     4.07914793
2016 10 18     2.20408454
2016 10 19     0.93587915
2016 10 20     0.60156065
2016 10 21     0.60092648
2016 10 22     0.31806884
2016 10 23     0.16501268
2016 10 24     0.18194663
2016 10 25     0.49979190
2016 10 26     0.30882107
2016 10 27     0.40743605
2016 10 28     2.82054133
2016 10 29     2.36798203
2016 10 30     2.22139649
2016 10 31     4.19721313
2016 11  1     4.18490846
2016 11  2     2.00229740
2016 11  3     1.10714121
2016 11  4     0.83700133
2016 11  5     0.65326893
2016 11  6     0.54739997
2016 11  7     0.48116620
2016 11  8     0.43361517
2016 11  9     0.39694413
2016 11 10     0.36892714
2016 11 11     0.34728867
2016 11 12     0.33012557
2016 11 13     0.31573796
2016 11 14     0.30213048
2016 11 15     0.37223846
2016 11 16     0.52824137
2016 11 17     0.42737350
2016 11 18     0.34326797
2016 11 19     1.18652772
2016 11 20     6.05968003
2016 11 21     3.91155423
2016 11 22     1.59973349
2016 11 23     2.30868158
2016 11 24     1.44109357
2016 11 25     0.87349220
2016 11 26     2.01692619
2016 11 27     5.85299353
2016 11 28     3.81909000
2016 11 29     1.66054611
2016 11 30     1.19810633
2016 12  1     0.95855498
2016 12  2     0.80235214
2016 12  3     0.70118503
2016 12  4     0.63817051
2016 12  5     0.59335714
2016 12  6     0.55321581
2016 12  7     0.54559365
2016 12  8     1.28047542
2016 12  9     2.97837221
2016 12 10    18.93737445
2016 12 11    19.79154376
2016 12 12     8.93187465
2016 12 13     3.78509696
2016 12 14     3.42383372
2016 12 15     8.63029119
2016 12 16    23.49613390
2016 12 17    12.35866513
2016 12 18     4.70666468
2016 12 19     3.79786483
2016 12 20     3.18571601
2016 12 21     2.81186298
2016 12 22     2.51483243
2016 12 23     3.09382410
2016 12 24     3.50630143
2016 12 25     2.63051087
2016 12 26     2.19445348
2016 12 27     2.01615087
2016 12 28     1.86256332
2016 12 29     1.75543586
2016 12 30     1.68946020
2016 12 31     1.67675219
2017  1  1     1.66812008
2017  1  2     2.36449087
2017  1  3     3.79279163
2017  1  4    14.71079693
2017  1  5    17.74093713
2017  1  6     8.81650833
2017  1  7     6.53452854
2017  1  8    25.39839172
2017  1  9    37.55562258
2017  1 10    38.98880293
2017  1 11    39.05908619
2017  1 12    22.12701494
2017  1 13    10.99079955
2017  1 14     7.87492025
2017  1 15     7.51592639
2017  1 16     6.29981028
2017  1 17     5.14742772
2017  1 18     6.36416345
2017  1 19    16.27376014
2017  1 20    18.28364578
2017  1 21    12.90587842
2017  1 22    12.15458035
2017  1 23    14.19511917
2017  1 24     9.22886429
2017  1 25     5.86833299
2017  1 26     4.92373240
2017  1 27     4.37098138
2017  1 28     3.98207428
2017  1 29     3.73578901
2017  1 30     3.56022297
2017  1 31     3.49150531
2017  2  1     3.42359600
2017  2  2     4.59088938
2017  2  3    12.01529451
2017  2  4    13.58910934
2017  2  5    12.02435304
2017  2  6    17.52884067
2017  2  7    34.85802343
2017  2  8    36.51062976
2017  2  9    36.35978957
2017  2 10    45.96659881
2017  2 11    26.79468180
2017  2 12    12.43232511
2017  2 13     9.24894508
2017  2 14     8.63193522
2017  2 15     7.63952456
2017  2 16     9.05653536
2017  2 17    12.51661457
2017  2 18    14.54095276
2017  2 19    10.85216782
2017  2 20    23.20731438
2017  2 21    36.65245515
2017  2 22    25.20009357
2017  2 23    13.06228877
2017  2 24     8.51333880
2017  2 25     7.15618702
2017  2 26     6.36718605
2017  2 27     5.93604573
2017  2 28     5.44082200
2017  3  1     5.06661081
2017  3  2     4.85262392
2017  3  3     4.80624455
2017  3  4     5.36297297
2017  3  5    13.66041832
2017  3  6     9.72371962
2017  3  7     5.47130948
2017  3  8     4.94212176
2017  3  9     5.17374833
2017  3 10     5.26112542
2017  3 11     5.17904219
2017  3 12     5.16619271
2017  3 13     5.25164321
2017  3 14     5.39730817
2017  3 15     5.54848646
2017  3 16     5.39181978
2017  3 17     5.15138380
2017  3 18     5.38219441
2017  3 19     5.19726683
2017  3 20     5.15629209
2017  3 21     9.34383877
2017  3 22    15.26470438
2017  3 23    10.65609736
2017  3 24     7.23923488
2017  3 25     8.15449278
2017  3 26     6.71802676
2017  3 27     7.76098983
2017  3 28     5.70932786
2017  3 29     4.67289544
2017  3 30     8.00107376
2017  3 31     6.70998094
2017  4  1     4.49611940
2017  4  2     4.52925125
2017  4  3     4.76234915
2017  4  4     4.48961876
2017  4  5     4.29695670
2017  4  6     5.08046958
2017  4  7    16.31974584
2017  4  8    22.90335386
2017  4  9    11.59589352
2017  4 10     6.21284127
2017  4 11     5.22006756
2017  4 12     5.68340716
2017  4 13    15.95826144
2017  4 14    13.10147419
2017  4 15     6.57017315
2017  4 16     6.80953876
2017  4 17    12.02970940
2017  4 18    15.19998941
2017  4 19     9.30162796
2017  4 20     6.48701649
2017  4 21     5.64166351
2017  4 22     5.32001431
2017  4 23     5.50134436
2017  4 24     6.06684287
2017  4 25     5.19797149
2017  4 26     4.77219031
2017  4 27     4.82782418
2017  4 28     4.48617286
2017  4 29     3.99309920
2017  4 30     3.97900917
2017  5  1     4.51476919
2017  5  2     4.89306403
2017  5  3     5.12202952
2017  5  4     5.42533047
2017  5  5     5.68035878
2017  5  6     5.47687724
2017  5  7     5.72640125
2017  5  8     5.18391113
2017  5  9     4.44084761
2017  5 10     4.68721904
2017  5 11     4.86079997
2017  5 12     4.68427185
2017  5 13     3.85793358
2017  5 14     3.17229463
2017  5 15     3.00437587
2017  5 16     3.05722639
2017  5 17     3.22802893
2017  5 18     3.03583478
2017  5 19     2.98902774
2017  5 20     3.32035296
2017  5 21     3.69290709
2017  5 22     3.88081466
2017  5 23     4.06437097
2017  5 24     4.19912733
2017  5 25     4.05038554
2017  5 26     3.69764076
2017  5 27     3.32951102
2017  5 28     3.17795281
2017  5 29     3.23328166
2017  5 30     3.25788490
2017  5 31     3.20059953
2017  6  1     2.76664096
2017  6  2     2.46230200
2017  6  3     2.36496656
2017  6  4     2.31088555
2017  6  5     2.23657696
2017  6  6     2.10488575
2017  6  7     1.94034280
2017  6  8     1.86941178
2017  6  9     1.88153734
2017  6 10     1.75365370
2017  6 11     1.64555036
2017  6 12     1.73726793
2017  6 13     1.59623806
2017  6 14     1.45778789
2017  6 15     1.41387026
2017  6 16     1.38252322
2017  6 17     1.32606839
2017  6 18     1.22744823
2017  6 19     1.12665837
2017  6 20     1.06903137
2017  6 21     1.02996637
2017  6 22     0.99339410
2017  6 23     0.95593755
2017  6 24     0.92322203
2017  6 25     0.89383616
2017  6 26     0.87246622
2017  6 27     0.85751743
2017  6 28     0.83684971
2017  6 29     0.81045465
2017  6 30     0.77946754
2017  7  1     0.75071034
2017  7  2     0.72781426
2017  7  3     0.70302165
2017  7  4     0.67991520
2017  7  5     0.65816366
2017  7  6     0.63554706
2017  7  7     0.61299023
2017  7  8     0.58743024
2017  7  9     0.56271290
2017  7 10     0.54598212
2017  7 11     0.53373775
2017  7 12     0.52091282
2017  7 13     0.50813047
2017  7 14     0.49020040
2017  7 15     0.47331531
2017  7 16     0.45456466
2017  7 17     0.43784679
2017  7 18     0.42742014
2017  7 19     0.42171171
2017  7 20     0.40955071
2017  7 21     0.39642670
2017  7 22     0.38210180
2017  7 23     0.36653465
2017  7 24     0.35304557
2017  7 25     0.34337257
2017  7 26     0.33481252
2017  7 27     0.32567411
2017  7 28     0.31491033
2017  7 29     0.30408463
2017  7 30     0.29451235
2017  7 31     0.28524445
2017  8  1     0.27527456
2017  8  2     0.26493609
2017  8  3     0.25880855
2017  8  4     0.25589135
2017  8  5     0.24743398
2017  8  6     0.25163880
2017  8  7     0.24478002
2017  8  8     0.22743682
2017  8  9     0.21961914
2017  8 10     0.21266155
2017  8 11     0.20641777
2017  8 12     0.19962100
2017  8 13     0.19363113
2017  8 14     0.18833650
2017  8 15     0.18438617
2017  8 16     0.17971609
2017  8 17     0.18504054
2017  8 18     0.17575519
2017  8 19     0.15905246
2017  8 20     0.15393823
2017  8 21     0.14987525
2017  8 22     0.14627285
2017  8 23     0.14256017
2017  8 24     0.13775939
2017  8 25     0.13323593
2017  8 26     0.12875932
2017  8 27     0.12343057
2017  8 28     0.11895507
2017  8 29     0.11534175
2017  8 30     0.11194723
2017  8 31     0.10892523
2017  9  1     0.10581169
2017  9  2     0.10235996
2017  9  3     0.09911803
2017  9  4     0.09616837
2017  9  5     0.09333817
2017  9  6     0.11351195
2017  9  7     0.10948337
2017  9  8     0.08924605
2017  9  9     0.10047559
2017  9 10     0.09405649
2017  9 11     0.07913618
2017  9 12     0.08106114
2017  9 13     0.07843325
2017  9 14     0.07382075
2017  9 15     0.07426203
2017  9 16     0.07236556
2017  9 17     0.06944854
2017  9 18     0.06692820
2017  9 19     0.06664613
2017  9 20     0.08645096
2017  9 21     0.13899366
2017  9 22     0.14482761
2017  9 23     0.10072770
2017  9 24     0.07315071
2017  9 25     0.06768486
2017  9 26     0.05943968
2017  9 27     0.05294347
2017  9 28     0.04969615
2017  9 29     0.04743943
2017  9 30     0.04673490
2017 10  1     0.04598056
2017 10  2     0.04593597
2017 10  3     0.04624059
2017 10  4     0.04815639
2017 10  5     0.04613999
2017 10  6     0.04143884
2017 10  7     0.03774967
2017 10  8     0.03550020
2017 10  9     0.03608681
2017 10 10     0.03594721
2017 10 11     0.03489425
2017 10 12     0.03543266
2017 10 13     0.03490777
2017 10 14     0.03332405
2017 10 15     0.03109361
2017 10 16     0.02847773
2017 10 17     0.02684084
2017 10 18     0.02613295
2017 10 19     0.05713242
2017 10 20     0.61352932
2017 10 21     0.41019784
2017 10 22     0.16939588
2017 10 23     0.09988995
2017 10 24     0.05727643
2017 10 25     0.03822392
2017 10 26     0.02820238
2017 10 27     0.02237909
2017 10 28     0.01970313
2017 10 29     0.01869757
2017 10 30     0.01815736
2017 10 31     0.01890032
2017 11  1     0.01957998
2017 11  2     0.01939971
2017 11  3     0.33043925
2017 11  4     0.80303322
2017 11  5     0.68626482
2017 11  6     0.52503013
2017 11  7     0.30058103
2017 11  8     0.39962450
2017 11  9     1.23612018
2017 11 10     0.86221463
2017 11 11     0.42528245
2017 11 12     0.23903895
2017 11 13     0.26800879
2017 11 14     0.62473393
2017 11 15     0.78372694
2017 11 16     6.72277191
2017 11 17     7.02044158
2017 11 18     3.48275397
2017 11 19     1.49004209
2017 11 20     1.45668794
2017 11 21     1.37598691
2017 11 22     0.89727620
2017 11 23     0.58733986
2017 11 24     0.48953823
2017 11 25     0.41968786
2017 11 26     1.77754183
2017 11 27     6.18214058
2017 11 28     3.77687287
2017 11 29     1.41884898
2017 11 30     1.09654808
2017 12  1     0.85674822
2017 12  2     0.71148636
2017 12  3     1.17397453
2017 12  4     0.97895806
2017 12  5     0.66007668
2017 12  6     0.59808914
2017 12  7     0.53574375
2017 12  8     0.48843373
2017 12  9     0.45410268
2017 12 10     0.42729427
2017 12 11     0.40505825
2017 12 12     0.38629367
2017 12 13     0.37008628
2017 12 14     0.35549281
2017 12 15     0.34167700
2017 12 16     0.32996900
2017 12 17     0.32056855
2017 12 18     0.31029564
2017 12 19     0.29921950
2017 12 20     0.86808494
2017 12 21     0.55216646
2017 12 22     0.38770900
2017 12 23     0.33877282
2017 12 24     0.29640040
2017 12 25     0.27251046
2017 12 26     0.25688342
2017 12 27     0.24468466
2017 12 28     0.23485754
2017 12 29     0.22585989
2017 12 30     0.21835525
2017 12 31     0.21216705
2018  1  1     0.20630665
2018  1  2     0.20023800
2018  1  3     0.19553578
2018  1  4     0.55866298
2018  1  5     0.83798428
2018  1  6     2.90395416
2018  1  7     1.88552166
2018  1  8     3.36330524
2018  1  9    10.18621588
2018  1 10     6.67714853
2018  1 11     2.80049149
2018  1 12     1.83041632
2018  1 13     1.37024013
2018  1 14     1.07429174
2018  1 15     0.90285233
2018  1 16     0.83111449
2018  1 17     0.72947763
2018  1 18     1.34339462
2018  1 19     4.43905907
2018  1 20     2.67710298
2018  1 21     1.24004540
2018  1 22     1.77301492
2018  1 23     1.36731387
2018  1 24     2.15558736
2018  1 25     5.51027197
2018  1 26     3.66000802
2018  1 27     1.58803542
2018  1 28     1.29330119
2018  1 29     1.22196244
2018  1 30     1.13680314
2018  1 31     1.01609987
2018  2  1     0.91236197
2018  2  2     0.85347734
2018  2  3     0.82502989
2018  2  4     0.79568870
2018  2  5     0.76968975
2018  2  6     0.73744625
2018  2  7     0.68641755
2018  2  8     0.63961408
2018  2  9     0.60723969
2018  2 10     0.57957180
2018  2 11     0.55581595
2018  2 12     0.54508880
2018  2 13     0.52394522
2018  2 14     0.50182066
2018  2 15     0.48421281
2018  2 16     0.46800669
2018  2 17     0.45677086
2018  2 18     0.45917385
2018  2 19     0.44442901
2018  2 20     0.42340187
2018  2 21     0.41054759
2018  2 22     0.42077847
2018  2 23     0.41046040
2018  2 24     0.38156371
2018  2 25     0.37878562
2018  2 26     0.74763031
2018  2 27     0.86726188
2018  2 28     0.52868845
2018  3  1     2.06313830
2018  3  2     3.93457771
2018  3  3     2.32112804
2018  3  4     2.16000541
2018  3  5     1.53122939
2018  3  6     1.17201137
2018  3  7     1.33777655
2018  3  8     1.53060044
2018  3  9     1.42191287
2018  3 10     1.38156770
2018  3 11     1.36093270
2018  3 12     1.57814178
2018  3 13     7.20225990
2018  3 14    16.24243468
2018  3 15    10.53478544
2018  3 16    11.07726555
2018  3 17     6.60613905
2018  3 18     4.32512473
2018  3 19     3.16144676
2018  3 20     2.90651108
2018  3 21    11.77160183
2018  3 22    27.05128661
2018  3 23    24.18816463
2018  3 24    11.64651575
2018  3 25     7.61848099
2018  3 26     5.40769847
2018  3 27     4.25558127
2018  3 28     4.28604143
2018  3 29     4.90115653
2018  3 30     5.27196544
2018  3 31     5.24587681
2018  4  1     4.91650645
2018  4  2     4.54175373
2018  4  3     4.13329691
2018  4  4     3.82155105
2018  4  5     3.85428889
2018  4  6     8.04126726
2018  4  7    22.81088502
2018  4  8    14.86230487
2018  4  9    10.06146393
2018  4 10     7.08985993
2018  4 11     5.83585156
2018  4 12     6.23203881
2018  4 13     4.82970440
2018  4 14     3.97368027
2018  4 15     4.25182256
2018  4 16     6.47766044
2018  4 17     5.48501170
2018  4 18     3.86575440
2018  4 19     3.47338820
2018  4 20     3.19217191
2018  4 21     3.12493312
2018  4 22     3.28985430
2018  4 23     3.27801541
2018  4 24     3.10754709
2018  4 25     2.90987581
2018  4 26     2.68436775
2018  4 27     2.53267643
2018  4 28     2.37755091
2018  4 29     2.22817557
2018  4 30     2.19202755
2018  5  1     2.09729665
2018  5  2     2.02414843
2018  5  3     1.92953745
2018  5  4     1.83598281
2018  5  5     1.76590665
2018  5  6     1.70000117
2018  5  7     1.64017085
2018  5  8     1.57677932
2018  5  9     1.51673724
2018  5 10     1.47280154
2018  5 11     1.42918799
2018  5 12     1.39480922
2018  5 13     1.39563244
2018  5 14     1.37862877
2018  5 15     1.31548055
2018  5 16     1.28352333
2018  5 17     1.55065946
2018  5 18     1.37889939
2018  5 19     1.23277431
2018  5 20     1.18053850
2018  5 21     1.14262899
2018  5 22     1.16401177
2018  5 23     1.11760028
2018  5 24     1.04390983
2018  5 25     4.06653004
2018  5 26     3.49114944
2018  5 27     1.61945591
2018  5 28     1.38594334
2018  5 29     1.25757652
2018  5 30     1.16355795
2018  5 31     1.10638830
2018  6  1     1.06474454
2018  6  2     1.01467988
2018  6  3     0.95875141
2018  6  4     0.91191209
2018  6  5     0.88120946
2018  6  6     0.85476632
2018  6  7     0.82938740
2018  6  8     0.80281270
2018  6  9     0.77463383
2018  6 10     0.76070887
2018  6 11     0.73899659
2018  6 12     0.70328082
2018  6 13     0.66802714
2018  6 14     0.64226436
2018  6 15     0.62207855
2018  6 16     0.60910689
2018  6 17     0.59908386
2018  6 18     0.59269884
2018  6 19     0.57026503
2018  6 20     0.53929430
2018  6 21     0.51515372
2018  6 22     0.49514887
2018  6 23     0.47380704
2018  6 24     0.45309951
2018  6 25     0.43536973
2018  6 26     0.42543794
2018  6 27     0.41266439
2018  6 28     0.40294916
2018  6 29     0.39729551
2018  6 30     0.38222168
2018  7  1     0.35890040
2018  7  2     0.34246408
2018  7  3     0.33331687
2018  7  4     0.33133439
2018  7  5     0.32727468
2018  7  6     0.31587797
2018  7  7     0.29714716
2018  7  8     0.28442880
2018  7  9     0.27535924
2018  7 10     0.26716415
2018  7 11     0.25934657
2018  7 12     0.25117049
2018  7 13     0.24306490
2018  7 14     0.23604898
2018  7 15     0.22933906
2018  7 16     0.22207660
2018  7 17     0.21472045
2018  7 18     0.20792988
2018  7 19     0.20114673
2018  7 20     0.19493213
2018  7 21     0.19157671
2018  7 22     0.21109593
2018  7 23     0.20081839
2018  7 24     0.18122193
2018  7 25     0.17382084
2018  7 26     0.16162340
2018  7 27     0.15550712
2018  7 28     0.15071672
2018  7 29     0.14674772
2018  7 30     0.14246326
2018  7 31     0.13766951
2018  8  1     0.13258353
2018  8  2     0.12861946
2018  8  3     0.12573594
2018  8  4     0.12289666
2018  8  5     0.12089193
2018  8  6     0.11800380
2018  8  7     0.11335617
2018  8  8     0.10808037
2018  8  9     0.10356409
2018  8 10     0.09949028
2018  8 11     0.09605784
2018  8 12     0.09331409
2018  8 13     0.09072874
2018  8 14     0.08814762
2018  8 15     0.08565952
2018  8 16     0.08308994
2018  8 17     0.08051608
2018  8 18     0.07809570
2018  8 19     0.07566138
2018  8 20     0.07328551
2018  8 21     0.07121009
2018  8 22     0.06983584
2018  8 23     0.06833735
2018  8 24     0.06654461
2018  8 25     0.06508810
2018  8 26     0.06326214
2018  8 27     0.06123246
2018  8 28     0.05944193
2018  8 29     0.05743409
2018  8 30     0.05570112
2018  8 31     0.05492018
2018  9  1     0.05332881
2018  9  2     0.05039379
2018  9  3     0.04804027
2018  9  4     0.04648932
2018  9  5     0.04511640
2018  9  6     0.04378877
2018  9  7     0.04250035
2018  9  8     0.04124590
2018  9  9     0.04006583
2018  9 10     0.03887332
2018  9 11     0.03770716
2018  9 12     0.03685351
2018  9 13     0.03752369
2018  9 14     0.03744687
2018  9 15     0.03572838
2018  9 16     0.03460154
2018  9 17     0.03297331
2018  9 18     0.03130943
2018  9 19     0.03020687
2018  9 20     0.02933429
2018  9 21     0.02817746
2018  9 22     0.02713895
2018  9 23     0.02633582
2018  9 24     0.02560388
2018  9 25     0.02483486
2018  9 26     0.02407266
2018  9 27     0.02335265
2018  9 28     0.02265862
2018  9 29     0.02199103
2018  9 30     0.02213683
2018 10  1     0.02155937
2018 10  2     0.02044915
2018 10  3     0.05411956
2018 10  4     0.40748566
2018 10  5     0.36839420
2018 10  6     0.22266950
2018 10  7     0.11483998
2018 10  8     0.06932880
2018 10  9     0.04523483
2018 10 10     0.03138079
2018 10 11     0.02426264
2018 10 12     0.01978210
2018 10 13     0.01617121
2018 10 14     0.01454809
2018 10 15     0.01506851
2018 10 16     0.01457500
2018 10 17     0.01342492
2018 10 18     0.01282501
2018 10 19     0.01239652
2018 10 20     0.01191378
2018 10 21     0.01150086
2018 10 22     0.01120990
2018 10 23     0.01094641
2018 10 24     0.01076799
2018 10 25     0.01042907
2018 10 26     0.00991905
2018 10 27     0.00953276
2018 10 28     0.00924830
2018 10 29     0.00915789
2018 10 30     0.00950734
2018 10 31     0.00937244
2018 11  1     0.00869755
2018 11  2     0.00808260
2018 11  3     0.00773310
2018 11  4     0.00750462
2018 11  5     0.00728375
2018 11  6     0.00709075
2018 11  7     0.00691358
2018 11  8     0.00690354
2018 11  9     0.00727770
2018 11 10     0.00683705
2018 11 11     0.00644723
2018 11 12     0.00652770
2018 11 13     0.00616959
2018 11 14     0.00579494
2018 11 15     0.00552012
2018 11 16     0.00528378
2018 11 17     0.00510269
2018 11 18     0.00500929
2018 11 19     0.00490742
2018 11 20     0.00476707
2018 11 21     0.08378532
2018 11 22     0.76467024
2018 11 23     2.28651053
2018 11 24     2.91539573
2018 11 25     1.44025193
2018 11 26     1.93424366
2018 11 27     1.09910553
2018 11 28     0.98807473
2018 11 29     1.90875902
2018 11 30     2.70968263
2018 12  1     1.51465578
2018 12  2     1.00638509
2018 12  3     0.47216607
2018 12  4     0.27990306
2018 12  5     0.42315667
2018 12  6     0.28147726
2018 12  7     0.16609192
2018 12  8     0.11203617
2018 12  9     0.07553189
2018 12 10     0.06214522
2018 12 11     0.04666708
2018 12 12     0.03413383
2018 12 13     0.02825779
2018 12 14     0.02827515
2018 12 15     0.02671753
2018 12 16     0.17673918
2018 12 17     1.62954631
2018 12 18     0.77710709
2018 12 19     0.26978536
2018 12 20     0.20646355
2018 12 21     0.57492746
2018 12 22     0.39149239
2018 12 23     0.20381102
2018 12 24     1.46801985
2018 12 25     2.13611350
2018 12 26     1.72772685
2018 12 27     0.90474622
2018 12 28     0.55100806
2018 12 29     0.40087509
2018 12 30     0.29501136
2018 12 31     0.23254099
