1987 10  1     9.92079536
1987 10  2    12.56459729
1987 10  3     9.38639146
1987 10  4     7.27149199
1987 10  5     5.81426265
1987 10  6     4.77546186
1987 10  7     4.02164410
1987 10  8     3.45894876
1987 10  9     3.02821510
1987 10 10     2.68254359
1987 10 11     2.39908265
1987 10 12     2.16696421
1987 10 13     1.95879936
1987 10 14     1.75927646
1987 10 15     1.59815867
1987 10 16     1.45980156
1987 10 17     1.34001582
1987 10 18     1.23650789
1987 10 19     1.14390257
1987 10 20     1.06219297
1987 10 21     0.99016533
1987 10 22     0.92685624
1987 10 23     0.91014616
1987 10 24     0.95623231
1987 10 25     0.89224602
1987 10 26     0.76468640
1987 10 27     0.69902965
1987 10 28     0.67145149
1987 10 29     0.65849595
1987 10 30     0.61559905
1987 10 31     0.57917827
1987 11  1     0.55544602
1987 11  2     0.68220310
1987 11  3     0.69553591
1987 11  4     0.57952116
1987 11  5     0.50595988
1987 11  6     0.47558330
1987 11  7     0.47079358
1987 11  8     0.43761696
1987 11  9     0.48071351
1987 11 10     0.48750183
1987 11 11     0.42011083
1987 11 12     0.37818715
1987 11 13     0.50003042
1987 11 14     0.69128470
1987 11 15     0.61531631
1987 11 16     0.49712813
1987 11 17     0.43893729
1987 11 18     0.44598529
1987 11 19     0.40350864
1987 11 20     0.32962731
1987 11 21     0.45680954
1987 11 22     0.46244602
1987 11 23     0.39848809
1987 11 24     0.32339241
1987 11 25     0.28858749
1987 11 26     0.28202958
1987 11 27     0.25609045
1987 11 28     0.24304663
1987 11 29     0.23556543
1987 11 30     0.30141088
1987 12  1     0.91322244
1987 12  2     1.86363061
1987 12  3     1.87455583
1987 12  4     1.30450939
1987 12  5     0.92662265
1987 12  6     1.04916879
1987 12  7     1.36302792
1987 12  8     1.32499020
1987 12  9     1.33298327
1987 12 10     1.55738227
1987 12 11     1.16450450
1987 12 12     0.85583315
1987 12 13     0.67313319
1987 12 14     0.54528347
1987 12 15     0.45788963
1987 12 16     0.47594935
1987 12 17     0.52598238
1987 12 18     0.47460472
1987 12 19     0.43668160
1987 12 20     0.40060538
1987 12 21     0.39505697
1987 12 22     0.74921251
1987 12 23     0.60434649
1987 12 24     0.51005496
1987 12 25     0.44367963
1987 12 26     0.38664398
1987 12 27     0.35311824
1987 12 28     0.54763841
1987 12 29     0.92063170
1987 12 30     0.66936750
1987 12 31     0.56011969
1988  1  1     0.47908896
1988  1  2     0.41335468
1988  1  3     1.07052119
1988  1  4     3.16889581
1988  1  5     2.59759358
1988  1  6     1.52831702
1988  1  7     1.14397389
1988  1  8     1.64076839
1988  1  9     1.68445104
1988  1 10     1.47696728
1988  1 11     1.88253033
1988  1 12     1.34825091
1988  1 13     1.03365367
1988  1 14     0.92911564
1988  1 15     1.99067713
1988  1 16     2.70297839
1988  1 17     1.93171470
1988  1 18     1.39541787
1988  1 19     1.20092812
1988  1 20     1.04389162
1988  1 21     0.94015238
1988  1 22     0.87110132
1988  1 23     0.84166817
1988  1 24     0.82914753
1988  1 25     0.81046350
1988  1 26     0.79174135
1988  1 27     0.77198862
1988  1 28     0.75429219
1988  1 29     1.11896081
1988  1 30     1.53594708
1988  1 31     1.07550241
1988  2  1     1.16734745
1988  2  2     0.97869279
1988  2  3     0.86214126
1988  2  4     0.79069822
1988  2  5     0.73759770
1988  2  6     0.69497833
1988  2  7     0.68252481
1988  2  8     0.69254848
1988  2  9     0.69748792
1988  2 10     0.70060137
1988  2 11     0.71718429
1988  2 12     0.70399947
1988  2 13     0.67274838
1988  2 14     0.65415637
1988  2 15     0.64840332
1988  2 16     0.61458126
1988  2 17     0.57527402
1988  2 18     0.56229295
1988  2 19     0.55666296
1988  2 20     0.56441424
1988  2 21     0.56412122
1988  2 22     0.55514952
1988  2 23     0.54450851
1988  2 24     0.53909844
1988  2 25     0.53393725
1988  2 26     0.53571307
1988  2 27     0.53111585
1988  2 28     0.53514949
1988  2 29     0.70812332
1988  3  1     2.17934115
1988  3  2     1.58236585
1988  3  3     1.03738563
1988  3  4     0.85179079
1988  3  5     0.75288880
1988  3  6     0.69997636
1988  3  7     0.66018705
1988  3  8     0.63587433
1988  3  9     0.63240069
1988  3 10     0.60834716
1988  3 11     0.57662072
1988  3 12     0.55542565
1988  3 13     0.53957721
1988  3 14     0.53118632
1988  3 15     0.52238152
1988  3 16     0.51087243
1988  3 17     0.50830466
1988  3 18     0.51631782
1988  3 19     0.52832336
1988  3 20     0.53545481
1988  3 21     0.54434206
1988  3 22     0.54480073
1988  3 23     0.54051372
1988  3 24     0.53016463
1988  3 25     0.53607444
1988  3 26     0.55516569
1988  3 27     0.54699936
1988  3 28     0.51953101
1988  3 29     0.49830498
1988  3 30     0.48593349
1988  3 31     0.47695404
1988  4  1     0.47418972
1988  4  2     0.48125724
1988  4  3     0.50473021
1988  4  4     0.50486644
1988  4  5     0.49723404
1988  4  6     0.50339074
1988  4  7     0.51304273
1988  4  8     0.49142171
1988  4  9     0.46871383
1988  4 10     0.46995683
1988  4 11     0.47912623
1988  4 12     0.48307160
1988  4 13     0.48231694
1988  4 14     0.56209951
1988  4 15     0.59675293
1988  4 16     0.50525321
1988  4 17     0.49251737
1988  4 18     0.50205235
1988  4 19     1.96736804
1988  4 20     3.35742186
1988  4 21     2.17400185
1988  4 22     1.56863652
1988  4 23     1.65388896
1988  4 24     1.28710856
1988  4 25     1.06084582
1988  4 26     0.94504759
1988  4 27     0.86179611
1988  4 28     0.81780235
1988  4 29     0.79054301
1988  4 30     0.77958848
1988  5  1     0.75054724
1988  5  2     0.69479900
1988  5  3     0.66633281
1988  5  4     0.64533032
1988  5  5     0.62359782
1988  5  6     0.60330007
1988  5  7     1.05720109
1988  5  8     1.31072992
1988  5  9     0.99454085
1988  5 10     0.79244866
1988  5 11     0.69229111
1988  5 12     0.64112978
1988  5 13     0.70343123
1988  5 14     0.67059889
1988  5 15     0.59554787
1988  5 16     0.59515670
1988  5 17     1.01525237
1988  5 18     0.81609400
1988  5 19     0.62339018
1988  5 20     0.57095404
1988  5 21     0.54856420
1988  5 22     0.53236543
1988  5 23     0.51573114
1988  5 24     0.49885064
1988  5 25     0.48249315
1988  5 26     0.46490427
1988  5 27     0.44846221
1988  5 28     0.45440445
1988  5 29     1.02953390
1988  5 30     0.89442931
1988  5 31     0.60678699
1988  6  1     0.64964210
1988  6  2     0.58794588
1988  6  3     0.49895394
1988  6  4     0.46352351
1988  6  5     0.44796210
1988  6  6     0.45972832
1988  6  7     1.07973166
1988  6  8     0.84183340
1988  6  9     0.63432207
1988  6 10     0.52573928
1988  6 11     0.48542568
1988  6 12     0.46568397
1988  6 13     0.44872801
1988  6 14     0.43363041
1988  6 15     0.41778598
1988  6 16     0.40165455
1988  6 17     0.38766255
1988  6 18     0.37383209
1988  6 19     0.36083602
1988  6 20     0.34843103
1988  6 21     0.33712795
1988  6 22     0.32637944
1988  6 23     0.31571483
1988  6 24     0.30505690
1988  6 25     0.32933588
1988  6 26     0.33063565
1988  6 27     0.28152713
1988  6 28     0.27157392
1988  6 29     0.26385225
1988  6 30     0.25550396
1988  7  1     0.24699626
1988  7  2     0.23904479
1988  7  3     0.23131565
1988  7  4     0.22529837
1988  7  5     0.21951399
1988  7  6     0.21329997
1988  7  7     0.20603979
1988  7  8     0.19897901
1988  7  9     0.19228165
1988  7 10     0.18546353
1988  7 11     0.18067585
1988  7 12     0.17665682
1988  7 13     0.17126159
1988  7 14     0.16555576
1988  7 15     0.16038357
1988  7 16     0.15490553
1988  7 17     0.14838599
1988  7 18     0.14253321
1988  7 19     0.13776777
1988  7 20     0.13273709
1988  7 21     0.12861892
1988  7 22     0.12443857
1988  7 23     0.12076242
1988  7 24     0.11685026
1988  7 25     0.11326264
1988  7 26     0.13466445
1988  7 27     0.14521436
1988  7 28     0.12590762
1988  7 29     0.10557681
1988  7 30     0.09938376
1988  7 31     0.09643147
1988  8  1     0.09360452
1988  8  2     0.09107696
1988  8  3     0.08947535
1988  8  4     0.08617976
1988  8  5     0.08251308
1988  8  6     0.08174036
1988  8  7     0.08040507
1988  8  8     0.07699412
1988  8  9     0.07322719
1988  8 10     0.07008743
1988  8 11     0.06821512
1988  8 12     0.06742965
1988  8 13     0.06703210
1988  8 14     0.06508659
1988  8 15     0.06303158
1988  8 16     0.06041440
1988  8 17     0.05744156
1988  8 18     0.05475266
1988  8 19     0.05219372
1988  8 20     0.05025484
1988  8 21     0.04872289
1988  8 22     0.04729820
1988  8 23     0.04587964
1988  8 24     0.04452021
1988  8 25     0.04320786
1988  8 26     0.04193420
1988  8 27     0.04069809
1988  8 28     0.03949841
1988  8 29     0.03835842
1988  8 30     0.03723798
1988  8 31     0.03610742
1988  9  1     0.03504306
1988  9  2     0.03401008
1988  9  3     0.03300754
1988  9  4     0.03203456
1988  9  5     0.03109026
1988  9  6     0.03017380
1988  9  7     0.02928435
1988  9  8     0.02842112
1988  9  9     0.02758334
1988  9 10     0.02677025
1988  9 11     0.02598113
1988  9 12     0.02521527
1988  9 13     0.02447256
1988  9 14     0.02375076
1988  9 15     0.02305050
1988  9 16     0.02237103
1988  9 17     0.02171159
1988  9 18     0.02107159
1988  9 19     0.02045045
1988  9 20     0.03468257
1988  9 21     0.03733082
1988  9 22     0.01872670
1988  9 23     0.01814794
1988  9 24     0.01760884
1988  9 25     0.01708978
1988  9 26     0.01676589
1988  9 27     0.01614238
1988  9 28     0.01562260
1988  9 29     0.01516208
1988  9 30     0.01471514
1988 10  1     0.01428138
1988 10  2     0.01386040
1988 10  3     0.01345183
1988 10  4     0.01305530
1988 10  5     0.01267046
1988 10  6     0.01229697
1988 10  7     0.01193448
1988 10  8     0.01158269
1988 10  9     0.01124126
1988 10 10     0.01090989
1988 10 11     0.01289148
1988 10 12     0.01241140
1988 10 13     0.01125514
1988 10 14     0.00967931
1988 10 15     0.00939396
1988 10 16     0.00911704
1988 10 17     0.00884830
1988 10 18     0.00858747
1988 10 19     0.00833433
1988 10 20     0.00808866
1988 10 21     0.00785022
1988 10 22     0.00761882
1988 10 23     0.00739424
1988 10 24     0.00717627
1988 10 25     0.00696473
1988 10 26     0.00675943
1988 10 27     0.00656018
1988 10 28     0.00636680
1988 10 29     0.00617912
1988 10 30     0.00599698
1988 10 31     0.00582020
1988 11  1     0.00564864
1988 11  2     0.01231066
1988 11  3     0.34762624
1988 11  4     0.36949808
1988 11  5     0.25268190
1988 11  6     0.15968794
1988 11  7     0.14028172
1988 11  8     0.08989909
1988 11  9     0.06874687
1988 11 10     0.37441236
1988 11 11     0.37442701
1988 11 12     0.29530490
1988 11 13     0.50456299
1988 11 14     0.61809047
1988 11 15     0.41390011
1988 11 16     0.36485380
1988 11 17     0.75034258
1988 11 18     0.56912132
1988 11 19     0.34234105
1988 11 20     0.20132686
1988 11 21     0.11938394
1988 11 22     1.40644800
1988 11 23     8.53979231
1988 11 24     4.73034754
1988 11 25     2.29525430
1988 11 26     1.72724916
1988 11 27     1.32913401
1988 11 28     1.14107352
1988 11 29     0.96618888
1988 11 30     0.84365053
1988 12  1     0.76323639
1988 12  2     0.69927435
1988 12  3     0.65651910
1988 12  4     0.62972680
1988 12  5     0.60634745
1988 12  6     0.59007933
1988 12  7     0.56566812
1988 12  8     0.54776323
1988 12  9     0.53385888
1988 12 10     0.51951047
1988 12 11     0.50064991
1988 12 12     0.48611254
1988 12 13     0.47203850
1988 12 14     0.45255006
1988 12 15     0.43131531
1988 12 16     0.41510888
1988 12 17     0.39947315
1988 12 18     0.38648798
1988 12 19     0.43472009
1988 12 20     0.77333526
1988 12 21     1.25910244
1988 12 22     1.19945982
1988 12 23     0.98953587
1988 12 24     0.96004846
1988 12 25     0.81472751
1988 12 26     0.66282239
1988 12 27     0.58204275
1988 12 28     0.52461690
1988 12 29     0.47241408
1988 12 30     0.44162753
1988 12 31     0.57695392
1989  1  1     0.49455668
1989  1  2     0.45412320
1989  1  3     0.46685580
1989  1  4     0.44227131
1989  1  5     1.24042428
1989  1  6     0.90042487
1989  1  7     0.73864348
1989  1  8     0.61118986
1989  1  9     0.62195006
1989  1 10     1.32221398
1989  1 11     0.92945799
1989  1 12     0.68373825
1989  1 13     0.61493932
1989  1 14     0.56041454
1989  1 15     0.51195883
1989  1 16     0.48177563
1989  1 17     0.45580047
1989  1 18     0.44956272
1989  1 19     0.46688908
1989  1 20     0.48315596
1989  1 21     0.47983147
1989  1 22     0.64739570
1989  1 23     1.84437144
1989  1 24     1.11567888
1989  1 25     0.75299823
1989  1 26     0.67641636
1989  1 27     0.62814424
1989  1 28     0.59716561
1989  1 29     0.62672341
1989  1 30     0.67312068
1989  1 31     0.68165356
1989  2  1     0.66296633
1989  2  2     0.59253711
1989  2  3     0.55154131
1989  2  4     0.51099234
1989  2  5     0.47590663
1989  2  6     0.45226882
1989  2  7     0.43112615
1989  2  8     0.41289866
1989  2  9     0.43622902
1989  2 10     0.59572507
1989  2 11     0.55482663
1989  2 12     0.51317369
1989  2 13     0.46568411
1989  2 14     0.42905051
1989  2 15     0.40053652
1989  2 16     0.40936977
1989  2 17     0.46897957
1989  2 18     0.61057812
1989  2 19     1.73762707
1989  2 20     1.26810419
1989  2 21     1.05556115
1989  2 22     3.01997719
1989  2 23     3.02485445
1989  2 24     1.88937123
1989  2 25     1.46369305
1989  2 26     1.42560244
1989  2 27     1.35942494
1989  2 28     1.27299653
1989  3  1     1.79643243
1989  3  2     6.78821116
1989  3  3     4.08168387
1989  3  4     2.15314162
1989  3  5     2.32885222
1989  3  6     4.14330332
1989  3  7     3.41125829
1989  3  8     6.09481276
1989  3  9    13.40177780
1989  3 10    16.22056622
1989  3 11    14.55364723
1989  3 12     8.01550745
1989  3 13     7.55522856
1989  3 14     5.87720327
1989  3 15     4.16008959
1989  3 16     6.26324583
1989  3 17     5.83602185
1989  3 18     6.84255507
1989  3 19     6.69812613
1989  3 20     4.77823213
1989  3 21     3.97267265
1989  3 22     3.78580193
1989  3 23     3.59239165
1989  3 24     7.34457513
1989  3 25    11.33099143
1989  3 26     7.50341410
1989  3 27     5.89912121
1989  3 28     5.39939131
1989  3 29     4.38925956
1989  3 30     4.01568082
1989  3 31     4.67100934
1989  4  1     4.41733393
1989  4  2     4.43678214
1989  4  3     4.84108534
1989  4  4     4.11596714
1989  4  5     3.75453328
1989  4  6     3.72437908
1989  4  7     3.71613625
1989  4  8     3.67403742
1989  4  9     3.57765715
1989  4 10     3.46644025
1989  4 11     3.36459189
1989  4 12     3.28159642
1989  4 13     3.20152159
1989  4 14     3.11104970
1989  4 15     3.03228438
1989  4 16     2.93020941
1989  4 17     2.81720099
1989  4 18     2.72457581
1989  4 19     2.64513244
1989  4 20     2.56874344
1989  4 21     2.57635151
1989  4 22     2.58057904
1989  4 23     2.99003505
1989  4 24     3.23789033
1989  4 25     2.96625524
1989  4 26     2.58538214
1989  4 27     2.40026726
1989  4 28     2.29338714
1989  4 29     2.18207499
1989  4 30     2.09424736
1989  5  1     2.02143347
1989  5  2     1.94388831
1989  5  3     1.89964948
1989  5  4     1.86254184
1989  5  5     1.83550976
1989  5  6     1.79536342
1989  5  7     1.73176534
1989  5  8     1.66261348
1989  5  9     1.59920276
1989  5 10     1.57787750
1989  5 11     1.52586773
1989  5 12     1.46124046
1989  5 13     1.48460844
1989  5 14     1.46151584
1989  5 15     1.41461007
1989  5 16     1.36368480
1989  5 17     1.26686407
1989  5 18     1.23163549
1989  5 19     1.19480356
1989  5 20     1.15716080
1989  5 21     1.12528169
1989  5 22     1.09472860
1989  5 23     1.28454794
1989  5 24     1.24718696
1989  5 25     1.09702789
1989  5 26     1.00602281
1989  5 27     0.96211547
1989  5 28     1.02339717
1989  5 29     1.06089860
1989  5 30     1.00144838
1989  5 31     0.87410312
1989  6  1     0.84802013
1989  6  2     0.82813700
1989  6  3     0.80972155
1989  6  4     0.84491836
1989  6  5     0.98703870
1989  6  6     0.90309264
1989  6  7     0.83974178
1989  6  8     1.17578440
1989  6  9     1.01438491
1989  6 10     0.73812760
1989  6 11     0.72115704
1989  6 12     0.69850139
1989  6 13     0.67296741
1989  6 14     0.64871826
1989  6 15     0.63056419
1989  6 16     0.63852683
1989  6 17     0.61851426
1989  6 18     0.58104708
1989  6 19     0.56588655
1989  6 20     0.54896463
1989  6 21     0.53191153
1989  6 22     0.51608187
1989  6 23     0.49797529
1989  6 24     0.48154124
1989  6 25     0.46765797
1989  6 26     0.45361134
1989  6 27     0.43999779
1989  6 28     0.42825985
1989  6 29     0.41729323
1989  6 30     0.40523509
1989  7  1     0.39341623
1989  7  2     0.38175986
1989  7  3     0.36977861
1989  7  4     0.35822280
1989  7  5     0.34745846
1989  7  6     0.33643088
1989  7  7     0.32455379
1989  7  8     0.31351474
1989  7  9     0.30656240
1989  7 10     0.29880419
1989  7 11     0.29018440
1989  7 12     0.28133817
1989  7 13     0.27276501
1989  7 14     0.26463232
1989  7 15     0.25735041
1989  7 16     0.25089646
1989  7 17     0.24199945
1989  7 18     0.23175006
1989  7 19     0.22255731
1989  7 20     0.21380186
1989  7 21     0.20837689
1989  7 22     0.20414189
1989  7 23     0.19858360
1989  7 24     0.19213277
1989  7 25     0.18683849
1989  7 26     0.18091845
1989  7 27     0.17753249
1989  7 28     0.17254676
1989  7 29     0.16718948
1989  7 30     0.16193427
1989  7 31     0.15880835
1989  8  1     0.15747307
1989  8  2     0.15294450
1989  8  3     0.14642575
1989  8  4     0.13988452
1989  8  5     0.13424264
1989  8  6     0.12880680
1989  8  7     0.12776100
1989  8  8     0.18353740
1989  8  9     0.18715127
1989  8 10     0.11634694
1989  8 11     0.11148521
1989  8 12     0.10872283
1989  8 13     0.10614969
1989  8 14     0.10150744
1989  8 15     0.09656340
1989  8 16     0.09375390
1989  8 17     0.09141328
1989  8 18     0.09033191
1989  8 19     0.08691411
1989  8 20     0.08288040
1989  8 21     0.08061898
1989  8 22     0.08101334
1989  8 23     0.10179367
1989  8 24     0.09752504
1989  8 25     0.07835734
1989  8 26     0.07299298
1989  8 27     0.07034385
1989  8 28     0.06664864
1989  8 29     0.06384895
1989  8 30     0.06470233
1989  8 31     0.06368704
1989  9  1     0.05966978
1989  9  2     0.05767509
1989  9  3     0.05556154
1989  9  4     0.05239018
1989  9  5     0.05053255
1989  9  6     0.04853394
1989  9  7     0.04912294
1989  9  8     0.04788873
1989  9  9     0.04526159
1989  9 10     0.04367784
1989  9 11     0.04246510
1989  9 12     0.04154465
1989  9 13     0.04023584
1989  9 14     0.03726012
1989  9 15     0.03569676
1989  9 16     0.19131565
1989  9 17     0.80107666
1989  9 18     1.03987141
1989  9 19     0.75482374
1989  9 20     0.44687519
1989  9 21     0.23703270
1989  9 22     0.12554385
1989  9 23     0.06647013
1989  9 24     0.04571287
1989  9 25     0.04234089
1989  9 26     0.04266078
1989  9 27     0.04209652
1989  9 28     0.03978859
1989  9 29     0.12978897
1989  9 30     0.17151938
1989 10  1     0.11564384
1989 10  2     0.13325968
1989 10  3     0.23151941
1989 10  4     0.16192940
1989 10  5     0.10619845
1989 10  6     0.05676251
1989 10  7     0.03961048
1989 10  8     0.03438452
1989 10  9     0.03261365
1989 10 10     0.03127862
1989 10 11     0.03055955
1989 10 12     0.02990233
1989 10 13     0.02960700
1989 10 14     0.02893175
1989 10 15     0.02864956
1989 10 16     0.02810155
1989 10 17     0.02689289
1989 10 18     0.02564275
1989 10 19     0.02437622
1989 10 20     0.02374677
1989 10 21     0.29901602
1989 10 22     0.86958611
1989 10 23     4.48146312
1989 10 24     5.08340414
1989 10 25     3.27292867
1989 10 26     2.01735761
1989 10 27     1.74448807
1989 10 28     1.31979130
1989 10 29     1.03420843
1989 10 30     0.87371933
1989 10 31     0.76765386
1989 11  1     0.69216368
1989 11  2     0.64217393
1989 11  3     0.60881979
1989 11  4     0.58524634
1989 11  5     0.56374595
1989 11  6     0.54056112
1989 11  7     0.51918148
1989 11  8     0.50090047
1989 11  9     0.48339056
1989 11 10     0.46834357
1989 11 11     0.45393118
1989 11 12     0.43939821
1989 11 13     0.42484774
1989 11 14     0.41069847
1989 11 15     0.39799205
1989 11 16     0.38588234
1989 11 17     0.37413569
1989 11 18     0.36281741
1989 11 19     0.35186787
1989 11 20     0.34163972
1989 11 21     0.33167788
1989 11 22     0.32211156
1989 11 23     0.31538068
1989 11 24     0.51670222
1989 11 25     1.85668663
1989 11 26     4.07853934
1989 11 27     3.31658633
1989 11 28     1.65730892
1989 11 29     1.13413409
1989 11 30     0.95242168
1989 12  1     0.83007781
1989 12  2     0.74677567
1989 12  3     0.69116036
1989 12  4     0.65383724
1989 12  5     0.62911129
1989 12  6     0.60569434
1989 12  7     0.58050269
1989 12  8     0.55992996
1989 12  9     0.54473418
1989 12 10     0.52243897
1989 12 11     0.50280473
1989 12 12     0.48558281
1989 12 13     0.47032023
1989 12 14     0.45834345
1989 12 15     0.44569258
1989 12 16     0.43301973
1989 12 17     0.41882531
1989 12 18     0.40587733
1989 12 19     0.39291449
1989 12 20     0.38090792
1989 12 21     0.37048915
1989 12 22     0.36151649
1989 12 23     0.35212909
1989 12 24     0.34471666
1989 12 25     0.33840198
1989 12 26     0.32889567
1989 12 27     0.31802402
1989 12 28     0.30754761
1989 12 29     0.29921025
1989 12 30     0.29266973
1989 12 31     0.28674729
1990  1  1     0.28092464
1990  1  2     0.34070544
1990  1  3     0.32381809
1990  1  4     0.30655324
1990  1  5     0.27369098
1990  1  6     0.25121754
1990  1  7     1.45573369
1990  1  8     5.01756713
1990  1  9     2.68867381
1990  1 10     1.30984644
1990  1 11     1.04824374
1990  1 12     1.42637774
1990  1 13     7.62774895
1990  1 14     6.75043663
1990  1 15     3.10952829
1990  1 16     2.96821431
1990  1 17     2.26620508
1990  1 18     1.80007776
1990  1 19     1.59505530
1990  1 20     1.44001671
1990  1 21     1.32865259
1990  1 22     1.24428603
1990  1 23     1.17402852
1990  1 24     1.11598791
1990  1 25     1.06777795
1990  1 26     1.04331292
1990  1 27     1.00072241
1990  1 28     0.95611192
1990  1 29     0.92695418
1990  1 30     2.13761810
1990  1 31     1.65880340
1990  2  1     1.43756867
1990  2  2     1.22822354
1990  2  3     1.11490154
1990  2  4     1.51684133
1990  2  5     1.23180978
1990  2  6     1.47897244
1990  2  7     1.22668880
1990  2  8     1.08965673
1990  2  9     0.99515971
1990  2 10     0.95028769
1990  2 11     0.94236594
1990  2 12     0.98741770
1990  2 13     0.88282937
1990  2 14     0.81590597
1990  2 15     0.78254449
1990  2 16     0.95891598
1990  2 17     0.93770268
1990  2 18     0.95696824
1990  2 19     0.79118163
1990  2 20     0.75148191
1990  2 21     0.73803308
1990  2 22     0.82156290
1990  2 23     1.00006866
1990  2 24     1.10716363
1990  2 25     1.23771930
1990  2 26     1.33408869
1990  2 27     1.47131699
1990  2 28     1.56378674
1990  3  1     1.50054198
1990  3  2     1.62203422
1990  3  3     2.87954264
1990  3  4     2.31232538
1990  3  5     3.03619077
1990  3  6     2.20766133
1990  3  7     1.69667773
1990  3  8     1.67656595
1990  3  9     1.53064948
1990  3 10     2.30322935
1990  3 11     1.86420661
1990  3 12     1.49750678
1990  3 13     1.32044396
1990  3 14     1.27576996
1990  3 15     1.51854992
1990  3 16     1.72878989
1990  3 17     1.88554097
1990  3 18     1.98689753
1990  3 19     1.99324858
1990  3 20     1.95411834
1990  3 21     1.98631043
1990  3 22     1.97538751
1990  3 23     1.85311642
1990  3 24     1.73262649
1990  3 25     1.66084664
1990  3 26     1.55752539
1990  3 27     1.50767332
1990  3 28     1.47075029
1990  3 29     1.41139074
1990  3 30     1.38229637
1990  3 31     1.40379976
1990  4  1     1.41551319
1990  4  2     1.40870611
1990  4  3     1.41869797
1990  4  4     1.45825401
1990  4  5     1.51033548
1990  4  6     1.51879359
1990  4  7     1.44498209
1990  4  8     1.36905558
1990  4  9     1.31382739
1990  4 10     1.28550492
1990  4 11     1.28537144
1990  4 12     1.27259022
1990  4 13     1.27622598
1990  4 14     1.28301862
1990  4 15     1.26857943
1990  4 16     1.23768912
1990  4 17     1.19675818
1990  4 18     1.15375696
1990  4 19     1.12619704
1990  4 20     1.09996907
1990  4 21     1.15100417
1990  4 22     1.15454592
1990  4 23     1.59296937
1990  4 24     1.84229645
1990  4 25     1.43987822
1990  4 26     1.16203324
1990  4 27     1.08377758
1990  4 28     1.02999643
1990  4 29     0.98081720
1990  4 30     0.93837987
1990  5  1     0.91042222
1990  5  2     0.88190321
1990  5  3     0.85642622
1990  5  4     0.82814836
1990  5  5     0.80489960
1990  5  6     0.78194156
1990  5  7     0.75781294
1990  5  8     0.73214854
1990  5  9     0.70943721
1990  5 10     0.68820485
1990  5 11     0.66716492
1990  5 12     0.64738339
1990  5 13     0.62745577
1990  5 14     0.60925807
1990  5 15     0.59125814
1990  5 16     0.57369093
1990  5 17     0.55727156
1990  5 18     0.54191407
1990  5 19     0.52698151
1990  5 20     2.12221080
1990  5 21     1.95307435
1990  5 22     1.14758213
1990  5 23     2.61596120
1990  5 24     2.15172161
1990  5 25     1.32096005
1990  5 26     1.25111222
1990  5 27     3.26346118
1990  5 28     4.31426448
1990  5 29     2.52502850
1990  5 30     2.76691488
1990  5 31     6.00990296
1990  6  1     4.31156191
1990  6  2     2.35262558
1990  6  3     1.84704364
1990  6  4     1.66773878
1990  6  5     1.53606100
1990  6  6     1.44461928
1990  6  7     1.37638758
1990  6  8     1.31613107
1990  6  9     1.26155655
1990  6 10     1.21287329
1990  6 11     1.16843608
1990  6 12     1.12652016
1990  6 13     1.08704624
1990  6 14     1.05297565
1990  6 15     1.02774356
1990  6 16     0.98881741
1990  6 17     0.95344753
1990  6 18     0.91928567
1990  6 19     0.88863451
1990  6 20     0.85895118
1990  6 21     0.83087290
1990  6 22     0.80433302
1990  6 23     0.78139444
1990  6 24     0.75833284
1990  6 25     0.73560059
1990  6 26     0.71394541
1990  6 27     0.69280733
1990  6 28     0.67194120
1990  6 29     0.65099034
1990  6 30     0.63118334
1990  7  1     0.61165747
1990  7  2     0.59378742
1990  7  3     0.57857999
1990  7  4     0.56125854
1990  7  5     0.54518500
1990  7  6     0.52949728
1990  7  7     0.51319195
1990  7  8     0.49625279
1990  7  9     0.48052930
1990  7 10     0.46464268
1990  7 11     0.44700891
1990  7 12     0.43168367
1990  7 13     0.42107381
1990  7 14     0.41648203
1990  7 15     0.40184445
1990  7 16     0.38396736
1990  7 17     0.37809061
1990  7 18     0.36921877
1990  7 19     0.35607732
1990  7 20     0.34077735
1990  7 21     0.32913796
1990  7 22     0.31790789
1990  7 23     0.30962060
1990  7 24     0.30289342
1990  7 25     0.29738266
1990  7 26     0.28887570
1990  7 27     0.27699840
1990  7 28     0.26596230
1990  7 29     0.25731089
1990  7 30     0.24922920
1990  7 31     0.24192713
1990  8  1     0.23369623
1990  8  2     0.22592228
1990  8  3     0.21947050
1990  8  4     0.21212706
1990  8  5     0.20499324
1990  8  6     0.19622837
1990  8  7     0.19100992
1990  8  8     0.19736902
1990  8  9     0.19004736
1990  8 10     0.17532384
1990  8 11     0.16955719
1990  8 12     0.16545451
1990  8 13     0.16052147
1990  8 14     0.15564973
1990  8 15     0.15314703
1990  8 16     0.15138631
1990  8 17     0.14835898
1990  8 18     0.14360690
1990  8 19     0.21119640
1990  8 20     0.27662769
1990  8 21     0.22943396
1990  8 22     0.13239905
1990  8 23     0.12206874
1990  8 24     0.11858884
1990  8 25     0.11919903
1990  8 26     0.11816626
1990  8 27     0.11323589
1990  8 28     0.10761854
1990  8 29     0.10196814
1990  8 30     0.09955236
1990  8 31     0.09679493
1990  9  1     0.09308886
1990  9  2     0.08976350
1990  9  3     0.08752678
1990  9  4     0.08541646
1990  9  5     0.08230692
1990  9  6     0.07799804
1990  9  7     0.07559481
1990  9  8     0.07370221
1990  9  9     0.07165446
1990  9 10     0.06825214
1990  9 11     0.06552878
1990  9 12     0.06475855
1990  9 13     0.06372775
1990  9 14     0.06238791
1990  9 15     0.06307559
1990  9 16     0.06145958
1990  9 17     0.05843367
1990  9 18     0.05559592
1990  9 19     0.05329954
1990  9 20     0.05059017
1990  9 21     0.04822999
1990  9 22     0.04648179
1990  9 23     0.04736961
1990  9 24     0.06411918
1990  9 25     0.09175818
1990  9 26     0.15949995
1990  9 27     0.16724874
1990  9 28     0.09453468
1990  9 29     0.04527444
1990  9 30     0.03761961
1990 10  1     0.03603361
1990 10  2     0.03588624
1990 10  3     0.03526638
1990 10  4     0.03365000
1990 10  5     0.03272089
1990 10  6     0.03300040
1990 10  7     0.03431961
1990 10  8     0.03407242
1990 10  9     0.03239550
1990 10 10     0.03012111
1990 10 11     0.02949753
1990 10 12     0.02841603
1990 10 13     0.02705151
1990 10 14     0.02607908
1990 10 15     0.02500037
1990 10 16     0.02426382
1990 10 17     0.02479689
1990 10 18     0.03243185
1990 10 19     0.16233057
1990 10 20     0.14265669
1990 10 21     0.07127218
1990 10 22     0.03609445
1990 10 23     0.02264944
1990 10 24     0.02021375
1990 10 25     0.01900354
1990 10 26     0.01927274
1990 10 27     0.01863653
1990 10 28     0.01718478
1990 10 29     0.01733560
1990 10 30     0.01794381
1990 10 31     0.28349921
1990 11  1     0.32427798
1990 11  2     0.20163419
1990 11  3     0.10992784
1990 11  4     0.05652275
1990 11  5     0.02876061
1990 11  6     0.01860135
1990 11  7     0.01814672
1990 11  8     0.01681727
1990 11  9     0.01510324
1990 11 10     0.01467167
1990 11 11     0.01466324
1990 11 12     0.01432297
1990 11 13     0.01404235
1990 11 14     0.05621525
1990 11 15     0.11799069
1990 11 16     0.08312105
1990 11 17     0.04776837
1990 11 18     0.03491947
1990 11 19     0.03002331
1990 11 20     0.14488727
1990 11 21     0.11460428
1990 11 22     0.08110500
1990 11 23     0.04921143
1990 11 24     0.02703973
1990 11 25     0.05324624
1990 11 26     0.37381397
1990 11 27     0.28101341
1990 11 28     0.15023310
1990 11 29     0.08611906
1990 11 30     0.04716287
1990 12  1     0.02621355
1990 12  2     0.01684818
1990 12  3     0.01380766
1990 12  4     0.01545455
1990 12  5     0.03103404
1990 12  6     0.04284020
1990 12  7     0.03689972
1990 12  8     0.02534196
1990 12  9     0.01620870
1990 12 10     0.05778719
1990 12 11     0.51276898
1990 12 12     0.40904254
1990 12 13     0.26493725
1990 12 14     0.18061731
1990 12 15     0.15349035
1990 12 16     0.14379062
1990 12 17     0.10798513
1990 12 18     0.07267810
1990 12 19     0.06646086
1990 12 20     0.04836976
1990 12 21     0.04886166
1990 12 22     0.03751298
1990 12 23     0.02810810
1990 12 24     0.02169525
1990 12 25     0.01714780
1990 12 26     0.01502035
1990 12 27     0.01603330
1990 12 28     0.01551941
1990 12 29     0.01532207
1990 12 30     0.01440560
1990 12 31     0.01368114
1991  1  1     0.01828000
1991  1  2     0.03612421
1991  1  3     0.04774277
1991  1  4     0.05200230
1991  1  5     0.05581603
1991  1  6     0.05533378
1991  1  7     0.28889375
1991  1  8     0.29794607
1991  1  9     0.21167470
1991  1 10     0.14916868
1991  1 11     0.09651538
1991  1 12     0.07972962
1991  1 13     0.07944237
1991  1 14     0.06429883
1991  1 15     0.03185700
1991  1 16     0.02232815
1991  1 17     0.01740028
1991  1 18     0.01484951
1991  1 19     0.01525136
1991  1 20     0.01562567
1991  1 21     0.01399344
1991  1 22     0.01236352
1991  1 23     0.01181513
1991  1 24     0.01217645
1991  1 25     0.01201712
1991  1 26     0.01098925
1991  1 27     0.01112332
1991  1 28     0.01061536
1991  1 29     0.01342575
1991  1 30     0.02826035
1991  1 31     0.04225253
1991  2  1     0.03895227
1991  2  2     0.61907946
1991  2  3     1.12082827
1991  2  4     0.79376958
1991  2  5     1.55240917
1991  2  6     1.01614489
1991  2  7     0.52501338
1991  2  8     0.39670018
1991  2  9     0.31605263
1991  2 10     0.26779214
1991  2 11     0.23802799
1991  2 12     0.22298909
1991  2 13     0.21443091
1991  2 14     0.20990144
1991  2 15     0.20546454
1991  2 16     0.20112985
1991  2 17     0.19324184
1991  2 18     0.18324715
1991  2 19     0.17749661
1991  2 20     0.17424064
1991  2 21     0.17035132
1991  2 22     0.16506108
1991  2 23     0.15907264
1991  2 24     0.15438728
1991  2 25     0.14994760
1991  2 26     0.14555918
1991  2 27     0.14311326
1991  2 28     0.27769065
1991  3  1     2.55018310
1991  3  2     3.25863091
1991  3  3     7.96488693
1991  3  4    13.03756245
1991  3  5     9.21773447
1991  3  6     4.23683465
1991  3  7     2.84624427
1991  3  8     2.39384454
1991  3  9     2.11448725
1991  3 10     2.27614030
1991  3 11     2.19598533
1991  3 12     1.98582846
1991  3 13     3.45384241
1991  3 14     2.39442206
1991  3 15     2.26385210
1991  3 16     1.84893594
1991  3 17     1.76679783
1991  3 18     2.29141037
1991  3 19     2.00589167
1991  3 20     2.71575264
1991  3 21     2.08465391
1991  3 22     1.74902943
1991  3 23     2.23146932
1991  3 24     2.92041678
1991  3 25     3.46663498
1991  3 26     3.38764845
1991  3 27     2.50341793
1991  3 28     2.04360502
1991  3 29     2.07792159
1991  3 30     2.35540936
1991  3 31     2.61905871
1991  4  1     2.84611945
1991  4  2     2.83496127
1991  4  3     2.74946635
1991  4  4     3.04192468
1991  4  5     3.18198095
1991  4  6     7.23870798
1991  4  7     5.25583376
1991  4  8     2.84904362
1991  4  9     2.98395944
1991  4 10     2.81150180
1991  4 11     2.35430082
1991  4 12     2.49065179
1991  4 13     2.71617151
1991  4 14     2.81657679
1991  4 15     2.81321271
1991  4 16     2.44266089
1991  4 17     2.12900895
1991  4 18     2.15015485
1991  4 19     2.23673446
1991  4 20     2.65872866
1991  4 21     2.48639298
1991  4 22     2.26967331
1991  4 23     2.31511863
1991  4 24     2.40710912
1991  4 25     2.42445988
1991  4 26     2.20970263
1991  4 27     2.03300623
1991  4 28     2.06312263
1991  4 29     2.08838195
1991  4 30     2.06722677
1991  5  1     1.98833004
1991  5  2     1.87123588
1991  5  3     1.83304017
1991  5  4     1.79240469
1991  5  5     1.78823946
1991  5  6     1.80488834
1991  5  7     1.80410865
1991  5  8     1.81310207
1991  5  9     1.71253641
1991  5 10     1.57442227
1991  5 11     1.48818106
1991  5 12     1.48204395
1991  5 13     1.63337618
1991  5 14     1.84400851
1991  5 15     1.63159365
1991  5 16     1.58583785
1991  5 17     3.43408519
1991  5 18     2.97066208
1991  5 19     2.08258231
1991  5 20     1.78651006
1991  5 21     1.67700179
1991  5 22     1.61841046
1991  5 23     1.54009238
1991  5 24     1.45789403
1991  5 25     1.38553424
1991  5 26     1.32446070
1991  5 27     1.27506417
1991  5 28     1.23323195
1991  5 29     1.18221458
1991  5 30     1.23982303
1991  5 31     1.22464297
1991  6  1     1.13180791
1991  6  2     1.05430504
1991  6  3     1.01523519
1991  6  4     0.97954863
1991  6  5     0.94549977
1991  6  6     0.91632316
1991  6  7     0.88809049
1991  6  8     0.86112694
1991  6  9     0.83578512
1991  6 10     0.81109705
1991  6 11     0.78702505
1991  6 12     0.76130778
1991  6 13     0.73594205
1991  6 14     0.71455331
1991  6 15     0.69335765
1991  6 16     0.67239709
1991  6 17     0.65248823
1991  6 18     0.63328307
1991  6 19     0.61533702
1991  6 20     0.59910573
1991  6 21     0.58252673
1991  6 22     0.56498426
1991  6 23     0.54823647
1991  6 24     0.53329526
1991  6 25     0.51828410
1991  6 26     0.50339766
1991  6 27     0.49250168
1991  6 28     0.73055416
1991  6 29     1.01985663
1991  6 30     0.77085203
1991  7  1     0.55338291
1991  7  2     0.46336098
1991  7  3     0.42331019
1991  7  4     0.40616839
1991  7  5     0.39326869
1991  7  6     0.38245917
1991  7  7     0.37232312
1991  7  8     0.36201472
1991  7  9     0.35171029
1991  7 10     0.34110367
1991  7 11     0.33004306
1991  7 12     0.31881491
1991  7 13     0.30894327
1991  7 14     0.30096560
1991  7 15     0.29359674
1991  7 16     0.28600791
1991  7 17     0.27660330
1991  7 18     0.26654441
1991  7 19     0.27595327
1991  7 20     0.32551477
1991  7 21     0.32379885
1991  7 22     0.27814072
1991  7 23     0.24452204
1991  7 24     0.23175900
1991  7 25     0.22228725
1991  7 26     0.21506338
1991  7 27     0.20686270
1991  7 28     0.19899998
1991  7 29     0.19279252
1991  7 30     0.18617794
1991  7 31     0.18049685
1991  8  1     0.17680713
1991  8  2     0.17326008
1991  8  3     0.16831429
1991  8  4     0.16376880
1991  8  5     0.16034384
1991  8  6     0.15507821
1991  8  7     0.14995808
1991  8  8     0.14492572
1991  8  9     0.13942505
1991  8 10     0.13501973
1991  8 11     0.13055508
1991  8 12     0.12672294
1991  8 13     0.12569075
1991  8 14     0.13685148
1991  8 15     0.17749870
1991  8 16     0.16780106
1991  8 17     0.11879252
1991  8 18     0.10631856
1991  8 19     0.10360936
1991  8 20     0.09989411
1991  8 21     0.09633387
1991  8 22     0.09361909
1991  8 23     0.09074672
1991  8 24     0.08781959
1991  8 25     0.08545681
1991  8 26     0.08450855
1991  8 27     0.08274603
1991  8 28     0.08154042
1991  8 29     0.07810425
1991  8 30     0.07420057
1991  8 31     0.07151210
1991  9  1     0.06903477
1991  9  2     0.06580527
1991  9  3     0.06169872
1991  9  4     0.05956913
1991  9  5     0.05776767
1991  9  6     0.05638876
1991  9  7     0.05663259
1991  9  8     0.05477992
1991  9  9     0.05739739
1991  9 10     0.08286776
1991  9 11     0.08502331
1991  9 12     0.04996348
1991  9 13     0.04710357
1991  9 14     0.04574854
1991  9 15     0.04374068
1991  9 16     0.04141321
1991  9 17     0.03933426
1991  9 18     0.03776699
1991  9 19     0.03649556
1991  9 20     0.03540589
1991  9 21     0.03478421
1991  9 22     0.03385007
1991  9 23     0.03266486
1991  9 24     0.03145990
1991  9 25     0.03044861
1991  9 26     0.02991483
1991  9 27     0.03978210
1991  9 28     0.04102958
1991  9 29     0.02735874
1991  9 30     0.02626266
1991 10  1     0.02543715
1991 10  2     0.02468731
1991 10  3     0.02395958
1991 10  4     0.02325330
1991 10  5     0.02256785
1991 10  6     0.02190791
1991 10  7     0.02138260
1991 10  8     0.02087555
1991 10  9     0.02010390
1991 10 10     0.01943921
1991 10 11     0.01885920
1991 10 12     0.01830332
1991 10 13     0.01776379
1991 10 14     0.01724009
1991 10 15     0.01673189
1991 10 16     0.01623868
1991 10 17     0.01576000
1991 10 18     0.01529544
1991 10 19     0.01484457
1991 10 20     0.01440698
1991 10 21     0.01398287
1991 10 22     0.01362489
1991 10 23     0.03881389
1991 10 24     0.02581990
1991 10 25     0.08878506
1991 10 26     1.32435047
1991 10 27     1.10683843
1991 10 28     0.56381969
1991 10 29     0.32579718
1991 10 30     0.19942021
1991 10 31     0.11578606
1991 11  1     0.06457881
1991 11  2     0.03459282
1991 11  3     0.01845699
1991 11  4     0.01540769
1991 11  5     0.01444953
1991 11  6     0.01384119
1991 11  7     0.01336234
1991 11  8     0.01486677
1991 11  9     0.03914755
1991 11 10     0.04429498
1991 11 11     0.01810240
1991 11 12     0.01786389
1991 11 13     0.01704844
1991 11 14     0.01877413
1991 11 15     0.01915441
1991 11 16     0.01719562
1991 11 17     0.50819501
1991 11 18     0.69714891
1991 11 19     0.38156413
1991 11 20     0.36925514
1991 11 21     0.31641316
1991 11 22     0.21043548
1991 11 23     0.13121746
1991 11 24     0.08064079
1991 11 25     0.05415443
1991 11 26     0.03991140
1991 11 27     0.16443212
1991 11 28     0.16398197
1991 11 29     0.09167502
1991 11 30     0.07278366
1991 12  1     0.05450599
1991 12  2     0.04353829
1991 12  3     0.03963348
1991 12  4     0.03777876
1991 12  5     0.03638629
1991 12  6     0.03468960
1991 12  7     0.63589412
1991 12  8     0.46531412
1991 12  9     0.25230433
1991 12 10     0.17189088
1991 12 11     0.11033354
1991 12 12     0.08101219
1991 12 13     0.06275978
1991 12 14     0.05386236
1991 12 15     0.05095646
1991 12 16     0.04893065
1991 12 17     0.04776834
1991 12 18     1.05811308
1991 12 19     1.04976084
1991 12 20     0.50468323
1991 12 21     0.32104164
1991 12 22     0.23279466
1991 12 23     0.17421086
1991 12 24     0.13912864
1991 12 25     0.11707730
1991 12 26     0.10353593
1991 12 27     0.09663934
1991 12 28     1.12075661
1991 12 29     2.34402891
1991 12 30     1.74062804
1991 12 31     0.94343040
1992  1  1     0.68345587
1992  1  2     0.52982078
1992  1  3     0.42819115
1992  1  4     1.32320792
1992  1  5     3.26455056
1992  1  6     3.12059381
1992  1  7     2.26752307
1992  1  8     1.43419406
1992  1  9     1.11632779
1992  1 10     0.92964242
1992  1 11     0.80047827
1992  1 12     0.70603785
1992  1 13     0.63944806
1992  1 14     0.59012377
1992  1 15     0.55338864
1992  1 16     0.52643403
1992  1 17     0.50427978
1992  1 18     0.48438033
1992  1 19     0.46510349
1992  1 20     0.44741971
1992  1 21     0.43108991
1992  1 22     0.41568980
1992  1 23     0.40131818
1992  1 24     0.38809470
1992  1 25     0.39259009
1992  1 26     0.37410619
1992  1 27     0.36932455
1992  1 28     0.68617361
1992  1 29     0.56546364
1992  1 30     0.44631352
1992  1 31     0.40776887
1992  2  1     0.76922024
1992  2  2     0.57865412
1992  2  3     0.48339861
1992  2  4     0.42524590
1992  2  5     0.38179041
1992  2  6     0.40026894
1992  2  7     0.44302399
1992  2  8     0.87576158
1992  2  9     0.78858827
1992  2 10     2.72242716
1992  2 11     4.91960195
1992  2 12     6.40309310
1992  2 13     4.83936549
1992  2 14     4.22497780
1992  2 15     5.88068499
1992  2 16     5.02142029
1992  2 17     3.61240022
1992  2 18     3.00830746
1992  2 19     3.76842505
1992  2 20     7.29789859
1992  2 21     4.97859201
1992  2 22     3.67193858
1992  2 23     2.80307959
1992  2 24     2.46586638
1992  2 25     2.35507609
1992  2 26     2.27427193
1992  2 27     2.14680853
1992  2 28     2.03131981
1992  2 29     1.91669183
1992  3  1     2.47189844
1992  3  2     2.13524734
1992  3  3     1.87437507
1992  3  4     1.77204777
1992  3  5     4.69400831
1992  3  6     5.20887503
1992  3  7     3.18292927
1992  3  8     2.35016756
1992  3  9     2.12197013
1992  3 10     1.96138230
1992  3 11     1.85730266
1992  3 12     1.76979648
1992  3 13     1.69139875
1992  3 14     1.71358054
1992  3 15     2.61783971
1992  3 16     4.14355780
1992  3 17     3.18828019
1992  3 18     2.17564204
1992  3 19     1.95872849
1992  3 20     1.84882467
1992  3 21     1.72705348
1992  3 22     1.82522923
1992  3 23     1.82628804
1992  3 24     1.62328019
1992  3 25     1.52840970
1992  3 26     1.54456378
1992  3 27     1.47018664
1992  3 28     1.41834355
1992  3 29     1.37259116
1992  3 30     1.35192420
1992  3 31     1.34920042
1992  4  1     1.34560876
1992  4  2     1.33926644
1992  4  3     1.32205501
1992  4  4     1.28444054
1992  4  5     1.22149958
1992  4  6     1.16893064
1992  4  7     1.14151368
1992  4  8     1.13073984
1992  4  9     1.10942762
1992  4 10     1.27712916
1992  4 11     1.23739789
1992  4 12     3.77722707
1992  4 13     4.15896088
1992  4 14     2.35163086
1992  4 15     1.70915984
1992  4 16     1.57698451
1992  4 17     2.50525328
1992  4 18     2.03525869
1992  4 19     1.56435526
1992  4 20     1.45622258
1992  4 21     1.37882791
1992  4 22     1.30458192
1992  4 23     1.23427373
1992  4 24     1.19683835
1992  4 25     1.17955713
1992  4 26     1.16187556
1992  4 27     1.12154581
1992  4 28     1.07211472
1992  4 29     1.03875365
1992  4 30     1.01840171
1992  5  1     0.97562232
1992  5  2     0.93774224
1992  5  3     0.91199708
1992  5  4     0.88378341
1992  5  5     0.85608868
1992  5  6     0.83301687
1992  5  7     0.82506628
1992  5  8     0.82165979
1992  5  9     0.78639336
1992  5 10     0.74323455
1992  5 11     0.71979219
1992  5 12     0.70002945
1992  5 13     0.67981838
1992  5 14     0.65812837
1992  5 15     0.63591499
1992  5 16     0.62015150
1992  5 17     0.60309647
1992  5 18     0.58315555
1992  5 19     0.56680750
1992  5 20     0.56868030
1992  5 21     0.55322558
1992  5 22     0.52232970
1992  5 23     0.50302516
1992  5 24     0.48574574
1992  5 25     0.46889082
1992  5 26     0.45481960
1992  5 27     0.44139982
1992  5 28     0.42755838
1992  5 29     0.41469027
1992  5 30     0.40175317
1992  5 31     0.38968217
1992  6  1     0.37767398
1992  6  2     0.36582149
1992  6  3     0.35305253
1992  6  4     0.34198667
1992  6  5     0.33275802
1992  6  6     0.32397766
1992  6  7     0.31489672
1992  6  8     0.30631438
1992  6  9     0.29707940
1992  6 10     0.28952718
1992  6 11     0.28173565
1992  6 12     0.27730541
1992  6 13     0.27457807
1992  6 14     0.27473776
1992  6 15     0.40279600
1992  6 16     0.41906504
1992  6 17     0.46623122
1992  6 18     0.37582307
1992  6 19     0.30257587
1992  6 20     0.24972129
1992  6 21     0.21757422
1992  6 22     0.20437750
1992  6 23     0.19758629
1992  6 24     0.20671500
1992  6 25     0.22505265
1992  6 26     0.20545010
1992  6 27     0.18013583
1992  6 28     0.17406910
1992  6 29     0.33813701
1992  6 30     0.98596428
1992  7  1     0.65826901
1992  7  2     0.37046146
1992  7  3     0.26164159
1992  7  4     0.20893614
1992  7  5     0.18285903
1992  7  6     0.17019326
1992  7  7     0.16204703
1992  7  8     0.15470458
1992  7  9     0.14820810
1992  7 10     0.14219721
1992  7 11     0.13688314
1992  7 12     0.14241099
1992  7 13     0.16465931
1992  7 14     0.15565771
1992  7 15     0.12016072
1992  7 16     0.11594740
1992  7 17     0.13665458
1992  7 18     0.14126742
1992  7 19     0.11576981
1992  7 20     0.10425642
1992  7 21     0.10044930
1992  7 22     0.09759362
1992  7 23     0.09531304
1992  7 24     0.09182621
1992  7 25     0.08817396
1992  7 26     0.08467432
1992  7 27     0.08169769
1992  7 28     0.07858126
1992  7 29     0.07575093
1992  7 30     0.07350912
1992  7 31     0.07206048
1992  8  1     0.06988741
1992  8  2     0.06731960
1992  8  3     0.06545619
1992  8  4     0.06378059
1992  8  5     0.06183345
1992  8  6     0.06011824
1992  8  7     0.05802026
1992  8  8     0.05632588
1992  8  9     0.05415841
1992  8 10     0.05155491
1992  8 11     0.04889518
1992  8 12     0.04655137
1992  8 13     0.04565095
1992  8 14     0.04425404
1992  8 15     0.09081819
1992  8 16     0.10439949
1992  8 17     0.04998012
1992  8 18     0.03931770
1992  8 19     0.03784438
1992  8 20     0.03651746
1992  8 21     0.03585202
1992  8 22     0.03662393
1992  8 23     0.03591853
1992  8 24     0.03390428
1992  8 25     0.03274873
1992  8 26     0.03106848
1992  8 27     0.02951268
1992  8 28     0.02827689
1992  8 29     0.02935346
1992  8 30     0.03649540
1992  8 31     0.04429581
1992  9  1     0.04137336
1992  9  2     0.02573956
1992  9  3     0.02550831
1992  9  4     0.02468591
1992  9  5     0.02347757
1992  9  6     0.02269970
1992  9  7     0.02170568
1992  9  8     0.02075769
1992  9  9     0.01963967
1992  9 10     0.01890992
1992  9 11     0.01890990
1992  9 12     0.01856131
1992  9 13     0.01778833
1992  9 14     0.01690687
1992  9 15     0.01694900
1992  9 16     0.01618350
1992  9 17     0.01541982
1992  9 18     0.01971396
1992  9 19     0.02060687
1992  9 20     0.01382485
1992  9 21     0.01341358
1992  9 22     0.01301818
1992  9 23     0.01263444
1992  9 24     0.01227076
1992  9 25     0.01209630
1992  9 26     0.01159808
1992  9 27     0.01120930
1992  9 28     0.01087888
1992  9 29     0.01055819
1992  9 30     0.01024696
1992 10  1     0.00996931
1992 10  2     0.01817132
1992 10  3     0.01934980
1992 10  4     0.00990127
1992 10  5     0.00894375
1992 10  6     0.00857106
1992 10  7     0.00831064
1992 10  8     0.00806566
1992 10  9     0.00782791
1992 10 10     0.00759716
1992 10 11     0.00737321
1992 10 12     0.00715587
1992 10 13     0.00694493
1992 10 14     0.00674021
1992 10 15     0.00660368
1992 10 16     0.00648152
1992 10 17     0.00619360
1992 10 18     0.00598836
1992 10 19     0.00586488
1992 10 20     0.00901399
1992 10 21     0.73203234
1992 10 22     0.54513486
1992 10 23     0.27897055
1992 10 24     0.14428238
1992 10 25     0.07440459
1992 10 26     0.03598967
1992 10 27     0.01549218
1992 10 28     0.04154121
1992 10 29     0.54303362
1992 10 30     1.43063542
1992 10 31     1.23266889
1992 11  1     0.85808387
1992 11  2     0.51772997
1992 11  3     0.31146053
1992 11  4     0.18865859
1992 11  5     0.12178165
1992 11  6     0.07905288
1992 11  7     0.05111966
1992 11  8     0.03908361
1992 11  9     0.03437869
1992 11 10     0.03209050
1992 11 11     0.03067734
1992 11 12     0.02923627
1992 11 13     0.02793654
1992 11 14     0.02681526
1992 11 15     0.02580189
1992 11 16     0.02499729
1992 11 17     0.02445271
1992 11 18     0.02394908
1992 11 19     0.04360809
1992 11 20     0.04292825
1992 11 21     0.02764270
1992 11 22     0.27208973
1992 11 23     0.18617980
1992 11 24     0.12009634
1992 11 25     0.08166308
1992 11 26     0.05982748
1992 11 27     0.05373193
1992 11 28     0.04399109
1992 11 29     0.03687694
1992 11 30     0.02906546
1992 12  1     0.02466435
1992 12  2     0.15029704
1992 12  3     0.26973592
1992 12  4     0.16493378
1992 12  5     0.12084612
1992 12  6     0.71951507
1992 12  7     2.26579553
1992 12  8     1.43744003
1992 12  9     5.75183944
1992 12 10     6.93336224
1992 12 11     6.22408901
1992 12 12     3.24520749
1992 12 13     2.04029879
1992 12 14     1.60760094
1992 12 15     1.31077029
1992 12 16     1.11192759
1992 12 17     1.58333387
1992 12 18     1.22499801
1992 12 19     1.01882830
1992 12 20     0.96232466
1992 12 21     0.85719881
1992 12 22     0.79873784
1992 12 23     0.74518428
1992 12 24     0.70528936
1992 12 25     0.67294076
1992 12 26     0.64734977
1992 12 27     0.62069263
1992 12 28     2.59885879
1992 12 29     3.05592536
1992 12 30     1.96565417
1992 12 31     1.79369117
1993  1  1     5.13759404
1993  1  2     3.36993478
1993  1  3     1.90365018
1993  1  4     1.55270935
1993  1  5     1.34751191
1993  1  6     1.24270286
1993  1  7     3.69848323
1993  1  8     3.15515112
1993  1  9     2.29912987
1993  1 10     1.91146206
1993  1 11     1.53223932
1993  1 12     1.35552392
1993  1 13     3.64617120
1993  1 14     6.20268014
1993  1 15     3.27584567
1993  1 16     4.80954172
1993  1 17     2.92727756
1993  1 18     2.72885262
1993  1 19     2.13303367
1993  1 20    10.29530669
1993  1 21    13.35478598
1993  1 22    12.42429302
1993  1 23     6.78758305
1993  1 24     3.74475345
1993  1 25     3.23525079
1993  1 26     2.88517055
1993  1 27     2.64482881
1993  1 28     2.45297323
1993  1 29     2.31679227
1993  1 30     2.20323900
1993  1 31     2.10285276
1993  2  1     2.00151771
1993  2  2     1.92351502
1993  2  3     1.88648132
1993  2  4     1.84652356
1993  2  5     2.61576498
1993  2  6     2.63378764
1993  2  7     2.12520872
1993  2  8     4.08727365
1993  2  9     6.80340873
1993  2 10     3.87475754
1993  2 11     5.15419689
1993  2 12     3.51166395
1993  2 13     2.48390553
1993  2 14     2.25637572
1993  2 15     2.07172196
1993  2 16     2.02349353
1993  2 17     2.95295201
1993  2 18     5.78686503
1993  2 19    11.86946033
1993  2 20     8.24924155
1993  2 21     4.07912021
1993  2 22     3.56118001
1993  2 23     6.58209789
1993  2 24     4.83314670
1993  2 25     3.10241408
1993  2 26     2.75785584
1993  2 27     2.54506521
1993  2 28     2.38575388
1993  3  1     2.28469281
1993  3  2     2.27311344
1993  3  3     2.68907077
1993  3  4     2.53893302
1993  3  5     2.49998007
1993  3  6     2.69941170
1993  3  7     2.82581747
1993  3  8     2.92282204
1993  3  9     3.11642467
1993  3 10     3.20490099
1993  3 11     3.10519948
1993  3 12     3.13184552
1993  3 13     3.47381970
1993  3 14     4.79474195
1993  3 15     4.92811608
1993  3 16     4.10470219
1993  3 17    11.60295202
1993  3 18    10.85710936
1993  3 19     6.10538696
1993  3 20     4.94490114
1993  3 21     4.85591024
1993  3 22     4.97855666
1993  3 23     9.91828435
1993  3 24    14.66335140
1993  3 25    11.04159915
1993  3 26     7.58003250
1993  3 27     5.92466414
1993  3 28     5.71030344
1993  3 29     5.76696004
1993  3 30     5.83017488
1993  3 31     5.70186370
1993  4  1     8.12552500
1993  4  2     6.72236714
1993  4  3     5.02025329
1993  4  4     5.45534267
1993  4  5     4.92067136
1993  4  6     4.05128856
1993  4  7     4.01066669
1993  4  8     4.70827045
1993  4  9     7.55478377
1993  4 10     6.46994620
1993  4 11     4.48203434
1993  4 12     3.85591851
1993  4 13     3.87385777
1993  4 14     4.12545368
1993  4 15     4.54216136
1993  4 16     4.47083667
1993  4 17     7.93858965
1993  4 18     8.87690025
1993  4 19     5.87539101
1993  4 20     5.04242702
1993  4 21     5.21635411
1993  4 22     4.90088829
1993  4 23     4.38145568
1993  4 24     4.32625746
1993  4 25     4.44721059
1993  4 26     4.47466542
1993  4 27     4.30103545
1993  4 28     4.31372037
1993  4 29     4.66305910
1993  4 30     4.70611749
1993  5  1     4.57169168
1993  5  2     4.52839758
1993  5  3     4.91764973
1993  5  4     4.80254075
1993  5  5     4.06679554
1993  5  6     4.02769200
1993  5  7     3.86812365
1993  5  8     3.50271025
1993  5  9     3.51953489
1993  5 10     3.76298147
1993  5 11     3.83843018
1993  5 12     3.60596512
1993  5 13     3.26836211
1993  5 14     3.13003119
1993  5 15     3.17023684
1993  5 16     3.19299997
1993  5 17     3.17617839
1993  5 18     3.17150568
1993  5 19     3.14471916
1993  5 20     3.07536873
1993  5 21     2.92974288
1993  5 22     2.78682443
1993  5 23     2.76862448
1993  5 24     2.74264256
1993  5 25     3.18435045
1993  5 26     3.31991831
1993  5 27     3.72262608
1993  5 28     3.09483787
1993  5 29     2.63878698
1993  5 30     2.48586479
1993  5 31     6.32341474
1993  6  1     5.06400795
1993  6  2     3.39999063
1993  6  3     2.88700974
1993  6  4     3.01197512
1993  6  5     5.84785668
1993  6  6     5.36487807
1993  6  7     4.14297965
1993  6  8     3.17350817
1993  6  9     2.81988661
1993  6 10     2.66627899
1993  6 11     2.53450746
1993  6 12     2.39028139
1993  6 13     2.27840964
1993  6 14     2.22232165
1993  6 15     2.14146946
1993  6 16     2.02201167
1993  6 17     1.93199501
1993  6 18     1.86588812
1993  6 19     1.80626733
1993  6 20     1.75017879
1993  6 21     1.69904475
1993  6 22     1.65078811
1993  6 23     1.59452190
1993  6 24     1.54241547
1993  6 25     1.49989572
1993  6 26     1.45624643
1993  6 27     1.40540657
1993  6 28     1.35571495
1993  6 29     1.31277123
1993  6 30     1.27147291
1993  7  1     1.23246528
1993  7  2     1.19790451
1993  7  3     1.16622443
1993  7  4     1.13163774
1993  7  5     1.09437124
1993  7  6     1.05476033
1993  7  7     1.02017462
1993  7  8     0.99050816
1993  7  9     0.96146824
1993  7 10     0.93300226
1993  7 11     0.90516317
1993  7 12     0.87937941
1993  7 13     0.85753223
1993  7 14     0.83593703
1993  7 15     0.81901454
1993  7 16     0.80053057
1993  7 17     0.76879767
1993  7 18     0.74187400
1993  7 19     0.71645479
1993  7 20     0.69558760
1993  7 21     0.67753145
1993  7 22     0.65584725
1993  7 23     0.63266900
1993  7 24     0.61420051
1993  7 25     0.59650932
1993  7 26     0.57963868
1993  7 27     0.56307930
1993  7 28     0.54436305
1993  7 29     0.52854093
1993  7 30     0.51528429
1993  7 31     0.49871618
1993  8  1     0.47581789
1993  8  2     0.45380832
1993  8  3     0.44135534
1993  8  4     0.43329178
1993  8  5     0.42076270
1993  8  6     0.40868137
1993  8  7     0.39841354
1993  8  8     0.39258059
1993  8  9     0.38284326
1993  8 10     0.36900192
1993  8 11     0.36172579
1993  8 12     0.35534863
1993  8 13     0.34321921
1993  8 14     0.32961275
1993  8 15     0.34098390
1993  8 16     0.61381085
1993  8 17     0.49470348
1993  8 18     0.36267299
1993  8 19     0.31313914
1993  8 20     0.29387030
1993  8 21     0.27942238
1993  8 22     0.26298050
1993  8 23     0.25016882
1993  8 24     0.24372771
1993  8 25     0.24162277
1993  8 26     0.23636108
1993  8 27     0.22682304
1993  8 28     0.21556092
1993  8 29     0.20897125
1993  8 30     0.20357383
1993  8 31     0.19898250
1993  9  1     0.19218271
1993  9  2     0.18457956
1993  9  3     0.17687588
1993  9  4     0.17094793
1993  9  5     0.16656191
1993  9  6     0.16251289
1993  9  7     0.16001687
1993  9  8     0.15343309
1993  9  9     0.14513591
1993  9 10     0.13989037
1993  9 11     0.13613190
1993  9 12     0.13501681
1993  9 13     0.13526789
1993  9 14     0.13512262
1993  9 15     0.13283377
1993  9 16     0.12988583
1993  9 17     0.12850138
1993  9 18     0.12743231
1993  9 19     0.12251593
1993  9 20     0.11679662
1993  9 21     0.11324560
1993  9 22     0.11016010
1993  9 23     0.10784397
1993  9 24     0.10404300
1993  9 25     0.09881983
1993  9 26     0.09268575
1993  9 27     0.08756864
1993  9 28     0.08371014
1993  9 29     0.08074590
1993  9 30     0.07758530
1993 10  1     0.07580099
1993 10  2     0.07337679
1993 10  3     0.07091612
1993 10  4     0.06905633
1993 10  5     0.14988907
1993 10  6     0.16166628
1993 10  7     0.08316246
1993 10  8     0.07367654
1993 10  9     0.07198845
1993 10 10     0.09604785
1993 10 11     0.28767597
1993 10 12     0.25202817
1993 10 13     0.19466469
1993 10 14     0.32198921
1993 10 15     0.64352690
1993 10 16     0.63546226
1993 10 17     0.50146490
1993 10 18     0.33975125
1993 10 19     0.21210140
1993 10 20     0.14869534
1993 10 21     0.10604210
1993 10 22     0.08332556
1993 10 23     0.06959648
1993 10 24     0.06238721
1993 10 25     0.05948582
1993 10 26     0.05686898
1993 10 27     0.05589852
1993 10 28     0.05527559
1993 10 29     0.05278310
1993 10 30     0.05110334
1993 10 31     0.04999607
1993 11  1     0.04904695
1993 11  2     0.04975280
1993 11  3     0.04950527
1993 11  4     0.04731630
1993 11  5     0.04551876
1993 11  6     0.04584218
1993 11  7     0.04578932
1993 11  8     0.04491163
1993 11  9     0.04342831
1993 11 10     0.04160132
1993 11 11     0.04192045
1993 11 12     0.30066760
1993 11 13     0.22509287
1993 11 14     0.13395630
1993 11 15     0.09502353
1993 11 16     0.07690302
1993 11 17     0.05990850
1993 11 18     0.04488792
1993 11 19     0.04140311
1993 11 20     0.04027722
1993 11 21     0.03935475
1993 11 22     0.05332073
1993 11 23     0.05015287
1993 11 24     0.05154743
1993 11 25     0.04484666
1993 11 26     0.03956871
1993 11 27     0.03597392
1993 11 28     0.05067730
1993 11 29     0.68271134
1993 11 30     1.38194747
1993 12  1     0.83997637
1993 12  2     0.43116616
1993 12  3     0.27364575
1993 12  4     0.18613115
1993 12  5     0.13576107
1993 12  6     0.09666112
1993 12  7     0.10403223
1993 12  8     2.25239184
1993 12  9     4.11137021
1993 12 10     2.10824401
1993 12 11     2.38964506
1993 12 12     2.11755274
1993 12 13     1.22220294
1993 12 14     4.16255321
1993 12 15     2.43219133
1993 12 16     1.35507818
1993 12 17     1.10043927
1993 12 18     0.91565105
1993 12 19     0.78897025
1993 12 20     0.70110376
1993 12 21     0.63961836
1993 12 22     0.59359514
1993 12 23     0.55724825
1993 12 24     0.52870027
1993 12 25     0.50618700
1993 12 26     0.48658937
1993 12 27     0.48359583
1993 12 28     0.46112486
1993 12 29     0.44046464
1993 12 30     0.42511093
1993 12 31     0.41172815
1994  1  1     0.65909763
1994  1  2     0.53674263
1994  1  3     0.44558228
1994  1  4     0.83063218
1994  1  5     0.95575611
1994  1  6     0.64439050
1994  1  7     0.53384608
1994  1  8     0.48926868
1994  1  9     0.51418454
1994  1 10     0.43414412
1994  1 11     0.41120639
1994  1 12     0.38713963
1994  1 13     0.36590470
1994  1 14     0.35347714
1994  1 15     0.34494685
1994  1 16     0.33648778
1994  1 17     0.33240055
1994  1 18     0.32180555
1994  1 19     0.31083397
1994  1 20     0.30355478
1994  1 21     0.30028138
1994  1 22     0.29651970
1994  1 23     1.53861717
1994  1 24     4.45883872
1994  1 25     2.97615844
1994  1 26     1.77343283
1994  1 27     1.32600872
1994  1 28     1.08955274
1994  1 29     0.92944661
1994  1 30     0.82571418
1994  1 31     0.76005182
1994  2  1     0.68472879
1994  2  2     0.63492540
1994  2  3     0.60136390
1994  2  4     0.57337388
1994  2  5     0.54803411
1994  2  6     0.83248346
1994  2  7     4.68096700
1994  2  8     3.07741234
1994  2  9     1.60786571
1994  2 10     2.77019533
1994  2 11     1.98320974
1994  2 12     1.30257366
1994  2 13     1.13501409
1994  2 14     1.01082873
1994  2 15     0.93361367
1994  2 16     0.95459599
1994  2 17     4.82209641
1994  2 18     3.53876982
1994  2 19     1.71303888
1994  2 20     2.08532778
1994  2 21     1.89573680
1994  2 22     2.04161355
1994  2 23     1.49801660
1994  2 24     1.39008368
1994  2 25     1.44835885
1994  2 26     2.27464249
1994  2 27     2.92939343
1994  2 28     2.38452201
1994  3  1     2.02834094
1994  3  2     2.01206371
1994  3  3     2.00787056
1994  3  4     2.02923099
1994  3  5     3.78844611
1994  3  6     3.35595092
1994  3  7     2.22526504
1994  3  8     1.94981356
1994  3  9     1.88165164
1994  3 10     1.88639693
1994  3 11     3.00150338
1994  3 12     2.48309882
1994  3 13     1.89241130
1994  3 14     1.89194149
1994  3 15     1.84218302
1994  3 16     1.77702408
1994  3 17     1.60658621
1994  3 18     1.47338653
1994  3 19     1.44304834
1994  3 20     1.36651308
1994  3 21     1.31413434
1994  3 22     1.27847423
1994  3 23     1.20101296
1994  3 24     1.15467811
1994  3 25     1.13719309
1994  3 26     1.13950134
1994  3 27     1.15628203
1994  3 28     1.16715422
1994  3 29     1.13871982
1994  3 30     1.11862243
1994  3 31     1.08555959
1994  4  1     1.05216091
1994  4  2     1.04228591
1994  4  3     1.03106461
1994  4  4     0.99658152
1994  4  5     0.93972306
1994  4  6     0.91348646
1994  4  7     1.09578733
1994  4  8     1.09289954
1994  4  9     2.32667189
1994  4 10     1.59154740
1994  4 11     1.29046863
1994  4 12     1.11049812
1994  4 13     1.01294369
1994  4 14     0.94843293
1994  4 15     0.91338631
1994  4 16     0.89919037
1994  4 17     0.88628376
1994  4 18     0.86155461
1994  4 19     0.84390746
1994  4 20     0.81755987
1994  4 21     0.78675936
1994  4 22     0.76034873
1994  4 23     0.72959505
1994  4 24     0.90268893
1994  4 25     2.05233324
1994  4 26     1.80168415
1994  4 27     1.21490500
1994  4 28     1.02055654
1994  4 29     0.92280959
1994  4 30     0.85396390
1994  5  1     0.79406850
1994  5  2     0.74113265
1994  5  3     0.71379531
1994  5  4     0.69709522
1994  5  5     1.01764384
1994  5  6     1.70724503
1994  5  7     2.36505337
1994  5  8     1.70598636
1994  5  9     1.29349604
1994  5 10     1.13185482
1994  5 11     0.91807210
1994  5 12     0.85609947
1994  5 13     0.79803165
1994  5 14     0.75881336
1994  5 15     0.73723479
1994  5 16     1.06118344
1994  5 17     1.37385186
1994  5 18     1.33273385
1994  5 19     1.02698279
1994  5 20     0.85340785
1994  5 21     0.77425046
1994  5 22     0.71571168
1994  5 23     0.67164997
1994  5 24     0.64212237
1994  5 25     0.61879854
1994  5 26     0.59762392
1994  5 27     0.57683007
1994  5 28     0.55656639
1994  5 29     0.53828041
1994  5 30     0.52166908
1994  5 31     0.50668922
1994  6  1     0.48975697
1994  6  2     0.46993557
1994  6  3     0.45426866
1994  6  4     0.44107424
1994  6  5     0.42797228
1994  6  6     0.45436064
1994  6  7     0.42989337
1994  6  8     0.39858361
1994  6  9     0.38124698
1994  6 10     0.36634834
1994  6 11     0.35376554
1994  6 12     0.34291517
1994  6 13     0.33341815
1994  6 14     0.32598083
1994  6 15     0.31828104
1994  6 16     0.30983701
1994  6 17     0.30106791
1994  6 18     0.29173233
1994  6 19     0.28157251
1994  6 20     0.27138694
1994  6 21     0.26329977
1994  6 22     0.25549842
1994  6 23     0.24786042
1994  6 24     0.24028473
1994  6 25     0.23177801
1994  6 26     0.22490261
1994  6 27     0.21692491
1994  6 28     0.20893726
1994  6 29     0.20282785
1994  6 30     0.19682254
1994  7  1     0.19066311
1994  7  2     0.18391198
1994  7  3     0.17792099
1994  7  4     0.17216583
1994  7  5     0.16737469
1994  7  6     0.16267492
1994  7  7     0.15672916
1994  7  8     0.14974610
1994  7  9     0.14492279
1994  7 10     0.14038148
1994  7 11     0.13580565
1994  7 12     0.13082621
1994  7 13     0.12660008
1994  7 14     0.12220687
1994  7 15     0.11786739
1994  7 16     0.11416787
1994  7 17     0.11064757
1994  7 18     0.10751452
1994  7 19     0.10398148
1994  7 20     0.10010761
1994  7 21     0.09715714
1994  7 22     0.09492284
1994  7 23     0.09319525
1994  7 24     0.09074376
1994  7 25     0.08834141
1994  7 26     0.08425570
1994  7 27     0.08102141
1994  7 28     0.07853893
1994  7 29     0.07554647
1994  7 30     0.07331582
1994  7 31     0.07072297
1994  8  1     0.06942425
1994  8  2     0.06760659
1994  8  3     0.06501260
1994  8  4     0.06235099
1994  8  5     0.06032564
1994  8  6     0.05843714
1994  8  7     0.05668058
1994  8  8     0.05504511
1994  8  9     0.05397450
1994  8 10     0.05204446
1994  8 11     0.05038727
1994  8 12     0.04883040
1994  8 13     0.04735765
1994  8 14     0.04595347
1994  8 15     0.04459613
1994  8 16     0.04327734
1994  8 17     0.04200015
1994  8 18     0.04076181
1994  8 19     0.03956597
1994  8 20     0.03840639
1994  8 21     0.03727531
1994  8 22     0.03618250
1994  8 23     0.03511445
1994  8 24     0.03407324
1994  8 25     0.03306552
1994  8 26     0.03209109
1994  8 27     0.03114076
1994  8 28     0.03022909
1994  8 29     0.02933873
1994  8 30     0.02846631
1994  8 31     0.02762640
1994  9  1     0.02681222
1994  9  2     0.02602647
1994  9  3     0.02526383
1994  9  4     0.02451082
1994  9  5     0.02378784
1994  9  6     0.02308659
1994  9  7     0.02240592
1994  9  8     0.02174567
1994  9  9     0.02110459
1994  9 10     0.02070697
1994  9 11     0.02020821
1994  9 12     0.02835858
1994  9 13     0.02933587
1994  9 14     0.02254325
1994  9 15     0.01766676
1994  9 16     0.01711643
1994  9 17     0.01661188
1994  9 18     0.01612220
1994  9 19     0.01564700
1994  9 20     0.01518592
1994  9 21     0.01473817
1994  9 22     0.01430363
1994  9 23     0.01388200
1994  9 24     0.01588000
1994  9 25     0.02159627
1994  9 26     0.01913049
1994  9 27     0.01231730
1994  9 28     0.02709932
1994  9 29     0.08423760
1994  9 30     0.07715894
1994 10  1     0.01917089
1994 10  2     0.01194556
1994 10  3     0.01045369
1994 10  4     0.23080685
1994 10  5     0.34843118
1994 10  6     0.18575093
1994 10  7     0.10241462
1994 10  8     0.05461767
1994 10  9     0.02695678
1994 10 10     0.01384635
1994 10 11     0.00919348
1994 10 12     0.00841350
1994 10 13     0.01041842
1994 10 14     0.00904255
1994 10 15     0.00837922
1994 10 16     0.00849096
1994 10 17     0.00716403
1994 10 18     0.00671163
1994 10 19     0.00640451
1994 10 20     0.00619874
1994 10 21     0.00600816
1994 10 22     0.00582927
1994 10 23     0.00565744
1994 10 24     0.00549067
1994 10 25     0.00532882
1994 10 26     0.00517174
1994 10 27     0.00501929
1994 10 28     0.00511699
1994 10 29     0.00504661
1994 10 30     0.00461228
1994 10 31     0.00445920
1994 11  1     0.06165269
1994 11  2     0.17544840
1994 11  3     0.11652512
1994 11  4     0.07804817
1994 11  5     0.31923011
1994 11  6     1.10305890
1994 11  7     1.02869817
1994 11  8     0.53499779
1994 11  9     0.76903965
1994 11 10     1.14234247
1994 11 11     0.66734237
1994 11 12     0.39478055
1994 11 13     0.27750491
1994 11 14     0.16465059
1994 11 15     0.22702213
1994 11 16     0.42636950
1994 11 17     0.42904166
1994 11 18     0.26590177
1994 11 19     0.16407776
1994 11 20     0.10532092
1994 11 21     0.06897977
1994 11 22     0.04467754
1994 11 23     0.02853142
1994 11 24     0.03434134
1994 11 25     1.32885694
1994 11 26     0.80800651
1994 11 27     0.33236245
1994 11 28     0.24629686
1994 11 29     0.17146923
1994 11 30     0.13156543
1994 12  1     0.11998900
1994 12  2     0.18675262
1994 12  3     2.35291990
1994 12  4     8.54984862
1994 12  5     5.52480900
1994 12  6     2.86263837
1994 12  7     1.74272835
1994 12  8     1.34412405
1994 12  9     1.10217003
1994 12 10     0.93227302
1994 12 11     0.81620405
1994 12 12     1.65530117
1994 12 13     1.48267257
1994 12 14     1.23632829
1994 12 15     1.48853275
1994 12 16     1.19431229
1994 12 17     0.98586359
1994 12 18     1.11426316
1994 12 19     0.87266986
1994 12 20     0.76213689
1994 12 21     0.70555124
1994 12 22     0.65607617
1994 12 23     0.61868516
1994 12 24     1.01495608
1994 12 25     1.08795946
1994 12 26     0.78018729
1994 12 27     0.69167149
1994 12 28     1.79337976
1994 12 29     1.24080866
1994 12 30     0.83006064
1994 12 31     0.75101172
1995  1  1     0.68279279
1995  1  2     0.63610372
1995  1  3     0.69742614
1995  1  4     1.02832569
1995  1  5     1.35888745
1995  1  6     1.55812066
1995  1  7     5.69748532
1995  1  8     9.30398525
1995  1  9    21.95358706
1995  1 10    31.31050900
1995  1 11    23.90581093
1995  1 12    15.85277365
1995  1 13    19.98595101
1995  1 14    23.23039890
1995  1 15    15.64410144
1995  1 16     8.25402297
1995  1 17     6.27108795
1995  1 18     5.51847724
1995  1 19     5.00419130
1995  1 20     4.60993563
1995  1 21     4.47564613
1995  1 22     5.11017787
1995  1 23     9.61630930
1995  1 24     8.87746407
1995  1 25     6.90910839
1995  1 26     6.80212029
1995  1 27     6.79342432
1995  1 28     6.61920380
1995  1 29     4.91086836
1995  1 30     5.83331174
1995  1 31     7.41856821
1995  2  1     9.33775631
1995  2  2     7.51352868
1995  2  3     4.96071967
1995  2  4     4.27572605
1995  2  5     4.09215198
1995  2  6     3.94592158
1995  2  7     3.78928288
1995  2  8     3.84656576
1995  2  9     3.63931334
1995  2 10     3.44808562
1995  2 11     3.34456687
1995  2 12     3.28023487
1995  2 13     4.97345825
1995  2 14     4.60935241
1995  2 15     3.34956186
1995  2 16     3.16275967
1995  2 17     3.12963801
1995  2 18     3.19626367
1995  2 19     3.30022813
1995  2 20     3.23971774
1995  2 21     3.16657295
1995  2 22     3.13919331
1995  2 23     3.13240805
1995  2 24     3.10640982
1995  2 25     3.02582046
1995  2 26     2.95223956
1995  2 27     2.87619476
1995  2 28     2.80470823
1995  3  1     2.80716920
1995  3  2     4.24242636
1995  3  3     8.90176535
1995  3  4     6.69173521
1995  3  5     3.78268298
1995  3  6     3.17547184
1995  3  7     2.86921037
1995  3  8     3.42302651
1995  3  9    25.64319267
1995  3 10    39.82839836
1995  3 11    32.72778015
1995  3 12    18.54260279
1995  3 13    14.97971986
1995  3 14    15.60944095
1995  3 15    13.53178443
1995  3 16     9.66834654
1995  3 17     7.50167993
1995  3 18     9.75622726
1995  3 19     8.18566731
1995  3 20    14.49589227
1995  3 21    14.96811246
1995  3 22    10.98606343
1995  3 23     8.76859212
1995  3 24     7.41764959
1995  3 25     6.24029107
1995  3 26     5.91740971
1995  3 27     5.66352206
1995  3 28     5.54633652
1995  3 29     5.58796244
1995  3 30     5.57766495
1995  3 31     5.89559390
1995  4  1     6.51389582
1995  4  2     6.46950978
1995  4  3     6.55293283
1995  4  4     7.05200024
1995  4  5     7.39082539
1995  4  6     9.58249252
1995  4  7    13.87656752
1995  4  8    12.07525519
1995  4  9     7.29215925
1995  4 10     5.73030660
1995  4 11     5.89285017
1995  4 12     6.42157072
1995  4 13    11.83625273
1995  4 14     9.10905334
1995  4 15     5.34367498
1995  4 16     5.05380172
1995  4 17     4.69855075
1995  4 18     5.02092237
1995  4 19     4.52606038
1995  4 20     5.44493686
1995  4 21     4.74583202
1995  4 22     4.46204977
1995  4 23     4.61214759
1995  4 24     4.68216934
1995  4 25     4.65817952
1995  4 26     4.50104182
1995  4 27     4.67237883
1995  4 28     6.06294770
1995  4 29    15.67665144
1995  4 30    15.85165890
1995  5  1    21.76210374
1995  5  2    16.32116451
1995  5  3     8.73973354
1995  5  4     6.50906291
1995  5  5     6.59742972
1995  5  6     6.68536123
1995  5  7     6.25457246
1995  5  8     5.50617927
1995  5  9     5.20002510
1995  5 10     4.91378405
1995  5 11     4.79841548
1995  5 12     5.07566230
1995  5 13     6.69577278
1995  5 14     5.63370724
1995  5 15     7.49060114
1995  5 16     6.44361165
1995  5 17     4.90747174
1995  5 18     4.65580944
1995  5 19     4.47608894
1995  5 20     4.35884618
1995  5 21     4.25662024
1995  5 22     4.17871472
1995  5 23     4.06553341
1995  5 24     3.90780298
1995  5 25     3.82106563
1995  5 26     3.71763374
1995  5 27     3.64669630
1995  5 28     3.60414958
1995  5 29     3.49160298
1995  5 30     3.42316746
1995  5 31     3.33575824
1995  6  1     3.23413032
1995  6  2     3.16963597
1995  6  3     3.06879715
1995  6  4     2.95244343
1995  6  5     2.89623279
1995  6  6     2.76527627
1995  6  7     2.60814058
1995  6  8     2.53282319
1995  6  9     2.47676069
1995  6 10     2.42712651
1995  6 11     2.39173649
1995  6 12     2.33523533
1995  6 13     2.26772491
1995  6 14     2.44646073
1995  6 15     4.14750883
1995  6 16     6.50531485
1995  6 17     4.50625615
1995  6 18     3.33983873
1995  6 19     2.87864474
1995  6 20     2.55615542
1995  6 21     2.34576893
1995  6 22     2.21185459
1995  6 23     2.10622920
1995  6 24     2.02192754
1995  6 25     1.95350585
1995  6 26     1.88967657
1995  6 27     1.82381627
1995  6 28     1.75639825
1995  6 29     1.69770231
1995  6 30     1.64018811
1995  7  1     1.58311443
1995  7  2     1.52088450
1995  7  3     1.46460354
1995  7  4     1.41799460
1995  7  5     1.37077379
1995  7  6     1.32610942
1995  7  7     1.29376134
1995  7  8     1.25755139
1995  7  9     1.22274803
1995  7 10     1.18670691
1995  7 11     1.15914384
1995  7 12     1.13198123
1995  7 13     1.09351815
1995  7 14     1.05325536
1995  7 15     1.02057718
1995  7 16     0.99040897
1995  7 17     1.00100334
1995  7 18     1.03056291
1995  7 19     0.97644103
1995  7 20     0.89881431
1995  7 21     0.85613029
1995  7 22     0.83364306
1995  7 23     0.81088935
1995  7 24     0.78616898
1995  7 25     0.76264937
1995  7 26     0.74178720
1995  7 27     0.71905450
1995  7 28     0.69358670
1995  7 29     0.67511380
1995  7 30     0.65855723
1995  7 31     0.63691208
1995  8  1     0.61010520
1995  8  2     0.58816330
1995  8  3     0.56985694
1995  8  4     0.55294271
1995  8  5     0.53527905
1995  8  6     0.52099280
1995  8  7     0.51024802
1995  8  8     0.50187754
1995  8  9     0.48743160
1995  8 10     0.47106066
1995  8 11     0.46249102
1995  8 12     0.45023724
1995  8 13     0.43528361
1995  8 14     0.41933594
1995  8 15     0.40287955
1995  8 16     0.39170146
1995  8 17     0.38987558
1995  8 18     0.38357920
1995  8 19     0.36791628
1995  8 20     0.34985636
1995  8 21     0.33456638
1995  8 22     0.32384394
1995  8 23     0.31493571
1995  8 24     0.30839887
1995  8 25     0.30601792
1995  8 26     0.30133714
1995  8 27     0.29380974
1995  8 28     0.28643215
1995  8 29     0.27941345
1995  8 30     0.27075280
1995  8 31     0.26041433
1995  9  1     0.25015307
1995  9  2     0.24099916
1995  9  3     0.23210181
1995  9  4     0.23005146
1995  9  5     0.22894714
1995  9  6     0.21937542
1995  9  7     0.21041470
1995  9  8     0.20499958
1995  9  9     0.19899132
1995  9 10     0.19539274
1995  9 11     0.18697156
1995  9 12     0.17662028
1995  9 13     0.16760787
1995  9 14     0.15978965
1995  9 15     0.15686793
1995  9 16     0.15407136
1995  9 17     0.15562264
1995  9 18     0.15075421
1995  9 19     0.14131456
1995  9 20     0.13517337
1995  9 21     0.13072797
1995  9 22     0.13073256
1995  9 23     0.13344903
1995  9 24     0.12869427
1995  9 25     0.12448987
1995  9 26     0.12409036
1995  9 27     0.12430744
1995  9 28     0.12240672
1995  9 29     0.12218297
1995  9 30     0.11976666
1995 10  1     0.11451918
1995 10  2     0.10888027
1995 10  3     0.10351819
1995 10  4     0.10259891
1995 10  5     0.10521767
1995 10  6     0.10291281
1995 10  7     0.09977883
1995 10  8     0.09639573
1995 10  9     0.09289499
1995 10 10     0.08763230
1995 10 11     0.08175624
1995 10 12     0.08067905
1995 10 13     0.08302371
1995 10 14     0.08122509
1995 10 15     0.07586861
1995 10 16     0.07282857
1995 10 17     0.07229688
1995 10 18     0.06811420
1995 10 19     0.06567555
1995 10 20     0.06567809
1995 10 21     0.06316356
1995 10 22     0.06501666
1995 10 23     0.06991565
1995 10 24     0.06962999
1995 10 25     0.06698733
1995 10 26     0.06219501
1995 10 27     0.05565773
1995 10 28     0.05259654
1995 10 29     0.05274433
1995 10 30     0.05023303
1995 10 31     0.04819397
1995 11  1     0.04913476
1995 11  2     0.05201845
1995 11  3     0.05394905
1995 11  4     0.05442873
1995 11  5     0.05317399
1995 11  6     0.05088679
1995 11  7     0.04616811
1995 11  8     0.04146696
1995 11  9     0.03870265
1995 11 10     0.04171919
1995 11 11     0.04217569
1995 11 12     0.03746366
1995 11 13     0.03403759
1995 11 14     0.03279421
1995 11 15     0.03243798
1995 11 16     0.03087449
1995 11 17     0.03106375
1995 11 18     0.03482528
1995 11 19     0.03247125
1995 11 20     0.03537620
1995 11 21     0.03940248
1995 11 22     0.03750688
1995 11 23     0.03705063
1995 11 24     0.03221725
1995 11 25     0.08003768
1995 11 26     0.19034637
1995 11 27     0.13348819
1995 11 28     0.07847469
1995 11 29     0.05607886
1995 11 30     0.03976048
1995 12  1     0.12295710
1995 12  2     0.17454211
1995 12  3     0.12761295
1995 12  4     0.43879852
1995 12  5     0.47803835
1995 12  6     0.30081813
1995 12  7     0.31582774
1995 12  8     0.21863533
1995 12  9     0.13990448
1995 12 10     0.10236454
1995 12 11     0.77752944
1995 12 12     7.15488217
1995 12 13     5.87924500
1995 12 14     2.70735941
1995 12 15     4.41216809
1995 12 16     2.92868964
1995 12 17     1.63137520
1995 12 18     1.26201105
1995 12 19     1.01710566
1995 12 20     0.85091585
1995 12 21     0.73916678
1995 12 22     0.66661441
1995 12 23     0.67448980
1995 12 24     0.59522142
1995 12 25     0.56623371
1995 12 26     0.52700914
1995 12 27     0.49499966
1995 12 28     0.94704576
1995 12 29     1.46280904
1995 12 30     3.16339086
1995 12 31     2.09053877
1996  1  1     1.26504894
1996  1  2     1.02480012
1996  1  3     0.89167484
1996  1  4     0.79189195
1996  1  5     0.72122911
1996  1  6     0.67058990
1996  1  7     0.63000587
1996  1  8     0.59772956
1996  1  9     0.60184114
1996  1 10     0.75410086
1996  1 11     0.62837148
1996  1 12     0.57194093
1996  1 13     0.54467629
1996  1 14     0.51649771
1996  1 15     1.53611683
1996  1 16     5.17111375
1996  1 17     5.27699897
1996  1 18     3.80763204
1996  1 19     4.84068067
1996  1 20     3.22103671
1996  1 21     3.60491830
1996  1 22     2.59488735
1996  1 23     2.13147452
1996  1 24     3.87371999
1996  1 25     4.16528045
1996  1 26     2.50416643
1996  1 27     5.50860648
1996  1 28     4.58579254
1996  1 29     2.75224998
1996  1 30     2.66032130
1996  1 31     2.90832960
1996  2  1     2.31114719
1996  2  2     1.88503154
1996  2  3     1.79208484
1996  2  4    10.06505781
1996  2  5    15.34259706
1996  2  6     8.60235914
1996  2  7     4.26432649
1996  2  8     3.68569266
1996  2  9     3.38146804
1996  2 10     3.15312138
1996  2 11     2.93131404
1996  2 12     2.81447675
1996  2 13     2.75627790
1996  2 14     2.65019628
1996  2 15     2.51386732
1996  2 16     3.63785466
1996  2 17     5.71316713
1996  2 18     6.45364666
1996  2 19    12.64657695
1996  2 20    17.79690494
1996  2 21    19.42298920
1996  2 22     9.86002706
1996  2 23     5.42200111
1996  2 24     4.93140652
1996  2 25     4.31467387
1996  2 26     3.88961229
1996  2 27     3.58728041
1996  2 28     3.49932417
1996  2 29     4.06595916
1996  3  1     3.68016704
1996  3  2     3.47205445
1996  3  3     3.86090222
1996  3  4     8.50273972
1996  3  5     8.41961783
1996  3  6     4.90044863
1996  3  7     3.97605766
1996  3  8     3.95088462
1996  3  9     4.29272839
1996  3 10     4.87616434
1996  3 11     7.75114582
1996  3 12    11.11397236
1996  3 13     7.63437878
1996  3 14     4.64071035
1996  3 15     4.42016143
1996  3 16     4.35618515
1996  3 17     4.32806226
1996  3 18     4.30505390
1996  3 19     4.16850145
1996  3 20     3.98594037
1996  3 21     3.82031920
1996  3 22     3.95483973
1996  3 23     3.50809183
1996  3 24     2.92689299
1996  3 25     2.79167476
1996  3 26     2.71626392
1996  3 27     2.81770014
1996  3 28     4.17705567
1996  3 29     3.46932332
1996  3 30     2.74663384
1996  3 31     2.84831512
1996  4  1     8.23830118
1996  4  2    11.58341692
1996  4  3     7.05536839
1996  4  4     4.14002022
1996  4  5     3.89874894
1996  4  6     3.75343587
1996  4  7     3.61014940
1996  4  8     3.42192356
1996  4  9     3.19218639
1996  4 10     3.38155230
1996  4 11     3.04283685
1996  4 12     2.85182891
1996  4 13     2.71301378
1996  4 14     2.62842128
1996  4 15     2.61098399
1996  4 16     5.09174119
1996  4 17     4.91440639
1996  4 18     6.20340561
1996  4 19     4.35903892
1996  4 20     3.45026094
1996  4 21     3.49751913
1996  4 22     3.61128522
1996  4 23     3.85821756
1996  4 24     4.13327206
1996  4 25     3.33608500
1996  4 26     2.91714427
1996  4 27     2.78054366
1996  4 28     2.63592797
1996  4 29     2.57737323
1996  4 30     2.56616531
1996  5  1     2.51286499
1996  5  2     2.42111294
1996  5  3     2.30305111
1996  5  4     2.18937937
1996  5  5     2.11646120
1996  5  6     2.06648695
1996  5  7     2.01251167
1996  5  8     1.94942023
1996  5  9     1.89431221
1996  5 10     1.84570238
1996  5 11     1.81207901
1996  5 12     1.79322580
1996  5 13     1.76993642
1996  5 14     1.73905611
1996  5 15     1.83612853
1996  5 16     8.32896064
1996  5 17    13.25523894
1996  5 18    12.42351158
1996  5 19     8.84395534
1996  5 20     5.17075056
1996  5 21     5.20447910
1996  5 22     6.46669301
1996  5 23     4.53208522
1996  5 24     3.56559626
1996  5 25     3.21894687
1996  5 26     2.96809416
1996  5 27     2.87941015
1996  5 28     2.74125264
1996  5 29     2.52219283
1996  5 30     2.40433117
1996  5 31     2.30416513
1996  6  1     2.21280397
1996  6  2     2.13083458
1996  6  3     2.05505778
1996  6  4     1.97407830
1996  6  5     1.89501576
1996  6  6     1.82445475
1996  6  7     1.75815377
1996  6  8     1.69884836
1996  6  9     1.64192533
1996  6 10     1.58537940
1996  6 11     1.53327775
1996  6 12     1.48312110
1996  6 13     1.43465076
1996  6 14     1.39130955
1996  6 15     1.35076314
1996  6 16     1.31259666
1996  6 17     1.27441418
1996  6 18     1.23523644
1996  6 19     1.19625169
1996  6 20     1.15626424
1996  6 21     1.12215581
1996  6 22     1.09149176
1996  6 23     1.05874627
1996  6 24     1.02851988
1996  6 25     1.00516197
1996  6 26     1.03245672
1996  6 27     1.09991428
1996  6 28     1.01580531
1996  6 29     0.94167857
1996  6 30     0.88507997
1996  7  1     0.84351275
1996  7  2     0.81142601
1996  7  3     0.78581197
1996  7  4     0.76285523
1996  7  5     0.74294568
1996  7  6     0.71933051
1996  7  7     0.69322691
1996  7  8     0.66864513
1996  7  9     0.64900506
1996  7 10     0.62989756
1996  7 11     0.62006268
1996  7 12     0.60282397
1996  7 13     0.57806079
1996  7 14     0.64643071
1996  7 15     0.60150016
1996  7 16     0.53181334
1996  7 17     0.52050924
1996  7 18     0.50873643
1996  7 19     0.49687087
1996  7 20     0.48024101
1996  7 21     0.46037027
1996  7 22     0.44003649
1996  7 23     0.42329277
1996  7 24     0.40983943
1996  7 25     0.39762192
1996  7 26     0.38543214
1996  7 27     0.37314967
1996  7 28     0.39284698
1996  7 29     0.38542678
1996  7 30     0.34930768
1996  7 31     0.33292958
1996  8  1     0.32325062
1996  8  2     0.31687537
1996  8  3     0.31091274
1996  8  4     0.30426150
1996  8  5     0.29454574
1996  8  6     0.28656973
1996  8  7     0.27694868
1996  8  8     0.26225870
1996  8  9     0.24631485
1996  8 10     0.23485806
1996  8 11     0.22524286
1996  8 12     0.21832915
1996  8 13     0.21259067
1996  8 14     0.21681809
1996  8 15     0.21419447
1996  8 16     0.19741574
1996  8 17     0.19266181
1996  8 18     0.18996423
1996  8 19     0.18849715
1996  8 20     0.18859159
1996  8 21     0.18346555
1996  8 22     0.17199235
1996  8 23     0.16089031
1996  8 24     0.15217486
1996  8 25     0.14684911
1996  8 26     0.14455104
1996  8 27     0.14641918
1996  8 28     0.14427655
1996  8 29     0.13431816
1996  8 30     0.12634512
1996  8 31     0.12308617
1996  9  1     0.12183957
1996  9  2     0.11903682
1996  9  3     0.11660150
1996  9  4     0.11594617
1996  9  5     0.11673921
1996  9  6     0.11426998
1996  9  7     0.10867042
1996  9  8     0.10345111
1996  9  9     0.09840314
1996  9 10     0.09372353
1996  9 11     0.08963091
1996  9 12     0.08979094
1996  9 13     0.11748648
1996  9 14     0.15238688
1996  9 15     0.29021741
1996  9 16     0.44781778
1996  9 17     0.32663016
1996  9 18     0.20011498
1996  9 19     0.14715811
1996  9 20     0.11169963
1996  9 21     0.08967132
1996  9 22     0.07870198
1996  9 23     0.07359531
1996  9 24     0.06884841
1996  9 25     0.06462896
1996  9 26     0.06204861
1996  9 27     0.05954544
1996  9 28     0.05644762
1996  9 29     0.05414997
1996  9 30     0.05204433
1996 10  1     0.05116177
1996 10  2     0.05062282
1996 10  3     0.04931511
1996 10  4     0.04737638
1996 10  5     0.04646427
1996 10  6     0.04435060
1996 10  7     0.04176620
1996 10  8     0.03949893
1996 10  9     0.03779395
1996 10 10     0.03718861
1996 10 11     0.03930866
1996 10 12     0.03876238
1996 10 13     0.03924317
1996 10 14     0.04044364
1996 10 15     0.03892615
1996 10 16     0.03931994
1996 10 17     0.05459442
1996 10 18     0.20510300
1996 10 19     0.19680197
1996 10 20     0.15068622
1996 10 21     0.08930221
1996 10 22     0.06427421
1996 10 23     0.04970070
1996 10 24     0.09341533
1996 10 25     0.25389461
1996 10 26     0.21953511
1996 10 27     0.14587588
1996 10 28     0.09487871
1996 10 29     0.40719755
1996 10 30     0.80130410
1996 10 31     0.49849911
1996 11  1     0.29623559
1996 11  2     0.18920338
1996 11  3     0.12125322
1996 11  4     0.08366452
1996 11  5     0.06381910
1996 11  6     0.05104902
1996 11  7     0.04130007
1996 11  8     0.03407537
1996 11  9     0.02989434
1996 11 10     0.02799104
1996 11 11     0.02665302
1996 11 12     0.02478774
1996 11 13     0.02372545
1996 11 14     0.02388078
1996 11 15     0.02641376
1996 11 16     0.03094081
1996 11 17     0.82812986
1996 11 18     1.78726927
1996 11 19     1.92965225
1996 11 20     2.08771968
1996 11 21     1.22598981
1996 11 22     2.06738190
1996 11 23     1.59275642
1996 11 24     0.88423984
1996 11 25     0.62354553
1996 11 26     0.47435611
1996 11 27     0.38596432
1996 11 28     0.33208912
1996 11 29     0.30366260
1996 11 30     0.27491091
1996 12  1     1.13521395
1996 12  2     0.70139152
1996 12  3     0.46590105
1996 12  4     0.50390172
1996 12  5     5.99548947
1996 12  6     4.59457100
1996 12  7     2.16393238
1996 12  8     1.71680730
1996 12  9     5.02647611
1996 12 10    12.68840736
1996 12 11    10.67361212
1996 12 12     7.67529456
1996 12 13     6.43002265
1996 12 14     4.07592996
1996 12 15     3.06364213
1996 12 16     2.67412015
1996 12 17     2.38134453
1996 12 18     2.16922436
1996 12 19     2.00994907
1996 12 20     1.89206116
1996 12 21     3.35778312
1996 12 22     3.68693378
1996 12 23     3.09484308
1996 12 24     2.40686819
1996 12 25     2.09175494
1996 12 26     4.32549631
1996 12 27    10.78017764
1996 12 28    10.94930137
1996 12 29    10.71432858
1996 12 30    18.69386490
1996 12 31    33.15865880
1997  1  1    44.74748555
1997  1  2    41.32375386
1997  1  3    24.61716087
1997  1  4    12.69764451
1997  1  5     8.83876631
1997  1  6     7.69180545
1997  1  7     6.89488759
1997  1  8     6.26345596
1997  1  9     5.81021796
1997  1 10     5.45095504
1997  1 11     5.15606760
1997  1 12     4.90649710
1997  1 13     4.68887704
1997  1 14     4.49482833
1997  1 15     4.35433347
1997  1 16     4.17480453
1997  1 17     4.03613667
1997  1 18     3.89894965
1997  1 19     3.76722557
1997  1 20     4.39082541
1997  1 21     5.91145812
1997  1 22    10.49297985
1997  1 23    11.63188150
1997  1 24     6.79171858
1997  1 25    13.93904353
1997  1 26    22.01830209
1997  1 27    15.36321240
1997  1 28     8.69686774
1997  1 29     6.86352722
1997  1 30     5.63270393
1997  1 31     5.45262265
1997  2  1     5.20940538
1997  2  2     4.62506686
1997  2  3     4.27830127
1997  2  4     4.09090584
1997  2  5     3.90499119
1997  2  6     3.72326152
1997  2  7     3.58706397
1997  2  8     3.55153295
1997  2  9     3.38970501
1997  2 10     3.26714245
1997  2 11     3.18968797
1997  2 12     3.11743077
1997  2 13     3.01675475
1997  2 14     2.95572098
1997  2 15     2.97182867
1997  2 16     3.06192773
1997  2 17     3.76717405
1997  2 18     3.39029693
1997  2 19     2.95875454
1997  2 20     2.85835105
1997  2 21     2.66347600
1997  2 22     2.57873501
1997  2 23     2.51517704
1997  2 24     2.40639341
1997  2 25     2.35240143
1997  2 26     2.42127439
1997  2 27     2.54511527
1997  2 28     2.39274889
1997  3  1     2.13445701
1997  3  2     3.47954355
1997  3  3     3.11748220
1997  3  4     2.37438701
1997  3  5     2.20112688
1997  3  6     2.15956399
1997  3  7     2.18783452
1997  3  8     2.22662280
1997  3  9     2.30957189
1997  3 10     2.49235049
1997  3 11     2.74057607
1997  3 12     2.63505416
1997  3 13     2.21662347
1997  3 14     2.13899117
1997  3 15     2.44335110
1997  3 16     3.28428387
1997  3 17     6.76504254
1997  3 18     4.81498308
1997  3 19     3.14060143
1997  3 20     2.97986949
1997  3 21     2.72266325
1997  3 22     2.44672323
1997  3 23     2.27158823
1997  3 24     2.14792231
1997  3 25     2.04795732
1997  3 26     1.97542270
1997  3 27     1.91978355
1997  3 28     1.85221376
1997  3 29     1.78123047
1997  3 30     1.72594302
1997  3 31     1.81958042
1997  4  1     1.72411344
1997  4  2     1.62733797
1997  4  3     1.56576378
1997  4  4     1.51084837
1997  4  5     1.46017053
1997  4  6     1.41047148
1997  4  7     1.36972116
1997  4  8     1.33105469
1997  4  9     1.47949735
1997  4 10     1.45104237
1997  4 11     1.27077766
1997  4 12     1.23678918
1997  4 13     1.19990169
1997  4 14     1.22912482
1997  4 15     1.17466858
1997  4 16     1.14575537
1997  4 17     1.13631479
1997  4 18     1.13917996
1997  4 19     2.80537845
1997  4 20     2.10316306
1997  4 21     2.31593604
1997  4 22     1.86449911
1997  4 23     2.02071711
1997  4 24     1.68141545
1997  4 25     1.42767801
1997  4 26     1.35065365
1997  4 27     1.29516471
1997  4 28     1.24483997
1997  4 29     1.21127844
1997  4 30     1.13747510
1997  5  1     1.10082432
1997  5  2     1.05146299
1997  5  3     1.01292718
1997  5  4     0.98333236
1997  5  5     0.94813858
1997  5  6     0.91500565
1997  5  7     0.88563245
1997  5  8     0.86122962
1997  5  9     0.84194201
1997  5 10     0.82390917
1997  5 11     0.80527589
1997  5 12     0.78796866
1997  5 13     0.76337131
1997  5 14     0.73805912
1997  5 15     0.71435935
1997  5 16     0.68972215
1997  5 17     0.66629095
1997  5 18     0.64449870
1997  5 19     0.62663706
1997  5 20     0.60872907
1997  5 21     0.59255694
1997  5 22     0.58217459
1997  5 23     0.75663038
1997  5 24     0.90648670
1997  5 25     0.75290421
1997  5 26     0.63205708
1997  5 27     0.56887226
1997  5 28     0.53049231
1997  5 29     0.50405584
1997  5 30     0.48344102
1997  5 31     0.46494566
1997  6  1     0.44927380
1997  6  2     0.43030245
1997  6  3     0.43187359
1997  6  4     0.99925067
1997  6  5     0.79891057
1997  6  6     0.58953954
1997  6  7     0.51010972
1997  6  8     0.47364714
1997  6  9     0.51576185
1997  6 10     0.63294800
1997  6 11     0.48873887
1997  6 12     0.40782660
1997  6 13     0.53254680
1997  6 14     0.45266084
1997  6 15     0.38082593
1997  6 16     0.35864864
1997  6 17     0.33650433
1997  6 18     0.32113365
1997  6 19     0.30839759
1997  6 20     0.29708825
1997  6 21     0.28789595
1997  6 22     0.28022297
1997  6 23     0.27262508
1997  6 24     0.26422458
1997  6 25     0.25446564
1997  6 26     0.24606229
1997  6 27     0.23920017
1997  6 28     0.23302049
1997  6 29     0.22841236
1997  6 30     0.25641579
1997  7  1     0.25856118
1997  7  2     0.26015887
1997  7  3     0.22137613
1997  7  4     0.20703593
1997  7  5     0.19462776
1997  7  6     0.18586343
1997  7  7     0.17693227
1997  7  8     0.16829137
1997  7  9     0.16101521
1997  7 10     0.15694771
1997  7 11     0.15525264
1997  7 12     0.15254519
1997  7 13     0.14659553
1997  7 14     0.13838769
1997  7 15     0.13198513
1997  7 16     0.12872533
1997  7 17     0.12655015
1997  7 18     0.12431295
1997  7 19     0.11801222
1997  7 20     0.11092219
1997  7 21     0.10607710
1997  7 22     0.10286531
1997  7 23     0.10051375
1997  7 24     0.09878218
1997  7 25     0.09485656
1997  7 26     0.09164977
1997  7 27     0.11214413
1997  7 28     0.10277955
1997  7 29     0.08466366
1997  7 30     0.08211475
1997  7 31     0.07935202
1997  8  1     0.07579894
1997  8  2     0.07382663
1997  8  3     0.07080169
1997  8  4     0.06643513
1997  8  5     0.06332824
1997  8  6     0.05914390
1997  8  7     0.05619693
1997  8  8     0.05404804
1997  8  9     0.05278738
1997  8 10     0.05407460
1997  8 11     0.05502563
1997  8 12     0.05166625
1997  8 13     0.04825335
1997  8 14     0.04591393
1997  8 15     0.04408846
1997  8 16     0.04295241
1997  8 17     0.04259566
1997  8 18     0.04263876
1997  8 19     0.04094828
1997  8 20     0.33379026
1997  8 21     0.23921100
1997  8 22     0.14383908
1997  8 23     0.09688832
1997  8 24     0.06893532
1997  8 25     0.05346612
1997  8 26     0.04348439
1997  8 27     0.03728499
1997  8 28     0.03292380
1997  8 29     0.03109817
1997  8 30     0.02924243
1997  8 31     0.02799802
1997  9  1     0.02702057
1997  9  2     0.02581296
1997  9  3     0.04476419
1997  9  4     0.03867572
1997  9  5     0.02361369
1997  9  6     0.02262040
1997  9  7     0.02188078
1997  9  8     0.02121600
1997  9  9     0.02055264
1997  9 10     0.01997701
1997  9 11     0.01988153
1997  9 12     0.01914970
1997  9 13     0.01841858
1997  9 14     0.03396094
1997  9 15     0.41496297
1997  9 16     0.29574330
1997  9 17     0.11970658
1997  9 18     0.10129276
1997  9 19     0.07938096
1997  9 20     0.05381770
1997  9 21     0.03072725
1997  9 22     0.02260013
1997  9 23     0.01801503
1997  9 24     0.01541026
1997  9 25     0.01413340
1997  9 26     0.01362043
1997  9 27     0.01388898
1997  9 28     0.01303269
1997  9 29     0.01234380
1997  9 30     0.01186650
1997 10  1     0.03741827
1997 10  2     0.26618503
1997 10  3     0.19124342
1997 10  4     0.10218521
1997 10  5     0.06689925
1997 10  6     0.05244421
1997 10  7     0.07442723
1997 10  8     0.08457985
1997 10  9     1.57690497
1997 10 10     1.09008067
1997 10 11     0.70383263
1997 10 12     0.44329878
1997 10 13     0.29342161
1997 10 14     0.19080859
1997 10 15     0.12779151
1997 10 16     0.08945522
1997 10 17     0.06668658
1997 10 18     0.05332928
1997 10 19     0.04559665
1997 10 20     0.04084923
1997 10 21     0.03669971
1997 10 22     0.03412687
1997 10 23     0.03273639
1997 10 24     0.03244482
1997 10 25     0.03233084
1997 10 26     0.03114563
1997 10 27     0.02964763
1997 10 28     0.02860268
1997 10 29     0.03261776
1997 10 30     0.02759582
1997 10 31     0.02688314
1997 11  1     0.02523794
1997 11  2     0.02335181
1997 11  3     0.02246800
1997 11  4     0.02188677
1997 11  5     0.02146844
1997 11  6     0.03330105
1997 11  7     0.16319052
1997 11  8     0.12973245
1997 11  9     0.09168100
1997 11 10     0.07530787
1997 11 11     0.27175757
1997 11 12     0.22901249
1997 11 13     0.34540918
1997 11 14     0.74562835
1997 11 15     0.82504700
1997 11 16     1.27509550
1997 11 17     1.61970590
1997 11 18     0.89482218
1997 11 19     2.20314007
1997 11 20     1.39786141
1997 11 21     0.74768589
1997 11 22     0.56345613
1997 11 23     2.16757567
1997 11 24     1.48875163
1997 11 25     1.39862344
1997 11 26     5.14149890
1997 11 27     3.61819106
1997 11 28     1.77071299
1997 11 29     1.38463411
1997 11 30     2.04745103
1997 12  1     1.50864458
1997 12  2     1.17620292
1997 12  3     1.02851519
1997 12  4     0.94880571
1997 12  5     1.21507030
1997 12  6     1.81512889
1997 12  7     4.09677513
1997 12  8     4.78712106
1997 12  9     2.68176713
1997 12 10     2.32149382
1997 12 11     1.80088332
1997 12 12     1.48587072
1997 12 13     1.38096433
1997 12 14     1.93394277
1997 12 15     2.71226818
1997 12 16     1.82574586
1997 12 17     1.99087355
1997 12 18     1.81137758
1997 12 19     1.39834264
1997 12 20     1.24314670
1997 12 21     1.29743179
1997 12 22     1.22612705
1997 12 23     1.10322519
1997 12 24     1.03786475
1997 12 25     0.97414027
1997 12 26     1.04688553
1997 12 27     1.23659326
1997 12 28     1.15348819
1997 12 29     1.36837917
1997 12 30     1.61311114
1997 12 31     2.33897187
1998  1  1     1.60299401
1998  1  2     3.47287109
1998  1  3     6.01358397
1998  1  4     5.80760182
1998  1  5     3.32484551
1998  1  6     2.36661673
1998  1  7     2.13111524
1998  1  8     1.78318502
1998  1  9     1.63428627
1998  1 10     3.35616295
1998  1 11     7.40377049
1998  1 12    13.10564188
1998  1 13    10.67367700
1998  1 14     6.13478150
1998  1 15    10.75628175
1998  1 16     8.47222301
1998  1 17    10.27710466
1998  1 18     9.26868128
1998  1 19     8.74368423
1998  1 20     5.95376596
1998  1 21     4.22225966
1998  1 22     3.65995925
1998  1 23     3.29279478
1998  1 24     3.21936419
1998  1 25     2.95536755
1998  1 26     7.02617558
1998  1 27     6.97351512
1998  1 28     4.12733709
1998  1 29     8.31905471
1998  1 30     6.78928078
1998  1 31     4.13868726
1998  2  1     5.61645744
1998  2  2     7.70690496
1998  2  3    21.14473092
1998  2  4    13.60269879
1998  2  5     7.96581738
1998  2  6     9.76596938
1998  2  7    12.12856615
1998  2  8    10.16683418
1998  2  9     6.95391413
1998  2 10     5.44071350
1998  2 11     6.07347445
1998  2 12     5.25407594
1998  2 13     6.03260855
1998  2 14     9.80288409
1998  2 15     7.43014849
1998  2 16     5.08902409
1998  2 17     4.90282288
1998  2 18     4.41987628
1998  2 19     6.37472163
1998  2 20     6.29178761
1998  2 21     6.85751384
1998  2 22     6.41221971
1998  2 23     6.28298959
1998  2 24     5.22487883
1998  2 25     4.00291858
1998  2 26     3.56603904
1998  2 27     3.30718366
1998  2 28     3.15510822
1998  3  1     3.11582210
1998  3  2     3.18383385
1998  3  3     3.36411926
1998  3  4     2.96539773
1998  3  5     2.67405249
1998  3  6     2.78513986
1998  3  7     2.55053974
1998  3  8     2.54203642
1998  3  9     2.45965096
1998  3 10     2.62645388
1998  3 11     3.05973100
1998  3 12     3.29014062
1998  3 13     4.21823350
1998  3 14     4.06578998
1998  3 15     4.08878631
1998  3 16     5.12072768
1998  3 17     4.38445892
1998  3 18     3.67014834
1998  3 19     3.58307696
1998  3 20     3.79935975
1998  3 21     4.14073557
1998  3 22    10.03548359
1998  3 23    11.15343467
1998  3 24    14.97657997
1998  3 25    11.99325846
1998  3 26     6.31125909
1998  3 27     6.42206144
1998  3 28     5.39580908
1998  3 29     4.26168664
1998  3 30     5.30956940
1998  3 31     5.29169350
1998  4  1     6.01791225
1998  4  2     5.18366585
1998  4  3     5.39219155
1998  4  4     5.28641660
1998  4  5     4.26399947
1998  4  6     4.51716992
1998  4  7     4.73493619
1998  4  8     3.80417234
1998  4  9     3.77754411
1998  4 10     4.23909852
1998  4 11     3.84604373
1998  4 12     3.32861531
1998  4 13     4.67850065
1998  4 14     4.17738338
1998  4 15     3.39505199
1998  4 16     3.25131027
1998  4 17     3.29913057
1998  4 18     3.79012079
1998  4 19     4.22750697
1998  4 20     4.62156336
1998  4 21     5.15423164
1998  4 22     5.77439209
1998  4 23     5.86655941
1998  4 24     6.63942664
1998  4 25     4.84170906
1998  4 26     3.98772736
1998  4 27     4.47369293
1998  4 28     4.91464140
1998  4 29     4.99702938
1998  4 30     5.02165532
1998  5  1     4.91367457
1998  5  2     6.07800483
1998  5  3     5.29805154
1998  5  4     4.66274798
1998  5  5     4.41077941
1998  5  6     5.30912731
1998  5  7     5.01178365
1998  5  8     4.83793601
1998  5  9     7.11804299
1998  5 10     5.69317744
1998  5 11     4.43185799
1998  5 12     4.66345189
1998  5 13     4.60490699
1998  5 14     4.19888207
1998  5 15     3.55515154
1998  5 16     3.49836972
1998  5 17     4.20666688
1998  5 18     3.68392754
1998  5 19     3.44086803
1998  5 20     3.32060349
1998  5 21     3.30381806
1998  5 22     3.14756839
1998  5 23     3.11330052
1998  5 24     3.18303118
1998  5 25     6.05463988
1998  5 26     5.15009658
1998  5 27     4.80683317
1998  5 28     6.85137525
1998  5 29     9.50635397
1998  5 30     5.85757437
1998  5 31     4.44145123
1998  6  1     4.16169128
1998  6  2     3.92621611
1998  6  3     3.73819539
1998  6  4     3.53055036
1998  6  5     3.28617377
1998  6  6     3.21831125
1998  6  7     4.13238598
1998  6  8     3.86055173
1998  6  9     3.64338039
1998  6 10     3.89413317
1998  6 11     5.31775711
1998  6 12     4.62480528
1998  6 13     3.98872933
1998  6 14     3.39556457
1998  6 15     3.09866556
1998  6 16     2.94282639
1998  6 17     2.77733183
1998  6 18     2.65101398
1998  6 19     2.54541367
1998  6 20     2.41415655
1998  6 21     2.27631291
1998  6 22     2.16191435
1998  6 23     2.07589513
1998  6 24     2.00566673
1998  6 25     1.94350666
1998  6 26     1.88566524
1998  6 27     1.82239629
1998  6 28     1.76212983
1998  6 29     1.71244767
1998  6 30     1.65994467
1998  7  1     1.60538334
1998  7  2     1.55564095
1998  7  3     1.50941755
1998  7  4     1.46657284
1998  7  5     1.42555098
1998  7  6     1.40752846
1998  7  7     1.41881386
1998  7  8     1.33546641
1998  7  9     1.25100766
1998  7 10     1.21516493
1998  7 11     1.18217750
1998  7 12     1.14662292
1998  7 13     1.11355569
1998  7 14     1.08491903
1998  7 15     1.05522976
1998  7 16     1.01769567
1998  7 17     0.97692702
1998  7 18     0.94571139
1998  7 19     0.91832675
1998  7 20     0.89059852
1998  7 21     0.86560718
1998  7 22     0.84097552
1998  7 23     0.81835556
1998  7 24     0.79617737
1998  7 25     0.77359481
1998  7 26     0.74857655
1998  7 27     0.72034207
1998  7 28     0.69531904
1998  7 29     0.67502591
1998  7 30     0.66126631
1998  7 31     0.64636463
1998  8  1     0.62591413
1998  8  2     0.60276460
1998  8  3     0.58007671
1998  8  4     0.55863267
1998  8  5     0.53956447
1998  8  6     0.52208537
1998  8  7     0.51231711
1998  8  8     0.50349528
1998  8  9     0.49076364
1998  8 10     0.47664336
1998  8 11     0.46105442
1998  8 12     0.44154937
1998  8 13     0.42068102
1998  8 14     0.40803106
1998  8 15     0.40122743
1998  8 16     0.39357440
1998  8 17     0.38472482
1998  8 18     0.37971509
1998  8 19     0.37246677
1998  8 20     0.36230617
1998  8 21     0.35270050
1998  8 22     0.34197631
1998  8 23     0.33055625
1998  8 24     0.31937551
1998  8 25     0.30715116
1998  8 26     0.29956104
1998  8 27     0.28955064
1998  8 28     0.27532776
1998  8 29     0.26417898
1998  8 30     0.25358068
1998  8 31     0.24367015
1998  9  1     0.23532247
1998  9  2     0.22712413
1998  9  3     0.21938197
1998  9  4     0.21310101
1998  9  5     0.21911193
1998  9  6     0.24595969
1998  9  7     0.23472436
1998  9  8     0.19864769
1998  9  9     0.22904536
1998  9 10     0.23493652
1998  9 11     0.20765651
1998  9 12     0.18742081
1998  9 13     0.17577236
1998  9 14     0.16663810
1998  9 15     0.15990379
1998  9 16     0.15503065
1998  9 17     0.15209416
1998  9 18     0.15594604
1998  9 19     0.15602140
1998  9 20     0.15017188
1998  9 21     0.14611074
1998  9 22     0.14328117
1998  9 23     0.15613575
1998  9 24     0.15360143
1998  9 25     0.14750553
1998  9 26     0.35068190
1998  9 27     0.56168812
1998  9 28     0.37089667
1998  9 29     0.21477030
1998  9 30     0.16704448
1998 10  1     0.14084808
1998 10  2     0.12789515
1998 10  3     0.17575595
1998 10  4     0.16119547
1998 10  5     0.14749934
1998 10  6     0.13083672
1998 10  7     0.11712998
1998 10  8     0.10753798
1998 10  9     0.10346489
1998 10 10     0.10181963
1998 10 11     0.09861659
1998 10 12     0.09302577
1998 10 13     0.08743714
1998 10 14     0.08767135
1998 10 15     0.08870440
1998 10 16     0.08784301
1998 10 17     0.08592211
1998 10 18     0.08256466
1998 10 19     0.07718587
1998 10 20     0.07343291
1998 10 21     0.07015359
1998 10 22     0.06807693
1998 10 23     0.06719160
1998 10 24     0.24404614
1998 10 25     0.74017308
1998 10 26     0.44628688
1998 10 27     0.27976893
1998 10 28     0.18612321
1998 10 29     0.14001983
1998 10 30     0.14244742
1998 10 31     0.12179812
1998 11  1     0.15913932
1998 11  2     0.11717840
1998 11  3     0.10227955
1998 11  4     0.08552548
1998 11  5     0.10280369
1998 11  6     0.12763995
1998 11  7     0.63306552
1998 11  8     0.78073496
1998 11  9     0.49310327
1998 11 10     0.33012253
1998 11 11     0.42246417
1998 11 12     0.26221472
1998 11 13     0.19890098
1998 11 14     0.14162891
1998 11 15     0.11595027
1998 11 16     0.09301618
1998 11 17     0.58653826
1998 11 18     0.46115941
1998 11 19     0.23305060
1998 11 20     0.19776494
1998 11 21     0.17779701
1998 11 22     1.50766658
1998 11 23     3.78771579
1998 11 24     5.79164723
1998 11 25     2.91592103
1998 11 26     1.43251334
1998 11 27     3.91724293
1998 11 28     3.26776704
1998 11 29     3.07584242
1998 11 30     8.18832371
1998 12  1     8.88813908
1998 12  2     4.96534648
1998 12  3     7.55323067
1998 12  4     4.90857791
1998 12  5     2.94328652
1998 12  6     2.64370435
1998 12  7     2.28842208
1998 12  8     2.07865147
1998 12  9     1.89895522
1998 12 10     1.77052415
1998 12 11     1.66570931
1998 12 12     1.58335167
1998 12 13     1.52096702
1998 12 14     2.53901944
1998 12 15     1.94716864
1998 12 16     1.67389757
1998 12 17     1.57325291
1998 12 18     1.46179293
1998 12 19     1.48410987
1998 12 20     1.39785827
1998 12 21     1.29096139
1998 12 22     1.24497483
1998 12 23     1.18856911
1998 12 24     1.13959962
1998 12 25     1.09514625
1998 12 26     1.05799033
1998 12 27     1.02971476
1998 12 28     1.00313683
1998 12 29     0.97800819
1998 12 30     0.95784760
1998 12 31     0.95772204
1999  1  1     0.91771318
1999  1  2     0.88290644
1999  1  3     0.87085452
1999  1  4     0.84250464
1999  1  5     0.81337478
1999  1  6     0.78787305
1999  1  7     0.76521669
1999  1  8     0.74514119
1999  1  9     0.73078917
1999  1 10     0.70951023
1999  1 11     0.69239906
1999  1 12     0.67926328
1999  1 13     0.66774074
1999  1 14     0.78733660
1999  1 15     1.43097077
1999  1 16     2.63994086
1999  1 17     3.02281203
1999  1 18     5.25141596
1999  1 19     7.09527254
1999  1 20     9.85181296
1999  1 21     7.83387425
1999  1 22     4.21951102
1999  1 23     8.71802934
1999  1 24     6.06082939
1999  1 25     3.50429899
1999  1 26     3.24413743
1999  1 27     2.75487075
1999  1 28     2.49631662
1999  1 29     2.27638572
1999  1 30     2.10705603
1999  1 31     2.67526519
1999  2  1     2.28514778
1999  2  2     1.97659223
1999  2  3     1.87602634
1999  2  4     1.83860558
1999  2  5     1.73861788
1999  2  6     3.03191156
1999  2  7    11.69833054
1999  2  8    14.74871429
1999  2  9    21.12657884
1999  2 10    11.89121390
1999  2 11     5.60590433
1999  2 12     4.63419426
1999  2 13     4.03907012
1999  2 14     3.94358044
1999  2 15     3.45939074
1999  2 16     4.64068358
1999  2 17    10.37420468
1999  2 18     8.14497367
1999  2 19     6.91927077
1999  2 20     5.05540009
1999  2 21     6.74897993
1999  2 22     5.54195472
1999  2 23     4.44554593
1999  2 24     4.13524194
1999  2 25     8.67732938
1999  2 26     6.35763684
1999  2 27     4.13452292
1999  2 28     6.71449024
1999  3  1     9.68108660
1999  3  2     6.87134618
1999  3  3     8.83844753
1999  3  4     7.03950972
1999  3  5     4.33863400
1999  3  6     3.95123875
1999  3  7     3.62990782
1999  3  8     3.53400106
1999  3  9     4.05009872
1999  3 10     3.46760765
1999  3 11     3.19435620
1999  3 12     3.06235691
1999  3 13     3.23071251
1999  3 14     3.55569494
1999  3 15     3.56270333
1999  3 16     3.67084728
1999  3 17     3.70888013
1999  3 18     3.65713942
1999  3 19     3.66933442
1999  3 20     3.99581078
1999  3 21     3.57181303
1999  3 22     3.05948183
1999  3 23     3.20993064
1999  3 24     3.33403406
1999  3 25     5.17521122
1999  3 26     4.39699509
1999  3 27     3.47242346
1999  3 28     2.94588161
1999  3 29     2.75087055
1999  3 30     2.73617903
1999  3 31     2.67286658
1999  4  1     2.42500697
1999  4  2     2.38479565
1999  4  3     2.38226002
1999  4  4     2.19113859
1999  4  5     3.03073076
1999  4  6     2.69751104
1999  4  7     2.36824579
1999  4  8     3.88922604
1999  4  9     3.04119489
1999  4 10     2.44016364
1999  4 11     3.83190103
1999  4 12     3.73511931
1999  4 13     3.79273441
1999  4 14     3.98894215
1999  4 15     4.04049330
1999  4 16     3.79578918
1999  4 17     3.72605428
1999  4 18     3.46495385
1999  4 19     2.98379783
1999  4 20     2.73224713
1999  4 21     2.52978996
1999  4 22     2.34291887
1999  4 23     2.24680630
1999  4 24     2.21872989
1999  4 25     2.18617557
1999  4 26     2.38810392
1999  4 27     2.27173986
1999  4 28     2.04221659
1999  4 29     1.97957700
1999  4 30     1.93208787
1999  5  1     1.95426495
1999  5  2     2.01223321
1999  5  3     3.29052439
1999  5  4     2.69828056
1999  5  5     2.10668573
1999  5  6     2.00131452
1999  5  7     1.94074580
1999  5  8     1.83318449
1999  5  9     1.73450052
1999  5 10     1.66747941
1999  5 11     1.62615196
1999  5 12     1.60322375
1999  5 13     1.55958999
1999  5 14     1.49978416
1999  5 15     1.44420482
1999  5 16     1.40340790
1999  5 17     1.38766515
1999  5 18     1.38565423
1999  5 19     1.37101747
1999  5 20     1.34348098
1999  5 21     1.31862879
1999  5 22     1.28931829
1999  5 23     1.25431930
1999  5 24     1.20363288
1999  5 25     1.14613032
1999  5 26     1.10640940
1999  5 27     1.07562350
1999  5 28     1.04659419
1999  5 29     1.02093368
1999  5 30     0.99322362
1999  5 31     0.96210586
1999  6  1     0.93525404
1999  6  2     0.97444390
1999  6  3     1.06629642
1999  6  4     1.06297627
1999  6  5     0.92625771
1999  6  6     0.84598343
1999  6  7     0.81066238
1999  6  8     0.77858396
1999  6  9     0.74954560
1999  6 10     0.72426300
1999  6 11     0.70133478
1999  6 12     0.68176483
1999  6 13     0.66380733
1999  6 14     0.64681051
1999  6 15     0.62605087
1999  6 16     0.60357650
1999  6 17     0.58611205
1999  6 18     0.56878119
1999  6 19     0.55224921
1999  6 20     0.53626209
1999  6 21     0.51908728
1999  6 22     0.50390368
1999  6 23     0.48915958
1999  6 24     0.47446023
1999  6 25     0.46412482
1999  6 26     0.45312049
1999  6 27     0.43917824
1999  6 28     0.42190418
1999  6 29     0.40282268
1999  6 30     0.38822363
1999  7  1     0.37214004
1999  7  2     0.35929746
1999  7  3     0.35369623
1999  7  4     0.35103541
1999  7  5     0.34003320
1999  7  6     0.32507515
1999  7  7     0.31409179
1999  7  8     0.30259211
1999  7  9     0.29201533
1999  7 10     0.28072170
1999  7 11     0.26855166
1999  7 12     0.25566104
1999  7 13     0.24538579
1999  7 14     0.27841202
1999  7 15     0.28060826
1999  7 16     0.23519143
1999  7 17     0.23167702
1999  7 18     0.22635207
1999  7 19     0.21739109
1999  7 20     0.21187171
1999  7 21     0.20836048
1999  7 22     0.20085359
1999  7 23     0.19257427
1999  7 24     0.18755503
1999  7 25     0.18054870
1999  7 26     0.17211921
1999  7 27     0.16638171
1999  7 28     0.16023947
1999  7 29     0.15598993
1999  7 30     0.15179985
1999  7 31     0.14625189
1999  8  1     0.14190350
1999  8  2     0.13800458
1999  8  3     0.13317082
1999  8  4     0.12821490
1999  8  5     0.12423457
1999  8  6     0.12408217
1999  8  7     0.12458594
1999  8  8     0.11957967
1999  8  9     0.11289019
1999  8 10     0.18229816
1999  8 11     0.18632394
1999  8 12     0.11484155
1999  8 13     0.10153570
1999  8 14     0.09940581
1999  8 15     0.09628085
1999  8 16     0.09054521
1999  8 17     0.08571652
1999  8 18     0.08281813
1999  8 19     0.08153646
1999  8 20     0.07861675
1999  8 21     0.07490271
1999  8 22     0.07014046
1999  8 23     0.07178445
1999  8 24     0.06849458
1999  8 25     0.06437528
1999  8 26     0.06177715
1999  8 27     0.05969699
1999  8 28     0.05791881
1999  8 29     0.05635554
1999  8 30     0.05710512
1999  8 31     0.06031941
1999  9  1     0.05918620
1999  9  2     0.05647170
1999  9  3     0.05312070
1999  9  4     0.04923871
1999  9  5     0.04646346
1999  9  6     0.04451499
1999  9  7     0.04296116
1999  9  8     0.04161258
1999  9  9     0.04055705
1999  9 10     0.04166489
1999  9 11     0.04564797
1999  9 12     0.04270641
1999  9 13     0.03594491
1999  9 14     0.03480010
1999  9 15     0.03370951
1999  9 16     0.03273247
1999  9 17     0.03175605
1999  9 18     0.03079864
1999  9 19     0.02993797
1999  9 20     0.02910096
1999  9 21     0.02817232
1999  9 22     0.02731227
1999  9 23     0.02651093
1999  9 24     0.02574200
1999  9 25     0.02499360
1999  9 26     0.02424032
1999  9 27     0.02352827
1999  9 28     0.02287818
1999  9 29     0.02223524
1999  9 30     0.02156435
1999 10  1     0.02088213
1999 10  2     0.02028188
1999 10  3     0.01969601
1999 10  4     0.01911411
1999 10  5     0.01860340
1999 10  6     0.04269558
1999 10  7     0.05236520
1999 10  8     0.02944865
1999 10  9     0.01770637
1999 10 10     0.01625555
1999 10 11     0.01553786
1999 10 12     0.01504452
1999 10 13     0.01459158
1999 10 14     0.01415608
1999 10 15     0.01373760
1999 10 16     0.01339982
1999 10 17     0.01309465
1999 10 18     0.01270739
1999 10 19     0.01230970
1999 10 20     0.01187871
1999 10 21     0.01151343
1999 10 22     0.01117120
1999 10 23     0.01084414
1999 10 24     0.01054195
1999 10 25     0.01023383
1999 10 26     0.00992516
1999 10 27     0.06039008
1999 10 28     1.43830674
1999 10 29     0.96169827
1999 10 30     0.42217027
1999 10 31     0.25532792
1999 11  1     0.15142788
1999 11  2     0.09254791
1999 11  3     0.05861193
1999 11  4     0.03763513
1999 11  5     0.02402796
1999 11  6     0.01640244
1999 11  7     0.01294126
1999 11  8     0.99681874
1999 11  9     0.71389708
1999 11 10     0.38796927
1999 11 11     0.31567153
1999 11 12     0.19844838
1999 11 13     0.13129576
1999 11 14     0.08615968
1999 11 15     0.15806255
1999 11 16     0.14709776
1999 11 17     0.53081356
1999 11 18     0.38985697
1999 11 19     0.36214752
1999 11 20     0.94396944
1999 11 21     0.67764795
1999 11 22     0.37512012
1999 11 23     0.24825687
1999 11 24     0.15939355
1999 11 25     0.10849421
1999 11 26     0.07947088
1999 11 27     0.06331298
1999 11 28     0.05117655
1999 11 29     0.04229459
1999 11 30     0.88813001
1999 12  1     1.11607016
1999 12  2     0.62719893
1999 12  3     0.42893886
1999 12  4     0.27188640
1999 12  5     0.20957601
1999 12  6     0.16280844
1999 12  7     0.14663871
1999 12  8     0.13025170
1999 12  9     0.27383040
1999 12 10     0.55556007
1999 12 11     0.30709618
1999 12 12     0.21764495
1999 12 13     0.31773943
1999 12 14     0.20800090
1999 12 15     0.13817000
1999 12 16     0.12376363
1999 12 17     0.11166097
1999 12 18     0.10376251
1999 12 19     0.09817250
1999 12 20     0.09482143
1999 12 21     0.09158938
1999 12 22     0.08838592
1999 12 23     0.08493123
1999 12 24     0.08230889
1999 12 25     0.07997052
1999 12 26     0.07734282
1999 12 27     0.07518890
1999 12 28     0.07306552
1999 12 29     0.07080444
1999 12 30     0.06838918
1999 12 31     0.06632537
2000  1  1     0.06456364
2000  1  2     0.06579514
2000  1  3     0.06244689
2000  1  4     0.07332100
2000  1  5     0.06525971
2000  1  6     0.06602196
2000  1  7     0.06303259
2000  1  8     0.05994435
2000  1  9     0.05641346
2000  1 10     0.06218624
2000  1 11     2.09933949
2000  1 12     2.31968956
2000  1 13     1.19916823
2000  1 14     0.70437510
2000  1 15     1.68149642
2000  1 16     4.17687265
2000  1 17     2.38838965
2000  1 18     3.02609622
2000  1 19     3.61638296
2000  1 20     3.32751461
2000  1 21     2.15328888
2000  1 22     2.48623774
2000  1 23     2.43079116
2000  1 24     6.48911260
2000  1 25     7.87427490
2000  1 26     4.22346497
2000  1 27     2.38906439
2000  1 28     2.06206586
2000  1 29     1.82035757
2000  1 30     2.44922369
2000  1 31     3.99058747
2000  2  1     2.76563819
2000  2  2     1.96080220
2000  2  3     1.78081812
2000  2  4     2.96535177
2000  2  5     2.55892108
2000  2  6     2.37599438
2000  2  7     1.97155556
2000  2  8     1.75746593
2000  2  9     1.85138427
2000  2 10     3.41570408
2000  2 11     3.97168789
2000  2 12     6.05753529
2000  2 13     9.35269729
2000  2 14    18.44676060
2000  2 15    13.52251799
2000  2 16     7.14296782
2000  2 17     5.23507641
2000  2 18     4.17548049
2000  2 19     3.53757571
2000  2 20     3.78141743
2000  2 21     4.90364885
2000  2 22     6.47687845
2000  2 23     9.90667845
2000  2 24     6.11272951
2000  2 25     4.12268711
2000  2 26     6.47229497
2000  2 27    16.50743331
2000  2 28    15.59273659
2000  2 29    11.12021061
2000  3  1     7.22338603
2000  3  2     5.22443039
2000  3  3     4.79225193
2000  3  4     4.48677300
2000  3  5     7.95792423
2000  3  6     7.35617960
2000  3  7     5.16806249
2000  3  8     5.87906504
2000  3  9     7.17692422
2000  3 10     5.93012187
2000  3 11     4.98336771
2000  3 12     4.46078321
2000  3 13     4.42765115
2000  3 14     4.52827874
2000  3 15     4.24935391
2000  3 16     4.06596111
2000  3 17     3.74793148
2000  3 18     3.66179043
2000  3 19     3.86516244
2000  3 20     3.49590620
2000  3 21     3.15249622
2000  3 22     3.13003886
2000  3 23     3.17936761
2000  3 24     3.08891063
2000  3 25     2.95444441
2000  3 26     2.90955571
2000  3 27     2.83453555
2000  3 28     2.67393768
2000  3 29     2.53190331
2000  3 30     2.48289153
2000  3 31     2.45597611
2000  4  1     2.47919450
2000  4  2     2.52898693
2000  4  3     2.55213472
2000  4  4     2.54321802
2000  4  5     2.46977627
2000  4  6     2.35533048
2000  4  7     2.30702407
2000  4  8     2.26677789
2000  4  9     2.18358611
2000  4 10     2.12548294
2000  4 11     2.09374773
2000  4 12     2.11700816
2000  4 13     3.48381612
2000  4 14     3.48405867
2000  4 15     2.54264430
2000  4 16     2.71867789
2000  4 17     5.60936802
2000  4 18     5.10105260
2000  4 19     3.67306387
2000  4 20     3.01782646
2000  4 21     2.51582161
2000  4 22     2.38662227
2000  4 23     2.24789658
2000  4 24     2.11744093
2000  4 25     2.03292544
2000  4 26     1.98684016
2000  4 27     1.96181651
2000  4 28     1.91301316
2000  4 29     1.81146870
2000  4 30     1.73619822
2000  5  1     1.68492899
2000  5  2     1.64609005
2000  5  3     1.59963925
2000  5  4     1.55108017
2000  5  5     1.51757109
2000  5  6     1.47417184
2000  5  7     1.69343969
2000  5  8     2.41723518
2000  5  9     1.84886193
2000  5 10     1.67146867
2000  5 11     1.70820452
2000  5 12     1.48604589
2000  5 13     1.37801836
2000  5 14     1.32172678
2000  5 15     1.89210332
2000  5 16     2.13098550
2000  5 17     1.82284207
2000  5 18     1.56622597
2000  5 19     1.35584925
2000  5 20     1.27729434
2000  5 21     1.20901987
2000  5 22     1.14786616
2000  5 23     1.09655090
2000  5 24     1.05838154
2000  5 25     1.03297700
2000  5 26     0.99338073
2000  5 27     0.95468066
2000  5 28     0.92285263
2000  5 29     0.89234902
2000  5 30     0.86346626
2000  5 31     0.83867669
2000  6  1     0.81126797
2000  6  2     0.78595036
2000  6  3     0.76239831
2000  6  4     0.73977441
2000  6  5     0.71903940
2000  6  6     0.69898950
2000  6  7     0.67895520
2000  6  8     0.83153444
2000  6  9     0.82471587
2000  6 10     0.73345426
2000  6 11     0.67270320
2000  6 12     0.62938249
2000  6 13     0.59364917
2000  6 14     0.56176865
2000  6 15     0.53625056
2000  6 16     0.51726564
2000  6 17     0.50162955
2000  6 18     0.48622293
2000  6 19     0.47232417
2000  6 20     0.45853080
2000  6 21     0.44418914
2000  6 22     0.42986120
2000  6 23     0.41757017
2000  6 24     0.40628956
2000  6 25     0.39427179
2000  6 26     0.38944615
2000  6 27     0.37738335
2000  6 28     0.35606799
2000  6 29     0.34428796
2000  6 30     0.33513284
2000  7  1     0.32818443
2000  7  2     0.32127603
2000  7  3     0.31526374
2000  7  4     0.30786631
2000  7  5     0.29863294
2000  7  6     0.29124159
2000  7  7     0.28232520
2000  7  8     0.27398986
2000  7  9     0.26480226
2000  7 10     0.25333999
2000  7 11     0.24275454
2000  7 12     0.23479200
2000  7 13     0.22800740
2000  7 14     0.22253595
2000  7 15     0.21572804
2000  7 16     0.20654755
2000  7 17     0.20266338
2000  7 18     0.19830218
2000  7 19     0.19100098
2000  7 20     0.18210037
2000  7 21     0.17467170
2000  7 22     0.17107031
2000  7 23     0.16736149
2000  7 24     0.16089983
2000  7 25     0.15336703
2000  7 26     0.14881969
2000  7 27     0.14586695
2000  7 28     0.14100131
2000  7 29     0.13491555
2000  7 30     0.12823661
2000  7 31     0.12260078
2000  8  1     0.11591767
2000  8  2     0.11176779
2000  8  3     0.10803257
2000  8  4     0.10599182
2000  8  5     0.10300296
2000  8  6     0.09995646
2000  8  7     0.09696486
2000  8  8     0.09570195
2000  8  9     0.09398820
2000  8 10     0.09303772
2000  8 11     0.09015926
2000  8 12     0.08489422
2000  8 13     0.08202358
2000  8 14     0.07959749
2000  8 15     0.07593742
2000  8 16     0.07371861
2000  8 17     0.07125645
2000  8 18     0.07005454
2000  8 19     0.07072616
2000  8 20     0.06865455
2000  8 21     0.06530512
2000  8 22     0.06195253
2000  8 23     0.05997459
2000  8 24     0.05804655
2000  8 25     0.05570423
2000  8 26     0.05330724
2000  8 27     0.05147237
2000  8 28     0.04969751
2000  8 29     0.04817331
2000  8 30     0.04821666
2000  8 31     0.04767701
2000  9  1     0.07730575
2000  9  2     0.29982571
2000  9  3     0.22474455
2000  9  4     0.14895624
2000  9  5     0.11860803
2000  9  6     0.08675038
2000  9  7     0.06022090
2000  9  8     0.04927125
2000  9  9     0.04200870
2000  9 10     0.03740607
2000  9 11     0.03399662
2000  9 12     0.03218146
2000  9 13     0.03096942
2000  9 14     0.02995349
2000  9 15     0.02935640
2000  9 16     0.02932248
2000  9 17     0.02778772
2000  9 18     0.02653272
2000  9 19     0.02567174
2000  9 20     0.02491014
2000  9 21     0.02421072
2000  9 22     0.04471466
2000  9 23     0.03603287
2000  9 24     0.03887559
2000  9 25     0.02900422
2000  9 26     0.02346890
2000  9 27     0.02097838
2000  9 28     0.01991078
2000  9 29     0.01916162
2000  9 30     0.02594549
2000 10  1     0.02669493
2000 10  2     0.01745320
2000 10  3     0.01705794
2000 10  4     0.01648578
2000 10  5     0.01599215
2000 10  6     0.01549973
2000 10  7     0.01502785
2000 10  8     0.01460050
2000 10  9     0.04180007
2000 10 10     0.53867129
2000 10 11     0.69917225
2000 10 12     0.52184352
2000 10 13     0.30382694
2000 10 14     0.19289074
2000 10 15     0.12085913
2000 10 16     0.07742529
2000 10 17     0.05082531
2000 10 18     0.03381447
2000 10 19     0.02402972
2000 10 20     0.02767699
2000 10 21     0.04846501
2000 10 22     0.03096866
2000 10 23     0.02652310
2000 10 24     0.02118135
2000 10 25     0.05426381
2000 10 26     0.40138906
2000 10 27     0.30910928
2000 10 28     0.38834105
2000 10 29     1.23533078
2000 10 30     1.04171039
2000 10 31     0.55721876
2000 11  1     0.34948012
2000 11  2     0.21523024
2000 11  3     0.13108128
2000 11  4     0.08364266
2000 11  5     0.05674051
2000 11  6     0.04059875
2000 11  7     0.03041455
2000 11  8     0.02669003
2000 11  9     0.03380549
2000 11 10     0.11160279
2000 11 11     0.09527176
2000 11 12     0.08483912
2000 11 13     0.06787608
2000 11 14     0.24761857
2000 11 15     0.16381804
2000 11 16     0.13193722
2000 11 17     0.08768899
2000 11 18     0.05851867
2000 11 19     0.04163862
2000 11 20     0.03213691
2000 11 21     0.02621636
2000 11 22     0.02640284
2000 11 23     0.02284381
2000 11 24     0.02195861
2000 11 25     0.02084969
2000 11 26     0.02050168
2000 11 27     0.03369817
2000 11 28     0.02368403
2000 11 29     0.36815796
2000 11 30     0.45346701
2000 12  1     0.23456577
2000 12  2     0.13427440
2000 12  3     0.08937224
2000 12  4     0.06134111
2000 12  5     0.04405226
2000 12  6     0.03300523
2000 12  7     0.02660150
2000 12  8     0.02319375
2000 12  9     0.02615209
2000 12 10     0.10528768
2000 12 11     0.06325450
2000 12 12     0.50925875
2000 12 13     0.35966652
2000 12 14     1.21677368
2000 12 15     1.15338432
2000 12 16     0.55925681
2000 12 17     0.39295694
2000 12 18     0.27920469
2000 12 19     0.20903826
2000 12 20     0.16492577
2000 12 21     0.14047844
2000 12 22     0.32898613
2000 12 23     0.20536014
2000 12 24     0.15870353
2000 12 25     0.13712800
2000 12 26     0.11799514
2000 12 27     0.10570816
2000 12 28     0.09676147
2000 12 29     0.09023269
2000 12 30     0.08561384
2000 12 31     0.08166039
2001  1  1     0.07828375
2001  1  2     0.07550384
2001  1  3     0.07302212
2001  1  4     0.07071541
2001  1  5     0.06854779
2001  1  6     0.06635727
2001  1  7     0.06491431
2001  1  8     0.50067733
2001  1  9     0.57717449
2001  1 10     0.79115075
2001  1 11     2.45581647
2001  1 12     3.07433115
2001  1 13     1.40403877
2001  1 14     0.88207840
2001  1 15     0.67699526
2001  1 16     0.54690635
2001  1 17     0.45479143
2001  1 18     0.39745956
2001  1 19     0.35666609
2001  1 20     0.32707740
2001  1 21     0.30520307
2001  1 22     0.28951750
2001  1 23     0.28368677
2001  1 24     1.66024928
2001  1 25     1.28762212
2001  1 26     1.78072876
2001  1 27     1.12803902
2001  1 28     0.79743824
2001  1 29     1.02656684
2001  1 30     0.71205693
2001  1 31     0.60215420
2001  2  1     0.53257120
2001  2  2     0.48391838
2001  2  3     0.48356192
2001  2  4     0.50087901
2001  2  5     0.46868877
2001  2  6     0.43545670
2001  2  7     0.38889151
2001  2  8     0.35949632
2001  2  9     1.18703690
2001  2 10     1.44388783
2001  2 11     1.75246302
2001  2 12     1.21638316
2001  2 13     0.84517943
2001  2 14     0.69973876
2001  2 15     0.60196508
2001  2 16     0.54458757
2001  2 17     0.53550332
2001  2 18     1.25650213
2001  2 19     1.78535431
2001  2 20     3.87206437
2001  2 21     4.28674073
2001  2 22     4.27482492
2001  2 23     2.82487976
2001  2 24     2.15971276
2001  2 25     3.08094272
2001  2 26     2.45082624
2001  2 27     1.85427916
2001  2 28     1.56609164
2001  3  1     1.50985038
2001  3  2     1.87059804
2001  3  3     1.50887033
2001  3  4     2.72118757
2001  3  5     5.84189020
2001  3  6     3.89842215
2001  3  7     2.61896987
2001  3  8     2.35402119
2001  3  9     2.44151073
2001  3 10     1.92838467
2001  3 11     1.74927955
2001  3 12     1.78059887
2001  3 13     1.78163779
2001  3 14     1.70364051
2001  3 15     1.57451317
2001  3 16     1.47893473
2001  3 17     1.58109338
2001  3 18     1.68789990
2001  3 19     1.72086716
2001  3 20     1.73793388
2001  3 21     1.67232972
2001  3 22     1.59834680
2001  3 23     1.51561149
2001  3 24     1.44387888
2001  3 25     2.51923909
2001  3 26     2.14592187
2001  3 27     1.60474372
2001  3 28     1.51231718
2001  3 29     1.46933820
2001  3 30     1.37376548
2001  3 31     1.31058610
2001  4  1     1.27116951
2001  4  2     1.24550591
2001  4  3     1.17885519
2001  4  4     1.10235596
2001  4  5     1.07463691
2001  4  6     1.38406292
2001  4  7     1.90053281
2001  4  8     1.52538141
2001  4  9     1.37537791
2001  4 10     1.28851191
2001  4 11     1.75429017
2001  4 12     1.95125166
2001  4 13     1.64959558
2001  4 14     1.49365928
2001  4 15     1.50757953
2001  4 16     1.53402277
2001  4 17     1.44406904
2001  4 18     1.31030630
2001  4 19     2.44174051
2001  4 20     2.65558921
2001  4 21     2.32475489
2001  4 22     1.80368508
2001  4 23     1.62160824
2001  4 24     1.48497145
2001  4 25     1.38487008
2001  4 26     1.31516206
2001  4 27     1.24566785
2001  4 28     1.19397347
2001  4 29     1.12954226
2001  4 30     1.06809712
2001  5  1     1.05152797
2001  5  2     1.02703594
2001  5  3     0.98667505
2001  5  4     0.95719012
2001  5  5     0.94151275
2001  5  6     0.92495074
2001  5  7     0.90050099
2001  5  8     0.86671804
2001  5  9     0.83596369
2001  5 10     0.81405333
2001  5 11     0.79222959
2001  5 12     0.76830600
2001  5 13     0.73884274
2001  5 14     0.71353665
2001  5 15     0.71904140
2001  5 16     0.67825791
2001  5 17     0.65387474
2001  5 18     0.63139121
2001  5 19     0.61067507
2001  5 20     0.58986791
2001  5 21     0.56752961
2001  5 22     0.54626488
2001  5 23     0.52835257
2001  5 24     0.51193122
2001  5 25     0.49662628
2001  5 26     0.48213177
2001  5 27     0.46962758
2001  5 28     0.45721217
2001  5 29     0.44202700
2001  5 30     0.42621070
2001  5 31     0.41100085
2001  6  1     0.39917197
2001  6  2     0.39116682
2001  6  3     0.38241991
2001  6  4     0.37212460
2001  6  5     0.35920343
2001  6  6     0.34873318
2001  6  7     0.33680122
2001  6  8     0.32549592
2001  6  9     0.31665139
2001  6 10     0.30807435
2001  6 11     0.29942852
2001  6 12     0.29084199
2001  6 13     0.28358102
2001  6 14     0.27429824
2001  6 15     0.26411209
2001  6 16     0.25510450
2001  6 17     0.24714383
2001  6 18     0.23961947
2001  6 19     0.23207212
2001  6 20     0.22333342
2001  6 21     0.21550406
2001  6 22     0.20909166
2001  6 23     0.20393530
2001  6 24     0.20117259
2001  6 25     0.19650394
2001  6 26     0.24140574
2001  6 27     0.27185906
2001  6 28     0.25023632
2001  6 29     0.20724605
2001  6 30     0.18475834
2001  7  1     0.16992413
2001  7  2     0.15864493
2001  7  3     0.14890377
2001  7  4     0.14231228
2001  7  5     0.13760326
2001  7  6     0.13608017
2001  7  7     0.13229251
2001  7  8     0.12876137
2001  7  9     0.13374140
2001  7 10     0.12763085
2001  7 11     0.15873498
2001  7 12     0.15724955
2001  7 13     0.11121254
2001  7 14     0.10813238
2001  7 15     0.10499645
2001  7 16     0.10321948
2001  7 17     0.10057376
2001  7 18     0.09650178
2001  7 19     0.09354986
2001  7 20     0.09141118
2001  7 21     0.08949746
2001  7 22     0.08537948
2001  7 23     0.08092344
2001  7 24     0.07643613
2001  7 25     0.07353043
2001  7 26     0.07135132
2001  7 27     0.06939686
2001  7 28     0.06758330
2001  7 29     0.06564504
2001  7 30     0.06469989
2001  7 31     0.06272959
2001  8  1     0.06006627
2001  8  2     0.05771166
2001  8  3     0.05600033
2001  8  4     0.05475875
2001  8  5     0.05288207
2001  8  6     0.05105718
2001  8  7     0.04950513
2001  8  8     0.04804552
2001  8  9     0.04662925
2001  8 10     0.04525471
2001  8 11     0.04392071
2001  8 12     0.04262604
2001  8 13     0.04137385
2001  8 14     0.04015036
2001  8 15     0.03896653
2001  8 16     0.03781789
2001  8 17     0.03670312
2001  8 18     0.03562120
2001  8 19     0.03457118
2001  8 20     0.03355228
2001  8 21     0.03258012
2001  8 22     0.03162390
2001  8 23     0.03068546
2001  8 24     0.02976836
2001  8 25     0.02889002
2001  8 26     0.02803841
2001  8 27     0.02721191
2001  8 28     0.02640977
2001  8 29     0.02563127
2001  8 30     0.02487583
2001  8 31     0.02414256
2001  9  1     0.02343079
2001  9  2     0.02274011
2001  9  3     0.02206978
2001  9  4     0.02141922
2001  9  5     0.02078784
2001  9  6     0.02017506
2001  9  7     0.01958035
2001  9  8     0.01900317
2001  9  9     0.01844301
2001  9 10     0.01789935
2001  9 11     0.01737172
2001  9 12     0.01692503
2001  9 13     0.01758968
2001  9 14     0.01702259
2001  9 15     0.01541225
2001  9 16     0.01495791
2001  9 17     0.01451699
2001  9 18     0.01408906
2001  9 19     0.01367375
2001  9 20     0.01327068
2001  9 21     0.01287950
2001  9 22     0.01249984
2001  9 23     0.01213138
2001  9 24     0.06714340
2001  9 25     0.19148976
2001  9 26     0.14753256
2001  9 27     0.07051474
2001  9 28     0.04516521
2001  9 29     0.02808048
2001  9 30     0.01727187
2001 10  1     0.01136167
2001 10  2     0.00948754
2001 10  3     0.00900202
2001 10  4     0.00872915
2001 10  5     0.00847183
2001 10  6     0.00822210
2001 10  7     0.00797974
2001 10  8     0.00774451
2001 10  9     0.00751622
2001 10 10     0.00729522
2001 10 11     0.00708211
2001 10 12     0.00687333
2001 10 13     0.00666841
2001 10 14     0.00647184
2001 10 15     0.00628107
2001 10 16     0.00609592
2001 10 17     0.00591622
2001 10 18     0.00574183
2001 10 19     0.00557257
2001 10 20     0.00540831
2001 10 21     0.00524888
2001 10 22     0.00509416
2001 10 23     0.00494400
2001 10 24     0.00479826
2001 10 25     0.00465682
2001 10 26     0.00451955
2001 10 27     0.00438632
2001 10 28     0.00425874
2001 10 29     0.00413396
2001 10 30     0.38999778
2001 10 31     0.71158948
2001 11  1     0.44091119
2001 11  2     0.24262489
2001 11  3     0.14494071
2001 11  4     0.08438215
2001 11  5     0.05043624
2001 11  6     0.03018200
2001 11  7     0.01848464
2001 11  8     0.01024467
2001 11  9     0.00552823
2001 11 10     0.00342866
2001 11 11     0.30314397
2001 11 12     0.63669342
2001 11 13     1.23338488
2001 11 14     0.83808841
2001 11 15     0.44752840
2001 11 16     0.27290692
2001 11 17     0.22621686
2001 11 18     0.14594986
2001 11 19     0.10386413
2001 11 20     0.08522717
2001 11 21     0.24149770
2001 11 22     2.04355487
2001 11 23     1.25731266
2001 11 24     2.51896965
2001 11 25     2.33907542
2001 11 26     1.12042088
2001 11 27     0.65129711
2001 11 28     0.49153523
2001 11 29     2.23731719
2001 11 30     1.32972923
2001 12  1     1.90673842
2001 12  2     5.97102574
2001 12  3     5.32750678
2001 12  4     2.47123174
2001 12  5     2.02734540
2001 12  6     3.06154168
2001 12  7     1.92139030
2001 12  8     1.37498067
2001 12  9     1.49092084
2001 12 10     1.14692265
2001 12 11     0.97933173
2001 12 12     0.89490716
2001 12 13     1.67947894
2001 12 14     2.60272000
2001 12 15     1.69452524
2001 12 16     1.21001434
2001 12 17     3.91639860
2001 12 18     2.39487652
2001 12 19     2.03542861
2001 12 20     3.32377031
2001 12 21     2.55661489
2001 12 22     1.97010922
2001 12 23     2.82034851
2001 12 24     1.86060371
2001 12 25     1.44926967
2001 12 26     1.36147791
2001 12 27     1.19991349
2001 12 28     1.67325263
2001 12 29     3.40459454
2001 12 30     2.34085219
2001 12 31     5.20586962
2002  1  1     3.38942111
2002  1  2     5.41690948
2002  1  3     5.26036019
2002  1  4     3.11649341
2002  1  5     2.32296933
2002  1  6     5.68572412
2002  1  7     4.47205032
2002  1  8     3.03208897
2002  1  9     2.28953920
2002  1 10     2.03444444
2002  1 11     1.84493916
2002  1 12     1.72233204
2002  1 13     1.62088474
2002  1 14     1.52813724
2002  1 15     1.45188657
2002  1 16     1.38675580
2002  1 17     1.33008501
2002  1 18     1.27866287
2002  1 19     1.23201264
2002  1 20     1.18879450
2002  1 21     1.19243695
2002  1 22     1.18573768
2002  1 23     1.11616494
2002  1 24     1.08159772
2002  1 25     1.04292886
2002  1 26     3.32175894
2002  1 27     2.63101905
2002  1 28     1.65264777
2002  1 29     1.47357018
2002  1 30     1.29689043
2002  1 31     1.18296956
2002  2  1     1.10053414
2002  2  2     1.04861496
2002  2  3     1.00386609
2002  2  4     0.97852818
2002  2  5     0.96719027
2002  2  6     0.97237256
2002  2  7     2.03262049
2002  2  8     3.81188419
2002  2  9     2.38199186
2002  2 10     1.60456562
2002  2 11     1.51201968
2002  2 12     1.46101545
2002  2 13     1.39456217
2002  2 14     1.29371593
2002  2 15     1.23379788
2002  2 16     1.24503936
2002  2 17     2.01997460
2002  2 18     1.59127752
2002  2 19     2.41872367
2002  2 20     5.45911131
2002  2 21     3.59076094
2002  2 22     2.40898456
2002  2 23     2.21010840
2002  2 24     1.90173476
2002  2 25     1.69011029
2002  2 26     1.60811685
2002  2 27     1.54540994
2002  2 28     1.47879538
2002  3  1     1.34803210
2002  3  2     1.24309213
2002  3  3     1.18383384
2002  3  4     1.15393023
2002  3  5     1.14973221
2002  3  6     2.87889221
2002  3  7     5.04884568
2002  3  8     3.45958505
2002  3  9     2.87087514
2002  3 10     4.47391981
2002  3 11     3.80237481
2002  3 12     3.05741481
2002  3 13     2.14093057
2002  3 14     1.80134464
2002  3 15     1.63228248
2002  3 16     1.52172224
2002  3 17     1.42747046
2002  3 18     1.37433306
2002  3 19     1.44294557
2002  3 20     1.63291652
2002  3 21     1.67530342
2002  3 22     1.76703337
2002  3 23     3.86685583
2002  3 24     4.51682213
2002  3 25     3.00001510
2002  3 26     2.28436075
2002  3 27     2.02404703
2002  3 28     1.97207557
2002  3 29     1.99359757
2002  3 30     1.98684578
2002  3 31     1.93936166
2002  4  1     1.91434650
2002  4  2     1.96298377
2002  4  3     1.95431510
2002  4  4     1.88070586
2002  4  5     1.82337812
2002  4  6     1.73216466
2002  4  7     1.64899279
2002  4  8     1.64372697
2002  4  9     1.63936048
2002  4 10     1.69804871
2002  4 11     1.65119065
2002  4 12     1.54747985
2002  4 13     1.53863699
2002  4 14     1.58445797
2002  4 15     1.59691422
2002  4 16     1.46936625
2002  4 17     1.70320234
2002  4 18     1.78173393
2002  4 19     1.52315234
2002  4 20     1.73385566
2002  4 21     1.48820191
2002  4 22     1.38091730
2002  4 23     1.33124015
2002  4 24     1.27871369
2002  4 25     1.24575042
2002  4 26     1.22403305
2002  4 27     1.72849512
2002  4 28     1.64877131
2002  4 29     1.40038972
2002  4 30     1.38104353
2002  5  1     1.34686547
2002  5  2     1.18577423
2002  5  3     1.13799650
2002  5  4     1.10177289
2002  5  5     1.06633412
2002  5  6     1.02534438
2002  5  7     0.97629566
2002  5  8     0.93252514
2002  5  9     0.89900592
2002  5 10     0.87399837
2002  5 11     0.86498286
2002  5 12     0.82780412
2002  5 13     0.80700174
2002  5 14     0.78621494
2002  5 15     0.76491925
2002  5 16     0.74645768
2002  5 17     0.72709751
2002  5 18     0.71022961
2002  5 19     0.69901839
2002  5 20     1.90905942
2002  5 21     1.91843702
2002  5 22     1.20200497
2002  5 23     0.95986864
2002  5 24     0.84930321
2002  5 25     0.77305313
2002  5 26     0.72325430
2002  5 27     0.68449648
2002  5 28     0.65083856
2002  5 29     0.62368767
2002  5 30     0.60074505
2002  5 31     0.57733465
2002  6  1     0.55579394
2002  6  2     0.53834457
2002  6  3     0.52008938
2002  6  4     0.50344922
2002  6  5     0.48709857
2002  6  6     0.46930855
2002  6  7     0.45197226
2002  6  8     0.43954365
2002  6  9     0.42817869
2002  6 10     0.41519905
2002  6 11     0.40134670
2002  6 12     0.38755363
2002  6 13     0.37489649
2002  6 14     0.36367539
2002  6 15     0.35338214
2002  6 16     0.34291642
2002  6 17     0.33260236
2002  6 18     0.32205958
2002  6 19     0.31241221
2002  6 20     0.30235761
2002  6 21     0.29394602
2002  6 22     0.29781772
2002  6 23     0.29022483
2002  6 24     0.26763658
2002  6 25     0.25720561
2002  6 26     0.24918670
2002  6 27     0.24282147
2002  6 28     0.23387818
2002  6 29     0.22709241
2002  6 30     0.21986863
2002  7  1     0.21148643
2002  7  2     0.20427254
2002  7  3     0.19915070
2002  7  4     0.19420342
2002  7  5     0.18805496
2002  7  6     0.18166243
2002  7  7     0.17544828
2002  7  8     0.17029869
2002  7  9     0.16312973
2002  7 10     0.15522769
2002  7 11     0.14837908
2002  7 12     0.14315225
2002  7 13     0.13991386
2002  7 14     0.13632425
2002  7 15     0.13377969
2002  7 16     0.13131450
2002  7 17     0.12683938
2002  7 18     0.12554839
2002  7 19     0.12453387
2002  7 20     0.11615826
2002  7 21     0.10915374
2002  7 22     0.10991216
2002  7 23     0.10578534
2002  7 24     0.10192090
2002  7 25     0.09851271
2002  7 26     0.09441606
2002  7 27     0.08999189
2002  7 28     0.08682729
2002  7 29     0.08396295
2002  7 30     0.08138364
2002  7 31     0.07893779
2002  8  1     0.07665129
2002  8  2     0.07447558
2002  8  3     0.07257153
2002  8  4     0.07214808
2002  8  5     0.07133460
2002  8  6     0.07004317
2002  8  7     0.06701866
2002  8  8     0.06311600
2002  8  9     0.06033942
2002  8 10     0.05842400
2002  8 11     0.05670099
2002  8 12     0.05502206
2002  8 13     0.05338739
2002  8 14     0.05181003
2002  8 15     0.05028687
2002  8 16     0.04880400
2002  8 17     0.04737617
2002  8 18     0.04599659
2002  8 19     0.04464844
2002  8 20     0.04347231
2002  8 21     0.04215223
2002  8 22     0.04089263
2002  8 23     0.03973128
2002  8 24     0.03851449
2002  8 25     0.03733356
2002  8 26     0.03621221
2002  8 27     0.03511183
2002  8 28     0.03406608
2002  8 29     0.03307703
2002  8 30     0.03211019
2002  8 31     0.03115762
2002  9  1     0.03021942
2002  9  2     0.02932007
2002  9  3     0.02845529
2002  9  4     0.02763887
2002  9  5     0.02684531
2002  9  6     0.02610797
2002  9  7     0.02570068
2002  9  8     0.02468842
2002  9  9     0.02383346
2002  9 10     0.02309296
2002  9 11     0.02240051
2002  9 12     0.02173782
2002  9 13     0.02109692
2002  9 14     0.02047503
2002  9 15     0.01987148
2002  9 16     0.01931272
2002  9 17     0.01874523
2002  9 18     0.01818027
2002  9 19     0.01763092
2002  9 20     0.01711032
2002  9 21     0.01660595
2002  9 22     0.01611645
2002  9 23     0.01564138
2002  9 24     0.01518031
2002  9 25     0.01473283
2002  9 26     0.01429855
2002  9 27     0.01387706
2002  9 28     0.01349513
2002  9 29     0.01309605
2002  9 30     0.01272426
2002 10  1     0.01235232
2002 10  2     0.01198743
2002 10  3     0.01163665
2002 10  4     0.01352109
2002 10  5     0.01288053
2002 10  6     0.01060136
2002 10  7     0.01028853
2002 10  8     0.00998525
2002 10  9     0.00969091
2002 10 10     0.00940525
2002 10 11     0.00913514
2002 10 12     0.00886023
2002 10 13     0.00859785
2002 10 14     0.00834435
2002 10 15     0.00809838
2002 10 16     0.00785966
2002 10 17     0.00762798
2002 10 18     0.00741018
2002 10 19     0.00719450
2002 10 20     0.00698071
2002 10 21     0.00677060
2002 10 22     0.00657187
2002 10 23     0.00638183
2002 10 24     0.00621244
2002 10 25     0.00602673
2002 10 26     0.00584488
2002 10 27     0.00573937
2002 10 28     0.00559826
2002 10 29     0.00534215
2002 10 30     0.00519027
2002 10 31     0.00504230
2002 11  1     0.00489492
2002 11  2     0.00475500
2002 11  3     0.00460172
2002 11  4     0.00446453
2002 11  5     0.00433150
2002 11  6     0.00431338
2002 11  7     0.57185568
2002 11  8     2.12798370
2002 11  9     2.08770944
2002 11 10     1.85690849
2002 11 11     1.62250685
2002 11 12     0.88448960
2002 11 13     0.59591572
2002 11 14     0.37009109
2002 11 15     0.24526277
2002 11 16     0.17203228
2002 11 17     0.12550038
2002 11 18     0.09669400
2002 11 19     0.07788068
2002 11 20     0.06501898
2002 11 21     0.05672386
2002 11 22     0.05154656
2002 11 23     0.04859016
2002 11 24     0.04617747
2002 11 25     0.04404472
2002 11 26     0.04245001
2002 11 27     0.04105262
2002 11 28     0.03976664
2002 11 29     0.03856751
2002 11 30     0.03744549
2002 12  1     0.03639850
2002 12  2     0.03527734
2002 12  3     0.03427028
2002 12  4     0.03320856
2002 12  5     0.03220102
2002 12  6     0.03132504
2002 12  7     0.03051009
2002 12  8     0.02972519
2002 12  9     0.03450783
2002 12 10     0.23733773
2002 12 11     0.29392911
2002 12 12     0.17951047
2002 12 13     1.49016620
2002 12 14     9.82491129
2002 12 15     9.96399682
2002 12 16    13.47586010
2002 12 17     9.07888701
2002 12 18     4.55983560
2002 12 19     3.20530655
2002 12 20     4.17957916
2002 12 21     5.17237888
2002 12 22     4.19961702
2002 12 23     2.91186803
2002 12 24     2.40129047
2002 12 25     2.11097604
2002 12 26     1.97674548
2002 12 27     7.68221035
2002 12 28    11.53055965
2002 12 29    11.37403317
2002 12 30     7.05092829
2002 12 31     9.24419462
2003  1  1     6.47653188
2003  1  2     4.09985775
2003  1  3     3.44913975
2003  1  4     3.06483519
2003  1  5     2.79278054
2003  1  6     2.58680317
2003  1  7     2.42200124
2003  1  8     2.29032807
2003  1  9     2.52773722
2003  1 10     6.38464032
2003  1 11     8.87326691
2003  1 12     6.68002629
2003  1 13     9.96435673
2003  1 14     6.48902457
2003  1 15     4.24719512
2003  1 16     3.49963217
2003  1 17     3.18169631
2003  1 18     2.94968374
2003  1 19     2.75684355
2003  1 20     2.60637470
2003  1 21     3.11912697
2003  1 22     3.92772985
2003  1 23     7.99157226
2003  1 24     5.65838440
2003  1 25     4.05595063
2003  1 26     3.34970998
2003  1 27     3.06319585
2003  1 28     3.24503679
2003  1 29     2.92221252
2003  1 30     2.57777224
2003  1 31     2.47313241
2003  2  1     2.40962392
2003  2  2     2.52854024
2003  2  3     2.31435013
2003  2  4     2.17251169
2003  2  5     2.07429884
2003  2  6     1.99137344
2003  2  7     1.91504953
2003  2  8     1.84679507
2003  2  9     1.78389543
2003  2 10     1.72535013
2003  2 11     1.67158776
2003  2 12     1.62374297
2003  2 13     2.93635277
2003  2 14     2.68967133
2003  2 15     2.30639217
2003  2 16     6.86899724
2003  2 17     4.52291077
2003  2 18     2.67327706
2003  2 19     2.45009921
2003  2 20     2.63579309
2003  2 21     2.21770843
2003  2 22     2.02898890
2003  2 23     1.89299049
2003  2 24     1.78362020
2003  2 25     1.69116924
2003  2 26     1.62422324
2003  2 27     1.60128406
2003  2 28     1.51912197
2003  3  1     1.46388823
2003  3  2     1.41013352
2003  3  3     1.46676726
2003  3  4     1.46993381
2003  3  5     1.31939622
2003  3  6     1.28220992
2003  3  7     1.24135571
2003  3  8     1.20160149
2003  3  9     1.17689514
2003  3 10     1.20159418
2003  3 11     1.16328259
2003  3 12     1.12645844
2003  3 13     1.15975953
2003  3 14     4.01503159
2003  3 15    14.20049293
2003  3 16     9.04978410
2003  3 17     4.23988562
2003  3 18     3.23666238
2003  3 19     2.73846617
2003  3 20     3.21584610
2003  3 21     2.72411362
2003  3 22     2.36271178
2003  3 23     2.81748603
2003  3 24     2.63613444
2003  3 25     2.41559156
2003  3 26     4.02757133
2003  3 27     3.36875849
2003  3 28     2.31369520
2003  3 29     2.13856932
2003  3 30     2.01706541
2003  3 31     1.93641536
2003  4  1     1.93166349
2003  4  2     2.03136064
2003  4  3     1.91951780
2003  4  4     2.33857924
2003  4  5     2.18437993
2003  4  6     2.01346572
2003  4  7     2.05123578
2003  4  8     2.46275988
2003  4  9     2.51984837
2003  4 10     2.19347152
2003  4 11     1.94740166
2003  4 12     2.97737874
2003  4 13     6.33542013
2003  4 14     5.76642619
2003  4 15     3.74810127
2003  4 16     2.72987584
2003  4 17     2.66511208
2003  4 18     2.62716414
2003  4 19     2.60118717
2003  4 20     2.87279123
2003  4 21     3.44003678
2003  4 22     3.20833756
2003  4 23     3.98060544
2003  4 24     7.38201000
2003  4 25     6.34493945
2003  4 26     5.62085916
2003  4 27     4.24175704
2003  4 28     6.68902762
2003  4 29     8.31552523
2003  4 30     5.85839589
2003  5  1     4.25810345
2003  5  2     4.03152501
2003  5  3     6.42764823
2003  5  4     7.53807955
2003  5  5     5.45964407
2003  5  6     3.68196410
2003  5  7     3.32964304
2003  5  8     4.29772334
2003  5  9     4.09459107
2003  5 10     3.24567302
2003  5 11     2.94148125
2003  5 12     2.73510294
2003  5 13     2.59475323
2003  5 14     2.48953371
2003  5 15     2.39733229
2003  5 16     2.28838608
2003  5 17     2.18175171
2003  5 18     2.09935104
2003  5 19     2.02481180
2003  5 20     1.97103743
2003  5 21     1.92117304
2003  5 22     1.84944030
2003  5 23     1.77758360
2003  5 24     1.71949815
2003  5 25     1.67172247
2003  5 26     1.61563170
2003  5 27     1.54769050
2003  5 28     1.49047701
2003  5 29     1.44735932
2003  5 30     1.40711577
2003  5 31     1.36667739
2003  6  1     1.32318891
2003  6  2     1.28398931
2003  6  3     1.24889208
2003  6  4     1.21517161
2003  6  5     1.18327793
2003  6  6     1.15138515
2003  6  7     1.11853247
2003  6  8     1.08267736
2003  6  9     1.04476793
2003  6 10     1.01363252
2003  6 11     0.98517492
2003  6 12     0.95694180
2003  6 13     0.92868365
2003  6 14     0.90073133
2003  6 15     0.87402986
2003  6 16     0.84798213
2003  6 17     0.82140123
2003  6 18     0.79846380
2003  6 19     0.78007423
2003  6 20     0.75943529
2003  6 21     0.73879944
2003  6 22     0.71872763
2003  6 23     0.69845014
2003  6 24     0.68539140
2003  6 25     0.66410885
2003  6 26     0.62916448
2003  6 27     0.60610803
2003  6 28     0.58436733
2003  6 29     0.56830165
2003  6 30     0.55686882
2003  7  1     0.54349051
2003  7  2     0.52807648
2003  7  3     0.51215698
2003  7  4     0.49553437
2003  7  5     0.47853957
2003  7  6     0.46314760
2003  7  7     0.44969530
2003  7  8     0.43828912
2003  7  9     0.42313307
2003  7 10     0.40713993
2003  7 11     0.39405812
2003  7 12     0.38269335
2003  7 13     0.37249130
2003  7 14     0.36050006
2003  7 15     0.34842988
2003  7 16     0.33808466
2003  7 17     0.32523213
2003  7 18     0.31113009
2003  7 19     0.29662549
2003  7 20     0.28685248
2003  7 21     0.27866330
2003  7 22     0.26948070
2003  7 23     0.25869714
2003  7 24     0.25182035
2003  7 25     0.24759077
2003  7 26     0.24187234
2003  7 27     0.23295727
2003  7 28     0.22320291
2003  7 29     0.21438487
2003  7 30     0.20632866
2003  7 31     0.20379299
2003  8  1     0.21333688
2003  8  2     0.27626070
2003  8  3     0.27792113
2003  8  4     0.22626601
2003  8  5     0.19565035
2003  8  6     0.18778357
2003  8  7     0.18066099
2003  8  8     0.17338206
2003  8  9     0.16601494
2003  8 10     0.15985593
2003  8 11     0.15530719
2003  8 12     0.15107878
2003  8 13     0.14582942
2003  8 14     0.14011933
2003  8 15     0.13425099
2003  8 16     0.13046219
2003  8 17     0.12557522
2003  8 18     0.11912196
2003  8 19     0.11472432
2003  8 20     0.11906037
2003  8 21     0.11354383
2003  8 22     0.44509452
2003  8 23     0.44190251
2003  8 24     0.26746085
2003  8 25     0.17045921
2003  8 26     0.13574844
2003  8 27     0.11711935
2003  8 28     0.10532783
2003  8 29     0.09689618
2003  8 30     0.08896288
2003  8 31     0.08318093
2003  9  1     0.07810986
2003  9  2     0.07429682
2003  9  3     0.07175910
2003  9  4     0.07049132
2003  9  5     0.07389043
2003  9  6     0.07449249
2003  9  7     0.06812368
2003  9  8     0.06879400
2003  9  9     0.06816620
2003  9 10     0.06495775
2003  9 11     0.05988174
2003  9 12     0.05528688
2003  9 13     0.05309739
2003  9 14     0.05197483
2003  9 15     0.05067637
2003  9 16     0.05142067
2003  9 17     0.05188778
2003  9 18     0.04953914
2003  9 19     0.04647923
2003  9 20     0.04381044
2003  9 21     0.04168619
2003  9 22     0.04030607
2003  9 23     0.03912977
2003  9 24     0.03799643
2003  9 25     0.03690964
2003  9 26     0.03583470
2003  9 27     0.03475855
2003  9 28     0.03375237
2003  9 29     0.03278543
2003  9 30     0.03202385
2003 10  1     0.03100650
2003 10  2     0.03027639
2003 10  3     0.02918597
2003 10  4     0.02831596
2003 10  5     0.02745862
2003 10  6     0.02659176
2003 10  7     0.02582970
2003 10  8     0.02509322
2003 10  9     0.02466647
2003 10 10     0.02606417
2003 10 11     0.02487132
2003 10 12     0.02321165
2003 10 13     0.02283592
2003 10 14     0.02179650
2003 10 15     0.02150600
2003 10 16     0.02042642
2003 10 17     0.01928076
2003 10 18     0.01861845
2003 10 19     0.01806343
2003 10 20     0.01749264
2003 10 21     0.01697922
2003 10 22     0.01650579
2003 10 23     0.01601940
2003 10 24     0.01553425
2003 10 25     0.01504827
2003 10 26     0.01459093
2003 10 27     0.01416603
2003 10 28     0.01374521
2003 10 29     0.01338613
2003 10 30     0.01606844
2003 10 31     0.08300606
2003 11  1     0.09480241
2003 11  2     0.07896207
2003 11  3     0.34519051
2003 11  4     0.22706991
2003 11  5     0.16037252
2003 11  6     0.10823842
2003 11  7     0.18458317
2003 11  8     0.18267282
2003 11  9     1.05312292
2003 11 10     0.75667850
2003 11 11     0.40177511
2003 11 12     0.23360998
2003 11 13     0.14408146
2003 11 14     0.10069408
2003 11 15     0.53339248
2003 11 16     0.46180522
2003 11 17     0.36175288
2003 11 18     0.23738764
2003 11 19     0.15762890
2003 11 20     0.09815453
2003 11 21     0.06625539
2003 11 22     0.04955499
2003 11 23     0.03701094
2003 11 24     0.02762090
2003 11 25     0.02180655
2003 11 26     0.01813671
2003 11 27     0.01615732
2003 11 28     0.01522807
2003 11 29     0.04456209
2003 11 30     0.06300452
2003 12  1     0.26194430
2003 12  2     0.59788971
2003 12  3     0.36676791
2003 12  4     0.22480927
2003 12  5     0.27436970
2003 12  6     0.81895419
2003 12  7     2.01081563
2003 12  8     1.25846491
2003 12  9     0.58690225
2003 12 10     2.02951139
2003 12 11     2.56048226
2003 12 12     1.26595758
2003 12 13     1.91273516
2003 12 14     3.79652460
2003 12 15     2.00313400
2003 12 16     1.09850073
2003 12 17     0.86951927
2003 12 18     0.71131536
2003 12 19     0.60544009
2003 12 20     1.41064085
2003 12 21     1.21564716
2003 12 22     0.81536369
2003 12 23     0.75286025
2003 12 24     4.71379479
2003 12 25     4.58240424
2003 12 26     2.30502141
2003 12 27     1.46777865
2003 12 28     1.25335412
2003 12 29     2.03870556
2003 12 30     3.55885086
2003 12 31     2.24737750
2004  1  1     6.01290345
2004  1  2     4.73370617
2004  1  3     2.66971785
2004  1  4     1.94328813
2004  1  5     1.68098589
2004  1  6     1.48786738
2004  1  7     2.68410023
2004  1  8     2.69125646
2004  1  9     2.04244604
2004  1 10     2.22484133
2004  1 11     1.76186293
2004  1 12     1.60566249
2004  1 13     1.44738711
2004  1 14     1.32003694
2004  1 15     1.26483485
2004  1 16     1.20609007
2004  1 17     1.13721666
2004  1 18     1.11309854
2004  1 19     1.07972274
2004  1 20     1.05173657
2004  1 21     1.01115258
2004  1 22     0.94920738
2004  1 23     0.91586293
2004  1 24     0.99836781
2004  1 25     0.91614455
2004  1 26     0.85961644
2004  1 27     1.55845747
2004  1 28     2.48839857
2004  1 29     1.56026404
2004  1 30     1.40469689
2004  1 31     1.19334318
2004  2  1     1.02637438
2004  2  2     1.83406432
2004  2  3     3.25351196
2004  2  4     1.95424678
2004  2  5     1.41743173
2004  2  6     1.23222943
2004  2  7     1.51724622
2004  2  8     1.20787892
2004  2  9     1.10588699
2004  2 10     1.02126707
2004  2 11     0.95324526
2004  2 12     0.90682512
2004  2 13     0.86065603
2004  2 14     0.88760756
2004  2 15     0.95776371
2004  2 16     3.72377859
2004  2 17    11.87477957
2004  2 18    18.86901771
2004  2 19    10.77360986
2004  2 20     4.77922608
2004  2 21     3.70283400
2004  2 22     3.33476664
2004  2 23     3.20670440
2004  2 24     5.15057069
2004  2 25    10.12624628
2004  2 26    12.94643017
2004  2 27     8.39300705
2004  2 28     4.67293250
2004  2 29     3.82725139
2004  3  1     4.23434128
2004  3  2     4.81623671
2004  3  3     3.74717704
2004  3  4     3.18482305
2004  3  5     3.05160783
2004  3  6     3.09092351
2004  3  7     3.18326004
2004  3  8     3.31196823
2004  3  9     3.38867374
2004  3 10     3.36447077
2004  3 11     3.20149733
2004  3 12     3.05782705
2004  3 13     3.02490637
2004  3 14     3.03367762
2004  3 15     3.02323048
2004  3 16     2.97815383
2004  3 17     2.95143682
2004  3 18     2.94587024
2004  3 19     2.93470244
2004  3 20     2.86201680
2004  3 21     2.84538691
2004  3 22     2.79417762
2004  3 23     2.58863744
2004  3 24     2.39327355
2004  3 25     2.43119897
2004  3 26     3.42202257
2004  3 27     2.93781390
2004  3 28     2.40582980
2004  3 29     2.31700707
2004  3 30     2.23849916
2004  3 31     2.12707372
2004  4  1     1.97669206
2004  4  2     1.88947145
2004  4  3     1.85493087
2004  4  4     1.85303534
2004  4  5     1.80821684
2004  4  6     1.71822311
2004  4  7     1.66390980
2004  4  8     1.64464929
2004  4  9     1.63582926
2004  4 10     1.62201321
2004  4 11     1.59076479
2004  4 12     1.54206370
2004  4 13     1.50775973
2004  4 14     1.45848203
2004  4 15     1.44485338
2004  4 16     1.38756380
2004  4 17     1.32065591
2004  4 18     1.33140185
2004  4 19     1.33075713
2004  4 20     1.82877026
2004  4 21     1.88225593
2004  4 22     1.60247510
2004  4 23     1.36331276
2004  4 24     1.29472677
2004  4 25     1.23981507
2004  4 26     1.19104345
2004  4 27     1.16123573
2004  4 28     1.12611049
2004  4 29     1.06983818
2004  4 30     1.02659231
2004  5  1     0.99696125
2004  5  2     0.96736295
2004  5  3     0.94158905
2004  5  4     0.91734709
2004  5  5     0.89212240
2004  5  6     0.86395060
2004  5  7     0.83187213
2004  5  8     0.80830239
2004  5  9     0.78281212
2004  5 10     0.88898483
2004  5 11     0.95541710
2004  5 12     0.86291535
2004  5 13     0.75911826
2004  5 14     0.71220098
2004  5 15     0.68215569
2004  5 16     0.65775071
2004  5 17     0.63366394
2004  5 18     0.64632506
2004  5 19     0.61111920
2004  5 20     0.59369593
2004  5 21     0.58543586
2004  5 22     0.63971761
2004  5 23     0.57772090
2004  5 24     0.54290859
2004  5 25     0.52069394
2004  5 26     0.49928874
2004  5 27     0.48182353
2004  5 28     0.60240712
2004  5 29     0.73049245
2004  5 30     0.56811187
2004  5 31     0.49617841
2004  6  1     0.46441004
2004  6  2     0.43702333
2004  6  3     0.41620019
2004  6  4     0.39949277
2004  6  5     0.38398572
2004  6  6     0.36849406
2004  6  7     0.35472761
2004  6  8     0.35821765
2004  6  9     0.36292868
2004  6 10     0.36825928
2004  6 11     0.33558928
2004  6 12     0.30917298
2004  6 13     0.29892148
2004  6 14     0.28824924
2004  6 15     0.27783749
2004  6 16     0.26901786
2004  6 17     0.26901566
2004  6 18     0.26467017
2004  6 19     0.24774908
2004  6 20     0.24065813
2004  6 21     0.23257499
2004  6 22     0.22474649
2004  6 23     0.21820009
2004  6 24     0.21181214
2004  6 25     0.20527227
2004  6 26     0.19977915
2004  6 27     0.19398293
2004  6 28     0.19221349
2004  6 29     0.18457452
2004  6 30     0.18116718
2004  7  1     0.17896631
2004  7  2     0.16814661
2004  7  3     0.16209708
2004  7  4     0.15568165
2004  7  5     0.14673202
2004  7  6     0.14022774
2004  7  7     0.13549998
2004  7  8     0.13399744
2004  7  9     0.13239472
2004  7 10     0.13009203
2004  7 11     0.12614535
2004  7 12     0.12034946
2004  7 13     0.11525604
2004  7 14     0.11170186
2004  7 15     0.10814674
2004  7 16     0.10348334
2004  7 17     0.09790965
2004  7 18     0.09415894
2004  7 19     0.09154994
2004  7 20     0.08847929
2004  7 21     0.08534426
2004  7 22     0.08191131
2004  7 23     0.07821425
2004  7 24     0.07500069
2004  7 25     0.07337583
2004  7 26     0.07221791
2004  7 27     0.06883593
2004  7 28     0.06584261
2004  7 29     0.06466545
2004  7 30     0.06312177
2004  7 31     0.06175372
2004  8  1     0.06025128
2004  8  2     0.05873013
2004  8  3     0.05757938
2004  8  4     0.05515098
2004  8  5     0.05357619
2004  8  6     0.05239529
2004  8  7     0.04967313
2004  8  8     0.04623021
2004  8  9     0.04423448
2004  8 10     0.04288340
2004  8 11     0.04147745
2004  8 12     0.04019492
2004  8 13     0.03910370
2004  8 14     0.03797535
2004  8 15     0.03679555
2004  8 16     0.03586422
2004  8 17     0.03486518
2004  8 18     0.03360000
2004  8 19     0.03259750
2004  8 20     0.03209508
2004  8 21     0.03139186
2004  8 22     0.02981307
2004  8 23     0.02900393
2004  8 24     0.02833918
2004  8 25     0.02745253
2004  8 26     0.02656489
2004  8 27     0.02570186
2004  8 28     0.02490910
2004  8 29     0.02416776
2004  8 30     0.02345535
2004  8 31     0.02276395
2004  9  1     0.02209292
2004  9  2     0.02144168
2004  9  3     0.02080963
2004  9  4     0.02020045
2004  9  5     0.01960117
2004  9  6     0.01902309
2004  9  7     0.01846234
2004  9  8     0.01791812
2004  9  9     0.01738993
2004  9 10     0.01687732
2004  9 11     0.01637982
2004  9 12     0.01589698
2004  9 13     0.01542838
2004  9 14     0.01497359
2004  9 15     0.01453221
2004  9 16     0.01410383
2004  9 17     0.01368809
2004  9 18     0.01328460
2004  9 19     0.01600524
2004  9 20     0.12530832
2004  9 21     0.08854389
2004  9 22     0.05024911
2004  9 23     0.03116461
2004  9 24     0.02061576
2004  9 25     0.01479635
2004  9 26     0.01166211
2004  9 27     0.01033937
2004  9 28     0.00986283
2004  9 29     0.00955895
2004  9 30     0.00928919
2004 10  1     0.00901365
2004 10  2     0.00873830
2004 10  3     0.00848071
2004 10  4     0.00823602
2004 10  5     0.00799559
2004 10  6     0.00775263
2004 10  7     0.00752410
2004 10  8     0.00730231
2004 10  9     0.01813199
2004 10 10     0.01141710
2004 10 11     0.01419797
2004 10 12     0.01107680
2004 10 13     0.00765052
2004 10 14     0.00648006
2004 10 15     0.00597486
2004 10 16     0.00574907
2004 10 17     0.16281315
2004 10 18     0.64932548
2004 10 19     0.91253316
2004 10 20     1.54578343
2004 10 21     1.00641543
2004 10 22     0.50000109
2004 10 23     0.48161047
2004 10 24     0.73200574
2004 10 25     0.46316781
2004 10 26     1.14946881
2004 10 27     1.01921767
2004 10 28     0.55437370
2004 10 29     0.36439190
2004 10 30     0.22652315
2004 10 31     0.14116494
2004 11  1     0.09359978
2004 11  2     0.08446744
2004 11  3     0.32288626
2004 11  4     0.47661972
2004 11  5     0.25903087
2004 11  6     0.15226996
2004 11  7     0.11085059
2004 11  8     0.08322769
2004 11  9     0.06616287
2004 11 10     0.10708863
2004 11 11     0.46919124
2004 11 12     0.27469479
2004 11 13     0.16715210
2004 11 14     0.12535777
2004 11 15     0.09757330
2004 11 16     0.07882413
2004 11 17     0.06527987
2004 11 18     0.05732116
2004 11 19     0.05247751
2004 11 20     0.04888397
2004 11 21     0.04654801
2004 11 22     0.04461336
2004 11 23     0.04302352
2004 11 24     0.04143185
2004 11 25     0.05754573
2004 11 26     0.30112849
2004 11 27     1.09338224
2004 11 28     0.53249633
2004 11 29     0.28439781
2004 11 30     0.21058171
2004 12  1     0.15792706
2004 12  2     0.12646427
2004 12  3     0.10689810
2004 12  4     0.09401175
2004 12  5     0.08515580
2004 12  6     0.08078191
2004 12  7     2.49554461
2004 12  8     5.89427505
2004 12  9     4.95948385
2004 12 10     2.29424337
2004 12 11     1.45724843
2004 12 12     1.15801020
2004 12 13     0.95509407
2004 12 14     0.81832031
2004 12 15     0.72205080
2004 12 16     0.65355446
2004 12 17     0.60287711
2004 12 18     0.56397011
2004 12 19     0.53283160
2004 12 20     0.50584911
2004 12 21     0.48252864
2004 12 22     0.46159237
2004 12 23     0.44308646
2004 12 24     0.42651951
2004 12 25     0.41176837
2004 12 26     0.39816526
2004 12 27     0.51793819
2004 12 28     1.72894995
2004 12 29     2.72297581
2004 12 30     4.55931611
2004 12 31     6.27743873
2005  1  1     5.27374056
2005  1  2     3.72273071
2005  1  3     3.19517112
2005  1  4     2.12970992
2005  1  5     1.72390293
2005  1  6     1.57035869
2005  1  7     2.05791122
2005  1  8     5.03605739
2005  1  9     4.52637424
2005  1 10     2.95180176
2005  1 11     4.94679053
2005  1 12     3.47461109
2005  1 13     2.28128666
2005  1 14     1.97941545
2005  1 15     1.78557771
2005  1 16     1.81520808
2005  1 17     1.66597037
2005  1 18     1.55141686
2005  1 19     1.45914944
2005  1 20     1.36084110
2005  1 21     1.30368449
2005  1 22     1.24747655
2005  1 23     1.20827508
2005  1 24     1.16975969
2005  1 25     1.30573278
2005  1 26     3.76146440
2005  1 27     4.66037955
2005  1 28     5.12898091
2005  1 29     3.43037970
2005  1 30     2.20884552
2005  1 31     1.97386184
2005  2  1     1.78682096
2005  2  2     1.66715577
2005  2  3     1.56188132
2005  2  4     1.46907926
2005  2  5     1.39276015
2005  2  6     1.33512652
2005  2  7     1.43569750
2005  2  8     1.36412195
2005  2  9     1.24039264
2005  2 10     1.21283751
2005  2 11     1.16859087
2005  2 12     1.14742792
2005  2 13     1.48010746
2005  2 14     2.66312834
2005  2 15     2.31360527
2005  2 16     2.00010960
2005  2 17     2.79023925
2005  2 18     2.12307567
2005  2 19     1.94432741
2005  2 20     4.40646166
2005  2 21     3.50782519
2005  2 22     2.98039401
2005  2 23     3.35261506
2005  2 24     2.36268346
2005  2 25     1.99797462
2005  2 26     1.87918525
2005  2 27     1.74040403
2005  2 28     4.18598168
2005  3  1     3.04829081
2005  3  2     4.90727085
2005  3  3     3.36143575
2005  3  4     2.34114766
2005  3  5     2.18523780
2005  3  6     2.05348344
2005  3  7     1.97568736
2005  3  8     1.94508735
2005  3  9     1.90657883
2005  3 10     1.85576465
2005  3 11     1.80262203
2005  3 12     1.73421237
2005  3 13     1.65691890
2005  3 14     1.55594265
2005  3 15     1.45016597
2005  3 16     1.39189862
2005  3 17     1.36101971
2005  3 18     1.30476684
2005  3 19     1.77038457
2005  3 20     5.74357019
2005  3 21     6.98458289
2005  3 22     9.52399978
2005  3 23     9.01922109
2005  3 24     6.25192230
2005  3 25     4.04500204
2005  3 26     3.21109246
2005  3 27     2.94880263
2005  3 28     8.58656686
2005  3 29     6.93788066
2005  3 30     4.09479091
2005  3 31     3.31884768
2005  4  1     3.00794140
2005  4  2     2.79566076
2005  4  3     3.48924335
2005  4  4     4.72143045
2005  4  5     3.50711351
2005  4  6     3.19133096
2005  4  7     4.24666217
2005  4  8     4.64312315
2005  4  9     5.00295554
2005  4 10     3.74861204
2005  4 11     3.27098495
2005  4 12     2.90336987
2005  4 13     2.56911389
2005  4 14     2.41449685
2005  4 15     2.26943753
2005  4 16     2.20615854
2005  4 17     2.15333456
2005  4 18     2.06649570
2005  4 19     2.00370043
2005  4 20     1.94735124
2005  4 21     1.84434346
2005  4 22     1.80790768
2005  4 23     2.07960751
2005  4 24     2.31408792
2005  4 25     2.12273527
2005  4 26     1.92108062
2005  4 27     1.78896171
2005  4 28     1.76750410
2005  4 29     1.68958116
2005  4 30     1.60376335
2005  5  1     1.59210999
2005  5  2     1.54051601
2005  5  3     1.46735965
2005  5  4     1.45244378
2005  5  5     1.81918378
2005  5  6     2.55975879
2005  5  7     1.92852020
2005  5  8     2.26402118
2005  5  9     8.15849241
2005  5 10     6.87513905
2005  5 11     3.94584006
2005  5 12     2.85065628
2005  5 13     2.45159906
2005  5 14     2.20739504
2005  5 15     2.02243524
2005  5 16     3.18107025
2005  5 17     2.63157364
2005  5 18     6.22860762
2005  5 19    12.24801370
2005  5 20     7.05319239
2005  5 21     3.88033755
2005  5 22     3.29398914
2005  5 23     2.88680686
2005  5 24     2.60198211
2005  5 25     2.39458705
2005  5 26     2.23568839
2005  5 27     2.13385958
2005  5 28     2.02713589
2005  5 29     1.92406154
2005  5 30     1.83988827
2005  5 31     1.76156403
2005  6  1     1.69560634
2005  6  2     1.63407180
2005  6  3     1.57509340
2005  6  4     1.51929068
2005  6  5     1.46927972
2005  6  6     1.42721450
2005  6  7     1.40167205
2005  6  8     1.49936475
2005  6  9     3.01839864
2005  6 10     2.17873161
2005  6 11     1.65912391
2005  6 12     1.53491036
2005  6 13     1.37065008
2005  6 14     1.28056069
2005  6 15     1.21499865
2005  6 16     1.16872699
2005  6 17     2.26241127
2005  6 18     2.03940561
2005  6 19     1.43418465
2005  6 20     1.26028169
2005  6 21     1.17712907
2005  6 22     1.10859258
2005  6 23     1.05393707
2005  6 24     1.00723165
2005  6 25     0.96822196
2005  6 26     0.93365660
2005  6 27     0.90171535
2005  6 28     0.87273757
2005  6 29     0.84461173
2005  6 30     0.81711523
2005  7  1     0.79077997
2005  7  2     0.76647776
2005  7  3     0.74402043
2005  7  4     0.72211544
2005  7  5     0.69988667
2005  7  6     0.67816591
2005  7  7     0.65784876
2005  7  8     0.63946644
2005  7  9     0.62237532
2005  7 10     0.60479384
2005  7 11     0.58667709
2005  7 12     0.56758133
2005  7 13     0.54897276
2005  7 14     0.53121577
2005  7 15     0.51433399
2005  7 16     0.49834754
2005  7 17     0.48279024
2005  7 18     0.46700188
2005  7 19     0.45268253
2005  7 20     0.44061235
2005  7 21     0.42836810
2005  7 22     0.41661398
2005  7 23     0.40626616
2005  7 24     0.39330015
2005  7 25     0.38125972
2005  7 26     0.36924013
2005  7 27     0.35669155
2005  7 28     0.34681575
2005  7 29     0.33698621
2005  7 30     0.32566727
2005  7 31     0.31589926
2005  8  1     0.30840316
2005  8  2     0.30134720
2005  8  3     0.29231101
2005  8  4     0.28009877
2005  8  5     0.26808688
2005  8  6     0.25839418
2005  8  7     0.24981662
2005  8  8     0.24195364
2005  8  9     0.23580140
2005  8 10     0.23057698
2005  8 11     0.22434775
2005  8 12     0.21693421
2005  8 13     0.20999475
2005  8 14     0.20333708
2005  8 15     0.19700126
2005  8 16     0.19231115
2005  8 17     0.18701270
2005  8 18     0.18250363
2005  8 19     0.17858842
2005  8 20     0.17208148
2005  8 21     0.16575279
2005  8 22     0.15955647
2005  8 23     0.15431517
2005  8 24     0.15098406
2005  8 25     0.14749775
2005  8 26     0.14249965
2005  8 27     0.13595265
2005  8 28     0.13149102
2005  8 29     0.12991777
2005  8 30     0.12866020
2005  8 31     0.12372554
2005  9  1     0.11865478
2005  9  2     0.11557784
2005  9  3     0.11326522
2005  9  4     0.11051480
2005  9  5     0.10909469
2005  9  6     0.10585519
2005  9  7     0.10159011
2005  9  8     0.09754892
2005  9  9     0.09568032
2005  9 10     0.19149590
2005  9 11     0.18746330
2005  9 12     0.10320616
2005  9 13     0.09355939
2005  9 14     0.08756560
2005  9 15     0.08420341
2005  9 16     0.08247365
2005  9 17     0.08003318
2005  9 18     0.07886984
2005  9 19     0.07510083
2005  9 20     0.06916167
2005  9 21     0.06425212
2005  9 22     0.06418834
2005  9 23     0.06524526
2005  9 24     0.06717120
2005  9 25     0.06508176
2005  9 26     0.06337505
2005  9 27     0.16655666
2005  9 28     0.12025281
2005  9 29     0.10092940
2005  9 30     0.08095949
2005 10  1     0.06691922
2005 10  2     0.06206874
2005 10  3     0.06522635
2005 10  4     0.07278926
2005 10  5     0.05693584
2005 10  6     0.05488408
2005 10  7     0.04909278
2005 10  8     0.04618767
2005 10  9     0.04559254
2005 10 10     0.04274094
2005 10 11     0.04039587
2005 10 12     0.03875558
2005 10 13     0.03674834
2005 10 14     0.03679967
2005 10 15     0.14739109
2005 10 16     0.11600196
2005 10 17     0.08679608
2005 10 18     0.06494456
2005 10 19     0.05169968
2005 10 20     0.04285558
2005 10 21     0.03617064
2005 10 22     0.03138010
2005 10 23     0.02970878
2005 10 24     0.02815074
2005 10 25     0.03045794
2005 10 26     0.11771230
2005 10 27     0.30779110
2005 10 28     0.33391261
2005 10 29     0.50356900
2005 10 30     0.31841882
2005 10 31     0.20954940
2005 11  1     0.13494284
2005 11  2     0.15459911
2005 11  3     0.27892202
2005 11  4     0.72713799
2005 11  5     0.43110472
2005 11  6     0.25789926
2005 11  7     0.24429273
2005 11  8     1.48529555
2005 11  9     1.01359826
2005 11 10     0.48041900
2005 11 11     0.31132088
2005 11 12     0.20619091
2005 11 13     0.14141841
2005 11 14     0.10241211
2005 11 15     0.07999433
2005 11 16     0.06712160
2005 11 17     0.05807306
2005 11 18     0.05182360
2005 11 19     0.04814820
2005 11 20     0.04499548
2005 11 21     0.04282228
2005 11 22     0.04180614
2005 11 23     0.04069354
2005 11 24     0.04338718
2005 11 25     0.22343012
2005 11 26     0.47251701
2005 11 27     0.30538277
2005 11 28     0.22242359
2005 11 29     0.81776832
2005 11 30     0.90238355
2005 12  1     3.84355578
2005 12  2     6.00657734
2005 12  3     2.72794743
2005 12  4     1.34853006
2005 12  5     1.04493092
2005 12  6     0.83861102
2005 12  7     0.70217626
2005 12  8     0.67224469
2005 12  9     0.58209981
2005 12 10     0.51268847
2005 12 11     0.47673538
2005 12 12     0.44675903
2005 12 13     0.42197702
2005 12 14     0.40114030
2005 12 15     0.38330311
2005 12 16     0.36756872
2005 12 17     0.36337264
2005 12 18     2.46801266
2005 12 19     6.80988639
2005 12 20     4.02427377
2005 12 21     4.82789417
2005 12 22     9.19096800
2005 12 23     9.28978276
2005 12 24     4.79363141
2005 12 25     3.78287731
2005 12 26    10.41762221
2005 12 27     8.24617464
2005 12 28    13.93722188
2005 12 29    12.50115877
2005 12 30     9.97049649
2005 12 31    28.38731175
2006  1  1    22.74534103
2006  1  2    16.54811778
2006  1  3    11.48549507
2006  1  4     8.82168050
2006  1  5     6.69880309
2006  1  6     5.59334461
2006  1  7     5.36642707
2006  1  8     5.11517233
2006  1  9     4.56417592
2006  1 10     4.21179968
2006  1 11     4.97115494
2006  1 12     4.73583886
2006  1 13     4.11155872
2006  1 14     6.55177784
2006  1 15     6.66323764
2006  1 16     4.57548430
2006  1 17     4.21419881
2006  1 18     8.60812395
2006  1 19     6.91062868
2006  1 20     4.41023453
2006  1 21     4.08358327
2006  1 22     3.71175350
2006  1 23     3.48533492
2006  1 24     3.30266899
2006  1 25     3.32233824
2006  1 26     3.57009942
2006  1 27     3.45000036
2006  1 28     3.76543936
2006  1 29     5.26113901
2006  1 30     5.20308917
2006  1 31     6.01461769
2006  2  1     5.07933838
2006  2  2     7.34205297
2006  2  3     5.32641377
2006  2  4     6.37743261
2006  2  5     5.19849519
2006  2  6     3.70304160
2006  2  7     3.43803590
2006  2  8     3.25320529
2006  2  9     3.11772443
2006  2 10     3.00641684
2006  2 11     2.89716814
2006  2 12     2.78476906
2006  2 13     2.71469668
2006  2 14     2.64010677
2006  2 15     2.49045249
2006  2 16     2.34984835
2006  2 17     2.26829945
2006  2 18     2.26846400
2006  2 19     2.15764882
2006  2 20     2.08896663
2006  2 21     2.02347104
2006  2 22     1.97528787
2006  2 23     1.96130665
2006  2 24     2.01202187
2006  2 25     2.01629330
2006  2 26     2.37448598
2006  2 27    12.21241624
2006  2 28    24.52361012
2006  3  1    15.98152807
2006  3  2     7.22248352
2006  3  3     5.87048369
2006  3  4     5.08695785
2006  3  5     4.35289614
2006  3  6     8.88302649
2006  3  7     8.26226255
2006  3  8     5.76144597
2006  3  9     4.96305905
2006  3 10     4.26423972
2006  3 11     3.79568846
2006  3 12     3.50337719
2006  3 13     3.36199263
2006  3 14     4.45654619
2006  3 15     4.19079808
2006  3 16     3.92840216
2006  3 17     6.38329405
2006  3 18     5.05221138
2006  3 19     3.70341646
2006  3 20     3.33173436
2006  3 21     3.56278148
2006  3 22     3.13801462
2006  3 23     3.34983357
2006  3 24     4.97142144
2006  3 25    13.92805325
2006  3 26    10.91782148
2006  3 27     6.08513737
2006  3 28     8.80107252
2006  3 29     8.03097898
2006  3 30     5.52706131
2006  3 31     6.29850975
2006  4  1     8.62782157
2006  4  2     6.69161326
2006  4  3    15.24345605
2006  4  4    16.11709821
2006  4  5    11.00976366
2006  4  6     7.60831831
2006  4  7     6.59503750
2006  4  8     8.60590578
2006  4  9     6.86301548
2006  4 10     6.56542845
2006  4 11     7.99933297
2006  4 12    13.31972163
2006  4 13    10.78295354
2006  4 14     7.53289492
2006  4 15     7.15965378
2006  4 16    13.60825579
2006  4 17    11.80068333
2006  4 18     7.30620419
2006  4 19     6.27714669
2006  4 20     6.81834644
2006  4 21     6.76601789
2006  4 22     7.22685115
2006  4 23     7.35225443
2006  4 24     6.82114498
2006  4 25     6.12395965
2006  4 26     6.24223389
2006  4 27     6.41895082
2006  4 28     5.93830530
2006  4 29     5.68461808
2006  4 30     5.43680336
2006  5  1     5.17746163
2006  5  2     4.98058996
2006  5  3     4.76415613
2006  5  4     4.56215795
2006  5  5     4.32443121
2006  5  6     4.17110237
2006  5  7     4.02246457
2006  5  8     3.87108180
2006  5  9     3.74665815
2006  5 10     3.60242405
2006  5 11     3.49004815
2006  5 12     3.38336122
2006  5 13     3.28810457
2006  5 14     3.19126622
2006  5 15     3.12172689
2006  5 16     3.03970255
2006  5 17     2.91803609
2006  5 18     2.80368731
2006  5 19     2.68479955
2006  5 20     2.70419156
2006  5 21     2.65370072
2006  5 22     2.88122922
2006  5 23     2.72012612
2006  5 24     2.46291128
2006  5 25     2.33041858
2006  5 26     2.22649474
2006  5 27     2.37541288
2006  5 28     2.25687557
2006  5 29     2.08648459
2006  5 30     1.97839906
2006  5 31     1.89069627
2006  6  1     1.81838504
2006  6  2     1.75446136
2006  6  3     1.69414966
2006  6  4     1.63792752
2006  6  5     1.58824336
2006  6  6     1.53758428
2006  6  7     1.48699823
2006  6  8     1.44699885
2006  6  9     1.41486782
2006  6 10     1.37543392
2006  6 11     1.33202901
2006  6 12     1.28887836
2006  6 13     1.26754336
2006  6 14     1.33958289
2006  6 15     1.25225088
2006  6 16     1.18892309
2006  6 17     1.13477877
2006  6 18     1.08976865
2006  6 19     1.05318670
2006  6 20     1.01898759
2006  6 21     0.98595394
2006  6 22     0.95513253
2006  6 23     0.92414532
2006  6 24     0.89499332
2006  6 25     0.86408004
2006  6 26     0.83302722
2006  6 27     0.81066460
2006  6 28     0.79653011
2006  6 29     0.78092670
2006  6 30     0.75317447
2006  7  1     0.72368297
2006  7  2     0.70141159
2006  7  3     0.68107543
2006  7  4     0.66066721
2006  7  5     0.64329251
2006  7  6     0.62762040
2006  7  7     0.60934482
2006  7  8     0.58534720
2006  7  9     0.57041729
2006  7 10     0.55287964
2006  7 11     0.53564457
2006  7 12     0.52337019
2006  7 13     0.50853728
2006  7 14     0.49045457
2006  7 15     0.47412042
2006  7 16     0.45659681
2006  7 17     0.43912783
2006  7 18     0.42187531
2006  7 19     0.40802713
2006  7 20     0.39385182
2006  7 21     0.37913222
2006  7 22     0.36761475
2006  7 23     0.35380492
2006  7 24     0.34087449
2006  7 25     0.33082450
2006  7 26     0.32266159
2006  7 27     0.31424957
2006  7 28     0.30904989
2006  7 29     0.30580444
2006  7 30     0.30021083
2006  7 31     0.29387738
2006  8  1     0.28773937
2006  8  2     0.27719336
2006  8  3     0.26492602
2006  8  4     0.25394945
2006  8  5     0.24297261
2006  8  6     0.23597190
2006  8  7     0.23085806
2006  8  8     0.22917917
2006  8  9     0.22058278
2006  8 10     0.21054412
2006  8 11     0.20441813
2006  8 12     0.20129906
2006  8 13     0.19358881
2006  8 14     0.18646811
2006  8 15     0.18284866
2006  8 16     0.18066519
2006  8 17     0.17709826
2006  8 18     0.16846864
2006  8 19     0.15960607
2006  8 20     0.15414668
2006  8 21     0.15050232
2006  8 22     0.14651921
2006  8 23     0.14165388
2006  8 24     0.13882958
2006  8 25     0.13513832
2006  8 26     0.12900731
2006  8 27     0.12359220
2006  8 28     0.11840260
2006  8 29     0.11603645
2006  8 30     0.11446765
2006  8 31     0.11082867
2006  9  1     0.10592143
2006  9  2     0.10081150
2006  9  3     0.09711360
2006  9  4     0.09454855
2006  9  5     0.09140792
2006  9  6     0.08864688
2006  9  7     0.08523971
2006  9  8     0.08325355
2006  9  9     0.08387159
2006  9 10     0.08201765
2006  9 11     0.07660740
2006  9 12     0.07235900
2006  9 13     0.06994544
2006  9 14     0.06968333
2006  9 15     0.07509796
2006  9 16     0.07866985
2006  9 17     0.07372677
2006  9 18     0.06655839
2006  9 19     0.06319770
2006  9 20     0.06417871
2006  9 21     0.06167277
2006  9 22     0.05917128
2006  9 23     0.05895869
2006  9 24     0.05698931
2006  9 25     0.05325803
2006  9 26     0.05009309
2006  9 27     0.04738671
2006  9 28     0.04545089
2006  9 29     0.04389405
2006  9 30     0.04330309
2006 10  1     0.04487533
2006 10  2     0.04785185
2006 10  3     0.04812232
2006 10  4     0.04775255
2006 10  5     0.09276258
2006 10  6     0.09849239
2006 10  7     0.09912756
2006 10  8     0.07480844
2006 10  9     0.04879869
2006 10 10     0.04203635
2006 10 11     0.03776431
2006 10 12     0.03403653
2006 10 13     0.03195968
2006 10 14     0.03158660
2006 10 15     0.03100948
2006 10 16     0.03187378
2006 10 17     0.05195852
2006 10 18     0.03894429
2006 10 19     0.03853238
2006 10 20     0.03069904
2006 10 21     0.02626377
2006 10 22     0.02498641
2006 10 23     0.02389923
2006 10 24     0.02340662
2006 10 25     0.02537328
2006 10 26     0.02619512
2006 10 27     0.02459568
2006 10 28     0.02309904
2006 10 29     0.02236274
2006 10 30     0.02305918
2006 10 31     0.02359643
2006 11  1     0.02527040
2006 11  2     0.18584482
2006 11  3     0.52969902
2006 11  4     0.38184572
2006 11  5     0.19870956
2006 11  6     0.12276228
2006 11  7     0.07905547
2006 11  8     0.10389494
2006 11  9     0.09969961
2006 11 10     0.07936705
2006 11 11     0.19946302
2006 11 12     0.18580184
2006 11 13     0.49248347
2006 11 14     0.75807605
2006 11 15     0.44473585
2006 11 16     0.32492572
2006 11 17     0.23923548
2006 11 18     0.15469296
2006 11 19     0.10470428
2006 11 20     0.07411776
2006 11 21     0.22480483
2006 11 22     0.21200013
2006 11 23     0.25154975
2006 11 24     0.16646457
2006 11 25     0.11057214
2006 11 26     0.12269898
2006 11 27     0.68684425
2006 11 28     0.45729080
2006 11 29     0.27867984
2006 11 30     0.18326635
2006 12  1     0.11654605
2006 12  2     0.07796542
2006 12  3     0.05575987
2006 12  4     0.04239116
2006 12  5     0.03331467
2006 12  6     0.02732745
2006 12  7     0.02305844
2006 12  8     0.02836576
2006 12  9     0.61481462
2006 12 10     1.69959829
2006 12 11     1.23042184
2006 12 12     2.23885147
2006 12 13     2.19834525
2006 12 14     1.81653223
2006 12 15     1.82590762
2006 12 16     1.12597032
2006 12 17     0.75687795
2006 12 18     0.59332880
2006 12 19     0.48598730
2006 12 20     0.41753648
2006 12 21     0.65737999
2006 12 22     1.61919961
2006 12 23     0.92127558
2006 12 24     0.61580476
2006 12 25     0.52872643
2006 12 26     0.68560348
2006 12 27     5.08186837
2006 12 28     2.90714048
2006 12 29     1.31182576
2006 12 30     1.07556017
2006 12 31     0.91406070
2007  1  1     0.79984969
2007  1  2     0.71996916
2007  1  3     0.66413625
2007  1  4     2.07462760
2007  1  5     1.40180715
2007  1  6     0.92693912
2007  1  7     0.82797957
2007  1  8     0.75159667
2007  1  9     0.69325243
2007  1 10     0.64470956
2007  1 11     0.60774110
2007  1 12     0.57815376
2007  1 13     0.55295477
2007  1 14     0.53022173
2007  1 15     0.50958570
2007  1 16     0.49101051
2007  1 17     0.47352654
2007  1 18     0.45729659
2007  1 19     0.44239296
2007  1 20     0.42817348
2007  1 21     0.41473201
2007  1 22     0.40204184
2007  1 23     0.38982966
2007  1 24     0.37773876
2007  1 25     0.36625813
2007  1 26     0.35539994
2007  1 27     0.34488858
2007  1 28     0.33474724
2007  1 29     0.32507760
2007  1 30     0.31580642
2007  1 31     0.30686879
2007  2  1     0.29824916
2007  2  2     0.28979618
2007  2  3     0.28150112
2007  2  4     0.27389126
2007  2  5     0.26797977
2007  2  6     0.26197202
2007  2  7     0.30227860
2007  2  8     1.58862897
2007  2  9     5.62564729
2007  2 10     8.41458985
2007  2 11     8.94031779
2007  2 12     4.88748411
2007  2 13     2.87687260
2007  2 14     2.24713887
2007  2 15     1.93280879
2007  2 16     1.70209712
2007  2 17     1.53434808
2007  2 18     1.41178900
2007  2 19     1.31523382
2007  2 20     1.23600734
2007  2 21     1.27130672
2007  2 22     3.59302930
2007  2 23     2.68877627
2007  2 24     1.75846627
2007  2 25     4.23614552
2007  2 26     4.22571472
2007  2 27     3.03037383
2007  2 28     2.64241460
2007  3  1     2.03957762
2007  3  2     1.76003156
2007  3  3     1.80300408
2007  3  4     1.85628301
2007  3  5     1.96648525
2007  3  6     2.07115685
2007  3  7     2.20833044
2007  3  8     2.27651448
2007  3  9     2.21934935
2007  3 10     2.11514220
2007  3 11     2.22615557
2007  3 12     2.35690935
2007  3 13     2.36512566
2007  3 14     2.29777813
2007  3 15     2.17365423
2007  3 16     2.06180138
2007  3 17     1.94535101
2007  3 18     1.77316777
2007  3 19     1.64237808
2007  3 20     1.57775472
2007  3 21     1.51213837
2007  3 22     1.41090011
2007  3 23     1.33677142
2007  3 24     1.28240272
2007  3 25     1.23141148
2007  3 26     1.42622069
2007  3 27     2.99040609
2007  3 28     2.00058994
2007  3 29     1.54733023
2007  3 30     1.55505850
2007  3 31     1.43885519
2007  4  1     1.26379379
2007  4  2     1.17858074
2007  4  3     1.11928714
2007  4  4     1.07172130
2007  4  5     1.03063136
2007  4  6     0.99325453
2007  4  7     0.96069089
2007  4  8     0.92928124
2007  4  9     0.89845648
2007  4 10     0.87346108
2007  4 11     0.91010496
2007  4 12     1.23173123
2007  4 13     1.02576996
2007  4 14     1.29852774
2007  4 15     1.49988093
2007  4 16     1.10699720
2007  4 17     0.98297392
2007  4 18     1.33907446
2007  4 19     1.05760815
2007  4 20     0.94589571
2007  4 21     0.98223275
2007  4 22     4.21438923
2007  4 23     3.20839778
2007  4 24     1.89324604
2007  4 25     1.46919391
2007  4 26     1.28598709
2007  4 27     1.15495389
2007  4 28     1.06194226
2007  4 29     0.99167403
2007  4 30     0.93615376
2007  5  1     0.90656160
2007  5  2     1.87755954
2007  5  3     2.02715786
2007  5  4     1.78415689
2007  5  5     1.38996812
2007  5  6     1.13470126
2007  5  7     1.03979613
2007  5  8     0.96025692
2007  5  9     0.89701866
2007  5 10     0.84739523
2007  5 11     0.80712719
2007  5 12     0.77319428
2007  5 13     0.74363049
2007  5 14     0.71631316
2007  5 15     0.69112159
2007  5 16     0.66781637
2007  5 17     0.64630571
2007  5 18     0.62598678
2007  5 19     0.60633359
2007  5 20     0.58758648
2007  5 21     0.57015194
2007  5 22     0.55361585
2007  5 23     0.53710982
2007  5 24     0.52063082
2007  5 25     0.50444138
2007  5 26     0.48887158
2007  5 27     0.47442724
2007  5 28     0.46084512
2007  5 29     0.44688494
2007  5 30     0.43254656
2007  5 31     0.42046701
2007  6  1     0.40868016
2007  6  2     0.39458793
2007  6  3     0.38405061
2007  6  4     0.37503633
2007  6  5     0.41583402
2007  6  6     0.60501488
2007  6  7     0.50950274
2007  6  8     0.41314308
2007  6  9     0.37329979
2007  6 10     0.34344364
2007  6 11     0.32231420
2007  6 12     0.30586784
2007  6 13     0.29115775
2007  6 14     0.27885987
2007  6 15     0.26893350
2007  6 16     0.26100256
2007  6 17     0.25445068
2007  6 18     0.24672385
2007  6 19     0.23872814
2007  6 20     0.23208346
2007  6 21     0.22584567
2007  6 22     0.21905639
2007  6 23     0.21323195
2007  6 24     0.20854879
2007  6 25     0.20177448
2007  6 26     0.19455875
2007  6 27     0.18811393
2007  6 28     0.18294281
2007  6 29     0.17816231
2007  6 30     0.17337754
2007  7  1     0.16743596
2007  7  2     0.16153047
2007  7  3     0.15479580
2007  7  4     0.14698474
2007  7  5     0.14034612
2007  7  6     0.13452618
2007  7  7     0.13218310
2007  7  8     0.12903598
2007  7  9     0.12490257
2007  7 10     0.12071930
2007  7 11     0.11722439
2007  7 12     0.11566879
2007  7 13     0.11212609
2007  7 14     0.10867684
2007  7 15     0.10466532
2007  7 16     0.10117083
2007  7 17     0.09932571
2007  7 18     0.30487189
2007  7 19     0.52617806
2007  7 20     0.34664512
2007  7 21     0.21362747
2007  7 22     0.15888326
2007  7 23     0.12312990
2007  7 24     0.10006359
2007  7 25     0.08720606
2007  7 26     0.07928804
2007  7 27     0.07353259
2007  7 28     0.06991403
2007  7 29     0.06730365
2007  7 30     0.06505913
2007  7 31     0.06266605
2007  8  1     0.05998332
2007  8  2     0.05737260
2007  8  3     0.05561173
2007  8  4     0.05408578
2007  8  5     0.05290660
2007  8  6     0.05355856
2007  8  7     0.05279638
2007  8  8     0.05039715
2007  8  9     0.04828304
2007  8 10     0.04598525
2007  8 11     0.04451063
2007  8 12     0.04339081
2007  8 13     0.04165032
2007  8 14     0.03979672
2007  8 15     0.03845505
2007  8 16     0.03732264
2007  8 17     0.03637795
2007  8 18     0.03550868
2007  8 19     0.03427066
2007  8 20     0.03312247
2007  8 21     0.03212546
2007  8 22     0.03117819
2007  8 23     0.03025926
2007  8 24     0.02936710
2007  8 25     0.02850119
2007  8 26     0.02766105
2007  8 27     0.02684567
2007  8 28     0.02605449
2007  8 29     0.02528657
2007  8 30     0.02454101
2007  8 31     0.02445794
2007  9  1     0.02427686
2007  9  2     0.02289323
2007  9  3     0.02177274
2007  9  4     0.02113092
2007  9  5     0.02050809
2007  9  6     0.01990356
2007  9  7     0.01931680
2007  9  8     0.01874739
2007  9  9     0.01819476
2007  9 10     0.01765847
2007  9 11     0.01713793
2007  9 12     0.01663271
2007  9 13     0.01614242
2007  9 14     0.01574200
2007  9 15     0.01522250
2007  9 16     0.01475657
2007  9 17     0.01432159
2007  9 18     0.01389942
2007  9 19     0.01348970
2007  9 20     0.09838390
2007  9 21     0.04949989
2007  9 22     0.04949619
2007  9 23     0.23003477
2007  9 24     0.24859024
2007  9 25     0.15960553
2007  9 26     0.09994486
2007  9 27     0.06135552
2007  9 28     0.04170168
2007  9 29     0.07166752
2007  9 30     0.07910448
2007 10  1     0.11566061
2007 10  2     0.06412367
2007 10  3     0.03789921
2007 10  4     0.02917392
2007 10  5     0.23430889
2007 10  6     0.19539988
2007 10  7     0.09408465
2007 10  8     0.05832039
2007 10  9     0.03975503
2007 10 10     0.41948083
2007 10 11     0.35423767
2007 10 12     0.19226544
2007 10 13     0.13074937
2007 10 14     0.08200147
2007 10 15     0.05104870
2007 10 16     0.09009831
2007 10 17     0.22708999
2007 10 18     0.19085030
2007 10 19     0.24496784
2007 10 20     0.47542634
2007 10 21     0.32082759
2007 10 22     0.17625761
2007 10 23     0.11066709
2007 10 24     0.06728914
2007 10 25     0.04192392
2007 10 26     0.02768112
2007 10 27     0.01897715
2007 10 28     0.01349849
2007 10 29     0.02341002
2007 10 30     0.08133751
2007 10 31     0.06688551
2007 11  1     0.01803394
2007 11  2     0.01135464
2007 11  3     0.00873200
2007 11  4     0.00746632
2007 11  5     0.00694641
2007 11  6     0.00645352
2007 11  7     0.00608713
2007 11  8     0.00589466
2007 11  9     0.00585632
2007 11 10     0.01780746
2007 11 11     0.52741289
2007 11 12     0.36532044
2007 11 13     0.19879972
2007 11 14     0.12231654
2007 11 15     0.07210028
2007 11 16     0.04616398
2007 11 17     0.03065403
2007 11 18     0.02118322
2007 11 19     0.03554145
2007 11 20     0.08307295
2007 11 21     0.05346421
2007 11 22     0.05177429
2007 11 23     0.03840254
2007 11 24     0.02689530
2007 11 25     0.02007109
2007 11 26     0.01562837
2007 11 27     0.01466305
2007 11 28     0.01287266
2007 11 29     0.01103936
2007 11 30     0.01067885
2007 12  1     0.01108307
2007 12  2     0.01035082
2007 12  3     0.01434159
2007 12  4     0.52556893
2007 12  5     0.37417793
2007 12  6     0.29393171
2007 12  7     0.74893065
2007 12  8     0.48182102
2007 12  9     0.27291743
2007 12 10     0.17836345
2007 12 11     0.11627229
2007 12 12     0.07994405
2007 12 13     0.05867021
2007 12 14     0.04530478
2007 12 15     0.03665063
2007 12 16     0.03622271
2007 12 17     0.45376635
2007 12 18     1.14413201
2007 12 19     2.02136386
2007 12 20     2.95369655
2007 12 21     1.40382423
2007 12 22     0.80381859
2007 12 23     0.58005602
2007 12 24     0.46012516
2007 12 25     0.35525154
2007 12 26     0.29227948
2007 12 27     0.25254924
2007 12 28     0.25234484
2007 12 29     0.29277119
2007 12 30     0.52886699
2007 12 31     0.34746683
2008  1  1     0.30132637
2008  1  2     0.26399412
2008  1  3     0.47684428
2008  1  4     4.87241075
2008  1  5     7.72550046
2008  1  6     3.85906716
2008  1  7     2.06078536
2008  1  8     1.68530529
2008  1  9     2.19251729
2008  1 10     1.90357241
2008  1 11     1.76446004
2008  1 12     1.47606645
2008  1 13     1.13382547
2008  1 14     0.99578601
2008  1 15     0.90536900
2008  1 16     0.83543961
2008  1 17     0.77992635
2008  1 18     0.74239119
2008  1 19     0.70572320
2008  1 20     0.68584554
2008  1 21     0.70534640
2008  1 22     0.74567688
2008  1 23     0.69159989
2008  1 24     0.85731736
2008  1 25     1.07349953
2008  1 26     3.39808197
2008  1 27     3.62168087
2008  1 28     3.16176547
2008  1 29     1.94004545
2008  1 30     1.67194937
2008  1 31     1.45107250
2008  2  1     2.12482262
2008  2  2     1.49311492
2008  2  3     3.39086695
2008  2  4     2.00739105
2008  2  5     1.44047765
2008  2  6     1.25854200
2008  2  7     1.15040116
2008  2  8     1.07474111
2008  2  9     1.04064151
2008  2 10     1.06538051
2008  2 11     1.14158185
2008  2 12     1.18012246
2008  2 13     1.19310060
2008  2 14     1.03850978
2008  2 15     0.97505049
2008  2 16     0.98771872
2008  2 17     1.02720762
2008  2 18     1.07017190
2008  2 19     1.07846214
2008  2 20     1.68124204
2008  2 21     1.56607870
2008  2 22     3.65639119
2008  2 23     2.77607143
2008  2 24     5.76198879
2008  2 25     7.03729325
2008  2 26     3.91640307
2008  2 27     2.75374658
2008  2 28     2.58039278
2008  2 29     2.47212791
2008  3  1     2.28742951
2008  3  2     1.88860063
2008  3  3     1.74329462
2008  3  4     1.74539832
2008  3  5     1.67903457
2008  3  6     1.52270544
2008  3  7     1.49900248
2008  3  8     1.60459116
2008  3  9     1.69086773
2008  3 10     1.84355166
2008  3 11     1.99315385
2008  3 12     2.09332613
2008  3 13     2.80106965
2008  3 14     2.64657180
2008  3 15     2.05588589
2008  3 16     1.63347356
2008  3 17     1.68817168
2008  3 18     1.92311662
2008  3 19     1.96005616
2008  3 20     2.19738342
2008  3 21     1.84721733
2008  3 22     1.70772544
2008  3 23     1.84592648
2008  3 24     1.93193724
2008  3 25     2.02650739
2008  3 26     1.87983559
2008  3 27     1.55261780
2008  3 28     1.38075385
2008  3 29     1.70392227
2008  3 30     1.52979375
2008  3 31     1.32727041
2008  4  1     1.26604886
2008  4  2     1.24462366
2008  4  3     1.29735796
2008  4  4     1.39970852
2008  4  5     1.34270682
2008  4  6     1.30440632
2008  4  7     1.27159119
2008  4  8     1.19452083
2008  4  9     1.10624148
2008  4 10     1.13511407
2008  4 11     1.30657970
2008  4 12     1.47383056
2008  4 13     1.67319174
2008  4 14     1.83433296
2008  4 15     1.59578459
2008  4 16     1.32873825
2008  4 17     1.32231855
2008  4 18     1.45081539
2008  4 19     1.45240007
2008  4 20     1.24778029
2008  4 21     1.11165436
2008  4 22     1.10592710
2008  4 23     1.47744573
2008  4 24     1.50412877
2008  4 25     1.29218634
2008  4 26     1.34587973
2008  4 27     1.47880066
2008  4 28     1.48021353
2008  4 29     1.40409321
2008  4 30     1.24384162
2008  5  1     1.10770223
2008  5  2     1.11765450
2008  5  3     1.13463146
2008  5  4     1.13685605
2008  5  5     1.15068950
2008  5  6     1.17255858
2008  5  7     1.17824873
2008  5  8     1.12363799
2008  5  9     1.06281156
2008  5 10     1.03798933
2008  5 11     1.02289715
2008  5 12     0.99887559
2008  5 13     0.95073452
2008  5 14     0.94743052
2008  5 15     0.96769511
2008  5 16     0.95667579
2008  5 17     0.91080469
2008  5 18     0.85644583
2008  5 19     0.82434446
2008  5 20     0.80559597
2008  5 21     0.78945006
2008  5 22     0.75463398
2008  5 23     0.73232553
2008  5 24     0.88600980
2008  5 25     0.89622638
2008  5 26     0.80137081
2008  5 27     0.73987286
2008  5 28     0.66788571
2008  5 29     0.63229674
2008  5 30     0.60001761
2008  5 31     0.58265151
2008  6  1     0.56197421
2008  6  2     0.53560146
2008  6  3     0.51914858
2008  6  4     0.50443304
2008  6  5     0.48849951
2008  6  6     0.47359458
2008  6  7     0.46002221
2008  6  8     0.44659072
2008  6  9     0.43382888
2008  6 10     0.42151068
2008  6 11     0.40850030
2008  6 12     0.39326800
2008  6 13     0.37923630
2008  6 14     0.36595674
2008  6 15     0.35407299
2008  6 16     0.34410875
2008  6 17     0.33337205
2008  6 18     0.32337947
2008  6 19     0.31398422
2008  6 20     0.30354001
2008  6 21     0.29158252
2008  6 22     0.28671020
2008  6 23     0.27735537
2008  6 24     0.26832392
2008  6 25     0.25947540
2008  6 26     0.25083684
2008  6 27     0.24103772
2008  6 28     0.23169193
2008  6 29     0.22553104
2008  6 30     0.21979503
2008  7  1     0.21268095
2008  7  2     0.20578594
2008  7  3     0.19897068
2008  7  4     0.19288557
2008  7  5     0.18804833
2008  7  6     0.18080889
2008  7  7     0.17170818
2008  7  8     0.16353623
2008  7  9     0.15786707
2008  7 10     0.15332258
2008  7 11     0.14920806
2008  7 12     0.14529650
2008  7 13     0.14117643
2008  7 14     0.13663012
2008  7 15     0.13263419
2008  7 16     0.12901061
2008  7 17     0.12578191
2008  7 18     0.12183010
2008  7 19     0.11717709
2008  7 20     0.11325645
2008  7 21     0.10969906
2008  7 22     0.10727589
2008  7 23     0.10365693
2008  7 24     0.10011951
2008  7 25     0.09690637
2008  7 26     0.09390090
2008  7 27     0.09112534
2008  7 28     0.08837164
2008  7 29     0.08563061
2008  7 30     0.08313639
2008  7 31     0.08063526
2008  8  1     0.07820472
2008  8  2     0.07587501
2008  8  3     0.07362971
2008  8  4     0.07144562
2008  8  5     0.06933140
2008  8  6     0.06729522
2008  8  7     0.06531546
2008  8  8     0.06337789
2008  8  9     0.06151862
2008  8 10     0.05970084
2008  8 11     0.05793736
2008  8 12     0.05622894
2008  8 13     0.05457145
2008  8 14     0.05296282
2008  8 15     0.05140163
2008  8 16     0.04988644
2008  8 17     0.04841587
2008  8 18     0.04698870
2008  8 19     0.04560359
2008  8 20     0.04425931
2008  8 21     0.04295465
2008  8 22     0.04168845
2008  8 23     0.04045958
2008  8 24     0.03926693
2008  8 25     0.03810944
2008  8 26     0.03698607
2008  8 27     0.03589581
2008  8 28     0.03483769
2008  8 29     0.03381077
2008  8 30     0.03281411
2008  8 31     0.03184683
2008  9  1     0.03090806
2008  9  2     0.02999697
2008  9  3     0.02911274
2008  9  4     0.02825456
2008  9  5     0.02742169
2008  9  6     0.02661337
2008  9  7     0.02582887
2008  9  8     0.02506750
2008  9  9     0.02432857
2008  9 10     0.02361143
2008  9 11     0.02291542
2008  9 12     0.02223993
2008  9 13     0.02158435
2008  9 14     0.02094810
2008  9 15     0.02033060
2008  9 16     0.01973131
2008  9 17     0.01914968
2008  9 18     0.01858519
2008  9 19     0.01803735
2008  9 20     0.01750565
2008  9 21     0.01698963
2008  9 22     0.01648882
2008  9 23     0.01600277
2008  9 24     0.01553104
2008  9 25     0.01507323
2008  9 26     0.01462891
2008  9 27     0.01419768
2008  9 28     0.01377917
2008  9 29     0.01337299
2008  9 30     0.01297879
2008 10  1     0.01259621
2008 10  2     0.01222490
2008 10  3     0.02444878
2008 10  4     0.88435049
2008 10  5     0.66376947
2008 10  6     0.33876093
2008 10  7     0.20273794
2008 10  8     0.11898307
2008 10  9     0.07322126
2008 10 10     0.04797706
2008 10 11     0.03214631
2008 10 12     0.02207159
2008 10 13     0.01412096
2008 10 14     0.00971843
2008 10 15     0.00840073
2008 10 16     0.00804244
2008 10 17     0.00780422
2008 10 18     0.00757417
2008 10 19     0.00735090
2008 10 20     0.00713422
2008 10 21     0.00692392
2008 10 22     0.00671982
2008 10 23     0.00652173
2008 10 24     0.00632949
2008 10 25     0.00614291
2008 10 26     0.00596183
2008 10 27     0.00578609
2008 10 28     0.00561553
2008 10 29     0.00545000
2008 10 30     0.00998104
2008 10 31     0.43727786
2008 11  1     0.96338974
2008 11  2     2.11022458
2008 11  3     1.51466633
2008 11  4     1.48295680
2008 11  5     0.88545896
2008 11  6     0.46117006
2008 11  7     0.29254612
2008 11  8     0.18810098
2008 11  9     0.27280246
2008 11 10     0.17650595
2008 11 11     0.11553927
2008 11 12     0.08846625
2008 11 13     0.06634044
2008 11 14     0.05243711
2008 11 15     0.04382206
2008 11 16     0.03900351
2008 11 17     0.03588492
2008 11 18     0.03390350
2008 11 19     0.03276261
2008 11 20     0.03178160
2008 11 21     0.03187457
2008 11 22     0.03000039
2008 11 23     0.02885361
2008 11 24     0.02786622
2008 11 25     0.02685987
2008 11 26     0.02603359
2008 11 27     0.03695019
2008 11 28     0.02930492
2008 11 29     0.02736441
2008 11 30     0.02473361
2008 12  1     0.02301590
2008 12  2     0.02213424
2008 12  3     0.02154888
2008 12  4     0.02093498
2008 12  5     0.02035072
2008 12  6     0.01980308
2008 12  7     0.01927124
2008 12  8     0.01876936
2008 12  9     0.01831487
2008 12 10     0.01779289
2008 12 11     0.01726006
2008 12 12     0.01709590
2008 12 13     0.02982982
2008 12 14     0.02639700
2008 12 15     0.27020230
2008 12 16     0.20430580
2008 12 17     0.13686347
2008 12 18     0.09138271
2008 12 19     0.32467863
2008 12 20     0.19512402
2008 12 21     0.56017214
2008 12 22     1.40303602
2008 12 23     0.74340490
2008 12 24     0.77219587
2008 12 25     3.69647036
2008 12 26     1.78859764
2008 12 27     0.89469601
2008 12 28     0.77039244
2008 12 29     0.68681587
2008 12 30     0.49651344
2008 12 31     0.40570779
2009  1  1     0.36144769
2009  1  2     1.04573507
2009  1  3     0.97213479
2009  1  4     0.58885809
2009  1  5     0.49469772
2009  1  6     0.57621102
2009  1  7     0.44289482
2009  1  8     0.39988683
2009  1  9     0.36850127
2009  1 10     0.33907739
2009  1 11     0.32771059
2009  1 12     0.33595019
2009  1 13     0.33201822
2009  1 14     0.32494332
2009  1 15     0.32507662
2009  1 16     0.32921753
2009  1 17     0.32429112
2009  1 18     0.31819676
2009  1 19     0.30421034
2009  1 20     0.29787818
2009  1 21     0.39356515
2009  1 22     1.61702457
2009  1 23     1.49845824
2009  1 24     2.71902358
2009  1 25     3.81276540
2009  1 26     2.06300959
2009  1 27     1.22881411
2009  1 28     1.03092615
2009  1 29     0.89952466
2009  1 30     0.82186229
2009  1 31     0.76519115
2009  2  1     0.70965585
2009  2  2     0.67070976
2009  2  3     0.65016277
2009  2  4     0.63384649
2009  2  5     0.66273607
2009  2  6     1.84647189
2009  2  7     1.32011061
2009  2  8     0.91275301
2009  2  9     1.48793160
2009  2 10     1.05252501
2009  2 11     1.54019729
2009  2 12     1.16038813
2009  2 13     1.34237094
2009  2 14     1.21528969
2009  2 15     1.40177031
2009  2 16     2.50159473
2009  2 17     2.82119413
2009  2 18     3.03514268
2009  2 19     1.90297217
2009  2 20     1.50846973
2009  2 21     2.04954183
2009  2 22     6.60435795
2009  2 23    14.06316201
2009  2 24    10.66576766
2009  2 25     6.16189219
2009  2 26     7.23079888
2009  2 27     5.14197497
2009  2 28     3.65403795
2009  3  1     5.40335964
2009  3  2    13.13251376
2009  3  3    15.47105432
2009  3  4     9.95065168
2009  3  5     5.65860948
2009  3  6     4.50113252
2009  3  7     3.96430825
2009  3  8     3.64648396
2009  3  9     3.37921375
2009  3 10     3.10287497
2009  3 11     2.95458743
2009  3 12     2.93889409
2009  3 13     2.99517257
2009  3 14     2.97555680
2009  3 15     3.14584886
2009  3 16     4.62833125
2009  3 17     4.40510356
2009  3 18     3.56447694
2009  3 19     3.38583885
2009  3 20     3.32219475
2009  3 21     3.25832847
2009  3 22     4.64774758
2009  3 23     3.61919190
2009  3 24     2.90722128
2009  3 25     2.89892434
2009  3 26     2.90552960
2009  3 27     2.80111363
2009  3 28     2.69805133
2009  3 29     2.60311466
2009  3 30     2.39881003
2009  3 31     2.29091978
2009  4  1     2.29674334
2009  4  2     2.25333701
2009  4  3     2.11146828
2009  4  4     1.97535517
2009  4  5     1.90998785
2009  4  6     1.90274302
2009  4  7     1.92609645
2009  4  8     1.97273483
2009  4  9     2.21114854
2009  4 10     2.30954225
2009  4 11     1.96579129
2009  4 12     1.82334572
2009  4 13     1.76115697
2009  4 14     1.68119214
2009  4 15     1.57314314
2009  4 16     1.50397290
2009  4 17     1.47205593
2009  4 18     1.47819864
2009  4 19     1.49323292
2009  4 20     1.47825694
2009  4 21     1.45209240
2009  4 22     1.41305590
2009  4 23     1.36089763
2009  4 24     1.35178916
2009  4 25     1.28992751
2009  4 26     1.21016664
2009  4 27     1.16632603
2009  4 28     1.12909830
2009  4 29     1.09749265
2009  4 30     1.06342336
2009  5  1     1.20438518
2009  5  2     5.33287256
2009  5  3     6.18984894
2009  5  4     4.12715690
2009  5  5     7.92218568
2009  5  6     5.16883101
2009  5  7     2.99922955
2009  5  8     2.54894239
2009  5  9     2.21409283
2009  5 10     1.99367260
2009  5 11     1.83219869
2009  5 12     1.70969787
2009  5 13     1.61048293
2009  5 14     1.52855104
2009  5 15     1.45952486
2009  5 16     1.39998385
2009  5 17     1.34994171
2009  5 18     1.30241905
2009  5 19     1.25384029
2009  5 20     1.20753826
2009  5 21     1.16598568
2009  5 22     1.12743874
2009  5 23     1.09197566
2009  5 24     1.05890132
2009  5 25     1.02626280
2009  5 26     0.99225788
2009  5 27     0.95815819
2009  5 28     0.93839406
2009  5 29     0.91031547
2009  5 30     0.88410264
2009  5 31     0.85487867
2009  6  1     0.82977993
2009  6  2     0.81105163
2009  6  3     0.81632270
2009  6  4     1.12808483
2009  6  5     1.02172725
2009  6  6     0.94080865
2009  6  7     0.81762109
2009  6  8     0.73856727
2009  6  9     0.69628502
2009  6 10     0.66646568
2009  6 11     0.64041456
2009  6 12     0.62251743
2009  6 13     0.61565815
2009  6 14     0.61164473
2009  6 15     0.58204380
2009  6 16     0.55581937
2009  6 17     0.53784043
2009  6 18     0.52056909
2009  6 19     0.50420443
2009  6 20     0.49019182
2009  6 21     0.47923517
2009  6 22     0.46692552
2009  6 23     0.45033771
2009  6 24     0.43465094
2009  6 25     0.42122820
2009  6 26     0.40945053
2009  6 27     0.39547972
2009  6 28     0.38149047
2009  6 29     0.36901330
2009  6 30     0.35915895
2009  7  1     0.34596172
2009  7  2     0.33502583
2009  7  3     0.32536033
2009  7  4     0.31667361
2009  7  5     0.30861311
2009  7  6     0.30114554
2009  7  7     0.29499139
2009  7  8     0.28741506
2009  7  9     0.27843671
2009  7 10     0.27000463
2009  7 11     0.26025379
2009  7 12     0.25098448
2009  7 13     0.24409364
2009  7 14     0.23386225
2009  7 15     0.22375377
2009  7 16     0.21538723
2009  7 17     0.20745515
2009  7 18     0.19885785
2009  7 19     0.19188318
2009  7 20     0.18625052
2009  7 21     0.18211787
2009  7 22     0.17776522
2009  7 23     0.17208403
2009  7 24     0.16704539
2009  7 25     0.16196161
2009  7 26     0.15510469
2009  7 27     0.14828618
2009  7 28     0.15624965
2009  7 29     0.14844566
2009  7 30     0.13658309
2009  7 31     0.13308160
2009  8  1     0.12983440
2009  8  2     0.12520140
2009  8  3     0.12405831
2009  8  4     0.12129335
2009  8  5     0.11868706
2009  8  6     0.12050586
2009  8  7     0.13634830
2009  8  8     0.12718729
2009  8  9     0.10459185
2009  8 10     0.09822538
2009  8 11     0.09337879
2009  8 12     0.09149981
2009  8 13     0.08893597
2009  8 14     0.08777900
2009  8 15     0.08664720
2009  8 16     0.08329252
2009  8 17     0.07853550
2009  8 18     0.07403948
2009  8 19     0.07097598
2009  8 20     0.06871480
2009  8 21     0.06671826
2009  8 22     0.06474573
2009  8 23     0.06320746
2009  8 24     0.06361815
2009  8 25     0.06145546
2009  8 26     0.05892283
2009  8 27     0.05663718
2009  8 28     0.05428924
2009  8 29     0.05247968
2009  8 30     0.05091828
2009  8 31     0.04955839
2009  9  1     0.04802573
2009  9  2     0.04655851
2009  9  3     0.04516783
2009  9  4     0.04383849
2009  9  5     0.04275094
2009  9  6     0.04148033
2009  9  7     0.04145587
2009  9  8     0.03939255
2009  9  9     0.03780127
2009  9 10     0.03664160
2009  9 11     0.03554143
2009  9 12     0.03448816
2009  9 13     0.03348373
2009  9 14     0.19864949
2009  9 15     0.15098429
2009  9 16     0.10687214
2009  9 17     0.07306859
2009  9 18     0.05095925
2009  9 19     0.03798860
2009  9 20     0.03114288
2009  9 21     0.02737833
2009  9 22     0.02567503
2009  9 23     0.02481696
2009  9 24     0.02408426
2009  9 25     0.02337432
2009  9 26     0.02268530
2009  9 27     0.02201660
2009  9 28     0.02136760
2009  9 29     0.02073774
2009  9 30     0.02258925
2009 10  1     0.02220022
2009 10  2     0.02037478
2009 10  3     0.02040834
2009 10  4     0.02298402
2009 10  5     0.02356546
2009 10  6     0.02077329
2009 10  7     0.01781235
2009 10  8     0.01677634
2009 10  9     0.01605383
2009 10 10     0.01545367
2009 10 11     0.01520128
2009 10 12     0.01544285
2009 10 13     0.55167536
2009 10 14     1.79040852
2009 10 15     1.29653854
2009 10 16     0.63053000
2009 10 17     0.38096096
2009 10 18     0.23008636
2009 10 19     0.15524231
2009 10 20     0.14136946
2009 10 21     0.08359165
2009 10 22     0.06718329
2009 10 23     0.04723531
2009 10 24     0.03286991
2009 10 25     0.02455273
2009 10 26     0.01913779
2009 10 27     0.01732046
2009 10 28     0.01765982
2009 10 29     0.01691377
2009 10 30     0.01528146
2009 10 31     0.01413871
2009 11  1     0.01283984
2009 11  2     0.01216952
2009 11  3     0.01179655
2009 11  4     0.01130452
2009 11  5     0.01161724
2009 11  6     0.05263135
2009 11  7     0.12887535
2009 11  8     0.08820519
2009 11  9     0.07172931
2009 11 10     0.06872293
2009 11 11     0.05113600
2009 11 12     0.11073041
2009 11 13     0.08324344
2009 11 14     0.05416559
2009 11 15     0.03956674
2009 11 16     0.02679566
2009 11 17     0.02149141
2009 11 18     0.21959801
2009 11 19     0.14909928
2009 11 20     0.18648896
2009 11 21     0.50008821
2009 11 22     0.33758835
2009 11 23     0.20998477
2009 11 24     0.13149437
2009 11 25     0.08760484
2009 11 26     0.06582424
2009 11 27     0.12589447
2009 11 28     0.26673901
2009 11 29     0.14715236
2009 11 30     0.09412844
2009 12  1     0.06395540
2009 12  2     0.04360430
2009 12  3     0.03101883
2009 12  4     0.02347313
2009 12  5     0.01969235
2009 12  6     0.01963763
2009 12  7     0.02354816
2009 12  8     0.02035537
2009 12  9     0.02143950
2009 12 10     0.01879142
2009 12 11     0.12798873
2009 12 12     0.98814463
2009 12 13     2.76301433
2009 12 14     1.81728981
2009 12 15     0.82895428
2009 12 16     1.15804612
2009 12 17     0.80180981
2009 12 18     0.45844144
2009 12 19     0.35523158
2009 12 20     0.29493027
2009 12 21     0.54570692
2009 12 22     0.95372658
2009 12 23     0.54856190
2009 12 24     0.39192229
2009 12 25     0.33276733
2009 12 26     0.28940427
2009 12 27     0.42189054
2009 12 28     0.37389081
2009 12 29     0.37817371
2009 12 30     1.16507401
2009 12 31     0.68019061
2010  1  1     0.59517157
2010  1  2     0.65212626
2010  1  3     0.46387714
2010  1  4     0.39092644
2010  1  5     0.34845549
2010  1  6     0.31334954
2010  1  7     0.29889556
2010  1  8     0.29409095
2010  1  9     0.29733813
2010  1 10     0.26803512
2010  1 11     0.27398517
2010  1 12     2.06062777
2010  1 13     4.72190523
2010  1 14     2.58458734
2010  1 15     1.26460921
2010  1 16     1.08063612
2010  1 17     1.66894094
2010  1 18     5.24457436
2010  1 19     8.38936512
2010  1 20     7.97232244
2010  1 21     6.86562957
2010  1 22     4.75736545
2010  1 23     3.41885948
2010  1 24     2.64864493
2010  1 25     3.46936306
2010  1 26     5.41483335
2010  1 27     3.53755574
2010  1 28     2.42426392
2010  1 29     2.19288145
2010  1 30     2.79335832
2010  1 31     2.74917937
2010  2  1     2.14336607
2010  2  2     1.92164716
2010  2  3     2.23066929
2010  2  4     2.06773136
2010  2  5     5.40075232
2010  2  6     6.07818296
2010  2  7     3.85183281
2010  2  8     2.68794804
2010  2  9     3.52085145
2010  2 10     2.68652283
2010  2 11     2.25534269
2010  2 12     2.30195616
2010  2 13     2.10615994
2010  2 14     1.95323915
2010  2 15     1.92703509
2010  2 16     1.89894522
2010  2 17     1.80656902
2010  2 18     1.72214578
2010  2 19     1.66803143
2010  2 20     1.61493094
2010  2 21     2.70990668
2010  2 22     2.26482275
2010  2 23     2.05687360
2010  2 24     4.07192136
2010  2 25     3.02801238
2010  2 26     3.15552155
2010  2 27     5.20194946
2010  2 28     3.90203545
2010  3  1     2.56652839
2010  3  2     2.92645351
2010  3  3     5.16890917
2010  3  4     3.75538995
2010  3  5     2.57448559
2010  3  6     2.43724004
2010  3  7     2.38838807
2010  3  8     2.34450223
2010  3  9     2.15678311
2010  3 10     2.08520451
2010  3 11     1.90888293
2010  3 12     3.26404228
2010  3 13     3.47637356
2010  3 14     2.40698152
2010  3 15     2.44572024
2010  3 16     2.76616196
2010  3 17     2.85160961
2010  3 18     2.47041017
2010  3 19     2.17592856
2010  3 20     2.07563290
2010  3 21     2.00258388
2010  3 22     1.90725717
2010  3 23     1.79339113
2010  3 24     1.75188617
2010  3 25     2.41101268
2010  3 26     2.46625691
2010  3 27     1.87136184
2010  3 28     1.71357335
2010  3 29     1.86387152
2010  3 30     4.39325315
2010  3 31     3.98012372
2010  4  1     2.39494095
2010  4  2     2.15958794
2010  4  3     2.69621957
2010  4  4     2.24346151
2010  4  5     3.04261502
2010  4  6     2.77499097
2010  4  7     2.79968622
2010  4  8     3.42734984
2010  4  9     3.44259380
2010  4 10     4.18903104
2010  4 11     4.08946803
2010  4 12     5.43062979
2010  4 13     5.48386019
2010  4 14     3.57246382
2010  4 15     2.99661035
2010  4 16     2.81015515
2010  4 17     2.53147002
2010  4 18     2.28750083
2010  4 19     2.31076079
2010  4 20     3.68397850
2010  4 21     3.74041236
2010  4 22     2.80733167
2010  4 23     2.48782686
2010  4 24     2.20391911
2010  4 25     2.09169779
2010  4 26     2.06632266
2010  4 27     4.62166638
2010  4 28     7.08945642
2010  4 29     5.42490440
2010  4 30     3.33602827
2010  5  1     2.93024143
2010  5  2     2.66249507
2010  5  3     2.41337205
2010  5  4     2.23811041
2010  5  5     2.11029731
2010  5  6     1.99461253
2010  5  7     1.89541779
2010  5  8     1.83008490
2010  5  9     1.79093830
2010  5 10     1.96226720
2010  5 11     3.50649513
2010  5 12     2.56622844
2010  5 13     2.00205259
2010  5 14     1.88625881
2010  5 15     1.77330545
2010  5 16     1.69440356
2010  5 17     1.64183120
2010  5 18     1.80436108
2010  5 19     1.62316629
2010  5 20     1.89533556
2010  5 21     1.64402706
2010  5 22     1.65619986
2010  5 23     1.64907333
2010  5 24     1.48621859
2010  5 25     1.45401347
2010  5 26     2.90451817
2010  5 27     3.50452875
2010  5 28     3.40638902
2010  5 29     2.28173397
2010  5 30     1.89141282
2010  5 31     1.71200664
2010  6  1     1.57503365
2010  6  2     1.46796173
2010  6  3     1.39270335
2010  6  4     1.37510712
2010  6  5     1.29791085
2010  6  6     1.23218810
2010  6  7     1.17273882
2010  6  8     1.12454885
2010  6  9     1.08497410
2010  6 10     1.04940452
2010  6 11     1.01482136
2010  6 12     0.97811669
2010  6 13     0.95052125
2010  6 14     0.92378124
2010  6 15     0.89704232
2010  6 16     0.87364863
2010  6 17     0.84921060
2010  6 18     0.81995334
2010  6 19     0.79285704
2010  6 20     0.77042492
2010  6 21     0.74729108
2010  6 22     0.72367312
2010  6 23     0.70290690
2010  6 24     0.68389401
2010  6 25     0.67113409
2010  6 26     0.65068754
2010  6 27     0.61844300
2010  6 28     0.59747107
2010  6 29     0.57947447
2010  6 30     0.56429025
2010  7  1     0.54945469
2010  7  2     0.53387141
2010  7  3     0.51837678
2010  7  4     0.50179421
2010  7  5     0.48499545
2010  7  6     0.46883548
2010  7  7     0.45327413
2010  7  8     0.43864605
2010  7  9     0.42583258
2010  7 10     0.45633198
2010  7 11     0.43108861
2010  7 12     0.39063454
2010  7 13     0.37952950
2010  7 14     0.36873035
2010  7 15     0.35484816
2010  7 16     0.34076155
2010  7 17     0.32885960
2010  7 18     0.32018730
2010  7 19     0.31222569
2010  7 20     0.30291015
2010  7 21     0.29497260
2010  7 22     0.28571361
2010  7 23     0.27515025
2010  7 24     0.26487851
2010  7 25     0.25705640
2010  7 26     0.25539225
2010  7 27     0.24940319
2010  7 28     0.23843638
2010  7 29     0.23284262
2010  7 30     0.22779925
2010  7 31     0.22111192
2010  8  1     0.21400423
2010  8  2     0.20627923
2010  8  3     0.19930756
2010  8  4     0.19226225
2010  8  5     0.18649192
2010  8  6     0.18094406
2010  8  7     0.17467629
2010  8  8     0.16927199
2010  8  9     0.16603922
2010  8 10     0.16176250
2010  8 11     0.15690507
2010  8 12     0.15273822
2010  8 13     0.14559238
2010  8 14     0.13980011
2010  8 15     0.13515884
2010  8 16     0.12923056
2010  8 17     0.12529707
2010  8 18     0.12400811
2010  8 19     0.12118493
2010  8 20     0.11759626
2010  8 21     0.11483404
2010  8 22     0.11424323
2010  8 23     0.10778626
2010  8 24     0.09998559
2010  8 25     0.09413557
2010  8 26     0.09064592
2010  8 27     0.09250247
2010  8 28     0.09339548
2010  8 29     0.12044586
2010  8 30     0.13170587
2010  8 31     0.09567743
2010  9  1     0.08834773
2010  9  2     0.07950716
2010  9  3     0.07451421
2010  9  4     0.07162042
2010  9  5     0.06997912
2010  9  6     0.06804096
2010  9  7     0.06670218
2010  9  8     0.06617723
2010  9  9     0.07110072
2010  9 10     0.06704732
2010  9 11     0.06177384
2010  9 12     0.05814430
2010  9 13     0.05557538
2010  9 14     0.05497290
2010  9 15     0.05368889
2010  9 16     0.05121072
2010  9 17     0.04941223
2010  9 18     0.04836480
2010  9 19     0.04827146
2010  9 20     0.04769978
2010  9 21     0.04662226
2010  9 22     0.04543689
2010  9 23     0.04376819
2010  9 24     0.04075516
2010  9 25     0.03756753
2010  9 26     0.03584506
2010  9 27     0.03469843
2010  9 28     0.03366153
2010  9 29     0.03264859
2010  9 30     0.03168798
2010 10  1     0.03078079
2010 10  2     0.02995354
2010 10  3     0.03742274
2010 10  4     0.17095843
2010 10  5     0.24712329
2010 10  6     0.12536216
2010 10  7     0.05621221
2010 10  8     0.04077171
2010 10  9     0.03375492
2010 10 10     0.02737777
2010 10 11     0.02401865
2010 10 12     0.02300977
2010 10 13     0.02222930
2010 10 14     0.02116779
2010 10 15     0.02058636
2010 10 16     0.02031204
2010 10 17     0.02850612
2010 10 18     0.07888693
2010 10 19     0.05269727
2010 10 20     0.03339843
2010 10 21     0.02854837
2010 10 22     0.02516969
2010 10 23     0.28520160
2010 10 24     2.01959305
2010 10 25     2.69195391
2010 10 26     1.63274267
2010 10 27     0.83277425
2010 10 28     0.52787837
2010 10 29     0.34127285
2010 10 30     0.24249068
2010 10 31     0.34771692
2010 11  1     0.22445595
2010 11  2     0.16280472
2010 11  3     0.11925851
2010 11  4     0.08945832
2010 11  5     0.06967944
2010 11  6     0.07640100
2010 11  7     0.68105534
2010 11  8     1.38619706
2010 11  9     0.85032226
2010 11 10     0.98242464
2010 11 11     0.59733101
2010 11 12     0.40403336
2010 11 13     0.30672564
2010 11 14     0.24382588
2010 11 15     0.20351418
2010 11 16     0.17719512
2010 11 17     0.15960085
2010 11 18     0.14671095
2010 11 19     0.18459896
2010 11 20     1.52849573
2010 11 21     1.82317392
2010 11 22     1.60859921
2010 11 23     2.77917493
2010 11 24     1.43575752
2010 11 25     0.88728615
2010 11 26     0.72697477
2010 11 27     1.24940972
2010 11 28     0.93516309
2010 11 29     0.69689993
2010 11 30     0.59980409
2010 12  1     0.52181939
2010 12  2     0.53637218
2010 12  3     2.08027895
2010 12  4     1.34689873
2010 12  5     1.99141657
2010 12  6     4.76405053
2010 12  7     4.31448973
2010 12  8     2.68743001
2010 12  9     2.78819634
2010 12 10     2.40011184
2010 12 11     1.87670789
2010 12 12     1.53133870
2010 12 13     1.42623156
2010 12 14     3.62579268
2010 12 15     4.18378908
2010 12 16     2.34322558
2010 12 17     1.85695353
2010 12 18     5.89449053
2010 12 19     9.53863032
2010 12 20     9.65370608
2010 12 21     6.53480599
2010 12 22     6.25109107
2010 12 23     4.44711011
2010 12 24     3.31023138
2010 12 25     4.00738118
2010 12 26     6.75328635
2010 12 27     5.10349595
2010 12 28     5.43498050
2010 12 29     7.56288767
2010 12 30     4.85561294
2010 12 31     3.40124876
2011  1  1     3.06599101
2011  1  2     3.33275795
2011  1  3     2.88842195
2011  1  4     2.53205126
2011  1  5     2.34279163
2011  1  6     2.18477516
2011  1  7     2.06170867
2011  1  8     1.96193553
2011  1  9     1.87458473
2011  1 10     1.79826842
2011  1 11     1.78813355
2011  1 12     2.38534598
2011  1 13     2.25790420
2011  1 14     3.66827196
2011  1 15     2.83031791
2011  1 16     2.09845847
2011  1 17     2.00872561
2011  1 18     1.86038774
2011  1 19     1.74220051
2011  1 20     1.65487497
2011  1 21     1.59347278
2011  1 22     1.57957502
2011  1 23     1.52519060
2011  1 24     1.46807133
2011  1 25     1.44133354
2011  1 26     1.40976270
2011  1 27     1.37523485
2011  1 28     1.34085092
2011  1 29     1.63653157
2011  1 30     3.49661230
2011  1 31     2.72048341
2011  2  1     1.74391737
2011  2  2     1.57209528
2011  2  3     1.45541528
2011  2  4     1.39373796
2011  2  5     1.37164072
2011  2  6     1.36141436
2011  2  7     1.33706535
2011  2  8     1.25204012
2011  2  9     1.16316121
2011  2 10     1.11830692
2011  2 11     1.08815988
2011  2 12     1.09294457
2011  2 13     1.16515766
2011  2 14     1.49355474
2011  2 15     5.42407426
2011  2 16    10.70661349
2011  2 17     6.92374720
2011  2 18     4.35488272
2011  2 19     4.02564929
2011  2 20     2.96190386
2011  2 21     2.41659701
2011  2 22     2.13178391
2011  2 23     1.93118863
2011  2 24     2.12307724
2011  2 25     3.34301101
2011  2 26     2.48416718
2011  2 27     1.96452540
2011  2 28     1.85449439
2011  3  1     1.84510137
2011  3  2     3.22970971
2011  3  3     5.37899827
2011  3  4     4.96110471
2011  3  5     4.52517046
2011  3  6     7.17349158
2011  3  7     6.53443147
2011  3  8     4.34192972
2011  3  9     3.81284287
2011  3 10     4.99249143
2011  3 11     5.97421204
2011  3 12     4.52946389
2011  3 13     4.37796141
2011  3 14    10.11254323
2011  3 15    10.39166966
2011  3 16    16.57668034
2011  3 17    11.98508058
2011  3 18     7.19324473
2011  3 19     6.87758061
2011  3 20     7.49172178
2011  3 21     6.76368876
2011  3 22     5.74905730
2011  3 23     5.76455928
2011  3 24     6.77453512
2011  3 25     7.15950202
2011  3 26     7.53149739
2011  3 27     6.73953223
2011  3 28     6.43901140
2011  3 29     5.72098100
2011  3 30     6.16353482
2011  3 31     6.93950701
2011  4  1     7.40509242
2011  4  2     7.72133078
2011  4  3     6.28877562
2011  4  4     5.70800232
2011  4  5     6.46364760
2011  4  6     6.30592921
2011  4  7     5.26166204
2011  4  8     4.24669777
2011  4  9     3.81561986
2011  4 10     3.90986249
2011  4 11     4.38484289
2011  4 12     4.44394381
2011  4 13     4.30235297
2011  4 14     4.14112153
2011  4 15     4.40706122
2011  4 16     5.31207830
2011  4 17     7.11976060
2011  4 18     9.72891097
2011  4 19     8.28456817
2011  4 20     7.07243949
2011  4 21     8.94700323
2011  4 22     6.98456856
2011  4 23     5.21304642
2011  4 24     6.20637049
2011  4 25     7.20569416
2011  4 26     6.19237554
2011  4 27     5.07469237
2011  4 28     4.91689793
2011  4 29     4.46574368
2011  4 30     4.04836909
2011  5  1     4.13315665
2011  5  2     4.38058014
2011  5  3     4.45411115
2011  5  4     4.49489486
2011  5  5     4.45977331
2011  5  6     4.47273918
2011  5  7     4.38675951
2011  5  8     4.57565441
2011  5  9     4.40095837
2011  5 10     3.78057424
2011  5 11     3.67225424
2011  5 12     3.65213337
2011  5 13     3.55424334
2011  5 14     3.57498193
2011  5 15     3.83538950
2011  5 16     3.96046996
2011  5 17     4.70080722
2011  5 18     7.42629567
2011  5 19     5.35550140
2011  5 20     4.01236117
2011  5 21     3.71438673
2011  5 22     3.50014308
2011  5 23     3.55363116
2011  5 24     3.84483885
2011  5 25     4.56971951
2011  5 26     7.51713523
2011  5 27     5.13906307
2011  5 28     3.86037712
2011  5 29     3.74153813
2011  5 30     3.30977830
2011  5 31     3.15324545
2011  6  1     3.92603918
2011  6  2     4.91376148
2011  6  3     4.00994105
2011  6  4     3.44242657
2011  6  5     4.14826255
2011  6  6     6.81078152
2011  6  7     6.35237041
2011  6  8     3.68989626
2011  6  9     3.37837327
2011  6 10     3.15734539
2011  6 11     2.97109596
2011  6 12     2.80532206
2011  6 13     2.65758901
2011  6 14     2.52783686
2011  6 15     2.41013794
2011  6 16     2.32035391
2011  6 17     2.23826866
2011  6 18     2.15374437
2011  6 19     2.08134427
2011  6 20     2.01269314
2011  6 21     1.94392886
2011  6 22     1.87364698
2011  6 23     1.80145940
2011  6 24     1.74376271
2011  6 25     1.69152476
2011  6 26     1.63637602
2011  6 27     1.58423362
2011  6 28     1.76584322
2011  6 29     2.46432297
2011  6 30     2.01697247
2011  7  1     1.64004615
2011  7  2     1.52690563
2011  7  3     1.43695832
2011  7  4     1.36426521
2011  7  5     1.30407998
2011  7  6     1.25495635
2011  7  7     1.22045937
2011  7  8     1.18403495
2011  7  9     1.13901007
2011  7 10     1.10682885
2011  7 11     1.07454649
2011  7 12     1.04146263
2011  7 13     1.00841774
2011  7 14     0.98018852
2011  7 15     0.95232552
2011  7 16     0.92405268
2011  7 17     0.89750366
2011  7 18     0.87148491
2011  7 19     0.84531313
2011  7 20     0.81988165
2011  7 21     0.79479122
2011  7 22     0.77055677
2011  7 23     0.74671263
2011  7 24     0.72422339
2011  7 25     0.70483095
2011  7 26     0.68725444
2011  7 27     0.66677432
2011  7 28     0.64402606
2011  7 29     0.62168839
2011  7 30     0.60211446
2011  7 31     0.58510211
2011  8  1     0.56779417
2011  8  2     0.55191031
2011  8  3     0.53826457
2011  8  4     0.52489062
2011  8  5     0.51128681
2011  8  6     0.49484439
2011  8  7     0.48136679
2011  8  8     0.46872976
2011  8  9     0.45463258
2011  8 10     0.44041648
2011  8 11     0.42627407
2011  8 12     0.41317724
2011  8 13     0.39954496
2011  8 14     0.38898006
2011  8 15     0.38098947
2011  8 16     0.37140875
2011  8 17     0.35905053
2011  8 18     0.34674147
2011  8 19     0.33494758
2011  8 20     0.32484576
2011  8 21     0.31601936
2011  8 22     0.30799824
2011  8 23     0.29712901
2011  8 24     0.28336484
2011  8 25     0.27477284
2011  8 26     0.26664696
2011  8 27     0.25737801
2011  8 28     0.24992854
2011  8 29     0.24462006
2011  8 30     0.23949112
2011  8 31     0.23408222
2011  9  1     0.22880146
2011  9  2     0.22274779
2011  9  3     0.21459535
2011  9  4     0.21976299
2011  9  5     0.20551026
2011  9  6     0.19949826
2011  9  7     0.18993254
2011  9  8     0.17855481
2011  9  9     0.17097687
2011  9 10     0.18649746
2011  9 11     0.20426522
2011  9 12     0.20463279
2011  9 13     0.21014464
2011  9 14     0.18337331
2011  9 15     0.15674590
2011  9 16     0.15220393
2011  9 17     0.14952199
2011  9 18     0.14838479
2011  9 19     0.14173130
2011  9 20     0.12961657
2011  9 21     0.12405653
2011  9 22     0.11993038
2011  9 23     0.11556121
2011  9 24     0.11259812
2011  9 25     0.11435800
2011  9 26     0.12025149
2011  9 27     0.11084955
2011  9 28     0.10246472
2011  9 29     0.09739256
2011  9 30     0.09538223
2011 10  1     0.09566841
2011 10  2     0.09695893
2011 10  3     0.10393260
2011 10  4     0.78342802
2011 10  5     1.31107636
2011 10  6     1.07000868
2011 10  7     0.58255994
2011 10  8     0.37407492
2011 10  9     0.26614945
2011 10 10     0.32379525
2011 10 11     0.85242817
2011 10 12     0.53730199
2011 10 13     0.33475280
2011 10 14     0.23138320
2011 10 15     0.16969354
2011 10 16     0.13254698
2011 10 17     0.11124511
2011 10 18     0.09758969
2011 10 19     0.08897931
2011 10 20     0.08252961
2011 10 21     0.07835098
2011 10 22     0.07559823
2011 10 23     0.07308470
2011 10 24     0.07105916
2011 10 25     0.06961488
2011 10 26     0.07099140
2011 10 27     0.07164114
2011 10 28     0.06976709
2011 10 29     0.06641331
2011 10 30     0.06229730
2011 10 31     0.06014235
2011 11  1     0.06128482
2011 11  2     0.06265303
2011 11  3     0.09478118
2011 11  4     0.26012114
2011 11  5     0.25668703
2011 11  6     0.46795028
2011 11  7     0.29337731
2011 11  8     0.22362155
2011 11  9     0.16326052
2011 11 10     0.12786379
2011 11 11     0.11966934
2011 11 12     0.15271909
2011 11 13     0.10807127
2011 11 14     0.10866780
2011 11 15     0.09496948
2011 11 16     0.08265780
2011 11 17     0.07508802
2011 11 18     0.13467284
2011 11 19     0.34030005
2011 11 20     0.51901407
2011 11 21     0.44602255
2011 11 22     0.28487321
2011 11 23     0.21874114
2011 11 24     0.30107279
2011 11 25     0.31824137
2011 11 26     0.29473451
2011 11 27     0.23869832
2011 11 28     0.18431457
2011 11 29     0.15973923
2011 11 30     0.14179497
2011 12  1     0.12869962
2011 12  2     0.11927221
2011 12  3     0.11262930
2011 12  4     0.10815862
2011 12  5     0.10385365
2011 12  6     0.10062312
2011 12  7     0.09715265
2011 12  8     0.09336933
2011 12  9     0.09059037
2011 12 10     0.08846171
2011 12 11     0.08601699
2011 12 12     0.08323651
2011 12 13     0.08132273
2011 12 14     0.07966130
2011 12 15     0.12653537
2011 12 16     0.08429406
2011 12 17     0.10243312
2011 12 18     0.09228904
2011 12 19     0.08116142
2011 12 20     0.07329303
2011 12 21     0.06824428
2011 12 22     0.06569986
2011 12 23     0.06413231
2011 12 24     0.06172804
2011 12 25     0.05957052
2011 12 26     0.05765678
2011 12 27     0.05600931
2011 12 28     0.05334659
2011 12 29     0.05063882
2011 12 30     0.06735704
2011 12 31     0.13935105
2012  1  1     0.09982986
2012  1  2     0.09172989
2012  1  3     0.07731271
2012  1  4     0.06451783
2012  1  5     0.05582962
2012  1  6     0.05183022
2012  1  7     0.04932022
2012  1  8     0.04681541
2012  1  9     0.04514293
2012  1 10     0.04386867
2012  1 11     0.04266350
2012  1 12     0.04166560
2012  1 13     0.04022582
2012  1 14     0.03863920
2012  1 15     0.03720841
2012  1 16     0.03850703
2012  1 17     0.03924785
2012  1 18     0.03737530
2012  1 19     0.12196186
2012  1 20     1.19762571
2012  1 21     7.31429863
2012  1 22     4.35993966
2012  1 23     5.76444880
2012  1 24     3.54662829
2012  1 25     2.03780765
2012  1 26     1.71466760
2012  1 27     1.48414015
2012  1 28     1.17341070
2012  1 29     1.03033257
2012  1 30     1.08759683
2012  1 31     0.92687386
2012  2  1     0.90938108
2012  2  2     0.82340328
2012  2  3     0.75446727
2012  2  4     0.71397114
2012  2  5     0.67417172
2012  2  6     0.64112714
2012  2  7     0.62339902
2012  2  8     0.90432177
2012  2  9     0.74465424
2012  2 10     0.76529586
2012  2 11     0.93129157
2012  2 12     0.86558755
2012  2 13     1.79962082
2012  2 14     1.23015553
2012  2 15     1.34522642
2012  2 16     1.02228050
2012  2 17     0.83209196
2012  2 18     0.77408101
2012  2 19     0.71476054
2012  2 20     0.67602394
2012  2 21     0.67366013
2012  2 22     0.63441213
2012  2 23     0.59651049
2012  2 24     0.57335438
2012  2 25     0.54805713
2012  2 26     0.52442871
2012  2 27     0.51202644
2012  2 28     0.54458944
2012  2 29     2.62442365
2012  3  1     1.84974485
2012  3  2     1.05601836
2012  3  3     0.91196679
2012  3  4     1.04403039
2012  3  5     1.14416085
2012  3  6     1.00461632
2012  3  7     0.78438935
2012  3  8     0.74452909
2012  3  9     0.79071596
2012  3 10     0.86253735
2012  3 11     0.91544378
2012  3 12     0.97703480
2012  3 13     2.37583862
2012  3 14     9.63015474
2012  3 15    11.08430384
2012  3 16    11.76936141
2012  3 17    12.37048394
2012  3 18     8.14961318
2012  3 19     4.85005387
2012  3 20     3.79402605
2012  3 21     3.75578209
2012  3 22     3.90162431
2012  3 23     3.52563384
2012  3 24     3.02345556
2012  3 25     3.04368512
2012  3 26     2.77279207
2012  3 27     4.77646226
2012  3 28    10.24177048
2012  3 29     6.92942437
2012  3 30     7.11062064
2012  3 31     7.00461957
2012  4  1     7.64028817
2012  4  2     5.35921985
2012  4  3     4.30513849
2012  4  4     5.75111927
2012  4  5     4.48192259
2012  4  6     3.41469941
2012  4  7     3.17259073
2012  4  8     2.99656162
2012  4  9     2.90913755
2012  4 10     2.81841995
2012  4 11     2.98533597
2012  4 12     7.10146999
2012  4 13    10.36833954
2012  4 14     7.54088360
2012  4 15     4.71278821
2012  4 16     3.99579071
2012  4 17     3.68854585
2012  4 18     3.38816102
2012  4 19     3.19418938
2012  4 20     3.09386412
2012  4 21     2.99971318
2012  4 22     2.88398618
2012  4 23     2.76573923
2012  4 24     2.65762408
2012  4 25     2.70122809
2012  4 26     6.85725928
2012  4 27     5.82239102
2012  4 28     3.57224379
2012  4 29     3.02941435
2012  4 30     2.80329578
2012  5  1     2.60838980
2012  5  2     2.45027908
2012  5  3     2.33770237
2012  5  4     2.26693660
2012  5  5     2.15116374
2012  5  6     2.07352598
2012  5  7     1.99602837
2012  5  8     1.92428624
2012  5  9     1.85841051
2012  5 10     1.79593479
2012  5 11     1.74001332
2012  5 12     1.68351131
2012  5 13     1.62927877
2012  5 14     1.57927428
2012  5 15     1.52970981
2012  5 16     1.47760836
2012  5 17     1.43138138
2012  5 18     1.39844877
2012  5 19     1.35925918
2012  5 20     1.31008561
2012  5 21     1.26858140
2012  5 22     1.22903830
2012  5 23     1.19529143
2012  5 24     1.16252687
2012  5 25     1.13588338
2012  5 26     1.16314341
2012  5 27     1.16230771
2012  5 28     1.09288665
2012  5 29     1.03759591
2012  5 30     1.00093667
2012  5 31     0.95675150
2012  6  1     0.92224320
2012  6  2     0.89204301
2012  6  3     0.86682844
2012  6  4     0.93268196
2012  6  5     1.32763899
2012  6  6     1.20419482
2012  6  7     0.96973083
2012  6  8     0.86068234
2012  6  9     0.80615702
2012  6 10     0.76617785
2012  6 11     0.73215825
2012  6 12     0.70335661
2012  6 13     0.67837076
2012  6 14     0.65562074
2012  6 15     0.63419521
2012  6 16     0.61423077
2012  6 17     0.59535638
2012  6 18     0.57758349
2012  6 19     0.56357813
2012  6 20     0.54909319
2012  6 21     0.53160840
2012  6 22     0.51839639
2012  6 23     0.51320877
2012  6 24     0.49612198
2012  6 25     0.48162289
2012  6 26     0.46727064
2012  6 27     0.45282291
2012  6 28     0.43776106
2012  6 29     0.42452169
2012  6 30     0.41173708
2012  7  1     0.39711783
2012  7  2     0.38409141
2012  7  3     0.37133045
2012  7  4     0.35980127
2012  7  5     0.35058597
2012  7  6     0.34079291
2012  7  7     0.32900081
2012  7  8     0.31690230
2012  7  9     0.30688475
2012  7 10     0.29755390
2012  7 11     0.28693817
2012  7 12     0.27664533
2012  7 13     0.26780610
2012  7 14     0.26204673
2012  7 15     0.25492043
2012  7 16     0.24687362
2012  7 17     0.24137895
2012  7 18     0.23839269
2012  7 19     0.23164411
2012  7 20     0.22122802
2012  7 21     0.21169282
2012  7 22     0.20168659
2012  7 23     0.20454117
2012  7 24     0.20897521
2012  7 25     0.19532691
2012  7 26     0.18061587
2012  7 27     0.17552293
2012  7 28     0.17048129
2012  7 29     0.16492657
2012  7 30     0.15903363
2012  7 31     0.15389167
2012  8  1     0.14704857
2012  8  2     0.14149531
2012  8  3     0.13617195
2012  8  4     0.13118895
2012  8  5     0.12532623
2012  8  6     0.12346220
2012  8  7     0.12089702
2012  8  8     0.11654118
2012  8  9     0.11151914
2012  8 10     0.10660335
2012  8 11     0.10260870
2012  8 12     0.09866648
2012  8 13     0.09548712
2012  8 14     0.09264385
2012  8 15     0.08995183
2012  8 16     0.08775527
2012  8 17     0.08519708
2012  8 18     0.08378685
2012  8 19     0.08064403
2012  8 20     0.07828204
2012  8 21     0.07574946
2012  8 22     0.07377806
2012  8 23     0.07143701
2012  8 24     0.06916824
2012  8 25     0.06690904
2012  8 26     0.06499435
2012  8 27     0.06519110
2012  8 28     0.06358943
2012  8 29     0.06103927
2012  8 30     0.05799870
2012  8 31     0.05591610
2012  9  1     0.05553370
2012  9  2     0.05347136
2012  9  3     0.05117472
2012  9  4     0.04949471
2012  9  5     0.04802787
2012  9  6     0.04888247
2012  9  7     0.04810157
2012  9  8     0.04390105
2012  9  9     0.04261056
2012  9 10     0.04137222
2012  9 11     0.04015112
2012  9 12     0.03896694
2012  9 13     0.03781317
2012  9 14     0.03668702
2012  9 15     0.03560188
2012  9 16     0.03456330
2012  9 17     0.03354275
2012  9 18     0.03256119
2012  9 19     0.03160344
2012  9 20     0.03066810
2012  9 21     0.02976905
2012  9 22     0.02888620
2012  9 23     0.02805382
2012  9 24     0.02722738
2012  9 25     0.02641425
2012  9 26     0.02563206
2012  9 27     0.02487869
2012  9 28     0.02412461
2012  9 29     0.02341406
2012  9 30     0.02273426
2012 10  1     0.02204899
2012 10  2     0.02140202
2012 10  3     0.02078315
2012 10  4     0.02019124
2012 10  5     0.01963557
2012 10  6     0.01908148
2012 10  7     0.01850616
2012 10  8     0.01799572
2012 10  9     0.01753417
2012 10 10     0.01695360
2012 10 11     0.01643944
2012 10 12     0.01648268
2012 10 13     0.01567762
2012 10 14     0.01505702
2012 10 15     0.01455409
2012 10 16     0.01412098
2012 10 17     0.01368299
2012 10 18     0.01328176
2012 10 19     0.01291309
2012 10 20     0.01254778
2012 10 21     0.15142325
2012 10 22     0.74619326
2012 10 23     0.84095178
2012 10 24     0.77004288
2012 10 25     0.51761786
2012 10 26     0.31795053
2012 10 27     0.18343857
2012 10 28     0.11387978
2012 10 29     0.07269370
2012 10 30     0.04691485
2012 10 31     0.06022386
2012 11  1     0.49088157
2012 11  2     0.33697376
2012 11  3     0.18210070
2012 11  4     0.11228121
2012 11  5     0.06926938
2012 11  6     0.04378375
2012 11  7     0.02779773
2012 11  8     0.02051966
2012 11  9     0.12634457
2012 11 10     0.14056329
2012 11 11     0.09060977
2012 11 12     0.07091075
2012 11 13     0.05130461
2012 11 14     0.04371604
2012 11 15     0.03864557
2012 11 16     0.03388988
2012 11 17     0.95136699
2012 11 18     1.94457275
2012 11 19     1.20831943
2012 11 20     1.63015666
2012 11 21     2.07108218
2012 11 22     1.12922245
2012 11 23     0.57945889
2012 11 24     0.41380200
2012 11 25     0.31053783
2012 11 26     0.24821925
2012 11 27     0.20839460
2012 11 28     0.71992529
2012 11 29     4.01519942
2012 11 30    10.03731052
2012 12  1    12.04543638
2012 12  2    12.58817083
2012 12  3     8.88096088
2012 12  4     6.32991331
2012 12  5     8.32281667
2012 12  6     5.82064496
2012 12  7     3.53608125
2012 12  8     2.98289938
2012 12  9     2.65917790
2012 12 10     2.42754605
2012 12 11     2.28128528
2012 12 12     2.68950418
2012 12 13     2.46747771
2012 12 14     2.13625694
2012 12 15     2.01647049
2012 12 16     2.53551117
2012 12 17     5.01835862
2012 12 18     3.62436406
2012 12 19     2.39456552
2012 12 20     2.16620434
2012 12 21     3.93420308
2012 12 22     9.85202411
2012 12 23     9.27420053
2012 12 24     6.42932836
2012 12 25     5.32462817
2012 12 26     4.51690528
2012 12 27     3.48581754
2012 12 28     2.95229072
2012 12 29     2.63400350
2012 12 30     2.40282204
2012 12 31     2.23257413
2013  1  1     2.10226458
2013  1  2     1.99784037
2013  1  3     1.91026547
2013  1  4     1.83382282
2013  1  5     1.77652759
2013  1  6     1.71236151
2013  1  7     1.65517014
2013  1  8     1.60630472
2013  1  9     1.65787236
2013  1 10     2.64577612
2013  1 11     2.17902875
2013  1 12     1.66109701
2013  1 13     1.57742538
2013  1 14     1.49457285
2013  1 15     1.42830334
2013  1 16     1.37563300
2013  1 17     1.34223742
2013  1 18     1.31246099
2013  1 19     1.27701944
2013  1 20     1.24338920
2013  1 21     1.21340572
2013  1 22     1.19396538
2013  1 23     1.23405900
2013  1 24     3.09931785
2013  1 25     2.46323340
2013  1 26     1.89987290
2013  1 27     2.59136746
2013  1 28     2.03364291
2013  1 29     1.49296308
2013  1 30     1.49540879
2013  1 31     1.50581241
2013  2  1     1.38418862
2013  2  2     1.30738228
2013  2  3     1.27121707
2013  2  4     1.24498930
2013  2  5     1.24713625
2013  2  6     1.21130682
2013  2  7     1.22963362
2013  2  8     1.30793490
2013  2  9     1.11403386
2013  2 10     1.04145786
2013  2 11     1.00343409
2013  2 12     0.98949275
2013  2 13     1.01094532
2013  2 14     1.07529213
2013  2 15     1.14288829
2013  2 16     1.16208996
2013  2 17     1.10503753
2013  2 18     1.06201522
2013  2 19     1.17868618
2013  2 20     1.09127105
2013  2 21     0.91263146
2013  2 22     0.93729425
2013  2 23     0.98941380
2013  2 24     0.91126175
2013  2 25     0.84383216
2013  2 26     0.83427531
2013  2 27     0.82456522
2013  2 28     0.88682481
2013  3  1     0.97724702
2013  3  2     1.11963673
2013  3  3     1.35290029
2013  3  4     1.26656689
2013  3  5     1.34253167
2013  3  6     3.27041667
2013  3  7     2.44549898
2013  3  8     1.29248325
2013  3  9     1.20919564
2013  3 10     1.17050732
2013  3 11     1.19084821
2013  3 12     1.23910702
2013  3 13     1.25706010
2013  3 14     1.23974102
2013  3 15     1.21420132
2013  3 16     1.16430418
2013  3 17     1.06477865
2013  3 18     1.00277988
2013  3 19     1.23712298
2013  3 20     2.32678510
2013  3 21     2.27899872
2013  3 22     1.55696246
2013  3 23     1.19129039
2013  3 24     1.09730187
2013  3 25     1.02968806
2013  3 26     0.98007708
2013  3 27     0.94753131
2013  3 28     0.92053300
2013  3 29     0.87630458
2013  3 30     1.01911206
2013  3 31     1.97563781
2013  4  1     1.84380400
2013  4  2     1.24572336
2013  4  3     1.07770491
2013  4  4     1.21108241
2013  4  5     1.44135924
2013  4  6     1.19334965
2013  4  7     1.16421014
2013  4  8     2.02780928
2013  4  9     1.53880317
2013  4 10     1.10368617
2013  4 11     1.02558415
2013  4 12     0.94751482
2013  4 13     0.88273514
2013  4 14     0.83651847
2013  4 15     0.79559210
2013  4 16     0.76665834
2013  4 17     0.73861536
2013  4 18     0.70605449
2013  4 19     0.68135510
2013  4 20     0.66119137
2013  4 21     0.64276185
2013  4 22     0.62523746
2013  4 23     0.60719432
2013  4 24     0.59182542
2013  4 25     0.57361355
2013  4 26     0.55310681
2013  4 27     0.53892806
2013  4 28     0.52569092
2013  4 29     0.51138712
2013  4 30     0.49567418
2013  5  1     0.47925905
2013  5  2     0.46625468
2013  5  3     0.45464580
2013  5  4     0.44005740
2013  5  5     0.42932658
2013  5  6     0.51312569
2013  5  7     0.53500983
2013  5  8     0.50157148
2013  5  9     0.45551316
2013  5 10     0.39934741
2013  5 11     0.37865521
2013  5 12     0.36340108
2013  5 13     0.34961190
2013  5 14     0.33537120
2013  5 15     0.32259944
2013  5 16     0.34945900
2013  5 17     0.43797148
2013  5 18     0.39530607
2013  5 19     0.32005797
2013  5 20     0.30409442
2013  5 21     0.28840322
2013  5 22     0.27827802
2013  5 23     0.27025801
2013  5 24     0.26176961
2013  5 25     0.25277688
2013  5 26     0.24444306
2013  5 27     0.26229469
2013  5 28     0.40488883
2013  5 29     0.34295263
2013  5 30     0.28587962
2013  5 31     0.25321252
2013  6  1     0.22841642
2013  6  2     0.21058553
2013  6  3     0.19812281
2013  6  4     0.18870048
2013  6  5     0.18020180
2013  6  6     0.17259784
2013  6  7     0.16617056
2013  6  8     0.15920094
2013  6  9     0.15273924
2013  6 10     0.14907081
2013  6 11     0.21668538
2013  6 12     0.19783057
2013  6 13     0.14617597
2013  6 14     0.14106080
2013  6 15     0.13495560
2013  6 16     0.12966931
2013  6 17     0.12547011
2013  6 18     0.12201968
2013  6 19     0.12729150
2013  6 20     0.12455225
2013  6 21     0.11448756
2013  6 22     0.10898144
2013  6 23     0.10368032
2013  6 24     0.13533065
2013  6 25     0.58942424
2013  6 26     0.64883630
2013  6 27     0.40503808
2013  6 28     0.26500866
2013  6 29     0.19206669
2013  6 30     0.14672483
2013  7  1     0.11627788
2013  7  2     0.09648752
2013  7  3     0.08788569
2013  7  4     0.08746858
2013  7  5     0.08191012
2013  7  6     0.07306807
2013  7  7     0.07151121
2013  7  8     0.06865949
2013  7  9     0.06575397
2013  7 10     0.06308093
2013  7 11     0.06068303
2013  7 12     0.05980951
2013  7 13     0.05850027
2013  7 14     0.05575567
2013  7 15     0.05275484
2013  7 16     0.05072322
2013  7 17     0.05089161
2013  7 18     0.04855035
2013  7 19     0.04530023
2013  7 20     0.04259854
2013  7 21     0.04070091
2013  7 22     0.03946520
2013  7 23     0.03849408
2013  7 24     0.03728826
2013  7 25     0.03595668
2013  7 26     0.03997587
2013  7 27     0.03802022
2013  7 28     0.03272438
2013  7 29     0.03191433
2013  7 30     0.03138802
2013  7 31     0.03025666
2013  8  1     0.02952110
2013  8  2     0.02896289
2013  8  3     0.02778156
2013  8  4     0.02667013
2013  8  5     0.02579454
2013  8  6     0.02500919
2013  8  7     0.02425915
2013  8  8     0.02381796
2013  8  9     0.02327035
2013  8 10     0.02251326
2013  8 11     0.02164114
2013  8 12     0.02087759
2013  8 13     0.02021123
2013  8 14     0.01960889
2013  8 15     0.01903065
2013  8 16     0.01846950
2013  8 17     0.01792491
2013  8 18     0.01739639
2013  8 19     0.01688348
2013  8 20     0.01723656
2013  8 21     0.01607730
2013  8 22     0.04856077
2013  8 23     0.05408399
2013  8 24     0.01540085
2013  8 25     0.01410857
2013  8 26     0.01369265
2013  8 27     0.01328899
2013  8 28     0.01289724
2013  8 29     0.01251704
2013  8 30     0.01214805
2013  8 31     0.01178994
2013  9  1     0.03079149
2013  9  2     0.18996321
2013  9  3     0.16980308
2013  9  4     0.10911138
2013  9  5     0.05279725
2013  9  6     0.03424635
2013  9  7     0.02278389
2013  9  8     0.01556890
2013  9  9     0.01139610
2013  9 10     0.00942978
2013  9 11     0.00866289
2013  9 12     0.00827187
2013  9 13     0.00811443
2013  9 14     0.00907188
2013  9 15     0.02484186
2013  9 16     0.02734921
2013  9 17     0.00708975
2013  9 18     0.00688031
2013  9 19     0.00667749
2013  9 20     0.03871831
2013  9 21     0.21996042
2013  9 22     0.35015524
2013  9 23     0.24185045
2013  9 24     0.12764319
2013  9 25     0.13829179
2013  9 26     0.10933465
2013  9 27     0.07447920
2013  9 28     0.03758823
2013  9 29     0.02217417
2013  9 30     0.02513976
2013 10  1     0.03558581
2013 10  2     0.01584300
2013 10  3     0.01913615
2013 10  4     0.01348929
2013 10  5     0.00829719
2013 10  6     0.00551641
2013 10  7     0.00420839
2013 10  8     0.00381381
2013 10  9     0.00375065
2013 10 10     0.00371769
2013 10 11     0.00352090
2013 10 12     0.00336157
2013 10 13     0.05945713
2013 10 14     0.04483219
2013 10 15     0.00901115
2013 10 16     0.00636042
2013 10 17     0.00417328
2013 10 18     0.00314750
2013 10 19     0.00275967
2013 10 20     0.00264222
2013 10 21     0.00256326
2013 10 22     0.00248770
2013 10 23     0.00241437
2013 10 24     0.00234320
2013 10 25     0.00227413
2013 10 26     0.00220709
2013 10 27     0.00545369
2013 10 28     0.06243264
2013 10 29     0.15573644
2013 10 30     0.10701315
2013 10 31     0.06462388
2013 11  1     0.03927981
2013 11  2     0.02268722
2013 11  3     0.01319345
2013 11  4     0.00771968
2013 11  5     0.00429746
2013 11  6     0.00218261
2013 11  7     0.00159181
2013 11  8     0.00149608
2013 11  9     0.00145177
2013 11 10     0.00140898
2013 11 11     0.00136745
2013 11 12     0.00132714
2013 11 13     0.00128802
2013 11 14     0.00125005
2013 11 15     0.00123860
2013 11 16     0.00121206
2013 11 17     0.00115875
2013 11 18     0.00244287
2013 11 19     0.13586746
2013 11 20     0.77110168
2013 11 21     0.73572104
2013 11 22     0.42538115
2013 11 23     0.23422834
2013 11 24     0.14032369
2013 11 25     0.08306560
2013 11 26     0.04912952
2013 11 27     0.02902104
2013 11 28     0.01674251
2013 11 29     0.00943932
2013 11 30     0.00531351
2013 12  1     0.00269759
2013 12  2     0.00355386
2013 12  3     0.01652390
2013 12  4     0.00929634
2013 12  5     0.01336309
2013 12  6     0.01855179
2013 12  7     0.03476028
2013 12  8     0.01932449
2013 12  9     0.01419236
2013 12 10     0.00836869
2013 12 11     0.00623288
2013 12 12     0.00815326
2013 12 13     0.00999093
2013 12 14     0.01332897
2013 12 15     0.01886447
2013 12 16     0.02332457
2013 12 17     0.02912020
2013 12 18     0.03116837
2013 12 19     0.03118530
2013 12 20     0.02886681
2013 12 21     0.02692356
2013 12 22     0.02460412
2013 12 23     0.02393793
2013 12 24     0.02091924
2013 12 25     0.01765778
2013 12 26     0.01263988
2013 12 27     0.00867609
2013 12 28     0.00559367
2013 12 29     0.00363904
2013 12 30     0.00224349
2013 12 31     0.00149998
2014  1  1     0.00212826
2014  1  2     0.00321279
2014  1  3     0.00360919
2014  1  4     0.00299057
2014  1  5     0.00162118
2014  1  6     0.00112728
2014  1  7     0.00111459
2014  1  8     0.00125239
2014  1  9     0.00092908
2014  1 10     0.00151081
2014  1 11     0.08229953
2014  1 12     0.08230700
2014  1 13     0.03780539
2014  1 14     0.03161205
2014  1 15     0.02491060
2014  1 16     0.01499741
2014  1 17     0.00782160
2014  1 18     0.00525686
2014  1 19     0.00348194
2014  1 20     0.00217750
2014  1 21     0.00167485
2014  1 22     0.00152616
2014  1 23     0.00132254
2014  1 24     0.00129480
2014  1 25     0.00144393
2014  1 26     0.00132288
2014  1 27     0.00119839
2014  1 28     0.00151722
2014  1 29     0.07172315
2014  1 30     0.41094160
2014  1 31     0.29491260
2014  2  1     0.15834721
2014  2  2     0.09876713
2014  2  3     0.06117746
2014  2  4     0.03842442
2014  2  5     0.03512870
2014  2  6     0.10372907
2014  2  7     0.41907455
2014  2  8     1.79578645
2014  2  9     6.04720343
2014  2 10     6.51559552
2014  2 11     3.20805453
2014  2 12     1.63905013
2014  2 13     1.46127964
2014  2 14     1.13473008
2014  2 15     0.93861076
2014  2 16     1.48729967
2014  2 17     1.07124393
2014  2 18     0.81265969
2014  2 19     0.85794800
2014  2 20     0.70460328
2014  2 21     0.65361190
2014  2 22     0.61077837
2014  2 23     0.56652972
2014  2 24     0.53385067
2014  2 25     0.50697752
2014  2 26     0.56921945
2014  2 27     3.15260598
2014  2 28     3.29486223
2014  3  1     4.39735809
2014  3  2     3.00173666
2014  3  3     2.93935647
2014  3  4     4.98094796
2014  3  5     3.38606359
2014  3  6     4.89678065
2014  3  7     3.68814441
2014  3  8     2.36113342
2014  3  9     2.11346830
2014  3 10     4.45114032
2014  3 11     3.44430265
2014  3 12     2.07714329
2014  3 13     1.86485182
2014  3 14     1.71879304
2014  3 15     1.60620396
2014  3 16     1.51556177
2014  3 17     1.44001938
2014  3 18     1.37430189
2014  3 19     1.31558665
2014  3 20     1.26317629
2014  3 21     1.21544857
2014  3 22     1.17158574
2014  3 23     1.13070727
2014  3 24     1.09225488
2014  3 25     1.07891907
2014  3 26     1.38451795
2014  3 27     2.55871511
2014  3 28     2.37806336
2014  3 29     6.69982766
2014  3 30     8.09564768
2014  3 31     4.54052170
2014  4  1     3.82813185
2014  4  2     2.99143515
2014  4  3     2.45205833
2014  4  4     2.32374095
2014  4  5     2.10334886
2014  4  6     2.06215251
2014  4  7     2.15691914
2014  4  8     2.07991879
2014  4  9     1.83693465
2014  4 10     1.65312815
2014  4 11     1.56543679
2014  4 12     1.50008324
2014  4 13     1.44010449
2014  4 14     1.38382291
2014  4 15     1.33254990
2014  4 16     1.28590458
2014  4 17     1.24192647
2014  4 18     1.24790590
2014  4 19     1.19894604
2014  4 20     1.12823240
2014  4 21     1.09339704
2014  4 22     1.11702923
2014  4 23     1.05733588
2014  4 24     1.04122126
2014  4 25     1.39469207
2014  4 26     1.59572253
2014  4 27     1.30678512
2014  4 28     1.16937439
2014  4 29     1.04987810
2014  4 30     0.98510517
2014  5  1     0.93811411
2014  5  2     0.89806288
2014  5  3     0.86219800
2014  5  4     0.82980252
2014  5  5     0.82152735
2014  5  6     0.80107998
2014  5  7     0.76170496
2014  5  8     0.74922187
2014  5  9     0.86538774
2014  5 10     0.79158166
2014  5 11     0.75306340
2014  5 12     0.70117559
2014  5 13     0.66343612
2014  5 14     0.63361300
2014  5 15     0.60853914
2014  5 16     0.58701400
2014  5 17     0.56823883
2014  5 18     0.55069198
2014  5 19     0.53445099
2014  5 20     0.55927408
2014  5 21     0.56982194
2014  5 22     0.56851246
2014  5 23     0.48913238
2014  5 24     0.47385691
2014  5 25     0.45527131
2014  5 26     0.43842401
2014  5 27     0.42468055
2014  5 28     0.41254077
2014  5 29     0.40086354
2014  5 30     0.38858064
2014  5 31     0.37737663
2014  6  1     0.36586844
2014  6  2     0.35442043
2014  6  3     0.34406675
2014  6  4     0.33346802
2014  6  5     0.32228192
2014  6  6     0.31139120
2014  6  7     0.30139974
2014  6  8     0.29145961
2014  6  9     0.28228685
2014  6 10     0.27355949
2014  6 11     0.26552838
2014  6 12     0.25877509
2014  6 13     0.25371948
2014  6 14     0.24803662
2014  6 15     0.24008237
2014  6 16     0.23257018
2014  6 17     0.22685371
2014  6 18     0.22130117
2014  6 19     0.21279080
2014  6 20     0.20441143
2014  6 21     0.19781838
2014  6 22     0.19166932
2014  6 23     0.18531814
2014  6 24     0.17904609
2014  6 25     0.17344098
2014  6 26     0.16929496
2014  6 27     0.16737326
2014  6 28     0.16227908
2014  6 29     0.15425175
2014  6 30     0.14678868
2014  7  1     0.13888383
2014  7  2     0.13491755
2014  7  3     0.13179840
2014  7  4     0.12777751
2014  7  5     0.12379384
2014  7  6     0.11992820
2014  7  7     0.11448346
2014  7  8     0.10940951
2014  7  9     0.10715097
2014  7 10     0.10404733
2014  7 11     0.10057297
2014  7 12     0.09771763
2014  7 13     0.09367787
2014  7 14     0.08999815
2014  7 15     0.08701450
2014  7 16     0.08456609
2014  7 17     0.08204829
2014  7 18     0.07990285
2014  7 19     0.07778701
2014  7 20     0.11172268
2014  7 21     0.10156666
2014  7 22     0.07640538
2014  7 23     0.07364509
2014  7 24     0.06777860
2014  7 25     0.06473942
2014  7 26     0.06258265
2014  7 27     0.06073384
2014  7 28     0.05912401
2014  7 29     0.05746737
2014  7 30     0.05556238
2014  7 31     0.06196825
2014  8  1     0.06438446
2014  8  2     0.05213628
2014  8  3     0.04925726
2014  8  4     0.05407138
2014  8  5     0.28239171
2014  8  6     0.37456276
2014  8  7     0.20249195
2014  8  8     0.09953091
2014  8  9     0.06958149
2014  8 10     0.05367008
2014  8 11     0.04556029
2014  8 12     0.04161790
2014  8 13     0.05156306
2014  8 14     0.05312761
2014  8 15     0.03440638
2014  8 16     0.03338434
2014  8 17     0.03240025
2014  8 18     0.03144517
2014  8 19     0.03051825
2014  8 20     0.02961865
2014  8 21     0.02874556
2014  8 22     0.02789821
2014  8 23     0.02707584
2014  8 24     0.02627772
2014  8 25     0.02550311
2014  8 26     0.02496838
2014  8 27     0.02430558
2014  8 28     0.02333241
2014  8 29     0.02262641
2014  8 30     0.02195944
2014  8 31     0.02131213
2014  9  1     0.02068390
2014  9  2     0.02007419
2014  9  3     0.01948245
2014  9  4     0.01890816
2014  9  5     0.01835079
2014  9  6     0.01780986
2014  9  7     0.01728487
2014  9  8     0.01677535
2014  9  9     0.01628086
2014  9 10     0.01580094
2014  9 11     0.01533516
2014  9 12     0.01488312
2014  9 13     0.01444440
2014  9 14     0.01401862
2014  9 15     0.01360539
2014  9 16     0.01320433
2014  9 17     0.01281510
2014  9 18     0.01440749
2014  9 19     0.01253315
2014  9 20     0.01173120
2014  9 21     0.01237331
2014  9 22     0.01227601
2014  9 23     0.01073957
2014  9 24     0.01474724
2014  9 25     0.12219432
2014  9 26     0.19522494
2014  9 27     0.14290288
2014  9 28     0.11402233
2014  9 29     0.08765393
2014  9 30     0.05039537
2014 10  1     0.02838732
2014 10  2     0.01806012
2014 10  3     0.01212733
2014 10  4     0.00895353
2014 10  5     0.00770490
2014 10  6     0.00727651
2014 10  7     0.00704424
2014 10  8     0.00683659
2014 10  9     0.00663507
2014 10 10     0.00643948
2014 10 11     0.00624966
2014 10 12     0.00606544
2014 10 13     0.00588664
2014 10 14     0.01170725
2014 10 15     0.22728767
2014 10 16     0.21796833
2014 10 17     0.12981596
2014 10 18     0.08050098
2014 10 19     0.04829861
2014 10 20     0.03904241
2014 10 21     0.10715353
2014 10 22     0.07232302
2014 10 23     0.05692923
2014 10 24     0.04636257
2014 10 25     0.09282761
2014 10 26     0.49202757
2014 10 27     0.35082614
2014 10 28     0.18703130
2014 10 29     0.11273489
2014 10 30     0.06761099
2014 10 31     0.10209785
2014 11  1     0.56034917
2014 11  2     0.53188196
2014 11  3     0.29973794
2014 11  4     0.19505767
2014 11  5     0.11926868
2014 11  6     0.07433155
2014 11  7     0.04853745
2014 11  8     0.03250792
2014 11  9     0.02235630
2014 11 10     0.01687226
2014 11 11     0.01380212
2014 11 12     0.05491680
2014 11 13     0.21318676
2014 11 14     0.19126734
2014 11 15     0.11392521
2014 11 16     0.07566137
2014 11 17     0.05106075
2014 11 18     0.03460017
2014 11 19     0.05022640
2014 11 20     0.18115135
2014 11 21     0.27608674
2014 11 22     0.63077278
2014 11 23     0.50030199
2014 11 24     0.29637855
2014 11 25     0.19467082
2014 11 26     0.12002077
2014 11 27     0.07825377
2014 11 28     0.06745207
2014 11 29     0.35778874
2014 11 30     0.71032843
2014 12  1     0.86106701
2014 12  2     0.66672312
2014 12  3     3.27479332
2014 12  4     5.40379143
2014 12  5     3.75041494
2014 12  6     4.22824694
2014 12  7     2.69985512
2014 12  8     1.57406989
2014 12  9     1.27021077
2014 12 10     1.17795274
2014 12 11     5.61386305
2014 12 12    12.44967851
2014 12 13     6.80745335
2014 12 14     3.12350325
2014 12 15     2.78904644
2014 12 16     4.96686726
2014 12 17     4.98819325
2014 12 18     3.64904417
2014 12 19     4.01891968
2014 12 20     4.91970851
2014 12 21     4.21809500
2014 12 22     3.00899974
2014 12 23     2.49360378
2014 12 24     2.32948884
2014 12 25     2.55801962
2014 12 26     2.14180883
2014 12 27     1.94571784
2014 12 28     1.83098825
2014 12 29     1.72764386
2014 12 30     1.65204377
2014 12 31     1.58165518
2015  1  1     1.50795510
2015  1  2     1.45138000
2015  1  3     1.39782237
2015  1  4     1.34945649
2015  1  5     1.30452030
2015  1  6     1.26221616
2015  1  7     1.22587854
2015  1  8     1.19447672
2015  1  9     1.16006885
2015  1 10     1.12401609
2015  1 11     1.08739857
2015  1 12     1.05630117
2015  1 13     1.02547980
2015  1 14     0.99324041
2015  1 15     0.96496724
2015  1 16     0.98575107
2015  1 17     1.01646941
2015  1 18     0.95645296
2015  1 19     0.91948931
2015  1 20     0.88910894
2015  1 21     0.85492156
2015  1 22     0.82086042
2015  1 23     0.79537244
2015  1 24     0.77264150
2015  1 25     0.75503767
2015  1 26     0.73850711
2015  1 27     0.71903515
2015  1 28     0.69706089
2015  1 29     0.67769282
2015  1 30     0.66230330
2015  1 31     0.64509992
2015  2  1     0.62721135
2015  2  2     0.63998652
2015  2  3     0.70255873
2015  2  4     0.65260974
2015  2  5     0.60401388
2015  2  6     1.32267406
2015  2  7     8.57694348
2015  2  8     5.84392533
2015  2  9     9.24359471
2015  2 10     6.78270839
2015  2 11     3.13247906
2015  2 12     2.52855142
2015  2 13     2.20451268
2015  2 14     1.97182083
2015  2 15     1.91085850
2015  2 16     1.82518273
2015  2 17     1.61893210
2015  2 18     1.52515992
2015  2 19     1.44968025
2015  2 20     1.38734422
2015  2 21     1.33056166
2015  2 22     1.27786139
2015  2 23     1.22934932
2015  2 24     1.18439483
2015  2 25     1.14307772
2015  2 26     1.10636485
2015  2 27     1.07469915
2015  2 28     1.25353482
2015  3  1     1.22134369
2015  3  2     1.04907712
2015  3  3     1.01166434
2015  3  4     0.95614159
2015  3  5     0.91851169
2015  3  6     0.88374915
2015  3  7     0.85428053
2015  3  8     0.82715686
2015  3  9     0.80151416
2015  3 10     0.77784874
2015  3 11     0.77402240
2015  3 12     0.79833190
2015  3 13     0.75591355
2015  3 14     0.72669516
2015  3 15     0.69726006
2015  3 16     0.67109263
2015  3 17     0.66952259
2015  3 18     0.63316258
2015  3 19     0.61241384
2015  3 20     0.59236365
2015  3 21     0.57297722
2015  3 22     0.60573341
2015  3 23     1.03147684
2015  3 24     0.88519697
2015  3 25     0.68813209
2015  3 26     0.60721549
2015  3 27     0.56730129
2015  3 28     0.53640491
2015  3 29     0.51109663
2015  3 30     0.49058260
2015  3 31     0.47446253
2015  4  1     0.45861361
2015  4  2     0.44397240
2015  4  3     0.43075809
2015  4  4     0.41536637
2015  4  5     0.44144903
2015  4  6     0.67440440
2015  4  7     0.87510379
2015  4  8     1.37452595
2015  4  9     0.92340682
2015  4 10     0.70987481
2015  4 11     0.61031517
2015  4 12     0.53870805
2015  4 13     0.48843297
2015  4 14     0.46638797
2015  4 15     0.43289650
2015  4 16     0.40891047
2015  4 17     0.39238303
2015  4 18     0.37794052
2015  4 19     0.36486570
2015  4 20     0.35274750
2015  4 21     0.34030286
2015  4 22     0.33344851
2015  4 23     0.34890922
2015  4 24     0.70326690
2015  4 25     1.65289115
2015  4 26     0.99230591
2015  4 27     0.63489589
2015  4 28     0.55127549
2015  4 29     0.47590739
2015  4 30     0.43124525
2015  5  1     0.39725728
2015  5  2     0.37214566
2015  5  3     0.35251170
2015  5  4     0.33652738
2015  5  5     0.32278746
2015  5  6     0.31153596
2015  5  7     0.30655304
2015  5  8     0.29484586
2015  5  9     0.28664648
2015  5 10     0.27472499
2015  5 11     0.26386622
2015  5 12     0.26063415
2015  5 13     0.25664400
2015  5 14     0.24873666
2015  5 15     0.24946983
2015  5 16     0.25378598
2015  5 17     0.24464610
2015  5 18     0.22300278
2015  5 19     0.22752498
2015  5 20     0.23604573
2015  5 21     0.28345082
2015  5 22     0.38627164
2015  5 23     0.59692334
2015  5 24     0.56832340
2015  5 25     0.44538519
2015  5 26     0.37066441
2015  5 27     0.32193802
2015  5 28     0.23932711
2015  5 29     0.21820095
2015  5 30     0.20326582
2015  5 31     0.19201582
2015  6  1     0.18299879
2015  6  2     0.17601467
2015  6  3     0.16910741
2015  6  4     0.20252021
2015  6  5     0.20721446
2015  6  6     0.18212458
2015  6  7     0.15685144
2015  6  8     0.14698729
2015  6  9     0.13798459
2015  6 10     0.15749118
2015  6 11     0.18439645
2015  6 12     0.17006187
2015  6 13     0.12705809
2015  6 14     0.12470182
2015  6 15     0.11919877
2015  6 16     0.11428059
2015  6 17     0.10941342
2015  6 18     0.10504334
2015  6 19     0.10171458
2015  6 20     0.09842714
2015  6 21     0.09460913
2015  6 22     0.09252172
2015  6 23     0.08938434
2015  6 24     0.08517733
2015  6 25     0.08072716
2015  6 26     0.07640462
2015  6 27     0.07267378
2015  6 28     0.07142863
2015  6 29     0.06983466
2015  6 30     0.06642083
2015  7  1     0.06205462
2015  7  2     0.05996160
2015  7  3     0.07012470
2015  7  4     0.07040150
2015  7  5     0.06212310
2015  7  6     0.06386722
2015  7  7     0.06344200
2015  7  8     0.10032484
2015  7  9     0.20559846
2015  7 10     0.17660064
2015  7 11     0.08778360
2015  7 12     0.05435835
2015  7 13     0.04907335
2015  7 14     0.04581689
2015  7 15     0.04282328
2015  7 16     0.04023972
2015  7 17     0.03830033
2015  7 18     0.03699795
2015  7 19     0.03593895
2015  7 20     0.03466289
2015  7 21     0.03714337
2015  7 22     0.05152724
2015  7 23     0.05399002
2015  7 24     0.03179768
2015  7 25     0.03082327
2015  7 26     0.02938922
2015  7 27     0.02827925
2015  7 28     0.02727698
2015  7 29     0.02642787
2015  7 30     0.02560901
2015  7 31     0.02480698
2015  8  1     0.02404130
2015  8  2     0.03636199
2015  8  3     0.03391900
2015  8  4     0.02284626
2015  8  5     0.02148137
2015  8  6     0.02079986
2015  8  7     0.02741095
2015  8  8     0.02650066
2015  8  9     0.02121363
2015  8 10     0.01836927
2015  8 11     0.01778775
2015  8 12     0.01728446
2015  8 13     0.01679249
2015  8 14     0.01627285
2015  8 15     0.01578406
2015  8 16     0.01533119
2015  8 17     0.01483621
2015  8 18     0.01437027
2015  8 19     0.01390634
2015  8 20     0.01348668
2015  8 21     0.01309525
2015  8 22     0.01272097
2015  8 23     0.01233643
2015  8 24     0.01196501
2015  8 25     0.01161226
2015  8 26     0.01126979
2015  8 27     0.01093753
2015  8 28     0.01061507
2015  8 29     0.01095285
2015  8 30     0.01033291
2015  8 31     0.00975028
2015  9  1     0.00945376
2015  9  2     0.00913992
2015  9  3     0.00887048
2015  9  4     0.00863364
2015  9  5     0.00844677
2015  9  6     0.00821360
2015  9  7     0.00793476
2015  9  8     0.00765586
2015  9  9     0.00741272
2015  9 10     0.00719421
2015  9 11     0.00698218
2015  9 12     0.00677637
2015  9 13     0.00657655
2015  9 14     0.00638269
2015  9 15     0.00620396
2015  9 16     0.00746069
2015  9 17     0.10003228
2015  9 18     0.07287772
2015  9 19     0.04628197
2015  9 20     0.02722677
2015  9 21     0.01412843
2015  9 22     0.00795624
2015  9 23     0.00586313
2015  9 24     0.00486961
2015  9 25     0.00459478
2015  9 26     0.00445729
2015  9 27     0.00432590
2015  9 28     0.00419838
2015  9 29     0.00407462
2015  9 30     0.00539206
2015 10  1     0.05466069
2015 10  2     0.12359672
2015 10  3     0.06713637
2015 10  4     0.06575086
2015 10  5     0.05440733
2015 10  6     0.02007987
2015 10  7     0.00918214
2015 10  8     0.00537956
2015 10  9     0.00359193
2015 10 10     0.00300015
2015 10 11     0.00284768
2015 10 12     0.00276160
2015 10 13     0.00268019
2015 10 14     0.00260119
2015 10 15     0.00252451
2015 10 16     0.00245009
2015 10 17     0.11445476
2015 10 18     0.11677837
2015 10 19     0.08262479
2015 10 20     0.04300793
2015 10 21     0.01987591
2015 10 22     0.01021862
2015 10 23     0.00521384
2015 10 24     0.00296502
2015 10 25     0.00207514
2015 10 26     0.00183405
2015 10 27     0.00266085
2015 10 28     0.01948978
2015 10 29     0.01638197
2015 10 30     0.01023961
2015 10 31     0.00396839
2015 11  1     0.01876136
2015 11  2     0.54928152
2015 11  3     0.51187855
2015 11  4     0.25563829
2015 11  5     0.12602350
2015 11  6     0.07262414
2015 11  7     0.04270018
2015 11  8     0.04431516
2015 11  9     0.32654206
2015 11 10     0.50932729
2015 11 11     0.31738964
2015 11 12     0.18624336
2015 11 13     0.11267275
2015 11 14     0.10271259
2015 11 15     0.27381125
2015 11 16     0.34640842
2015 11 17     0.23453264
2015 11 18     0.14893438
2015 11 19     0.09163413
2015 11 20     0.05555479
2015 11 21     0.03397554
2015 11 22     0.02041124
2015 11 23     0.01312020
2015 11 24     0.11720529
2015 11 25     0.16739610
2015 11 26     0.11939199
2015 11 27     0.07946118
2015 11 28     0.05152952
2015 11 29     0.03258786
2015 11 30     0.02096931
2015 12  1     0.01425644
2015 12  2     0.00969040
2015 12  3     0.12423693
2015 12  4     0.65080375
2015 12  5     0.49248851
2015 12  6     0.31050336
2015 12  7     0.40383719
2015 12  8     0.26817531
2015 12  9     0.24359922
2015 12 10     1.55878278
2015 12 11     1.98946075
2015 12 12     1.13655141
2015 12 13     1.18683087
2015 12 14     1.15984567
2015 12 15     0.69174913
2015 12 16     0.51107296
2015 12 17     0.39100858
2015 12 18     0.36532659
2015 12 19     2.48183082
2015 12 20     1.49893919
2015 12 21     1.94166723
2015 12 22     6.25202000
2015 12 23     3.86093562
2015 12 24     1.95838755
2015 12 25     1.45977592
2015 12 26     1.19799256
2015 12 27     1.02275002
2015 12 28     0.89573324
2015 12 29     0.80473164
2015 12 30     0.73775756
2015 12 31     0.68575527
2016  1  1     0.64392000
2016  1  2     0.60926960
2016  1  3     0.58003616
2016  1  4     0.77241760
2016  1  5     2.91523496
2016  1  6     2.70771894
2016  1  7     2.20465869
2016  1  8     1.50751107
2016  1  9     1.32962586
2016  1 10     1.12937377
2016  1 11     1.00330748
2016  1 12     1.03790326
2016  1 13     3.84250256
2016  1 14     3.06334874
2016  1 15     2.45702373
2016  1 16     2.51272056
2016  1 17     3.37944754
2016  1 18    11.83910407
2016  1 19     8.51600827
2016  1 20     6.78969757
2016  1 21     4.44795764
2016  1 22     5.61355477
2016  1 23     9.28835063
2016  1 24     6.58858503
2016  1 25     4.09340534
2016  1 26     3.34087087
2016  1 27     2.90948610
2016  1 28     2.92219955
2016  1 29     5.41381964
2016  1 30    10.42629001
2016  1 31     6.87188198
2016  2  1     3.82919539
2016  2  2     3.30043848
2016  2  3     2.96395177
2016  2  4     2.74564454
2016  2  5     2.54918783
2016  2  6     2.49720860
2016  2  7     2.48590985
2016  2  8     2.47048225
2016  2  9     2.47467884
2016  2 10     2.49394144
2016  2 11     2.42784729
2016  2 12     2.33601100
2016  2 13     2.23934551
2016  2 14     2.13873578
2016  2 15     2.07392369
2016  2 16     2.05412471
2016  2 17     2.61708874
2016  2 18     6.77235813
2016  2 19     5.78045627
2016  2 20     3.69671766
2016  2 21     3.05281494
2016  2 22     2.74902005
2016  2 23     2.49538245
2016  2 24     2.26577749
2016  2 25     2.16424614
2016  2 26     2.10442343
2016  2 27     2.02572566
2016  2 28     1.93105365
2016  2 29     1.85660311
2016  3  1     1.80224436
2016  3  2     1.75524773
2016  3  3     1.74667736
2016  3  4     1.95396729
2016  3  5     8.53817459
2016  3  6    19.01933587
2016  3  7    16.43816517
2016  3  8     7.77897867
2016  3  9     5.14910231
2016  3 10     7.76016304
2016  3 11    14.66636506
2016  3 12    12.91401889
2016  3 13    16.17307184
2016  3 14    18.38283000
2016  3 15    10.74339794
2016  3 16     6.50672928
2016  3 17     5.76048007
2016  3 18     5.30845717
2016  3 19     4.97423862
2016  3 20     5.08456608
2016  3 21     8.15536833
2016  3 22     9.50588983
2016  3 23     6.59300288
2016  3 24     4.82243443
2016  3 25     4.74834549
2016  3 26     4.50436895
2016  3 27     4.14653853
2016  3 28     3.92493495
2016  3 29     3.70258637
2016  3 30     3.48750042
2016  3 31     3.37683073
2016  4  1     3.31328512
2016  4  2     3.26402301
2016  4  3     3.15797630
2016  4  4     3.04257001
2016  4  5     2.93655293
2016  4  6     2.84708104
2016  4  7     2.78957072
2016  4  8     2.74285503
2016  4  9     2.69989071
2016  4 10     2.70904049
2016  4 11     2.75264717
2016  4 12     2.59318719
2016  4 13     2.44945813
2016  4 14     2.51027683
2016  4 15     2.35378598
2016  4 16     2.23752022
2016  4 17     2.16443166
2016  4 18     2.09721082
2016  4 19     2.03500163
2016  4 20     1.96614861
2016  4 21     1.91639950
2016  4 22     2.50823924
2016  4 23     4.78663163
2016  4 24     3.34071367
2016  4 25     2.40192887
2016  4 26     2.25450818
2016  4 27     2.06503784
2016  4 28     1.96603072
2016  4 29     1.85036569
2016  4 30     1.75883322
2016  5  1     1.69165213
2016  5  2     1.62519214
2016  5  3     1.57190744
2016  5  4     1.52199103
2016  5  5     1.49098632
2016  5  6     1.69462974
2016  5  7     2.10071320
2016  5  8     2.45174778
2016  5  9     1.96995827
2016  5 10     1.54232343
2016  5 11     1.46037013
2016  5 12     1.37780299
2016  5 13     1.31029478
2016  5 14     1.25514524
2016  5 15     1.21481203
2016  5 16     1.17660234
2016  5 17     1.13399853
2016  5 18     1.09291654
2016  5 19     1.06523795
2016  5 20     1.27996353
2016  5 21     1.48225151
2016  5 22     1.24386802
2016  5 23     1.09626533
2016  5 24     1.08112159
2016  5 25     1.12161231
2016  5 26     1.06026500
2016  5 27     0.98644703
2016  5 28     0.91260461
2016  5 29     0.86574552
2016  5 30     0.83287235
2016  5 31     0.80289466
2016  6  1     0.77560509
2016  6  2     0.75059433
2016  6  3     0.72728296
2016  6  4     0.70475989
2016  6  5     0.68382328
2016  6  6     0.68527355
2016  6  7     0.66031548
2016  6  8     0.62289259
2016  6  9     0.60186284
2016  6 10     0.58531839
2016  6 11     0.56960216
2016  6 12     0.55322112
2016  6 13     0.53614600
2016  6 14     0.52107752
2016  6 15     0.50851912
2016  6 16     0.49789445
2016  6 17     0.51531796
2016  6 18     0.75190070
2016  6 19     0.67834429
2016  6 20     0.53536651
2016  6 21     0.48160947
2016  6 22     0.44757653
2016  6 23     0.42407652
2016  6 24     0.40762560
2016  6 25     0.39314699
2016  6 26     0.37778993
2016  6 27     0.36311174
2016  6 28     0.34995584
2016  6 29     0.33814844
2016  6 30     0.32775980
2016  7  1     0.31785438
2016  7  2     0.30748013
2016  7  3     0.29859213
2016  7  4     0.29094095
2016  7  5     0.28372817
2016  7  6     0.27666654
2016  7  7     0.26942782
2016  7  8     0.26152043
2016  7  9     0.25438015
2016  7 10     0.25048793
2016  7 11     0.24613293
2016  7 12     0.23674149
2016  7 13     0.22681035
2016  7 14     0.21533209
2016  7 15     0.20483336
2016  7 16     0.19766188
2016  7 17     0.19367565
2016  7 18     0.19124216
2016  7 19     0.18855545
2016  7 20     0.18351760
2016  7 21     0.17553601
2016  7 22     0.16818593
2016  7 23     0.16139035
2016  7 24     0.15311235
2016  7 25     0.14605376
2016  7 26     0.14088962
2016  7 27     0.13532983
2016  7 28     0.12903021
2016  7 29     0.12284187
2016  7 30     0.11846739
2016  7 31     0.11666564
2016  8  1     0.11441354
2016  8  2     0.11132519
2016  8  3     0.10820401
2016  8  4     0.10429779
2016  8  5     0.10172483
2016  8  6     0.10114607
2016  8  7     0.09897876
2016  8  8     0.09620239
2016  8  9     0.09288223
2016  8 10     0.08947161
2016  8 11     0.08636601
2016  8 12     0.08154461
2016  8 13     0.07694449
2016  8 14     0.07309152
2016  8 15     0.07103904
2016  8 16     0.06883267
2016  8 17     0.06622420
2016  8 18     0.06454013
2016  8 19     0.06335508
2016  8 20     0.06100860
2016  8 21     0.05842019
2016  8 22     0.05872689
2016  8 23     0.05784871
2016  8 24     0.05402319
2016  8 25     0.05246846
2016  8 26     0.05076111
2016  8 27     0.04904496
2016  8 28     0.04766812
2016  8 29     0.04615769
2016  8 30     0.04466122
2016  8 31     0.04336712
2016  9  1     0.04238619
2016  9  2     0.04142009
2016  9  3     0.04065530
2016  9  4     0.04109162
2016  9  5     0.04206651
2016  9  6     0.03869943
2016  9  7     0.03562136
2016  9  8     0.03412537
2016  9  9     0.03309167
2016  9 10     0.03210658
2016  9 11     0.03115964
2016  9 12     0.03201105
2016  9 13     0.03200010
2016  9 14     0.03256082
2016  9 15     0.03105087
2016  9 16     0.02924185
2016  9 17     0.02817262
2016  9 18     0.02527639
2016  9 19     0.02451754
2016  9 20     0.02379386
2016  9 21     0.02313985
2016  9 22     0.03089295
2016  9 23     0.03141724
2016  9 24     0.02421486
2016  9 25     0.02092199
2016  9 26     0.01986018
2016  9 27     0.01927562
2016  9 28     0.01871554
2016  9 29     0.01817148
2016  9 30     0.01767087
2016 10  1     0.01751546
2016 10  2     0.04720651
2016 10  3     0.20527327
2016 10  4     0.24305786
2016 10  5     0.13476409
2016 10  6     0.08818462
2016 10  7     0.05646803
2016 10  8     0.03458644
2016 10  9     0.02288507
2016 10 10     0.01721358
2016 10 11     0.01446104
2016 10 12     0.11130643
2016 10 13     0.37054829
2016 10 14     0.87168083
2016 10 15     0.92446540
2016 10 16     0.99606828
2016 10 17     1.07718313
2016 10 18     0.72936547
2016 10 19     0.30129552
2016 10 20     0.18068065
2016 10 21     0.11269495
2016 10 22     0.07401647
2016 10 23     0.06431622
2016 10 24     0.34624557
2016 10 25     1.33916048
2016 10 26     1.14426058
2016 10 27     1.07720911
2016 10 28     1.43974767
2016 10 29     1.68804005
2016 10 30     1.64167386
2016 10 31     2.41469473
2016 11  1     2.35946613
2016 11  2     1.36088145
2016 11  3     0.83350395
2016 11  4     0.67415737
2016 11  5     0.56540651
2016 11  6     0.49684594
2016 11  7     0.44684588
2016 11  8     0.40679061
2016 11  9     0.37639781
2016 11 10     0.35348689
2016 11 11     0.33497329
2016 11 12     0.32316482
2016 11 13     0.31246088
2016 11 14     0.29609876
2016 11 15     0.31503645
2016 11 16     0.30587727
2016 11 17     0.30607431
2016 11 18     0.28823827
2016 11 19     1.24030247
2016 11 20     2.66896844
2016 11 21     1.91522443
2016 11 22     1.42618056
2016 11 23     1.73135391
2016 11 24     1.19343668
2016 11 25     0.87548476
2016 11 26     1.48750175
2016 11 27     2.34478912
2016 11 28     1.66416750
2016 11 29     1.11654476
2016 11 30     0.95367161
2016 12  1     0.83759671
2016 12  2     0.74873864
2016 12  3     0.68900144
2016 12  4     0.64766266
2016 12  5     0.61200589
2016 12  6     0.57996510
2016 12  7     0.66946424
2016 12  8     1.18017859
2016 12  9     3.53897021
2016 12 10     7.61496607
2016 12 11     5.44578150
2016 12 12     2.97407140
2016 12 13     2.54819905
2016 12 14     4.68046771
2016 12 15     9.97287937
2016 12 16    12.58241584
2016 12 17     6.99997767
2016 12 18     3.70221121
2016 12 19     3.11755951
2016 12 20     2.71017553
2016 12 21     2.44925656
2016 12 22     2.27325428
2016 12 23     2.68049310
2016 12 24     3.25950093
2016 12 25     2.40631168
2016 12 26     2.14219226
2016 12 27     1.97191385
2016 12 28     1.83563856
2016 12 29     1.73472296
2016 12 30     1.66555595
2016 12 31     1.60035515
2017  1  1     1.54944905
2017  1  2     1.58352988
2017  1  3     1.84703857
2017  1  4     6.71119093
2017  1  5     5.06410348
2017  1  6     3.14226983
2017  1  7     2.87329567
2017  1  8    12.54183176
2017  1  9    23.46004976
2017  1 10    24.55642657
2017  1 11    23.46345791
2017  1 12    14.77514114
2017  1 13     7.40093517
2017  1 14     5.87939456
2017  1 15     5.06844858
2017  1 16     4.49199158
2017  1 17     4.09105623
2017  1 18     6.39366197
2017  1 19    13.12533751
2017  1 20    12.63505805
2017  1 21     8.86042014
2017  1 22     8.00880783
2017  1 23     6.65910534
2017  1 24     5.22131518
2017  1 25     4.42890185
2017  1 26     4.02981687
2017  1 27     3.71471048
2017  1 28     3.48072256
2017  1 29     3.30480695
2017  1 30     3.18845815
2017  1 31     3.18676794
2017  2  1     3.58675173
2017  2  2     5.08703248
2017  2  3    11.08339916
2017  2  4    12.69048992
2017  2  5    10.62802373
2017  2  6    17.27551994
2017  2  7    27.60491058
2017  2  8    24.43029535
2017  2  9    26.51140367
2017  2 10    31.61000634
2017  2 11    22.10208362
2017  2 12    10.67977983
2017  2 13     8.72723304
2017  2 14     8.27301360
2017  2 15     8.15238231
2017  2 16    12.19707383
2017  2 17    14.73630115
2017  2 18    16.67979491
2017  2 19    15.11846492
2017  2 20    18.80810233
2017  2 21    25.71781609
2017  2 22    20.15699438
2017  2 23     9.74561824
2017  2 24     8.32592089
2017  2 25     7.40275086
2017  2 26     6.85201258
2017  2 27     6.36682991
2017  2 28     6.00628886
2017  3  1     5.69861284
2017  3  2     5.54733863
2017  3  3     5.82864289
2017  3  4     7.45929170
2017  3  5     9.95537121
2017  3  6     7.90051306
2017  3  7     5.59804946
2017  3  8     5.47144628
2017  3  9     6.05383188
2017  3 10     6.77323402
2017  3 11     6.99403244
2017  3 12     6.84676341
2017  3 13     6.90126863
2017  3 14     7.13167700
2017  3 15     7.05845218
2017  3 16     6.56134766
2017  3 17     6.15463668
2017  3 18     6.27264373
2017  3 19     6.12102117
2017  3 20     6.84122696
2017  3 21    12.33000083
2017  3 22    15.19112859
2017  3 23    10.76681061
2017  3 24     8.99408916
2017  3 25     9.32992207
2017  3 26     7.14044490
2017  3 27     7.45685188
2017  3 28     6.57861227
2017  3 29     5.69794575
2017  3 30     6.89893573
2017  3 31     6.24895445
2017  4  1     4.92365416
2017  4  2     5.33711658
2017  4  3     5.43122303
2017  4  4     5.01810974
2017  4  5     4.96363353
2017  4  6     7.79149559
2017  4  7    19.21500917
2017  4  8    20.36091795
2017  4  9    11.09193209
2017  4 10     6.84240428
2017  4 11     6.73626027
2017  4 12     7.62049464
2017  4 13    12.97918545
2017  4 14    11.09031469
2017  4 15     6.48126566
2017  4 16     6.93624060
2017  4 17     9.39408294
2017  4 18     9.19674242
2017  4 19     7.75155932
2017  4 20     7.09791401
2017  4 21     6.17481061
2017  4 22     5.51840158
2017  4 23     5.42512543
2017  4 24     5.57644658
2017  4 25     5.29297486
2017  4 26     5.08697081
2017  4 27     4.86489201
2017  4 28     4.56676034
2017  4 29     4.28348096
2017  4 30     4.20201442
2017  5  1     4.24388490
2017  5  2     4.23423607
2017  5  3     4.16385237
2017  5  4     4.08303691
2017  5  5     3.99111851
2017  5  6     3.77545222
2017  5  7     3.59105644
2017  5  8     3.46689215
2017  5  9     3.35833722
2017  5 10     3.28919692
2017  5 11     3.23926153
2017  5 12     3.12371318
2017  5 13     2.95277535
2017  5 14     2.80983445
2017  5 15     2.73646231
2017  5 16     2.75380325
2017  5 17     2.72722602
2017  5 18     2.59736572
2017  5 19     2.50843723
2017  5 20     2.44918235
2017  5 21     2.38271432
2017  5 22     2.29918408
2017  5 23     2.20318099
2017  5 24     2.11770269
2017  5 25     2.05161070
2017  5 26     2.00467052
2017  5 27     1.95119789
2017  5 28     1.88892742
2017  5 29     1.82463861
2017  5 30     1.77733582
2017  5 31     1.81150189
2017  6  1     1.74046020
2017  6  2     1.67276112
2017  6  3     1.59677013
2017  6  4     1.53338105
2017  6  5     1.48019216
2017  6  6     1.43010966
2017  6  7     1.38431206
2017  6  8     1.48876764
2017  6  9     1.44692826
2017  6 10     1.40934899
2017  6 11     1.39314973
2017  6 12     1.44322171
2017  6 13     1.36345322
2017  6 14     1.24207542
2017  6 15     1.15336461
2017  6 16     1.09569191
2017  6 17     1.04839428
2017  6 18     1.00608470
2017  6 19     0.96664750
2017  6 20     0.92635831
2017  6 21     0.89480388
2017  6 22     0.86998603
2017  6 23     0.84535840
2017  6 24     0.82096358
2017  6 25     0.78989608
2017  6 26     0.76125693
2017  6 27     0.74508349
2017  6 28     0.72889091
2017  6 29     0.70797919
2017  6 30     0.68479071
2017  7  1     0.66052432
2017  7  2     0.63946607
2017  7  3     0.61916736
2017  7  4     0.60129072
2017  7  5     0.58499928
2017  7  6     0.56703152
2017  7  7     0.54616542
2017  7  8     0.52529719
2017  7  9     0.50622413
2017  7 10     0.49257480
2017  7 11     0.48158913
2017  7 12     0.47029865
2017  7 13     0.45676744
2017  7 14     0.44261007
2017  7 15     0.42695177
2017  7 16     0.41158372
2017  7 17     0.39713374
2017  7 18     0.38942028
2017  7 19     0.38486901
2017  7 20     0.37486160
2017  7 21     0.36245258
2017  7 22     0.34915741
2017  7 23     0.32944020
2017  7 24     0.31332005
2017  7 25     0.30925252
2017  7 26     0.30504964
2017  7 27     0.29569413
2017  7 28     0.28481088
2017  7 29     0.27077934
2017  7 30     0.25989624
2017  7 31     0.24933770
2017  8  1     0.23679644
2017  8  2     0.22469467
2017  8  3     0.22331279
2017  8  4     0.21953065
2017  8  5     0.21002111
2017  8  6     0.20919292
2017  8  7     0.20876251
2017  8  8     0.20352518
2017  8  9     0.19264841
2017  8 10     0.18614702
2017  8 11     0.18071830
2017  8 12     0.17428130
2017  8 13     0.16864810
2017  8 14     0.16442476
2017  8 15     0.16267709
2017  8 16     0.15854042
2017  8 17     0.15027521
2017  8 18     0.13970056
2017  8 19     0.13287746
2017  8 20     0.12870759
2017  8 21     0.12540672
2017  8 22     0.12729894
2017  8 23     0.13589013
2017  8 24     0.12403276
2017  8 25     0.11308319
2017  8 26     0.10874521
2017  8 27     0.10379954
2017  8 28     0.10008428
2017  8 29     0.09707991
2017  8 30     0.09427144
2017  8 31     0.09163853
2017  9  1     0.08905460
2017  9  2     0.08632621
2017  9  3     0.08360676
2017  9  4     0.08172913
2017  9  5     0.14538609
2017  9  6     0.11196237
2017  9  7     0.10204972
2017  9  8     0.08298128
2017  9  9     0.07549561
2017  9 10     0.07091509
2017  9 11     0.07595577
2017  9 12     0.10188553
2017  9 13     0.09326382
2017  9 14     0.09784100
2017  9 15     0.10238384
2017  9 16     0.06606230
2017  9 17     0.06276774
2017  9 18     0.05998105
2017  9 19     0.06317685
2017  9 20     0.06838814
2017  9 21     0.09409182
2017  9 22     0.12247695
2017  9 23     0.09776812
2017  9 24     0.08067751
2017  9 25     0.06777334
2017  9 26     0.05585366
2017  9 27     0.04862461
2017  9 28     0.04355006
2017  9 29     0.04089213
2017  9 30     0.04166957
2017 10  1     0.04177381
2017 10  2     0.04533534
2017 10  3     0.04846757
2017 10  4     0.04954991
2017 10  5     0.04558995
2017 10  6     0.03916802
2017 10  7     0.03334117
2017 10  8     0.03095302
2017 10  9     0.03600708
2017 10 10     0.03693994
2017 10 11     0.03444459
2017 10 12     0.03748559
2017 10 13     0.03818983
2017 10 14     0.03528270
2017 10 15     0.03296637
2017 10 16     0.02804819
2017 10 17     0.02417165
2017 10 18     0.02301589
2017 10 19     0.10824623
2017 10 20     0.38758195
2017 10 21     0.30790921
2017 10 22     0.16290245
2017 10 23     0.09941196
2017 10 24     0.05793659
2017 10 25     0.03693419
2017 10 26     0.02612357
2017 10 27     0.01993720
2017 10 28     0.01715327
2017 10 29     0.01632395
2017 10 30     0.01578902
2017 10 31     0.01693365
2017 11  1     0.01830163
2017 11  2     0.02957037
2017 11  3     0.42016004
2017 11  4     1.13358598
2017 11  5     0.77356043
2017 11  6     0.74951838
2017 11  7     0.49894683
2017 11  8     0.65026742
2017 11  9     1.32070220
2017 11 10     0.96394061
2017 11 11     0.51009654
2017 11 12     0.33065610
2017 11 13     0.34606209
2017 11 14     0.41949964
2017 11 15     1.72881173
2017 11 16     4.68935307
2017 11 17     3.20041868
2017 11 18     1.38421268
2017 11 19     0.83247904
2017 11 20     1.23933240
2017 11 21     1.73941881
2017 11 22     1.09191759
2017 11 23     0.73225822
2017 11 24     0.62880649
2017 11 25     0.54917107
2017 11 26     2.26064409
2017 11 27     3.53187064
2017 11 28     1.94246564
2017 11 29     1.07580048
2017 11 30     0.92578271
2017 12  1     0.80812423
2017 12  2     0.77543238
2017 12  3     1.36188156
2017 12  4     1.03873722
2017 12  5     0.72147533
2017 12  6     0.67947550
2017 12  7     0.63253561
2017 12  8     0.59616312
2017 12  9     0.56638150
2017 12 10     0.54080693
2017 12 11     0.51835438
2017 12 12     0.49871810
2017 12 13     0.48077269
2017 12 14     0.46415876
2017 12 15     0.44855261
2017 12 16     0.43423047
2017 12 17     0.42175560
2017 12 18     0.49199888
2017 12 19     0.44905234
2017 12 20     0.71035430
2017 12 21     0.56069466
2017 12 22     0.46504947
2017 12 23     0.48575355
2017 12 24     0.42866750
2017 12 25     0.37665437
2017 12 26     0.35931316
2017 12 27     0.34386578
2017 12 28     0.33080159
2017 12 29     0.31964628
2017 12 30     0.31007312
2017 12 31     0.30090150
2018  1  1     0.29145637
2018  1  2     0.28183649
2018  1  3     0.31066019
2018  1  4     0.44586225
2018  1  5     0.79914054
2018  1  6     2.13795102
2018  1  7     1.34833117
2018  1  8     2.25975587
2018  1  9     5.38972388
2018  1 10     3.60821770
2018  1 11     1.95335552
2018  1 12     1.44697837
2018  1 13     1.22391532
2018  1 14     1.06909255
2018  1 15     0.97637556
2018  1 16     1.12937264
2018  1 17     1.12501442
2018  1 18     1.36893221
2018  1 19     3.70033435
2018  1 20     2.52703864
2018  1 21     1.43042866
2018  1 22     1.63628741
2018  1 23     1.33227250
2018  1 24     1.73537890
2018  1 25     3.17718370
2018  1 26     2.40842678
2018  1 27     1.41684111
2018  1 28     1.29041120
2018  1 29     1.32390349
2018  1 30     1.33732503
2018  1 31     1.27698287
2018  2  1     1.21270202
2018  2  2     1.20047124
2018  2  3     1.22164825
2018  2  4     1.21462584
2018  2  5     1.19996387
2018  2  6     1.12591300
2018  2  7     1.04271465
2018  2  8     1.00481141
2018  2  9     0.93259766
2018  2 10     0.86517944
2018  2 11     0.81885412
2018  2 12     0.78671980
2018  2 13     0.75803062
2018  2 14     0.72936747
2018  2 15     0.70384044
2018  2 16     0.68024028
2018  2 17     0.66271644
2018  2 18     0.64160148
2018  2 19     0.62579591
2018  2 20     0.60334940
2018  2 21     0.58571580
2018  2 22     0.57680691
2018  2 23     0.55362897
2018  2 24     0.54315484
2018  2 25     0.54214414
2018  2 26     0.69020693
2018  2 27     0.62850178
2018  2 28     0.74550028
2018  3  1     1.75512474
2018  3  2     1.47994723
2018  3  3     1.14220568
2018  3  4     0.99601315
2018  3  5     0.80745965
2018  3  6     0.75511860
2018  3  7     1.16847376
2018  3  8     2.54454775
2018  3  9     1.94232869
2018  3 10     1.57921067
2018  3 11     1.66032235
2018  3 12     2.25589526
2018  3 13     4.89911777
2018  3 14     8.03696460
2018  3 15     4.96982811
2018  3 16     2.69650217
2018  3 17     2.45008987
2018  3 18     2.08228232
2018  3 19     1.83739016
2018  3 20     2.66615968
2018  3 21     8.87634620
2018  3 22    17.95380606
2018  3 23    14.37002282
2018  3 24     7.36172304
2018  3 25     4.54512644
2018  3 26     3.70103585
2018  3 27     3.32261624
2018  3 28     3.55173989
2018  3 29     3.96159854
2018  3 30     4.01288036
2018  3 31     3.73899066
2018  4  1     3.37307929
2018  4  2     3.03272208
2018  4  3     2.75744470
2018  4  4     2.58751807
2018  4  5     2.73098168
2018  4  6     6.51097379
2018  4  7    11.35746284
2018  4  8     7.52720062
2018  4  9     4.60478103
2018  4 10     3.83083187
2018  4 11     3.42080907
2018  4 12     4.27074557
2018  4 13     3.58278644
2018  4 14     2.94458474
2018  4 15     3.70864225
2018  4 16     5.05785438
2018  4 17     4.36311190
2018  4 18     2.98982174
2018  4 19     2.80148103
2018  4 20     2.66737578
2018  4 21     2.48742740
2018  4 22     2.34246062
2018  4 23     2.23454032
2018  4 24     2.14480369
2018  4 25     2.06388442
2018  4 26     1.99025185
2018  4 27     1.92473123
2018  4 28     1.86886571
2018  4 29     1.86619826
2018  4 30     1.87617940
2018  5  1     1.77910014
2018  5  2     1.68594824
2018  5  3     1.61584209
2018  5  4     1.56217584
2018  5  5     1.51294027
2018  5  6     1.46213587
2018  5  7     1.41446524
2018  5  8     1.37000472
2018  5  9     1.32706532
2018  5 10     1.28893347
2018  5 11     1.25221075
2018  5 12     1.21742494
2018  5 13     1.18185506
2018  5 14     1.15147508
2018  5 15     1.12558859
2018  5 16     1.17949061
2018  5 17     1.22932416
2018  5 18     1.16948565
2018  5 19     1.05539235
2018  5 20     0.99270984
2018  5 21     0.95966255
2018  5 22     0.93700994
2018  5 23     0.97317068
2018  5 24     0.93553801
2018  5 25     1.52160352
2018  5 26     2.16660341
2018  5 27     1.41443966
2018  5 28     1.00965563
2018  5 29     0.93914116
2018  5 30     0.87565205
2018  5 31     0.82853837
2018  6  1     0.79329588
2018  6  2     0.76088988
2018  6  3     0.72942247
2018  6  4     0.70136676
2018  6  5     0.67775619
2018  6  6     0.65632159
2018  6  7     0.63609085
2018  6  8     0.61675868
2018  6  9     0.59801864
2018  6 10     0.58370798
2018  6 11     0.56779765
2018  6 12     0.54721291
2018  6 13     0.52635409
2018  6 14     0.50918382
2018  6 15     0.49463011
2018  6 16     0.48297845
2018  6 17     0.50272454
2018  6 18     0.54432581
2018  6 19     0.50249872
2018  6 20     0.43578456
2018  6 21     0.42077879
2018  6 22     0.40712255
2018  6 23     0.39313826
2018  6 24     0.37987220
2018  6 25     0.36698398
2018  6 26     0.35659319
2018  6 27     0.34623891
2018  6 28     0.33680216
2018  6 29     0.32930179
2018  6 30     0.31948153
2018  7  1     0.30652436
2018  7  2     0.29245750
2018  7  3     0.28327070
2018  7  4     0.27898477
2018  7  5     0.27349692
2018  7  6     0.26520870
2018  7  7     0.25610087
2018  7  8     0.24442354
2018  7  9     0.23399595
2018  7 10     0.22618057
2018  7 11     0.21883368
2018  7 12     0.21001616
2018  7 13     0.20079368
2018  7 14     0.19555493
2018  7 15     0.18751058
2018  7 16     0.18041821
2018  7 17     0.17463670
2018  7 18     0.16825418
2018  7 19     0.16184810
2018  7 20     0.15639669
2018  7 21     0.15258709
2018  7 22     0.14886279
2018  7 23     0.14769869
2018  7 24     0.14946454
2018  7 25     0.14099239
2018  7 26     0.12710072
2018  7 27     0.12205718
2018  7 28     0.11866085
2018  7 29     0.11529688
2018  7 30     0.11173367
2018  7 31     0.10795544
2018  8  1     0.10446538
2018  8  2     0.10142226
2018  8  3     0.09896489
2018  8  4     0.09657791
2018  8  5     0.09521406
2018  8  6     0.09294676
2018  8  7     0.08849834
2018  8  8     0.08481293
2018  8  9     0.08208503
2018  8 10     0.07961877
2018  8 11     0.07723430
2018  8 12     0.07496702
2018  8 13     0.07279612
2018  8 14     0.07066909
2018  8 15     0.06858664
2018  8 16     0.06656459
2018  8 17     0.06458544
2018  8 18     0.06268306
2018  8 19     0.06082869
2018  8 20     0.05902532
2018  8 21     0.05729134
2018  8 22     0.05567491
2018  8 23     0.05406481
2018  8 24     0.05248510
2018  8 25     0.05097387
2018  8 26     0.04948694
2018  8 27     0.04802411
2018  8 28     0.04661194
2018  8 29     0.04522104
2018  8 30     0.04388356
2018  8 31     0.04261714
2018  9  1     0.04137114
2018  9  2     0.04009444
2018  9  3     0.03881094
2018  9  4     0.03760494
2018  9  5     0.03646169
2018  9  6     0.03538795
2018  9  7     0.03436080
2018  9  8     0.03334967
2018  9  9     0.03237866
2018  9 10     0.03144197
2018  9 11     0.03053001
2018  9 12     0.02967889
2018  9 13     0.02923114
2018  9 14     0.02851602
2018  9 15     0.02740842
2018  9 16     0.02655100
2018  9 17     0.02572942
2018  9 18     0.02490124
2018  9 19     0.02416067
2018  9 20     0.02344808
2018  9 21     0.02272556
2018  9 22     0.02200516
2018  9 23     0.02129507
2018  9 24     0.02068473
2018  9 25     0.02011343
2018  9 26     0.01953413
2018  9 27     0.01891755
2018  9 28     0.01830437
2018  9 29     0.01774259
2018  9 30     0.01730504
2018 10  1     0.01687068
2018 10  2     0.01645307
2018 10  3     0.11183750
2018 10  4     0.23845438
2018 10  5     0.20348137
2018 10  6     0.11933445
2018 10  7     0.06724019
2018 10  8     0.04052673
2018 10  9     0.02490837
2018 10 10     0.01780692
2018 10 11     0.01419978
2018 10 12     0.01251550
2018 10 13     0.01191288
2018 10 14     0.01149711
2018 10 15     0.01170110
2018 10 16     0.01112684
2018 10 17     0.01058067
2018 10 18     0.01022004
2018 10 19     0.00988164
2018 10 20     0.00956323
2018 10 21     0.00926665
2018 10 22     0.00899254
2018 10 23     0.00874957
2018 10 24     0.00851664
2018 10 25     0.00827337
2018 10 26     0.00800176
2018 10 27     0.00773953
2018 10 28     0.00746287
2018 10 29     0.00726139
2018 10 30     0.00714369
2018 10 31     0.00704803
2018 11  1     0.00680669
2018 11  2     0.00653585
2018 11  3     0.00629110
2018 11  4     0.00610938
2018 11  5     0.00594124
2018 11  6     0.00576645
2018 11  7     0.00563855
2018 11  8     0.00628472
2018 11  9     0.00654271
2018 11 10     0.01169116
2018 11 11     0.01610126
2018 11 12     0.00747626
2018 11 13     0.00544824
2018 11 14     0.00506335
2018 11 15     0.00483778
2018 11 16     0.00468492
2018 11 17     0.00441820
2018 11 18     0.00427837
2018 11 19     0.00403590
2018 11 20     0.00386005
2018 11 21     0.23354438
2018 11 22     1.06225614
2018 11 23     1.62005893
2018 11 24     1.21571396
2018 11 25     0.70332333
2018 11 26     0.43594896
2018 11 27     0.34877005
2018 11 28     0.66639394
2018 11 29     1.16885908
2018 11 30     1.06238349
2018 12  1     0.83678962
2018 12  2     0.50850794
2018 12  3     0.30248427
2018 12  4     0.19401434
2018 12  5     0.25197348
2018 12  6     0.15713674
2018 12  7     0.10155239
2018 12  8     0.07131666
2018 12  9     0.05044455
2018 12 10     0.03893749
2018 12 11     0.03084752
2018 12 12     0.02529357
2018 12 13     0.02181524
2018 12 14     0.09499062
2018 12 15     0.62479643
2018 12 16     0.82622488
2018 12 17     2.24339438
2018 12 18     1.26404351
2018 12 19     0.61482588
2018 12 20     0.54658358
2018 12 21     0.96093124
2018 12 22     0.70061312
2018 12 23     0.50383298
2018 12 24     1.41267642
2018 12 25     1.98290110
2018 12 26     1.14408444
2018 12 27     0.80024746
2018 12 28     0.62336205
2018 12 29     0.46539616
2018 12 30     0.41160506
2018 12 31     0.38650372
